# thinned to dt=0.05 from the every-step stream; the last 1 time units are kept whole (the death window)
#       time         integral Re         integral Im         integral Re         integral Im         integral Re         integral Im         integral Re         integral Im
#       r =            14.000000           14.000000           20.000000           20.000000           26.000000           26.000000           30.000000           30.000000
   0.0100000   -1.5905882384e-03   -5.0743510782e-04   -2.1734852281e-04   -1.1170965547e-04   -4.6139882823e-05   -3.4325043919e-05   -2.0051179188e-05   -1.7768746691e-05
   0.0600000   -1.5881531939e-03   -5.0928438321e-04   -2.1713622379e-04   -1.1217473557e-04   -4.6105850896e-05   -3.4384859601e-05   -2.0043936359e-05   -1.7856438760e-05
   0.1100000   -1.5856229732e-03   -5.1133048958e-04   -2.1691492063e-04   -1.1254380594e-04   -4.6069747645e-05   -3.4501604938e-05   -2.0030609951e-05   -1.7971133215e-05
   0.1600000   -1.5829467866e-03   -5.1335941003e-04   -2.1666974870e-04   -1.1284510110e-04   -4.6033102621e-05   -3.4667738658e-05   -2.0010694673e-05   -1.8111457301e-05
   0.2100000   -1.5801133043e-03   -5.1521770187e-04   -2.1642399216e-04   -1.1314553114e-04   -4.5997703883e-05   -3.4870810086e-05   -1.9983089322e-05   -1.8281674197e-05
   0.2600000   -1.5771669112e-03   -5.1686565626e-04   -2.1622184109e-04   -1.1349758065e-04   -4.5965107293e-05   -3.5095223139e-05   -1.9947006876e-05   -1.8488095480e-05
   0.3100000   -1.5741806719e-03   -5.1836748694e-04   -2.1607445215e-04   -1.1390412385e-04   -4.5936133216e-05   -3.5324241665e-05   -1.9902558948e-05   -1.8736106032e-05
   0.3600000   -1.5712238186e-03   -5.1983622901e-04   -2.1593002136e-04   -1.1431898122e-04   -4.5910571569e-05   -3.5541980423e-05   -1.9850955160e-05   -1.9027997838e-05
   0.4100000   -1.5683367436e-03   -5.2136893230e-04   -2.1570979268e-04   -1.1467978539e-04   -4.5887179432e-05   -3.5735146885e-05   -1.9794304076e-05   -1.9361684244e-05
   0.4600000   -1.5655074150e-03   -5.2300519017e-04   -2.1538234896e-04   -1.1495191518e-04   -4.5863977963e-05   -3.5894346399e-05   -1.9735143676e-05   -1.9730261907e-05
   0.5100000   -1.5626615201e-03   -5.2472366859e-04   -2.1500226169e-04   -1.1515698254e-04   -4.5838770137e-05   -3.6014830795e-05   -1.9675892959e-05   -2.0122305922e-05
   0.5600000   -1.5596959986e-03   -5.2646914978e-04   -2.1466912615e-04   -1.1536894425e-04   -4.5809733417e-05   -3.6096646023e-05   -1.9618404046e-05   -2.0522728934e-05
   0.6100000   -1.5565536856e-03   -5.2818873905e-04   -2.1444212059e-04   -1.1567964646e-04   -4.5775911200e-05   -3.6144209211e-05   -1.9563728615e-05   -2.0914007202e-05
   0.6600000   -1.5532790627e-03   -5.2985605158e-04   -2.1429187749e-04   -1.1615270316e-04   -4.5737448372e-05   -3.6165410264e-05   -1.9512125865e-05   -2.1277575598e-05
   0.7100000   -1.5499901405e-03   -5.3147382406e-04   -2.1413501521e-04   -1.1679038388e-04   -4.5695487968e-05   -3.6170380752e-05   -1.9463263035e-05   -2.1595214928e-05
   0.7600000   -1.5467775775e-03   -5.3305998813e-04   -2.1391357263e-04   -1.1753003510e-04   -4.5651750381e-05   -3.6170100333e-05   -1.9416515085e-05   -2.1850290989e-05
   0.8100000   -1.5436236195e-03   -5.3463067259e-04   -2.1363892307e-04   -1.1827033406e-04   -4.5607924337e-05   -3.6175016813e-05   -1.9371262611e-05   -2.2028748677e-05
   0.8600000   -1.5404227153e-03   -5.3619170182e-04   -2.1336149719e-04   -1.1891313197e-04   -4.5565071371e-05   -3.6193840721e-05   -1.9327110006e-05   -2.2119808721e-05
   0.9100000   -1.5370851368e-03   -5.3774114213e-04   -2.1310651359e-04   -1.1940080499e-04   -4.5523257362e-05   -3.6232643951e-05   -1.9283984745e-05   -2.2116354028e-05
   0.9600000   -1.5336213718e-03   -5.3927698835e-04   -2.1284702435e-04   -1.1973305083e-04   -4.5481560411e-05   -3.6294346915e-05   -1.9242118769e-05   -2.2015024256e-05
   1.0100000   -1.5301271207e-03   -5.4080206861e-04   -2.1254028180e-04   -1.1995765455e-04   -4.5438482018e-05   -3.6378627379e-05   -1.9201943123e-05   -2.1816059245e-05
   1.0600000   -1.5266889096e-03   -5.4232263130e-04   -2.1218493844e-04   -1.2014183352e-04   -4.5392643098e-05   -3.6482231110e-05   -1.9163941595e-05   -2.1522945150e-05
   1.1100000   -1.5233037314e-03   -5.4384304774e-04   -2.1183581062e-04   -1.2033919395e-04   -4.5343528233e-05   -3.6599617449e-05   -1.9128509002e-05   -2.1141921761e-05
   1.1600000   -1.5198860858e-03   -5.4536173561e-04   -2.1155658298e-04   -1.2056844603e-04   -4.5291995402e-05   -3.6723835450e-05   -1.9095847733e-05   -2.0681408536e-05
   1.2100000   -1.5163513877e-03   -5.4687145988e-04   -2.1135419141e-04   -1.2081355024e-04   -4.5240320541e-05   -3.6847503940e-05   -1.9065920000e-05   -2.0151400339e-05
   1.2600000   -1.5126969022e-03   -5.4836303270e-04   -2.1116156599e-04   -1.2104409059e-04   -4.5191687098e-05   -3.6963763496e-05   -1.9038456083e-05   -1.9562876181e-05
   1.3100000   -1.5090059894e-03   -5.4982876241e-04   -2.1089306751e-04   -1.2124423927e-04   -4.5149220948e-05   -3.7067080183e-05   -1.9013006714e-05   -1.8927253401e-05
   1.3600000   -1.5053705511e-03   -5.5126283443e-04   -2.1052441314e-04   -1.2143346714e-04   -4.5114848714e-05   -3.7153807782e-05   -1.8989020276e-05   -1.8255910518e-05
   1.4100000   -1.5018010409e-03   -5.5265914871e-04   -2.1011857408e-04   -1.2166562085e-04   -4.5088357024e-05   -3.7222453499e-05   -1.8965924951e-05   -1.7559792451e-05
   1.4600000   -1.4982081036e-03   -5.5400990817e-04   -2.0976976682e-04   -1.2200475790e-04   -4.5067010992e-05   -3.7273635519e-05   -1.8943199301e-05   -1.6849103769e-05
   1.5100000   -1.4944773181e-03   -5.5530792071e-04   -2.0952050209e-04   -1.2248999724e-04   -4.5045943875e-05   -3.7309763773e-05   -1.8920420708e-05   -1.6133089218e-05
   1.5600000   -1.4905716521e-03   -5.5655233975e-04   -2.0933085221e-04   -1.2310859931e-04   -4.5019294495e-05   -3.7334511256e-05   -1.8897288113e-05   -1.5419895736e-05
   1.6100000   -1.4865672456e-03   -5.5775413957e-04   -2.0912027713e-04   -1.2379204405e-04   -4.4981817614e-05   -3.7352167652e-05   -1.8873620849e-05   -1.4716506492e-05
   1.6600000   -1.4825883807e-03   -5.5893679142e-04   -2.0883256363e-04   -1.2443770924e-04   -4.4930506066e-05   -3.7366976772e-05   -1.8849339827e-05   -1.4028735857e-05
   1.7100000   -1.4787008192e-03   -5.6013009126e-04   -2.0846736014e-04   -1.2494657559e-04   -4.4865713228e-05   -3.7382553890e-05   -1.8824438855e-05   -1.3361272663e-05
   1.7600000   -1.4748592865e-03   -5.6135927642e-04   -2.0806616535e-04   -1.2526065886e-04   -4.4791376030e-05   -3.7401460363e-05   -1.8798953950e-05   -1.2717759658e-05
   1.8100000   -1.4709520657e-03   -5.6263488471e-04   -2.0767652823e-04   -1.2538426076e-04   -4.4714189184e-05   -3.7424983596e-05   -1.8772937124e-05   -1.2100897373e-05
   1.8600000   -1.4668977238e-03   -5.6394915801e-04   -2.0732180801e-04   -1.2538013334e-04   -4.4641898615e-05   -3.7453137105e-05   -1.8746438401e-05   -1.1512562062e-05
   1.9100000   -1.4627080401e-03   -5.6528163267e-04   -2.0699328965e-04   -1.2534267883e-04   -4.4581166813e-05   -3.7484861417e-05   -1.8719497580e-05   -1.0953928950e-05
   1.9600000   -1.4584679336e-03   -5.6661143246e-04   -2.0666723361e-04   -1.2536025111e-04   -4.4535622742e-05   -3.7518379251e-05   -1.8692144699e-05   -1.0425593706e-05
   2.0100000   -1.4542571017e-03   -5.6792979273e-04   -2.0633019498e-04   -1.2548248968e-04   -4.4504687046e-05   -3.7551638652e-05   -1.8664406949e-05   -9.9276864901e-06
   2.0600000   -1.4500835225e-03   -5.6924611046e-04   -2.0598790675e-04   -1.2570524001e-04   -4.4483558424e-05   -3.7582769973e-05   -1.8636318385e-05   -9.4599749818e-06
   2.1100000   -1.4458824510e-03   -5.7058437256e-04   -2.0565250468e-04   -1.2597767940e-04   -4.4464416654e-05   -3.7610485802e-05   -1.8607928959e-05   -9.0219543795e-06
   2.1600000   -1.4415760981e-03   -5.7197163442e-04   -2.0532768730e-04   -1.2622731957e-04   -4.4438538339e-05   -3.7634365895e-05   -1.8579310581e-05   -8.6129223730e-06
   2.2100000   -1.4371402314e-03   -5.7342350544e-04   -2.0500725589e-04   -1.2639157848e-04   -4.4398741571e-05   -3.7654989070e-05   -1.8550557958e-05   -8.2320398003e-06
   2.2600000   -1.4326233215e-03   -5.7493235097e-04   -2.0468020902e-04   -1.2644241720e-04   -4.4341460673e-05   -3.7673898693e-05   -1.8521784143e-05   -7.8783772768e-06
   2.3100000   -1.4281063094e-03   -5.7646273093e-04   -2.0433314531e-04   -1.2639460303e-04   -4.4267839163e-05   -3.7693412098e-05   -1.8493111283e-05   -7.5509491265e-06
   2.3600000   -1.4236368891e-03   -5.7795626113e-04   -2.0395620022e-04   -1.2629643307e-04   -4.4183498564e-05   -3.7716306739e-05   -1.8464658207e-05   -7.2487362429e-06
   2.4100000   -1.4191877880e-03   -5.7934509305e-04   -2.0355614931e-04   -1.2620943197e-04   -4.4097015910e-05   -3.7745431543e-05   -1.8436527140e-05   -6.9706997210e-06
   2.4600000   -1.4146710609e-03   -5.8057033026e-04   -2.0315981904e-04   -1.2618681342e-04   -4.4017521451e-05   -3.7783301032e-05   -1.8408791513e-05   -6.7157872605e-06
   2.5100000   -1.4100039379e-03   -5.8160000771e-04   -2.0279314768e-04   -1.2625891178e-04   -4.3952096025e-05   -3.7831730569e-05   -1.8381486907e-05   -6.4829340941e-06
   2.5600000   -1.4051811894e-03   -5.8244125383e-04   -2.0245348204e-04   -1.2642931623e-04   -4.3903726486e-05   -3.7891564067e-05   -1.8354606294e-05   -6.2710602847e-06
   2.6100000   -1.4002899050e-03   -5.8314254042e-04   -2.0210856331e-04   -1.2668065539e-04   -4.3870433491e-05   -3.7962531004e-05   -1.8328100180e-05   -6.0790660404e-06
   2.6600000   -1.3954382256e-03   -5.8378421126e-04   -2.0172704783e-04   -1.2698591898e-04   -4.3845853083e-05   -3.8043251277e-05   -1.8301881356e-05   -5.9058263661e-06
   2.7100000   -1.3906515914e-03   -5.8445903683e-04   -2.0130801116e-04   -1.2732046778e-04   -4.3821121667e-05   -3.8131385605e-05   -1.8275833359e-05   -5.7501861394e-06
   2.7600000   -1.3858401414e-03   -5.8524886650e-04   -2.0087843026e-04   -1.2767052319e-04   -4.3787511124e-05   -3.8223908997e-05   -1.8249821445e-05   -5.6109565473e-06
   2.8100000   -1.3808839856e-03   -5.8620597292e-04   -2.0046376433e-04   -1.2803502006e-04   -4.3739014595e-05   -3.8317469004e-05   -1.8223704356e-05   -5.4869133248e-06
   2.8600000   -1.3757578038e-03   -5.8734540230e-04   -2.0006376898e-04   -1.2841976521e-04   -4.3674080563e-05   -3.8408779778e-05   -1.8197345696e-05   -5.3767973199e-06
   2.9100000   -1.3705608502e-03   -5.8864797513e-04   -1.9965737259e-04   -1.2882652743e-04   -4.3595947254e-05   -3.8494999393e-05   -1.8170623635e-05   -5.2793172900e-06
   2.9600000   -1.3654121300e-03   -5.9006756370e-04   -1.9923030744e-04   -1.2924334213e-04   -4.3511469520e-05   -3.8574041586e-05   -1.8143438026e-05   -5.1931551645e-06
   3.0100000   -1.3603202710e-03   -5.9153636549e-04   -1.9879666158e-04   -1.2964255158e-04   -4.3428818014e-05   -3.8644782424e-05   -1.8115714781e-05   -5.1169732578e-06
   3.0600000   -1.3551716286e-03   -5.9296805398e-04   -1.9838909223e-04   -1.2998862460e-04   -4.3354803765e-05   -3.8707136700e-05   -1.8087407515e-05   -5.0494234201e-06
   3.1100000   -1.3498512421e-03   -5.9426466409e-04   -1.9802129873e-04   -1.3025166616e-04   -4.3292707254e-05   -3.8761996284e-05   -1.8058496813e-05   -4.9891574559e-06
   3.1600000   -1.3443630453e-03   -5.9533249978e-04   -1.9765901064e-04   -1.3041940035e-04   -4.3241323513e-05   -3.8811039507e-05   -1.8028987820e-05   -4.9348387275e-06
   3.2100000   -1.3388195978e-03   -5.9610544190e-04   -1.9723744932e-04   -1.3050199678e-04   -4.3195523991e-05   -3.8856438205e-05   -1.7998906770e-05   -4.8851542791e-06
   3.2600000   -1.3333217307e-03   -5.9656730626e-04   -1.9671945314e-04   -1.3052833414e-04   -4.3148122851e-05   -3.8900501649e-05   -1.7968297352e-05   -4.8388273570e-06
   3.3100000   -1.3278660750e-03   -5.9676417888e-04   -1.9613836883e-04   -1.3053627249e-04   -4.3092398079e-05   -3.8945305841e-05   -1.7937217313e-05   -4.7946297128e-06
   3.3600000   -1.3223695942e-03   -5.9680227788e-04   -1.9557600361e-04   -1.3056169984e-04   -4.3024406487e-05   -3.8992359526e-05   -1.7905735687e-05   -4.7513935350e-06
   3.4100000   -1.3167589837e-03   -5.9683165954e-04   -1.9509286606e-04   -1.3063087640e-04   -4.2944317338e-05   -3.9042353966e-05   -1.7873931015e-05   -4.7080228091e-06
   3.4600000   -1.3110176882e-03   -5.9701800150e-04   -1.9468105239e-04   -1.3075796612e-04   -4.2856335710e-05   -3.9095033604e-05   -1.7841890280e-05   -4.6635038655e-06
   3.5100000   -1.3051637569e-03   -5.9750581403e-04   -1.9428469302e-04   -1.3094636227e-04   -4.2767268833e-05   -3.9149207556e-05   -1.7809708451e-05   -4.6169148679e-06
   3.5600000   -1.2992192564e-03   -5.9837957924e-04   -1.9385865389e-04   -1.3119112645e-04   -4.2684238976e-05   -3.9202902778e-05   -1.7777488239e-05   -4.5674344473e-06
   3.6100000   -1.2932129466e-03   -5.9963324065e-04   -1.9340020806e-04   -1.3148113776e-04   -4.2612313658e-05   -3.9253639066e-05   -1.7745339813e-05   -4.5143490185e-06
   3.6600000   -1.2871851426e-03   -6.0115901983e-04   -1.9292742220e-04   -1.3180117946e-04   -4.2552829798e-05   -3.9298788300e-05   -1.7713379879e-05   -4.4570589663e-06
   3.7100000   -1.2811577144e-03   -6.0276170614e-04   -1.9244059673e-04   -1.3213426532e-04   -4.2502940874e-05   -3.9335968055e-05   -1.7681730048e-05   -4.3950836484e-06
   3.7600000   -1.2750979446e-03   -6.0419635135e-04   -1.9191712520e-04   -1.3246375654e-04   -4.2456508987e-05   -3.9363415076e-05   -1.7650514086e-05   -4.3280650847e-06
   3.8100000   -1.2689352520e-03   -6.0521944020e-04   -1.9134489514e-04   -1.3277484952e-04   -4.2406033358e-05   -3.9380286860e-05   -1.7619854187e-05   -4.2557703706e-06
   3.8600000   -1.2626307331e-03   -6.0563945285e-04   -1.9075128493e-04   -1.3305575200e-04   -4.2344988823e-05   -3.9386850435e-05   -1.7589866386e-05   -4.1780927188e-06
   3.9100000   -1.2562262402e-03   -6.0535438307e-04   -1.9018908252e-04   -1.3329905470e-04   -4.2269835630e-05   -3.9384533342e-05   -1.7560655359e-05   -4.0950511112e-06
   3.9600000   -1.2498095074e-03   -6.0437014913e-04   -1.8968964267e-04   -1.3350307699e-04   -4.2181079741e-05   -3.9375831331e-05   -1.7532308971e-05   -4.0067885691e-06
   4.0100000   -1.2434197683e-03   -6.0279988809e-04   -1.8923072943e-04   -1.3367214893e-04   -4.2083068116e-05   -3.9364087443e-05   -1.7504893172e-05   -3.9135688895e-06
   4.0600000   -1.2369892812e-03   -6.0084566351e-04   -1.8875272255e-04   -1.3381473907e-04   -4.1982598705e-05   -3.9353174947e-05   -1.7478447673e-05   -3.8157719782e-06
   4.1100000   -1.2303918407e-03   -5.9876377711e-04   -1.8820909852e-04   -1.3393933580e-04   -4.1886790228e-05   -3.9347129651e-05   -1.7452982793e-05   -3.7138875832e-06
   4.1600000   -1.2235654924e-03   -5.9681891336e-04   -1.8760394265e-04   -1.3404970912e-04   -4.1800882364e-05   -3.9349782848e-05   -1.7428477972e-05   -3.6085076301e-06
   4.2100000   -1.2165915530e-03   -5.9523988056e-04   -1.8698232256e-04   -1.3414239830e-04   -4.1726654915e-05   -3.9364443850e-05   -1.7404882049e-05   -3.5003170238e-06
   4.2600000   -1.2096391584e-03   -5.9419074017e-04   -1.8638582201e-04   -1.3420838507e-04   -4.1661958444e-05   -3.9393669478e-05   -1.7382115410e-05   -3.3900831091e-06
   4.3100000   -1.2028132709e-03   -5.9376000163e-04   -1.8581901746e-04   -1.3423795637e-04   -4.1601497493e-05   -3.9439140862e-05   -1.7360073849e-05   -3.2786438126e-06
   4.3600000   -1.1960490453e-03   -5.9395745205e-04   -1.8525770059e-04   -1.3422529403e-04   -4.1538608475e-05   -3.9501646928e-05   -1.7338633840e-05   -3.1668946550e-06
   4.4100000   -1.1891592722e-03   -5.9470923212e-04   -1.8468274705e-04   -1.3416992920e-04   -4.1467456457e-05   -3.9581155619e-05   -1.7317658869e-05   -3.0557746514e-06
   4.4600000   -1.1819932751e-03   -5.9585751976e-04   -1.8409837732e-04   -1.3407521243e-04   -4.1384938449e-05   -3.9676941652e-05   -1.7297006207e-05   -2.9462515271e-06
   4.5100000   -1.1745596408e-03   -5.9718218961e-04   -1.8351735823e-04   -1.3394611250e-04   -4.1291676425e-05   -3.9787736577e-05   -1.7276533654e-05   -2.8393061066e-06
   4.5600000   -1.1670081767e-03   -5.9845056102e-04   -1.8293649363e-04   -1.3378805899e-04   -4.1191779175e-05   -3.9911873103e-05   -1.7256105814e-05   -2.7359166276e-06
   4.6100000   -1.1595015130e-03   -5.9947539288e-04   -1.8233473350e-04   -1.3360660748e-04   -4.1091453530e-05   -4.0047408456e-05   -1.7235599411e-05   -2.6370427145e-06
   4.6600000   -1.1520933432e-03   -6.0014838916e-04   -1.8169680512e-04   -1.3340692719e-04   -4.0996920466e-05   -4.0192225632e-05   -1.7214907459e-05   -2.5436097931e-06
   4.7100000   -1.1447037056e-03   -6.0043427861e-04   -1.8103459153e-04   -1.3319306111e-04   -4.0912316203e-05   -4.0344120745e-05   -1.7193942139e-05   -2.4564938251e-06
   4.7600000   -1.1371941796e-03   -6.0034391449e-04   -1.8038021745e-04   -1.3296807910e-04   -4.0838260290e-05   -4.0500886894e-05   -1.7172636430e-05   -2.3765070895e-06
   4.8100000   -1.1294776775e-03   -5.9991892992e-04   -1.7975515419e-04   -1.3273600216e-04   -4.0771554521e-05   -4.0660397404e-05   -1.7150944584e-05   -2.3043850051e-06
   4.8600000   -1.1215824266e-03   -5.9923878648e-04   -1.7914627194e-04   -1.3250461747e-04   -4.0706110541e-05   -4.0820679593e-05   -1.7128841822e-05   -2.2407745080e-06
   4.9100000   -1.1136238084e-03   -5.9842724600e-04   -1.7851491808e-04   -1.3228669833e-04   -4.0634812370e-05   -4.0979959592e-05   -1.7106323436e-05   -2.1862241233e-06
   4.9600000   -1.1057037513e-03   -5.9762958883e-04   -1.7783234105e-04   -1.3209773069e-04   -4.0551724958e-05   -4.1136656699e-05   -1.7083403634e-05   -2.1411760560e-06
   5.0100000   -1.0978167445e-03   -5.9696380889e-04   -1.7710715676e-04   -1.3195107734e-04   -4.0453954032e-05   -4.1289316287e-05   -1.7060114309e-05   -2.1059603413e-06
   5.0600000   -1.0898422408e-03   -5.9648219283e-04   -1.7637798046e-04   -1.3185389205e-04   -4.0342574818e-05   -4.1436491173e-05   -1.7036503925e-05   -2.0807914259e-06
   5.1100000   -1.0816334310e-03   -5.9617288003e-04   -1.7567982204e-04   -1.3180634518e-04   -4.0222339257e-05   -4.1576606142e-05   -1.7012636563e-05   -2.0657669253e-06
   5.1600000   -1.0731307192e-03   -5.9598998845e-04   -1.7501794582e-04   -1.3180358915e-04   -4.0100253019e-05   -4.1707856089e-05   -1.6988590993e-05   -2.0608687204e-06
   5.2100000   -1.0644101249e-03   -5.9587498264e-04   -1.7437123398e-04   -1.3183790835e-04   -3.9983465290e-05   -4.1828186350e-05   -1.6964459835e-05   -2.0659663277e-06
   5.2600000   -1.0556342544e-03   -5.9575336075e-04   -1.7371446846e-04   -1.3189964218e-04   -3.9877129735e-05   -4.1935380549e-05   -1.6940348394e-05   -2.0808221941e-06
   5.3100000   -1.0469478553e-03   -5.9553132133e-04   -1.7303289546e-04   -1.3197785699e-04   -3.9782905131e-05   -4.2027244308e-05   -1.6916373117e-05   -2.1050989220e-06
   5.3600000   -1.0383904177e-03   -5.9512195242e-04   -1.7231786012e-04   -1.3206226745e-04   -3.9698563538e-05   -4.2101835346e-05   -1.6892659469e-05   -2.1383679834e-06
   5.4100000   -1.0298757426e-03   -5.9449008641e-04   -1.7155740739e-04   -1.3214605689e-04   -3.9618822397e-05   -4.2157671653e-05   -1.6869339074e-05   -2.1801197666e-06
   5.4600000   -1.0212435683e-03   -5.9367142598e-04   -1.7074069698e-04   -1.3222738329e-04   -3.9537124811e-05   -4.2193857170e-05   -1.6846546151e-05   -2.2297745456e-06
   5.5100000   -1.0123506207e-03   -5.9274255646e-04   -1.6987561254e-04   -1.3230781564e-04   -3.9447783654e-05   -4.2210097668e-05   -1.6824413219e-05   -2.2866941839e-06
   5.5600000   -1.0031501835e-03   -5.9177189936e-04   -1.6899863304e-04   -1.3238851720e-04   -3.9347785875e-05   -4.2206623670e-05   -1.6803066302e-05   -2.3501940880e-06
   5.6100000   -9.9371521387e-04   -5.9080022744e-04   -1.6815922646e-04   -1.3246713560e-04   -3.9237665430e-05   -4.2184070754e-05   -1.6782619935e-05   -2.4195553882e-06
   5.6600000   -9.8419066108e-04   -5.8985818597e-04   -1.6738637368e-04   -1.3253771823e-04   -3.9121165252e-05   -4.2143374813e-05   -1.6763172097e-05   -2.4940368298e-06
   5.7100000   -9.7470301803e-04   -5.8898050913e-04   -1.6666586442e-04   -1.3259301274e-04   -3.9003816746e-05   -4.2085718234e-05   -1.6744799598e-05   -2.5728863587e-06
   5.7600000   -9.6528309095e-04   -5.8818551361e-04   -1.6594984900e-04   -1.3262639569e-04   -3.8890933166e-05   -4.2012526058e-05   -1.6727554191e-05   -2.6553522433e-06
   5.8100000   -9.5585117552e-04   -5.8744257044e-04   -1.6519041016e-04   -1.3263179723e-04   -3.8785711743e-05   -4.1925479139e-05   -1.6711459661e-05   -2.7406933571e-06
   5.8600000   -9.4627532831e-04   -5.8667630492e-04   -1.6436738286e-04   -1.3260296145e-04   -3.8688100871e-05   -4.1826502799e-05   -1.6696510192e-05   -2.8281887945e-06
   5.9100000   -9.3646637470e-04   -5.8581601690e-04   -1.6348959371e-04   -1.3253450827e-04   -3.8594822156e-05   -4.1717707503e-05   -1.6682669953e-05   -2.9171464916e-06
   5.9600000   -9.2644486016e-04   -5.8484206261e-04   -1.6257680941e-04   -1.3242511364e-04   -3.8500537192e-05   -4.1601291272e-05   -1.6669874081e-05   -3.0069110020e-06
   6.0100000   -9.1632591259e-04   -5.8378161168e-04   -1.6164552916e-04   -1.3228028636e-04   -3.8399751925e-05   -4.1479440553e-05   -1.6658030709e-05   -3.0968700679e-06
   6.0600000   -9.0622264415e-04   -5.8266497669e-04   -1.6071014913e-04   -1.3211205285e-04   -3.8288794639e-05   -4.1354271188e-05   -1.6647024004e-05   -3.1864602319e-06
   6.1100000   -8.9613953305e-04   -5.8149660315e-04   -1.5978894646e-04   -1.3193555639e-04   -3.8167175259e-05   -4.1227830532e-05   -1.6636717888e-05   -3.2751712551e-06
   6.1600000   -8.8595341927e-04   -5.8026966535e-04   -1.5889888445e-04   -1.3176517972e-04   -3.8037840902e-05   -4.1102149748e-05   -1.6626960263e-05   -3.3625493489e-06
   6.2100000   -8.7551612575e-04   -5.7899594667e-04   -1.5803980749e-04   -1.3161266014e-04   -3.7906216058e-05   -4.0979310192e-05   -1.6617587537e-05   -3.4481991679e-06
   6.2600000   -8.6479651050e-04   -5.7770716383e-04   -1.5718609941e-04   -1.3148714452e-04   -3.7778329485e-05   -4.0861484660e-05   -1.6608429384e-05   -3.5317845977e-06
   6.3100000   -8.5392376708e-04   -5.7642538996e-04   -1.5630020215e-04   -1.3139508036e-04   -3.7658649031e-05   -4.0750932362e-05   -1.6599313693e-05   -3.6130283755e-06
   6.3600000   -8.4307496065e-04   -5.7514035173e-04   -1.5535988931e-04   -1.3133856630e-04   -3.7548365697e-05   -4.0649951844e-05   -1.6590071744e-05   -3.6917104884e-06
   6.4100000   -8.3230485548e-04   -5.7381917130e-04   -1.5437448530e-04   -1.3131345408e-04   -3.7444747935e-05   -4.0560812150e-05   -1.6580543306e-05   -3.7676654375e-06
   6.4600000   -8.2148569104e-04   -5.7243109086e-04   -1.5337409064e-04   -1.3130984629e-04   -3.7341858654e-05   -4.0485679626e-05   -1.6570581649e-05   -3.8407784835e-06
   6.5100000   -8.1042371022e-04   -5.7095504745e-04   -1.5238241719e-04   -1.3131572404e-04   -3.7232483147e-05   -4.0426541070e-05   -1.6560057864e-05   -3.9109807063e-06
   6.5600000   -7.9904338154e-04   -5.6936755642e-04   -1.5139981070e-04   -1.3132122982e-04   -3.7110689861e-05   -4.0385109732e-05   -1.6548863920e-05   -3.9782432984e-06
   6.6100000   -7.8746116241e-04   -5.6763791115e-04   -1.5041097405e-04   -1.3132035893e-04   -3.6974173044e-05   -4.0362701552e-05   -1.6536913846e-05   -4.0425709720e-06
   6.6600000   -7.7587973579e-04   -5.6574681930e-04   -1.4940536851e-04   -1.3130944822e-04   -3.6825511543e-05   -4.0360087750e-05   -1.6524142605e-05   -4.1039948960e-06
   6.7100000   -7.6440609271e-04   -5.6371020053e-04   -1.4838675985e-04   -1.3128488343e-04   -3.6671760363e-05   -4.0377355250e-05   -1.6510502664e-05   -4.1625652617e-06
   6.7600000   -7.5296004100e-04   -5.6157920106e-04   -1.4736354556e-04   -1.3124256059e-04   -3.6522320034e-05   -4.0413820539e-05   -1.6495958846e-05   -4.2183439691e-06
   6.8100000   -7.4134449509e-04   -5.5941339768e-04   -1.4633439704e-04   -1.3117906709e-04   -3.6385657322e-05   -4.0468034171e-05   -1.6480482603e-05   -4.2713976590e-06
   6.8600000   -7.2940384633e-04   -5.5725171782e-04   -1.4528778501e-04   -1.3109247839e-04   -3.6265967297e-05   -4.0537885763e-05   -1.6464047562e-05   -4.3217914141e-06
   6.9100000   -7.1713766963e-04   -5.5510235465e-04   -1.4421567991e-04   -1.3098138399e-04   -3.6161052881e-05   -4.0620788019e-05   -1.6446627698e-05   -4.3695831046e-06
   6.9600000   -7.0469368256e-04   -5.5294974084e-04   -1.4312373439e-04   -1.3084320642e-04   -3.6062417682e-05   -4.0713900263e-05   -1.6428199777e-05   -4.4148187049e-06
   7.0100000   -6.9226085913e-04   -5.5076610822e-04   -1.4202423379e-04   -1.3067410328e-04   -3.5957841404e-05   -4.0814353930e-05   -1.6408749854e-05   -4.4575279494e-06
   7.0600000   -6.7994095580e-04   -5.4852459673e-04   -1.4091955062e-04   -1.3047126383e-04   -3.5835748334e-05   -4.0919457777e-05   -1.6388282825e-05   -4.4977209478e-06
   7.1100000   -6.6767717611e-04   -5.4621693361e-04   -1.3979704087e-04   -1.3023583059e-04   -3.5689845074e-05   -4.1026872461e-05   -1.6366832572e-05   -4.5353850347e-06
   7.1600000   -6.5528432491e-04   -5.4386726536e-04   -1.3864416003e-04   -1.2997384835e-04   -3.5522172206e-05   -4.1134743648e-05   -1.6344469542e-05   -4.5704825957e-06
   7.2100000   -6.4257005173e-04   -5.4152369499e-04   -1.3746779796e-04   -1.2969447115e-04   -3.5343116085e-05   -4.1241771186e-05   -1.6321302902e-05   -4.6029499363e-06
   7.2600000   -6.2947355094e-04   -5.3922440676e-04   -1.3629389946e-04   -1.2940714193e-04   -3.5168009604e-05   -4.1347185720e-05   -1.6297475544e-05   -4.6326977210e-06
   7.3100000   -6.1611705649e-04   -5.3696519449e-04   -1.3514381693e-04   -1.2912001710e-04   -3.5011348466e-05   -4.1450618162e-05   -1.6273152207e-05   -4.6596133190e-06
   7.3600000   -6.0271535933e-04   -5.3470173659e-04   -1.3401050915e-04   -1.2884014364e-04   -3.4880791969e-05   -4.1551885804e-05   -1.6248503290e-05   -4.6835650890e-06
   7.4100000   -5.8940431441e-04   -5.3238732514e-04   -1.3285979407e-04   -1.2857379220e-04   -3.4773460744e-05   -4.1650763367e-05   -1.6223688156e-05   -4.7044082903e-06
   7.4600000   -5.7613079332e-04   -5.3000789068e-04   -1.3165639189e-04   -1.2832516823e-04   -3.4676327701e-05   -4.1746830138e-05   -1.6198842402e-05   -4.7219918654e-06
   7.5100000   -5.6270105098e-04   -5.2757720042e-04   -1.3039003446e-04   -1.2809384673e-04   -3.4570907546e-05   -4.1839463721e-05   -1.6174072332e-05   -4.7361649937e-06
   7.5600000   -5.4894211171e-04   -5.2509857627e-04   -1.2907955872e-04   -1.2787365036e-04   -3.4440597328e-05   -4.1927985779e-05   -1.6149457502e-05   -4.7467826535e-06
   7.6100000   -5.3483131899e-04   -5.2253725443e-04   -1.2775673865e-04   -1.2765538451e-04   -3.4277711094e-05   -4.2011885892e-05   -1.6125059614e-05   -4.7537097138e-06
   7.6600000   -5.2049224811e-04   -5.1983567169e-04   -1.2644861014e-04   -1.2743224013e-04   -3.4087136888e-05   -4.2090995310e-05   -1.6100933399e-05   -4.7568236201e-06
   7.7100000   -5.0608687545e-04   -5.1695534671e-04   -1.2517105066e-04   -1.2720328194e-04   -3.3884794344e-05   -4.2165490998e-05   -1.6077134999e-05   -4.7560167121e-06
   7.7600000   -4.9171255071e-04   -5.1389968104e-04   -1.2392918188e-04   -1.2697176583e-04   -3.3691244526e-05   -4.2235682430e-05   -1.6053723883e-05   -4.7511990769e-06
   7.8100000   -4.7737311672e-04   -5.1069582078e-04   -1.2271394197e-04   -1.2674054029e-04   -3.3522987100e-05   -4.2301642171e-05   -1.6030757610e-05   -4.7423032109e-06
   7.8600000   -4.6300784597e-04   -5.0736208366e-04   -1.2149494887e-04   -1.2651007931e-04   -3.3385177291e-05   -4.2362831044e-05   -1.6008281489e-05   -4.7292908536e-06
   7.9100000   -4.4852992148e-04   -5.0390260130e-04   -1.2022235958e-04   -1.2628110673e-04   -3.3269078406e-05   -4.2417893675e-05   -1.5986318015e-05   -4.7121613340e-06
   7.9600000   -4.3385650121e-04   -5.0033447968e-04   -1.1884740832e-04   -1.2605741878e-04   -3.3155612931e-05   -4.2464740626e-05   -1.5964861014e-05   -4.6909603436e-06
   8.0100000   -4.1893865444e-04   -4.9670882920e-04   -1.1735323101e-04   -1.2584386016e-04   -3.3023682937e-05   -4.2500912329e-05   -1.5943877869e-05   -4.6657868617e-06
   8.0600000   -4.0378630373e-04   -4.9309005755e-04   -1.1577303628e-04   -1.2564080596e-04   -3.2859696238e-05   -4.2524091849e-05   -1.5923319382e-05   -4.6367966312e-06
   8.1100000   -3.8846523331e-04   -4.8950740504e-04   -1.1417857186e-04   -1.2544157461e-04   -3.2664020681e-05   -4.2532559156e-05   -1.5903133044e-05   -4.6042010974e-06
   8.1600000   -3.7305847795e-04   -4.8593134250e-04   -1.1264457101e-04   -1.2523595923e-04   -3.2451309030e-05   -4.2525398041e-05   -1.5883273003e-05   -4.5682620694e-06
   8.2100000   -3.5761640399e-04   -4.8230668920e-04   -1.1121303970e-04   -1.2501573644e-04   -3.2244321564e-05   -4.2502375082e-05   -1.5863700649e-05   -4.5292836074e-06
   8.2600000   -3.4212793659e-04   -4.7861286711e-04   -1.0987817012e-04   -1.2477631210e-04   -3.2063842883e-05   -4.2463561695e-05   -1.5844373607e-05   -4.4876034775e-06
   8.3100000   -3.2652570204e-04   -4.7488747094e-04   -1.0859408432e-04   -1.2451436158e-04   -3.1919172178e-05   -4.2408897167e-05   -1.5825226024e-05   -4.4435863192e-06
   8.3600000   -3.1071995773e-04   -4.7118374621e-04   -1.0729377442e-04   -1.2422617146e-04   -3.1803543205e-05   -4.2337930233e-05   -1.5806149194e-05   -4.3976202871e-06
   8.4100000   -2.9465157923e-04   -4.6750231695e-04   -1.0590932561e-04   -1.2390913757e-04   -3.1696689779e-05   -4.2249903760e-05   -1.5786983197e-05   -4.3501170810e-06
   8.4600000   -2.7834415780e-04   -4.6376846427e-04   -1.0439178217e-04   -1.2356367715e-04   -3.1573549704e-05   -4.2144191202e-05   -1.5767528682e-05   -4.3015144452e-06
   8.5100000   -2.6191544771e-04   -4.5988339037e-04   -1.0272992713e-04   -1.2319236320e-04   -3.1415269572e-05   -4.2020919645e-05   -1.5747580748e-05   -4.2522788229e-06
   8.5600000   -2.4551407343e-04   -4.5580390484e-04   -1.0096054543e-04   -1.2279736318e-04   -3.1217560483e-05   -4.1881507009e-05   -1.5726977635e-05   -4.2029057622e-06
   8.6100000   -2.2920446645e-04   -4.5157560136e-04   -9.9160021945e-05   -1.2237948836e-04   -3.0992610617e-05   -4.1728854661e-05   -1.5705648170e-05   -4.1539164728e-06
   8.6600000   -2.1289025947e-04   -4.4728918041e-04   -9.7415272379e-05   -1.2193942150e-04   -3.0763674612e-05   -4.1567072587e-05   -1.5683638190e-05   -4.1058497385e-06
   8.7100000   -1.9636198653e-04   -4.4300198302e-04   -9.5785430299e-05   -1.2147877164e-04   -3.0554794008e-05   -4.1400815201e-05   -1.5661099844e-05   -4.0592501415e-06
   8.7600000   -1.7945469509e-04   -4.3869577287e-04   -9.4273866826e-05   -1.2099991914e-04   -3.0380308878e-05   -4.1234478482e-05   -1.5638238765e-05   -4.0146543159e-06
   8.8100000   -1.6218936072e-04   -4.3430381956e-04   -9.2826606263e-05   -1.2050640975e-04   -3.0238875209e-05   -4.1071571207e-05   -1.5615229843e-05   -3.9725776767e-06
   8.8600000   -1.4476718622e-04   -4.2977757356e-04   -9.1358632751e-05   -1.2000484226e-04   -3.0114590807e-05   -4.0914491061e-05   -1.5592126757e-05   -3.9335039286e-06
   8.9100000   -1.2741019433e-04   -4.2513414072e-04   -8.9792411751e-05   -1.1950577922e-04   -2.9984553304e-05   -4.0764746945e-05   -1.5568798635e-05   -3.8978787497e-06
   8.9600000   -1.1018277332e-04   -4.2044829382e-04   -8.8086724585e-05   -1.1902102025e-04   -2.9829263113e-05   -4.0623462624e-05   -1.5544923315e-05   -3.8661083466e-06
   9.0100000   -9.2948052550e-05   -4.1579825193e-04   -8.6244863882e-05   -1.1855901233e-04   -2.9641082681e-05   -4.0491873768e-05   -1.5520051256e-05   -3.8385619553e-06
   9.0600000   -7.5489137674e-05   -4.1120552246e-04   -8.4307649983e-05   -1.1812321799e-04   -2.9426992980e-05   -4.0371551874e-05   -1.5493730365e-05   -3.8155766618e-06
   9.1100000   -5.7680066646e-05   -4.0661059328e-04   -8.2340495898e-05   -1.1771489542e-04   -2.9204617633e-05   -4.0264242891e-05   -1.5465657756e-05   -3.7974623314e-06
   9.1600000   -3.9563599135e-05   -4.0190346554e-04   -8.0414824010e-05   -1.1733586717e-04   -2.8993603898e-05   -4.0171418268e-05   -1.5435808645e-05   -3.7845041698e-06
   9.2100000   -2.1295773118e-05   -3.9699296146e-04   -7.8581386573e-05   -1.1698669041e-04   -2.8806502472e-05   -4.0093795306e-05   -1.5404493091e-05   -3.7769614065e-06
   9.2600000   -3.0332314278e-06   -3.9186873868e-04   -7.6845126780e-05   -1.1666215748e-04   -2.8643355841e-05   -4.0031110294e-05   -1.5372308985e-05   -3.7750613085e-06
   9.3100000    1.5143806493e-05   -3.8660792741e-04   -7.5160541642e-05   -1.1635065797e-04   -2.8492322329e-05   -3.9982306292e-05   -1.5339992849e-05   -3.7789895533e-06
   9.3600000    3.3250191652e-05   -3.8131531181e-04   -7.3454479390e-05   -1.1603980102e-04   -2.8335771271e-05   -3.9946087707e-05   -1.5308205629e-05   -3.7888792610e-06
   9.4100000    5.1386422310e-05   -3.7603956060e-04   -7.1660514905e-05   -1.1572270660e-04   -2.8158763361e-05   -3.9921599752e-05   -1.5277318691e-05   -3.8048018751e-06
   9.4600000    6.9710926691e-05   -3.7073219353e-04   -6.9742543874e-05   -1.1539818471e-04   -2.7955844590e-05   -3.9908910281e-05   -1.5247272602e-05   -3.8267631984e-06
   9.5100000    8.8368966794e-05   -3.6528434017e-04   -6.7700505592e-05   -1.1506554633e-04   -2.7733038472e-05   -3.9909048484e-05   -1.5217563858e-05   -3.8547068136e-06
   9.5600000    1.0738632829e-04   -3.5961323641e-04   -6.5566008671e-05   -1.1472114026e-04   -2.7504310239e-05   -3.9923553319e-05   -1.5187375857e-05   -3.8885250372e-06
   9.6100000    1.2661215399e-04   -3.5373029916e-04   -6.3393629619e-05   -1.1436057366e-04   -2.7284424317e-05   -3.9953711463e-05   -1.5155822204e-05   -3.9280753633e-06
   9.6600000    1.4579764002e-04   -3.4773849289e-04   -6.1245199566e-05   -1.1398255892e-04   -2.7081760875e-05   -3.9999808746e-05   -1.5122229768e-05   -3.9731984152e-06
   9.7100000    1.6477817975e-04   -3.4176225068e-04   -5.9166828441e-05   -1.1358837973e-04   -2.6894541714e-05   -4.0060710419e-05   -1.5086370312e-05   -4.0237323416e-06
   9.7600000    1.8360223620e-04   -3.3586288390e-04   -5.7169187217e-05   -1.1317729957e-04   -2.6712139995e-05   -4.0133926397e-05   -1.5048562755e-05   -4.0795195045e-06
   9.8100000    2.0247944254e-04   -3.3000134798e-04   -5.5223994657e-05   -1.1274391225e-04   -2.6520612468e-05   -4.0216085342e-05   -1.5009608993e-05   -4.1404033729e-06
   9.8600000    2.2159746718e-04   -3.2407534062e-04   -5.3278372934e-05   -1.1228108883e-04   -2.6309553971e-05   -4.0303550747e-05   -1.4970582447e-05   -4.2062165165e-06
   9.9100000    2.4099077486e-04   -3.1800352670e-04   -5.1276461252e-05   -1.1178541763e-04   -2.6076831458e-05   -4.0392858879e-05   -1.4932539533e-05   -4.2767636760e-06
   9.9600000    2.6057731183e-04   -3.1179301841e-04   -4.9176981390e-05   -1.1125952283e-04   -2.5828954673e-05   -4.0480774878e-05   -1.4896251095e-05   -4.3518051069e-06
  10.0100000    2.8028685581e-04   -3.0553614234e-04   -4.6963425153e-05   -1.1070969037e-04   -2.5577146772e-05   -4.0563991146e-05   -1.4862043190e-05   -4.4310458229e-06
  10.0600000    3.0011428740e-04   -2.9933722729e-04   -4.4648346866e-05   -1.1014215498e-04   -2.5331389014e-05   -4.0638719556e-05   -1.4829795105e-05   -4.5141334917e-06
  10.1100000    3.2004607156e-04   -2.9322870092e-04   -4.2270719542e-05   -1.0956167316e-04   -2.5095675369e-05   -4.0700528839e-05   -1.4799084480e-05   -4.6006652501e-06
  10.1600000    3.3998103410e-04   -2.8714612845e-04   -3.9883123592e-05   -1.0897238302e-04   -2.4866926336e-05   -4.0744689049e-05   -1.4769414710e-05   -4.6901995777e-06
  10.2100000    3.5978026227e-04   -2.8098076539e-04   -3.7530856040e-05   -1.0837828108e-04   -2.4637912206e-05   -4.0767032253e-05   -1.4740431561e-05   -4.7822679937e-06
  10.2600000    3.7941709118e-04   -2.7466115862e-04   -3.5233271119e-05   -1.0778184612e-04   -2.4402279902e-05   -4.0765040978e-05   -1.4712044330e-05   -4.8763811426e-06
  10.3100000    3.9905729936e-04   -2.6819499111e-04   -3.2978096921e-05   -1.0718253352e-04   -2.4158624818e-05   -4.0738685302e-05   -1.4684409652e-05   -4.9720269008e-06
  10.3600000    4.1895557454e-04   -2.6164473067e-04   -3.0730293006e-05   -1.0657791713e-04   -2.3911162048e-05   -4.0690558543e-05   -1.4657794490e-05   -5.0686611437e-06
  10.4100000    4.3924729417e-04   -2.5506977084e-04   -2.8448048652e-05   -1.0596761283e-04   -2.3666603723e-05   -4.0625122083e-05   -1.4632386402e-05   -5.1656962699e-06
  10.4600000    4.5982874942e-04   -2.4848713526e-04   -2.6097832062e-05   -1.0535674677e-04   -2.3429173801e-05   -4.0547256300e-05   -1.4608140546e-05   -5.2624937726e-06
  10.5100000    4.8043429421e-04   -2.4187364182e-04   -2.3664679888e-05   -1.0475570234e-04   -2.3196920893e-05   -4.0460648993e-05   -1.4584736221e-05   -5.3583669695e-06
  10.5600000    5.0083508065e-04   -2.3519370546e-04   -2.1155991089e-05   -1.0417629793e-04   -2.2961848686e-05   -4.0366665654e-05   -1.4561666442e-05   -5.4525965179e-06
  10.6100000    5.2098969320e-04   -2.2842531951e-04   -1.8597024267e-05   -1.0362737093e-04   -2.2714163057e-05   -4.0264166791e-05   -1.4538424508e-05   -5.5444566264e-06
  10.6600000    5.4104346903e-04   -2.2157047306e-04   -1.6018869924e-05   -1.0311200361e-04   -2.2448383036e-05   -4.0150330653e-05   -1.4514706357e-05   -5.6332461243e-06
  10.7100000    5.6120708455e-04   -2.1465077966e-04   -1.3444587650e-05   -1.0262610888e-04   -2.2167688762e-05   -4.0022089254e-05   -1.4490537274e-05   -5.7183163149e-06
  10.7600000    5.8161806938e-04   -2.0769288062e-04   -1.0880865885e-05   -1.0215748813e-04   -2.1883583497e-05   -3.9877503841e-05   -1.4466262240e-05   -5.7990886261e-06
  10.8100000    6.0226845799e-04   -2.0070980423e-04   -8.3185641214e-06   -1.0168619604e-04   -2.1610454695e-05   -3.9716435751e-05   -1.4442396951e-05   -5.8750588190e-06
  10.8600000    6.2302340197e-04   -1.9368964640e-04   -5.7397948433e-06   -1.0118796312e-04   -2.1357583782e-05   -3.9540206085e-05   -1.4419398461e-05   -5.9457897319e-06
  10.9100000    6.4371042601e-04   -1.8660216609e-04   -3.1266115428e-06   -1.0064046960e-04   -2.1122887020e-05   -3.9350430337e-05   -1.4397451368e-05   -6.0108987939e-06
  10.9600000    6.6422969954e-04   -1.7941974567e-04   -4.6762016499e-07   -1.0002936407e-04   -2.0892097038e-05   -3.9147629936e-05   -1.4376362333e-05   -6.0700484393e-06
  11.0100000    6.8461700113e-04   -1.7213443068e-04    2.2386737767e-06   -9.9350506490e-05   -2.0644403539e-05   -3.8930358141e-05   -1.4355611135e-05   -6.1229465290e-06
  11.0600000    7.0500763896e-04   -1.6475714775e-04    4.9838913212e-06   -9.8607650621e-05   -2.0362146087e-05   -3.8695360982e-05   -1.4334539774e-05   -6.1693593108e-06
  11.1100000    7.2551957348e-04   -1.5730604231e-04    7.7537239170e-06   -9.7807886781e-05   -2.0039835110e-05   -3.8438817249e-05   -1.4312600774e-05   -6.2091341810e-06
  11.1600000    7.4615148626e-04   -1.4980170649e-04    1.0535644229e-05   -9.6957725613e-05   -1.9687860827e-05   -3.8158182165e-05   -1.4289558177e-05   -6.2422240723e-06
  11.2100000    7.6679094107e-04   -1.4227207969e-04    1.3326867957e-05   -9.6060801690e-05   -1.9328756396e-05   -3.7853837829e-05   -1.4265553079e-05   -6.2687034597e-06
  11.2600000    7.8732674639e-04   -1.3474880241e-04    1.6136577513e-05   -9.5116463022e-05   -1.8987544897e-05   -3.7529781681e-05   -1.4241002793e-05   -6.2887669586e-06
  11.3100000    8.0775195173e-04   -1.2724209945e-04    1.8979947298e-05   -9.4118979809e-05   -1.8680641603e-05   -3.7192957251e-05   -1.4216374832e-05   -6.3027065298e-06
  11.3600000    8.2815072482e-04   -1.1971258305e-04    2.1869098260e-05   -9.3058716564e-05   -1.8408511123e-05   -3.6851391583e-05   -1.4191932378e-05   -6.3108699899e-06
  11.4100000    8.4858756722e-04   -1.1207690502e-04    2.4808839088e-05   -9.1926522657e-05   -1.8155456441e-05   -3.6511810408e-05   -1.4167562946e-05   -6.3136106910e-06
  11.4600000    8.6902607325e-04   -1.0425939678e-04    2.7798834465e-05   -9.0719823227e-05   -1.7896503055e-05   -3.6177641064e-05   -1.4142768089e-05   -6.3112424582e-06
  11.5100000    8.8937062808e-04   -9.6253436618e-05    3.0836401691e-05   -8.9446182023e-05   -1.7608053743e-05   -3.5848181825e-05   -1.4116823703e-05   -6.3040134958e-06
  11.5600000    9.0958185652e-04   -8.8136314046e-05    3.3915197143e-05   -8.8121192027e-05   -1.7277408981e-05   -3.5519267083e-05   -1.4089047147e-05   -6.2921092173e-06
  11.6100000    9.2972803502e-04   -8.0015799692e-05    3.7022813967e-05   -8.6762274437e-05   -1.6907039344e-05   -3.5185171076e-05   -1.4059059370e-05   -6.2756849385e-06
  11.6600000    9.4990538501e-04   -7.1945946156e-05    4.0143797981e-05   -8.5383481171e-05   -1.6512140749e-05   -3.4841002915e-05   -1.4026930210e-05   -6.2549205487e-06
  11.7100000    9.7011293002e-04   -6.3879665577e-05    4.3268607729e-05   -8.3994551283e-05   -1.6113128232e-05   -3.4484649059e-05   -1.3993142258e-05   -6.2300813353e-06
  11.7600000    9.9022769600e-04   -5.5699936427e-05    4.6400993643e-05   -8.2602383838e-05   -1.5726832556e-05   -3.4117498968e-05   -1.3958384210e-05   -6.2015658778e-06
  11.8100000    1.0101201493e-03   -4.7310995023e-05    4.9556382881e-05   -8.1211122965e-05   -1.5360354489e-05   -3.3743682609e-05   -1.3923255979e-05   -6.1699246458e-06
  11.8600000    1.0297913845e-03   -3.8721573555e-05    5.2752429892e-05   -7.9820697085e-05   -1.5009887796e-05   -3.3368164576e-05   -1.3888004787e-05   -6.1358405555e-06
  11.9100000    1.0493789060e-03   -3.0050867860e-05    5.6000217133e-05   -7.8427771863e-05   -1.4664287265e-05   -3.2994534567e-05   -1.3852398747e-05   -6.1000738796e-06
  11.9600000    1.0690113734e-03   -2.1440398526e-05    5.9302622529e-05   -7.7031392969e-05   -1.4311018974e-05   -3.2623492722e-05   -1.3815787725e-05   -6.0633846260e-06
  12.0100000    1.0886559787e-03   -1.2931183545e-05    6.2657973015e-05   -7.5639413331e-05   -1.3941375912e-05   -3.2252767788e-05   -1.3777325057e-05   -6.0264522253e-06
  12.0600000    1.1081206098e-03   -4.4096705448e-06    6.6062357545e-05   -7.4269004404e-05   -1.3552701955e-05   -3.1878604255e-05   -1.3736260085e-05   -5.9898135201e-06
  12.1100000    1.1272215874e-03    4.3119154776e-06    6.9508033953e-05   -7.2939489931e-05   -1.3147251011e-05   -3.1498250633e-05   -1.3692186457e-05   -5.9538342204e-06
  12.1600000    1.1459587658e-03    1.3328019029e-05    7.2982392855e-05   -7.1663190264e-05   -1.2729143846e-05   -3.1112375829e-05   -1.3645153670e-05   -5.9187188211e-06
  12.2100000    1.1645255213e-03    2.2531780344e-05    7.6472589414e-05   -7.0441351179e-05   -1.2301689641e-05   -3.0726277729e-05   -1.3595607901e-05   -5.8845522031e-06
  12.2600000    1.1831383833e-03    3.1686840364e-05    7.9974092027e-05   -6.9266198228e-05   -1.1866734461e-05   -3.0349194887e-05   -1.3544196928e-05   -5.8513565870e-06
  12.3100000    1.2018451272e-03    4.0634523704e-05    8.3495351550e-05   -6.8124136092e-05   -1.1426106971e-05   -2.9991829873e-05   -1.3491523493e-05   -5.8191434971e-06
  12.3600000    1.2204900682e-03    4.9438983474e-05    8.7053019200e-05   -6.6996091330e-05   -1.0983646431e-05   -2.9663006488e-05   -1.3437944234e-05   -5.7879424317e-06
  12.4100000    1.2388629200e-03    5.8313175112e-05    9.0660651098e-05   -6.5857110774e-05   -1.0545728809e-05   -2.9366840537e-05   -1.3383483384e-05   -5.7577961978e-06
  12.4600000    1.2568846457e-03    6.7392271649e-05    9.4319977427e-05   -6.4680318863e-05   -1.0119085887e-05   -2.9101667026e-05   -1.3327878420e-05   -5.7287238036e-06
  12.5100000    1.2746593612e-03    7.6591273118e-05    9.8021597532e-05   -6.3445784002e-05   -9.7065952989e-06   -2.8861255790e-05   -1.3270721793e-05   -5.7006631623e-06
  12.5600000    1.2923605266e-03    8.5696207992e-05    1.0175356289e-04   -6.2147850571e-05   -9.3034787697e-06   -2.8637851732e-05   -1.3211631284e-05   -5.6734132276e-06
  12.6100000    1.3100723684e-03    9.4585334908e-05    1.0550962962e-04   -6.0793902446e-05   -8.8967891108e-06   -2.8425737150e-05   -1.3150381068e-05   -5.6465974788e-06
  12.6600000    1.3277245875e-03    1.0334990740e-04    1.0929039754e-04   -5.9395121922e-05   -8.4696701950e-06   -2.8223725364e-05   -1.3086952952e-05   -5.6196659856e-06
  12.7100000    1.3451492961e-03    1.1221522334e-04    1.1309866501e-04   -5.7957467256e-05   -8.0091931672e-06   -2.8035417337e-05   -1.3021505922e-05   -5.5919440887e-06
  12.7600000    1.3621884674e-03    1.2137196939e-04    1.1693635625e-04   -5.6480050157e-05   -7.5140546155e-06   -2.7867023824e-05   -1.2954295072e-05   -5.5627233828e-06
  12.8100000    1.3789252553e-03    1.3089213433e-04    1.2097400205e-04   -5.4779379333e-05   -6.9976538561e-06   -2.7723652056e-05   -1.2885583128e-05   -5.5313788391e-06
  12.8600000    1.3949041280e-03    1.4070020797e-04    1.2496256414e-04   -5.3245991779e-05   -6.4838276340e-06   -2.7605686516e-05   -1.2815579870e-05   -5.4974876856e-06
  12.9100000    1.4104413030e-03    1.5064990883e-04    1.2904134893e-04   -5.1626744026e-05   -5.9962038845e-06   -2.7506915386e-05   -1.2744422425e-05   -5.4609239044e-06
  12.9600000    1.4259207683e-03    1.6065553773e-04    1.3318715648e-04   -4.9932194795e-05   -5.5459022240e-06   -2.7415342250e-05   -1.2672187177e-05   -5.4219068205e-06
  13.0100000    1.4415610383e-03    1.7069158703e-04    1.3736952524e-04   -4.8184236753e-05   -5.1239990584e-06   -2.7316478470e-05   -1.2598911860e-05   -5.3809929666e-06
  13.0600000    1.4572695387e-03    1.8077601185e-04    1.4156321102e-04   -4.6412528197e-05   -4.7035214547e-06   -2.7197833614e-05   -1.2524608751e-05   -5.3390141852e-06
  13.1100000    1.4727786323e-03    1.9090097139e-04    1.4575966833e-04   -4.4647863734e-05   -4.2512028990e-06   -2.7052782395e-05   -1.2449261793e-05   -5.2969774515e-06
  13.1600000    1.4879106179e-03    2.0096484865e-04    1.4997227789e-04   -4.2914608238e-05   -3.7439800676e-06   -2.6882221370e-05   -1.2372813798e-05   -5.2559502267e-06
  13.2100000    1.5027061842e-03    2.1079499304e-04    1.5423220165e-04   -4.1224958443e-05   -3.1820464834e-06   -2.6693338405e-05   -1.2295156704e-05   -5.2169558254e-06
  13.2600000    1.5173241202e-03    2.2027688008e-04    1.5857572237e-04   -3.9577140581e-05   -2.5911851408e-06   -2.6496009919e-05   -1.2216134965e-05   -5.1808968422e-06
  13.3100000    1.5318604004e-03    2.2947623217e-04    1.6302805165e-04   -3.7957947671e-05   -2.0120261741e-06   -2.6298311904e-05   -1.2135563172e-05   -5.1485127107e-06
  13.3600000    1.5462768628e-03    2.3861691565e-04    1.6759080413e-04   -3.6348111544e-05   -1.4805637439e-06   -2.6102975876e-05   -1.2053249846e-05   -5.1203650858e-06
  13.4100000    1.5604680238e-03    2.4791989182e-04    1.7223926752e-04   -3.4727902738e-05   -1.0092901124e-06   -2.5906208585e-05   -1.1969016497e-05   -5.0968354536e-06
  13.4600000    1.5743488964e-03    2.5746857389e-04    1.7693140879e-04   -3.3080658872e-05   -5.7882255192e-07   -2.5699308789e-05   -1.1882705741e-05   -5.0781171841e-06
  13.5100000    1.5878722096e-03    2.6724298394e-04    1.8162504882e-04   -3.1393476544e-05   -1.4524456558e-07   -2.5472370655e-05   -1.1794180960e-05   -5.0641902343e-06
  13.5600000    1.6010031884e-03    2.7726395753e-04    1.8629547775e-04   -2.9656155068e-05    3.3939614263e-07   -2.5218528844e-05   -1.1703327008e-05   -5.0547780977e-06
  13.6100000    1.6137224846e-03    2.8764776778e-04    1.9094518350e-04   -2.7860520342e-05    9.0302992018e-07   -2.4937002795e-05   -1.1610061205e-05   -5.0492993492e-06
  13.6600000    1.6260573907e-03    2.9847984816e-04    1.9560087385e-04   -2.6001799788e-05    1.5380863646e-06   -2.4633698679e-05   -1.1514356015e-05   -5.0468348631e-06
  13.7100000    1.6380798242e-03    3.0965198760e-04    2.0029905035e-04   -2.4081979262e-05    2.2031324412e-06   -2.4319112084e-05   -1.1416263808e-05   -5.0461326937e-06
  13.7600000    1.6498480445e-03    3.2086788216e-04    2.0506707844e-04   -2.2113102084e-05    2.8418956392e-06   -2.4004343337e-05   -1.1315926740e-05   -5.0456649833e-06
  13.8100000    1.6613475382e-03    3.3182037772e-04    2.0990907863e-04   -2.0117572626e-05    3.4110122037e-06   -2.3696776435e-05   -1.1213557157e-05   -5.0437359156e-06
  13.8600000    1.6724945605e-03    3.4234181977e-04    2.1480371872e-04   -1.8123478465e-05    3.9028449658e-06   -2.3397104249e-05   -1.1109385675e-05   -5.0386245240e-06
  13.9100000    1.6831991776e-03    3.5239113472e-04    2.1971514581e-04   -1.6155457559e-05    4.3514592608e-06   -2.3098872570e-05   -1.1003590932e-05   -5.0287334874e-06
  13.9600000    1.6934325421e-03    3.6196995183e-04    2.2461176728e-04   -1.4224419128e-05    4.8177932121e-06   -2.2790765155e-05   -1.0896237797e-05   -5.0127125761e-06
  14.0100000    1.7032524217e-03    3.7113157445e-04    2.2948366790e-04   -1.2320852891e-05    5.3604440031e-06   -2.2460821696e-05   -1.0787251618e-05   -4.9895315420e-06
  14.0600000    1.7127731571e-03    3.8006844986e-04    2.3435011271e-04   -1.0415501085e-05    6.0061119894e-06   -2.2101048814e-05   -1.0676444001e-05   -4.9584926160e-06
  14.1100000    1.7220872761e-03    3.8910456263e-04    2.3925346856e-04   -8.4680379259e-06    6.7345822416e-06   -2.1710715840e-05   -1.0563583581e-05   -4.9191891018e-06
  14.1600000    1.7311751159e-03    3.9852341950e-04    2.4424248405e-04   -6.4405740497e-06    7.4864572122e-06   -2.1297083065e-05   -1.0448485548e-05   -4.8714312463e-06
  14.2100000    1.7398761119e-03    4.0839723288e-04    2.4935288084e-04   -4.3102691632e-06    8.1907642680e-06   -2.0873232194e-05   -1.0331083714e-05   -4.8151658875e-06
  14.2600000    1.7479771047e-03    4.1861752173e-04    2.5459420051e-04   -2.0755402775e-06    8.7994923921e-06   -2.0453731669e-05   -1.0211454994e-05   -4.7504128398e-06
  14.3100000    1.7553681344e-03    4.2909312371e-04    2.5994849348e-04    2.4664499394e-07    9.3121776660e-06   -2.0049693730e-05   -1.0089786427e-05   -4.6772301428e-06
  14.3600000    1.7621224024e-03    4.3987563821e-04    2.6538058016e-04    2.6305458037e-06    9.7780374018e-06   -1.9665055073e-05   -9.9662984585e-06   -4.5957063858e-06
  14.4100000    1.7684083331e-03    4.5106336657e-04    2.7085425202e-04    5.0531874035e-06    1.0273895219e-05   -1.9295513720e-05   -9.8411562041e-06   -4.5059675588e-06
  14.4600000    1.7743157921e-03    4.6260870163e-04    2.7634646914e-04    7.5016396506e-06    1.0868045554e-05   -1.8930593101e-05   -9.7144033857e-06   -4.4081815930e-06
  14.5100000    1.7797825060e-03    4.7426789621e-04    2.8185324061e-04    9.9724970482e-06    1.1587367353e-05   -1.8558111847e-05   -9.5859426180e-06   -4.3025475918e-06
  14.5600000    1.7847024906e-03    4.8575772559e-04    2.8738534736e-04    1.2464439657e-05    1.2403756368e-05   -1.8169360005e-05   -9.4555649438e-06   -4.1892664524e-06
  14.6100000    1.7890911524e-03    4.9695073956e-04    2.9295702346e-04    1.4968749846e-05    1.3246772009e-05   -1.7762920025e-05   -9.3230125129e-06   -4.0685003310e-06
  14.6600000    1.7931122148e-03    5.0792234719e-04    2.9857378549e-04    1.7464035214e-05    1.4036713287e-05   -1.7345516949e-05   -9.1880480525e-06   -3.9403363138e-06
  14.7100000    1.7969270256e-03    5.1884303760e-04    3.0422556088e-04    1.9919318603e-05    1.4722363671e-05   -1.6929417588e-05   -9.0505072566e-06   -3.8047707646e-06
  14.7600000    1.8005298110e-03    5.2985128700e-04    3.0988844739e-04    2.2305118341e-05    1.5305307479e-05   -1.6527308736e-05   -8.9103214444e-06   -3.6617253446e-06
  14.8100000    1.8037488550e-03    5.4100943650e-04    3.1553436965e-04    2.4607536593e-05    1.5839194206e-05   -1.6146698126e-05   -8.7675112579e-06   -3.5110948945e-06
  14.8600000    1.8064076274e-03    5.5232755344e-04    3.2114445321e-04    2.6838200515e-05    1.6404438411e-05   -1.5786203165e-05   -8.6221614635e-06   -3.3528170598e-06
  14.9100000    1.8084674547e-03    5.6378804752e-04    3.2672044105e-04    2.9034436378e-05    1.7070642619e-05   -1.5435422888e-05   -8.4743881499e-06   -3.1869456464e-06
  14.9600000    1.8100059945e-03    5.7533987362e-04    3.3228929059e-04    3.1248642445e-05    1.7864755375e-05   -1.5078646307e-05   -8.3243060758e-06   -3.0137088630e-06
  15.0100000    1.8110754441e-03    5.8688104684e-04    3.3789866657e-04    3.3531170633e-05    1.8759902939e-05   -1.4701010491e-05   -8.1719989910e-06   -2.8335384496e-06
  15.0600000    1.8116125041e-03    5.9826418804e-04    3.4360434654e-04    3.5914384880e-05    1.9689603951e-05   -1.4294591140e-05   -8.0174940763e-06   -2.6470654325e-06
  15.1100000    1.8115033190e-03    6.0934765008e-04    3.4945347951e-04    3.8405167599e-05    2.0579823298e-05   -1.3861814919e-05   -7.8607442278e-06   -2.4550880970e-06
  15.1600000    1.8107285677e-03    6.2008199506e-04    3.5546931236e-04    4.0989133250e-05    2.1383070857e-05   -1.3414627205e-05   -7.7016250388e-06   -2.2585252629e-06
  15.2100000    1.8094231100e-03    6.3057509290e-04    3.6164289275e-04    4.3644159239e-05    2.2098409875e-05   -1.2969623821e-05   -7.5399535212e-06   -2.0583702818e-06
  15.2600000    1.8077717785e-03    6.4106232130e-04    3.6793526237e-04    4.6356367552e-05    2.2768708790e-05   -1.2541110564e-05   -7.3755296099e-06   -1.8556584982e-06
  15.3100000    1.8058321033e-03    6.5177003062e-04    3.7429018283e-04    4.9130589239e-05    2.3457798527e-05   -1.2135008129e-05   -7.2081901956e-06   -1.6514539872e-06
  15.3600000    1.8034554398e-03    6.6276791804e-04    3.8065348644e-04    5.1990118290e-05    2.4219668477e-05   -1.1746225745e-05   -7.0378553344e-06   -1.4468540007e-06
  15.4100000    1.8003928400e-03    6.7394443215e-04    3.8699215476e-04    5.4965790765e-05    2.5074884050e-05   -1.1360679160e-05   -6.8645427061e-06   -1.2430034785e-06
  15.4600000    1.7965018628e-03    6.8514052472e-04    3.9330560855e-04    5.8079531287e-05    2.6004864624e-05   -1.0961141243e-05   -6.6883348308e-06   -1.0411090917e-06
  15.5100000    1.7918741006e-03    6.9632336810e-04    3.9962414733e-04    6.1330060414e-05    2.6965196050e-05   -1.0534455821e-05   -6.5093014840e-06   -8.4244345053e-07
  15.5600000    1.7867710639e-03    7.0763384459e-04    4.0599444262e-04    6.4687352596e-05    2.7909768319e-05   -1.0077046801e-05   -6.3274017258e-06   -6.4833422492e-07
  15.6100000    1.7814259119e-03    7.1925870655e-04    4.1245759261e-04    6.8098367397e-05    2.8812912669e-05   -9.5963827629e-06   -6.1424044443e-06   -4.6013783333e-07
  15.6600000    1.7758818900e-03    7.3124486653e-04    4.1902897674e-04    7.1501592199e-05    2.9678867511e-05   -9.1077908778e-06   -5.9538664666e-06   -2.7920269560e-07
  15.7100000    1.7699935312e-03    7.4342392335e-04    4.2568900988e-04    7.4844359252e-05    3.0535262440e-05   -8.6279919749e-06   -5.7611906440e-06   -1.0682938151e-07
  15.7600000    1.7635669901e-03    7.5550912686e-04    4.3238952432e-04    7.8096218143e-05    3.1415738272e-05   -8.1680929812e-06   -5.5637572120e-06    5.5763680728e-08
  15.8100000    1.7565078943e-03    7.6727722663e-04    4.3907358817e-04    8.1253877061e-05    3.2341892358e-05   -7.7289496978e-06   -5.3610920932e-06    2.0746209974e-07
  15.8600000    1.7488656272e-03    7.7868981592e-04    4.4570022341e-04    8.4337067677e-05    3.3314062706e-05   -7.3007573479e-06   -5.1530176668e-06    3.4726132922e-07
  15.9100000    1.7407656688e-03    7.8987362604e-04    4.5226283819e-04    8.7378272330e-05    3.4314824659e-05   -6.8669278175e-06   -4.9397318386e-06    4.7425629371e-07
  15.9600000    1.7323013970e-03    8.0099198004e-04    4.5879275475e-04    9.0411079658e-05    3.5321833866e-05   -6.4105554978e-06   -4.7217822678e-06    5.8761894489e-07
  16.0100000    1.7234631974e-03    8.1211050160e-04    4.6534601053e-04    9.3461519838e-05    3.6321819503e-05   -5.9207923810e-06   -4.4999364337e-06    6.8657087929e-07
  16.0600000    1.7141419433e-03    8.2315281327e-04    4.7197947054e-04    9.6544663827e-05    3.7317582110e-05   -5.3966148526e-06   -4.2749825518e-06    7.7036004450e-07
  16.1100000    1.7041973520e-03    8.3397418112e-04    4.7872736770e-04    9.9666265397e-05    3.8324454225e-05   -4.8466381548e-06   -4.0475198829e-06    8.3825082674e-07
  16.1600000    1.6935460486e-03    8.4449733695e-04    4.8558909930e-04    1.0282742969e-04    3.9359024171e-05   -4.2852789703e-06   -3.8178009192e-06    8.8953399066e-07
  16.2100000    1.6822095402e-03    8.5480655363e-04    4.9253351537e-04    1.0602977375e-04    4.0427355999e-05   -3.7269836748e-06   -3.5856717839e-06    9.2355880011e-07
  16.2600000    1.6702866185e-03    8.6512100155e-04    4.9951681870e-04    1.0927913581e-04    4.1520020227e-05   -3.1808784200e-06   -3.3506272493e-06    9.3978369943e-07
  16.3100000    1.6578733132e-03    8.7565822962e-04    5.0650467064e-04    1.1258696031e-04    4.2617065859e-05   -2.6478623024e-06   -3.1119623962e-06    9.3783651241e-07
  16.3600000    1.6449980563e-03    8.8648841832e-04    5.1348749044e-04    1.1596938326e-04    4.3700100844e-05   -2.1210669742e-06   -2.8689753598e-06    9.1757098016e-07
  16.4100000    1.6316220501e-03    8.9749244377e-04    5.2048199954e-04    1.1944446248e-04    4.4764352742e-05   -1.5892382216e-06   -2.6211626572e-06    8.7910682206e-07
  16.4600000    1.6176905155e-03    9.0845447638e-04    5.2751954273e-04    1.2302807381e-04    4.5823414890e-05   -1.0415106702e-06   -2.3683526835e-06    8.2284376933e-07
  16.5100000    1.6031792335e-03    9.1921150580e-04    5.3462853809e-04    1.2672907942e-04    4.6903447823e-05   -4.7163890980e-07   -2.1107426390e-06    7.4944740480e-07
  16.5600000    1.5881033517e-03    9.2974312800e-04    5.4182088720e-04    1.3054471762e-04    4.8029612186e-05    1.1988778635e-07   -1.8488321585e-06    6.5981252371e-07
  16.6100000    1.5725036735e-03    9.4014581162e-04    5.4908907577e-04    1.3445765448e-04    4.9212064582e-05    7.2648816086e-07   -1.5832763837e-06    5.5501649742e-07
  16.6600000    1.5564352334e-03    9.5053418355e-04    5.5641393332e-04    1.3843634887e-04    5.0439359344e-05    1.3384315606e-06   -1.3147029891e-06    4.3627762012e-07
  16.7100000    1.5399508027e-03    9.6095743104e-04    5.6377662683e-04    1.4243984621e-04    5.1683221154e-05    1.9467841109e-06   -1.0435463205e-06    3.0493119993e-07
  16.7600000    1.5230592006e-03    9.7138330248e-04    5.7116626685e-04    1.4642670310e-04    5.2912490496e-05    2.5467761775e-06   -7.6994543597e-07    1.6242930700e-07
  16.8100000    1.5056803731e-03    9.8173713618e-04    5.7857788230e-04    1.5036587958e-04    5.4108985790e-05    3.1393419838e-06   -4.9373267512e-07    1.0361322423e-08
  16.8600000    1.4876634135e-03    9.9195367563e-04    5.8600248058e-04    1.5424598479e-04    5.5276874322e-05    3.7303652865e-06   -2.1451125650e-07   -1.4951574425e-07
  16.9100000    1.4688981088e-03    1.0020132766e-03    5.9341714766e-04    1.5807911571e-04    5.6440556016e-05    4.3280753311e-06    6.8205959022e-08   -3.1525199843e-07
  16.9600000    1.4494421961e-03    1.0119520334e-03    6.0078452393e-04    1.6189708434e-04    5.7632185508e-05    4.9397209414e-06    3.5484253598e-07   -4.8469874983e-07
  17.0100000    1.4295242196e-03    1.0218373100e-03    6.0806610495e-04    1.6574066732e-04    5.8875449542e-05    5.5688589848e-06    6.4563792685e-07   -6.5552992313e-07
  17.0600000    1.4093698975e-03    1.0317118854e-03    6.1524503750e-04    1.6964548607e-04    6.0174099379e-05    6.2142676489e-06    9.4059545448e-07   -8.2529042198e-07
  17.1100000    1.3889837059e-03    1.0415474205e-03    6.2234647000e-04    1.7362985097e-04    6.1511037174e-05    6.8707856665e-06    1.2395100769e-06   -9.9146251491e-07
  17.1600000    1.3681053649e-03    1.0512661063e-03    6.2944198581e-04    1.7768944065e-04    6.2858021965e-05    7.5315834579e-06    1.5420600453e-06   -1.1515361184e-06
  17.2100000    1.3464238005e-03    1.0608329369e-03    6.3663103068e-04    1.8180105368e-04    6.4190478400e-05    8.1908189192e-06    1.8479271863e-06   -1.3030683176e-06
  17.2600000    1.3238728950e-03    1.0703269536e-03    6.4400389903e-04    1.8593391209e-04    6.5499486600e-05    8.8455421208e-06    2.1569044498e-06   -1.4437222162e-06
  17.3100000    1.3007194986e-03    1.0798892690e-03    6.5160178394e-04    1.9006376046e-04    6.6794991850e-05    9.4961170109e-06    2.4689585397e-06   -1.5712823894e-06
  17.3600000    1.2773353604e-03    1.0895708424e-03    6.5939339983e-04    1.9418377007e-04    6.8099329114e-05    1.0145136891e-05    2.7842346636e-06   -1.6836522923e-06
  17.4100000    1.2538642210e-03    1.0992392360e-03    6.6728178958e-04    1.9830762978e-04    6.9435367567e-05    1.0795502235e-05    3.1030125222e-06   -1.7788443486e-06
  17.4600000    1.2301210106e-03    1.1086707953e-03    6.7514129268e-04    2.0246359806e-04    7.0816045819e-05    1.1448683975e-05    3.4256377679e-06   -1.8549741077e-06
  17.5100000    1.2058353126e-03    1.1177546092e-03    6.8286975735e-04    2.0668219031e-04    7.2240582929e-05    1.2104047184e-05    3.7524576032e-06   -1.9102667795e-06
  17.5600000    1.1809901950e-03    1.1265903649e-03    6.9043250045e-04    2.1098284548e-04    7.3698329644e-05    1.2759527101e-05    4.0837813106e-06   -1.9430774878e-06
  17.6100000    1.1558917326e-03    1.1353632725e-03    6.9787698182e-04    2.1536521484e-04    7.5176766128e-05    1.3413216656e-05    4.4198723371e-06   -1.9519201944e-06
  17.6600000    1.1308735259e-03    1.1441301052e-03    7.0530997740e-04    2.1980859656e-04    7.6668191772e-05    1.4064913557e-05    4.7609638168e-06   -1.9354960906e-06
  17.7100000    1.1059239426e-03    1.1527595616e-03    7.1284630575e-04    2.2427951988e-04    7.8171194061e-05    1.4716662172e-05    5.1072805730e-06   -1.8927123456e-06
  17.7600000    1.0806191120e-03    1.1610980543e-03    7.2055163927e-04    2.2874412537e-04    7.9686860608e-05    1.5371846633e-05    5.4590510120e-06   -1.8226868541e-06
  17.8100000    1.0544477422e-03    1.1691713506e-03    7.2840511884e-04    2.3318018032e-04    8.1213344317e-05    1.6033205661e-05    5.8164999272e-06   -1.7247413356e-06
  17.8600000    1.0272296354e-03    1.1771861122e-03    7.3629882872e-04    2.3758395272e-04    8.2743457928e-05    1.6700827089e-05    6.1798242863e-06   -1.5983911045e-06
  17.9100000    9.9924479972e-04    1.1853182225e-03    7.4407475964e-04    2.4196944823e-04    8.4267793927e-05    1.7371355494e-05    6.5491635477e-06   -1.4433423290e-06
  17.9600000    9.7097261578e-04    1.1935133454e-03    7.5158335664e-04    2.4636067324e-04    8.5781856412e-05    1.8039155920e-05    6.9245798209e-06   -1.2595043034e-06
  18.0100000    9.4269545206e-04    1.2015167930e-03    7.5873863114e-04    2.5078033897e-04    8.7292474962e-05    1.8699206502e-05    7.3060600630e-06   -1.0470170112e-06
  18.0600000    9.1431379995e-04    1.2091131805e-03    7.6554697794e-04    2.5523972533e-04    8.8818526168e-05    1.9350504944e-05    7.6935437282e-06   -8.0628523988e-07
  18.1100000    8.8549876138e-04    1.2163465070e-03    7.7209886164e-04    2.5973383615e-04    9.0384071699e-05    1.9998289412e-05    8.0869696246e-06   -5.3800386697e-07
  18.1600000    8.5600900815e-04    1.2235103960e-03    7.7852865042e-04    2.6424377867e-04    9.2006685663e-05    2.0653710133e-05    8.4863269547e-06   -2.4315813979e-07
  18.2100000    8.2588838244e-04    1.2309076873e-03    7.8496081880e-04    2.6874535664e-04    9.3687160616e-05    2.1330670893e-05    8.8916931382e-06    7.7011082586e-08
  18.2600000    7.9539924056e-04    1.2385788164e-03    7.9146512541e-04    2.7322031601e-04    9.5406744534e-05    2.2040924129e-05    9.3032439354e-06    4.2107597565e-07
  18.3100000    7.6478349595e-04    1.2462284489e-03    7.9803793513e-04    2.7766552632e-04    9.7134351739e-05    2.2789494769e-05    9.7212304770e-06    7.8751094379e-07
  18.3600000    7.3407333748e-04    1.2534266172e-03    8.0461469617e-04    2.8209611846e-04    9.8840777216e-05    2.3572589709e-05    1.0145928200e-05    1.1747802290e-06
  18.4100000    7.0310542967e-04    1.2599395072e-03    8.1110543306e-04    2.8654101184e-04    1.0051287671e-04    2.4379192102e-05    1.0577572897e-05    1.5814011632e-06
  18.4600000    6.7170205944e-04    1.2659231342e-03    8.1743660945e-04    2.9103244421e-04    1.0216033181e-04    2.5195908259e-05    1.1016303722e-05    2.0059673649e-06
  18.5100000    6.3983978626e-04    1.2718057456e-03    8.2358195215e-04    2.9559376326e-04    1.0381131245e-04    2.6013063352e-05    1.1462131422e-05    2.4471297984e-06
  18.5600000    6.0765242033e-04    1.2779448839e-03    8.2957129590e-04    3.0023066190e-04    1.0549912250e-04    2.6829289299e-05    1.1914942543e-05    2.9035477633e-06
  18.6100000    5.7528005908e-04    1.2843527566e-03    8.3547667212e-04    3.0492969667e-04    1.0724663340e-04    2.7652341562e-05    1.2374538984e-05    3.3738320207e-06
  18.6600000    5.4272155365e-04    1.2907266313e-03    8.4138401253e-04    3.0966476309e-04    1.0905641081e-04    2.8495478987e-05    1.2840700696e-05    3.8565040350e-06
  18.7100000    5.0983541586e-04    1.2967328352e-03    8.4736325223e-04    3.1440855664e-04    1.1091134842e-04    2.9370767807e-05    1.3313252756e-05    4.3499883714e-06
  18.7600000    4.7648056305e-04    1.3022597951e-03    8.5344808638e-04    3.1914362616e-04    1.1278504586e-04    3.0282203389e-05    1.3792117232e-05    4.8526422923e-06
  18.8100000    4.4265064471e-04    1.3074205438e-03    8.5963070724e-04    3.2386769161e-04    1.1465611845e-04    3.1221834076e-05    1.4277335831e-05    5.3628128176e-06
  18.8600000    4.0847130139e-04    1.3123665700e-03    8.6586982368e-04    3.2859058343e-04    1.1651877028e-04    3.2170912347e-05    1.4769059763e-05    5.8789021407e-06
  18.9100000    3.7407481889e-04    1.3171522569e-03    8.7210547978e-04    3.3332430200e-04    1.1838419691e-04    3.3105944163e-05    1.5267513157e-05    6.3994202999e-06
  18.9600000    3.3948613407e-04    1.3217766488e-03    8.7827344127e-04    3.3807130772e-04    1.2027241956e-04    3.4007297723e-05    1.5772944107e-05    6.9230106372e-06
  19.0100000    3.0462948014e-04    1.3262882914e-03    8.8431476525e-04    3.4281738372e-04    1.2219926867e-04    3.4866775832e-05    1.6285579189e-05    7.4484449788e-06
  19.0600000    2.6943543496e-04    1.3307704531e-03    8.9018039026e-04    3.4753350190e-04    1.2416575947e-04    3.5690862720e-05    1.6805593919e-05    7.9745972462e-06
  19.1100000    2.3393556979e-04    1.3352021288e-03    8.9583352625e-04    3.5218683885e-04    1.2615579195e-04    3.6498141609e-05    1.7333104682e-05    8.5004123677e-06
  19.1600000    1.9826045902e-04    1.3393831288e-03    9.0125269338e-04    3.5675643439e-04    1.2814372390e-04    3.7311881204e-05    1.7868179742e-05    9.0248877554e-06
  19.2100000    1.6255399517e-04    1.3430707331e-03    9.0643577169e-04    3.6124624792e-04    1.3010820066e-04    3.8150895208e-05    1.8410860907e-05    9.5470792497e-06
  19.2600000    1.2687572986e-04    1.3462327517e-03    9.1140234439e-04    3.6568899253e-04    1.3204528401e-04    3.9022536178e-05    1.8961185314e-05    1.0066132874e-05
  19.3100000    9.1149191562e-05    1.3491521426e-03    9.1619034419e-04    3.7013797537e-04    1.3397402755e-04    3.9920740771e-05    1.9519198270e-05    1.0581333454e-05
  19.3600000    5.5179543376e-05    1.3522283095e-03    9.2084486095e-04    3.7464953551e-04    1.3593110082e-04    4.0829817280e-05    2.0084953145e-05    1.1092154413e-05
  19.4100000    1.8746707556e-05    1.3556186449e-03    9.2540126742e-04    3.7926306441e-04    1.3795618782e-04    4.1732164326e-05    2.0658500429e-05    1.1598291859e-05
  19.4600000   -1.8250394876e-05    1.3590513359e-03    9.2986913887e-04    3.8398694147e-04    1.4007427946e-04    4.2616458874e-05    2.1239873012e-05    1.2099671065e-05
  19.5100000   -5.5688764987e-05    1.3620128710e-03    9.3422493545e-04    3.8879635265e-04    1.4228266530e-04    4.3482775688e-05    2.1829077751e-05    1.2596422221e-05
  19.5600000   -9.3273642303e-05    1.3641722093e-03    9.3841853480e-04    3.9364393997e-04    1.4454869580e-04    4.4342591144e-05    2.2426101164e-05    1.3088831779e-05
  19.6100000   -1.3075969483e-04    1.3656677826e-03    9.4239232711e-04    3.9847882314e-04    1.4682002250e-04    4.5213951408e-05    2.3030932365e-05    1.3577283031e-05
  19.6600000   -1.6816446721e-04    1.3669890899e-03    9.4610482681e-04    4.0326614366e-04    1.4904388713e-04    4.6114162615e-05    2.3643598742e-05    1.4062202015e-05
  19.7100000   -2.0574376213e-04    1.3685494998e-03    9.4954742394e-04    4.0799932624e-04    1.5118821424e-04    4.7053266370e-05    2.4264203435e-05    1.4544022317e-05
  19.7600000   -2.4370925821e-04    1.3703343774e-03    9.5274535680e-04    4.1270056373e-04    1.5325625515e-04    4.8030964876e-05    2.4892950707e-05    1.5023174998e-05
  19.8100000   -2.8196339124e-04    1.3719424898e-03    9.5574159438e-04    4.1741000933e-04    1.5528869180e-04    4.9037943520e-05    2.5530147141e-05    1.5500101474e-05
  19.8600000   -3.2015969695e-04    1.3729735957e-03    9.5857142510e-04    4.2216858646e-04    1.5735161678e-04    5.0060578035e-05    2.6176174279e-05    1.5975278849e-05
  19.9100000   -3.5807120801e-04    1.3733942010e-03    9.6124123953e-04    4.2700141121e-04    1.5951402557e-04    5.1086718668e-05    2.6831437601e-05    1.6449243509e-05
  19.9600000   -3.9589199802e-04    1.3735417332e-03    9.6372374640e-04    4.3190794569e-04    1.6182253518e-04    5.2110120501e-05    2.7496305703e-05    1.6922599693e-05
  20.0100000   -4.3412053171e-04    1.3737766375e-03    9.6597368857e-04    4.3686186571e-04    1.6428251946e-04    5.3132032250e-05    2.8171057080e-05    1.7396006125e-05
  20.0600000   -4.7309204404e-04    1.3741260985e-03    9.6795692112e-04    4.4181977149e-04    1.6685310633e-04    5.4159874417e-05    2.8855849604e-05    1.7870142810e-05
  20.1100000   -5.1260992583e-04    1.3742619522e-03    9.6967742206e-04    4.4673489510e-04    1.6945894203e-04    5.5204104942e-05    2.9550719560e-05    1.8345668540e-05
  20.1600000   -5.5206203504e-04    1.3738240032e-03    9.7118627855e-04    4.5157082886e-04    1.7201568416e-04    5.6274811076e-05    3.0255606845e-05    1.8823184349e-05
  20.2100000   -5.9094890152e-04    1.3727645341e-03    9.7256491079e-04    4.5631106347e-04    1.7446083217e-04    5.7379255197e-05    3.0970394893e-05    1.9303216283e-05
  20.2600000   -6.2935025409e-04    1.3713785649e-03    9.7388802580e-04    4.6096208866e-04    1.7677875341e-04    5.8520891791e-05    3.1694950909e-05    1.9786223612e-05
  20.3100000   -6.6790192297e-04    1.3700021245e-03    9.7518328598e-04    4.6554999985e-04    1.7900994011e-04    5.9699728835e-05    3.2429155109e-05    2.0272627679e-05
  20.3600000   -7.0729746793e-04    1.3686841607e-03    9.7640813217e-04    4.7011221401e-04    1.8123966588e-04    6.0913609492e-05    3.3172915739e-05    2.0762847141e-05
  20.4100000   -7.4774832922e-04    1.3671465780e-03    9.7745719485e-04    4.7468673899e-04    1.8356878659e-04    6.2160006411e-05    3.3926174082e-05    2.1257321562e-05
  20.4600000   -7.8884905054e-04    1.3650504532e-03    9.7819925443e-04    4.7930159597e-04    1.8607671738e-04    6.3438003500e-05    3.4688909019e-05    2.1756508992e-05
  20.5100000   -8.2990870382e-04    1.3622984064e-03    9.7852787973e-04    4.8396675337e-04    1.8879060308e-04    6.4750062222e-05    3.5461149489e-05    2.2260853582e-05
  20.5600000   -8.7040846262e-04    1.3591002682e-03    9.7840235360e-04    4.8867046180e-04    1.9167332410e-04    6.6102940794e-05    3.6242996828e-05    2.2770732543e-05
  20.6100000   -9.1020409329e-04    1.3557769443e-03    9.7785949157e-04    4.9338114875e-04    1.9463622736e-04    6.7507015248e-05    3.7034650157e-05    2.3286402012e-05
  20.6600000   -9.4940630296e-04    1.3525069916e-03    9.7699084707e-04    4.9805491542e-04    1.9757266786e-04    6.8973565552e-05    3.7836420213e-05    2.3807963891e-05
  20.7100000   -9.8818042284e-04    1.3492300448e-03    9.7589674701e-04    5.0264721293e-04    2.0039954982e-04    7.0510436530e-05    3.8648715318e-05    2.4335369393e-05
  20.7600000   -1.0266965201e-03    1.3457508814e-03    9.7463997687e-04    5.0712579413e-04    2.0309003260e-04    7.2117561982e-05    3.9471988959e-05    2.4868461446e-05
  20.8100000   -1.0652003671e-03    1.3419213074e-03    9.7322177255e-04    5.1148112207e-04    2.0568356597e-04    7.3784533351e-05    4.0306651294e-05    2.5407043242e-05
  20.8600000   -1.1040034840e-03    1.3377421413e-03    9.7159100046e-04    5.1573062470e-04    2.0826858913e-04    7.5492097389e-05    4.1152963371e-05    2.5950949613e-05
  20.9100000   -1.1433058015e-03    1.3333158599e-03    9.6968003283e-04    5.1991473248e-04    2.1094482939e-04    7.7218013161e-05    4.2010946288e-05    2.6500096579e-05
  20.9600000   -1.1830089780e-03    1.3287055714e-03    9.6744693211e-04    5.2408518588e-04    2.1378109072e-04    7.8945577007e-05    4.2880342475e-05    2.7054492518e-05
  21.0100000   -1.2227465276e-03    1.3238317573e-03    9.6490054780e-04    5.2828882690e-04    2.1678659396e-04    8.0671348363e-05    4.3760658163e-05    2.7614208934e-05
  21.0600000   -1.2621581410e-03    1.3185121918e-03    9.6209473291e-04    5.3255197420e-04    2.1990814025e-04    8.2408240982e-05    4.4651294048e-05    2.8179323768e-05
  21.1100000   -1.3011855058e-03    1.3126271091e-03    9.5909508662e-04    5.3687073030e-04    2.2305406580e-04    8.4181677395e-05    4.5551740999e-05    2.8749859331e-05
  21.1600000   -1.3401319725e-03    1.3062585170e-03    9.5593717008e-04    5.4121095209e-04    2.2613419348e-04    8.6019493432e-05    4.6461787815e-05    2.9325738047e-05
  21.2100000   -1.3794384872e-03    1.2996434351e-03    9.5260042348e-04    5.4551857629e-04    2.2909809844e-04    8.7939411051e-05    4.7381670464e-05    2.9906770322e-05
  21.2600000   -1.4193673001e-03    1.2929467776e-03    9.4901380254e-04    5.4973750311e-04    2.3195509966e-04    8.9939587033e-05    4.8312096580e-05    3.0492676191e-05
  21.3100000   -1.4598336792e-03    1.2860662338e-03    9.4509156464e-04    5.5382946705e-04    2.3476787839e-04    9.1996938234e-05    4.9254108205e-05    3.1083129059e-05
  21.3600000   -1.5004716997e-03    1.2786996017e-03    9.4078015808e-04    5.5778923183e-04    2.3762351632e-04    9.4074749756e-05    5.0208795873e-05    3.1677802213e-05
  21.4100000   -1.5408315641e-03    1.2706620803e-03    9.3608964954e-04    5.6164950299e-04    2.4059555702e-04    9.6136833444e-05    5.1176932892e-05    3.2276398526e-05
  21.4600000   -1.5805439027e-03    1.2621572399e-03    9.3109031346e-04    5.6547296681e-04    2.4371404415e-04    9.8162227727e-05    5.2158642003e-05    3.2878651023e-05
  21.5100000   -1.6193693702e-03    1.2536987742e-03    9.2587364679e-04    5.6933302789e-04    2.4695610970e-04    1.0015380530e-04    5.3153218178e-05    3.3484293008e-05
  21.5600000   -1.6571772836e-03    1.2457059136e-03    9.2049730681e-04    5.7328887895e-04    2.5025990415e-04    1.0213666707e-04    5.4159201376e-05    3.4093008163e-05
  21.6100000   -1.6939509024e-03    1.2381372316e-03    9.1494399281e-04    5.7736312510e-04    2.5355416877e-04    1.0414679715e-04    5.5174723412e-05    3.4704378568e-05
  21.6600000   -1.7298600872e-03    1.2305148155e-03    9.0911859976e-04    5.8153020280e-04    2.5678932470e-04    1.0621498815e-04    5.6198062148e-05    3.5317850915e-05
  21.7100000   -1.7653324192e-03    1.2223137679e-03    9.0288826761e-04    5.8572088245e-04    2.5995625651e-04    1.0835331253e-04    5.7228251901e-05    3.5932736952e-05
  21.7600000   -1.8010016187e-03    1.2133371667e-03    8.9614640394e-04    5.8984282571e-04    2.6308545140e-04    1.1055026112e-04    5.8265552624e-05    3.6548255763e-05
  21.8100000   -1.8374834542e-03    1.2037361602e-03    8.8886727024e-04    5.9381111256e-04    2.6622850243e-04    1.1277660378e-04    5.9311595333e-05    3.7163614711e-05
  21.8600000   -1.8750728248e-03    1.1937187406e-03    8.8112086916e-04    5.9757811599e-04    2.6943180123e-04    1.1499900604e-04    6.0369102018e-05    3.7778115616e-05
  21.9100000   -1.9135441783e-03    1.1832997110e-03    8.7303789462e-04    6.0115116623e-04    2.7271510794e-04    1.1719489398e-04    6.1441207806e-05    3.8391265420e-05
  21.9600000   -1.9521969629e-03    1.1723529360e-03    8.6474125285e-04    6.0459007566e-04    2.7606461209e-04    1.1936169512e-04    6.2530553011e-05    3.9002867884e-05
  22.0100000   -1.9901583096e-03    1.1608615134e-03    8.5627973595e-04    6.0798395824e-04    2.7944282928e-04    1.2151650568e-04    6.3638416045e-05    3.9613075682e-05
  22.0600000   -2.0268172534e-03    1.1490478751e-03    8.4759996869e-04    6.1141526082e-04    2.8280972537e-04    1.2368692182e-04    6.4764182031e-05    4.0222389621e-05
  22.1100000   -2.0621671567e-03    1.1372350663e-03    8.3857358343e-04    6.1492499683e-04    2.8614445538e-04    1.2589788296e-04    6.5905367174e-05    4.0831603155e-05
  22.1600000   -2.0968277619e-03    1.1256150632e-03    8.2906728932e-04    6.1849386055e-04    2.8945718379e-04    1.2816093039e-04    6.7058257646e-05    4.1441702479e-05
  22.2100000   -2.1316787322e-03    1.1141796529e-03    8.1901960700e-04    6.2204826193e-04    2.9278540045e-04    1.3047065997e-04    6.8219018398e-05    4.2053743031e-05
  22.2600000   -2.1673245654e-03    1.1028285273e-03    8.0848271556e-04    6.2549019263e-04    2.9617657932e-04    1.3280933650e-04    6.9384949901e-05    4.2668729134e-05
  22.3100000   -2.2037822356e-03    1.0914461125e-03    7.9760468894e-04    6.2873933078e-04    2.9966549725e-04    1.3515665747e-04    7.0555483972e-05    4.3287522843e-05
  22.3600000   -2.2406066290e-03    1.0798361389e-03    7.8655812905e-04    6.3176964656e-04    3.0325707563e-04    1.3749948309e-04    7.1732557258e-05    4.3910800505e-05
  22.4100000   -2.2771538198e-03    1.0691640272e-03    7.7544995671e-04    6.3462420140e-04    3.0692306132e-04    1.3983690957e-04    7.2920179823e-05    4.4539061782e-05
  22.4600000   -2.3130491059e-03    1.0565767036e-03    7.6425865593e-04    6.3740058410e-04    3.1061437477e-04    1.4217883571e-04    7.4123277847e-05    4.5172680739e-05
  22.5100000   -2.3490619531e-03    1.0425787167e-03    7.5283029049e-04    6.4021142771e-04    3.1428351394e-04    1.4453956235e-04    7.5346149256e-05    4.5811974564e-05
  22.5600000   -2.3841477234e-03    1.0275762014e-03    7.4094122175e-04    6.4313804702e-04    3.1790650023e-04    1.4693020442e-04    7.6591033268e-05    4.6457259057e-05
  22.6100000   -2.4179907290e-03    1.0123435863e-03    7.2839676377e-04    6.4619586588e-04    3.2149387091e-04    1.4935378154e-04    7.7857294148e-05    4.7108863293e-05
  22.6600000   -2.4513461982e-03    9.9750521910e-04    7.1511921164e-04    6.4932787766e-04    3.2508528048e-04    1.5180498416e-04    7.9141539591e-05    4.7767089715e-05
  22.7100000   -2.4853356625e-03    9.8317303678e-04    7.0118308946e-04    6.5242905196e-04    3.2873006346e-04    1.5427398160e-04    8.0438686485e-05    4.8432126958e-05
  22.7600000   -2.5203746011e-03    9.6900063110e-04    6.8678142099e-04    6.5539091857e-04    3.3246292399e-04    1.5675170189e-04    8.1743651880e-05    4.9103944534e-05
  22.8100000   -2.5558102000e-03    9.5447018998e-04    6.7214020089e-04    6.5814640852e-04    3.3628640319e-04    1.5923369196e-04    8.3053105906e-05    4.9782212462e-05
  22.8600000   -2.5906266515e-03    9.3910857695e-04    6.5742237289e-04    6.6069495863e-04    3.4016861912e-04    1.6172090754e-04    8.4366669435e-05    5.0466289020e-05
  22.9100000   -2.6244817034e-03    9.2259727047e-04    6.4266588065e-04    6.6309703618e-04    3.4405743134e-04    1.6421769654e-04    8.5687104819e-05    5.1155302058e-05
  22.9600000   -2.6580271818e-03    9.0492204386e-04    6.2778198662e-04    6.6544139306e-04    3.4790424653e-04    1.6672867812e-04    8.7019385620e-05    5.1848318715e-05
  23.0100000   -2.6922157510e-03    8.8651779564e-04    6.1261008063e-04    6.6780087593e-04    3.5168609605e-04    1.6925645361e-04    8.8368927111e-05    5.2544563503e-05
  23.0600000   -2.7272839927e-03    8.6814097557e-04    5.9699889097e-04    6.7019760751e-04    3.5541566473e-04    1.7180116432e-04    8.9739572566e-05    5.3243618760e-05
  23.1100000   -2.7623775479e-03    8.5039517496e-04    5.8087394632e-04    6.7259349995e-04    3.5913503499e-04    1.7436156913e-04    9.1132042636e-05    5.3945536415e-05
  23.1600000   -2.7961847907e-03    8.3328395297e-04    5.6426110123e-04    6.7490975953e-04    3.6289685267e-04    1.7693644430e-04    9.2543418468e-05    5.4650809461e-05
  23.2100000   -2.8280675490e-03    8.1625126030e-04    5.4725960676e-04    6.7706524248e-04    3.6674233526e-04    1.7952521513e-04    9.3967884391e-05    5.5360193326e-05
  23.2600000   -2.8587380617e-03    7.9868466396e-04    5.2998300206e-04    6.7901484466e-04    3.7068621529e-04    1.8212762208e-04    9.5398521913e-05    5.6074416419e-05
  23.3100000   -2.8898510754e-03    7.8036125826e-04    5.1249986911e-04    6.8076963085e-04    3.7471429724e-04    1.8474318379e-04    9.6829577310e-05    5.6793859248e-05
  23.3600000   -2.9227315686e-03    7.6143562817e-04    4.9480347632e-04    6.8238970780e-04    3.7879247952e-04    1.8737149177e-04    9.8258453577e-05    5.7518296937e-05
  23.4100000   -2.9572093909e-03    7.4214175382e-04    4.7682247397e-04    6.8395425046e-04    3.8288069964e-04    1.9001368935e-04    9.9686766026e-05    5.8246783149e-05
  23.4600000   -2.9915532022e-03    7.2264884717e-04    4.5846354227e-04    6.8552401640e-04    3.8694411845e-04    1.9267428913e-04    1.0112011614e-04    5.8977710359e-05
  23.5100000   -3.0236794022e-03    7.0314773582e-04    4.3966197666e-04    6.8711486958e-04    3.9095719888e-04    1.9536165093e-04    1.0256666723e-04    5.9709026203e-05
  23.5600000   -3.0527560912e-03    6.8382072338e-04    4.2041430345e-04    6.8869489530e-04    3.9490175233e-04    1.9808573682e-04    1.0403499363e-04    6.0438538336e-05
  23.6100000   -3.0799079843e-03    6.6453863556e-04    4.0077789781e-04    6.9020571754e-04    3.9876399813e-04    2.0085325952e-04    1.0553188857e-04    6.1164218815e-05
  23.6600000   -3.1073801998e-03    6.4469881346e-04    3.8083982266e-04    6.9159660128e-04    4.0253571349e-04    2.0366228067e-04    1.0706078849e-04    6.1884427489e-05
  23.7100000   -3.1367845846e-03    6.2366176462e-04    3.6067187817e-04    6.9285371820e-04    4.0622070078e-04    2.0649946249e-04    1.0862122809e-04    6.2598009325e-05
  23.7600000   -3.1678836919e-03    6.0149209216e-04    3.4029434727e-04    6.9400949949e-04    4.0984264172e-04    2.0934256453e-04    1.1020938087e-04    6.3304265787e-05
  23.8100000   -3.1989641283e-03    5.7909816951e-04    3.1966542317e-04    6.9512692321e-04    4.1344746628e-04    2.1216837577e-04    1.1181940120e-04    6.4002838238e-05
  23.8600000   -3.2284494754e-03    5.5738287401e-04    2.9870041408e-04    6.9626598497e-04    4.1709492019e-04    2.1496317212e-04    1.1344508020e-04    6.4693558607e-05
  23.9100000   -3.2562456193e-03    5.3623168959e-04    2.7731115578e-04    6.9744849907e-04    4.2083963225e-04    2.1773070449e-04    1.1508131387e-04    6.5376316846e-05
  23.9600000   -3.2835645404e-03    5.1454621412e-04    2.5544780262e-04    6.9863858122e-04    4.2470862343e-04    2.2049306206e-04    1.1672503390e-04    6.6050972643e-05
  24.0100000   -3.3114785691e-03    4.9141117421e-04    2.3312527438e-04    6.9974918659e-04    4.2868592857e-04    2.2328273367e-04    1.1837548665e-04    6.6717315129e-05
  24.0600000   -3.3397188449e-03    4.6710760819e-04    2.1042399840e-04    7.0067323041e-04    4.3271327013e-04    2.2612855205e-04    1.2003396242e-04    6.7375059854e-05
  24.1100000   -3.3669228357e-03    4.4278755491e-04    1.8746520296e-04    7.0132655038e-04    4.3670893211e-04    2.2904174731e-04    1.2170319872e-04    6.8023872407e-05
  24.1600000   -3.3919943227e-03    4.1919153089e-04    1.6437029177e-04    7.0168431796e-04    4.4059838397e-04    2.3200904722e-04    1.2338668496e-04    6.8663417659e-05
  24.2100000   -3.4151487334e-03    3.9593769714e-04    1.4121866887e-04    7.0179487920e-04    4.4434418560e-04    2.3499694716e-04    1.2508801707e-04    6.9293442694e-05
  24.2600000   -3.4377028154e-03    3.7219716971e-04    1.1801806175e-04    7.0176426795e-04    4.4796241665e-04    2.3796605858e-04    1.2681035273e-04    6.9913899033e-05
  24.3100000   -3.4610341274e-03    3.4784500467e-04    9.4697084988e-05    7.0171676252e-04    4.5151854077e-04    2.4088932468e-04    1.2855596296e-04    7.0525093430e-05
  24.3600000   -3.4857865214e-03    3.2358539415e-04    7.1123365946e-05    7.0174678397e-04    4.5510444443e-04    2.4376549083e-04    1.3032588618e-04    7.1127831847e-05
  24.4100000   -3.5117881049e-03    2.9985639458e-04    4.7143596471e-05    7.0188116374e-04    4.5880611132e-04    2.4662093269e-04    1.3211974504e-04    7.1723502828e-05
  24.4600000   -3.5383021765e-03    2.7591482478e-04    2.2635468259e-05    7.0206695440e-04    4.6267451489e-04    2.4949815429e-04    1.3393582981e-04    7.2314048439e-05
  24.5100000   -3.5642376235e-03    2.5037715876e-04   -2.4433382998e-06    7.0219014019e-04    4.6670984560e-04    2.5243556142e-04    1.3577153307e-04    7.2901798584e-05
  24.5600000   -3.5885064847e-03    2.2274314529e-04   -2.8025610106e-05    7.0211867807e-04    4.7086292862e-04    2.5544746117e-04    1.3762412174e-04    7.3489192262e-05
  24.6100000   -3.6107214333e-03    1.9416627129e-04   -5.3937869021e-05    7.0175381908e-04    4.7505098587e-04    2.5851348112e-04    1.3949168329e-04    7.4078458699e-05
  24.6600000   -3.6317016077e-03    1.6650614779e-04   -7.9941119773e-05    7.0107018263e-04    4.7918074502e-04    2.6158254860e-04    1.4137395465e-04    7.4671359705e-05
  24.7100000   -3.6529608578e-03    1.4061201143e-04   -1.0580092657e-04    7.0012889323e-04    4.8317142492e-04    2.6459009116e-04    1.4327270849e-04    7.5269086092e-05
  24.7600000   -3.6753113081e-03    1.1562178850e-04   -1.3136583622e-04    6.9905787812e-04    4.8697234226e-04    2.6748123975e-04    1.4519147429e-04    7.5872353758e-05
  24.8100000   -3.6979626574e-03    8.9917488557e-05   -1.5662597277e-04    6.9800563421e-04    4.9057268407e-04    2.7023024368e-04    1.4713459104e-04    7.6481674466e-05
  24.8600000   -3.7192856171e-03    6.2638717513e-05   -1.8172671717e-04    6.9708494790e-04    4.9400269734e-04    2.7284815487e-04    1.4910584825e-04    7.7097710097e-05
  24.9100000   -3.7386058531e-03    3.4243930956e-05   -2.0692663109e-04    6.9632738727e-04    4.9732596486e-04    2.7537613765e-04    1.5110716312e-04    7.7721584223e-05
  24.9600000   -3.7570422017e-03    5.7907896924e-06   -2.3250990954e-04    6.9566611239e-04    5.0062276341e-04    2.7786798961e-04    1.5313777633e-04    7.8355037487e-05
  25.0100000   -3.7763178359e-03   -2.2093957311e-05   -2.5868333191e-04    6.9495462622e-04    5.0396618799e-04    2.8036978500e-04    1.5519429379e-04    7.9000370395e-05
  25.0600000   -3.7967914347e-03   -4.9533219368e-05   -2.8549698301e-04    6.9401596118e-04    5.0739607561e-04    2.8290515887e-04    1.5727160866e-04    7.9660195524e-05
  25.1100000   -3.8169354637e-03   -7.6974679164e-05   -3.1282162603e-04    6.9270522116e-04    5.1089927317e-04    2.8547161897e-04    1.5936441250e-04    8.0337090849e-05
  25.1600000   -3.8348588917e-03   -1.0473794639e-04   -3.4039480253e-04    6.9096274564e-04    5.1440579652e-04    2.8804807431e-04    1.6146877967e-04    8.1033277837e-05
  25.2100000   -3.8501326038e-03   -1.3299983635e-04   -3.6792039249e-04    6.8883777113e-04    5.1780677717e-04    2.9060897895e-04    1.6358327578e-04    8.1750431693e-05
  25.2600000   -3.8639329008e-03   -1.6196414008e-04   -3.9518383607e-04    6.8647269489e-04    5.2099190280e-04    2.9313819015e-04    1.6570921656e-04    8.2489673906e-05
  25.3100000   -3.8775977941e-03   -1.9175994772e-04   -4.2213735724e-04    6.8405237797e-04    5.2389435497e-04    2.9563659775e-04    1.6785001992e-04    8.3251726532e-05
  25.3600000   -3.8914773719e-03   -2.2212169682e-04   -4.4892025074e-04    6.8173616179e-04    5.2652488892e-04    2.9812101950e-04    1.7000992596e-04    8.4037150631e-05
  25.4100000   -3.9053175618e-03   -2.5236426876e-04   -4.7580465895e-04    6.7959740282e-04    5.2897794327e-04    3.0061596136e-04    1.7219257706e-04    8.4846573425e-05
  25.4600000   -3.9193317153e-03   -2.8189874057e-04   -5.0308705626e-04    6.7759341588e-04    5.3140257804e-04    3.0314270673e-04    1.7439996977e-04    8.5680830744e-05
  25.5100000   -3.9343086975e-03   -3.1082924810e-04   -5.3096767251e-04    6.7557809541e-04    5.3394626611e-04    3.0571071906e-04    1.7663211510e-04    8.6541000068e-05
  25.5600000   -3.9505170779e-03   -3.3992912318e-04   -5.5946527656e-04    6.7335380073e-04    5.3669335539e-04    3.0831462437e-04    1.7888744962e-04    8.7428350607e-05
  25.6100000   -3.9668547679e-03   -3.6989590404e-04   -5.8841607511e-04    6.7078236333e-04    5.3931787403e-04    3.1146364216e-04    1.8153587868e-04    8.8772126686e-05
  25.6600000   -3.9814629423e-03   -4.0059734492e-04   -6.1745280297e-04    6.6770929305e-04    5.4209488335e-04    3.1398637910e-04    1.8398264616e-04    8.9703236076e-05
  25.7100000   -3.9932195056e-03   -4.3111883387e-04   -6.4630987149e-04    6.6418243531e-04    5.4485374902e-04    3.1645779505e-04    1.8643777219e-04    9.0650684711e-05
  25.7600000   -4.0024760552e-03   -4.6064245543e-04   -6.7473901988e-04    6.6034887864e-04    5.4748729986e-04    3.1889100030e-04    1.8889369341e-04    9.1624520563e-05
  25.8100000   -4.0103748069e-03   -4.8931615970e-04   -7.0265605867e-04    6.5641591926e-04    5.4992397514e-04    3.2130737699e-04    1.9134832767e-04    9.2634482820e-05
  25.8600000   -4.0177612529e-03   -5.1821903620e-04   -7.3016174087e-04    6.5257332682e-04    5.5216010261e-04    3.2372898513e-04    1.9380328664e-04    9.3688217028e-05
  25.9100000   -4.0249810127e-03   -5.4839443892e-04   -7.5749429564e-04    6.4892144047e-04    5.5425780241e-04    3.2617137441e-04    1.9626195534e-04    9.4790214616e-05
  25.9600000   -4.0324880038e-03   -5.7987195088e-04   -7.8493439507e-04    6.4543307628e-04    5.5630809706e-04    3.2863916034e-04    1.9872788876e-04    9.5941648948e-05
  26.0100000   -4.0410433274e-03   -6.1165896691e-04   -8.1270081803e-04    6.4196443911e-04    5.5837697896e-04    3.3112529962e-04    2.0120379644e-04    9.7140986521e-05
  26.0600000   -4.0508679139e-03   -6.4272530632e-04   -8.4087672609e-04    6.3831103976e-04    5.6046222076e-04    3.3361357520e-04    2.0369115501e-04    9.8385047311e-05
  26.1100000   -4.0606995679e-03   -6.7296720513e-04   -8.6939224636e-04    6.3428665411e-04    5.6248487407e-04    3.3608300895e-04    2.0619031682e-04    9.9670136325e-05
  26.1600000   -4.0682299692e-03   -7.0313858622e-04   -8.9806548810e-04    6.2979399685e-04    5.6432268627e-04    3.3851289509e-04    2.0870090317e-04    1.0099294955e-04
  26.2100000   -4.0720108439e-03   -7.3385536630e-04   -9.2668127602e-04    6.2485900771e-04    5.6587088047e-04    3.4088755568e-04    2.1122228108e-04    1.0235110421e-04
  26.2600000   -4.0730983551e-03   -7.6482593913e-04   -9.5507396608e-04    6.1961531500e-04    5.6709995358e-04    3.4320025392e-04    2.1375398345e-04    1.0374328932e-04
  26.3100000   -4.0746013912e-03   -7.9521881334e-04   -9.8318218376e-04    6.1424564765e-04    5.6807913036e-04    3.4545567211e-04    2.1629600935e-04    1.0516912794e-04
  26.3600000   -4.0792437594e-03   -8.2474783727e-04   -1.0110573593e-03    6.0890446752e-04    5.6894957915e-04    3.4767011009e-04    2.1884899442e-04    1.0662888109e-04
  26.4100000   -4.0870790307e-03   -8.5416746213e-04   -1.0388276995e-03    6.0365370865e-04    5.6985664381e-04    3.4986855318e-04    2.2141426720e-04    1.0812311128e-04
  26.4600000   -4.0954504579e-03   -8.8453517763e-04   -1.0666362697e-03    5.9843809721e-04    5.7087274988e-04    3.5207843566e-04    2.2399380828e-04    1.0965238650e-04
  26.5100000   -4.1011639129e-03   -9.1608722059e-04   -1.0945797848e-03    5.9311026059e-04    5.7195033732e-04    3.5432129518e-04    2.2659011661e-04    1.1121706522e-04
  26.5600000   -4.1028119987e-03   -9.4808029897e-04   -1.1226715603e-03    5.8749531869e-04    5.7293195634e-04    3.5660500977e-04    2.2920598968e-04    1.1281717353e-04
  26.6100000   -4.1012743193e-03   -9.7978856174e-04   -1.1508404424e-03    5.8146821470e-04    5.7361733953e-04    3.5892000647e-04    2.3184423129e-04    1.1445237055e-04
  26.6600000   -4.0983725193e-03   -1.0113932740e-03   -1.1789627870e-03    5.7501140748e-04    5.7385787470e-04    3.6124198315e-04    2.3450732121e-04    1.1612199509e-04
  26.7100000   -4.0953361116e-03   -1.0435922970e-03   -1.2069123715e-03    5.6822812539e-04    5.7363252110e-04    3.6354125916e-04    2.3719710173e-04    1.1782518248e-04
  26.7600000   -4.0924867448e-03   -1.0763623418e-03   -1.2346074412e-03    5.6130430552e-04    5.7306524225e-04    3.6579575600e-04    2.3991454518e-04    1.1956103360e-04
  26.8100000   -4.0899268766e-03   -1.1084743657e-03   -1.2620362543e-03    5.5443353139e-04    5.7237093407e-04    3.6800231427e-04    2.4265965521e-04    1.2132880400e-04
  26.8600000   -4.0879733334e-03   -1.1385797612e-03   -1.2892513112e-03    5.4773517807e-04    5.7175221581e-04    3.7018095371e-04    2.4543152623e-04    1.2312806597e-04
  26.9100000   -4.0866824550e-03   -1.1668014819e-03   -1.3163348713e-03    5.4119989464e-04    5.7129578545e-04    3.7236922981e-04    2.4822854452e-04    1.2495879012e-04
  26.9600000   -4.0851636733e-03   -1.1950226017e-03   -1.3433502271e-03    5.3468644586e-04    5.7092036041e-04    3.7460814831e-04    2.5104867929e-04    1.2682130458e-04
  27.0100000   -4.0817889042e-03   -1.2253947986e-03   -1.3703001937e-03    5.2797339209e-04    5.7040549561e-04    3.7692523085e-04    2.5388978904e-04    1.2871611902e-04
  27.0600000   -4.0754024492e-03   -1.2584894083e-03   -1.3971131237e-03    5.2084618376e-04    5.6949182558e-04    3.7932219158e-04    2.5674987000e-04    1.3064364324e-04
  27.1100000   -4.0664187411e-03   -1.2928607705e-03   -1.4236666983e-03    5.1318446496e-04    5.6800715980e-04    3.8177313048e-04    2.5962719789e-04    1.3260387265e-04
  27.1600000   -4.0566707157e-03   -1.3263081791e-03   -1.4498435793e-03    5.0501274158e-04    5.6595759073e-04    3.8423465197e-04    2.6252035080e-04    1.3459613432e-04
  27.2100000   -4.0480638173e-03   -1.3575397774e-03   -1.4755968791e-03    4.9649151371e-04    5.6353693303e-04    3.8666387176e-04    2.6542813795e-04    1.3661898127e-04
  27.2600000   -4.0412048381e-03   -1.3868526470e-03   -1.5009948425e-03    4.8785036767e-04    5.6104564612e-04    3.8903647289e-04    2.6834948635e-04    1.3867028188e-04
  27.3100000   -4.0351002390e-03   -1.4155983019e-03   -1.5262186349e-03    4.7928944456e-04    5.5875415332e-04    3.9135671766e-04    2.7128333670e-04    1.4074749166e-04
  27.3600000   -4.0279784023e-03   -1.4451619683e-03   -1.5515049557e-03    4.7089041902e-04    5.5677385495e-04    3.9365484419e-04    2.7422859038e-04    1.4284803307e-04
  27.4100000   -4.0184231494e-03   -1.4761734795e-03   -1.5770500593e-03    4.6257574864e-04    5.5499773593e-04    3.9597296826e-04    2.7718411842e-04    1.4496967164e-04
  27.4600000   -4.0060368360e-03   -1.5082064192e-03   -1.6029128193e-03    4.5413569855e-04    5.5314109120e-04    3.9834580421e-04    2.8014881318e-04    1.4711077647e-04
  27.5100000   -3.9914450755e-03   -1.5400232932e-03   -1.6289609595e-03    4.4531411408e-04    5.5086598407e-04    4.0078478578e-04    2.8312164840e-04    1.4927039069e-04
  27.5600000   -3.9758596818e-03   -1.5703753422e-03   -1.6548913149e-03    4.3591812982e-04    5.4793293557e-04    4.0327249868e-04    2.8610171498e-04    1.5144810171e-04
  27.6100000   -3.9604198522e-03   -1.5989963357e-03   -1.6803256646e-03    4.2590529794e-04    5.4430945364e-04    4.0576959164e-04    2.8908820986e-04    1.5364376756e-04
  27.6600000   -3.9455160205e-03   -1.6269699567e-03   -1.7049501658e-03    4.1540960653e-04    5.4018439596e-04    4.0823076804e-04    2.9208038172e-04    1.5585719700e-04
  27.7100000   -3.9304799680e-03   -1.6559120892e-03   -1.7286437814e-03    4.0469275989e-04    5.3588091605e-04    4.1062261565e-04    2.9507745820e-04    1.5808788974e-04
  27.7600000   -3.9140363509e-03   -1.6865178596e-03   -1.7515406942e-03    3.9403868454e-04    5.3170818134e-04    4.1293554011e-04    2.9807858134e-04    1.6033491203e-04
  27.8100000   -3.8953824213e-03   -1.7178620376e-03   -1.7739954674e-03    3.8363411233e-04    5.2782062556e-04    4.1518497297e-04    3.0108277673e-04    1.6259692738e-04
  27.8600000   -3.8750505935e-03   -1.7482651676e-03   -1.7964586460e-03    3.7348543599e-04    5.2414964288e-04    4.1740187329e-04    3.0408896368e-04    1.6487234922e-04
  27.9100000   -3.8546710383e-03   -1.7769418417e-03   -1.8193082778e-03    3.6340827912e-04    5.2043828404e-04    4.1961713372e-04    3.0709599751e-04    1.6715954612e-04
  27.9600000   -3.8356829338e-03   -1.8047534312e-03   -1.8427029668e-03    3.5309672340e-04    5.1636113659e-04    4.2184689420e-04    3.1010272473e-04    1.6945702579e-04
  28.0100000   -3.8181119290e-03   -1.8332803138e-03   -1.8665153212e-03    3.4224598640e-04    5.1167217441e-04    4.2408507314e-04    3.1310803154e-04    1.7176354804e-04
  28.0600000   -3.8005747578e-03   -1.8631933613e-03   -1.8903733132e-03    3.3067934787e-04    5.0631145029e-04    4.2630609885e-04    3.1611087767e-04    1.7407815425e-04
  28.1100000   -3.7815266399e-03   -1.8936067678e-03   -1.9137940593e-03    3.1842703250e-04    5.0042228196e-04    4.2847637248e-04    3.1911031778e-04    1.7640013476e-04
  28.1600000   -3.7605616333e-03   -1.9229951065e-03   -1.9363577984e-03    3.0572319589e-04    4.9427364807e-04    4.3056931174e-04    3.2210552057e-04    1.7872897075e-04
  28.2100000   -3.7385568782e-03   -1.9506294604e-03   -1.9578545981e-03    2.9291989607e-04    4.8812706784e-04    4.3257741808e-04    3.2509579320e-04    1.8106428275e-04
  28.2600000   -3.7166303762e-03   -1.9770986183e-03   -1.9783485209e-03    2.8035078201e-04    4.8211219918e-04    4.3451620938e-04    3.2808060895e-04    1.8340579834e-04
  28.3100000   -3.6950248613e-03   -2.0035984509e-03   -1.9981380336e-03    2.6819838884e-04    4.7616941687e-04    4.3641842874e-04    3.3105962325e-04    1.8575333045e-04
  28.3600000   -3.6729929329e-03   -2.0309095636e-03   -2.0176328161e-03    2.5641857510e-04    4.7008433178e-04    4.3832113485e-04    3.3403265707e-04    1.8810674901e-04
  28.4100000   -3.6496730249e-03   -2.0590249500e-03   -2.0371987331e-03    2.4475356400e-04    4.6359505717e-04    4.4025129163e-04    3.3699963055e-04    1.9046593446e-04
  28.4600000   -3.6249905263e-03   -2.0874452481e-03   -2.0570322053e-03    2.3282985925e-04    4.5651920821e-04    4.4221599388e-04    3.3996044648e-04    1.9283071969e-04
  28.5100000   -3.5997157679e-03   -2.1155028232e-03   -2.0771097851e-03    2.2030305358e-04    4.4883984585e-04    4.4420127655e-04    3.4291484428e-04    1.9520084322e-04
  28.5600000   -3.5747239112e-03   -2.1424052427e-03   -2.0972260438e-03    2.0699214039e-04    4.4071077244e-04    4.4617956054e-04    3.4586226338e-04    1.9757594114e-04
  28.6100000   -3.5502317904e-03   -2.1673606681e-03   -2.1170971605e-03    1.9294948093e-04    4.3238087247e-04    4.4812197905e-04    3.4880175877e-04    1.9995559272e-04
  28.6600000   -3.5256799712e-03   -2.1901283391e-03   -2.1364835296e-03    1.7843797780e-04    4.2407545052e-04    4.5000985706e-04    3.5173199921e-04    2.0233940812e-04
  28.7100000   -3.5002461683e-03   -2.2115900984e-03   -2.1552811880e-03    1.6382424186e-04    4.1589169785e-04    4.5184035086e-04    3.5465135170e-04    2.0472711957e-04
  28.7600000   -3.4734516311e-03   -2.2335031090e-03   -2.1735487893e-03    1.4943061201e-04    4.0775704661e-04    4.5362425362e-04    3.5755802486e-04    2.0711862552e-04
  28.8100000   -3.4453684808e-03   -2.2572540403e-03   -2.1914657218e-03    1.3540587149e-04    3.9946805855e-04    4.5537771391e-04    3.6045022145e-04    2.0951394707e-04
  28.8600000   -3.4163674147e-03   -2.2826178576e-03   -2.2092450648e-03    1.2166728609e-04    3.9078904586e-04    4.5711226883e-04    3.6332624560e-04    2.1191308876e-04
  28.9100000   -3.3867177185e-03   -2.3078305927e-03   -2.2270410412e-03    1.0793788487e-04    3.8156221001e-04    4.5882796137e-04    3.6618452693e-04    2.1431583720e-04
  28.9600000   -3.3563986067e-03   -2.3311320589e-03   -2.2448890327e-03    9.3864246099e-05    3.7177728189e-04    4.6051239722e-04    3.6902355605e-04    2.1672156362e-04
  29.0100000   -3.3252406380e-03   -2.3523982123e-03   -2.2626992917e-03    7.9167135164e-05    3.6156947059e-04    4.6214553996e-04    3.7184176067e-04    2.1912910450e-04
  29.0600000   -3.2932111758e-03   -2.3732450704e-03   -2.2803014812e-03    6.3763607851e-05    3.5114932906e-04    4.6370744779e-04    3.7463737598e-04    2.2153677190e-04
  29.1100000   -3.2605352292e-03   -2.3954481633e-03   -2.2975164893e-03    4.7810325493e-05    3.4070002656e-04    4.6518522252e-04    3.7740836542e-04    2.2394250015e-04
  29.1600000   -3.2275184235e-03   -2.4192273555e-03   -2.3142227270e-03    3.1649422566e-05    3.3029153042e-04    4.6657638117e-04    3.8015242836e-04    2.2634408443e-04
  29.2100000   -3.1942687969e-03   -2.4430855959e-03   -2.3303891571e-03    1.5677627430e-05    3.1985136160e-04    4.6788790252e-04    3.8286709608e-04    2.2873943280e-04
  29.2600000   -3.1606560376e-03   -2.4652890076e-03   -2.3460635309e-03    1.9061914061e-07    3.0920342492e-04    4.6913213664e-04    3.8554988133e-04    2.3112674776e-04
  29.3100000   -3.1265903141e-03   -2.4854354918e-03   -2.3613243943e-03   -1.4734808821e-05    2.9815393760e-04    4.7032166590e-04    3.8819842405e-04    2.3350458217e-04
  29.3600000   -3.0922780337e-03   -2.5046012081e-03   -2.3762209912e-03   -2.9272671138e-05    2.8658222603e-04    4.7146489243e-04    3.9081057617e-04    2.3587176340e-04
  29.4100000   -3.0580338675e-03   -2.5241358541e-03   -2.3907300222e-03   -4.3779593275e-05    2.7449372653e-04    4.7256313769e-04    3.9338439202e-04    2.3822722977e-04
  29.4600000   -3.0237099244e-03   -2.5445061567e-03   -2.4047505508e-03   -5.8652260372e-05    2.6201220678e-04    4.7360917759e-04    3.9591802786e-04    2.4056985460e-04
  29.5100000   -2.9883825755e-03   -2.5652753829e-03   -2.4181413997e-03   -7.4166457870e-05    2.4931776928e-04    4.7458692210e-04    3.9840959045e-04    2.4289833293e-04
  29.5600000   -2.9508833780e-03   -2.5858919347e-03   -2.4307860983e-03   -9.0361900116e-05    2.3656212597e-04    4.7547231974e-04    4.0085699504e-04    2.4521117620e-04
  29.6100000   -2.9109336938e-03   -2.6061619629e-03   -2.4426569323e-03   -1.0701976097e-04    2.2380139336e-04    4.7623599693e-04    4.0325788908e-04    2.4750681366e-04
  29.6600000   -2.8698271303e-03   -2.6259384080e-03   -2.4538479861e-03   -1.2374348167e-04    2.1097604553e-04    4.7684805393e-04    4.0560967180e-04    2.4978375611e-04
  29.7100000   -2.8297718080e-03   -2.6447071244e-03   -2.4645587504e-03   -1.4011221962e-04    1.9794392020e-04    4.7728463499e-04    4.0790960117e-04    2.5204075542e-04
  29.7600000   -2.7921999507e-03   -2.6618895732e-03   -2.4750307377e-03   -1.5584665810e-04    1.8454742416e-04    4.7753471868e-04    4.1015494554e-04    2.5427689924e-04
  29.8100000   -2.7564666421e-03   -2.6776457836e-03   -2.4854610354e-03   -1.7092100170e-04    1.7068207480e-04    4.7760473455e-04    4.1234312012e-04    2.5649161129e-04
  29.8600000   -2.7201970540e-03   -2.6931092734e-03   -2.4959291290e-03   -1.8557571503e-04    1.5633593864e-04    4.7751873654e-04    4.1447175627e-04    2.5868456843e-04
  29.9100000   -2.6811179747e-03   -2.7094920864e-03   -2.5063701046e-03   -2.0022503335e-04    1.4158571305e-04    4.7731312812e-04    4.1653867976e-04    2.6085557979e-04
  29.9600000   -2.6388459519e-03   -2.7268530017e-03   -2.5166085193e-03   -2.1529570588e-04    1.2655611822e-04    4.7702692088e-04    4.1854181061e-04    2.6300448591e-04
  30.0100000   -2.5951236558e-03   -2.7438911096e-03   -2.5264402190e-03   -2.3106145302e-04    1.1136456457e-04    4.7669038844e-04    4.2047902694e-04    2.6513112383e-04
  30.0600000   -2.5523740329e-03   -2.7591236247e-03   -2.5357262928e-03   -2.4753946651e-04    9.6076290277e-05    4.7631590443e-04    4.2234804493e-04    2.6723537329e-04
  30.1100000   -2.5118500750e-03   -2.7722960361e-03   -2.5444556137e-03   -2.6448992396e-04    8.0686556934e-05    4.7589425808e-04    4.2414635530e-04    2.6931726251e-04
  30.1600000   -2.4728322852e-03   -2.7845738573e-03   -2.5527450704e-03   -2.8151731458e-04    6.5132017114e-05    4.7539794419e-04    4.2587122760e-04    2.7137708559e-04
  30.2100000   -2.4332801906e-03   -2.7973512384e-03   -2.5607750988e-03   -2.9823096065e-04    4.9320941611e-05    4.7479048553e-04    4.2751976392e-04    2.7341547701e-04
  30.2600000   -2.3911953575e-03   -2.8109622895e-03   -2.5686896234e-03   -3.1439879700e-04    3.3167104799e-05    4.7403868660e-04    4.2908896347e-04    2.7543340367e-04
  30.3100000   -2.3456819546e-03   -2.8246053205e-03   -2.5765085917e-03   -3.3003282730e-04    1.6615332091e-05    4.7312365787e-04    4.3057576114e-04    2.7743206642e-04
  30.3600000   -2.2972455808e-03   -2.8374179302e-03   -2.5840975277e-03   -3.4537441901e-04   -3.4584312224e-07    4.7204688919e-04    4.3197702157e-04    2.7941273681e-04
  30.4100000   -2.2474783644e-03   -2.8494333187e-03   -2.5912123232e-03   -3.6078962626e-04   -1.7682606058e-05    4.7082942578e-04    4.3328949813e-04    2.8137658015e-04
  30.4600000   -2.1984144243e-03   -2.8614014308e-03   -2.5976006950e-03   -3.7662097421e-04   -3.5321659087e-05    4.6950464549e-04    4.3450978766e-04    2.8332452228e-04
  30.5100000   -2.1516974842e-03   -2.8737931454e-03   -2.6031124125e-03   -3.9305754222e-04   -5.3161829736e-05    4.6810734082e-04    4.3563431767e-04    2.8525720395e-04
  30.5600000   -2.1077380134e-03   -2.8861887785e-03   -2.6077639301e-03   -4.1007416680e-04   -7.1092712773e-05    4.6666296334e-04    4.3665938820e-04    2.8717503771e-04
  30.6100000   -2.0652888789e-03   -2.8977495124e-03   -2.6117239642e-03   -4.2745913739e-04   -8.9021275974e-05    4.6518059918e-04    4.3758126471e-04    2.8907834884e-04
  30.6600000   -2.0219051000e-03   -2.9082207130e-03   -2.6152254670e-03   -4.4491232904e-04   -1.0690279499e-04    4.6365168779e-04    4.3839629117e-04    2.9096755471e-04
  30.7100000   -1.9752681207e-03   -2.9183262785e-03   -2.6184471893e-03   -4.6216848689e-04   -1.2476612644e-04    4.6205433805e-04    4.3910097963e-04    2.9284332630e-04
  30.7600000   -1.9246433338e-03   -2.9290877634e-03   -2.6214250372e-03   -4.7909411262e-04   -1.4271994697e-04    4.6036120704e-04    4.3969203899e-04    2.9470668263e-04
  30.8100000   -1.8714701351e-03   -2.9407558033e-03   -2.6240400059e-03   -4.9572209716e-04   -1.6093016376e-04    4.5854798744e-04    4.4016632957e-04    2.9655899268e-04
  30.8600000   -1.8186075015e-03   -2.9524344487e-03   -2.6260912707e-03   -5.1221736577e-04   -1.7956952236e-04    4.5659983876e-04    4.4052076194e-04    2.9840188837e-04
  30.9100000   -1.7687078945e-03   -2.9627517484e-03   -2.6274188306e-03   -5.2879574424e-04   -1.9875418925e-04    4.5451429809e-04    4.4075218249e-04    3.0023711859e-04
  30.9600000   -1.7227949367e-03   -2.9709024180e-03   -2.6280126130e-03   -5.4563470101e-04   -2.1849172555e-04    4.5230066655e-04    4.4085729599e-04    3.0206638665e-04
  31.0100000   -1.6798988418e-03   -2.9771123821e-03   -2.6280490866e-03   -5.6281285393e-04   -2.3866435004e-04    4.4997692028e-04    4.4083266160e-04    3.0389121079e-04
  31.0600000   -1.6377875700e-03   -2.9822398452e-03   -2.6278312909e-03   -5.8029796599e-04   -2.5905924771e-04    4.4756548531e-04    4.4067477059e-04    3.0571283161e-04
  31.1100000   -1.5941168980e-03   -2.9870610872e-03   -2.6276570095e-03   -5.9797989669e-04   -2.7943838610e-04    4.4508884378e-04    4.4038018266e-04    3.0753216892e-04
  31.1600000   -1.5472440365e-03   -2.9919488224e-03   -2.6276780348e-03   -6.1572662114e-04   -2.9962247919e-04    4.4256535513e-04    4.3994567642e-04    3.0934981467e-04
  31.2100000   -1.4964471944e-03   -2.9970842169e-03   -2.6278211991e-03   -6.3343552485e-04   -3.1955601678e-04    4.4000538238e-04    4.3936836580e-04    3.1116604266e-04
  31.2600000   -1.4418344895e-03   -3.0027405759e-03   -2.6278141080e-03   -6.5105970971e-04   -3.3932688168e-04    4.3740804376e-04    4.3864574966e-04    3.1298082206e-04
  31.3100000   -1.3843267612e-03   -3.0091708123e-03   -2.6273081304e-03   -6.6860462142e-04   -3.5913250103e-04    4.3475947717e-04    4.3777568750e-04    3.1479383395e-04
  31.3600000   -1.3257539793e-03   -3.0161581416e-03   -2.6260427112e-03   -6.8610534865e-04   -3.7920651324e-04    4.3203389131e-04    4.3675632009e-04    3.1660450087e-04
  31.4100000   -1.2687336004e-03   -3.0227404183e-03   -2.6239725835e-03   -7.0360211203e-04   -3.9973560832e-04    4.2919835964e-04    4.3558596834e-04    3.1841204051e-04
  31.4600000   -1.2160085055e-03   -3.0275210348e-03   -2.6212946631e-03   -7.2112815052e-04   -4.2079863980e-04    4.2622111067e-04    4.3426304112e-04    3.2021554485e-04
  31.5100000   -1.1693242292e-03   -3.0294508115e-03   -2.6183576976e-03   -7.3871346802e-04   -4.4234880277e-04    4.2308135734e-04    4.3278596544e-04    3.2201407001e-04
  31.5600000   -1.1283714299e-03   -3.0285241242e-03   -2.6154932938e-03   -7.5639643820e-04   -4.6424053431e-04    4.1977730898e-04    4.3115312979e-04    3.2380670710e-04
  31.6100000   -1.0904483726e-03   -3.0258644065e-03   -2.6128453217e-03   -7.7422974107e-04   -4.8628499446e-04    4.1632881048e-04    4.2936281440e-04    3.2559260239e-04
  31.6600000   -1.0512161292e-03   -3.0231183933e-03   -2.6102775263e-03   -7.9227059442e-04   -5.0830932411e-04    4.1277250861e-04    4.2741308228e-04    3.2737090764e-04
  31.7100000   -1.0063881064e-03   -3.0215593260e-03   -2.6074048979e-03   -8.1055568715e-04   -5.3019807702e-04    4.0915023113e-04    4.2530162447e-04    3.2914066729e-04
  31.7600000   -9.5366409338e-04   -3.0214727159e-03   -2.6037387643e-03   -8.2907262724e-04   -5.5190705208e-04    4.0549429763e-04    4.2302558673e-04    3.3090067751e-04
  31.8100000   -8.9394117109e-04   -3.0221799501e-03   -2.5988842382e-03   -8.4774538971e-04   -5.7345324804e-04    4.0181535117e-04    4.2058143891e-04    3.3264936975e-04
  31.8600000   -8.3103891049e-04   -3.0226207278e-03   -2.5927048951e-03   -8.6644737950e-04   -5.9489308822e-04    3.9809793947e-04    4.1796496538e-04    3.3438476912e-04
  31.9100000   -7.6990988722e-04   -3.0220593309e-03   -2.5853837612e-03   -8.8504346542e-04   -6.1630136639e-04    3.9430634536e-04    4.1517144247e-04    3.3610455412e-04
  31.9600000   -7.1423849229e-04   -3.0204355057e-03   -2.5773549350e-03   -9.0344734857e-04   -6.3775730155e-04    3.9039904958e-04    4.1219602282e-04    3.3780620688e-04
  32.0100000   -6.6480552998e-04   -3.0181728962e-03   -2.5691358061e-03   -9.2167031426e-04   -6.5933658629e-04    3.8634644013e-04    4.0903427891e-04    3.3948720779e-04
  32.0600000   -6.1954897265e-04   -3.0156701145e-03   -2.5611311847e-03   -9.3983732800e-04   -6.8110423804e-04    3.8214468426e-04    4.0568279034e-04    3.4114521050e-04
  32.1100000   -5.7512299200e-04   -3.0129156227e-03   -2.5534901648e-03   -9.5815755448e-04   -7.0310437599e-04    3.7781993149e-04    4.0213961781e-04    3.4277814206e-04
  32.1600000   -5.2880550248e-04   -3.0095218988e-03   -2.5460712446e-03   -9.7685455890e-04   -7.2534798017e-04    3.7342079269e-04    3.9840451324e-04    3.4438420662e-04
  32.2100000   -4.7956852913e-04   -3.0051000065e-03   -2.5385234927e-03   -9.9607920258e-04   -7.4780425322e-04    3.6900175938e-04    3.9447877334e-04    3.4596181420e-04
  32.2600000   -4.2793765298e-04   -2.9996155376e-03   -2.5304429721e-03   -1.0158380054e-03   -7.7040194607e-04    3.6460386682e-04    3.9036473952e-04    3.4750949081e-04
  32.3100000   -3.7514786750e-04   -2.9934106151e-03   -2.5215351322e-03   -1.0359670144e-03   -7.9304321012e-04    3.6023993207e-04    3.8606504932e-04    3.4902583245e-04
  32.3600000   -3.2234966233e-04   -2.9868865826e-03   -2.5117165499e-03   -1.0561663822e-03   -8.1562653575e-04    3.5588976412e-04    3.8158181740e-04    3.5050953968e-04
  32.4100000   -2.7023425865e-04   -2.9801404573e-03   -2.5011201405e-03   -1.0760889967e-03   -8.3807085777e-04    3.5150678786e-04    3.7691594111e-04    3.5195951864e-04
  32.4600000   -2.1898102680e-04   -2.9728865056e-03   -2.4900116483e-03   -1.0954555722e-03   -8.6033260002e-04    3.4703328079e-04    3.7206668077e-04    3.5337498360e-04
  32.5100000   -1.6833349153e-04   -2.9647530975e-03   -2.4786619698e-03   -1.1141564293e-03   -8.8241121897e-04    3.4241858182e-04    3.6703157514e-04    3.5475547048e-04
  32.5600000   -1.1778420727e-04   -2.9557257354e-03   -2.4672341632e-03   -1.1323017488e-03   -9.0434409284e-04    3.3763411415e-04    3.6180665496e-04    3.5610068968e-04
  32.6100000   -6.6918631203e-05   -2.9463579980e-03   -2.4557313408e-03   -1.1501977265e-03   -9.2619512123e-04    3.3268072903e-04    3.5638684896e-04    3.5741020966e-04
  32.6600000   -1.5788288388e-05   -2.9375126134e-03   -2.4440198922e-03   -1.1682511406e-03   -9.4804140401e-04    3.2758676695e-04    3.5076646123e-04    3.5868304709e-04
  32.7100000    3.4988057114e-05   -2.9297434046e-03   -2.4319075002e-03   -1.1868309819e-03   -9.6995971917e-04    3.2239814785e-04    3.4493963637e-04    3.5991730994e-04
  32.7600000    8.4570321015e-05   -2.9227481411e-03   -2.4192333709e-03   -1.2061335961e-03   -9.9201194226e-04    3.1716384675e-04    3.3890079171e-04    3.6111005794e-04
  32.8100000    1.3249365031e-04   -2.9153596852e-03   -2.4059279818e-03   -1.2261000027e-03   -1.0142286013e-03    3.1192095675e-04    3.3264504622e-04    3.6225749414e-04
  32.8600000    1.7906262202e-04   -2.9062062680e-03   -2.3920195801e-03   -1.2464185673e-03   -1.0365929021e-03    3.0668332325e-04    3.2616868089e-04    3.6335548894e-04
  32.9100000    2.2522632473e-04   -2.8946507513e-03   -2.3775933977e-03   -1.2666173133e-03   -1.0590316476e-03    3.0143675243e-04    3.1946961523e-04    3.6440030489e-04
  32.9600000    2.7203122524e-04   -2.8813134221e-03   -2.3627324259e-03   -1.2862176402e-03   -1.0814210766e-03    2.9614228132e-04    3.1254780230e-04    3.6538928761e-04
  33.0100000    3.2005987711e-04   -2.8677070170e-03   -2.3474747014e-03   -1.3048970948e-03   -1.1036123260e-03    2.9074707221e-04    3.0540537546e-04    3.6632126557e-04
  33.0600000    3.6921621063e-04   -2.8551768699e-03   -2.3318093852e-03   -1.3226028603e-03   -1.1254733701e-03    2.8520036052e-04    2.9804637271e-04    3.6719647586e-04
  33.1100000    4.1891065699e-04   -2.8439320824e-03   -2.3157099682e-03   -1.3395731677e-03   -1.1469353001e-03    2.7947000199e-04    2.9047594649e-04    3.6801598797e-04
  33.1600000    4.6843397609e-04   -2.8329366085e-03   -2.2991806929e-03   -1.3562561082e-03   -1.1680253699e-03    2.7355424462e-04    2.8269912869e-04    3.6878077802e-04
  33.2100000    5.1727998106e-04   -2.8207507626e-03   -2.2822836518e-03   -1.3731527359e-03   -1.1888708607e-03    2.6748407660e-04    2.7471940862e-04    3.6949074561e-04
  33.2600000    5.6531322015e-04   -2.8066275774e-03   -2.2651238364e-03   -1.3906398035e-03   -1.2096668307e-03    2.6131410255e-04    2.6653752225e-04    3.7014400704e-04
  33.3100000    6.1279152127e-04   -2.7909708469e-03   -2.2477929963e-03   -1.4088358763e-03   -1.2306140717e-03    2.5510381898e-04    2.5815087381e-04    3.7073672192e-04
  33.3600000    6.6026443634e-04   -2.7748409409e-03   -2.2302985339e-03   -1.4275593540e-03   -1.2518458754e-03    2.4889507779e-04    2.4955388285e-04    3.7126353867e-04
  33.4100000    7.0835134666e-04   -2.7590244019e-03   -2.2125173147e-03   -1.4463935585e-03   -1.2733685541e-03    2.4269380608e-04    2.4073929383e-04    3.7171853725e-04
  33.4600000    7.5744181609e-04   -2.7435057669e-03   -2.1942078927e-03   -1.4648349812e-03   -1.2950383547e-03    2.3646344456e-04    2.3170017651e-04    3.7209637944e-04
  33.5100000    8.0744101949e-04   -2.7277250149e-03   -2.1750894976e-03   -1.4824706084e-03   -1.3165869226e-03    2.3013387442e-04    2.2243208750e-04    3.7239330761e-04
  33.5600000    8.5771786079e-04   -2.7112415304e-03   -2.1549629666e-03   -1.4991201064e-03   -1.3376920524e-03    2.2362392786e-04    2.1293475171e-04    3.7260768427e-04
  33.6100000    9.0733882461e-04   -2.6940975944e-03   -2.1338232967e-03   -1.5148920657e-03   -1.3580749324e-03    2.1687002685e-04    2.0321270853e-04    3.7273991788e-04
  33.6600000    9.5551137794e-04   -2.6765659633e-03   -2.1119089757e-03   -1.5301352515e-03   -1.3775943953e-03    2.0985037643e-04    1.9327463632e-04    3.7279181749e-04
  33.7100000    1.0020098079e-03   -2.6586414130e-03   -2.0896542209e-03   -1.5453040700e-03   -1.3963066044e-03    2.0259498724e-04    1.8313144382e-04    3.7276559281e-04
  33.7600000    1.0473170593e-03   -2.6398956469e-03   -2.0675495580e-03   -1.5607883033e-03   -1.4144666604e-03    1.9517663859e-04    1.7279358256e-04    3.7266281065e-04
  33.8100000    1.0923495705e-03   -2.6199081171e-03   -2.0459575138e-03   -1.5767695941e-03   -1.4324654245e-03    1.8768507455e-04    1.6226827675e-04    3.7248360887e-04
  33.8600000    1.1378941703e-03   -2.5988484805e-03   -2.0249550098e-03   -1.5931569297e-03   -1.4507159524e-03    1.8019349260e-04    1.5155740983e-04    3.7222636778e-04
  33.9100000    1.1841032713e-03   -2.5775896504e-03   -2.0042698711e-03   -1.6096243158e-03   -1.4695226400e-03    1.7272993720e-04    1.4065663602e-04    3.7188788767e-04
  33.9600000    1.2303885800e-03   -2.5571735442e-03   -1.9833454075e-03   -1.6257364047e-03   -1.4889754984e-03    1.6526488747e-04    1.2955595336e-04    3.7146397350e-04
  34.0100000    1.2757916048e-03   -2.5380778370e-03   -1.9615169731e-03   -1.6411154558e-03   -1.5089072866e-03    1.5772038687e-04    1.1824158048e-04    3.7095022776e-04
  34.0600000    1.3195782038e-03   -2.5199138129e-03   -1.9382384012e-03   -1.6555873339e-03   -1.5289325419e-03    1.4999769596e-04    1.0669863796e-04    3.7034282488e-04
  34.1100000    1.3616591113e-03   -2.5017731787e-03   -1.9132739579e-03   -1.6692512199e-03   -1.5485603477e-03    1.4201297970e-04    9.4913942109e-05    3.6963908060e-04
  34.1600000    1.4025830769e-03   -2.4828814311e-03   -1.8867829907e-03   -1.6824452083e-03   -1.5673463575e-03    1.3372707331e-04    8.2878222713e-05    3.6883771569e-04
  34.2100000    1.4431550525e-03   -2.4630390343e-03   -1.8592654616e-03   -1.6956184524e-03   -1.5850340587e-03    1.2515747751e-04    7.0587267704e-05    3.6793881048e-04
  34.2600000    1.4839557478e-03   -2.4426204020e-03   -1.8313901155e-03   -1.7091560974e-03   -1.6016369052e-03    1.1636772680e-04    5.8041813187e-05    3.6694352488e-04
  34.3100000    1.5250531502e-03   -2.4222784183e-03   -1.8037709702e-03   -1.7232225624e-03   -1.6174318729e-03    1.0743841162e-04    4.5246343499e-05    3.6585369959e-04
  34.3600000    1.5660345840e-03   -2.4026070641e-03   -1.7767744096e-03   -1.7376839426e-03   -1.6328648052e-03    9.8431715062e-05    3.2207244705e-05    3.6467145206e-04
  34.4100000    1.6062881853e-03   -2.3838727431e-03   -1.7504227874e-03   -1.7521422402e-03   -1.6483981110e-03    8.9364189503e-05    1.8930892128e-05    3.6339884741e-04
  34.4600000    1.6453389136e-03   -2.3658208354e-03   -1.7244195973e-03   -1.7660725148e-03   -1.6643514104e-03    8.0199361332e-05    5.4222191922e-06    3.6203767498e-04
  34.5100000    1.6830451223e-03   -2.3476315294e-03   -1.6982742375e-03   -1.7790142237e-03   -1.6807887550e-03    7.0863744453e-05   -8.3158708393e-06    3.6058931717e-04
  34.5600000    1.7195682968e-03   -2.3281692868e-03   -1.6714707776e-03   -1.7907454056e-03   -1.6974912095e-03    6.1280102806e-05   -2.2282165599e-05    3.5905467184e-04
  34.6100000    1.7551761307e-03   -2.3065324674e-03   -1.6436171723e-03   -1.8013724133e-03   -1.7140258133e-03    5.1404249001e-05   -3.6476078764e-05    3.5743409074e-04
  34.6600000    1.7900344631e-03   -2.2826271203e-03   -1.6145291824e-03   -1.8112981525e-03   -1.7298901733e-03    4.1249465477e-05   -5.0896274974e-05    3.5572731984e-04
  34.7100000    1.8241251600e-03   -2.2573610907e-03   -1.5842359330e-03   -1.8210774933e-03   -1.7446861428e-03    3.0886939525e-05   -6.5539481952e-05    3.5393346114e-04
  34.7600000    1.8573150117e-03   -2.2322617940e-03   -1.5529255743e-03   -1.8312124141e-03   -1.7582644933e-03    2.0420028398e-05   -8.0399915635e-05    3.5205100199e-04
  34.8100000    1.8894957766e-03   -2.2087159879e-03   -1.5208666586e-03   -1.8419642612e-03   -1.7707894717e-03    9.9412092088e-06   -9.5469541003e-05    3.5007796357e-04
  34.8600000    1.9206951087e-03   -2.1872800861e-03   -1.4883388104e-03   -1.8532558467e-03   -1.7826966216e-03   -5.1118659268e-07   -1.1073911533e-04    3.4801219637e-04
  34.9100000    1.9511207564e-03   -2.1674316185e-03   -1.4555899263e-03   -1.8647028721e-03   -1.7945526359e-03   -1.0977553221e-05   -1.2619969617e-04    3.4585180378e-04
  34.9600000    1.9811606025e-03   -2.1478421478e-03   -1.4228174327e-03   -1.8757645970e-03   -1.8068613234e-03   -2.1570029492e-05   -1.4184412782e-04    3.4359562108e-04
  35.0100000    2.0113501879e-03   -2.1269934676e-03   -1.3901589760e-03   -1.8859569212e-03   -1.8198825356e-03   -3.2433235927e-05   -1.5766800900e-04    3.4124363726e-04
  35.0600000    2.0422715921e-03   -2.1038494000e-03   -1.3576786934e-03   -1.8950456664e-03   -1.8335312660e-03   -4.3685833836e-05   -1.7366980524e-04    3.3879724004e-04
  35.1100000    2.0743520038e-03   -2.0783161751e-03   -1.3253465839e-03   -1.9031443731e-03   -1.8473992130e-03   -5.5365785489e-05   -1.8985005795e-04    3.3625919629e-04
  35.1600000    2.1076144874e-03   -2.0512874511e-03   -1.2930223083e-03   -1.9106773920e-03   -1.8608974717e-03   -6.7403214966e-05   -2.0620996339e-04    3.3363334298e-04
  35.2100000    2.1415433560e-03   -2.0242214240e-03   -1.2604618185e-03   -1.9182214869e-03   -1.8734718038e-03   -7.9635538457e-05   -2.2274982946e-04    3.3092403719e-04
  35.2600000    2.1752139163e-03   -1.9984096212e-03   -1.2273602772e-03   -1.9262869421e-03   -1.8848099341e-03   -9.1862885689e-05   -2.3946796970e-04    3.2813547366e-04
  35.3100000    2.2076682546e-03   -1.9743046105e-03   -1.1934292611e-03   -1.9351232130e-03   -1.8949583892e-03   -1.0392425859e-04   -2.5636042543e-04    3.2527100762e-04
  35.3600000    2.2383285949e-03   -1.9513093951e-03   -1.1584876110e-03   -1.9446247002e-03   -1.9042984263e-03   -1.1576405127e-04   -2.7342157191e-04    3.2233261430e-04
  35.4100000    2.2671961531e-03   -1.9281973402e-03   -1.1225331287e-03   -1.9543728269e-03   -1.9133861641e-03   -1.2745999086e-04   -2.9064529129e-04    3.1932058334e-04
  35.4600000    2.2947239098e-03   -1.9039341171e-03   -1.0857636652e-03   -1.9637969308e-03   -1.9227192995e-03   -1.3919778761e-04   -3.0802614073e-04    3.1623350157e-04
  35.5100000    2.3214865775e-03   -1.8783756625e-03   -1.0485319842e-03   -1.9723899716e-03   -1.9325269879e-03   -1.5119958866e-04   -3.2555993066e-04    3.1306853453e-04
  35.5600000    2.3478789715e-03   -1.8523669648e-03   -1.0112434177e-03   -1.9798942842e-03   -1.9426737961e-03   -1.6363359568e-04   -3.4324337944e-04    3.0982197987e-04
  35.6100000    2.3740076711e-03   -1.8271610128e-03   -9.7422875928e-04   -1.9863857066e-03   -1.9527227243e-03   -1.7654180506e-04   -3.6107293485e-04    3.0649002897e-04
  35.6600000    2.3997665228e-03   -1.8035392616e-03   -9.3763709147e-04   -1.9922257923e-03   -1.9621338787e-03   -1.8981685049e-04   -3.7904327112e-04    3.0306963030e-04
  35.7100000    2.4249777813e-03   -1.7812409257e-03   -9.0138864070e-04   -1.9979045459e-03   -1.9705137305e-03   -2.0323922480e-04   -3.9714619073e-04    2.9955930087e-04
  35.7600000    2.4494859572e-03   -1.7590882967e-03   -8.6520732479e-04   -2.0038388747e-03   -1.9778033587e-03   -2.1656087843e-04   -4.1537056697e-04    2.9595969477e-04
  35.8100000    2.4731875326e-03   -1.7357050794e-03   -8.2872380377e-04   -2.0102077945e-03   -1.9843168539e-03   -2.2960130088e-04   -4.3370357088e-04    2.9227373920e-04
  35.8600000    2.4960549236e-03   -1.7103520031e-03   -7.9161343958e-04   -2.0168886153e-03   -1.9906057289e-03   -2.4231655383e-04   -4.5213288737e-04    2.8850621288e-04
  35.9100000    2.5181589653e-03   -1.6833410446e-03   -7.5371975062e-04   -2.0235163870e-03   -1.9972045054e-03   -2.5481300266e-04   -4.7064916289e-04    2.8466277629e-04
  35.9600000    2.5396583143e-03   -1.6558277111e-03   -7.1511821720e-04   -2.0296392539e-03   -2.0043709054e-03   -2.6730084185e-04   -4.8924774828e-04    2.8074864221e-04
  36.0100000    2.5607232158e-03   -1.6291813277e-03   -6.7609640971e-04   -2.0349050452e-03   -2.0119430583e-03   -2.8000772984e-04   -5.0792899314e-04    2.7676723913e-04
  36.0600000    2.5814150819e-03   -1.6043381048e-03   -6.3705678847e-04   -2.0392038225e-03   -2.0193886715e-03   -2.9308898595e-04   -5.2669685116e-04    2.7271929686e-04
  36.1100000    2.6015983516e-03   -1.5814717423e-03   -5.9837699192e-04   -2.0427104777e-03   -2.0260357936e-03   -3.0657106596e-04   -5.4555617459e-04    2.6860271581e-04
  36.1600000    2.6209706003e-03   -1.5600620812e-03   -5.6027834695e-04   -2.0458121154e-03   -2.0313888912e-03   -3.2034974238e-04   -5.6450956840e-04    2.6441336193e-04
  36.2100000    2.6392216980e-03   -1.5392258905e-03   -5.2275056717e-04   -2.0489502216e-03   -2.0353873077e-03   -3.3424066591e-04   -5.8355484962e-04    2.6014661223e-04
  36.2600000    2.6562402430e-03   -1.5180967861e-03   -4.8555993379e-04   -2.0524398952e-03   -2.0384798690e-03   -3.4805829619e-04   -6.0268395118e-04    2.5579917342e-04
  36.3100000    2.6722251864e-03   -1.4961029127e-03   -4.4833724915e-04   -2.0563359714e-03   -2.0414657423e-03   -3.6168874924e-04   -6.2188360728e-04    2.5137053311e-04
  36.3600000    2.6876111013e-03   -1.4730856423e-03   -4.1071217515e-04   -2.0603969911e-03   -2.0451561747e-03   -3.7512681420e-04   -6.4113755141e-04    2.4686346987e-04
  36.4100000    2.7028333901e-03   -1.4492593861e-03   -3.7244357703e-04   -2.0641608712e-03   -2.0499981567e-03   -3.8846440800e-04   -6.6042946720e-04    2.4228335102e-04
  36.4600000    2.7180756350e-03   -1.4250438628e-03   -3.3349781297e-04   -2.0671051639e-03   -2.0558286464e-03   -4.0183908742e-04   -6.7974572312e-04    2.3763639242e-04
  36.5100000    2.7331643927e-03   -1.4008330583e-03   -2.9404767844e-04   -2.0688347450e-03   -2.0618806121e-03   -4.1536753607e-04   -6.9907704690e-04    2.3292747724e-04
  36.5600000    2.7476784385e-03   -1.3768115906e-03   -2.5439574928e-04   -2.0692306214e-03   -2.0670569096e-03   -4.2909353387e-04   -7.1841869022e-04    2.2815835039e-04
  36.6100000    2.7612019416e-03   -1.3529246564e-03   -2.1485480794e-04   -2.0685074587e-03   -2.0703692414e-03   -4.4297157224e-04   -7.3776915028e-04    2.2332691142e-04
  36.6600000    2.7735625865e-03   -1.3290209285e-03   -1.7563333578e-04   -2.0671587294e-03   -2.0713599446e-03   -4.5689041667e-04   -7.5712797357e-04    2.1842792906e-04
  36.7100000    2.7849202842e-03   -1.3050612522e-03   -1.3676975774e-04   -2.0658061116e-03   -2.0703218381e-03   -4.7072334759e-04   -7.7649342629e-04    2.1345493740e-04
  36.7600000    2.7956699625e-03   -1.2812252663e-03   -9.8137409957e-05   -2.0650015158e-03   -2.0682106909e-03   -4.8438117797e-04   -7.9586080292e-04    2.0840257328e-04
  36.8100000    2.8062284229e-03   -1.2578171539e-03   -5.9512482440e-05   -2.0650459371e-03   -2.0662743863e-03   -4.9784463824e-04   -8.1522188030e-04    2.0326839566e-04
  36.8600000    2.8168277438e-03   -1.2350262938e-03   -2.0672093689e-05   -2.0658844860e-03   -2.0655470545e-03   -5.1116345097e-04   -8.3456560482e-04    1.9805340680e-04
  36.9100000    2.8274118756e-03   -1.2127245480e-03    1.8520420250e-05   -2.0671131048e-03   -2.0664200235e-03   -5.2442508929e-04   -8.5387967060e-04    1.9276102183e-04
  36.9600000    2.8376771145e-03   -1.1904589866e-03    5.8077283449e-05   -2.0680970454e-03   -2.0684742101e-03   -5.3770963607e-04   -8.7315235196e-04    1.8739490324e-04
  37.0100000    2.8472261437e-03   -1.1676573641e-03    9.7906562131e-05   -2.0681651744e-03   -2.0706498716e-03   -5.5105249054e-04   -8.9237389676e-04    1.8195660484e-04
  37.0600000    2.8557594594e-03   -1.1439140552e-03    1.3787588841e-04   -2.0668190000e-03   -2.0716854442e-03   -5.6443189745e-04   -9.1153699068e-04    1.7644411309e-04
  37.1100000    2.8632097007e-03   -1.1191823246e-03    1.7788619190e-04   -2.0638893517e-03   -2.0706404532e-03   -5.7778595639e-04   -9.3063619621e-04    1.7085204433e-04
  37.1600000    2.8697441977e-03   -1.0937729326e-03    2.1791953389e-04   -2.0595894154e-03   -2.0672802162e-03   -5.9104972683e-04   -9.4966670858e-04    1.6517356530e-04
  37.2100000    2.8756397758e-03   -1.0681789971e-03    2.5803899783e-04   -2.0544458814e-03   -2.0621596632e-03   -6.0419368581e-04   -9.6862308127e-04    1.5940333510e-04
  37.2600000    2.8811084000e-03   -1.0428392036e-03    2.9834193764e-04   -2.0491298803e-03   -2.0563743652e-03   -6.1724427164e-04   -9.8749862031e-04    1.5354025132e-04
  37.3100000    2.8861850149e-03   -1.0179675404e-03    3.3888992476e-04   -2.0442429384e-03   -2.0510909907e-03   -6.3027567744e-04   -1.0062858889e-03    1.4758876538e-04
  37.3600000    2.8907460770e-03   -9.9352549418e-04    3.7964965309e-04   -2.0401287442e-03   -2.0470629054e-03   -6.4337556523e-04   -1.0249782829e-03    1.4155805156e-04
  37.4100000    2.8946393540e-03   -9.6932694294e-04    4.2047433244e-04   -2.0367732282e-03   -2.0443383160e-03   -6.5659985441e-04   -1.0435721159e-03    1.3545917690e-04
  37.4600000    2.8978302375e-03   -9.4519854443e-04    4.6113722677e-04   -2.0338255780e-03   -2.0422786621e-03   -6.6993757657e-04   -1.0620683074e-03    1.2930127381e-04
  37.5100000    2.9004640628e-03   -9.2109649679e-04    5.0140608660e-04   -2.0307313507e-03   -2.0398656130e-03   -6.8330328067e-04   -1.0804727674e-03    1.2308819633e-04
  37.5600000    2.9028058980e-03   -8.9712089008e-04    5.4112923566e-04   -2.0269301764e-03   -2.0361496195e-03   -6.9656299445e-04   -1.0987949495e-03    1.1681702396e-04
  37.6100000    2.9051041705e-03   -8.7343322030e-04    5.8029845523e-04   -2.0220484326e-03   -2.0306375400e-03   -7.0958514308e-04   -1.1170446870e-03    1.1047908736e-04
  37.6600000    2.9074736499e-03   -8.5014187245e-04    6.1906255355e-04   -2.0160197487e-03   -2.0234541932e-03   -7.2229634702e-04   -1.1352281002e-03    1.0406319534e-04
  37.7100000    2.9098618293e-03   -8.2723207729e-04    6.5768464167e-04   -2.0090925712e-03   -2.0152224977e-03   -7.3471867514e-04   -1.1533437921e-03    9.7559846237e-05
  37.7600000    2.9120931226e-03   -8.0458448922e-04    6.9645772714e-04   -2.0017248573e-03   -2.0067362274e-03   -7.4697136634e-04   -1.1713805604e-03    9.0964781405e-05
  37.8100000    2.9139445316e-03   -7.8206512463e-04    7.3560880809e-04   -1.9944064734e-03   -1.9985883499e-03   -7.5923382642e-04   -1.1893174070e-03    8.4280467558e-05
  37.8600000    2.9152066272e-03   -7.5961859825e-04    7.7522551066e-04   -1.9874752796e-03   -1.9909274551e-03   -7.7168233132e-04   -1.2071258951e-03    7.7514893456e-05
  37.9100000    2.9157182286e-03   -7.3730407112e-04    8.1523052269e-04   -1.9809939286e-03   -1.9834444661e-03   -7.8442395422e-04   -1.2247741518e-03    7.0678117476e-05
  37.9600000    2.9153916486e-03   -7.1525821514e-04    8.5541142043e-04   -1.9747308706e-03   -1.9755783269e-03   -7.9745319072e-04   -1.2422313342e-03    6.3777884355e-05
  38.0100000    2.9142401997e-03   -6.9362065715e-04    8.9549374288e-04   -1.9682498988e-03   -1.9668277294e-03   -8.1064865692e-04   -1.2594713465e-03    5.6815992394e-05
  38.0600000    2.9123984306e-03   -6.7247185917e-04    9.3523046883e-04   -1.9610725522e-03   -1.9570129273e-03   -8.2381220855e-04   -1.2764749996e-03    4.9786800753e-05
  38.1100000    2.9101086180e-03   -6.5181826535e-04    9.7447635631e-04   -1.9528517844e-03   -1.9463641643e-03   -8.3673677442e-04   -1.2932304527e-03    4.2678445535e-05
  38.1600000    2.9076602746e-03   -6.3162283516e-04    1.0132221531e-03   -1.9434929425e-03   -1.9354018962e-03   -8.4927837561e-04   -1.3097323841e-03    3.5476316983e-05
  38.2100000    2.9052997443e-03   -6.1185107735e-04    1.0515787890e-03   -1.9331796077e-03   -1.9246742755e-03   -8.6140631808e-04   -1.3259806531e-03    2.8167533622e-05
  38.2600000    2.9031530405e-03   -5.9249205445e-04    1.0897197928e-03   -1.9222984451e-03   -1.9144818728e-03   -8.7321376803e-04   -1.3419791309e-03    2.0744833534e-05
  38.3100000    2.9012015450e-03   -5.7354439205e-04    1.1278049286e-03   -1.9112945871e-03   -1.9047203664e-03   -8.8488546862e-04   -1.3577349815e-03    1.3208577830e-05
  38.3600000    2.8993123803e-03   -5.5498409778e-04    1.1659142961e-03   -1.9005131141e-03   -1.8949122043e-03   -8.9663461403e-04   -1.3732581977e-03    5.5662858450e-06
  38.4100000    2.8972974372e-03   -5.3674907151e-04    1.2040177416e-03   -1.8900844407e-03   -1.8844090185e-03   -9.0863129622e-04   -1.3885608947e-03   -2.1700051339e-06
  38.4600000    2.8949717537e-03   -5.1875779987e-04    1.2419909597e-03   -1.8798921822e-03   -1.8726702854e-03   -9.2094706355e-04   -1.4036559058e-03   -9.9875686877e-06
  38.5100000    2.8921959871e-03   -5.0094324228e-04    1.2796719194e-03   -1.8696298577e-03   -1.8594939957e-03   -9.3353377199e-04   -1.4185545822e-03   -1.7876731306e-05
  38.5600000    2.8889006998e-03   -4.8327111438e-04    1.3169356050e-03   -1.8589204911e-03   -1.8451020547e-03   -9.4624280107e-04   -1.4332641885e-03   -2.5833419583e-05
  38.6100000    2.8850899681e-03   -4.6572840204e-04    1.3537573253e-03   -1.8474527947e-03   -1.8300507382e-03   -9.5887722429e-04   -1.4477856427e-03   -3.3859904233e-05
  38.6600000    2.8808217638e-03   -4.4829901770e-04    1.3902381058e-03   -1.8350856308e-03   -1.8150120542e-03   -9.7125904103e-04   -1.4621123727e-03   -4.1963743250e-05
  38.7100000    2.8761678756e-03   -4.3095687974e-04    1.4265791264e-03   -1.8218878282e-03   -1.8005219980e-03   -9.8328912563e-04   -1.4762307132e-03   -5.0155428589e-05
  38.7600000    2.8711712786e-03   -4.1368889215e-04    1.4630112102e-03   -1.8081057523e-03   -1.7867973729e-03   -9.9498015642e-04   -1.4901217036e-03   -5.8445499992e-05
  38.8100000    2.8658220330e-03   -3.9652903619e-04    1.4997031557e-03   -1.7940760999e-03   -1.7736861088e-03   -1.0064514752e-03   -1.5037636336e-03   -6.6841888314e-05
  38.8600000    2.8600664864e-03   -3.7957011719e-04    1.5366825389e-03   -1.7801173942e-03   -1.7607567829e-03   -1.0178870256e-03   -1.5171344718e-03   -7.5348064281e-05
  38.9100000    2.8538334971e-03   -3.6293162393e-04    1.5738004391e-03   -1.7664363540e-03   -1.7474783975e-03   -1.0294697020e-03   -1.5302134988e-03   -8.3962305054e-05
  38.9600000    2.8470677345e-03   -3.4669665782e-04    1.6107575349e-03   -1.7530758424e-03   -1.7334131118e-03   -1.0413138827e-03   -1.5429819528e-03   -9.2678137482e-05
  39.0100000    2.8397664043e-03   -3.3086113770e-04    1.6471877147e-03   -1.7399146939e-03   -1.7183503602e-03   -1.0534196515e-03   -1.5554230294e-03   -1.0148580917e-04
  39.0600000    2.8320001295e-03   -3.1533255798e-04    1.6827741406e-03   -1.7267129581e-03   -1.7023432350e-03   -1.0656659838e-03   -1.5675218765e-03   -1.1037447366e-04
  39.1100000    2.8239100898e-03   -2.9997695736e-04    1.7173592829e-03   -1.7131843225e-03   -1.6856500222e-03   -1.0778473086e-03   -1.5792661384e-03   -1.1933464246e-04
  39.1600000    2.8156728439e-03   -2.8467752399e-04    1.7510099962e-03   -1.6990731418e-03   -1.6686172692e-03   -1.0897422748e-03   -1.5906471747e-03   -1.2836036830e-04
  39.2100000    2.8074326379e-03   -2.6936221026e-04    1.7840119808e-03   -1.6842161103e-03   -1.6515543917e-03   -1.1011908142e-03   -1.6016615429e-03   -1.3745062049e-04
  39.2600000    2.7992237066e-03   -2.5399606940e-04    1.8167908940e-03   -1.6685756892e-03   -1.6346424717e-03   -1.1121509737e-03   -1.6123119766e-03   -1.4660944250e-04
  39.3100000    2.7909299459e-03   -2.3855579340e-04    1.8497823103e-03   -1.6522409759e-03   -1.6178990311e-03   -1.1227131377e-03   -1.6226071421e-03   -1.5584475413e-04
  39.3600000    2.7823198594e-03   -2.2301915417e-04    1.8832911341e-03   -1.6353994034e-03   -1.6011972606e-03   -1.1330647157e-03   -1.6325599014e-03   -1.6516602838e-04
  39.4100000    2.7731435704e-03   -2.0738271064e-04    1.9173864107e-03   -1.6182882088e-03   -1.5843216623e-03   -1.1434175808e-03   -1.6421844574e-03   -1.7458142524e-04
  39.4600000    2.7632402996e-03   -1.9169025033e-04    1.9518675224e-03   -1.6011376654e-03   -1.5670363028e-03   -1.1539258504e-03   -1.6514932899e-03   -1.8409517315e-04
  39.5100000    2.7525940964e-03   -1.7604794120e-04    1.9863154569e-03   -1.5841187565e-03   -1.5491453673e-03   -1.1646263701e-03   -1.6604949266e-03   -1.9370595765e-04
  39.5600000    2.7413112731e-03   -1.6060659261e-04    2.0202153268e-03   -1.5673065095e-03   -1.5305338418e-03   -1.1754259341e-03   -1.6691932505e-03   -2.0340679618e-04
  39.6100000    2.7295490270e-03   -1.4551649109e-04    2.0531126727e-03   -1.5506668320e-03   -1.5111842471e-03   -1.1861407546e-03   -1.6775883797e-03   -2.1318643235e-04
  39.6600000    2.7174492658e-03   -1.3088064643e-04    2.0847541939e-03   -1.5340697438e-03   -1.4911708743e-03   -1.1965724271e-03   -1.6856784722e-03   -2.2303182633e-04
  39.7100000    2.7051174909e-03   -1.1673396607e-04    2.1151675595e-03   -1.5173260793e-03   -1.4706358832e-03   -1.2065895232e-03   -1.6934614487e-03   -2.3293100719e-04
  39.7600000    2.6926396353e-03   -1.0305634946e-04    2.1446538218e-03   -1.5002391272e-03   -1.4497532296e-03   -1.2161814995e-03   -1.7009357600e-03   -2.4287548998e-04
  39.8100000    2.6801006943e-03   -8.9799853696e-05    2.1736937128e-03   -1.4826586265e-03   -1.4286877963e-03   -1.2254630453e-03   -1.7080998858e-03   -2.5286164920e-04
  39.8600000    2.6675761991e-03   -7.6904786082e-05    2.2027968247e-03   -1.4645232709e-03   -1.4075582816e-03   -1.2346275695e-03   -1.7149509667e-03   -2.6289079555e-04
  39.9100000    2.6551025545e-03   -6.4294212442e-05    2.2323412929e-03   -1.4458800728e-03   -1.3864123730e-03   -1.2438695484e-03   -1.7214834759e-03   -2.7296808699e-04
  39.9600000    2.6426531253e-03   -5.1859526099e-05    2.2624549490e-03   -1.4268744200e-03   -1.3652205122e-03   -1.2533080212e-03   -1.7276888773e-03   -2.8310069181e-04
  40.0100000    2.6301424779e-03   -3.9461877841e-05    2.2929757600e-03   -1.4077122835e-03   -1.3438901179e-03   -1.2629423707e-03   -1.7335567664e-03   -2.9329573842e-04
  40.0600000    2.6174572539e-03   -2.6961564156e-05    2.3235038958e-03   -1.3886038877e-03   -1.3222966298e-03   -1.2726573212e-03   -1.7390772498e-03   -3.0355853682e-04
  40.1100000    2.6044921425e-03   -1.4263708032e-05    2.3535282760e-03   -1.3697040033e-03   -1.3003230158e-03   -1.2822731032e-03   -1.7442436580e-03   -3.1389139792e-04
  40.1600000    2.5911719894e-03   -1.3528795440e-06    2.3825866276e-03   -1.3510659709e-03   -1.2778969834e-03   -1.2916180656e-03   -1.7490544210e-03   -3.2429318773e-04
  40.2100000    2.5774558817e-03    1.1703397140e-05    2.4104078061e-03   -1.3326236242e-03   -1.2550156367e-03   -1.3005926247e-03   -1.7535132172e-03   -3.3475959285e-04
  40.2600000    2.5633319831e-03    2.4779957698e-05    2.4369917381e-03   -1.3142078911e-03   -1.2317503218e-03   -1.3091986636e-03   -1.7576272124e-03   -3.4528396493e-04
  40.3100000    2.5488142217e-03    3.7727373127e-05    2.4626034879e-03   -1.2955948475e-03   -1.2082290133e-03   -1.3175246677e-03   -1.7614040306e-03   -3.5585854581e-04
  40.3600000    2.5339434369e-03    5.0393187135e-05    2.4876863344e-03   -1.2765722879e-03   -1.1845989913e-03   -1.3256965542e-03   -1.7648486598e-03   -3.6647583217e-04
  40.4100000    2.5187873814e-03    6.2628103038e-05    2.5127246736e-03   -1.2570055240e-03   -1.1609781085e-03   -1.3338184913e-03   -1.7679615515e-03   -3.7712981301e-04
  40.4600000    2.5034335435e-03    7.4291663285e-05    2.5381022896e-03   -1.2368824167e-03   -1.1374078084e-03   -1.3419307610e-03   -1.7707386813e-03   -3.8781681729e-04
  40.5100000    2.4879753423e-03    8.5273474774e-05    2.5640004218e-03   -1.2163231880e-03   -1.1138237302e-03   -1.3500020444e-03   -1.7731735250e-03   -3.9853576968e-04
  40.5600000    2.4724977427e-03    9.5529720787e-05    2.5903640932e-03   -1.1955509198e-03   -1.0900581919e-03   -1.3579562718e-03   -1.7752601156e-03   -4.0928777968e-04
  40.6100000    2.4570672292e-03    1.0511602537e-04    2.6169406313e-03   -1.1748307094e-03   -1.0658814958e-03   -1.3657176882e-03   -1.7769959198e-03   -4.2007516773e-04
  40.6600000    2.4417259366e-03    1.1419310338e-04    2.6433702628e-03   -1.1543953644e-03   -1.0410762166e-03   -1.3732498458e-03   -1.7783833713e-03   -4.3090020615e-04
  40.7100000    2.4264870520e-03    1.2299599773e-04    2.6692936111e-03   -1.1343799918e-03   -1.0155238122e-03   -1.3805684822e-03   -1.7794294735e-03   -4.4176395281e-04
  40.7600000    2.4113310977e-03    1.3177773606e-04    2.6944396078e-03   -1.1147852902e-03   -9.8927205598e-04   -1.3877224065e-03   -1.7801436661e-03   -4.5266552875e-04
  40.8100000    2.3962055504e-03    1.4075158592e-04    2.7186691416e-03   -1.0954805400e-03   -9.6255135556e-04   -1.3947534940e-03   -1.7805348211e-03   -4.6360202959e-04
  40.8600000    2.3810313755e-03    1.5005135163e-04    2.7419691765e-03   -1.0762450203e-03   -9.3572148068e-04   -1.4016582071e-03   -1.7806085137e-03   -4.7456901938e-04
  40.9100000    2.3657163686e-03    1.5971509833e-04    2.7644110329e-03   -1.0568348431e-03   -9.0915531574e-04   -1.4083729851e-03   -1.7803655227e-03   -4.8556133222e-04
  40.9600000    2.3501706423e-03    1.6968688689e-04    2.7860977258e-03   -1.0370547247e-03   -8.8309444553e-04   -1.4147942132e-03   -1.7798019527e-03   -4.9657380061e-04
  41.0100000    2.3343187463e-03    1.7983000180e-04    2.8071250116e-03   -1.0168132927e-03   -8.5753053969e-04   -1.4208258818e-03   -1.7789107027e-03   -5.0760159759e-04
  41.0600000    2.3181062503e-03    1.8994954906e-04    2.8275702681e-03   -9.9614623073e-04   -8.3216601235e-04   -1.4264330969e-03   -1.7776835072e-03   -5.1864009885e-04
  41.1100000    2.3015026394e-03    1.9982468648e-04    2.8475078368e-03   -9.7520183637e-04   -8.0648368111e-04   -1.4316748162e-03   -1.7761126469e-03   -5.2968444727e-04
  41.1600000    2.2845036472e-03    2.0924805953e-04    2.8670360175e-03   -9.5419499609e-04   -7.7991453519e-04   -1.4366972709e-03   -1.7741916914e-03   -5.4072920211e-04
  41.2100000    2.2671343204e-03    2.1806521159e-04    2.8862952458e-03   -9.3334457440e-04   -7.5205036259e-04   -1.4416870134e-03   -1.7719151624e-03   -5.5176846988e-04
  41.2600000    2.2494511920e-03    2.2620458512e-04    2.9054612604e-03   -9.1281317797e-04   -7.2282205355e-04   -1.4468013651e-03   -1.7692775405e-03   -5.6279671453e-04
  41.3100000    2.2315405071e-03    2.3369090213e-04    2.9247090621e-03   -8.9266634134e-04   -6.9256826279e-04   -1.4521054183e-03   -1.7662723638e-03   -5.7381010083e-04
  41.3600000    2.2135103079e-03    2.4063912029e-04    2.9441577938e-03   -8.7286141053e-04   -6.6195473640e-04   -1.4575432109e-03   -1.7628921171e-03   -5.8480788815e-04
  41.4100000    2.1954764318e-03    2.4723054799e-04    2.9638170824e-03   -8.5326718166e-04   -6.3176041794e-04   -1.4629567380e-03   -1.7591292393e-03   -5.9579322594e-04
  41.4600000    2.1775448607e-03    2.5367610532e-04    2.9835574636e-03   -8.3370660659e-04   -6.0260108467e-04   -1.4681462141e-03   -1.7549780080e-03   -6.0677281253e-04
  41.5100000    2.1597941140e-03    2.6017436951e-04    3.0031203608e-03   -8.1400909744e-04   -5.7469200795e-04   -1.4729473988e-03   -1.7504365657e-03   -6.1775525476e-04
  41.5600000    2.1422616578e-03    2.6687381418e-04    3.0221695543e-03   -7.9405751289e-04   -5.4774353855e-04   -1.4772945133e-03   -1.7455081294e-03   -6.2874847401e-04
  41.6100000    2.1249369960e-03    2.7384805658e-04    3.0403714369e-03   -7.7381774256e-04   -5.2103810115e-04   -1.4812433220e-03   -1.7402005964e-03   -6.3975694087e-04
  41.6600000    2.1077625771e-03    2.8108860728e-04    3.0574810785e-03   -7.5334465058e-04   -4.9366992755e-04   -1.4849455213e-03   -1.7345242874e-03   -6.5077968987e-04
  41.7100000    2.0906424179e-03    2.8851510049e-04    3.0734087924e-03   -7.3276501391e-04   -4.6486567345e-04   -1.4885854379e-03   -1.7284882681e-03   -6.6180987432e-04
  41.7600000    2.0734569342e-03    2.9599871121e-04    3.0882479530e-03   -7.1224397292e-04   -4.3426995845e-04   -1.4923048513e-03   -1.7220963181e-03   -6.7283611719e-04
  41.8100000    2.0560819212e-03    3.0339224822e-04    3.1022566890e-03   -6.9194492283e-04   -4.0208911878e-04   -1.4961456302e-03   -1.7153439213e-03   -6.8384528042e-04
  41.8600000    2.0384086140e-03    3.1055997952e-04    3.1157994497e-03   -6.7199313684e-04   -3.6903652046e-04   -1.5000317361e-03   -1.7082174998e-03   -6.9482575567e-04
  41.9100000    2.0203611879e-03    3.1740138109e-04    3.1292649487e-03   -6.5245108213e-04   -3.3609508387e-04   -1.5037958716e-03   -1.7006965223e-03   -7.0577017924e-04
  41.9600000    2.0019081612e-03    3.2386468853e-04    3.1429818207e-03   -6.3330942831e-04   -3.0417989557e-04   -1.5072385992e-03   -1.6927582378e-03   -7.1667667699e-04
  42.0100000    1.9830656461e-03    3.2994874494e-04    3.1571518575e-03   -6.1449349883e-04   -2.7382057325e-04   -1.5101961101e-03   -1.6843839061e-03   -7.2754827302e-04
  42.0600000    1.9638930240e-03    3.3569504446e-04    3.1718143603e-03   -5.9588156180e-04   -2.4497582762e-04   -1.5125911927e-03   -1.6755647915e-03   -7.3839074697e-04
  42.1100000    1.9444836098e-03    3.4117416430e-04    3.1868465091e-03   -5.7732960560e-04   -2.1704465838e-04   -1.5144502579e-03   -1.6663060746e-03   -7.4920974786e-04
  42.1600000    1.9249526982e-03    3.4647096140e-04    3.2019962976e-03   -5.5869716598e-04   -1.8906822520e-04   -1.5158835266e-03   -1.6566272935e-03   -7.6000817767e-04
  42.2100000    1.9054243980e-03    3.5167188975e-04    3.2169383726e-03   -5.3986993098e-04   -1.6004981952e-04   -1.5170396138e-03   -1.6465588393e-03   -7.7078468335e-04
  42.2600000    1.8860176619e-03    3.5685527538e-04    3.2313398153e-03   -5.2077652745e-04   -1.2928140150e-04   -1.5180542164e-03   -1.6361351571e-03   -7.8153363199e-04
  42.3100000    1.8668317392e-03    3.6208389491e-04    3.2449224540e-03   -5.0139840275e-04   -9.6566696235e-05   -1.5190125752e-03   -1.6253863057e-03   -7.9224639031e-04
  42.3600000    1.8479324544e-03    3.6739937767e-04    3.2575101807e-03   -4.8177265930e-04   -6.2270502037e-05   -1.5199375970e-03   -1.6143301050e-03   -8.0291330498e-04
  42.4100000    1.8293420889e-03    3.7281876445e-04    3.2690533385e-03   -4.6198806712e-04   -2.7185782609e-05   -1.5208038270e-03   -1.6029670578e-03   -8.1352563701e-04
  42.4600000    1.8110357480e-03    3.7833391727e-04    3.2796269723e-03   -4.4217455187e-04    7.7285308949e-06   -1.5215669513e-03   -1.5912795523e-03   -8.2407686761e-04
  42.5100000    1.7929457104e-03    3.8391378146e-04    3.2894049170e-03   -4.2248667554e-04    4.1646477775e-05   -1.5221934167e-03   -1.5792357302e-03   -8.3456316019e-04
  42.5600000    1.7749731963e-03    3.8950889138e-04    3.2986164871e-03   -4.0308227442e-04    7.4112405815e-05   -1.5226767100e-03   -1.5667971451e-03   -8.4498315545e-04
  42.6100000    1.7570051101e-03    3.9505726038e-04    3.3074959292e-03   -3.8409848821e-04    1.0514588299e-04   -1.5230344129e-03   -1.5539283165e-03   -8.5533751836e-04
  42.6600000    1.7389324128e-03    4.0049108145e-04    3.3162358384e-03   -3.6562863806e-04    1.3519219645e-04   -1.5232896011e-03   -1.5406057953e-03   -8.6562865206e-04
  42.7100000    1.7206668895e-03    4.0574406956e-04    3.3249540299e-03   -3.4770425824e-04    1.6494832824e-04   -1.5234472288e-03   -1.5268245363e-03   -8.7586076770e-04
  42.7600000    1.7021538826e-03    4.1075935165e-04    3.3336792819e-03   -3.3028649743e-04    1.9513149312e-04   -1.5234778712e-03   -1.5126001512e-03   -8.8604017476e-04
  42.8100000    1.6833795548e-03    4.1549735896e-04    3.3423561269e-03   -3.1326986693e-04    2.2626875777e-04   -1.5233171819e-03   -1.4979667463e-03   -8.9617540316e-04
  42.8600000    1.6643721016e-03    4.1994261654e-04    3.3508641463e-03   -2.9649898200e-04    2.5857068229e-04   -1.5228818102e-03   -1.4829711822e-03   -9.0627672251e-04
  42.9100000    1.6451969620e-03    4.2410802439e-04    3.3590445812e-03   -2.7979604324e-04    2.9191738938e-04   -1.5220949289e-03   -1.4676654016e-03   -9.1635482532e-04
  42.9600000    1.6259465629e-03    4.2803545389e-04    3.3667271943e-03   -2.6299410675e-04    3.2594564312e-04   -1.5209103480e-03   -1.4520987444e-03   -9.2641881679e-04
  43.0100000    1.6067257220e-03    4.3179209629e-04    3.3737528039e-03   -2.4596941637e-04    3.6019441419e-04   -1.5193251011e-03   -1.4363118769e-03   -9.3647404270e-04
  43.0600000    1.5876346545e-03    4.3546274920e-04    3.3799903699e-03   -2.2866588022e-04    3.9425349330e-04   -1.5173757033e-03   -1.4203332676e-03   -9.4652050755e-04
  43.1100000    1.5687524179e-03    4.3913897614e-04    3.3853502391e-03   -2.1110619270e-04    4.2786713678e-04   -1.5151203919e-03   -1.4041782970e-03   -9.5655256467e-04
  43.1600000    1.5501240730e-03    4.4290672019e-04    3.3897957750e-03   -1.9338701029e-04    4.6096735415e-04   -1.5126153650e-03   -1.3878503975e-03   -9.6656018838e-04
  43.2100000    1.5317543981e-03    4.4683428270e-04    3.3933539173e-03   -1.7565918392e-04    4.9363946988e-04   -1.5098949647e-03   -1.3713432662e-03   -9.7653158098e-04
  43.2600000    1.5136095441e-03    4.5096255013e-04    3.3961222221e-03   -1.5809741480e-04    5.2604550385e-04   -1.5069633792e-03   -1.3546432456e-03   -9.8645633087e-04
  43.3100000    1.4956260561e-03    4.5529892640e-04    3.3982675104e-03   -1.4086602672e-04    5.5834130868e-04   -1.5038001183e-03   -1.3377313246e-03   -9.9632803685e-04
  43.3600000    1.4777249649e-03    4.5981578161e-04    3.4000109515e-03   -1.2408841625e-04    5.9061925017e-04   -1.5003757435e-03   -1.3205846808e-03   -1.0061453951e-03
  43.4100000    1.4598276815e-03    4.6445356471e-04    3.4015973323e-03   -1.0782643938e-04    6.2289297556e-04   -1.4966705119e-03   -1.3031780542e-03   -1.0159112159e-03
  43.4600000    1.4418704023e-03    4.6912807297e-04    3.4032516153e-03   -9.2073374184e-05    6.5512153794e-04   -1.4926880517e-03   -1.2854853704e-03   -1.0256295585e-03
  43.5100000    1.4238144258e-03    4.7374086154e-04    3.4051317483e-03   -7.6761044185e-05    6.8725452969e-04   -1.4884587412e-03   -1.2674818863e-03   -1.0353018945e-03
  43.5600000    1.4056508347e-03    4.7819146090e-04    3.4072904545e-03   -6.1778376464e-05    7.1927339195e-04   -1.4840317350e-03   -1.2491468145e-03   -1.0449236598e-03
  43.6100000    1.3873990996e-03    4.8238991907e-04    3.4096586438e-03   -4.6996210164e-05    7.5120824012e-04   -1.4794587478e-03   -1.2304660442e-03   -1.0544825430e-03
  43.6600000    1.3691003083e-03    4.8626824184e-04    3.4120581698e-03   -3.2292471437e-05    7.8312183500e-04   -1.4747753164e-03   -1.2114343792e-03   -1.0639593416e-03
  43.7100000    1.3508067254e-03    4.8978945759e-04    3.4142431099e-03   -1.7572502868e-05    8.1506746178e-04   -1.4699857111e-03   -1.1920567445e-03   -1.0733313544e-03
  43.7600000    1.3325701401e-03    4.9295325676e-04    3.4159600620e-03   -2.7806803135e-06    8.4703956621e-04   -1.4650562098e-03   -1.1723480505e-03   -1.0825773509e-03
  43.8100000    1.3144317192e-03    4.9579742416e-04    3.4170110417e-03    1.2097556395e-05    8.7894060459e-04   -1.4599188685e-03   -1.1523317510e-03   -1.0916825108e-03
  43.8600000    1.2964156648e-03    4.9839467422e-04    3.4173007768e-03    2.7041387769e-05    9.1058308424e-04   -1.4544850777e-03   -1.1320374364e-03   -1.1006416146e-03
  43.9100000    1.2785279410e-03    5.0084501886e-04    3.4168546828e-03    4.2005423655e-05    9.4173372351e-04   -1.4486657536e-03   -1.1114979641e-03   -1.1094592729e-03
  43.9600000    1.2607599090e-03    5.0326434305e-04    3.4158031848e-03    5.6932470667e-05    9.7219104930e-04   -1.4423933751e-03   -1.0907465882e-03   -1.1181469586e-03
  44.0100000    1.2430954388e-03    5.0577040211e-04    3.4143379923e-03    7.1765057809e-05    1.0018737440e-03   -1.4356404554e-03   -1.0698143782e-03   -1.1267177315e-03
  44.0600000    1.2255192676e-03    5.0846788009e-04    3.4126556586e-03    8.6454390724e-05    1.0308894556e-03   -1.4284295862e-03   -1.0487279973e-03   -1.1351804122e-03
  44.1100000    1.2080242229e-03    5.1143438676e-04    3.4109064910e-03    1.0096594860e-04    1.0595556334e-03   -1.4208319051e-03   -1.0275077744e-03   -1.1435352475e-03
  44.1600000    1.1906153562e-03    5.1470935662e-04    3.4091645847e-03    1.1528126188e-04    1.0883555874e-03   -1.4129535323e-03   -1.0061659953e-03   -1.1517726733e-03
  44.2100000    1.1733098643e-03    5.1828759993e-04    3.4074264935e-03    1.2939682878e-04    1.1178317505e-03   -1.4049126125e-03   -9.8470546325e-04   -1.1598757619e-03
  44.2600000    1.1561327232e-03    5.2211878611e-04    3.4056366606e-03    1.4332112807e-04    1.1484389022e-03   -1.3968122745e-03   -9.6311854219e-04   -1.1678256663e-03
  44.3100000    1.1391090650e-03    5.2611335769e-04    3.4037279950e-03    1.5707047312e-04    1.1803965091e-03   -1.3887161942e-03   -9.4138701557e-04   -1.1756083086e-03
  44.3600000    1.1222552449e-03    5.3015438158e-04    3.4016616668e-03    1.7066442831e-04    1.2135855279e-03   -1.3806329882e-03   -9.1948307559e-04   -1.1832200647e-03
  44.4100000    1.1055710469e-03    5.3411384055e-04    3.3994499270e-03    1.8412146871e-04    1.2475276442e-03   -1.3725134279e-03   -8.9737160211e-04   -1.1906704769e-03
  44.4600000    1.0890353539e-03    5.3787103380e-04    3.3971537288e-03    1.9745612541e-04    1.2814645828e-03   -1.3642611233e-03   -8.7501363625e-04   -1.1979809644e-03
  44.5100000    1.0726068363e-03    5.4133028546e-04    3.3948548521e-03    2.1067781316e-04    1.3145266708e-03   -1.3557539534e-03   -8.5237069100e-04   -1.2051797962e-03
  44.5600000    1.0562299783e-03    5.4443515411e-04    3.3926110456e-03    2.2379208033e-04    1.3459514089e-03   -1.3468710879e-03   -8.2940935248e-04   -1.2122947817e-03
  44.6100000    1.0398454077e-03    5.4717681464e-04    3.3904118976e-03    2.3680428929e-04    1.3752934958e-03   -1.3375195343e-03   -8.0610555508e-04   -1.2193458303e-03
  44.6600000    1.0234023835e-03    5.4959518066e-04    3.3881505213e-03    2.4972353529e-04    1.4025646513e-03   -1.3276547219e-03   -7.8244795889e-04   -1.2263395254e-03
  44.7100000    1.0068706824e-03    5.5177254241e-04    3.3856231346e-03    2.6256521702e-04    1.4282572299e-03   -1.3172912359e-03   -7.5843997862e-04   -1.2332671740e-03
  44.7600000    9.9024916179e-04    5.5382077894e-04    3.3825605841e-03    2.7535030005e-04    1.4532366314e-03   -1.3065018512e-03   -7.3410016829e-04   -1.2401067066e-03
  44.8100000    9.7356893287e-04    5.5586433950e-04    3.3786848593e-03    2.8809995415e-04    1.4785253126e-03   -1.2954050587e-03   -7.0946083175e-04   -1.2468276769e-03
  44.8600000    9.5689022250e-04    5.5802192912e-04    3.3737765794e-03    3.0082669443e-04    1.5050344003e-03   -1.2841431611e-03   -6.8456491116e-04   -1.2533978058e-03
  44.9100000    9.4029339537e-04    5.6038999024e-04    3.3677353514e-03    3.1352385358e-04    1.5333169484e-03   -1.2728547308e-03   -6.5946141923e-04   -1.2597892408e-03
  44.9600000    9.2386593010e-04    5.6303062064e-04    3.3606170443e-03    3.2615732737e-04    1.5634135113e-03   -1.2616466424e-03   -6.3419992431e-04   -1.2659829769e-03
  45.0100000    9.0768804155e-04    5.6596563016e-04    3.3526371900e-03    3.3866428235e-04    1.5948361517e-03   -1.2505716602e-03   -6.0882483105e-04   -1.2719705567e-03
  45.0600000    8.9181989595e-04    5.6917723263e-04    3.3441382059e-03    3.5096118268e-04    1.6266981147e-03   -1.2396171470e-03   -5.8337034758e-04   -1.2777529845e-03
  45.1100000    8.7629290915e-04    5.7261469087e-04    3.3355285066e-03    3.6296064242e-04    1.6579545935e-03   -1.2287084899e-03   -5.5785701041e-04   -1.2833375051e-03
  45.1600000    8.6110657903e-04    5.7620529293e-04    3.3272059925e-03    3.7459387657e-04    1.6876877483e-03   -1.2177274106e-03   -5.3229040274e-04   -1.2887333449e-03
  45.2100000    8.4623100294e-04    5.7986746858e-04    3.3194825123e-03    3.8583275056e-04    1.7153560777e-03   -1.2065412561e-03   -5.0666227548e-04   -1.2939476261e-03
  45.2600000    8.3161401612e-04    5.8352371207e-04    3.3125255113e-03    3.9670498228e-04    1.7409382750e-03   -1.1950359293e-03   -4.8095376186e-04   -1.2989824843e-03
  45.3100000    8.1719105027e-04    5.8711123102e-04    3.3063282964e-03    4.0729630324e-04    1.7649318310e-03   -1.1831436582e-03   -4.5513991906e-04   -1.3038340332e-03
  45.3600000    8.0289550955e-04    5.9058884913e-04    3.3007133527e-03    4.1773736648e-04    1.7882079525e-03   -1.1708580492e-03   -4.2919457500e-04   -1.3084933379e-03
  45.4100000    7.8866768483e-04    5.9393953206e-04    3.2953665172e-03    4.2817753726e-04    1.8117647998e-03   -1.1582325834e-03   -4.0309448687e-04   -1.3129490713e-03
  45.4600000    7.7446085469e-04    5.9716880238e-04    3.2898937325e-03    4.3875124605e-04    1.8364489913e-03   -1.1453636704e-03   -3.7682211251e-04   -1.3171911243e-03
  45.5100000    7.6024405499e-04    6.0030005591e-04    3.2838882750e-03    4.4954538495e-04    1.8627230325e-03   -1.1323638457e-03   -3.5036674518e-04   -1.3212141887e-03
  45.5600000    7.4600184135e-04    6.0336821532e-04    3.2769962102e-03    4.6057644547e-04    1.8905420179e-03   -1.1193331363e-03   -3.2372421252e-04   -1.3250202915e-03
  45.6100000    7.3173201345e-04    6.0641319657e-04    3.2689686177e-03    4.7178383380e-04    1.9193712141e-03   -1.1063363346e-03   -2.9689564589e-04   -1.3286194742e-03
  45.6600000    7.1744257787e-04    6.0947436828e-04    3.2596943417e-03    4.8304118668e-04    1.9483363644e-03   -1.0933912731e-03   -2.6988591428e-04   -1.3320282577e-03
  45.7100000    7.0314911905e-04    6.1258671181e-04    3.2492102233e-03    4.9418340502e-04    1.9764621783e-03   -1.0804694176e-03   -2.4270220225e-04   -1.3352661315e-03
  45.7600000    6.8887330032e-04    6.1577887838e-04    3.2376900463e-03    5.0504280886e-04    2.0029315939e-03   -1.0675066598e-03   -2.1535297987e-04   -1.3383509012e-03
  45.8100000    6.7464257832e-04    6.1907290285e-04    3.2254166004e-03    5.1548513259e-04    2.0272949761e-03   -1.0544201905e-03   -1.8784738001e-04   -1.3412941293e-03
  45.8600000    6.6049062027e-04    6.2248503233e-04    3.2127428634e-03    5.2543706225e-04    2.0495747113e-03   -1.0411270443e-03   -1.6019485280e-04   -1.3440979617e-03
  45.9100000    6.4645754869e-04    6.2602699474e-04    3.2000473635e-03    5.3489931213e-04    2.0702413540e-03   -1.0275608552e-03   -1.3240494235e-04   -1.3467542808e-03
  45.9600000    6.3258911623e-04    6.2970709147e-04    3.1876897033e-03    5.4394354959e-04    2.0900734227e-03   -1.0136846882e-03   -1.0448709720e-04   -1.3492464557e-03
  46.0100000    6.1893420616e-04    6.3353071881e-04    3.1759698742e-03    5.5269501994e-04    2.1099438798e-03   -9.9949877715e-04   -7.6450521299e-05   -1.3515531589e-03
  46.0600000    6.0554055191e-04    6.3750023655e-04    3.1650947653e-03    5.6130572108e-04    2.1305939039e-03   -9.8504239543e-04   -4.8304132851e-05   -1.3536530724e-03
  46.1100000    5.9244913770e-04    6.4161437968e-04    3.1551538625e-03    5.6992467227e-04    2.1524545766e-03   -9.7038921866e-04   -2.0056692561e-05   -1.3555290326e-03
  46.1600000    5.7968821152e-04    6.4586759125e-04    3.1461063445e-03    5.7867145364e-04    2.1755605425e-03   -9.5563597558e-04    8.2828986674e-06   -1.3571703808e-03
  46.2100000    5.6726810856e-04    6.5024967548e-04    3.1377814414e-03    5.8761795599e-04    2.1995721257e-03   -9.4088530097e-04    3.6705213347e-05   -1.3585729279e-03
  46.2600000    5.5517807096e-04    6.5474614749e-04    3.1298934689e-03    5.9678007428e-04    2.2238921416e-03   -9.2622538885e-04    6.5199961158e-05   -1.3597367822e-03
  46.3100000    5.4338593397e-04    6.5933944822e-04    3.1220713389e-03    6.0611963017e-04    2.2478392584e-03   -9.1171066388e-04    9.3755851362e-05   -1.3606630296e-03
  46.3600000    5.3184101250e-04    6.6401099366e-04    3.1139009283e-03    6.1555438873e-04    2.2708275638e-03   -8.9734839760e-04    1.2236076688e-04   -1.3613506315e-03
  46.4100000    5.2047988223e-04    6.6874379417e-04    3.1049767330e-03    6.2497378988e-04    2.2925044338e-03   -8.8309537580e-04    1.5100230019e-04   -1.3617947752e-03
  46.4600000    5.0923419896e-04    6.7352518475e-04    3.0949570098e-03    6.3425672169e-04    2.3128140749e-03   -8.6886636125e-04    1.7966863342e-04   -1.3619873385e-03
  46.5100000    4.9803934916e-04    6.7834911876e-04    3.0836142312e-03    6.4328966039e-04    2.3319769750e-03   -8.5455285839e-04    2.0834968298e-04   -1.3619193196e-03
  46.5600000    4.8684261887e-04    6.8321754344e-04    3.0708729846e-03    6.5198332266e-04    2.3503990393e-03   -8.4004768521e-04    2.3703836986e-04   -1.3615843456e-03
  46.6100000    4.7560967960e-04    6.8814056627e-04    3.0568285658e-03    6.6028579379e-04    2.3685418691e-03   -8.2526916891e-04    2.6573181516e-04   -1.3609819624e-03
  46.6600000    4.6432849778e-04    6.9313536566e-04    3.0417420959e-03    6.6819068837e-04    2.3867931281e-03   -8.1017899847e-04    2.9443220147e-04   -1.3601194834e-03
  46.7100000    4.5301020474e-04    6.9822401085e-04    3.0260103237e-03    6.7573957346e-04    2.4053720725e-03   -7.9478975150e-04    3.2314700942e-04   -1.3590116708e-03
  46.7600000    4.4168695480e-04    7.0343055187e-04    3.0101139729e-03    6.8301713844e-04    2.4242921836e-03   -7.7916108423e-04    3.5188837179e-04   -1.3576782784e-03
  46.8100000    4.3040723396e-04    7.0877780671e-04    2.9945516531e-03    6.9013916231e-04    2.4433848970e-03   -7.6338647281e-04    3.8067141641e-04   -1.3561401963e-03
  46.8600000    4.1922945328e-04    7.1428439383e-04    2.9797688385e-03    6.9723436729e-04    2.4623710574e-03   -7.4757432298e-04    4.0951169372e-04   -1.3544153808e-03
  46.9100000    4.0821482129e-04    7.1996249511e-04    2.9660926223e-03    7.0442232815e-04    2.4809547255e-03   -7.3182783722e-04    4.3842206094e-04   -1.3525157709e-03
  46.9600000    3.9742047744e-04    7.2581670749e-04    2.9536826140e-03    7.1179091260e-04    2.4989101956e-03   -7.1622742445e-04    4.6740963928e-04   -1.3504460140e-03
  47.0100000    3.8689370092e-04    7.3184412298e-04    2.9425062707e-03    7.1937704294e-04    2.5161379229e-03   -7.0081822770e-04    4.9647357570e-04   -1.3482041937e-03
  47.0600000    3.7666777442e-04    7.3803557382e-04    2.9323430591e-03    7.2715514904e-04    2.5326764063e-03   -6.8560413714e-04    5.2560425558e-04   -1.3457841038e-03
  47.1100000    3.6675980604e-04    7.4437781199e-04    2.9228172227e-03    7.3503685842e-04    2.5486711805e-03   -6.7054879017e-04    5.5478431670e-04   -1.3431781625e-03
  47.1600000    3.5717052778e-04    7.5085626617e-04    2.9134534157e-03    7.4288323511e-04    2.5643146539e-03   -6.5558348909e-04    5.8399137065e-04   -1.3403799486e-03
  47.2100000    3.4788583791e-04    7.5745795912e-04    2.9037468242e-03    7.5052874468e-04    2.5797780376e-03   -6.4062136633e-04    6.1320186974e-04   -1.3373855677e-03
  47.2600000    3.3887968861e-04    7.6417415019e-04    2.8932359299e-03    7.5781315993e-04    2.5951571873e-03   -6.2557617956e-04    6.4239521049e-04   -1.3341935367e-03
  47.3100000    3.3011783583e-04    7.7100231069e-04    2.8815668802e-03    7.6461550169e-04    2.6104481216e-03   -6.1038278950e-04    6.7155705527e-04   -1.3308034065e-03
  47.3600000    3.2156196229e-04    7.7794713146e-04    2.8685398074e-03    7.7088260561e-04    2.6255575141e-03   -5.9501504901e-04    7.0068102763e-04   -1.3272137732e-03
  47.4100000    3.1317371851e-04    7.8502040701e-04    2.8541310228e-03    7.7664541201e-04    2.6403420492e-03   -5.7949620217e-04    7.2976835205e-04   -1.3234204972e-03
  47.4600000    3.0491829399e-04    7.9223980483e-04    2.8384904831e-03    7.8201810433e-04    2.6546617395e-03   -5.6389763805e-04    7.5882554757e-04   -1.3194158466e-03
  47.5100000    2.9676724815e-04    7.9962667191e-04    2.8219151787e-03    7.8717867980e-04    2.6684287420e-03   -5.4832425177e-04    7.8786079199e-04   -1.3151889427e-03
  47.5600000    2.8870046036e-04    8.0720319588e-04    2.8048041967e-03    7.9233384512e-04    2.6816357456e-03   -5.3288836050e-04    8.1687990690e-04   -1.3107274426e-03
  47.6100000    2.8070718981e-04    8.1498935895e-04    2.7876039618e-03    7.9767493845e-04    2.6943555627e-03   -5.1767806786e-04    8.4588298515e-04   -1.3060200011e-03
  47.6600000    2.7278632604e-04    8.2300017565e-04    2.7707513709e-03    8.0333451549e-04    2.7067134873e-03   -5.0272876904e-04    8.7486248393e-04   -1.3010588192e-03
  47.7100000    2.6494593682e-04    8.3124368207e-04    2.7546218104e-03    8.0935388182e-04    2.7188429907e-03   -4.8800689139e-04    9.0380320375e-04   -1.2958415832e-03
  47.7600000    2.5720220846e-04    8.3972002477e-04    2.7394878253e-03    8.1566986305e-04    2.7308404798e-03   -4.7341240129e-04    9.3268408392e-04   -1.2903723035e-03
  47.8100000    2.4957785270e-04    8.4842181657e-04    2.7254913250e-03    8.2212515309e-04    2.7427345932e-03   -4.5880151201e-04    9.6148130152e-04   -1.2846608963e-03
  47.8600000    2.4210005331e-04    8.5733570215e-04    2.7126300155e-03    8.2850054384e-04    2.7544800884e-03   -4.4402481210e-04    9.9017187095e-04   -1.2787217013e-03
  47.9100000    2.3479804857e-04    8.6644485529e-04    2.7007588654e-03    8.3456217121e-04    2.7659777405e-03   -4.2897068490e-04    1.0187368671e-03   -1.2725713882e-03
  47.9600000    2.2770048451e-04    8.7573195705e-04    2.6896063802e-03    8.4011295404e-04    2.7771127822e-03   -4.1360130194e-04    1.0471635388e-03   -1.2662267935e-03
  48.0100000    2.2083273138e-04    8.8518211628e-04    2.6788053023e-03    8.4503603267e-04    2.7877982561e-03   -3.9796975914e-04    1.0754458907e-03   -1.2597031579e-03
  48.0600000    2.1421441076e-04    8.9478522090e-04    2.6679357074e-03    8.4931987779e-04    2.7980082158e-03   -3.8221196726e-04    1.1035837039e-03   -1.2530130237e-03
  48.1100000    2.0785742346e-04    9.0453734041e-04    2.6565769749e-03    8.5305896333e-04    2.8077893873e-03   -3.6651429995e-04    1.1315803419e-03   -1.2461658166e-03
  48.1600000    2.0176476136e-04    9.1444100698e-04    2.6443637083e-03    8.5643038599e-04    2.8172473538e-03   -3.5106547059e-04    1.1594399586e-03   -1.2391679368e-03
  48.2100000    1.9593032868e-04    9.2450443332e-04    2.6310399427e-03    8.5965262891e-04    2.8265119783e-03   -3.3600623927e-04    1.1871648315e-03   -1.2320231021e-03
  48.2600000    1.9033987509e-04    9.3473992638e-04    2.6165017880e-03    8.6293674244e-04    2.8356937321e-03   -3.2139160693e-04    1.2147534708e-03   -1.2247327214e-03
  48.3100000    1.8497298425e-04    9.4516188297e-04    2.6008195318e-03    8.6644195213e-04    2.8448455621e-03   -3.0717668499e-04    1.2421999267e-03   -1.2172961979e-03
  48.3600000    1.7980588924e-04    9.5578478725e-04    2.5842341133e-03    8.7024594679e-04    2.8539430052e-03   -2.9323045064e-04    1.2694943930e-03   -1.2097111964e-03
  48.4100000    1.7481473707e-04    9.6662157974e-04    2.5671256870e-03    8.7433586156e-04    2.8628891773e-03   -2.7937328030e-04    1.2966248757e-03   -1.2019740029e-03
  48.4600000    1.6997882797e-04    9.7768264302e-04    2.5499566955e-03    8.7862049201e-04    2.8715431100e-03   -2.6542711042e-04    1.3235794332e-03   -1.1940800961e-03
  48.5100000    1.6528333406e-04    9.8897548823e-04    2.5331979932e-03    8.8295874616e-04    2.8797623922e-03   -2.5126350369e-04    1.3503483755e-03   -1.1860249614e-03
  48.5600000    1.6072107125e-04    1.0005050583e-03    2.5172502878e-03    8.8719579363e-04    2.8874466128e-03   -2.3683586836e-04    1.3769258465e-03   -1.1778050415e-03
  48.6100000    1.5629305318e-04    1.0122744279e-03    2.5023753816e-03    8.9119735247e-04    2.8945680617e-03   -2.2218719011e-04    1.4033104071e-03   -1.1694186049e-03
  48.6600000    1.5200776891e-04    1.0242856075e-03    2.4886507163e-03    8.9487386568e-04    2.9011804027e-03   -2.0743218925e-04    1.4295045142e-03   -1.1608662730e-03
  48.7100000    1.4787936176e-04    1.0365401747e-03    2.4759560879e-03    8.9819016164e-04    2.9074031023e-03   -1.9272039275e-04    1.4555130892e-03   -1.1521510219e-03
  48.7600000    1.4392508159e-04    1.0490395519e-03    2.4639957436e-03    9.0116022640e-04    2.9133869414e-03   -1.7819187902e-04    1.4813415963e-03   -1.1432776250e-03
  48.8100000    1.4016250255e-04    1.0617848953e-03    2.4523522401e-03    9.0383111142e-04    2.9192715554e-03   -1.6393891450e-04    1.5069941579e-03   -1.1342516920e-03
  48.8600000    1.3660700610e-04    1.0747767170e-03    2.4405617546e-03    9.0626203999e-04    2.9251479645e-03   -1.4998412144e-04    1.5324721877e-03   -1.1250785981e-03
  48.9100000    1.3326993465e-04    1.0880144705e-03    2.4281963916e-03    9.0850539276e-04    2.9310369884e-03   -1.3628023864e-04    1.5577738545e-03   -1.1157626448e-03
  48.9600000    1.3015765067e-04    1.1014963613e-03    2.4149378428e-03    9.1059455827e-04    2.9368891148e-03   -1.2272986004e-04    1.5828944428e-03   -1.1063067153e-03
  49.0100000    1.2727153844e-04    1.1152195882e-03    2.4006289393e-03    9.1254095572e-04    2.9426046177e-03   -1.0921786358e-04    1.6078274336e-03   -1.0967125152e-03
  49.0600000    1.2460880377e-04    1.1291810848e-03    2.3852943226e-03    9.1433981184e-04    2.9480666629e-03   -9.5646195710e-05    1.6325659477e-03   -1.0869812893e-03
  49.1100000    1.2216380350e-04    1.1433786743e-03    2.3691278970e-03    9.1598159261e-04    2.9531766245e-03   -8.1960934218e-05    1.6571041298e-03   -1.0771147406e-03
  49.1600000    1.1992958492e-04    1.1578123908e-03    2.3524511315e-03    9.1746494023e-04    2.9578808143e-03   -6.8164715105e-05    1.6814381053e-03   -1.0671158164e-03
  49.2100000    1.1789933588e-04    1.1724856301e-03    2.3356516747e-03    9.1880679294e-04    2.9621811126e-03   -5.4312440429e-05    1.7055662911e-03   -1.0569890865e-03
  49.2600000    1.1606752974e-04    1.1874057681e-03    2.3191146916e-03    9.2004640076e-04    2.9661273901e-03   -4.0493074186e-05    1.7294890436e-03   -1.0467405907e-03
  49.3100000    1.1443065245e-04    1.2025839697e-03    2.3031598502e-03    9.2124208762e-04    2.9697953569e-03   -2.6803848546e-05    1.7532078047e-03   -1.0363772273e-03
  49.3600000    1.1298751165e-04    1.2180340656e-03    2.2879946226e-03    9.2246122231e-04    2.9732577786e-03   -1.3324502458e-05    1.7767240333e-03   -1.0259059114e-03
  49.4100000    1.1173920526e-04    1.2337705991e-03    2.2736902770e-03    9.2376569317e-04    2.9765586259e-03   -9.8196570490e-08    1.8000382353e-03   -1.0153328051e-03
  49.4600000    1.1068886945e-04    1.2498063667e-03    2.2601821689e-03    9.2519626519e-04    2.9796983162e-03    1.2876885150e-05    1.8231493479e-03   -1.0046628771e-03
  49.5100000    1.0984132096e-04    1.2661499500e-03    2.2472913557e-03    9.2675948352e-04    2.9826343507e-03    2.5644513605e-05    1.8460546062e-03   -9.9389992288e-04
  49.5600000    1.0920266156e-04    1.2828037985e-03    2.2347614425e-03    9.2842039623e-04    2.9852966495e-03    3.8278135017e-05    1.8687498764e-03   -9.8304699929e-04
  49.6100000    1.0877985303e-04    1.2997633549e-03    2.2223029597e-03    9.3010320420e-04    2.9876123209e-03    5.0863293661e-05    1.8912303123e-03   -9.7210708067e-04
  49.6600000    1.0858021580e-04    1.3170175082e-03    2.2096377937e-03    9.3170054224e-04    2.9895318290e-03    6.3479173620e-05    1.9134911191e-03   -9.6108366637e-04
  49.7100000    1.0861078965e-04    1.3345503861e-03    2.1965375214e-03    9.3309033542e-04    2.9910483168e-03    7.6182999469e-05    1.9355282078e-03   -9.4998109388e-04
  49.7600000    1.0887752529e-04    1.3523441982e-03    2.1828515728e-03    9.3415757959e-04    2.9922041351e-03    8.8999717195e-05    1.9573385760e-03   -9.3880442192e-04
  49.8100000    1.0938434574e-04    1.3703826075e-03    2.1685230569e-03    9.3481697808e-04    2.9930826440e-03    1.0191795673e-04    1.9789203504e-03   -9.2755890271e-04
  49.8600000    1.1013219472e-04    1.3886539769e-03    2.1535917057e-03    9.3503185557e-04    2.9937878114e-03    1.1489214678e-04    2.0002725243e-03   -9.1624920959e-04
  49.9100000    1.1111824910e-04    1.4071538486e-03    2.1381844653e-03    9.3482509051e-04    2.9944176983e-03    1.2784994702e-04    2.0213945015e-03   -9.0487867300e-04
  49.9600000    1.1233548834e-04    1.4258861516e-03    2.1224950580e-03    9.3427905530e-04    2.9950395662e-03    1.4070379226e-04    2.0422855987e-03   -8.9344877951e-04
  50.0100000    1.1377277861e-04    1.4448628748e-03    2.1067546408e-03    9.3352373771e-04    2.9956736692e-03    1.5336510157e-04    2.0629446419e-03   -8.8195910664e-04
  50.0600000    1.1541555198e-04    1.4641022387e-03    2.0911967433e-03    9.3271482249e-04    2.9962900778e-03    1.6575941914e-04    2.0833697481e-03   -8.7040772953e-04
  50.1100000    1.1724705234e-04    1.4836256837e-03    2.0760208928e-03    9.3200590878e-04    2.9968190077e-03    1.7784039604e-04    2.1035583162e-03   -8.5879199135e-04
  50.1600000    1.1925000326e-04    1.5034542142e-03    2.0613604679e-03    9.3152069437e-04    2.9971712536e-03    1.8960023707e-04    2.1235071856e-03   -8.4710942067e-04
  50.2100000    1.2140845340e-04    1.5236047493e-03    2.0472606078e-03    9.3133107527e-04    2.9972625869e-03    2.0107427825e-04    2.1432128782e-03   -8.3535854072e-04
  50.2600000    1.2370949459e-04    1.5440871123e-03    2.0336711760e-03    9.3144594752e-04    2.9970351065e-03    2.1233795548e-04    2.1626718284e-03   -8.2353935288e-04
  50.3100000    1.2614454492e-04    1.5649021574e-03    2.0204575005e-03    9.3181303039e-04    2.9964697114e-03    2.2349566098e-04    2.1818805219e-03   -8.1165337830e-04
  50.3600000    1.2870994911e-04    1.5860413042e-03    2.0074280834e-03    9.3233295155e-04    2.9955866710e-03    2.3466269279e-04    2.2008355049e-03   -7.9970327110e-04
  50.4100000    1.3140676692e-04    1.6074874991e-03    1.9943744641e-03    9.3288190896e-04    2.9944348353e-03    2.4594330051e-04    2.2195332713e-03   -7.8769213830e-04
  50.4600000    1.3423976482e-04    1.6292173765e-03    1.9811150465e-03    9.3333733087e-04    2.9930732908e-03    2.5740919707e-04    2.2379700761e-03   -7.7562277896e-04
  50.5100000    1.3721577555e-04    1.6512042186e-03    1.9675330415e-03    9.3360056763e-04    2.9915513158e-03    2.6908336375e-04    2.2561417460e-03   -7.6349707147e-04
  50.5600000    1.4034169706e-04    1.6734212198e-03    1.9535994427e-03    9.3361179043e-04    2.9898927592e-03    2.8093323814e-04    2.2740435616e-03   -7.5131569051e-04
  50.6100000    1.4362245824e-04    1.6958445600e-03    1.9393752493e-03    9.3335461292e-04    2.9880894595e-03    2.9287550436e-04    2.2916702648e-03   -7.3907824217e-04
  50.6600000    1.4705927037e-04    1.7184558681e-03    1.9249922374e-03    9.3285073844e-04    2.9861055095e-03    3.0479208186e-04    2.3090162183e-03   -7.2678379296e-04
  50.7100000    1.5064842164e-04    1.7412437868e-03    1.9106171699e-03    9.3214740496e-04    2.9838909123e-03    3.1655418586e-04    2.3260757072e-03   -7.1443166588e-04
  50.7600000    1.5438077789e-04    1.7642044988e-03    1.8964087980e-03    9.3130185192e-04    2.9814004007e-03    3.2804922983e-04    2.3428433434e-03   -7.0202230928e-04
  50.8100000    1.5824203748e-04    1.7873412303e-03    1.8824789768e-03    9.3036714205e-04    2.9786116952e-03    3.3920445505e-04    2.3593145135e-03   -6.8955802484e-04
  50.8600000    1.6221367005e-04    1.8106628810e-03    1.8688680218e-03    9.2938256027e-04    2.9755376420e-03    3.5000178880e-04    2.3754858045e-03   -6.7704337222e-04
  50.9100000    1.6627436613e-04    1.8341820286e-03    1.8555403310e-03    9.2836995799e-04    2.9722284381e-03    3.6048043130e-04    2.3913553441e-03   -6.6448513848e-04
  50.9600000    1.7040174900e-04    1.8579126178e-03    1.8424004722e-03    9.2733547737e-04    2.9687629679e-03    3.7072658673e-04    2.4069230095e-03   -6.5189185375e-04
  51.0100000    1.7457407207e-04    1.8818676603e-03    1.8293241200e-03    9.2627468633e-04    2.9652313560e-03    3.8085281828e-04    2.4221904746e-03   -6.3927292891e-04
  51.0600000    1.7877164994e-04    1.9060572435e-03    1.8161941795e-03    9.2517864053e-04    2.9617133080e-03    3.9097195701e-04    2.4371610900e-03   -6.2663756807e-04
  51.1100000    1.8297783691e-04    1.9304870915e-03    1.8029313925e-03    9.2403878886e-04    2.9582579943e-03    4.0117171403e-04    2.4518396092e-03   -6.1399365286e-04
  51.1600000    1.8717946321e-04    1.9551578351e-03    1.7895109528e-03    9.2284966016e-04    2.9548708239e-03    4.1149582896e-04    2.4662317898e-03   -6.0134680075e-04
  51.2100000    1.9136673234e-04    1.9800650552e-03    1.7759614226e-03    9.2160943215e-04    2.9515106003e-03    4.2193586920e-04    2.4803439152e-03   -5.8869976549e-04
  51.2600000    1.9553266939e-04    2.0052000660e-03    1.7623479581e-03    9.2031932519e-04    2.9480977847e-03    4.3243512542e-04    2.4941822838e-03   -5.7605228311e-04
  51.3100000    1.9967226185e-04    2.0305513064e-03    1.7487466867e-03    9.1898299590e-04    2.9445316794e-03    4.4290314611e-04    2.5077527186e-03   -5.6340138383e-04
  51.3600000    2.0378147032e-04    2.0561061300e-03    1.7352194745e-03    9.1760671037e-04    2.9407120946e-03    4.5323702392e-04    2.5210601391e-03   -5.5074210655e-04
  51.4100000    2.0785628090e-04    2.0818527251e-03    1.7217975712e-03    9.1620029520e-04    2.9365600493e-03    4.6334418014e-04    2.5341082340e-03   -5.3806848298e-04
  51.4600000    2.1189195256e-04    2.1077818745e-03    1.7084790529e-03    9.1477808522e-04    2.9320325189e-03    4.7316136900e-04    2.5468992509e-03   -5.2537461772e-04
  51.5100000    2.1588256770e-04    2.1338882827e-03    1.6952398723e-03    9.1335868201e-04    2.9271279992e-03    4.8266585810e-04    2.5594339128e-03   -5.1265568436e-04
  51.5600000    2.1982092327e-04    2.1601712647e-03    1.6820534351e-03    9.1196251988e-04    2.9218821751e-03    4.9187686014e-04    2.5717114513e-03   -4.9990868665e-04
  51.6100000    2.2369873764e-04    2.1866346944e-03    1.6689106270e-03    9.1060697697e-04    2.9163555624e-03    5.0084768825e-04    2.5837297415e-03   -4.8713289066e-04
  51.6600000    2.2750709675e-04    2.2132862298e-03    1.6558321215e-03    9.0929980875e-04    2.9106169064e-03    5.0965122450e-04    2.5954855170e-03   -4.7432990354e-04
  51.7100000    2.3123703567e-04    2.2401359511e-03    1.6428676184e-03    9.0803262278e-04    2.9047269130e-03    5.1836258377e-04    2.6069746458e-03   -4.6150344354e-04
  51.7600000    2.3488015582e-04    2.2671946417e-03    1.6300814181e-03    9.0677657831e-04    2.8987263915e-03    5.2704312149e-04    2.6181924516e-03   -4.4865889701e-04
  51.8100000    2.3842920198e-04    2.2944719933e-03    1.6175287782e-03    9.0548225377e-04    2.8926313352e-03    5.3572918239e-04    2.6291340670e-03   -4.3580278252e-04
  51.8600000    2.4187855178e-04    2.3219750134e-03    1.6052311018e-03    9.0408469169e-04    2.8864353391e-03    5.4442752706e-04    2.6397948119e-03   -4.2294223696e-04
  51.9100000    2.4522459993e-04    2.3497068630e-03    1.5931589057e-03    9.0251325025e-04    2.8801177290e-03    5.5311758692e-04    2.6501705825e-03   -4.1008460643e-04
  51.9600000    2.4846603155e-04    2.3776662587e-03    1.5812293773e-03    9.0070447655e-04    2.8736543472e-03    5.6175915007e-04    2.6602582333e-03   -3.9723717906e-04
  52.0100000    2.5160398854e-04    2.4058474614e-03    1.5693208138e-03    8.9861519937e-04    2.8670275478e-03    5.7030299478e-04    2.6700559244e-03   -3.8440704804e-04
  52.0600000    2.5464212930e-04    2.4342407644e-03    1.5573008156e-03    8.9623274063e-04    2.8602325722e-03    5.7870169060e-04    2.6795633962e-03   -3.7160105663e-04
  52.1100000    2.5758658100e-04    2.4628333059e-03    1.5450605314e-03    8.9357967420e-04    2.8532788599e-03    5.8691817421e-04    2.6887821340e-03   -3.5882576012e-04
  52.1600000    2.6044577850e-04    2.4916099907e-03    1.5325450211e-03    8.9071178223e-04    2.8461865250e-03    5.9493062117e-04    2.6977153853e-03   -3.4608734532e-04
  52.2100000    2.6323018435e-04    2.5205543061e-03    1.5197706332e-03    8.8770944598e-04    2.8389796715e-03    6.0273329150e-04    2.7063680105e-03   -3.3339147364e-04
  52.2600000    2.6595189092e-04    2.5496488635e-03    1.5068239386e-03    8.8466423431e-04    2.8316790279e-03    6.1033402562e-04    2.7147461683e-03   -3.2074304922e-04
  52.3100000    2.6862412172e-04    2.5788755732e-03    1.4938420827e-03    8.8166352499e-04    2.8242963077e-03    6.1774978463e-04    2.7228568627e-03   -3.0814594903e-04
  52.3600000    2.7126067005e-04    2.6082154456e-03    1.4809797723e-03    8.7877636056e-04    2.8168318988e-03    6.2500179857e-04    2.7307074033e-03   -2.9560277687e-04
  52.4100000    2.7387533919e-04    2.6376480884e-03    1.4683718806e-03    8.7604334134e-04    2.8092762820e-03    6.3211161939e-04    2.7383048461e-03   -2.8311471081e-04
  52.4600000    2.7648145369e-04    2.6671510333e-03    1.4561017534e-03    8.7347234100e-04    2.8016142549e-03    6.3909880639e-04    2.7456554857e-03   -2.7068150271e-04
  52.5100000    2.7909151435e-04    2.6966990341e-03    1.4441834720e-03    8.7104047663e-04    2.7938302235e-03    6.4598026624e-04    2.7527644619e-03   -2.5830166158e-04
  52.5600000    2.8171705251e-04    2.7262634833e-03    1.4325622297e-03    8.6870142180e-04    2.7859125887e-03    6.5277069229e-04    2.7596355172e-03   -2.4597281588e-04
  52.6100000    2.8436868580e-04    2.7558120344e-03    1.4211318786e-03    8.6639612307e-04    2.7778557754e-03    6.5948325041e-04    2.7662709223e-03   -2.3369221456e-04
  52.6600000    2.8705636406e-04    2.7853084769e-03    1.4097641384e-03    8.6406447093e-04    2.7696594681e-03    6.6612969164e-04    2.7726715503e-03   -2.2145729644e-04
  52.7100000    2.8978974633e-04    2.8147128543e-03    1.3983411715e-03    8.6165554189e-04    2.7613256948e-03    6.7271939933e-04    2.7788370684e-03   -2.0926624350e-04
  52.7600000    2.9257864670e-04    2.8439817757e-03    1.3867829201e-03    8.5913459163e-04    2.7528551880e-03    6.7925738829e-04    2.7847662002e-03   -1.9711843353e-04
  52.8100000    2.9543347723e-04    2.8730688505e-03    1.3750626478e-03    8.5648585969e-04    2.7442449253e-03    6.8574179816e-04    2.7904570203e-03   -1.8501472393e-04
  52.8600000    2.9836562130e-04    2.9019251798e-03    1.3632077926e-03    8.5371122145e-04    2.7354882823e-03    6.9216174864e-04    2.7959072530e-03   -1.7295752561e-04
  52.9100000    3.0138769054e-04    2.9304998527e-03    1.3512873537e-03    8.5082557587e-04    2.7265783456e-03    6.9849655963e-04    2.8011145635e-03   -1.6095065889e-04
  52.9600000    3.0451363746e-04    2.9587404256e-03    1.3393904244e-03    8.4785042881e-04    2.7175137697e-03    7.0471700227e-04    2.8060768488e-03   -1.4899901653e-04
  53.0100000    3.0775871660e-04    2.9865933883e-03    1.3276022980e-03    8.4480733328e-04    2.7083053111e-03    7.1078880932e-04    2.8107925351e-03   -1.3710808622e-04
  53.0600000    3.1113931004e-04    3.0140046361e-03    1.3159844835e-03    8.4171268282e-04    2.6989809301e-03    7.1667808906e-04    2.8152608915e-03   -1.2528340313e-04
  53.1100000    3.1467264456e-04    3.0409199786e-03    1.3045632100e-03    8.3857489103e-04    2.6895873471e-03    7.2235764560e-04    2.8194823461e-03   -1.1353000942e-04
  53.1600000    3.1837643956e-04    3.0672856990e-03    1.2933282448e-03    8.3539434995e-04    2.6801865463e-03    7.2781288846e-04    2.8234587792e-03   -1.0185199239e-04
  53.2100000    3.2226851807e-04    3.0930491656e-03    1.2822409605e-03    8.3216588762e-04    2.6708473433e-03    7.3304594841e-04    2.8271937401e-03   -9.0252157342e-05
  53.2600000    3.2636640564e-04    3.1181594674e-03    1.2712483348e-03    8.2888288072e-04    2.6616333954e-03    7.3807690083e-04    2.8306925314e-03   -7.8731868954e-05
  53.3100000    3.3068693390e-04    3.1425680329e-03    1.2602984738e-03    8.2554183353e-04    2.6525901454e-03    7.4294170272e-04    2.8339621071e-03   -6.7291068745e-05
  53.3600000    3.3524585605e-04    3.1662291752e-03    1.2493534362e-03    8.2214617384e-04    2.6437340848e-03    7.4768692790e-04    2.8370107510e-03   -5.5928451388e-05
  53.4100000    3.4005748620e-04    3.1891005211e-03    1.2383963828e-03    8.1870824170e-04    2.6350468691e-03    7.5236240844e-04    2.8398475439e-03   -4.4641762893e-05
  53.4600000    3.4513438066e-04    3.2111432855e-03    1.2274319267e-03    8.1524890585e-04    2.6264761003e-03    7.5701325680e-04    2.8424816656e-03   -3.3428170578e-05
  53.5100000    3.5048708628e-04    3.2323223914e-03    1.2164804564e-03    8.1179482690e-04    2.6179431313e-03    7.6167286511e-04    2.8449216222e-03   -2.2284652156e-05
  53.5600000    3.5612398741e-04    3.2526064513e-03    1.2055686873e-03    8.0837396117e-04    2.6093564280e-03    7.6635829185e-04    2.8471745145e-03   -1.1208355876e-05
  53.6100000    3.6205127879e-04    3.2719676581e-03    1.1947194370e-03    8.0501033315e-04    2.6006278371e-03    7.7106884914e-04    2.8492454678e-03   -1.9689613142e-07
  53.6600000    3.6827307781e-04    3.2903816475e-03    1.1839435486e-03    8.0171929337e-04    2.5916883175e-03    7.7578807096e-04    2.8511373245e-03    1.0751435967e-05
  53.7100000    3.7479167770e-04    3.3078273937e-03    1.1732360864e-03    7.9850437715e-04    2.5824997626e-03    7.8048843710e-04    2.8528506579e-03    2.1637551981e-05
  53.7600000    3.8160791685e-04    3.3242871867e-03    1.1625776761e-03    7.9535651035e-04    2.5730608839e-03    7.8513759369e-04    2.8543841081e-03    3.2461528167e-05
  53.8100000    3.8872162190e-04    3.3397467134e-03    1.1519404641e-03    7.9225576118e-04    2.5634056617e-03    7.8970456615e-04    2.8557349820e-03    4.3222636117e-05
  53.8600000    3.9613205756e-04    3.3541952305e-03    1.1412969687e-03    7.8917524252e-04    2.5535951804e-03    7.9416470103e-04    2.8569000091e-03    5.3919426138e-05
  53.9100000    4.0383831249e-04    3.3676257891e-03    1.1306293549e-03    7.8608627512e-04    2.5437047957e-03    7.9850240854e-04    2.8578761173e-03    6.4549850509e-05
  53.9600000    4.1183955667e-04    3.3800354495e-03    1.1199365411e-03    7.8296364588e-04    2.5338094775e-03    8.0271137247e-04    2.8586610925e-03    7.5111418278e-05
  54.0100000    4.2013511592e-04    3.3914254170e-03    1.1092370754e-03    7.7978980485e-04    2.5239701332e-03    8.0679271060e-04    2.8592540130e-03    8.5601377339e-05
  54.0600000    4.2872433674e-04    3.4018010366e-03    1.0985667770e-03    7.7655713053e-04    2.5142236304e-03    8.1075196289e-04    2.8596553988e-03    9.6016920516e-05
  54.1100000    4.3760623980e-04    3.4111716057e-03    1.0879714835e-03    7.7326788194e-04    2.5045779004e-03    8.1459616267e-04    2.8598670774e-03    1.0635540966e-04
  54.1600000    4.4677898477e-04    3.4195499867e-03    1.0774965570e-03    7.6993202034e-04    2.4950125109e-03    8.1833168366e-04    2.8598918219e-03    1.1661460583e-04
  54.2100000    4.5623919605e-04    3.4269520349e-03    1.0671757355e-03    7.6656358299e-04    2.4854840183e-03    8.2196359589e-04    2.8597328622e-03    1.2679288635e-04
  54.2600000    4.6598121154e-04    3.4333958795e-03    1.0570222205e-03    7.6317660412e-04    2.4759345803e-03    8.2549656863e-04    2.8593933880e-03    1.3688942358e-04
  54.3100000    4.7599632692e-04    3.4389011142e-03    1.0470244389e-03    7.5978163374e-04    2.4663017783e-03    8.2893680470e-04    2.8588761551e-03    1.4690429854e-04
  54.3600000    4.8627210431e-04    3.4434879562e-03    1.0371477911e-03    7.5638369749e-04    2.4565280441e-03    8.3229382219e-04    2.8581832749e-03    1.5683852585e-04
  54.4100000    4.9679180302e-04    3.4471764270e-03    1.0273421672e-03    7.5298213440e-04    2.4465680913e-03    8.3558145555e-04    2.8573162206e-03    1.6669397673e-04
  54.4600000    5.0753396934e-04    3.4499855870e-03    1.0175534713e-03    7.4957224847e-04    2.4363935954e-03    8.3881714344e-04    2.8562760334e-03    1.7647320021e-04
  54.5100000    5.1847219986e-04    3.4519328430e-03    1.0077362700e-03    7.4614824643e-04    2.4259950170e-03    8.4201925656e-04    2.8550636655e-03    1.8617915958e-04
  54.5600000    5.2957507251e-04    3.4530333276e-03    9.9786430813e-04    7.4270661499e-04    2.4153809305e-03    8.4520312090e-04    2.8536803700e-03    1.9581491498e-04
  54.6100000    5.4080622727e-04    3.4532993432e-03    9.8793613798e-04    7.3924899364e-04    2.4045753662e-03    8.4837665778e-04    2.8521280400e-03    2.0538329376e-04
  54.6600000    5.5212456897e-04    3.4527398589e-03    9.7797438584e-04    7.3578373540e-04    2.3936136131e-03    8.5153649280e-04    2.8504094119e-03    2.1488659293e-04
  54.7100000    5.6348456652e-04    3.4513600553e-03    9.6801888078e-04    7.3232567953e-04    2.3825371501e-03    8.5466604964e-04    2.8485280799e-03    2.2432635391e-04
  54.7600000    5.7483662252e-04    3.4491609174e-03    9.5811553377e-04    7.2889410114e-04    2.3713886168e-03    8.5773660715e-04    2.8464883115e-03    2.3370323828e-04
  54.8100000    5.8612749152e-04    3.4461388834e-03    9.4830400375e-04    7.2550924731e-04    2.3602069318e-03    8.6071123568e-04    2.8442946918e-03    2.4301701762e-04
  54.8600000    5.9730073020e-04    3.4422855667e-03    9.3860749431e-04    7.2218821378e-04    2.3490230525e-03    8.6355112640e-04    2.8419516639e-03    2.5226667229e-04
  54.9100000    6.0829717029e-04    3.4375875653e-03    9.2902740160e-04    7.1894108702e-04    2.3378568237e-03    8.6622316306e-04    2.8394630510e-03    2.6145057830e-04
  54.9600000    6.1905541234e-04    3.4320263681e-03    9.1954415964e-04    7.1576823734e-04    2.3267155893e-03    8.6870703924e-04    2.8368316513e-03    2.7056674909e-04
  55.0100000    6.2951234414e-04    3.4255783528e-03    9.1012389910e-04    7.1265941423e-04    2.3155945259e-03    8.7100062064e-04    2.8340589830e-03    2.7961309323e-04
  55.0600000    6.3960368962e-04    3.4182148508e-03    9.0072894337e-04    7.0959491907e-04    2.3044790104e-03    8.7312168331e-04    2.8311452319e-03    2.8858764986e-04
  55.1100000    6.4926459241e-04    3.4099022417e-03    8.9132915562e-04    7.0654869546e-04    2.2933488554e-03    8.7510589432e-04    2.8280894160e-03    2.9748877124e-04
  55.1600000    6.5843022960e-04    3.4006020275e-03    8.8191099402e-04    7.0349277457e-04    2.2821837239e-03    8.7700140477e-04    2.8248897472e-03    3.0631523286e-04
  55.2100000    6.6703644985e-04    3.3902708407e-03    8.7248184482e-04    7.0040222720e-04    2.2709688491e-03    8.7886044084e-04    2.8215441341e-03    3.1506626657e-04
  55.2600000    6.7502042119e-04    3.3788603532e-03    8.6306855755e-04    6.9725965972e-04    2.2596997040e-03    8.8072957236e-04    2.8180507472e-03    3.2374152544e-04
  55.3100000    6.8232127703e-04    3.3663170732e-03    8.5371070308e-04    6.9405837324e-04    2.2483848439e-03    8.8264145049e-04    2.8144085590e-03    3.3234100111e-04
  55.3600000    6.8888074504e-04    3.3525820457e-03    8.4445046280e-04    6.9080356268e-04    2.2370461377e-03    8.8460910672e-04    2.8106177728e-03    3.4086492017e-04
  55.4100000    6.9464374659e-04    3.3375904961e-03    8.3532187174e-04    6.8751131568e-04    2.2257158447e-03    8.8662359869e-04    2.8066800737e-03    3.4931364804e-04
  55.4600000    6.9955895575e-04    3.3212714778e-03    8.2634219007e-04    6.8420560165e-04    2.2144312088e-03    8.8865580978e-04    2.8025986631e-03    3.5768762293e-04
  55.5100000    7.0357930688e-04    3.3035475897e-03    8.1750750378e-04    6.8091383323e-04    2.2032275905e-03    8.9066191643e-04    2.7983780703e-03    3.6598733384e-04
  55.5600000    7.0666244497e-04    3.2843348256e-03    8.0879348199e-04    6.7766185848e-04    2.1921313208e-03    8.9259162259e-04    2.7940237693e-03    3.7421334334e-04
  55.6100000    7.0761745360e-04    3.2619517812e-03    8.0013576556e-04    6.7447333395e-04    2.1811541243e-03    8.9439704428e-04    2.7895416569e-03    3.8236634366e-04
  55.6600000    7.1054710734e-04    3.2410456173e-03    7.9135125333e-04    6.7136882514e-04    2.1702902960e-03    8.9604122268e-04    2.7849374687e-03    3.9044722427e-04
  55.7100000    7.1397539318e-04    3.2178607635e-03    7.8271830293e-04    6.6832726934e-04    2.1595169495e-03    8.9750428990e-04    2.7802162147e-03    3.9845712390e-04
  55.7600000    7.1682734837e-04    3.1922185025e-03    7.7441518637e-04    6.6533069910e-04    2.1487979354e-03    8.9878659052e-04    2.7753817126e-03    4.0639744075e-04
  55.8100000    7.1853426597e-04    3.1640032269e-03    7.6663343742e-04    6.6235478328e-04    2.1380904492e-03    8.9990840331e-04    2.7704362815e-03    4.1426978197e-04
  55.8600000    7.1903979334e-04    3.1331761027e-03    7.5947836415e-04    6.5937416380e-04    2.1273526387e-03    9.0090594567e-04    2.7653806318e-03    4.2207584610e-04
  55.9100000    7.1849486196e-04    3.0997480664e-03    7.5292527660e-04    6.5636772275e-04    2.1165509693e-03    9.0182492521e-04    2.7602139631e-03    4.2981724750e-04
  55.9600000    7.1696588792e-04    3.0637523649e-03    7.4684276631e-04    6.5332246030e-04    2.1056656498e-03    9.0271270980e-04    2.7549342495e-03    4.3749530691e-04
  56.0100000    7.1437244532e-04    3.0252298759e-03    7.4105136891e-04    6.5023532898e-04    2.0946929961e-03    9.0361060817e-04    2.7495386705e-03    4.4511084342e-04
  56.0600000    7.1059656915e-04    2.9842062455e-03    7.3537875631e-04    6.4711328813e-04    2.0836445609e-03    9.0454739324e-04    2.7440241281e-03    4.5266400810e-04
  56.1100000    7.0558348217e-04    2.9406508401e-03    7.2969252104e-04    6.4397212791e-04    2.0725432896e-03    9.0553464641e-04    2.7383877813e-03    4.6015419642e-04
  56.1600000    6.9934952787e-04    2.8944446352e-03    7.2391169444e-04    6.4083424436e-04    2.0614176194e-03    9.0656563888e-04    2.7326275326e-03    4.6758006533e-04
  56.2100000    6.9194371446e-04    2.8453907846e-03    7.1800406942e-04    6.3772525578e-04    2.0502948838e-03    9.0761741681e-04    2.7267424065e-03    4.7493966342e-04
  56.2600000    6.8342592934e-04    2.7932653463e-03    7.1197405236e-04    6.3466963594e-04    2.0391955873e-03    9.0865561912e-04    2.7207327791e-03    4.8223066216e-04
  56.3100000    6.7386393203e-04    2.7378706214e-03    7.0584539363e-04    6.3168616123e-04    2.0281296956e-03    9.0964063751e-04    2.7146004385e-03    4.8945065634e-04
  56.3600000    6.6332050461e-04    2.6790578611e-03    6.9964545693e-04    6.2878436493e-04    2.0170959486e-03    9.1053466115e-04    2.7083484730e-03    4.9659748711e-04
  56.4100000    6.5182810175e-04    2.6167169702e-03    6.9339695162e-04    6.2596305706e-04    2.0060835798e-03    9.1130841406e-04    2.7019810110e-03    5.0366953373e-04
  56.4600000    6.3937661848e-04    2.5507514435e-03    6.8711756708e-04    6.2321138695e-04    1.9950759201e-03    9.1194600917e-04    2.6955028477e-03    5.1066592299e-04
  56.5100000    6.2593165806e-04    2.4810552805e-03    6.8082256476e-04    6.2051215029e-04    1.9840553918e-03    9.1244767259e-04    2.6889190096e-03    5.1758661768e-04
  56.5600000    6.1147385300e-04    2.4075015256e-03    6.7452492460e-04    6.1784635128e-04    1.9730082703e-03    9.1282952085e-04    2.6822343102e-03    5.2443236471e-04
  56.6100000    5.9603613210e-04    2.3299487527e-03    6.6823147767e-04    6.1519767923e-04    1.9619278888e-03    9.1312081125e-04    2.6754529496e-03    5.3120450776e-04
  56.6600000    5.7971952537e-04    2.2482622865e-03    6.6193728170e-04    6.1255570692e-04    1.9508157640e-03    9.1335914329e-04    2.6685782016e-03    5.3790469241e-04
  56.7100000    5.6267727946e-04    2.1623295708e-03    6.5562141816e-04    6.0991719190e-04    1.9396805399e-03    9.1358420977e-04    2.6616122221e-03    5.4453451061e-04
  56.7600000    5.4546491190e-04    2.0725137582e-03    6.4952711178e-04    6.0728114131e-04    1.9285352003e-03    9.1383128654e-04    2.6545559928e-03    5.5109514220e-04
  56.8100000    5.2503617023e-04    1.9764487102e-03    6.4328193813e-04    6.0465933220e-04    1.9173933344e-03    9.1412571112e-04    2.6474094007e-03    5.5758705199e-04
  56.8600000    5.0284687902e-04    1.8758174124e-03    6.3663586652e-04    6.0206703957e-04    1.9062653126e-03    9.1447898735e-04    2.6401714383e-03    5.6400979160e-04
  56.9100000    4.7910660674e-04    1.7705149215e-03    6.2940099181e-04    5.9952057666e-04    1.8951555888e-03    9.1488705947e-04    2.6328404948e-03    5.7036193820e-04
  56.9600000    4.5403893835e-04    1.6604263735e-03    6.2141361955e-04    5.9703530969e-04    1.8840615517e-03    9.1533106642e-04    2.6254147026e-03    5.7664117947e-04
  57.0100000    4.2813445584e-04    1.5454567890e-03    6.1256989795e-04    5.9462292938e-04    1.8729741753e-03    9.1578038678e-04    2.6178922965e-03    5.8284453118e-04
  57.0600000    4.0200595277e-04    1.4255247467e-03    6.0285101256e-04    5.9228945032e-04    1.8618804275e-03    9.1619749167e-04    2.6102719453e-03    5.8896865286e-04
  57.1100000    3.7611048066e-04    1.3005198067e-03    5.9233306112e-04    5.9003427210e-04    1.8507665425e-03    9.1654364526e-04    2.6025530188e-03    5.9501021318e-04
  57.1600000    3.5063365374e-04    1.1702672558e-03    5.8118013965e-04    5.8785042265e-04    1.8396217723e-03    9.1678450529e-04    2.5947357624e-03    6.0096625094e-04
  57.2100000    3.2557346909e-04    1.0345430216e-03    5.6962262090e-04    5.8572586628e-04    1.8284414944e-03    9.1689477022e-04    2.5868213612e-03    6.0683448001e-04
  57.2600000    3.0087136378e-04    8.9313292565e-04    5.5792536346e-04    5.8364555367e-04    1.8172291949e-03    9.1686131740e-04    2.5788118902e-03    6.1261349782e-04
  57.3100000    2.7646672982e-04    7.4588726259e-04    5.4635214527e-04    5.8159377258e-04    1.8059967998e-03    9.1668419549e-04    2.5707101593e-03    6.1830287291e-04
  57.3600000    2.5227901514e-04    5.9272878310e-04    5.3513278993e-04    5.7955634693e-04    1.7947633755e-03    9.1637560232e-04    2.5625194747e-03    6.2390310579e-04
  57.4100000    2.2818745777e-04    4.3361565358e-04    5.2443837691e-04    5.7752232522e-04    1.7835524693e-03    9.1595714449e-04    2.5542433481e-03    6.2941547556e-04
  57.4600000    2.0404903432e-04    2.6849332808e-04    5.1436797458e-04    5.7548495691e-04    1.7723886657e-03    9.1545592275e-04    2.5458851919e-03    6.3484179995e-04
  57.5100000    1.7973955693e-04    9.7266001068e-05    5.0494798312e-04    5.7344192729e-04    1.7612941289e-03    9.1490010860e-04    2.5374480395e-03    6.4018414597e-04
  57.5600000    1.5518311748e-04   -8.0205081075e-05    4.9614290435e-04    5.7139495972e-04    1.7502857809e-03    9.1431487731e-04    2.5289343244e-03    6.4544453265e-04
  57.6100000    1.3035367561e-04   -2.6408633192e-04    4.8787454210e-04    5.6934896927e-04    1.7393734400e-03    9.1371914494e-04    2.5203457488e-03    6.5062466422e-04
  57.6600000    1.0525769799e-04   -4.5455177828e-04    4.8004552506e-04    5.6731096001e-04    1.7285593168e-03    9.1312356104e-04    2.5116832537e-03    6.5572572539e-04
  57.7100000    7.9915178101e-05   -6.5176587245e-04    4.7256273106e-04    5.6528882494e-04    1.7178386630e-03    9.1253002826e-04    2.5029470899e-03    6.6074825943e-04
  57.7600000    5.4348550648e-05   -8.5587305810e-04    4.6535664859e-04    5.6329016403e-04    1.7072014418e-03    9.1193255569e-04    2.4941369839e-03    6.6569213799e-04
  57.8100000    2.2984075050e-05   -1.0730198023e-03    4.5822614971e-04    5.6134473194e-04    1.6966343459e-03    9.1131947791e-04    2.4852523690e-03    6.7055661868e-04
  57.8600000    2.7625236591e-06   -1.2878451706e-03    4.5139323020e-04    5.5942610841e-04    1.6861228851e-03    9.1067603610e-04    2.4762926538e-03    6.7534047534e-04
  57.9100000   -1.7363833751e-05   -1.5104162611e-03    4.4506522842e-04    5.5753079901e-04    1.6756530877e-03    9.0998722108e-04    2.4672574926e-03    6.8004218061e-04
  57.9600000   -3.8014694943e-05   -1.7409537460e-03    4.3948246356e-04    5.5565098653e-04    1.6652127309e-03    9.0924019468e-04    2.4581470247e-03    6.8466011573e-04
  58.0100000   -5.9434778165e-05   -1.9795985318e-03    4.3484593798e-04    5.5377779858e-04    1.6547918354e-03    9.0842597617e-04    2.4489620523e-03    6.8919277858e-04
  58.0600000   -8.1668330664e-05   -2.2264437053e-03    4.3125061166e-04    5.5190371938e-04    1.6443826853e-03    9.0754018515e-04    2.4397041403e-03    6.9363896790e-04
  58.1100000   -1.0477525542e-04   -2.4815565290e-03    4.2867343588e-04    5.5002455633e-04    1.6339795988e-03    9.0658291783e-04    2.4303756390e-03    6.9799792722e-04
  58.1600000   -1.2890506728e-04   -2.7449717601e-03    4.2700252324e-04    5.4814022545e-04    1.6235786585e-03    9.0555796622e-04    2.4209796023e-03    7.0226943186e-04
  58.2100000   -1.5422965315e-04   -3.0167008408e-03    4.2607911253e-04    5.4625453145e-04    1.6131775770e-03    9.0447151974e-04    2.4115196687e-03    7.0645382053e-04
  58.2600000   -1.8086858677e-04   -3.2967708128e-03    4.2573240094e-04    5.4437455552e-04    1.6027757990e-03    9.0333065813e-04    2.4019998765e-03    7.1055197206e-04
  58.3100000   -2.0888399039e-04   -3.5852591870e-03    4.2580143789e-04    5.4250996259e-04    1.5923749338e-03    9.0214199123e-04    2.3924244371e-03    7.1456523386e-04
  58.3600000   -2.3830929044e-04   -3.8822985443e-03    4.2614546617e-04    5.4067215030e-04    1.5819790843e-03    9.0091082226e-04    2.3827975295e-03    7.1849532458e-04
  58.4100000   -2.6915982373e-04   -4.1880559158e-03    4.2664496563e-04    5.3887319234e-04    1.5715950332e-03    8.9964072392e-04    2.3731230995e-03    7.2234421938e-04
  58.4600000   -3.0142848904e-04   -4.5027056918e-03    4.2719617293e-04    5.3712481130e-04    1.5612321709e-03    8.9833330266e-04    2.3634046982e-03    7.2611401734e-04
  58.5100000   -3.3509450499e-04   -4.8264120586e-03    4.2770373609e-04    5.3543773416e-04    1.5509018622e-03    8.9698848065e-04    2.3536453681e-03    7.2980682608e-04
  58.5600000   -3.7014770319e-04   -5.1593278480e-03    4.2807648558e-04    5.3382162990e-04    1.5406163564e-03    8.9560476470e-04    2.3438476191e-03    7.3342465659e-04
  58.6100000   -4.0660719052e-04   -5.5016064759e-03    4.2822822645e-04    5.3228556897e-04    1.5303872695e-03    8.9417999694e-04    2.3340134258e-03    7.3696933057e-04
  58.6600000   -4.4451860869e-04   -5.8534178216e-03    4.2808125381e-04    5.3083872516e-04    1.5202240346e-03    8.9271197368e-04    2.3241443506e-03    7.4044242464e-04
  58.7100000   -4.8392945956e-04   -6.2149555623e-03    4.2756868116e-04    5.2949090435e-04    1.5101324053e-03    8.9119880206e-04    2.3142416492e-03    7.4384523452e-04
  58.7600000   -5.2485260242e-04   -6.5864227951e-03    4.2663359573e-04    5.2825248423e-04    1.5001132306e-03    8.8963903204e-04    2.3043064301e-03    7.4717875681e-04
  58.8100000   -5.6723996199e-04   -6.9680000814e-03    4.2522603889e-04    5.2713354535e-04    1.4901619859e-03    8.8803185129e-04    2.2943398187e-03    7.5044370234e-04
  58.8600000   -6.1099523355e-04   -7.3598333022e-03    4.2330004531e-04    5.2614231912e-04    1.4802692415e-03    8.8637728795e-04    2.2843431192e-03    7.5364051149e-04
  58.9100000   -6.5603249394e-04   -7.7620807524e-03    4.2081212041e-04    5.2528340146e-04    1.4704217640e-03    8.8467604255e-04    2.2743179084e-03    7.5676938317e-04
  58.9600000   -7.0234021686e-04   -8.1749969815e-03    4.1772123920e-04    5.2455633456e-04    1.4606042000e-03    8.8292947646e-04    2.2642661349e-03    7.5983034031e-04
  59.0100000   -7.4998644872e-04   -8.5989637557e-03    4.1399000259e-04    5.2395510340e-04    1.4508012206e-03    8.8113956682e-04    2.2541901574e-03    7.6282328791e-04
  59.0600000   -7.9904355594e-04   -9.0344054494e-03    4.0958684482e-04    5.2346886142e-04    1.4409997161e-03    8.7930879490e-04    2.2440927148e-03    7.6574813831e-04
  59.1100000   -8.4949139430e-04   -9.4816456462e-03    4.0448936123e-04    5.2308384068e-04    1.4311906742e-03    8.7743989396e-04    2.2339767341e-03    7.6860486343e-04
  59.1600000   -9.0119172859e-04   -9.9408436568e-03    3.9868853633e-04    5.2278600434e-04    1.4213704718e-03    8.7553561364e-04    2.2238453346e-03    7.7139358973e-04
  59.2100000   -9.5396760960e-04   -1.0412087085e-02    3.9219305059e-04    5.2256371736e-04    1.4115413713e-03    8.7359845142e-04    2.2137017529e-03    7.7411466010e-04
  59.2600000   -1.0077220776e-03   -1.0895565883e-02    3.8503234852e-04    5.2240969195e-04    1.4017111492e-03    8.7163033840e-04    2.2035490592e-03    7.7676862754e-04
  59.3100000   -1.0624922503e-03   -1.1391675248e-02    3.7725722042e-04    5.2232171072e-04    1.3918919752e-03    8.6963237967e-04    2.1933898676e-03    7.7935624981e-04
  59.3200000   -1.0735783670e-03   -1.1492460192e-02    3.7563431937e-04    5.2231217465e-04    1.3899307522e-03    8.6922924073e-04    2.1913574458e-03    7.7986589639e-04
  59.3300000   -1.0847109746e-03   -1.1593777244e-02    3.7399022670e-04    5.2230539600e-04    1.3879706919e-03    8.6882491626e-04    2.1893248666e-03    7.8037293669e-04
  59.3400000   -1.0958910162e-03   -1.1695631185e-02    3.7232560350e-04    5.2230141374e-04    1.3860119216e-03    8.6841940188e-04    2.1872921457e-03    7.8087737841e-04
  59.3500000   -1.1071193205e-03   -1.1798026726e-02    3.7064113149e-04    5.2230026988e-04    1.3840545690e-03    8.6801269171e-04    2.1852592962e-03    7.8137923100e-04
  59.3600000   -1.1183965769e-03   -1.1900968472e-02    3.6893751127e-04    5.2230200867e-04    1.3820987607e-03    8.6760477880e-04    2.1832263298e-03    7.8187850423e-04
  59.3700000   -1.1297233183e-03   -1.2004460893e-02    3.6721546101e-04    5.2230667571e-04    1.3801446218e-03    8.6719565497e-04    2.1811932578e-03    7.8237520823e-04
  59.3800000   -1.1410999090e-03   -1.2108508306e-02    3.6547571495e-04    5.2231431717e-04    1.3781922758e-03    8.6678531096e-04    2.1791600904e-03    7.8286935327e-04
  59.3900000   -1.1525265406e-03   -1.2213114860e-02    3.6371902217e-04    5.2232497895e-04    1.3762418436e-03    8.6637373645e-04    2.1771268367e-03    7.8336094966e-04
  59.4000000   -1.1640032336e-03   -1.2318284535e-02    3.6194614540e-04    5.2233870581e-04    1.3742934433e-03    8.6596092023e-04    2.1750935052e-03    7.8385000789e-04
  59.4100000   -1.1755298453e-03   -1.2424021144e-02    3.6015785992e-04    5.2235554058e-04    1.3723471892e-03    8.6554685032e-04    2.1730601031e-03    7.8433653890e-04
  59.4200000   -1.1871060832e-03   -1.2530328348e-02    3.5835495267e-04    5.2237552337e-04    1.3704031924e-03    8.6513151352e-04    2.1710266371e-03    7.8482055392e-04
  59.4300000   -1.1987315225e-03   -1.2637209672e-02    3.5653822140e-04    5.2239869078e-04    1.3684615592e-03    8.6471489613e-04    2.1689931149e-03    7.8530206489e-04
  59.4400000   -1.2104056287e-03   -1.2744668532e-02    3.5470847399e-04    5.2242507518e-04    1.3665223907e-03    8.6429698478e-04    2.1669595414e-03    7.8578108270e-04
  59.4500000   -1.2221277813e-03   -1.2852708261e-02    3.5286652788e-04    5.2245470402e-04    1.3645857831e-03    8.6387776557e-04    2.1649259202e-03    7.8625761797e-04
  59.4600000   -1.2338972999e-03   -1.2961332139e-02    3.5101320954e-04    5.2248759921e-04    1.3626518267e-03    8.6345722446e-04    2.1628922544e-03    7.8673168122e-04
  59.4700000   -1.2457134708e-03   -1.3070543425e-02    3.4914935409e-04    5.2252377654e-04    1.3607206057e-03    8.6303534755e-04    2.1608585461e-03    7.8720328304e-04
  59.4800000   -1.2575755733e-03   -1.3180345389e-02    3.4727580490e-04    5.2256324520e-04    1.3587921979e-03    8.6261212109e-04    2.1588247968e-03    7.8767243395e-04
  59.4900000   -1.2694829044e-03   -1.3290741345e-02    3.4539341341e-04    5.2260600727e-04    1.3568666746e-03    8.6218753167e-04    2.1567910066e-03    7.8813914427e-04
  59.5000000   -1.2814348015e-03   -1.3401734675e-02    3.4350303870e-04    5.2265205744e-04    1.3549441003e-03    8.6176156628e-04    2.1547571750e-03    7.8860342452e-04
  59.5100000   -1.2934306626e-03   -1.3513328857e-02    3.4160554737e-04    5.2270138269e-04    1.3530245328e-03    8.6133421246e-04    2.1527233007e-03    7.8906528485e-04
  59.5200000   -1.3054699630e-03   -1.3625527486e-02    3.3970181322e-04    5.2275396209e-04    1.3511080229e-03    8.6090545843e-04    2.1506893827e-03    7.8952473540e-04
  59.5300000   -1.3175522685e-03   -1.3738334292e-02    3.3779271693e-04    5.2280976668e-04    1.3491946140e-03    8.6047529318e-04    2.1486554189e-03    7.8998178600e-04
  59.5400000   -1.3296772455e-03   -1.3851753151e-02    3.3587914575e-04    5.2286875942e-04    1.3472843428e-03    8.6004370653e-04    2.1466214067e-03    7.9043644598e-04
  59.5500000   -1.3418446663e-03   -1.3965788097e-02    3.3396199312e-04    5.2293089527e-04    1.3453772383e-03    8.5961068945e-04    2.1445873421e-03    7.9088872492e-04
  59.5600000   -1.3540544121e-03   -1.4080443322e-02    3.3204215811e-04    5.2299612128e-04    1.3434733227e-03    8.5917623411e-04    2.1425532187e-03    7.9133863268e-04
  59.5700000   -1.3663064725e-03   -1.4195723181e-02    3.3012054500e-04    5.2306437679e-04    1.3415726108e-03    8.5874033386e-04    2.1405190322e-03    7.9178617836e-04
  59.5800000   -1.3786009413e-03   -1.4311632186e-02    3.2819806251e-04    5.2313559373e-04    1.3396751105e-03    8.5830298340e-04    2.1384847764e-03    7.9223137083e-04
  59.5900000   -1.3909380111e-03   -1.4428175000e-02    3.2627562313e-04    5.2320969694e-04    1.3377808227e-03    8.5786417912e-04    2.1364504466e-03    7.9267421845e-04
  59.6000000   -1.4033179651e-03   -1.4545356430e-02    3.2435414227e-04    5.2328660458e-04    1.3358897414e-03    8.5742391883e-04    2.1344160378e-03    7.9311472972e-04
  59.6100000   -1.4157411683e-03   -1.4663181415e-02    3.2243453725e-04    5.2336622863e-04    1.3340018540e-03    8.5698220138e-04    2.1323815448e-03    7.9355291206e-04
  59.6200000   -1.4282080568e-03   -1.4781655018e-02    3.2051772626e-04    5.2344847541e-04    1.3321171418e-03    8.5653902711e-04    2.1303469623e-03    7.9398877249e-04
  59.6300000   -1.4407191278e-03   -1.4900782411e-02    3.1860462727e-04    5.2353324608e-04    1.3302355799e-03    8.5609439782e-04    2.1283122847e-03    7.9442231770e-04
  59.6400000   -1.4532749292e-03   -1.5020568864e-02    3.1669615664e-04    5.2362043736e-04    1.3283571372e-03    8.5564831685e-04    2.1262775051e-03    7.9485355414e-04
  59.6500000   -1.4658760491e-03   -1.5141019735e-02    3.1479322789e-04    5.2370994210e-04    1.3264817774e-03    8.5520078892e-04    2.1242426137e-03    7.9528248702e-04
  59.6600000   -1.4785231069e-03   -1.5262140458e-02    3.1289675013e-04    5.2380164994e-04    1.3246094584e-03    8.5475182032e-04    2.1222076032e-03    7.9570912138e-04
  59.6700000   -1.4912167453e-03   -1.5383936535e-02    3.1100762666e-04    5.2389544807e-04    1.3227401334e-03    8.5430141866e-04    2.1201724672e-03    7.9613346180e-04
  59.6800000   -1.5039576229e-03   -1.5506413528e-02    3.0912675328e-04    5.2399122181e-04    1.3208737506e-03    8.5384959286e-04    2.1181371995e-03    7.9655551296e-04
  59.6900000   -1.5167464087e-03   -1.5629577053e-02    3.0725501669e-04    5.2408885546e-04    1.3190102541e-03    8.5339635312e-04    2.1161017946e-03    7.9697527938e-04
  59.7000000   -1.5295837775e-03   -1.5753432773e-02    3.0539329280e-04    5.2418823285e-04    1.3171495835e-03    8.5294171081e-04    2.1140662469e-03    7.9739276503e-04
  59.7100000   -1.5424704070e-03   -1.5877986400e-02    3.0354244498e-04    5.2428923816e-04    1.3152916752e-03    8.5248567842e-04    2.1120305516e-03    7.9780797367e-04
  59.7200000   -1.5554069760e-03   -1.6003243687e-02    3.0170332238e-04    5.2439175650e-04    1.3134364619e-03    8.5202826946e-04    2.1099947037e-03    7.9822090843e-04
  59.7300000   -1.5683941633e-03   -1.6129210434e-02    2.9987675818e-04    5.2449567460e-04    1.3115838735e-03    8.5156949847e-04    2.1079586979e-03    7.9863157173e-04
  59.7400000   -1.5814326482e-03   -1.6255892482e-02    2.9806356781e-04    5.2460088147e-04    1.3097338371e-03    8.5110938081e-04    2.1059225282e-03    7.9903996718e-04
  59.7500000   -1.5945231115e-03   -1.6383295721e-02    2.9626454743e-04    5.2470726896e-04    1.3078862777e-03    8.5064793200e-04    2.1038861894e-03    7.9944609793e-04
  59.7600000   -1.6076662368e-03   -1.6511426090e-02    2.9448047217e-04    5.2481473237e-04    1.3060411185e-03    8.5018516835e-04    2.1018496762e-03    7.9984996597e-04
  59.7700000   -1.6208627132e-03   -1.6640289578e-02    2.9271209463e-04    5.2492317096e-04    1.3041982810e-03    8.4972110653e-04    2.0998129836e-03    8.0025157279e-04
  59.7800000   -1.6341132371e-03   -1.6769892232e-02    2.9096014347e-04    5.2503248844e-04    1.3023576859e-03    8.4925576342e-04    2.0977761061e-03    8.0065091968e-04
  59.7900000   -1.6474185154e-03   -1.6900240157e-02    2.8922532201e-04    5.2514259345e-04    1.3005192530e-03    8.4878915604e-04    2.0957390369e-03    8.0104800823e-04
  59.8000000   -1.6607792677e-03   -1.7031339521e-02    2.8750830706e-04    5.2525340000e-04    1.2986829015e-03    8.4832130142e-04    2.0937017708e-03    8.0144283855e-04
  59.8100000   -1.6741962292e-03   -1.7163196560e-02    2.8580974779e-04    5.2536482775e-04    1.2968485509e-03    8.4785221639e-04    2.0916643051e-03    8.0183541040e-04
  59.8200000   -1.6876701531e-03   -1.7295817580e-02    2.8413026484e-04    5.2547680246e-04    1.2950161208e-03    8.4738191750e-04    2.0896266371e-03    8.0222572293e-04
  59.8300000   -1.7012018126e-03   -1.7429208960e-02    2.8247044959e-04    5.2558925619e-04    1.2931855317e-03    8.4691042091e-04    2.0875887632e-03    8.0261377584e-04
  59.8400000   -1.7147920038e-03   -1.7563377158e-02    2.8083086349e-04    5.2570212757e-04    1.2913567047e-03    8.4643774227e-04    2.0855506795e-03    8.0299956847e-04
  59.8500000   -1.7284415466e-03   -1.7698328711e-02    2.7921203773e-04    5.2581536204e-04    1.2895295626e-03    8.4596389653e-04    2.0835123769e-03    8.0338310015e-04
  59.8600000   -1.7421512872e-03   -1.7834070237e-02    2.7761447301e-04    5.2592891195e-04    1.2877040292e-03    8.4548889782e-04    2.0814738494e-03    8.0376437016e-04
  59.8700000   -1.7559220994e-03   -1.7970608440e-02    2.7603863954e-04    5.2604273672e-04    1.2858800308e-03    8.4501275933e-04    2.0794350948e-03    8.0414337713e-04
  59.8800000   -1.7697548858e-03   -1.8107950109e-02    2.7448497710e-04    5.2615680291e-04    1.2840574953e-03    8.4453549331e-04    2.0773961097e-03    8.0452011934e-04
  59.8900000   -1.7836505786e-03   -1.8246102122e-02    2.7295389549e-04    5.2627108425e-04    1.2822363532e-03    8.4405711097e-04    2.0753568902e-03    8.0489459220e-04
  59.9000000   -1.7976101417e-03   -1.8385071443e-02    2.7144577497e-04    5.2638556163e-04    1.2804165373e-03    8.4357762239e-04    2.0733174346e-03    8.0526679391e-04
  59.9100000   -1.8116345707e-03   -1.8524865127e-02    2.6996096691e-04    5.2650022314e-04    1.2785979833e-03    8.4309703649e-04    2.0712777408e-03    8.0563672293e-04
  59.9200000   -1.8257248941e-03   -1.8665490319e-02    2.6849979464e-04    5.2661506388e-04    1.2767806298e-03    8.4261536081e-04    2.0692378074e-03    8.0600437731e-04
  59.9300000   -1.8398821745e-03   -1.8806954252e-02    2.6706255434e-04    5.2673008596e-04    1.2749644187e-03    8.4213260156e-04    2.0671976326e-03    8.0636975515e-04
  59.9400000   -1.8541075090e-03   -1.8949264250e-02    2.6564951608e-04    5.2684529829e-04    1.2731492952e-03    8.4164876353e-04    2.0651572148e-03    8.0673285443e-04
  59.9500000   -1.8684020301e-03   -1.9092427725e-02    2.6426092501e-04    5.2696071645e-04    1.2713352080e-03    8.4116385013e-04    2.0631165496e-03    8.0709367245e-04
  59.9600000   -1.8827669065e-03   -1.9236452178e-02    2.6289700240e-04    5.2707636243e-04    1.2695221092e-03    8.4067786345e-04    2.0610756295e-03    8.0745220668e-04
  59.9700000   -1.8972033438e-03   -1.9381345199e-02    2.6155794703e-04    5.2719226449e-04    1.2677099548e-03    8.4019080419e-04    2.0590344547e-03    8.0780845517e-04
  59.9800000   -1.9117125854e-03   -1.9527114462e-02    2.6024393633e-04    5.2730845676e-04    1.2658987045e-03    8.3970267179e-04    2.0569930234e-03    8.0816241507e-04
  59.9900000   -1.9262959125e-03   -1.9673767728e-02    2.5895512770e-04    5.2742497904e-04    1.2640883219e-03    8.3921346434e-04    2.0549513348e-03    8.0851408380e-04
  60.0000000   -1.9409546456e-03   -1.9821312841e-02    2.5769165971e-04    5.2754187647e-04    1.2622787745e-03    8.3872317865e-04    2.0529093889e-03    8.0886345869e-04
  60.0100000   -1.9556901440e-03   -1.9969757727e-02    2.5645365335e-04    5.2765919910e-04    1.2604700337e-03    8.3823181018e-04    2.0508671840e-03    8.0921053650e-04
  60.0200000   -1.9705038069e-03   -2.0119110393e-02    2.5524121317e-04    5.2777700161e-04    1.2586620747e-03    8.3773935342e-04    2.0488247168e-03    8.0955531647e-04
  60.0300000   -1.9853970735e-03   -2.0269378925e-02    2.5405442837e-04    5.2789534282e-04    1.2568548770e-03    8.3724580178e-04    2.0467819851e-03    8.0989779667e-04
  60.0400000   -2.0003714232e-03   -2.0420571486e-02    2.5289337388e-04    5.2801428535e-04    1.2550484236e-03    8.3675114768e-04    2.0447389872e-03    8.1023797274e-04
  60.0500000   -2.0154283756e-03   -2.0572696315e-02    2.5175811128e-04    5.2813389509e-04    1.2532427015e-03    8.3625538268e-04    2.0426957195e-03    8.1057584225e-04
  60.0600000   -2.0305694907e-03   -2.0725761726e-02    2.5064868970e-04    5.2825424078e-04    1.2514377017e-03    8.3575849754e-04    2.0406521790e-03    8.1091140261e-04
  60.0700000   -2.0457963688e-03   -2.0879776102e-02    2.4956514665e-04    5.2837539357e-04    1.2496334187e-03    8.3526048240e-04    2.0386083626e-03    8.1124465107e-04
  60.0800000   -2.0611106503e-03   -2.1034747901e-02    2.4850750873e-04    5.2849742647e-04    1.2478298508e-03    8.3476132678e-04    2.0365642671e-03    8.1157558491e-04
  60.0900000   -2.0765140155e-03   -2.1190685649e-02    2.4747579229e-04    5.2862041388e-04    1.2460269998e-03    8.3426101981e-04    2.0345198887e-03    8.1190420159e-04
  60.1000000   -2.0920081844e-03   -2.1347597941e-02    2.4647000403e-04    5.2874443111e-04    1.2442248709e-03    8.3375955029e-04    2.0324752270e-03    8.1223049851e-04
  60.1100000   -2.1075949162e-03   -2.1505493441e-02    2.4549014150e-04    5.2886955377e-04    1.2424234728e-03    8.3325690689e-04    2.0304302792e-03    8.1255447384e-04
  60.1200000   -2.1232760091e-03   -2.1664380880e-02    2.4453619358e-04    5.2899585741e-04    1.2406228171e-03    8.3275307819e-04    2.0283850412e-03    8.1287612688e-04
  60.1300000   -2.1390533001e-03   -2.1824269056e-02    2.4360814090e-04    5.2912341689e-04    1.2388229187e-03    8.3224805287e-04    2.0263395088e-03    8.1319545588e-04
  60.1400000   -2.1549286642e-03   -2.1985166833e-02    2.4270595619e-04    5.2925230597e-04    1.2370237953e-03    8.3174181985e-04    2.0242936920e-03    8.1351245925e-04
  60.1500000   -2.1709040144e-03   -2.2147083144e-02    2.4182960460e-04    5.2938259676e-04    1.2352254671e-03    8.3123436841e-04    2.0222475961e-03    8.1382713546e-04
  60.1600000   -2.1869813010e-03   -2.2310026988e-02    2.4097904398e-04    5.2951435929e-04    1.2334279569e-03    8.3072568833e-04    2.0202012152e-03    8.1413948316e-04
  60.1700000   -2.2031625116e-03   -2.2474007431e-02    2.4015422513e-04    5.2964766104e-04    1.2316312901e-03    8.3021576994e-04    2.0181545433e-03    8.1444950117e-04
  60.1800000   -2.2194496707e-03   -2.2639033607e-02    2.3935509203e-04    5.2978256653e-04    1.2298354938e-03    8.2970460434e-04    2.0161075744e-03    8.1475718926e-04
  60.1900000   -2.2358448392e-03   -2.2805114720e-02    2.3858158201e-04    5.2991913689e-04    1.2280405974e-03    8.2919218345e-04    2.0140603009e-03    8.1506254694e-04
  60.2000000   -2.2523501144e-03   -2.2972260041e-02    2.3783362589e-04    5.3005742951e-04    1.2262466318e-03    8.2867850017e-04    2.0120127147e-03    8.1536557374e-04
  60.2100000   -2.2689676296e-03   -2.3140478913e-02    2.3711114814e-04    5.3019749766e-04    1.2244536296e-03    8.2816354841e-04    2.0099648072e-03    8.1566626881e-04
  60.2200000   -2.2856995540e-03   -2.3309780750e-02    2.3641406694e-04    5.3033939024e-04    1.2226616246e-03    8.2764732325e-04    2.0079165696e-03    8.1596463186e-04
  60.2300000   -2.3025480925e-03   -2.3480175036e-02    2.3574229427e-04    5.3048315150e-04    1.2208706520e-03    8.2712982098e-04    2.0058679935e-03    8.1626066311e-04
  60.2400000   -2.3195154853e-03   -2.3651671328e-02    2.3509573584e-04    5.3062882079e-04    1.2190807476e-03    8.2661103916e-04    2.0038190711e-03    8.1655436294e-04
  60.2500000   -2.3366040082e-03   -2.3824279257e-02    2.3447429119e-04    5.3077643244e-04    1.2172919481e-03    8.2609097674e-04    2.0017698156e-03    8.1684573153e-04
  60.2600000   -2.3538159723e-03   -2.3998008528e-02    2.3387785351e-04    5.3092601557e-04    1.2155042907e-03    8.2556963405e-04    1.9997202272e-03    8.1713476984e-04
  60.2700000   -2.3711537237e-03   -2.4172868921e-02    2.3330630959e-04    5.3107759410e-04    1.2137178130e-03    8.2504701289e-04    1.9976702953e-03    8.1742147938e-04
  60.2800000   -2.3886196437e-03   -2.4348870290e-02    2.3275953969e-04    5.3123118660e-04    1.2119325526e-03    8.2452311657e-04    1.9956200096e-03    8.1770586161e-04
  60.2900000   -2.4062161484e-03   -2.4526022566e-02    2.3223741731e-04    5.3138680646e-04    1.2101485471e-03    8.2399794989e-04    1.9935693524e-03    8.1798791780e-04
  60.3000000   -2.4239456891e-03   -2.4704335758e-02    2.3173980894e-04    5.3154446188e-04    1.2083658337e-03    8.2347151918e-04    1.9915183078e-03    8.1826764945e-04
  60.3100000   -2.4418107518e-03   -2.4883819948e-02    2.3126657385e-04    5.3170415605e-04    1.2065844494e-03    8.2294383227e-04    1.9894668651e-03    8.1854505918e-04
