#       time         integral Re         integral Im         integral Re         integral Im         integral Re         integral Im         integral Re         integral Im
#       r =            14.000000           14.000000           20.000000           20.000000           26.000000           26.000000           30.000000           30.000000
   0.0100000   -3.3315798501e-10   -8.2236996467e-10   -2.8590849520e-12    9.7970441430e-11   -3.1909366578e-09   -7.7326022991e-10    1.9064950879e-12    7.3412300757e-11
   0.0200000   -3.0523674432e-10   -1.0651002860e-09   -5.4526062415e-11    2.0560580987e-10   -3.2093847380e-09   -6.1633705151e-10    3.2740249208e-12    1.7722965908e-10
   0.0300000   -2.7241352038e-10   -1.3199627974e-09   -1.0919034385e-10    3.0828568575e-10   -3.2134109859e-09   -4.8600601149e-10    4.1210796460e-12    2.7083600980e-10
   0.0400000   -2.3324358926e-10   -1.5868750116e-09   -1.6686561183e-10    4.0570361839e-10   -3.2035382160e-09   -3.8239610069e-10    4.4709448565e-12    3.5459036405e-10
   0.0500000   -1.8628915996e-10   -1.8655548741e-09   -2.2752525541e-10    4.9752549808e-10   -3.1795759291e-09   -3.0526942742e-10    4.3416221768e-12    4.2885239654e-10
   0.0600000   -1.3012743294e-10   -2.1554885455e-09   -2.9104696923e-10    5.8340923061e-10   -3.1413092907e-09   -2.5420614437e-10    3.7661987632e-12    4.9396756393e-10
   0.0700000   -6.3400274097e-11   -2.4558877778e-09   -3.5716669504e-10    6.6297702964e-10   -3.0885182336e-09   -2.2861605646e-10    2.7620019515e-12    5.5028428606e-10
   0.0800000    1.5165712088e-11   -2.7657409401e-09   -4.2553129322e-10    7.3581676136e-10   -3.0209781301e-09   -2.2774519981e-10    1.3634757678e-12    5.9814042793e-10
   0.0900000    1.0673707147e-10   -3.0837940434e-09   -4.9563428304e-10    8.0145995650e-10   -2.9384678566e-09   -2.5068253087e-10   -4.0540437907e-13    6.3787445064e-10
   0.1000000    2.1228138572e-10   -3.4085442202e-09   -5.6684636031e-10    8.5935800809e-10   -2.8407913462e-09   -2.9638121001e-10   -2.5149092107e-12    6.6981579426e-10
   0.1100000    3.3263197612e-10   -3.7382663958e-09   -6.3841214689e-10    9.0891460977e-10   -2.7277745814e-09   -3.6366170289e-10   -4.9396152730e-12    6.9429191204e-10
   0.1200000    4.6839461147e-10   -4.0710194379e-09   -7.0943294109e-10    9.4943318279e-10   -2.5993022890e-09   -4.5123304457e-10   -7.6518145767e-12    7.1161730131e-10
   0.1300000    6.1995499333e-10   -4.4046896861e-09   -7.7889393732e-10    9.8015889583e-10   -2.4553099464e-09   -5.5769280902e-10   -1.0627249045e-11    7.2211200840e-10
   0.1400000    7.8741280088e-10   -4.7369725924e-09   -8.4566800810e-10    1.0002574531e-09   -2.2958046986e-09   -6.8157114830e-10   -1.3836179499e-11    7.2607765594e-10
   0.1500000    9.7062527461e-10   -5.0654566486e-09   -9.0854312534e-10    1.0088522009e-09   -2.1208873162e-09   -8.2129667679e-10   -1.7253301848e-11    7.2382239436e-10
   0.1600000    1.1691871692e-09   -5.3875971237e-09   -9.6621843100e-10    1.0050196852e-09   -1.9307461207e-09   -9.7525874313e-10   -2.0859964947e-11    7.1563715386e-10
   0.1700000    1.3823460335e-09   -5.7008062332e-09   -1.0173350019e-09    9.8784111254e-10   -1.7256887850e-09   -1.1417959138e-09   -2.4629261192e-11    7.0181435298e-10
   0.1800000    1.6090898039e-09   -6.0024363408e-09   -1.0605124680e-09    9.5640235649e-10   -1.5061311121e-09   -1.3192077924e-09   -2.8542222302e-11    6.8263503771e-10
   0.1900000    1.8481247726e-09   -6.2898335541e-09   -1.0943791724e-09    9.0984923054e-10   -1.2726255797e-09   -1.5057947512e-09   -3.2574930151e-11    6.5837751378e-10
   0.2000000    2.0978487689e-09   -6.5603928525e-09   -1.1175975272e-09    8.4742207684e-10   -1.0258648641e-09   -1.6998385356e-09   -3.6710446054e-11    6.2931036135e-10
   0.2100000    2.3564158261e-09   -6.8115442871e-09   -1.1289094759e-09    7.6849961095e-10   -7.6667263376e-10   -1.8996344876e-09   -4.0928088258e-11    5.9569421992e-10
   0.2200000    2.6217386915e-09   -7.0408301299e-09   -1.1271699024e-09    6.7263105518e-10   -4.9602407061e-10   -2.1035063561e-09   -4.5210518958e-11    5.5778837869e-10
   0.2300000    2.8914982544e-09   -7.2458993129e-09   -1.1113894383e-09    5.5960291547e-10   -2.1504244058e-10   -2.3098019452e-09   -4.9543144800e-11    5.1583763172e-10
   0.2400000    3.1632221772e-09   -7.4245725600e-09   -1.0808014226e-09    4.2945938460e-10    7.5011873268e-11   -2.5169229471e-09   -5.3909955596e-11    4.7009290206e-10
   0.2500000    3.4342859616e-09   -7.5748089698e-09   -1.0348612700e-09    2.8256705478e-10    3.7272151119e-10   -2.7233224520e-09   -5.8293251194e-11    4.2077909781e-10
   0.2600000    3.7019825912e-09   -7.6947959713e-09   -9.7330317490e-10    1.1962628372e-10    6.7653488405e-10   -2.9275230097e-09   -6.2674053281e-11    3.6812893644e-10
   0.2700000    3.9635110380e-09   -7.7829184534e-09   -8.9617041744e-10   -5.8265020403e-11    9.8477761403e-10   -3.1281140890e-09   -6.7048926093e-11    3.1236357645e-10
   0.2800000    4.2161297649e-09   -7.8377730505e-09   -8.0384948573e-10   -2.4961354172e-10    1.2956467237e-09   -3.3237702468e-09   -7.1395726511e-11    2.5369386568e-10
   0.2900000    4.4570599498e-09   -7.8582480183e-09   -6.9707722742e-10   -4.5249297357e-10    1.6072229391e-09   -3.5132547018e-09   -7.5711596315e-11    1.9232837361e-10
   0.3000000    4.6836309744e-09   -7.8434644452e-09   -5.7695508235e-10   -6.6453281866e-10    1.9175032161e-09   -3.6954172936e-09   -7.9975255506e-11    1.2846828762e-10
   0.3100000    4.8933376204e-09   -7.7927895437e-09   -4.4494418460e-10   -8.8294000771e-10    2.2243943788e-09   -3.8692115978e-09   -8.4183897586e-11    6.2304361646e-11
   0.3200000    5.0837582608e-09   -7.7059011488e-09   -3.0287544350e-10   -1.1044893505e-09    2.5257452692e-09   -4.0336879387e-09   -8.8322027695e-11   -5.9790221729e-12
   0.3300000    5.2527353009e-09   -7.5827214804e-09   -1.5289193497e-10   -1.3255525777e-09    2.8193620031e-09   -4.1879981837e-09   -9.2381253827e-11   -7.6200598227e-11
   0.3400000    5.3982987128e-09   -7.4234912940e-09    2.5578585416e-12   -1.5421517301e-09    3.1030191245e-09   -4.3313996797e-09   -9.6348192004e-11   -1.4818812901e-10
   0.3500000    5.5187596347e-09   -7.2286975691e-09    1.6076095264e-10   -1.7499810166e-09    3.3744996342e-09   -4.4632533359e-09   -1.0022024241e-10   -2.2177885623e-10
   0.3600000    5.6126833090e-09   -6.9991332367e-09    3.1881392213e-10   -1.9444950135e-09    3.6315969264e-09   -4.5830197429e-09   -1.0398615085e-10   -2.9680932274e-10
   0.3700000    5.6789251026e-09   -6.7358583707e-09    4.7366854034e-10   -2.1209529249e-09    3.8721500365e-09   -4.6902764061e-09   -1.0763660926e-10   -3.7313072827e-10
   0.3800000    5.7166516998e-09   -6.4401883566e-09    6.2222645413e-10   -2.2745288716e-09    4.0940775924e-09   -4.7846752670e-09   -1.1116586034e-10   -4.5059556517e-10
   0.3900000    5.7253221167e-09   -6.1136958911e-09    7.6140189579e-10   -2.4003861046e-09    4.2953692494e-09   -4.8659847109e-09   -1.1456606509e-10   -5.2906577677e-10
   0.4000000    5.7047101684e-09   -5.7582209551e-09    8.8820119689e-10   -2.4937947126e-09    4.4741402195e-09   -4.9340572550e-09   -1.1783304437e-10   -6.0840477921e-10
   0.4100000    5.6548804428e-09   -5.3758073178e-09    9.9981472271e-10   -2.5502165513e-09    4.6286310203e-09   -4.9888360730e-09   -1.2095841599e-10   -6.8848345792e-10
   0.4200000    5.5762130586e-09   -4.9687181582e-09    1.0937094792e-09   -2.5654570618e-09    4.7572623710e-09   -5.0303512477e-09   -1.2393559198e-10   -7.6918354576e-10
   0.4300000    5.4693609487e-09   -4.5393942188e-09    1.1676978153e-09   -2.5357254491e-09    4.8586085884e-09   -5.0587035009e-09   -1.2676310807e-10   -8.5038892212e-10
   0.4400000    5.3352395303e-09   -4.0904561686e-09    1.2200255416e-09   -2.4577898466e-09    4.9314530134e-09   -5.0740752445e-09   -1.2943404596e-10   -9.3199075221e-10
   0.4500000    5.1750165017e-09   -3.6246412499e-09    1.2494196140e-09   -2.3290460599e-09    4.9747916977e-09   -5.0767076385e-09   -1.3194611469e-10   -1.0138804149e-09
   0.4600000    4.9901018012e-09   -3.1448288293e-09    1.2551509289e-09   -2.1476345318e-09    4.9878508023e-09   -5.0669132415e-09   -1.3429432468e-10   -1.0959572556e-09
   0.4700000    4.7821182296e-09   -2.6539516250e-09    1.2370894029e-09   -1.9125311647e-09    4.9700974349e-09   -5.0450453116e-09   -1.3647544657e-10   -1.1781292779e-09
   0.4800000    4.5528956490e-09   -2.1550044008e-09    1.1957038998e-09   -1.6235949759e-09    4.9212582230e-09   -5.0115243774e-09   -1.3849043550e-10   -1.2603056543e-09
   0.4900000    4.3044119400e-09   -1.6509914974e-09    1.1320784572e-09   -1.2816214714e-09    4.8413142825e-09   -4.9668033796e-09   -1.4033525355e-10   -1.3424024695e-09
   0.5000000    4.0387797314e-09   -1.1449489645e-09    1.0478844257e-09   -8.8839605550e-10    4.7305196983e-09   -4.9113726535e-09   -1.4200932784e-10   -1.4243422370e-09
   0.5100000    3.7582537490e-09   -6.3984250737e-10    9.4537750878e-10   -4.4667556581e-10    4.5894028358e-09   -4.8457629610e-09   -1.4350885914e-10   -1.5060423603e-09
   0.5200000    3.4651565021e-09   -1.3859740026e-10    8.2730591420e-10    3.9799589059e-11    4.4187583820e-09   -4.7705174548e-09   -1.4483782953e-10   -1.5874401407e-09
   0.5300000    3.1618798454e-09    3.5594667725e-10    6.9684543835e-10    5.6637985445e-10    4.2196454755e-09   -4.6862144580e-09   -1.4599593429e-10   -1.6684633874e-09
   0.5400000    2.8508538434e-09    8.4106086529e-10    5.5751079849e-10    1.1275260615e-09    3.9933903495e-09   -4.5934432762e-09   -1.4698307644e-10   -1.7490508818e-09
   0.5500000    2.5345166404e-09    1.3141428212e-09    4.1304503402e-10    1.7169018661e-09    3.7415748895e-09   -4.4928083722e-09   -1.4779920581e-10   -1.8291458572e-09
   0.5600000    2.2152901577e-09    1.7727200050e-09    2.6727483614e-10    2.3275021917e-09    3.4660081442e-09   -4.3849193455e-09   -1.4844895952e-10   -1.9086903229e-09
   0.5700000    1.8955161704e-09    2.2145033999e-09    1.2401897386e-10    2.9517301266e-09    3.1687394459e-09   -4.2703949723e-09   -1.4893378380e-10   -1.9876361445e-09
   0.5800000    1.5775258872e-09    2.6373461810e-09   -1.3099610603e-11    3.5815561238e-09    2.8520226466e-09   -4.1498542803e-09   -1.4925969093e-10   -2.0659321797e-09
   0.5900000    1.2635105850e-09    3.0392801543e-09   -1.4075710850e-10    4.2086329709e-09    2.5183068431e-09   -4.0239090770e-09   -1.4942933572e-10   -2.1435430671e-09
   0.6000000    9.5554503678e-10    3.4185394266e-09   -2.5608019098e-10    4.8244576779e-09    2.1701958595e-09   -3.8931853112e-09   -1.4944091198e-10   -2.2204225185e-09
   0.6100000    6.5561744323e-10    3.7735621576e-09   -3.5675049808e-10    5.4204870764e-09    1.8104511350e-09   -3.7582915534e-09   -1.4930671912e-10   -2.2965328119e-09
   0.6200000    3.6551922100e-10    4.1029204968e-09   -4.4114935348e-10    5.9883136706e-09    1.4419524127e-09   -3.6198301971e-09   -1.4902545756e-10   -2.3718409979e-09
   0.6300000    8.6900759782e-11    4.4054425986e-09   -5.0838514396e-10    6.5197683742e-09    1.0676684430e-09   -3.4784046072e-09   -1.4860830212e-10   -2.4463182168e-09
   0.6400000   -1.7871570703e-10    4.6801308059e-09   -5.5840124605e-10    7.0070380757e-09    6.9062922788e-10   -3.3345995813e-09   -1.4806067655e-10   -2.5199328913e-09
   0.6500000   -4.3004930984e-10    4.9261763501e-09   -5.9199573577e-10    7.4428036233e-09    3.1390613977e-10   -3.1889984158e-09   -1.4738787936e-10   -2.5926618352e-09
   0.6600000   -6.6591458141e-10    5.1429753605e-09   -6.1078849986e-10    7.8203075767e-09   -5.9428802178e-11   -3.0421788011e-09   -1.4659713279e-10   -2.6644794549e-09
   0.6700000   -8.8534101226e-10    5.3301057812e-09   -6.1720888928e-10    8.1334422450e-09   -4.2632049711e-10   -2.8946993910e-09   -1.4569640612e-10   -2.7353679940e-09
   0.6800000   -1.0875198465e-09    5.4873473091e-09   -6.1442931838e-10    8.3768223622e-09   -7.8377491766e-10   -2.7471204146e-09   -1.4469079688e-10   -2.8053072416e-09
   0.6900000   -1.2717770574e-09    5.6146587692e-09   -6.0624081740e-10    8.5458303969e-09   -1.1288728012e-09   -2.5999896371e-09   -1.4359559775e-10   -2.8742830818e-09
   0.7000000   -1.4375858612e-09    5.7121746902e-09   -5.9691644827e-10    8.6366781345e-09   -1.4588144817e-09   -2.4538424346e-09   -1.4241394738e-10   -2.9422801331e-09
   0.7100000   -1.5845799233e-09    5.7802278715e-09   -5.9105178552e-10    8.6464053399e-09   -1.7709338941e-09   -2.3092166830e-09   -1.4115309845e-10   -3.0092885533e-09
   0.7200000   -1.7124956755e-09    5.8193004958e-09   -5.9338224881e-10    8.5729409574e-09   -2.0627234042e-09   -2.1666322717e-09   -1.3982623598e-10   -3.0753003049e-09
   0.7300000   -1.8211935811e-09    5.8300480299e-09   -6.0858448725e-10    8.4151076886e-09   -2.3318678317e-09   -2.0266065600e-09   -1.3844205894e-10   -3.1403052878e-09
   0.7400000   -1.9106423076e-09    5.8132680643e-09   -6.4105647080e-10    8.1726525939e-09   -2.5762641119e-09   -1.8896507860e-09   -1.3700219583e-10   -3.2042964358e-09
   0.7500000   -1.9809062020e-09    5.7699422941e-09   -6.9471287898e-10    7.8462421605e-09   -2.7940374257e-09   -1.7562636532e-09   -1.3552828250e-10   -3.2672726128e-09
   0.7600000   -2.0321255943e-09    5.7011479427e-09   -7.7278868658e-10    7.4375040581e-09   -2.9835560707e-09   -1.6269483719e-09   -1.3402016350e-10   -3.3292303640e-09
   0.7700000   -2.0645204832e-09    5.6080849324e-09   -8.7767691619e-10    6.9490366991e-09   -3.1434583161e-09   -1.5021840970e-09   -1.3249267270e-10   -3.3901664435e-09
   0.7800000   -2.0784213689e-09    5.4920906991e-09   -1.0107463701e-09    6.3844098081e-09   -3.2726492431e-09   -1.3824490329e-09   -1.3095493290e-10   -3.4500837824e-09
   0.7900000   -2.0742111803e-09    5.3545695897e-09   -1.1722339284e-09    5.7481906900e-09   -3.3703131710e-09   -1.2682115440e-09   -1.2941592380e-10   -3.5089815726e-09
   0.8000000   -2.0523309869e-09    5.1970095568e-09   -1.3611704200e-09    5.0459288736e-09   -3.4359298901e-09   -1.1599297694e-09   -1.2788536471e-10   -3.5668659347e-09
   0.8100000   -2.0133023019e-09    5.0209606316e-09   -1.5753262427e-09    4.2841839720e-09   -3.4692735608e-09   -1.0580436403e-09   -1.2637307006e-10   -3.6237404850e-09
   0.8200000   -1.9577367384e-09    4.8280348535e-09   -1.8112467869e-09    3.4704696978e-09   -3.4704017362e-09   -9.6298512207e-10   -1.2488421031e-10   -3.6796070183e-09
   0.8300000   -1.8862953735e-09    4.6198407097e-09   -2.0642613190e-09    2.6132528177e-09   -3.4396629785e-09   -8.7516906201e-10   -1.2343572508e-10   -3.7344764164e-09
   0.8400000   -1.7997331237e-09    4.3980235763e-09   -2.3286310666e-09    1.7218722783e-09   -3.3776856837e-09   -7.9499061956e-10   -1.2203271520e-10   -3.7883536158e-09
   0.8500000   -1.6988814358e-09    4.1642190583e-09   -2.5976775077e-09    8.0648133094e-10   -3.2853736243e-09   -7.2281884455e-10   -1.2068161757e-10   -3.8412472489e-09
   0.8600000   -1.5846196698e-09    3.9200333280e-09   -2.8639556347e-09   -1.2204547847e-10   -3.1638844374e-09   -6.5900306753e-10   -1.1939397043e-10   -3.8931691144e-09
   0.8700000   -1.4579594001e-09    3.6670711062e-09   -3.1194825566e-09   -1.0522488063e-09   -3.0146277354e-09   -6.0387011848e-10   -1.1818127299e-10   -3.9441265921e-09
   0.8800000   -1.3199310173e-09    3.4068623825e-09   -3.3559681212e-09   -1.9722259853e-09   -2.8392402297e-09   -5.5771097256e-10   -1.1704410948e-10   -3.9941297824e-09
   0.8900000   -1.1716674469e-09    3.1409118360e-09   -3.5650710311e-09   -2.8698110124e-09   -2.6395561409e-09   -5.2078920919e-10   -1.1599593817e-10   -4.0431917541e-09
   0.9000000   -1.0143563403e-09    2.8706518220e-09   -3.7386686204e-09   -3.7327667790e-09   -2.4176103621e-09   -4.9331868119e-10   -1.1503645810e-10   -4.0913232365e-09
   0.9100000   -8.4923278760e-10    2.5974618901e-09   -3.8691044595e-09   -4.5489875663e-09   -2.1755972313e-09   -4.7549471017e-10   -1.1418148195e-10   -4.1385412568e-09
   0.9200000   -6.7758956123e-10    2.3226479440e-09   -3.9494494238e-09   -5.3067435452e-09   -1.9158462716e-09   -4.6745329740e-10   -1.1343269984e-10   -4.1848526023e-09
   0.9300000   -5.0073686249e-10    2.0474352115e-09   -3.9737186806e-09   -5.9948901148e-09   -1.6407973771e-09   -4.6929598539e-10   -1.1279908176e-10   -4.2302757280e-09
   0.9400000   -3.2000973869e-10    1.7729876086e-09   -3.9370524494e-09   -6.6031344881e-09   -1.3529850270e-09   -4.8106823709e-10   -1.1227953178e-10   -4.2748236261e-09
   0.9500000   -1.3675075611e-10    1.5003760680e-09   -3.8359313697e-09   -7.1222123169e-09   -1.0549939242e-09   -5.0277278208e-10   -1.1188697202e-10   -4.3185126265e-09
   0.9600000    4.7685704707e-11    1.2306309199e-09   -3.6682739056e-09   -7.5441591632e-09   -7.4943764536e-10   -5.3435306186e-10   -1.1161962084e-10   -4.3613565633e-09
   0.9700000    2.3201077851e-10    9.6467868220e-10   -3.4335408887e-09   -7.8624691881e-09   -4.3894715644e-10   -5.7570050186e-10   -1.1148019461e-10   -4.4033686356e-09
   0.9800000    4.1494699269e-10    7.0339094759e-10   -3.1327418153e-09   -8.0722538616e-09   -1.2611429038e-10   -6.2664750211e-10   -1.1147845701e-10   -4.4445654563e-09
   0.9900000    5.9528990140e-10    4.4758339510e-10   -2.7684885862e-09   -8.1703971045e-09    1.8651510422e-10   -6.8697008289e-10   -1.1161110190e-10   -4.4849651249e-09
   1.0000000    7.7190866700e-10    1.9800390729e-10   -2.3449325237e-09   -8.1556416701e-09    4.9646809511e-10   -7.5638696416e-10   -1.1188812330e-10   -4.5245826818e-09
   1.0100000    9.4372244139e-10   -4.4662188036e-11   -1.8677180598e-09   -8.0286169338e-09    8.0136234493e-10   -8.3455762659e-10   -1.1229908253e-10   -4.5634345109e-09
   1.0200000    1.1097865186e-09   -2.7980749341e-10   -1.3438160257e-09   -7.7918587427e-09    1.0989550872e-09   -9.2107844169e-10   -1.1285688703e-10   -4.6015376072e-09
   1.0300000    1.2692236273e-09   -5.0683486567e-10   -7.8145700509e-10   -7.4497659898e-09    1.3871358472e-09   -1.0154849642e-09   -1.1355258804e-10   -4.6389106753e-09
   1.0400000    1.4213098333e-09   -7.2522121545e-10   -1.8991291886e-10   -7.0085070768e-09    1.6639512691e-09   -1.1172685790e-09   -1.1439113095e-10   -4.6755642617e-09
   1.0500000    1.5654177260e-09   -9.3449143476e-10    4.2066785981e-10   -6.4758612452e-09    1.9276419650e-09   -1.2258491438e-09   -1.1537217607e-10   -4.7115214840e-09
   1.0600000    1.7010254199e-09   -1.1342214395e-09    1.0394475072e-09   -5.8610635779e-09    2.1766048636e-09   -1.3406049969e-09   -1.1649198795e-10   -4.7467956303e-09
   1.0700000    1.8277693033e-09   -1.3240197353e-09    1.6551374731e-09   -5.1745749868e-09    2.4094764275e-09   -1.4608641172e-09   -1.1774974268e-10   -4.7814051323e-09
   1.0800000    1.9453664061e-09   -1.5035528773e-09    2.2561962544e-09   -4.4278165145e-09    2.6250821517e-09   -1.5858978510e-09   -1.1914443115e-10   -4.8153655075e-09
   1.0900000    2.0537039979e-09   -1.6725023082e-09    2.8310661739e-09   -3.6329054246e-09    2.8224702901e-09   -1.7149379406e-09   -1.2067025979e-10   -4.8486958487e-09
   1.1000000    2.1527393727e-09   -1.8306139460e-09    3.3683820928e-09   -2.8023584431e-09    3.0009043804e-09   -1.8471854093e-09   -1.2232327864e-10   -4.8814119703e-09
   1.1100000    2.2425687006e-09   -1.9776444362e-09    3.8572296443e-09   -1.9487716470e-09    3.1598779209e-09   -1.9818067484e-09   -1.2410447864e-10   -4.9135297013e-09
   1.1200000    2.3233525756e-09   -2.1134096074e-09    4.2873039636e-09   -1.0845286668e-09    3.2990968549e-09   -2.1179295422e-09   -1.2600658927e-10   -4.9450658811e-09
   1.1300000    2.3953802222e-09   -2.2377423358e-09    4.6491771853e-09   -2.2150970799e-10    3.4184769197e-09   -2.2546730122e-09   -1.2802268591e-10   -4.9760384502e-09
   1.1400000    2.4589911001e-09   -2.3505092757e-09    4.9344465493e-09    6.2921402327e-10    3.5181458085e-09   -2.3911334217e-09   -1.3014707242e-10   -5.0064645490e-09
   1.1500000    2.5146232134e-09   -2.4515935919e-09    5.1359645556e-09    1.4575867255e-09    3.5984294252e-09   -2.5263981309e-09   -1.3238182981e-10   -5.0363564667e-09
   1.1600000    2.5627464267e-09   -2.5409517965e-09    5.2480110744e-09    2.2548142262e-09    3.6598461527e-09   -2.6595525881e-09   -1.3471273620e-10   -5.0657344248e-09
   1.1700000    2.6038498264e-09   -2.6185111534e-09    5.2663870916e-09    3.0135233983e-09    3.7030700953e-09   -2.7896936906e-09   -1.3713217427e-10   -5.0946115770e-09
   1.1800000    2.6385051296e-09   -2.6842683552e-09    5.1886106182e-09    3.7278598779e-09    3.7289490175e-09   -2.9159190991e-09   -1.3963906923e-10   -5.1230058879e-09
   1.1900000    2.6672318700e-09   -2.7382432769e-09    5.0139674839e-09    4.3935845076e-09    3.7384646797e-09   -3.0373600708e-09   -1.4222348134e-10   -5.1509334818e-09
   1.2000000    2.6906294881e-09   -2.7804661703e-09    4.7436289117e-09    5.0080562557e-09    3.7327234785e-09   -3.1531611882e-09   -1.4487804071e-10   -5.1784048428e-09
   1.2100000    2.7092404982e-09   -2.8110026210e-09    4.3806590042e-09    5.5701879075e-09    3.7129323757e-09   -3.2625086408e-09   -1.4759787031e-10   -5.2054419726e-09
   1.2200000    2.7235940283e-09   -2.8299827086e-09    3.9300210627e-09    6.0803389228e-09    3.6803789424e-09   -3.3646176066e-09   -1.5037042115e-10   -5.2320563687e-09
   1.2300000    2.7342060899e-09   -2.8375030619e-09    3.3985190356e-09    6.5401717266e-09    3.6364267190e-09   -3.4587740055e-09   -1.5318817385e-10   -5.2582594812e-09
   1.2400000    2.7415341698e-09   -2.8337734891e-09    2.7947743800e-09    6.9524243472e-09    3.5824686765e-09   -3.5442887956e-09   -1.5604484153e-10   -5.2840702281e-09
   1.2500000    2.7460121831e-09   -2.8189645759e-09    2.1290009718e-09    7.3207005438e-09    3.5199297540e-09   -3.6205536449e-09   -1.5893197716e-10   -5.3095031161e-09
   1.2600000    2.7480323786e-09   -2.7933000290e-09    1.4129307959e-09    7.6491631136e-09    3.4502396612e-09   -3.6870124157e-09   -1.6183716889e-10   -5.3345661067e-09
   1.2700000    2.7479128678e-09   -2.7570847435e-09    6.5953046711e-10    7.9423035626e-09    3.3747987521e-09   -3.7431940591e-09   -1.6475571026e-10   -5.3592758280e-09
   1.2800000    2.7459493521e-09   -2.7106107083e-09   -1.1721188220e-10    8.2046074080e-09    3.2949810139e-09   -3.7886756602e-09   -1.6767658685e-10   -5.3836493299e-09
   1.2900000    2.7423667028e-09   -2.6542317549e-09   -9.0259342772e-10    8.4402852877e-09    3.2121076617e-09   -3.8231473251e-09   -1.7059060497e-10   -5.4076951867e-09
   1.3000000    2.7373757515e-09   -2.5883239215e-09   -1.6814794285e-09    8.6530586081e-09    3.1274301596e-09   -3.8463547346e-09   -1.7349009343e-10   -5.4314236193e-09
   1.3100000    2.7311212328e-09   -2.5133116487e-09   -2.4386765239e-09    8.8458777788e-09    3.0421164503e-09   -3.8581303943e-09   -1.7636737774e-10   -5.4548487548e-09
   1.3200000    2.7236976248e-09   -2.4296619594e-09   -3.1592153154e-09    9.0207708857e-09    2.9572380690e-09   -3.8584085902e-09   -1.7920712581e-10   -5.4779834864e-09
   1.3300000    2.7151797115e-09   -2.3378793418e-09   -3.8287466876e-09    9.1787062766e-09    2.8737573087e-09   -3.8471938576e-09   -1.8200796995e-10   -5.5008394623e-09
   1.3400000    2.7056212728e-09   -2.2384744129e-09   -4.4338332914e-09    9.3195170798e-09    2.7925193786e-09   -3.8245831954e-09   -1.8475499180e-10   -5.5234240311e-09
   1.3500000    2.6950441157e-09   -2.1320284229e-09   -4.9622834178e-09    9.4418925771e-09    2.7142617013e-09   -3.7907637397e-09   -1.8744525896e-10   -5.5457514319e-09
   1.3600000    2.6834593179e-09   -2.0191295829e-09   -5.4033936388e-09    9.5434300549e-09    2.6395661219e-09   -3.7459987161e-09   -1.9006490902e-10   -5.5678293767e-09
   1.3700000    2.6708738855e-09   -1.9003899535e-09   -5.7482347092e-09    9.6207231052e-09    2.5689038380e-09   -3.6906445257e-09   -1.9260703144e-10   -5.5896672428e-09
   1.3800000    2.6572991099e-09   -1.7764701486e-09   -5.9898372717e-09    9.6695434770e-09    2.5026025347e-09   -3.6251324272e-09   -1.9506617027e-10   -5.6112752160e-09
   1.3900000    2.6427200594e-09   -1.6480300489e-09   -6.1233308670e-09    9.6850410655e-09    2.4408729646e-09   -3.5499697675e-09   -1.9742953817e-10   -5.6326640479e-09
   1.4000000    2.6271339441e-09   -1.5157890520e-09   -6.1460543836e-09    9.6619922057e-09    2.3837784971e-09   -3.4657351985e-09   -1.9969512888e-10   -5.6538384969e-09
   1.4100000    2.6105542817e-09   -1.3803990147e-09   -6.0575738425e-09    9.5950471555e-09    2.3312731926e-09   -3.3730693538e-09   -2.0184954159e-10   -5.6748073213e-09
   1.4200000    2.5930226641e-09   -1.2426027035e-09   -5.8597041752e-09    9.4790683268e-09    2.2831996559e-09   -3.2726829220e-09   -2.0388401632e-10   -5.6955783017e-09
   1.4300000    2.5745534727e-09   -1.1031129549e-09   -5.5564059217e-09    9.3093622892e-09    2.2392859090e-09   -3.1653342474e-09   -2.0580009808e-10   -5.7161613550e-09
   1.4400000    2.5551836325e-09   -9.6269580888e-10   -5.1537262756e-09    9.0819907390e-09    2.1991633345e-09   -3.0518420124e-09   -2.0758420749e-10   -5.7365580986e-09
   1.4500000    2.5349662994e-09   -8.2204594300e-10   -4.6595501215e-09    8.7939837972e-09    2.1623823819e-09   -2.9330383925e-09   -2.0922910692e-10   -5.7567821398e-09
   1.4600000    2.5139742043e-09   -6.8190512313e-10   -4.0835116641e-09    8.4435807187e-09    2.1284233174e-09   -2.8098212894e-09   -2.1073373760e-10   -5.7768312463e-09
   1.4700000    2.4922457741e-09   -5.4300564817e-10   -3.4366766985e-09    8.0303969066e-09    2.0967030795e-09   -2.6831006220e-09   -2.1208779024e-10   -5.7967142802e-09
   1.4800000    2.4698643776e-09   -4.0608418504e-10   -2.7313498918e-09    7.5555369901e-09    2.0666008913e-09   -2.5537948901e-09   -2.1328449274e-10   -5.8164352280e-09
   1.4900000    2.4468732769e-09   -2.7182599997e-10   -1.9807967687e-09    7.0216396659e-09    2.0374699833e-09   -2.4228453220e-09   -2.1432268751e-10   -5.8360018446e-09
   1.5000000    2.4233399974e-09   -1.4094310882e-10   -1.1989493748e-09    6.4329054549e-09    2.0086414126e-09   -2.2911881486e-09   -2.1519427742e-10   -5.8554131075e-09
   1.5100000    2.3993080320e-09   -1.4089920966e-11   -4.0016758700e-10    5.7950408626e-09    1.9794545044e-09   -2.1597558555e-09   -2.1589867428e-10   -5.8746771034e-09
   1.5200000    2.3748193018e-09    1.0809551704e-10    4.0107180172e-10    5.1151355691e-09    1.9492790621e-09   -2.0294600715e-09   -2.1642643795e-10   -5.8937953381e-09
   1.5300000    2.3499245321e-09    2.2499114908e-10    1.1904128451e-09    4.4014971888e-09    1.9174850843e-09   -1.9012020809e-09   -2.1677539543e-10   -5.9127690000e-09
   1.5400000    2.3246305935e-09    3.3601324298e-10    1.9538887609e-09    3.6634681244e-09    1.8835123497e-09   -1.7758420527e-09   -2.1694210434e-10   -5.9316054002e-09
   1.5500000    2.2989752742e-09    4.4061423642e-10    2.6781528479e-09    2.9111717956e-09    1.8468523965e-09   -1.6541995454e-09   -2.1692689086e-10   -5.9502973470e-09
   1.5600000    2.2729804652e-09    5.3831251789e-10    3.3506884966e-09    2.1552224210e-09    1.8070689653e-09   -1.5370755570e-09   -2.1672350630e-10   -5.9688550124e-09
   1.5700000    2.2466350107e-09    6.2864170504e-10    3.9600172769e-09    1.4065017477e-09    1.7638101354e-09   -1.4251944298e-09   -2.1632966755e-10   -5.9872732119e-09
   1.5800000    2.2199788593e-09    7.1122925505e-10    4.4958829025e-09    6.7579136939e-10    1.7168122530e-09   -1.3192374012e-09   -2.1574399413e-10   -6.0055579677e-09
   1.5900000    2.1930152758e-09    7.8570185067e-10    4.9494215088e-09   -2.6465089491e-11    1.6658957485e-09   -1.2198199302e-09   -2.1496748790e-10   -6.0237096799e-09
   1.6000000    2.1657817967e-09    8.5180836250e-10    5.3132536766e-09   -6.9045749422e-10    1.6110119330e-09   -1.1275060865e-09   -2.1399406598e-10   -6.0417227269e-09
   1.6100000    2.1383060872e-09    9.0928919102e-10    5.5816403146e-09   -1.3072730666e-09    1.5521976009e-09   -1.0427728659e-09   -2.1282989133e-10   -6.0595986988e-09
   1.6200000    2.1106525871e-09    9.5801246807e-10    5.7505283239e-09   -1.8691013880e-09    1.4896164388e-09   -9.6604484153e-10   -2.1146962766e-10   -6.0773436493e-09
   1.6300000    2.0828963100e-09    9.9785775553e-10    5.8176463773e-09   -2.3694282355e-09    1.4235293373e-09   -8.9765933741e-10   -2.0991169588e-10   -6.0949474071e-09
   1.6400000    2.0551161456e-09    1.0287880294e-09    5.7825255170e-09   -2.8032225244e-09    1.3543170094e-09   -8.3788589937e-10   -2.0816148963e-10   -6.1124113425e-09
   1.6500000    2.0274714309e-09    1.0508352805e-09    5.6464885998e-09   -3.1669576556e-09    1.2824729906e-09   -7.8692521945e-10   -2.0621590961e-10   -6.1297342408e-09
   1.6600000    2.0001139094e-09    1.0640985513e-09    5.4126481246e-09   -3.4587360748e-09    1.2085808839e-09   -7.4488994992e-10   -2.0408300770e-10   -6.1469144285e-09
   1.6700000    1.9732304120e-09    1.0687242341e-09    5.0858095165e-09   -3.6782432044e-09    1.1333250493e-09   -7.1182594186e-10   -2.0175328084e-10   -6.1639478135e-09
   1.6800000    1.9470122362e-09    1.0649002626e-09    4.6724313807e-09   -3.8267159533e-09    1.0574708500e-09   -6.8770291646e-10   -1.9924004791e-10   -6.1808341859e-09
   1.6900000    1.9217299053e-09    1.0529029558e-09    4.1804588572e-09   -3.9068184688e-09    9.8187319326e-10   -6.7242234912e-10   -1.9653948254e-10   -6.1975675389e-09
   1.7000000    1.8976420652e-09    1.0330071468e-09    3.6191954699e-09   -3.9225208578e-09    9.0744307208e-10   -6.6581760250e-10   -1.9365883158e-10   -6.2141477051e-09
   1.7100000    1.8750351550e-09    1.0056367242e-09    2.9991293455e-09   -3.8788819379e-09    8.3515098710e-10   -6.6766140895e-10   -1.9059741530e-10   -6.2305671181e-09
   1.7200000    1.8541889041e-09    9.7114566592e-10    2.3317017537e-09   -3.7818236782e-09    7.6600797196e-10   -6.7766254896e-10   -1.8735876800e-10   -6.2468264529e-09
   1.7300000    1.8354510050e-09    9.3002282769e-10    1.6290859369e-09   -3.6378899653e-09    7.0103967686e-10   -6.9547407189e-10   -1.8394501421e-10   -6.2629170022e-09
   1.7400000    1.8190644239e-09    8.8274720413e-10    9.0394344282e-10   -3.4539586691e-09    6.4130244771e-10   -7.2069534477e-10   -1.8036636343e-10   -6.2788365942e-09
   1.7500000    1.8053352206e-09    8.2985611228e-10    1.6916877194e-10   -3.2369851303e-09    5.8783427901e-10   -7.5288608061e-10   -1.7662423207e-10   -6.2945815011e-09
   1.7600000    1.7944959581e-09    7.7192131317e-10   -5.6239249081e-10   -2.9936784089e-09    5.4165697034e-10   -7.9156201474e-10   -1.7272548916e-10   -6.3101431735e-09
   1.7700000    1.7868048117e-09    7.0955054175e-10   -1.2781898353e-09   -2.7302896744e-09    5.0375711458e-10   -8.3620893399e-10   -1.6867222581e-10   -6.3255213925e-09
   1.7800000    1.7824433719e-09    6.4338521289e-10   -1.9662419552e-09   -2.4523548036e-09    4.7507685388e-10   -8.8627787860e-10   -1.6447090240e-10   -6.3407125020e-09
   1.7900000    1.7815111565e-09    5.7407087328e-10   -2.6153551392e-09   -2.1644713420e-09    4.5648630308e-10   -9.4120332764e-10   -1.6012915005e-10   -6.3557025787e-09
   1.8000000    1.7841021871e-09    5.0231520419e-10   -3.2153622084e-09   -1.8701721640e-09    4.4877011287e-10   -1.0003979103e-09   -1.5564979202e-10   -6.3704923522e-09
   1.8100000    1.7902085231e-09    4.2883626192e-10   -3.7572898475e-09   -1.5718065563e-09    4.5263601174e-10   -1.0632756168e-09   -1.5104089370e-10   -6.3850754663e-09
   1.8200000    1.7997785881e-09    3.5434844340e-10   -4.2335464565e-09   -1.2705295039e-09    4.6866809267e-10   -1.1292236120e-09   -1.4630855526e-10   -6.3994444723e-09
   1.8300000    1.8126345048e-09    2.7959676047e-10   -4.6379914136e-09   -9.6628972540e-10    4.9734833364e-10   -1.1976503822e-09   -1.4146249446e-10   -6.4135958522e-09
   1.8400000    1.8286018510e-09    2.0533652309e-10   -4.9660630339e-09   -6.5793382349e-10    5.3902488630e-10   -1.2679673233e-09   -1.3650217097e-10   -6.4275216672e-09
   1.8500000    1.8473969897e-09    1.3229735732e-10   -5.2147902987e-09   -3.4334754240e-10    5.9391942284e-10   -1.3395914009e-09   -1.3144586401e-10   -6.4412196054e-09
   1.8600000    1.8686913136e-09    6.1226544891e-11   -5.3827634808e-09   -1.9661690513e-11    6.6210775428e-10   -1.4119557989e-09   -1.2629145967e-10   -6.4546762425e-09
   1.8700000    1.8920438559e-09   -7.1762434134e-12   -5.4701645201e-09    3.1647371753e-10    7.4352132918e-10   -1.4845209813e-09   -1.2105625265e-10   -6.4678872305e-09
   1.8800000    1.9170625017e-09   -7.2196490603e-11   -5.4785913666e-09    6.6864422730e-10    8.3794496387e-10   -1.5567745563e-09   -1.1573267218e-10   -6.4808508058e-09
   1.8900000    1.9432640428e-09   -1.3319335886e-10   -5.4110370366e-09    1.0403291935e-09    9.4502040262e-10   -1.6282216470e-09   -1.1034228054e-10   -6.4935605004e-09
   1.9000000    1.9701911214e-09   -1.8958841675e-10   -5.2716789014e-09    1.4346480492e-09    1.0642306300e-09   -1.6984091003e-09   -1.0488850926e-10   -6.5060063057e-09
   1.9100000    1.9973686747e-09   -2.4081256226e-10   -5.0657827293e-09    1.8539641103e-09    1.1949327102e-09   -1.7669123972e-09   -9.9379625499e-11   -6.5181829063e-09
   1.9200000    2.0243596623e-09   -2.8639450602e-10   -4.7994860636e-09    2.2997140060e-09    1.3363292104e-09   -1.8333395519e-09   -9.3824234189e-11   -6.5300822549e-09
   1.9300000    2.0507530433e-09   -3.2593724521e-10   -4.4796263381e-09    2.7721097071e-09    1.4874996332e-09   -1.8973431753e-09   -8.8226828454e-11   -6.5417032926e-09
   1.9400000    2.0762134103e-09   -3.5913253178e-10   -4.1135885326e-09    3.2700082644e-09    1.6473938401e-09   -1.9586099859e-09   -8.2596628082e-11   -6.5530327450e-09
   1.9500000    2.1004639285e-09   -3.8576049563e-10   -3.7090937498e-09    3.7907733693e-09    1.8148529101e-09   -2.0168683018e-09   -7.6947568458e-11   -6.5640697960e-09
   1.9600000    2.1233129337e-09   -4.0567011380e-10   -3.2740543233e-09    4.3302660651e-09    1.9886194409e-09   -2.0718786320e-09   -7.1283409671e-11   -6.5748078632e-09
   1.9700000    2.1446881512e-09   -4.1885590431e-10   -2.8164081988e-09    4.8828966635e-09    2.1673333509e-09   -2.1234541716e-09   -6.5609939412e-11   -6.5852345047e-09
   1.9800000    2.1645866406e-09   -4.2539222559e-10   -2.3439695303e-09    5.4417334132e-09    2.3495773617e-09   -2.1714364177e-09   -5.9944712972e-11   -6.5953516201e-09
   1.9900000    2.1830993173e-09   -4.2545221704e-10   -1.8643478513e-09    5.9987482060e-09    2.5338701334e-09   -2.2157037446e-09   -5.4288279036e-11   -6.6051477675e-09
   2.0000000    2.2004497038e-09   -4.1929421857e-10   -1.3848039596e-09    6.5450435442e-09    2.7186919020e-09   -2.2561724667e-09   -4.8646048171e-11   -6.6146154138e-09
   2.0100000    2.2168807225e-09   -4.0725629238e-10   -9.1218964854e-10    7.0712027317e-09    2.9024960395e-09   -2.2927883432e-09   -4.3034705254e-11   -6.6237560322e-09
   2.0200000    2.2327588908e-09   -3.8975708143e-10   -4.5287649621e-10    7.5676337008e-09    3.0837135097e-09   -2.3255348434e-09   -3.7456481083e-11   -6.6325563518e-09
   2.0300000    2.2484734349e-09   -3.6730828553e-10   -1.2738933623e-11    8.0249616694e-09    3.2608106889e-09   -2.3544202502e-09   -3.1923309776e-11   -6.6410114817e-09
   2.0400000    2.2644277065e-09   -3.4041681279e-10    4.0292646516e-10    8.4344227081e-09    3.4322655359e-09   -2.3794685193e-09   -2.6438782531e-11   -6.6491190886e-09
   2.0500000    2.2809990334e-09   -3.0964649803e-10    7.8935717511e-10    8.7882059696e-09    3.5966044725e-09   -2.4007458154e-09   -2.1011751879e-11   -6.6568751648e-09
   2.0600000    2.2985459442e-09   -2.7554744838e-10    1.1423600284e-09    9.0797860368e-09    3.7524247141e-09   -2.4183327750e-09   -1.5649247856e-11   -6.6642685561e-09
   2.0700000    2.3173558895e-09   -2.3868166854e-10    1.4583493794e-09    9.3042143116e-09    3.8983876690e-09   -2.4323096356e-09   -1.0364361032e-11   -6.6712970428e-09
   2.0800000    2.3376176322e-09   -1.9960099210e-10    1.7342602365e-09    9.4583069633e-09    4.0332546640e-09   -2.4427947076e-09   -5.1560648275e-12   -6.6779544878e-09
   2.0900000    2.3593902072e-09   -1.5877573746e-10    1.9676411898e-09    9.5407606738e-09    4.1558918894e-09   -2.4499107122e-09   -3.7814760252e-14   -6.6842363479e-09
   2.1000000    2.3826078216e-09   -1.1667652302e-10    2.1565805871e-09    9.5522361585e-09    4.2653058610e-09   -2.4537798222e-09    4.9853548039e-12   -6.6901393886e-09
   2.1100000    2.4070302836e-09   -7.3649590810e-11    2.2997390758e-09    9.4952564963e-09    4.3606009276e-09   -2.4545371372e-09    9.9093610333e-12   -6.6956559483e-09
   2.1200000    2.4322194257e-09   -3.0009828211e-11    2.3963420127e-09    9.3741302932e-09    4.4410496661e-09   -2.4523250889e-09    1.4724307976e-11   -6.7007830529e-09
   2.1300000    2.4576185307e-09    1.4021575271e-11    2.4461721524e-09    9.1947251069e-09    4.5060583221e-09   -2.4472895386e-09    1.9427976439e-11   -6.7055183177e-09
   2.1400000    2.4825281491e-09    5.8304481610e-11    2.4496358829e-09    8.9641994750e-09    4.5552054496e-09   -2.4395612106e-09    2.4012344594e-11   -6.7098562363e-09
   2.1500000    2.5060296455e-09    1.0277503076e-10    2.4076872487e-09    8.6906891713e-09    4.5882231734e-09   -2.4292823723e-09    2.8469355096e-11   -6.7137912771e-09
   2.1600000    2.5271508363e-09    1.4746665203e-10    2.3219167107e-09    8.3829382187e-09    4.6050070662e-09   -2.4165923222e-09    3.2795181146e-11   -6.7173193199e-09
   2.1700000    2.5448440019e-09    1.9240116407e-10    2.1945048913e-09    8.0499485612e-09    4.6056252596e-09   -2.4016127565e-09    3.6980378897e-11   -6.7204406991e-09
   2.1800000    2.5580270417e-09    2.3770156517e-10    2.0282569524e-09    7.7005949064e-09    4.5903019615e-09   -2.3844627110e-09    4.1028947718e-11   -6.7231488603e-09
   2.1900000    2.5656446681e-09    2.8348357531e-10    1.8265727720e-09    7.3432860150e-09    4.5594267497e-09   -2.3652591043e-09    4.4930336025e-11   -6.7254405212e-09
   2.2000000    2.5667379047e-09    3.2988129344e-10    1.5934769900e-09    6.9856628364e-09    4.5135403050e-09   -2.3441150902e-09    4.8679739091e-11   -6.7273180380e-09
   2.2100000    2.5604608717e-09    3.7698456811e-10    1.3335281946e-09    6.6343316180e-09    4.4533337288e-09   -2.3211325968e-09    5.2275349004e-11   -6.7287693918e-09
   2.2200000    2.5461804006e-09    4.2484324426e-10    1.0518192665e-09    6.2946492289e-09    4.3796385204e-09   -2.2963928012e-09    5.5705161819e-11   -6.7298021417e-09
   2.2300000    2.5235179802e-09    4.7343464709e-10    7.5390917633e-10    5.9706548039e-09    4.2934091590e-09   -2.2699903448e-09    5.8981666070e-11   -6.7304086038e-09
   2.2400000    2.4923323143e-09    5.2263171015e-10    4.4569858581e-10    5.6649554416e-09    4.1957421369e-09   -2.2419938978e-09    6.2087592141e-11   -6.7305871326e-09
   2.2500000    2.4528583979e-09    5.7222438794e-10    1.3340249810e-10    5.3787905618e-09    4.0878088713e-09   -2.2124831629e-09    6.5023234572e-11   -6.7303389418e-09
   2.2600000    2.4056330635e-09    6.2183875253e-10   -1.7661876966e-10    5.1121157191e-09    3.9708815374e-09   -2.1815282795e-09    6.7788409205e-11   -6.7296597399e-09
   2.2700000    2.3515365565e-09    6.7099205504e-10   -4.7796738559e-10    4.8637311574e-09    3.8463222808e-09   -2.1491948923e-09    7.0377870925e-11   -6.7285480026e-09
   2.2800000    2.2918124909e-09    7.1909303119e-10   -7.6436664833e-10    4.6315047487e-09    3.7155316139e-09   -2.1155426700e-09    7.2787257271e-11   -6.7270066220e-09
   2.2900000    2.2279757718e-09    7.6539704148e-10   -1.0298146178e-09    4.4126220011e-09    3.5799635013e-09   -2.0806352066e-09    7.5021410561e-11   -6.7250337101e-09
   2.3000000    2.1618098779e-09    8.0906156158e-10   -1.2687208981e-09    4.2038252057e-09    3.4411063923e-09   -2.0445265400e-09    7.7074288388e-11   -6.7226247693e-09
   2.3100000    2.0952636737e-09    8.4915252173e-10   -1.4760984234e-09    4.0017289988e-09    3.3004317139e-09   -2.0072964508e-09    7.8944846578e-11   -6.7197868205e-09
   2.3200000    2.0304450309e-09    8.8467945535e-10   -1.6476959251e-09    3.8030445276e-09    3.1594367648e-09   -1.9690070916e-09    8.0628165143e-11   -6.7165144389e-09
   2.3300000    1.9694627385e-09    9.1461462080e-10   -1.7801613756e-09    3.6048567977e-09    3.0195627391e-09   -1.9297294499e-09    8.2128638741e-11   -6.7128065001e-09
   2.3400000    1.9143831074e-09    9.3796993481e-10   -1.8711016023e-09    3.4048602341e-09    2.8822432240e-09   -1.8895474641e-09    8.3448708663e-11   -6.7086706214e-09
   2.3500000    1.8671096359e-09    9.5379218598e-10   -1.9192850542e-09    3.2015049625e-09    2.7488213626e-09   -1.8485529577e-09    8.4576850804e-11   -6.7041042629e-09
   2.3600000    1.8292992161e-09    9.6126159145e-10   -1.9245866754e-09    2.9941558042e-09    2.6205980223e-09   -1.8068416786e-09    8.5520628458e-11   -6.6991101962e-09
   2.3700000    1.8022709580e-09    9.5968732312e-10   -1.8881096753e-09    2.7831647875e-09    2.4987777911e-09   -1.7645219089e-09    8.6285771019e-11   -6.6936841532e-09
   2.3800000    1.7869417517e-09    9.4861094031e-10   -1.8121499063e-09    2.5698577549e-09    2.3844667960e-09   -1.7217137782e-09    8.6862061735e-11   -6.6878380925e-09
   2.3900000    1.7837414812e-09    9.2779834718e-10   -1.7001441803e-09    2.3565805524e-09    2.2786648138e-09   -1.6785420965e-09    8.7256509137e-11   -6.6815682768e-09
   2.4000000    1.7925990833e-09    8.9730498083e-10   -1.5566132028e-09    2.1465422171e-09    2.1822739448e-09   -1.6351600376e-09    8.7462437132e-11   -6.6748761266e-09
   2.4100000    1.8129277152e-09    8.5748927311e-10   -1.3869991425e-09    1.9436862442e-09    2.0960310920e-09   -1.5917089207e-09    8.7492312712e-11   -6.6677690829e-09
   2.4200000    1.8436407380e-09    8.0905582481e-10   -1.1975367794e-09    1.7525833027e-09    2.0205924510e-09   -1.5483577090e-09    8.7338091136e-11   -6.6602465119e-09
   2.4300000    1.8831230594e-09    7.5300997917e-10   -9.9507278199e-10    1.5781578013e-09    1.9564409299e-09   -1.5052955222e-09    8.7007474573e-11   -6.6523140347e-09
   2.4400000    1.9294162396e-09    6.9073436706e-10   -7.8685721044e-10    1.4255047289e-09    1.9039289392e-09   -1.4627048997e-09    8.6500592030e-11   -6.6439751381e-09
   2.4500000    1.9802159728e-09    6.2388349109e-10   -5.8027985965e-10    1.2996377102e-09    1.8632892915e-09   -1.4207849338e-09    8.5817138721e-11   -6.6352335313e-09
   2.4600000    2.0329836113e-09    5.5441603569e-10   -3.8267054910e-10    1.2052600452e-09    1.8345868535e-09   -1.3797413083e-09    8.4960484359e-11   -6.6260918500e-09
   2.4700000    2.0851054956e-09    4.8457200138e-10   -2.0104061647e-10    1.1465660067e-09    1.8177744501e-09   -1.3397933869e-09    8.3938492865e-11   -6.6165579873e-09
   2.4800000    2.1340389048e-09    4.1672187464e-10   -4.1876963511e-11    1.1270196462e-09    1.8126656588e-09   -1.3011593832e-09    8.2745695480e-11   -6.6066342174e-09
   2.4900000    2.1773743641e-09    3.5342566511e-10    8.9085279456e-11    1.1491610400e-09    1.8189509108e-09   -1.2640638529e-09    8.1388065150e-11   -6.5963285371e-09
   2.5000000    2.2130471357e-09    2.9727771736e-10    1.8705847841e-10    1.2145274745e-09    1.8361911884e-09   -1.2287403402e-09    7.9873188532e-11   -6.5856410643e-09
   2.5100000    2.2394345196e-09    2.5087125095e-10    2.4833602237e-10    1.3234997015e-09    1.8638482912e-09   -1.1954065473e-09    7.8195893506e-11   -6.5745836731e-09
   2.5200000    2.2554601831e-09    2.1671831997e-10    2.7042416763e-10    1.4753122033e-09    1.9012760775e-09   -1.1642916654e-09    7.6363746695e-11   -6.5631586203e-09
   2.5300000    2.2606052876e-09    1.9713577748e-10    2.5209224757e-10    1.6680154014e-09    1.9477466240e-09   -1.1356054504e-09    7.4386024530e-11   -6.5513734598e-09
   2.5400000    2.2550782131e-09    1.9422197544e-10    1.9343779875e-10    1.8985200403e-09    2.0024448620e-09   -1.1095643938e-09    7.2256842764e-11   -6.5392367036e-09
   2.5500000    2.2397137865e-09    2.0975589712e-10    9.5851683256e-11    2.1627192443e-09    2.0645040039e-09   -1.0863681101e-09    6.9983145852e-11   -6.5267531625e-09
   2.5600000    2.2160022274e-09    2.4515702017e-10   -3.8044214843e-11    2.4556012386e-09    2.1329903356e-09   -1.0661978763e-09    6.7574766405e-11   -6.5139290573e-09
   2.5700000    2.1860294998e-09    3.0140997496e-10   -2.0447224120e-10    2.7714029232e-09    2.2069415236e-09   -1.0492238396e-09    6.5026985652e-11   -6.5007739192e-09
   2.5800000    2.1523067270e-09    3.7903326994e-10   -3.9863490739e-10    3.1038326831e-09    2.2853567106e-09   -1.0356011696e-09    6.2350102238e-11   -6.4872949167e-09
   2.5900000    2.1177265434e-09    4.7806527499e-10   -6.1488251643e-10    3.4462710420e-09    2.3672400666e-09   -1.0254506206e-09    5.9545911963e-11   -6.4734988625e-09
   2.6000000    2.0853652796e-09    5.9803297657e-10   -8.4692166020e-10    3.7919786007e-09    2.4515899562e-09   -1.0188944041e-09    5.6618413413e-11   -6.4593958438e-09
   2.6100000    2.0582959177e-09    7.3796510836e-10   -1.0879532586e-09    4.1343326985e-09    2.5374228011e-09   -1.0160074109e-09    5.3572128534e-11   -6.4449944343e-09
   2.6200000    2.0394274254e-09    8.9638175012e-10   -1.3309190379e-09    4.4670320650e-09    2.6237763315e-09   -1.0168449884e-09    5.0419486764e-11   -6.4303002283e-09
   2.6300000    2.0312869867e-09    1.0713330160e-09   -1.5687065206e-09    4.7843087289e-09    2.7097265349e-09   -1.0214357270e-09    4.7155613520e-11   -6.4153224489e-09
   2.6400000    2.0359361172e-09    1.2604515908e-09   -1.7943272704e-09    5.0810481775e-09    2.7944102449e-09   -1.0297701989e-09    4.3786621904e-11   -6.4000748477e-09
   2.6500000    2.0547278319e-09    1.4609489785e-09   -2.0011310782e-09    5.3529601709e-09    2.8770219164e-09   -1.0418167268e-09    4.0322700064e-11   -6.3845645987e-09
   2.6600000    2.0882611792e-09    1.6697135772e-09   -2.1829610602e-09    5.5966442122e-09    2.9568172022e-09   -1.0575180825e-09    3.6763747271e-11   -6.3688018989e-09
   2.6700000    2.1362654039e-09    1.8833081328e-09   -2.3342724138e-09    5.8096669328e-09    3.0331317541e-09   -1.0767659195e-09    3.3114940270e-11   -6.3527936219e-09
   2.6800000    2.1976561689e-09    2.0980826510e-09   -2.4502707866e-09    5.9905472345e-09    3.1053923329e-09   -1.0994362494e-09    2.9385344683e-11   -6.3365523498e-09
   2.6900000    2.2705025926e-09    2.3101596037e-09   -2.5269934132e-09    6.1387535412e-09    3.1731119528e-09   -1.1253545449e-09    2.5573694722e-11   -6.3200854090e-09
   2.7000000    2.3521105495e-09    2.5155812319e-09   -2.5613698980e-09    6.2545874542e-09    3.2358837370e-09   -1.1543401466e-09    2.1691026473e-11   -6.3034058346e-09
   2.7100000    2.4391616138e-09    2.7102722208e-09   -2.5512587697e-09    6.3391408437e-09    3.2934132484e-09   -1.1861682168e-09    1.7739006784e-11   -6.2865241053e-09
   2.7200000    2.5279330081e-09    2.8901381015e-09   -2.4954423371e-09    6.3941400955e-09    3.3454911628e-09   -1.2205817803e-09    1.3723811732e-11   -6.2694495065e-09
   2.7300000    2.6144474842e-09    3.0511118617e-09   -2.3936132665e-09    6.4218133677e-09    3.3920091946e-09   -1.2573131268e-09    9.6533483054e-12   -6.2521937157e-09
   2.7400000    2.6947567627e-09    3.1892092500e-09   -2.2463797919e-09    6.4247435018e-09    3.4329535762e-09   -1.2960460760e-09    5.5257950977e-12   -6.2347685143e-09
   2.7500000    2.7651816861e-09    3.3005672930e-09   -2.0551406312e-09    6.4057213247e-09    3.4683937730e-09   -1.3364684860e-09    1.3541263060e-12   -6.2171819152e-09
   2.7600000    2.8224712418e-09    3.3814941699e-09   -1.8220831905e-09    6.3676196476e-09    3.4984870093e-09   -1.3782317057e-09   -2.8626020135e-12   -6.1994463595e-09
   2.7700000    2.8641832102e-09    3.4285448866e-09   -1.5501061955e-09    6.3132533777e-09    3.5234685003e-09   -1.4209809172e-09   -7.1157085792e-12   -6.1815762695e-09
   2.7800000    2.8887925282e-09    3.4385666308e-09   -1.2427389829e-09    6.2452830663e-09    3.5436594012e-09   -1.4643316892e-09   -1.1403144267e-11   -6.1635771460e-09
   2.7900000    2.8957828054e-09    3.4088016638e-09   -9.0407697210e-10    6.1661531292e-09    3.5594269225e-09   -1.5079189709e-09   -1.5721014371e-11   -6.1454671797e-09
   2.8000000    2.8858080132e-09    3.3369197539e-09   -5.3871912894e-10    6.0780469792e-09    3.5712060497e-09   -1.5513478233e-09   -2.0061251944e-11   -6.1272555068e-09
   2.8100000    2.8606799658e-09    3.2211182844e-09   -1.5169887414e-10    5.9828577569e-09    3.5794823087e-09   -1.5942346775e-09   -2.4418116367e-11   -6.1089504312e-09
   2.8200000    2.8233368153e-09    3.0602219993e-09    2.5156746570e-10    5.8822173178e-09    3.5847761737e-09   -1.6361896593e-09   -2.8788674435e-11   -6.0905693674e-09
   2.8300000    2.7776405723e-09    2.8537461839e-09    6.6534604095e-10    5.7775176432e-09    3.5876389458e-09   -1.6768327440e-09   -3.3167587513e-11   -6.0721194132e-09
   2.8400000    2.7282899191e-09    2.6020333746e-09    1.0836261093e-09    5.6699744692e-09    3.5886227424e-09   -1.7157973275e-09   -3.7550392421e-11   -6.0536111939e-09
   2.8500000    2.6803988368e-09    2.3062997969e-09    1.5001585033e-09    5.5606679676e-09    3.5883188582e-09   -1.7527264630e-09   -4.1935081082e-11   -6.0350637859e-09
   2.8600000    2.6393421992e-09    1.9687428105e-09    1.9085409360e-09    5.4506554279e-09    3.5872829630e-09   -1.7872700845e-09   -4.6311853165e-11   -6.0164858300e-09
   2.8700000    2.6102350283e-09    1.5925663348e-09    2.3022329369e-09    5.3410232982e-09    3.5860715004e-09   -1.8191169577e-09   -5.0679212968e-11   -5.9978845854e-09
   2.8800000    2.5977168031e-09    1.1820923636e-09    2.6746303041e-09    5.2329465144e-09    3.5852281343e-09   -1.8479770234e-09   -5.5034917923e-11   -5.9792768004e-09
   2.8900000    2.6054891602e-09    7.4274325476e-10    3.0191179397e-09    5.1277677635e-09    3.5852498746e-09   -1.8735714291e-09   -5.9373053200e-11   -5.9606699124e-09
   2.9000000    2.6360215042e-09    2.8097913478e-10    3.3291742457e-09    5.0270227046e-09    3.5865962175e-09   -1.8956714333e-09   -6.3688884301e-11   -5.9420837810e-09
   2.9100000    2.6902554256e-09   -1.9565007470e-10    3.5984119092e-09    4.9324512482e-09    3.5896815765e-09   -1.9140640723e-09   -6.7975009508e-11   -5.9235211661e-09
   2.9200000    2.7673507436e-09   -6.7863737579e-10    3.8207426249e-09    4.8460303144e-09    3.5948713998e-09   -1.9285784999e-09   -7.2237201816e-11   -5.9050000899e-09
   2.9300000    2.8646548945e-09   -1.1586999223e-09    3.9904254548e-09    4.7699159268e-09    3.6024556129e-09   -1.9390891255e-09   -7.6462657660e-11   -5.8865301321e-09
   2.9400000    2.9776296603e-09   -1.6259159022e-09    4.1022232010e-09    4.7064492735e-09    3.6126754648e-09   -1.9454846313e-09   -8.0653465548e-11   -5.8681232224e-09
   2.9500000    3.0999501255e-09   -2.0699572004e-09    4.1515377126e-09    4.6580423964e-09    3.6256868102e-09   -1.9477066852e-09   -8.4803298622e-11   -5.8497891219e-09
   2.9600000    3.2237061310e-09   -2.4803082452e-09    4.1345257763e-09    4.6271470635e-09    3.6416007824e-09   -1.9457344268e-09   -8.8903273050e-11   -5.8315416843e-09
   2.9700000    3.3397937248e-09   -2.8466447795e-09    4.0482372696e-09    4.6161696465e-09    3.6604272040e-09   -1.9395880777e-09   -9.2960246773e-11   -5.8133921587e-09
   2.9800000    3.4382544653e-09   -3.1590761482e-09    3.8907692673e-09    4.6273324038e-09    3.6821161971e-09   -1.9293202251e-09   -9.6964252142e-11   -5.7953485806e-09
   2.9900000    3.5088800505e-09   -3.4085366770e-09    3.6613472556e-09    4.6626382136e-09    3.7065482554e-09   -1.9150266976e-09   -1.0091393055e-10   -5.7774267224e-09
   3.0000000    3.5417578585e-09   -3.5870466944e-09    3.3604569555e-09    4.7237267039e-09    3.7335354068e-09   -1.8968265372e-09   -1.0481058752e-10   -5.7596385210e-09
   3.0100000    3.5278813542e-09   -3.6881020641e-09    2.9898952478e-09    4.8118205254e-09    3.7628088221e-09   -1.8749015007e-09   -1.0864619679e-10   -5.7419894660e-09
   3.0200000    3.4598137473e-09   -3.7069442689e-09    2.5528287756e-09    4.9276035251e-09    3.7940693138e-09   -1.8494371195e-09   -1.1241855509e-10   -5.7244963455e-09
   3.0300000    3.3322219124e-09   -3.6408139917e-09    2.0538132834e-09    5.0711948597e-09    3.8269277837e-09   -1.8206582753e-09   -1.1612552760e-10   -5.7071650268e-09
   3.0400000    3.1424959844e-09   -3.4891490365e-09    1.4987988792e-09    5.2420535568e-09    3.8609690490e-09   -1.7888314193e-09   -1.1976581554e-10   -5.6900060221e-09
   3.0500000    2.8910495644e-09   -3.2537020911e-09    8.9500019266e-10    5.4389584561e-09    3.8957314023e-09   -1.7542200842e-09   -1.2333781774e-10   -5.6730345659e-09
   3.0600000    2.5817427824e-09   -2.9386234679e-09    2.5088169435e-10    5.6599706078e-09    3.9307135221e-09   -1.7171457508e-09   -1.2683546598e-10   -5.6562575262e-09
   3.0700000    2.2219317400e-09   -2.5504226990e-09   -4.2404108720e-10    5.9024341226e-09    3.9653955841e-09   -1.6779115827e-09   -1.3026375271e-10   -5.6396857919e-09
   3.0800000    1.8224652417e-09   -2.0978424619e-09   -1.1193555551e-09    6.1629926209e-09    3.9992327257e-09   -1.6368657257e-09   -1.3361453831e-10   -5.6233278154e-09
   3.0900000    1.3973583393e-09   -1.5916319438e-09   -1.8238991391e-09    6.4376004872e-09    4.0316761945e-09   -1.5943437247e-09   -1.3688974494e-10   -5.6071979533e-09
   3.1000000    9.6353143361e-10   -1.0442988365e-09   -2.5260730209e-09    6.7216103413e-09    4.0621932117e-09   -1.5507074053e-09   -1.4008805699e-10   -5.5913002931e-09
   3.1100000    5.4003582760e-10   -4.6969990576e-10   -3.2140312131e-09    7.0098358656e-09    4.0902388108e-09   -1.5063162745e-09   -1.4320517423e-10   -5.5756471184e-09
   3.1200000    1.4739859695e-10    1.1738450803e-10   -3.8759512202e-09    7.2966246644e-09    4.1152995434e-09   -1.4615211432e-09   -1.4624323949e-10   -5.5602472441e-09
   3.1300000   -1.9335363814e-10    7.0172518597e-10   -4.5002734761e-09    7.5759996797e-09    4.1368969289e-09   -1.4166791647e-09   -1.4919905006e-10   -5.5451073934e-09
   3.1400000   -4.6170431244e-10    1.2682073567e-09   -5.0759691777e-09    7.8417720416e-09    4.1545811228e-09   -1.3721394130e-09   -1.5207553044e-10   -5.5302401066e-09
   3.1500000   -6.3864712765e-10    1.8022734785e-09   -5.5927882728e-09    8.0876878708e-09    4.1679528048e-09   -1.3282354210e-09   -1.5486703704e-10   -5.5156499972e-09
   3.1600000   -7.0784484358e-10    2.2905557487e-09   -6.0414643729e-09    8.3076019562e-09    4.1766663308e-09   -1.2852870649e-09   -1.5757408926e-10   -5.5013460789e-09
   3.1700000   -6.5653838550e-10    2.7212732056e-09   -6.4139288201e-09    8.4956274813e-09    4.1804340801e-09   -1.2436035606e-09   -1.6019622106e-10   -5.4873377535e-09
   3.1800000   -4.7655668373e-10    3.0847360212e-09   -6.7034628646e-09    8.6463061299e-09    4.1790392334e-09   -1.2034711999e-09   -1.6273576133e-10   -5.4736328946e-09
   3.1900000   -1.6491028008e-10    3.3736619248e-09   -6.9048137066e-09    8.7547746604e-09    4.1723266826e-09   -1.1651556294e-09   -1.6519049079e-10   -5.4602357419e-09
   3.2000000    2.7556590418e-10    3.5834467211e-09   -7.0143259690e-09    8.8169427458e-09    4.1602224329e-09   -1.1288949982e-09   -1.6756101926e-10   -5.4471571482e-09
   3.2100000    8.3597277640e-10    3.7123797459e-09   -7.0299658067e-09    8.8296272665e-09    4.1427276516e-09   -1.0949051901e-09   -1.6984997803e-10   -5.4344039428e-09
   3.2200000    1.5013940536e-09    3.7616488213e-09   -6.9513585123e-09    8.7906886079e-09    4.1199164085e-09   -1.0633721076e-09   -1.7205106871e-10   -5.4219841395e-09
   3.2300000    2.2511198106e-09    3.7352884291e-09   -6.7797701704e-09    8.6991037944e-09    4.0919540656e-09   -1.0344584415e-09   -1.7417263120e-10   -5.4098979393e-09
   3.2400000    3.0593953706e-09    3.6400079226e-09   -6.5180431854e-09    8.5550926210e-09    4.0590674787e-09   -1.0082831426e-09   -1.7621062401e-10   -5.3981566165e-09
   3.2500000    3.8962436574e-09    3.4848897309e-09   -6.1705341276e-09    8.3601085054e-09    4.0215766013e-09   -9.8495896897e-10   -1.7816535143e-10   -5.3867643474e-09
   3.2600000    4.7285534796e-09    3.2809776234e-09   -5.7429960026e-09    8.1168583417e-09    3.9798616257e-09   -9.6454488129e-10   -1.8003712787e-10   -5.3757230477e-09
   3.2700000    5.5215747065e-09    3.0407906013e-09   -5.2424426461e-09    7.8292660901e-09    3.9343843483e-09   -9.4708220968e-10   -1.8182973508e-10   -5.3650441077e-09
   3.2800000    6.2404867987e-09    2.7778218164e-09   -4.6770041897e-09    7.5023653516e-09    3.8856545420e-09   -9.3258898929e-10   -1.8354388698e-10   -5.3547304531e-09
   3.2900000    6.8519601379e-09    2.5059131124e-09   -4.0557830935e-09    7.1422368378e-09    3.8342497678e-09   -9.2104951441e-10   -1.8518174276e-10   -5.3447838153e-09
   3.3000000    7.3258389260e-09    2.2386901140e-09   -3.3886303268e-09    6.7557934736e-09    3.7807936090e-09   -9.1241476536e-10   -1.8674322047e-10   -5.3352093579e-09
   3.3100000    7.6367702504e-09    1.9889093839e-09   -2.6859774150e-09    6.3506409210e-09    3.7259643417e-09   -9.0662446213e-10   -1.8822750793e-10   -5.3260114940e-09
   3.3200000    7.7656421314e-09    1.7679832774e-09   -1.9587104629e-09    5.9348513799e-09    3.6704606543e-09   -9.0357547634e-10   -1.8963858543e-10   -5.3171928846e-09
   3.3300000    7.7007747330e-09    1.5854111696e-09   -1.2178874620e-09    5.5167461175e-09    3.6150025290e-09   -9.0316435974e-10   -1.9098138770e-10   -5.3087610209e-09
   3.3400000    7.4388958702e-09    1.4484371410e-09   -4.7461677910e-10    5.1046874379e-09    3.5603431039e-09   -9.0525099263e-10   -1.9225157300e-10   -5.3007136635e-09
   3.3500000    6.9856800711e-09    1.3617094728e-09    2.6012730812e-10    4.7068398539e-09    3.5072322085e-09   -9.0969131520e-10   -1.9345387371e-10   -5.2930529803e-09
   3.3600000    6.3558545196e-09    1.3271098472e-09    9.7570452135e-10    4.3309470014e-09    3.4564108148e-09   -9.1632958087e-10   -1.9459156083e-10   -5.2857837320e-09
   3.3700000    5.5729893724e-09    1.3437149449e-09    1.6619521408e-09    3.9841846020e-09    3.4086100877e-09   -9.2497384290e-10   -1.9566602638e-10   -5.2789066238e-09
   3.3800000    4.6687182466e-09    1.4078205687e-09    2.3093502855e-09    3.6729141273e-09    3.3645423784e-09   -9.3544756714e-10   -1.9668205953e-10   -5.2724209141e-09
   3.3900000    3.6816230897e-09    1.5131649582e-09    2.9091301693e-09    3.4026039171e-09    3.3248770238e-09   -9.4754835484e-10   -1.9763686309e-10   -5.2663313621e-09
   3.4000000    2.6555849339e-09    1.6512660768e-09    3.4534283450e-09    3.1776887345e-09    3.2902538726e-09   -9.6108721833e-10   -1.9853673129e-10   -5.2606374614e-09
   3.4100000    1.6380215211e-09    1.8118403680e-09    3.9353837621e-09    3.0015342130e-09    3.2612355135e-09   -9.7584952877e-10   -1.9938194585e-10   -5.2553380831e-09
   3.4200000    6.7772644150e-10    1.9832672525e-09    4.3492313216e-09    2.8763860468e-09    3.2383553522e-09   -9.9164799961e-10   -2.0017614779e-10   -5.2504320124e-09
   3.4300000   -1.7755447550e-10    2.1531618377e-09    4.6903574342e-09    2.8033659823e-09    3.2220592860e-09   -1.0082749812e-09   -2.0092049078e-10   -5.2459182628e-09
   3.4400000   -8.8329579669e-10    2.3090440032e-09    4.9553799264e-09    2.7825303264e-09    3.2127299076e-09   -1.0255451884e-09   -2.0162393897e-10   -5.2418011331e-09
   3.4500000   -1.4006165118e-09    2.4388742683e-09    5.1421589741e-09    2.8129506258e-09    3.2106616588e-09   -1.0432639882e-09   -2.0227877070e-10   -5.2380741254e-09
   3.4600000   -1.6983074656e-09    2.5316903592e-09    5.2498017927e-09    2.8927639427e-09    3.2160740697e-09   -1.0612551854e-09   -2.0289605828e-10   -5.2347375281e-09
   3.4700000   -1.7546551908e-09    2.5781114829e-09    5.2786795613e-09    3.0193261848e-09    3.2290975449e-09   -1.0793400672e-09   -2.0347731169e-10   -5.2317905181e-09
   3.4800000   -1.5589173789e-09    2.5708460618e-09    5.2303704399e-09    3.1893007255e-09    3.2497755573e-09   -1.0973649156e-09   -2.0402335680e-10   -5.2292279398e-09
   3.4900000   -1.1122510513e-09    2.5050677404e-09    5.1076405515e-09    3.3988175680e-09    3.2780592027e-09   -1.1151756911e-09   -2.0453858520e-10   -5.2270488101e-09
   3.5000000   -4.2806438005e-10    2.3786521463e-09    4.9143464883e-09    3.6436091123e-09    3.3137956237e-09   -1.1326346660e-09   -2.0502422064e-10   -5.2252453952e-09
   3.5100000    4.6815036460e-10    2.1922982807e-09    4.6553636109e-09    3.9190886042e-09    3.3567666003e-09   -1.1496312575e-09   -2.0548630538e-10   -5.2238198013e-09
   3.5200000    1.5396165965e-09    1.9496185831e-09    4.3364862557e-09    4.2205119699e-09    3.4066492610e-09   -1.1660439886e-09   -2.0592347700e-10   -5.2227633884e-09
   3.5300000    2.7397015991e-09    1.6569256423e-09    3.9643020274e-09    4.5430733061e-09    3.4630440350e-09   -1.1817895157e-09   -2.0634293724e-10   -5.2220752895e-09
   3.5400000    4.0137262474e-09    1.3230281760e-09    3.5460744451e-09    4.8819608033e-09    3.5254826109e-09   -1.1967824565e-09   -2.0674129726e-10   -5.2217510810e-09
   3.5500000    5.3015417776e-09    9.5888104508e-10    3.0896430153e-09    5.2324620334e-09    3.5934078229e-09   -1.2109592896e-09   -2.0712684647e-10   -5.2217828089e-09
   3.5600000    6.5400704430e-09    5.7706567202e-10    2.6032009001e-09    5.5900278546e-09    3.6662041543e-09   -1.2242675832e-09   -2.0750126567e-10   -5.2221673910e-09
   3.5700000    7.6664373081e-09    1.9133344047e-10    2.0952126208e-09    5.9502900838e-09    3.7432009306e-09   -1.2366723179e-09   -2.0786979555e-10   -5.2228978535e-09
   3.5800000    8.6209396332e-09   -1.8404988120e-10    1.5742483974e-09    6.3090894473e-09    3.8236708867e-09   -1.2481383132e-09   -2.0823224443e-10   -5.2239684061e-09
   3.5900000    9.3501651741e-09   -5.3486484345e-10    1.0488112172e-09    6.6625019635e-09    3.9068530800e-09   -1.2586696222e-09   -2.0859150948e-10   -5.2253684166e-09
   3.6000000    9.8097193322e-09   -8.4758714007e-10    5.2724289899e-10    7.0068478708e-09    3.9919468692e-09   -1.2682400130e-09   -2.0895113872e-10   -5.2270996792e-09
   3.6100000    9.9667052537e-09   -1.1099476844e-09    1.7518539210e-11    7.3386976127e-09    4.0781245942e-09   -1.2768748426e-09   -2.0930903586e-10   -5.2291471094e-09
   3.6200000    9.8017067366e-09   -1.3114060951e-09   -4.7283286447e-10    7.6548510189e-09    4.1645665254e-09   -1.2845840239e-09   -2.0967837901e-10   -5.2315079842e-09
   3.6300000    9.3100332907e-09   -1.4436371417e-09   -9.3689630411e-10    7.9523707477e-09    4.2504392169e-09   -1.2913848862e-09   -2.1005258448e-10   -5.2341734002e-09
   3.6400000    8.5025227244e-09   -1.5008598559e-09   -1.3684573350e-09    8.2285302582e-09    4.3349211856e-09   -1.2973090065e-09   -2.1044090697e-10   -5.2371345068e-09
   3.6500000    7.4053315529e-09   -1.4800031534e-09   -1.7621087051e-09    8.4808815524e-09    4.4172114070e-09   -1.3023903673e-09   -2.1083745673e-10   -5.2403847607e-09
   3.6600000    6.0591124953e-09   -1.3808435452e-09   -2.1133362143e-09    8.7072466579e-09    4.4965288169e-09   -1.3066690862e-09   -2.1124662145e-10   -5.2439127598e-09
   3.6700000    4.5173997265e-09   -1.2059367870e-09   -2.4185676866e-09    8.9056747512e-09    4.5721394124e-09   -1.3101816675e-09   -2.1167667012e-10   -5.2477168371e-09
   3.6800000    2.8443668601e-09   -9.6046886380e-10   -2.6752449736e-09    9.0745663511e-09    4.6433546547e-09   -1.3129709487e-09   -2.1212286845e-10   -5.2517780887e-09
   3.6900000    1.1118866336e-09   -6.5196926502e-10   -2.8818281527e-09    9.2126144557e-09    4.7095446169e-09   -1.3150694990e-09   -2.1258821333e-10   -5.2560952520e-09
   3.7000000   -6.0379905975e-10   -2.9000025345e-10   -3.0378396465e-09    9.3188820406e-09    4.7701334380e-09   -1.3165206361e-09   -2.1307790818e-10   -5.2606572164e-09
   3.7100000   -2.2256744643e-09    1.1444126424e-10   -3.1438064277e-09    9.3928021729e-09    4.8246269354e-09   -1.3173590511e-09   -2.1358663045e-10   -5.2654527957e-09
   3.7200000   -3.6797607872e-09    5.4927073759e-10   -3.2012368402e-09    9.4342393373e-09    4.8726059761e-09   -1.3176117594e-09   -2.1412104333e-10   -5.2704751897e-09
   3.7300000   -4.8987882643e-09    1.0019923533e-09   -3.2126003866e-09    9.4434997015e-09    4.9137028796e-09   -1.3173160422e-09   -2.1468532912e-10   -5.2757110781e-09
   3.7400000   -5.8256526791e-09    1.4601332604e-09   -3.1811590157e-09    9.4213685893e-09    4.9476870277e-09   -1.3164983954e-09   -2.1527386806e-10   -5.2811555744e-09
   3.7500000   -6.4163516397e-09    1.9118217642e-09   -3.1109783394e-09    9.3691172178e-09    4.9743635626e-09   -1.3151651417e-09   -2.1588868970e-10   -5.2867951677e-09
   3.7600000   -6.6424700225e-09    2.3462087352e-09   -3.0067513449e-09    9.2885108949e-09    4.9936533010e-09   -1.3133285643e-09   -2.1653650068e-10   -5.2926201604e-09
   3.7700000   -6.4927530329e-09    2.7538572369e-09   -2.8736712299e-09    9.1818280632e-09    5.0055643956e-09   -1.3110082815e-09   -2.1721292650e-10   -5.2986268266e-09
   3.7800000   -5.9739548511e-09    3.1270813377e-09   -2.7173427644e-09    9.0518186753e-09    5.0101902494e-09   -1.3081945279e-09   -2.1791819020e-10   -5.3047966356e-09
   3.7900000   -5.1107127941e-09    3.4600315417e-09   -2.5435748543e-09    8.9016759463e-09    5.0076948713e-09   -1.3048848385e-09   -2.1865098632e-10   -5.3111262030e-09
   3.8000000   -3.9444986887e-09    3.7488405791e-09   -2.3582973041e-09    8.7350030822e-09    4.9983385619e-09   -1.3010710036e-09   -2.1941693638e-10   -5.3176033071e-09
   3.8100000   -2.5317186831e-09    3.9915571824e-09   -2.1673326522e-09    8.5557634105e-09    4.9824507819e-09   -1.2967277074e-09   -2.2021172608e-10   -5.3242153108e-09
   3.8200000   -9.4100994204e-10    4.1879095242e-09   -1.9763292033e-09    8.3681738057e-09    4.9604551495e-09   -1.2918359237e-09   -2.2103927412e-10   -5.3309595331e-09
   3.8300000    7.5019734149e-10    4.3391490962e-09   -1.7906055183e-09    8.1766371550e-09    4.9328145825e-09   -1.2863712619e-09   -2.2189545798e-10   -5.3378212728e-09
   3.8400000    2.4596650173e-09    4.4476722746e-09   -1.6149919058e-09    7.9856552737e-09    4.9000718523e-09   -1.2803002240e-09   -2.2278174604e-10   -5.3447927532e-09
   3.8500000    4.1045171953e-09    4.5165672831e-09   -1.4537514280e-09    7.7996907522e-09    4.8628078132e-09   -1.2735834204e-09   -2.2369584067e-10   -5.3518639429e-09
   3.8600000    5.6056364558e-09    4.5492426562e-09   -1.3105047221e-09    7.6230874574e-09    4.8216554405e-09   -1.2661928813e-09   -2.2463996592e-10   -5.3590301592e-09
   3.8700000    6.8918948182e-09    4.5490116998e-09   -1.1881450979e-09    7.4599279697e-09    4.7772801201e-09   -1.2580845017e-09   -2.2560957293e-10   -5.3662744950e-09
   3.8800000    7.9039911361e-09    4.5186716375e-09   -1.0887709534e-09    7.3139335032e-09    4.7303822235e-09   -1.2492213518e-09   -2.2660113943e-10   -5.3735963193e-09
   3.8900000    8.5978035297e-09    4.4601352110e-09   -1.0137160874e-09    7.1883593770e-09    4.6816658485e-09   -1.2395676819e-09   -2.2762083596e-10   -5.3809847881e-09
   3.9000000    8.9468285590e-09    4.3741958159e-09   -9.6346111696e-10    7.0858820684e-09    4.6318539962e-09   -1.2290846425e-09   -2.2866010180e-10   -5.3884285398e-09
   3.9100000    8.9438672939e-09    4.2604530845e-09   -9.3774700093e-10    7.0085260420e-09    4.5816651606e-09   -1.2177357917e-09   -2.2971839646e-10   -5.3959256880e-09
   3.9200000    8.6015490048e-09    4.1171579702e-09   -9.3555576267e-10    6.9576102143e-09    4.5318019053e-09   -1.2055011065e-09   -2.3080303785e-10   -5.4034623838e-09
   3.9300000    7.9518550772e-09    3.9413993904e-09   -9.5519628406e-10    6.9336962827e-09    4.4829587887e-09   -1.1923564896e-09   -2.3189967496e-10   -5.4110363271e-09
   3.9400000    7.0445046432e-09    3.7293306631e-09   -9.9435825558e-10    6.9365345297e-09    4.4357895873e-09   -1.1782760392e-09   -2.3301355142e-10   -5.4186385752e-09
   3.9500000    5.9444002368e-09    3.4765028648e-09   -1.0502024601e-09    6.9651395221e-09    4.3909075798e-09   -1.1632591538e-09   -2.3414136519e-10   -5.4262638325e-09
   3.9600000    4.7281012158e-09    3.1783197057e-09   -1.1194832657e-09    7.0177314629e-09    4.3489059079e-09   -1.1472986969e-09   -2.3527585334e-10   -5.4339024566e-09
   3.9700000    3.4795691219e-09    2.8305760674e-09   -1.1986362869e-09    7.0918846664e-09    4.3103050903e-09   -1.1304026589e-09   -2.3641707712e-10   -5.4415542369e-09
   3.9800000    2.2855062390e-09    2.4300578154e-09   -1.2838521241e-09    7.1845308087e-09    4.2755738412e-09   -1.1125990637e-09   -2.3756088913e-10   -5.4492089028e-09
   3.9900000    1.2303042607e-09    1.9751484838e-09   -1.3712341150e-09    7.2921127422e-09    4.2451318533e-09   -1.0939083258e-09   -2.3870960394e-10   -5.4568644745e-09
   4.0000000    3.9111052742e-10    1.4663426027e-09   -1.4568685621e-09    7.4106676263e-09    4.2193189259e-09   -1.0743752918e-09   -2.3985751909e-10   -5.4645164573e-09
   4.0100000   -1.6690110947e-10    9.0680232993e-10   -1.5369154467e-09    7.5359979885e-09    4.1983976923e-09   -1.0540527471e-09   -2.4099953519e-10   -5.4721549491e-09
   4.0200000   -3.9458289242e-10    3.0271933212e-10   -1.6077335512e-09    7.6637867185e-09    4.1825813462e-09   -1.0330036247e-09   -2.4213692787e-10   -5.4797834815e-09
   4.0300000   -2.6214934312e-10   -3.3643935230e-10   -1.6659259959e-09    7.7897687994e-09    4.1719950542e-09   -1.0113133606e-09   -2.4326367085e-10   -5.4873956037e-09
   4.0400000    2.3852900298e-10   -9.9788862043e-10   -1.7084222697e-09    7.9098558033e-09    4.1667013790e-09   -9.8906425146e-10   -2.4437643247e-10   -5.4949883923e-09
   4.0500000    1.0927910060e-09   -1.6656287747e-09   -1.7325377787e-09    8.0202772017e-09    4.1666687118e-09   -9.6636033099e-10   -2.4547095927e-10   -5.5025590345e-09
   4.0600000    2.2634472543e-09   -2.3207446979e-09   -1.7360191506e-09    8.1176996152e-09    4.1718204925e-09   -9.4331626172e-10   -2.4654515018e-10   -5.5101038444e-09
   4.0700000    3.6920955864e-09   -2.9420404243e-09   -1.7170654287e-09    8.1993675435e-09    4.1820071613e-09   -9.2005482116e-10   -2.4759516830e-10   -5.5176246453e-09
   4.0800000    5.3018958185e-09   -3.5067874526e-09   -1.6744019626e-09    8.2631268979e-09    4.1970084547e-09   -8.9670535413e-10   -2.4862190939e-10   -5.5251176192e-09
   4.0900000    7.0013516221e-09   -3.9915042372e-09   -1.6072219605e-09    8.3075265811e-09    4.2165406944e-09   -8.7342195313e-10   -2.4961390727e-10   -5.5325834428e-09
   4.1000000    8.6892218679e-09   -4.3732033045e-09   -1.5152611319e-09    8.3318118836e-09    4.2402674244e-09   -8.5035481626e-10   -2.5057462888e-10   -5.5400206112e-09
   4.1100000    1.0259915654e-08   -4.6303781862e-09   -1.3987401797e-09    8.3359570946e-09    4.2678218003e-09   -8.2765185437e-10   -2.5149427320e-10   -5.5474286628e-09
   4.1200000    1.1609452545e-08   -4.7442671149e-09   -1.2583898944e-09    8.3205951761e-09    4.2987737820e-09   -8.0547895561e-10   -2.5237621657e-10   -5.5548085784e-09
   4.1300000    1.2641549103e-08   -4.6999480783e-09   -1.0953976844e-09    8.2869970902e-09    4.3326569318e-09   -7.8400806189e-10   -2.5321070490e-10   -5.5621607601e-09
   4.1400000    1.3273353575e-08   -4.4874176494e-09   -9.1143902691e-10    8.2369746463e-09    4.3689840550e-09   -7.6340965999e-10   -2.5399871033e-10   -5.5694882436e-09
   4.1500000    1.3440700485e-08   -4.1024770789e-09   -7.0856769231e-10    8.1727688158e-09    4.4072542511e-09   -7.4385006117e-10   -2.5473923499e-10   -5.5767887962e-09
   4.1600000    1.3102514927e-08   -3.5473959750e-09   -4.8922038399e-10    8.0969674872e-09    4.4469546275e-09   -7.2549544355e-10   -2.5542109919e-10   -5.5840650949e-09
   4.1700000    1.2243988205e-08   -2.8313379171e-09   -2.5619295629e-10    8.0123770205e-09    4.4875604008e-09   -7.0850232998e-10   -2.5604629395e-10   -5.5913217327e-09
   4.1800000    1.0878478674e-08   -1.9704631796e-09   -1.2536507264e-11    7.9218647895e-09    4.5285454996e-09   -6.9304210187e-10   -2.5661002104e-10   -5.5985550832e-09
   4.1900000    9.0478531854e-09   -9.8764576285e-10    2.3843514691e-10    7.8283006652e-09    4.5694018350e-09   -6.7925468565e-10   -2.5711370940e-10   -5.6057725200e-09
   4.2000000    6.8212855448e-09    8.8015974879e-11    4.9325737366e-10    7.7343961304e-09    4.6096447188e-09   -6.6728276173e-10   -2.5754914311e-10   -5.6129820790e-09
   4.2100000    4.2925062565e-09    1.2222431279e-09    7.4832452632e-10    7.6426417997e-09    4.6488041324e-09   -6.5724283089e-10   -2.5791686969e-10   -5.6201783214e-09
   4.2200000    1.5755661442e-09    2.3767269218e-09    9.9998086465e-10    7.5552120960e-09    4.6864511424e-09   -6.4926291980e-10   -2.5821160775e-10   -5.6273658776e-09
   4.2300000   -1.2005723379e-09    3.5106193738e-09    1.2445705128e-09    7.4739240719e-09    4.7221936193e-09   -6.4342355083e-10   -2.5843201706e-10   -5.6345487959e-09
   4.2400000   -3.8985016087e-09    4.5823299100e-09    1.4784931582e-09    7.4001886489e-09    4.7556726583e-09   -6.3981904384e-10   -2.5857634253e-10   -5.6417312059e-09
   4.2500000   -6.3795479681e-09    5.5512714236e-09    1.6982962936e-09    7.3350244533e-09    4.7865901962e-09   -6.3850144123e-10   -2.5864280205e-10   -5.6489166456e-09
   4.2600000   -8.5110268660e-09    6.3797909832e-09    1.9006831120e-09    7.2790410204e-09    4.8146963351e-09   -6.3950088920e-10   -2.5862854239e-10   -5.6561076945e-09
   4.2700000   -1.0173751508e-08    7.0350030207e-09    2.0825991572e-09    7.2325150766e-09    4.8397823749e-09   -6.4284577034e-10   -2.5853331468e-10   -5.6633101551e-09
   4.2800000   -1.1268627294e-08    7.4904903171e-09    2.2412811019e-09    7.1953804456e-09    4.8617113858e-09   -6.4852413655e-10   -2.5835637837e-10   -5.6705277535e-09
   4.2900000   -1.1722766354e-08    7.7277399060e-09    2.3742949865e-09    7.1673550548e-09    4.8804043707e-09   -6.5650479416e-10   -2.5809220051e-10   -5.6777628447e-09
   4.3000000   -1.1494003764e-08    7.7373169224e-09    2.4795648393e-09    7.1479640469e-09    4.8958343904e-09   -6.6673291742e-10   -2.5774025153e-10   -5.6850195567e-09
   4.3100000   -1.0574130027e-08    7.5195710899e-09    2.5554167485e-09    7.1366740413e-09    4.9080254400e-09   -6.7913417059e-10   -2.5730530290e-10   -5.6923034448e-09
   4.3200000   -8.9903436949e-09    7.0850024748e-09    2.6005922588e-09    7.1329207134e-09    4.9170655779e-09   -6.9359808763e-10   -2.5677861597e-10   -5.6996165001e-09
   4.3300000   -6.8047006101e-09    6.4540272788e-09    2.6142950564e-09    7.1361924631e-09    4.9230998155e-09   -7.0999683657e-10   -2.5616509757e-10   -5.7069677663e-09
   4.3400000   -4.1119136406e-09    5.6563126903e-09    2.5961086539e-09    7.1461221196e-09    4.9263165104e-09   -7.2817758616e-10   -2.5546596709e-10   -5.7143547740e-09
   4.3500000   -1.0351508102e-09    4.7296412685e-09    2.5461027254e-09    7.1624947622e-09    4.9269510673e-09   -7.4797573799e-10   -2.5467772386e-10   -5.7217818986e-09
   4.3600000    2.2796552918e-09    3.7183478174e-09    2.4647239059e-09    7.1853057499e-09    4.9252759883e-09   -7.6918478630e-10   -2.5380061409e-10   -5.7292539045e-09
   4.3700000    5.6709894083e-09    2.6713481315e-09    2.3528671893e-09    7.2147978861e-09    4.9216197970e-09   -7.9159802938e-10   -2.5284056675e-10   -5.7367731257e-09
   4.3800000    8.9697681714e-09    1.6398480187e-09    2.2117616673e-09    7.2514186667e-09    4.9163166576e-09   -8.1498880540e-10   -2.5178894941e-10   -5.7443430452e-09
   4.3900000    1.2008161225e-08    6.7498912796e-10    2.0430175136e-09    7.2958328963e-09    4.9097500805e-09   -8.3909074557e-10   -2.5065244890e-10   -5.7519689656e-09
   4.4000000    1.4628309964e-08   -1.7469090502e-10    1.8485332461e-09    7.3488773049e-09    4.9022937240e-09   -8.6365355868e-10   -2.4943024773e-10   -5.7596466033e-09
   4.4100000    1.6690996597e-08   -8.6570186585e-10    1.6305054109e-09    7.4115101801e-09    4.8943582156e-09   -8.8840139573e-10   -2.4812919548e-10   -5.7673812897e-09
   4.4200000    1.8083265389e-08   -1.3618436004e-09    1.3913311558e-09    7.4847598651e-09    4.8863466022e-09   -9.1306150320e-10   -2.4674617750e-10   -5.7751789390e-09
   4.4300000    1.8724937200e-08   -1.6361891178e-09    1.1336002555e-09    7.5696586865e-09    4.8786705332e-09   -9.3734248312e-10   -2.4528722891e-10   -5.7830360895e-09
   4.4400000    1.8573558048e-08   -1.6725746915e-09    8.6007962678e-10    7.6671416928e-09    4.8717184241e-09   -9.6096220578e-10   -2.4374851044e-10   -5.7909578275e-09
   4.4500000    1.7627354296e-08   -1.4667387017e-09    5.7359408554e-10    7.7780109350e-09    4.8658743812e-09   -9.8362692860e-10   -2.4214216958e-10   -5.7989420143e-09
   4.4600000    1.5926193567e-08   -1.0266902436e-09    2.7703560018e-10    7.9028538214e-09    4.8614918950e-09   -1.0050727343e-09   -2.4045992981e-10   -5.8069885686e-09
   4.4700000    1.3550264854e-08   -3.7264971440e-10   -2.6683355097e-11    8.0419565908e-09    4.8589019818e-09   -1.0250178481e-09   -2.3871168440e-10   -5.8150967556e-09
   4.4800000    1.0616628026e-08    4.6372786529e-10   -3.3466679958e-10    8.1952857740e-09    4.8584061213e-09   -1.0432119616e-09   -2.3689826914e-10   -5.8232726094e-09
   4.4900000    7.2737872820e-09    1.4407115218e-09   -6.4410022353e-10    8.3624298838e-09    4.8602628981e-09   -1.0594052474e-09   -2.3502248097e-10   -5.8315090416e-09
   4.5000000    3.6944006589e-09    2.5083905337e-09   -9.5224399315e-10    8.5425785574e-09    4.8646857389e-09   -1.0733675061e-09   -2.3309415871e-10   -5.8398084170e-09
   4.5100000    6.6665270740e-11    3.6110127925e-09   -1.2564638564e-09    8.7345148951e-09    4.8718462939e-09   -1.0849076573e-09   -2.3110909020e-10   -5.8481649649e-09
   4.5200000   -3.4154519619e-09    4.6897065004e-09   -1.5542954208e-09    8.9366224482e-09    4.8818660828e-09   -1.0938375175e-09   -2.2907754140e-10   -5.8565805727e-09
   4.5300000   -6.5622745265e-09    5.6853650898e-09   -1.8434071184e-09    9.1469076263e-09    4.8948090782e-09   -1.1000085755e-09   -2.2699700572e-10   -5.8650543301e-09
   4.5400000   -9.1985692094e-09    6.5417537655e-09   -2.1216679717e-09    9.3630575723e-09    4.9106992147e-09   -1.1032803425e-09   -2.2487592879e-10   -5.8735790585e-09
   4.5500000   -1.1173145394e-08    7.2083580926e-09   -2.3871113974e-09    9.5824760879e-09    4.9294976361e-09   -1.1035771492e-09   -2.2272252264e-10   -5.8821527569e-09
   4.5600000   -1.2367228450e-08    7.6430930903e-09   -2.6379642958e-09    9.8023816333e-09    4.9511138628e-09   -1.1008292436e-09   -2.2053290879e-10   -5.8907720528e-09
   4.5700000   -1.2701404926e-08    7.8146662383e-09   -2.8726346806e-09    1.0019835675e-08    4.9754105296e-09   -1.0950112576e-09   -2.1832114443e-10   -5.8994339885e-09
   4.5800000   -1.2140591022e-08    7.7044148425e-09   -3.0896940356e-09    1.0231852557e-08    5.0021902938e-09   -1.0861283830e-09   -2.1608735830e-10   -5.9081342524e-09
   4.5900000   -1.0696656597e-08    7.3074876487e-09   -3.2879120921e-09    1.0435495533e-08    5.0312246241e-09   -1.0742188870e-09   -2.1383304067e-10   -5.9168678260e-09
   4.6000000   -8.4287318075e-09    6.6334549489e-09   -3.4661977924e-09    1.0627929087e-08    5.0622237036e-09   -1.0593655868e-09   -2.1156879316e-10   -5.9256257452e-09
   4.6100000   -5.4409227567e-09    5.7060889017e-09   -3.6236090246e-09    1.0806526715e-08    5.0948708029e-09   -1.0416839596e-09   -2.0929761871e-10   -5.9344064334e-09
   4.6200000   -1.8776344810e-09    4.5624870196e-09   -3.7593282001e-09    1.0968897070e-08    5.1288137387e-09   -1.0213119123e-09   -2.0702772120e-10   -5.9432044304e-09
   4.6300000    2.0832838304e-09    3.2515123418e-09   -3.8726404549e-09    1.1112998207e-08    5.1636669782e-09   -9.9842968452e-10   -2.0475827855e-10   -5.9520090785e-09
   4.6400000    6.2393365432e-09    1.8314887631e-09   -3.9629397521e-09    1.1237127358e-08    5.1990243025e-09   -9.7324371823e-10   -2.0250291443e-10   -5.9608167940e-09
   4.6500000    1.0373622311e-08    3.6749406812e-10   -4.0296525616e-09    1.1339970539e-08    5.2344670263e-09   -9.4599483573e-10   -2.0025608298e-10   -5.9696190559e-09
   4.6600000    1.4265961171e-08   -1.0717485000e-09   -4.0723014019e-09    1.1420643959e-08    5.2695592038e-09   -9.1694029825e-10   -1.9803124277e-10   -5.9784123142e-09
   4.6700000    1.7704527486e-08   -2.4173229154e-09   -4.0904525696e-09    1.1478634669e-08    5.3038572414e-09   -8.8637145572e-10   -1.9582980609e-10   -5.9871848627e-09
   4.6800000    2.0497092035e-08   -3.6035351145e-09   -4.0837173547e-09    1.1513833819e-08    5.3369463324e-09   -8.5458367519e-10   -1.9365760065e-10   -5.9959312682e-09
   4.6900000    2.2481519336e-08   -4.5712855731e-09   -4.0517533464e-09    1.1526482153e-08    5.3683839120e-09   -8.2190541890e-10   -1.9152077458e-10   -6.0046432450e-09
   4.7000000    2.3534808514e-08   -5.2711015645e-09   -3.9942935849e-09    1.1517130545e-08    5.3977772105e-09   -7.8865836276e-10   -1.8942259879e-10   -6.0133118867e-09
   4.7100000    2.3580271645e-08   -5.6657799515e-09   -3.9111255088e-09    1.1486598040e-08    5.4247434889e-09   -7.5518435185e-10   -1.8736444480e-10   -6.0219302796e-09
   4.7200000    2.2592372568e-08   -5.7324652384e-09   -3.8021198826e-09    1.1435882060e-08    5.4489210017e-09   -7.2182491204e-10   -1.8535963096e-10   -6.0304886708e-09
   4.7300000    2.0598983468e-08   -5.4639229728e-09   -3.6672481066e-09    1.1366147851e-08    5.4700115400e-09   -6.8891345814e-10   -1.8340238817e-10   -6.0389791013e-09
   4.7400000    1.7680721738e-08   -4.8691965250e-09   -3.5066292128e-09    1.1278637864e-08    5.4877168036e-09   -6.5678693675e-10   -1.8150574651e-10   -6.0473948734e-09
   4.7500000    1.3967870935e-08   -3.9732881435e-09   -3.3205338423e-09    1.1174621130e-08    5.5018235314e-09   -6.2576605790e-10   -1.7966596270e-10   -6.0557251965e-09
   4.7600000    9.6341652090e-09   -2.8161513129e-09   -3.1094417751e-09    1.1055345725e-08    5.5121421473e-09   -5.9615215525e-10   -1.7789212856e-10   -6.0639629130e-09
   4.7700000    4.8886341315e-09   -1.4508241030e-09   -2.8740458702e-09    1.0922027048e-08    5.5185440904e-09   -5.6824461014e-10   -1.7618447515e-10   -6.0720988503e-09
   4.7800000   -3.4842611154e-11    5.9059302488e-11   -2.6152695477e-09    1.0775813664e-08    5.5209597201e-09   -5.4229680174e-10   -1.7454995158e-10   -6.0801237555e-09
   4.7900000   -4.8892113717e-09    1.6423868007e-09   -2.3343717787e-09    1.0617753997e-08    5.5193729195e-09   -5.1855303858e-10   -1.7299010452e-10   -6.0880290854e-09
   4.8000000   -9.4269189359e-09    3.2240301396e-09   -2.0328612375e-09    1.0448852848e-08    5.5138170383e-09   -4.9721569943e-10   -1.7150519262e-10   -6.0958078179e-09
   4.8100000   -1.3412755323e-08    4.7285732344e-09   -1.7125575762e-09    1.0270043237e-08    5.5043958617e-09   -4.7846327828e-10   -1.7009970629e-10   -6.1034527424e-09
   4.8200000   -1.6636219965e-08    6.0841132827e-09   -1.3756356911e-09    1.0082245265e-08    5.4912685043e-09   -4.6242959345e-10   -1.6877792550e-10   -6.1109553421e-09
   4.8300000   -1.8922759971e-08    7.2258581262e-09   -1.0245922290e-09    9.8864017378e-09    5.4746390298e-09   -4.4921332049e-10   -1.6754009922e-10   -6.1183090514e-09
   4.8400000   -2.0143292298e-08    8.0994750068e-09   -6.6219680010e-10    9.6835222963e-09    5.4547799613e-09   -4.3887656342e-10   -1.6638620449e-10   -6.1255040723e-09
   4.8500000   -2.0221516303e-08    8.6637990061e-09   -2.9154346492e-10    9.4747723678e-09    5.4319949336e-09   -4.3144589069e-10   -1.6532021933e-10   -6.1325339315e-09
   4.8600000   -1.9138483732e-08    8.8930224936e-09    8.4016577341e-11    9.2614478695e-09    5.4066504229e-09   -4.2689191142e-10   -1.6434472532e-10   -6.1393930800e-09
   4.8700000   -1.6934297665e-08    8.7780436475e-09    4.6087259586e-10    9.0451073940e-09    5.3791285530e-09   -4.2515841611e-10   -1.6345801337e-10   -6.1460727589e-09
   4.8800000   -1.3706728782e-08    8.3269653186e-09    8.3527320580e-10    8.8275529208e-09    5.3498779678e-09   -4.2613743267e-10   -1.6265669949e-10   -6.1525711458e-09
   4.8900000   -9.6068432546e-09    7.5646808403e-09    1.2033111714e-09    8.6108794595e-09    5.3193590205e-09   -4.2969798570e-10   -1.6194458170e-10   -6.1588774568e-09
   4.9000000   -4.8317500481e-09    6.5317870016e-09    1.5609694386e-09    8.3974969013e-09    5.2880499755e-09   -4.3566523621e-10   -1.6132348042e-10   -6.1649895194e-09
   4.9100000    3.8511561975e-10    5.2823817289e-09    1.9042454031e-09    8.1900972117e-09    5.2564507403e-09   -4.4383770389e-10   -1.6079101480e-10   -6.1709012884e-09
   4.9200000    5.7855630344e-09    3.8814251397e-09    2.2291497736e-09    7.9916488028e-09    5.2250743347e-09   -4.5397071758e-10   -1.6034525476e-10   -6.1766083120e-09
   4.9300000    1.1099889434e-08    2.4014018420e-09    2.5317921657e-09    7.8053618956e-09    5.1944293021e-09   -4.6580761511e-10   -1.5998773651e-10   -6.1821076549e-09
   4.9400000    1.6060541832e-08    9.1864447368e-10    2.8084834974e-09    7.6345869000e-09    5.1650095094e-09   -4.7905543583e-10   -1.5971473746e-10   -6.1873919605e-09
   4.9500000    2.0416050902e-08   -4.9057801891e-10    3.0557224275e-09    7.4827861434e-09    5.1373108684e-09   -4.9341514839e-10   -1.5952086241e-10   -6.1924649599e-09
   4.9600000    2.3944064817e-08   -1.7539411647e-09    3.2702992394e-09    7.3534086658e-09    5.1118073174e-09   -5.0857785616e-10   -1.5941316841e-10   -6.1973178124e-09
   4.9700000    2.6463040036e-08   -2.8067803969e-09    3.4493753996e-09    7.2497984018e-09    5.0889359432e-09   -5.2421363691e-10   -1.5938167279e-10   -6.2019487234e-09
   4.9800000    2.7841928778e-08   -3.5953597033e-09    3.5904671683e-09    7.1750778977e-09    5.0691021532e-09   -5.4000677931e-10   -1.5942504459e-10   -6.2063603234e-09
   4.9900000    2.8007263411e-08   -4.0796261333e-09    3.6915261759e-09    7.1320672705e-09    5.0526810192e-09   -5.5563506077e-10   -1.5954081110e-10   -6.2105494334e-09
   5.0000000    2.6947220534e-08   -4.2352189450e-09    3.7509801145e-09    7.1231226539e-09    5.0399949279e-09   -5.7079210127e-10   -1.5972996900e-10   -6.2145141956e-09
   5.0100000    2.4712756828e-08   -4.0546118058e-09    3.7677530281e-09    7.1500828891e-09    5.0313176230e-09   -5.8517284908e-10   -1.5998225227e-10   -6.2182578960e-09
   5.0200000    2.1415047542e-08   -3.5475384649e-09    3.7413003893e-09    7.2141729581e-09    5.0268711712e-09   -5.9851217587e-10   -1.6029629940e-10   -6.2217786435e-09
   5.0300000    1.7220250428e-08   -2.7402718149e-09    3.6715861990e-09    7.3159196809e-09    5.0268241186e-09   -6.1054912011e-10   -1.6066908217e-10   -6.2250772910e-09
   5.0400000    1.2341014220e-08   -1.6743091851e-09    3.5591308142e-09    7.4551257427e-09    5.0312635458e-09   -6.2105976376e-10   -1.6109830384e-10   -6.2281591000e-09
   5.0500000    7.0257145058e-09   -4.0408246737e-10    3.4049823696e-09    7.6308164690e-09    5.0402537911e-09   -6.2986112906e-10   -1.6157573673e-10   -6.2310205559e-09
   5.0600000    1.5456471816e-09    1.0059679417e-09    3.2107046827e-09    7.8412767762e-09    5.0537738289e-09   -6.3678590073e-10   -1.6210150686e-10   -6.2336715391e-09
   5.0700000   -3.8189269063e-09    2.4847341170e-09    2.9783619684e-09    8.0840123922e-09    5.0717282409e-09   -6.4172578982e-10   -1.6266451977e-10   -6.2361101978e-09
   5.0800000   -8.7932070881e-09    3.9582247354e-09    2.7105064633e-09    8.3558593286e-09    5.0939962975e-09   -6.4460581046e-10   -1.6326813189e-10   -6.2383393233e-09
   5.0900000   -1.3122330178e-08    5.3533950757e-09    2.4100866398e-09    8.6530261537e-09    5.1203747979e-09   -6.4538482421e-10   -1.6390190503e-10   -6.2403644241e-09
   5.1000000   -1.6584436238e-08    6.6019579919e-09    2.0804979288e-09    8.9711638740e-09    5.1506101184e-09   -6.4407811069e-10   -1.6456355825e-10   -6.2421895365e-09
   5.1100000   -1.9002362805e-08    7.6438901816e-09    1.7254653917e-09    9.3055036959e-09    5.1844069528e-09   -6.4073463573e-10   -1.6524640989e-10   -6.2438223714e-09
   5.1200000   -2.0252846418e-08    8.4304669465e-09    1.3489998526e-09    9.6509555883e-09    5.2214057186e-09   -6.3545699915e-10   -1.6594726574e-10   -6.2452660494e-09
   5.1300000   -2.0273030709e-08    8.9266097830e-09    9.5534966289e-10    1.0002246644e-08    5.2612169758e-09   -6.2838148767e-10   -1.6665876210e-10   -6.2465271038e-09
   5.1400000   -1.9063710401e-08    9.1127075679e-09    5.4893233625e-10    1.0354031151e-08    5.3034132688e-09   -6.1967721391e-10   -1.6737868859e-10   -6.2476138421e-09
   5.1500000   -1.6689311424e-08    8.9853108021e-09    1.3430287259e-10    1.0701050306e-08    5.3475427750e-09   -6.0955717600e-10   -1.6810023074e-10   -6.2485294798e-09
   5.1600000   -1.3274503715e-08    8.5572014871e-09   -2.8396821474e-10    1.1038230970e-08    5.3931246930e-09   -5.9825504841e-10   -1.6881781180e-10   -6.2492813369e-09
   5.1700000   -8.9976103552e-09    7.8564027688e-09   -7.0129576130e-10    1.1360812605e-08    5.4396590924e-09   -5.8604883109e-10   -1.6952853503e-10   -6.2498790435e-09
   5.1800000   -4.0812447489e-09    6.9245014246e-09   -1.1131906657e-09    1.1664466264e-08    5.4866511835e-09   -5.7322296097e-10   -1.7022626081e-10   -6.2503291254e-09
   5.1900000    1.2193635697e-09    5.8142605763e-09   -1.5152837770e-09    1.1945337207e-08    5.5335844441e-09   -5.6008222465e-10   -1.7090588415e-10   -6.2506366275e-09
   5.2000000    6.6298871654e-09    4.5865989964e-09   -1.9034334582e-09    1.2200178674e-08    5.5799738048e-09   -5.4694173202e-10   -1.7156614884e-10   -6.2508158434e-09
   5.2100000    1.1871278138e-08    3.3072128220e-09   -2.2737061506e-09    1.2426323632e-08    5.6253208655e-09   -5.3412566409e-10   -1.7220074274e-10   -6.2508675820e-09
   5.2200000    1.6674416378e-08    2.0429235436e-09   -2.6224867775e-09    1.2621800825e-08    5.6691759804e-09   -5.2195537720e-10   -1.7280291550e-10   -6.2508063743e-09
   5.2300000    2.0794247609e-08    8.5814473837e-10   -2.9464904565e-09    1.2785269872e-08    5.7110993233e-09   -5.1073557638e-10   -1.7337459876e-10   -6.2506357069e-09
   5.2400000    2.4022611906e-08   -1.8864627805e-10   -3.2428259274e-09    1.2916039922e-08    5.7506801935e-09   -5.0076905218e-10   -1.7390745730e-10   -6.2503682406e-09
   5.2500000    2.6199048612e-08   -1.0479409025e-09   -3.5089527398e-09    1.3014065644e-08    5.7875669138e-09   -4.9232276816e-10   -1.7439614544e-10   -6.2500083217e-09
   5.2600000    2.7219089425e-08   -1.6816974397e-09   -3.7428069241e-09    1.3079863757e-08    5.8214315355e-09   -4.8565665016e-10   -1.7484417762e-10   -6.2495711904e-09
   5.2700000    2.7039575251e-08   -2.0652748700e-09   -3.9427327432e-09    1.3114486023e-08    5.8520054401e-09   -4.8098768700e-10   -1.7524452766e-10   -6.2490583968e-09
   5.2800000    2.5680602014e-08   -2.1884792275e-09   -4.1075168281e-09    1.3119451972e-08    5.8790705499e-09   -4.7849824086e-10   -1.7559480433e-10   -6.2484848119e-09
   5.2900000    2.3224233422e-08   -2.0558346856e-09   -4.2364301572e-09    1.3096655480e-08    5.9024551551e-09   -4.7833306619e-10   -1.7589209101e-10   -6.2478533597e-09
   5.3000000    1.9809703401e-08   -1.6860541900e-09   -4.3291552847e-09    1.3048303718e-08    5.9220724354e-09   -4.8058945073e-10   -1.7613911597e-10   -6.2471780043e-09
   5.3100000    1.5625883090e-08   -1.1106940444e-09   -4.3858094087e-09    1.2976849304e-08    5.9378447749e-09   -4.8531718474e-10   -1.7632629867e-10   -6.2464643406e-09
   5.3200000    1.0900852765e-08   -3.7212650146e-10   -4.4069383848e-09    1.2884900947e-08    5.9497984970e-09   -4.9252121805e-10   -1.7645577494e-10   -6.2457239905e-09
   5.3300000    5.8894997067e-09    4.7913733344e-10   -4.3934747026e-09    1.2775158422e-08    5.9579949923e-09   -5.0216347399e-10   -1.7653038288e-10   -6.2449592243e-09
   5.3400000    8.5978735378e-10    1.3873994180e-09   -4.3466939506e-09    1.2650363822e-08    5.9625450226e-09   -5.1414563582e-10   -1.7654359967e-10   -6.2441841326e-09
   5.3500000   -3.9216733786e-09    2.2951797584e-09   -4.2682252385e-09    1.2513246662e-08    5.9636257112e-09   -5.2832219904e-10   -1.7649928293e-10   -6.2434029403e-09
   5.3600000   -8.2038934095e-09    3.1465094412e-09   -4.1599858171e-09    1.2366470011e-08    5.9614510011e-09   -5.4451185856e-10   -1.7639375400e-10   -6.2426238195e-09
   5.3700000   -1.1764875644e-08    3.8902086469e-09   -4.0241325447e-09    1.2212605112e-08    5.9562870095e-09   -5.6248379934e-10   -1.7623221782e-10   -6.2418545502e-09
   5.3800000   -1.4423417816e-08    4.4827527101e-09   -3.8630459306e-09    1.2054108265e-08    5.9484454397e-09   -5.8196373820e-10   -1.7600820978e-10   -6.2410999609e-09
   5.3900000   -1.6048491981e-08    4.8907927180e-09   -3.6792370476e-09    1.1893349300e-08    5.9382567712e-09   -6.0264749187e-10   -1.7573022294e-10   -6.2403717436e-09
   5.4000000   -1.6566101809e-08    5.0929016256e-09   -3.4753683563e-09    1.1732533223e-08    5.9260924266e-09   -6.2420001366e-10   -1.7539521254e-10   -6.2396744214e-09
   5.4100000   -1.5962737458e-08    5.0807468498e-09   -3.2541359449e-09    1.1573770985e-08    5.9123476101e-09   -6.4626336773e-10   -1.7500628662e-10   -6.2390106499e-09
   5.4200000   -1.4285824606e-08    4.8594171886e-09   -3.0182818600e-09    1.1419061254e-08    5.8974145628e-09   -6.6846033716e-10   -1.7456653261e-10   -6.2383887692e-09
   5.4300000   -1.1640629705e-08    4.4470126868e-09   -2.7705019810e-09    1.1270271092e-08    5.8817267953e-09   -6.9039641819e-10   -1.7407726789e-10   -6.2378139677e-09
   5.4400000   -8.1842344331e-09    3.8733874346e-09   -2.5134397368e-09    1.1129220758e-08    5.8656937140e-09   -7.1168709319e-10   -1.7354320076e-10   -6.2372890367e-09
   5.4500000   -4.1164485577e-09    3.1783616470e-09   -2.2496271829e-09    1.0997611331e-08    5.8497285779e-09   -7.3192512525e-10   -1.7296570961e-10   -6.2368241123e-09
   5.4600000    3.3117725463e-10    2.4091844172e-09   -1.9814526949e-09    1.0877059645e-08    5.8342377614e-09   -7.5074313612e-10   -1.7234746922e-10   -6.2364192503e-09
   5.4700000    4.9083112287e-09    1.6177366119e-09   -1.7111414485e-09    1.0769129609e-08    5.8196076177e-09   -7.6777970005e-10   -1.7169237070e-10   -6.2360796328e-09
   5.4800000    9.3596255156e-09    8.5737123813e-10   -1.4407486937e-09    1.0675256589e-08    5.8061916804e-09   -7.8268456331e-10   -1.7100309686e-10   -6.2358059436e-09
   5.4900000    1.3438792954e-08    1.7972046351e-10   -1.1720786713e-09    1.0596768059e-08    5.7943361163e-09   -7.9515669933e-10   -1.7029124935e-10   -6.2356075330e-09
   5.5000000    1.6921930659e-08   -3.6836849371e-10   -9.0678118942e-10    1.0534865378e-08    5.7843452814e-09   -8.0492064306e-10   -1.6955582422e-10   -6.2354775727e-09
   5.5100000    1.9619663989e-08   -7.4767332406e-10   -6.4626124422e-10    1.0490545413e-08    5.7764730614e-09   -8.1174348683e-10   -1.6880105945e-10   -6.2354255293e-09
   5.5200000    2.1387359741e-08   -9.2892085635e-10   -3.9173071809e-10    1.0464629358e-08    5.7709484272e-09   -8.1543384306e-10   -1.6803256750e-10   -6.2354519810e-09
   5.5300000    2.2132644698e-08   -8.9457149538e-10   -1.4419521480e-10    1.0457695035e-08    5.7679494177e-09   -8.1585628770e-10   -1.6726105706e-10   -6.2355570295e-09
   5.5400000    2.1820298901e-08   -6.3989497987e-10    9.5471058574e-11    1.0469990972e-08    5.7676116211e-09   -8.1292397696e-10   -1.6648205177e-10   -6.2357404211e-09
   5.5500000    2.0473700914e-08   -1.7324665048e-10    3.2659259848e-10    1.0501490302e-08    5.7700211152e-09   -8.0659482731e-10   -1.6570792839e-10   -6.2360044276e-09
   5.5600000    1.8173204177e-08    4.8424554255e-10    5.4860006894e-10    1.0551750260e-08    5.7752181073e-09   -7.9690052587e-10   -1.6494597877e-10   -6.2363498293e-09
   5.5700000    1.5051324997e-08    1.2999455731e-09    7.6101197244e-10    1.0619984339e-08    5.7831971579e-09   -7.8390087513e-10   -1.6419681591e-10   -6.2367737435e-09
   5.5800000    1.1285170516e-08    2.2315040143e-09    9.6341259666e-10    1.0704967759e-08    5.7939021518e-09   -7.6773047308e-10   -1.6346899159e-10   -6.2372784235e-09
   5.5900000    7.0863845081e-09    3.2292720871e-09    1.1554168139e-09    1.0805107296e-08    5.8072322679e-09   -7.4856190196e-10   -1.6276451588e-10   -6.2378598600e-09
   5.6000000    2.6892816894e-09    4.2391162264e-09    1.3366575141e-09    1.0918400492e-08    5.8230503032e-09   -7.2661210396e-10   -1.6209882028e-10   -6.2385206885e-09
   5.6100000   -1.6621121160e-09    5.2054731459e-09    1.5067106252e-09    1.1042469604e-08    5.8411946037e-09   -7.0215139982e-10   -1.6146481575e-10   -6.2392586003e-09
   5.6200000   -5.7276257399e-09    6.0745680979e-09    1.6651444626e-09    1.1174629087e-08    5.8614342704e-09   -6.7547606138e-10   -1.6087910853e-10   -6.2400679900e-09
   5.6300000   -9.2840114382e-09    6.7974500275e-09    1.8114356051e-09    1.1311913140e-08    5.8835362389e-09   -6.4691841518e-10   -1.6034287553e-10   -6.2409493574e-09
   5.6400000   -1.2137131448e-08    7.3327888768e-09    1.9450027820e-09    1.1451174600e-08    5.9072233112e-09   -6.1684206257e-10   -1.5986488470e-10   -6.2419018064e-09
   5.6500000   -1.4132421689e-08    7.6492229466e-09    2.0651635359e-09    1.1589150770e-08    5.9322182798e-09   -5.8562278599e-10   -1.5944410133e-10   -6.2429195945e-09
   5.6600000   -1.5163005893e-08    7.7272517257e-09    2.1711923747e-09    1.1722557604e-08    5.9582165340e-09   -5.5365452372e-10   -1.5909841871e-10   -6.2439979194e-09
   5.6700000   -1.5175267072e-08    7.5601917333e-09    2.2622462078e-09    1.1848205709e-08    5.9849002819e-09   -5.2133710909e-10   -1.5882372794e-10   -6.2451435148e-09
   5.6800000   -1.4171382137e-08    7.1547215907e-09    2.3374305380e-09    1.1963085225e-08    6.0119555826e-09   -4.8905920632e-10   -1.5863008981e-10   -6.2463414611e-09
   5.6900000   -1.2208681894e-08    6.5304232445e-09    2.3957759076e-09    1.2064448290e-08    6.0390681700e-09   -4.5720757636e-10   -1.5852354678e-10   -6.2475949281e-09
   5.7000000   -9.3961800084e-09    5.7187757097e-09    2.4363206007e-09    1.2149944289e-08    6.0659267451e-09   -4.2616206218e-10   -1.5850511259e-10   -6.2488989890e-09
   5.7100000   -5.8880640019e-09    4.7613563020e-09    2.4580682477e-09    1.2217677797e-08    6.0922321065e-09   -3.9626809585e-10   -1.5858109478e-10   -6.2502478334e-09
   5.7200000   -1.8749357777e-09    3.7075068595e-09    2.4600430238e-09    1.2266261969e-08    6.1176993534e-09   -3.6785313990e-10   -1.5875922401e-10   -6.2516386701e-09
   5.7300000    2.4269649078e-09    2.6116552382e-09    2.4413219650e-09    1.2294908867e-08    6.1420671231e-09   -3.4121118781e-10   -1.5903773269e-10   -6.2530672128e-09
   5.7400000    6.7877863858e-09    1.5302033401e-09    2.4010662140e-09    1.2303426780e-08    6.1650830301e-09   -3.1659601676e-10   -1.5942481336e-10   -6.2545313848e-09
   5.7500000    1.0976736794e-08    5.1845039631e-10    2.3385356897e-09    1.2292268375e-08    6.1865481574e-09   -2.9421669758e-10   -1.5992203604e-10   -6.2560263460e-09
   5.7600000    1.4774712765e-08   -3.7242571268e-10    2.2531641242e-09    1.2262478644e-08    6.2062699432e-09   -2.7425244875e-10   -1.6053620238e-10   -6.2575469792e-09
   5.7700000    1.7986120088e-08   -1.0982405281e-09    2.1445394922e-09    1.2215718056e-08    6.2240929397e-09   -2.5682137553e-10   -1.6126992527e-10   -6.2590897114e-09
   5.7800000    2.0449221440e-08   -1.6241483738e-09    2.0124452989e-09    1.2154174306e-08    6.2398957221e-09   -2.4201867647e-10   -1.6212381894e-10   -6.2606491459e-09
   5.7900000    2.2044586027e-08   -1.9264887405e-09    1.8568878909e-09    1.2080512166e-08    6.2535851445e-09   -2.2986365600e-10   -1.6310235292e-10   -6.2622267164e-09
   5.8000000    2.2701091637e-08   -1.9940535991e-09    1.6781582611e-09    1.1997800337e-08    6.2651052439e-09   -2.2036115761e-10   -1.6420774178e-10   -6.2638116199e-09
   5.8100000    2.2399118425e-08   -1.8285382893e-09    1.4767886543e-09    1.1909382941e-08    6.2744361255e-09   -2.1344721836e-10   -1.6543953653e-10   -6.2654021353e-09
   5.8200000    2.1171067519e-08   -1.4443301389e-09    1.2536172980e-09    1.1818810299e-08    6.2815866238e-09   -2.0902579374e-10   -1.6680567362e-10   -6.2669941649e-09
   5.8300000    1.9098752300e-08   -8.6760651510e-10    1.0097808535e-09    1.1729728709e-08    6.2865967321e-09   -2.0696953271e-10   -1.6829997169e-10   -6.2685876468e-09
   5.8400000    1.6308305884e-08   -1.3472819901e-10    7.4673732406e-10    1.1645724534e-08    6.2895309150e-09   -2.0710363286e-10   -1.6992809775e-10   -6.2701754867e-09
   5.8500000    1.2962651801e-08    7.0994713829e-10    4.6620987911e-10    1.1570276729e-08    6.2904822859e-09   -2.0922728647e-10   -1.7169033624e-10   -6.2717551587e-09
   5.8600000    9.2520162279e-09    1.6165796636e-09    1.7027809225e-10    1.1506626558e-08    6.2895710083e-09   -2.1312678997e-10   -1.7358124917e-10   -6.2733221623e-09
   5.8700000    5.3832099698e-09    2.5327555179e-09   -1.3870500133e-10    1.1457666659e-08    6.2869347283e-09   -2.1854964742e-10   -1.7560782991e-10   -6.2748752243e-09
   5.8800000    1.5680052407e-09    3.4064694818e-09   -4.5811937403e-10    1.1425897502e-08    6.2827251760e-09   -2.2524613794e-10   -1.7776033399e-10   -6.2764125144e-09
   5.8900000   -1.9885125793e-09    4.1890494915e-09   -7.8507657585e-10    1.1413329946e-08    6.2771272188e-09   -2.3293877959e-10   -1.8004315003e-10   -6.2779267710e-09
   5.9000000   -5.0990170296e-09    4.8378603236e-09   -1.1164572082e-09    1.1421461254e-08    6.2703137928e-09   -2.4136220248e-10   -1.8245974799e-10   -6.2794245826e-09
   5.9100000   -7.6038874390e-09    5.3187151793e-09   -1.4489404308e-09    1.1451238328e-08    6.2624743655e-09   -2.5024330719e-10   -1.8500387722e-10   -6.2808931329e-09
   5.9200000   -9.3794593165e-09    5.6076559070e-09   -1.7790481973e-09    1.1503033925e-08    6.2538070477e-09   -2.5932464521e-10   -1.8766874062e-10   -6.2823383799e-09
   5.9300000   -1.0344214616e-08    5.6921891871e-09   -2.1031897498e-09    1.1576660413e-08    6.2445148635e-09   -2.6834697183e-10   -1.9046222244e-10   -6.2837525338e-09
   5.9400000   -1.0462363064e-08    5.5719199151e-09   -2.4177063552e-09    1.1671388095e-08    6.2347853190e-09   -2.7707959611e-10   -1.9337129227e-10   -6.2851367104e-09
   5.9500000   -9.7450490162e-09    5.2584777420e-09   -2.7189031565e-09    1.1786005353e-08    6.2248174759e-09   -2.8529387683e-10   -1.9639750881e-10   -6.2864894649e-09
   5.9600000   -8.2488941556e-09    4.7746278297e-09   -3.0031171787e-09    1.1918790881e-08    6.2147913623e-09   -2.9280205365e-10   -1.9953751687e-10   -6.2878088119e-09
   5.9700000   -6.0719732452e-09    4.1529494254e-09   -3.2667771350e-09    1.2067675993e-08    6.2048883578e-09   -2.9943696869e-10   -2.0278711095e-10   -6.2890935753e-09
   5.9800000   -3.3476715983e-09    3.4338593858e-09   -3.5064612065e-09    1.2230223589e-08    6.1952831830e-09   -3.0504300822e-10   -2.0614248045e-10   -6.2903474887e-09
   5.9900000   -2.3669364247e-10    2.6632114918e-09   -3.7189074377e-09    1.2403755256e-08    6.1861272786e-09   -3.0951374428e-10   -2.0960113610e-10   -6.2915638400e-09
   6.0000000    3.0822697282e-09    1.8896968666e-09   -3.9011252611e-09    1.2585402533e-08    6.1775639756e-09   -3.1274840188e-10   -2.1315883072e-10   -6.2927479300e-09
   6.0100000    6.4227137888e-09    1.1620214661e-09   -4.0504173544e-09    1.2772164030e-08    6.1697359266e-09   -3.1469725309e-10   -2.1680906260e-10   -6.2938958081e-09
   6.0200000    9.6006204783e-09    5.2609396158e-10   -4.1643800329e-09    1.2961009268e-08    6.1627532843e-09   -3.1532284423e-10   -2.2054746355e-10   -6.2950087952e-09
   6.0300000    1.2444495986e-08    2.2519654152e-11   -4.2410340234e-09    1.3148905028e-08    6.1567301431e-09   -3.1462037045e-10   -2.2436657711e-10   -6.2960828029e-09
   6.0400000    1.4804454332e-08   -3.1563534300e-10   -4.2788068656e-09    1.3332899082e-08    6.1517566601e-09   -3.1260078096e-10   -2.2826488751e-10   -6.2971276867e-09
   6.0500000    1.6559923398e-08   -4.6471621388e-10   -4.2765862027e-09    1.3510159878e-08    6.1478969637e-09   -3.0930584166e-10   -2.3223669190e-10   -6.2981383265e-09
   6.0600000    1.7625596523e-08   -4.1171913796e-10   -4.2336939506e-09    1.3678029377e-08    6.1452251493e-09   -3.0480033029e-10   -2.3627386032e-10   -6.2991193646e-09
   6.0700000    1.7955203103e-08   -1.5489049265e-10   -4.1499764895e-09    1.3834030803e-08    6.1437931478e-09   -2.9915206120e-10   -2.4037260278e-10   -6.3000677011e-09
   6.0800000    1.7543164073e-08    2.9622767393e-10   -4.0257694841e-09    1.3975919530e-08    6.1436375916e-09   -2.9245274600e-10   -2.4452973394e-10   -6.3009869897e-09
   6.0900000    1.6423945813e-08    9.2140840670e-10   -3.8619183757e-09    1.4101678027e-08    6.1447906521e-09   -2.8480652859e-10   -2.4874044392e-10   -6.3018773169e-09
   6.1000000    1.4669143460e-08    1.6909673705e-09   -3.6597813133e-09    1.4209546302e-08    6.1472757674e-09   -2.7631718251e-10   -2.5298848815e-10   -6.3027422434e-09
   6.1100000    1.2382769922e-08    2.5674523531e-09   -3.4212080361e-09    1.4298007358e-08    6.1511024387e-09   -2.6709901208e-10   -2.5728013197e-10   -6.3035839151e-09
   6.1200000    9.6945917226e-09    3.5077909466e-09   -3.1485254901e-09    1.4365826969e-08    6.1562677525e-09   -2.5726684417e-10   -2.6160581770e-10   -6.3044020348e-09
   6.1300000    6.7526716181e-09    4.4656582162e-09   -2.8445387722e-09    1.4412000758e-08    6.1627667587e-09   -2.4693722386e-10   -2.6595773963e-10   -6.3052009561e-09
   6.1400000    3.7146344580e-09    5.3940351038e-09   -2.5124395624e-09    1.4435795367e-08    6.1705826832e-09   -2.3621801971e-10   -2.7033288812e-10   -6.3059781980e-09
   6.1500000    7.3907702995e-10    6.2477455975e-09   -2.1558444828e-09    1.4436731068e-08    6.1796888410e-09   -2.2522157423e-10   -2.7472327556e-10   -6.3067420203e-09
   6.1600000   -2.0231514995e-09    6.9858464723e-09   -1.7787057207e-09    1.4414616334e-08    6.1900652763e-09   -2.1404633444e-10   -2.7912909282e-10   -6.3074895757e-09
   6.1700000   -4.4367547744e-09    7.5737839601e-09   -1.3852892435e-09    1.4369510681e-08    6.2016703418e-09   -2.0278623637e-10   -2.8353781373e-10   -6.3082267094e-09
   6.1800000   -6.3889095805e-09    7.9850991236e-09   -9.8012910224e-10    1.4301764177e-08    6.2144599606e-09   -1.9152193686e-10   -2.8794685701e-10   -6.3089503524e-09
   6.1900000   -7.7944774142e-09    8.2026985918e-09   -5.6792467407e-10    1.4212037327e-08    6.2283950538e-09   -1.8032642600e-10   -2.9235328487e-10   -6.3096719848e-09
   6.2000000   -8.5997715215e-09    8.2195817794e-09   -1.5354166237e-10    1.4101309528e-08    6.2434118642e-09   -1.6926393565e-10   -2.9675074974e-10   -6.3103866415e-09
   6.2100000   -8.7843377587e-09    8.0390497595e-09    2.5805996649e-10    1.3970870467e-08    6.2594534638e-09   -1.5840280140e-10   -3.0113318409e-10   -6.3111004383e-09
   6.2200000   -8.3608613264e-09    7.6742468832e-09    6.6192829091e-10    1.3822377269e-08    6.2764377277e-09   -1.4777584463e-10   -3.0549668272e-10   -6.3118166271e-09
   6.2300000   -7.3733126750e-09    7.1472484639e-09    1.0531285852e-09    1.3657835547e-08    6.2943046055e-09   -1.3742292759e-10   -3.0983625078e-10   -6.3125341662e-09
   6.2400000   -5.8933746522e-09    6.4877028698e-09    1.4268409489e-09    1.3479646851e-08    6.3129594170e-09   -1.2738299798e-10   -3.1414859935e-10   -6.3132519030e-09
   6.2500000   -4.0155279872e-09    5.7311297199e-09    1.7784046685e-09    1.3290561772e-08    6.3323129696e-09   -1.1767835086e-10   -3.1843179526e-10   -6.3139836950e-09
   6.2600000   -1.8509921306e-09    4.9167191516e-09    2.1033927808e-09    1.3093688303e-08    6.3522558852e-09   -1.0832990082e-10   -3.2267428454e-10   -6.3147217752e-09
   6.2700000    4.7895449186e-10    4.0853282098e-09    2.3976439647e-09    1.2892508463e-08    6.3726946848e-09   -9.9352851549e-11   -3.2687693901e-10   -6.3154752131e-09
   6.2800000    2.8499713331e-09    3.2771917098e-09    2.6573247332e-09    1.2690783772e-08    6.3935023716e-09   -9.0771119286e-11   -3.3104252851e-10   -6.3162399949e-09
   6.2900000    5.1414762617e-09    2.5298078867e-09    2.8790018314e-09    1.2492595185e-08    6.4145635251e-09   -8.2588943024e-11   -3.3515851566e-10   -6.3170223764e-09
   6.3000000    7.2431555997e-09    1.8760888134e-09    3.0596664207e-09    1.2302176207e-08    6.4357416324e-09   -7.4824950397e-11   -3.3922602954e-10   -6.3178222646e-09
   6.3100000    9.0603281844e-09    1.3426650347e-09    3.1967439874e-09    1.2123937711e-08    6.4569161671e-09   -6.7494684859e-11   -3.4324554848e-10   -6.3186453174e-09
   6.3200000    1.0518523987e-08    9.4880570933e-10    3.2881767920e-09    1.1962319661e-08    6.4779473258e-09   -6.0611022539e-11   -3.4720634095e-10   -6.3194853864e-09
   6.3300000    1.1566504356e-08    7.0558355085e-10    3.3324346669e-09    1.1821730078e-08    6.4986939199e-09   -5.4190750611e-11   -3.5111084978e-10   -6.3203527933e-09
   6.3400000    1.2177930851e-08    6.1560425567e-10    3.3285120415e-09    1.1706404979e-08    6.5190228159e-09   -4.8244240377e-11   -3.5496080097e-10   -6.3212492384e-09
   6.3500000    1.2351541596e-08    6.7314848925e-10    3.2759722067e-09    1.1620339862e-08    6.5387925613e-09   -4.2794190275e-11   -3.5874874118e-10   -6.3221701961e-09
   6.3600000    1.2109911795e-08    8.6485274626e-10    3.1749380016e-09    1.1567146890e-08    6.5578628517e-09   -3.7869272746e-11   -3.6247557073e-10   -6.3231211432e-09
   6.3700000    1.1496909033e-08    1.1706751748e-09    3.0260847631e-09    1.1549946513e-08    6.5761133167e-09   -3.3478540031e-11   -3.6613885337e-10   -6.3241026342e-09
   6.3800000    1.0574108052e-08    1.5652742375e-09    2.8306302039e-09    1.1571247310e-08    6.5934162582e-09   -2.9638029529e-11   -3.6973393587e-10   -6.3251147407e-09
   6.3900000    9.4163170018e-09    2.0196470782e-09    2.5903735973e-09    1.1632885510e-08    6.6096677301e-09   -2.6363871203e-11   -3.7326902646e-10   -6.3261611990e-09
   6.4000000    8.1066287998e-09    2.5027732455e-09    2.3076161842e-09    1.1735917485e-08    6.6247611233e-09   -2.3668734224e-11   -3.7673383724e-10   -6.3272431704e-09
   6.4100000    6.7312354197e-09    2.9835148553e-09    1.9851483240e-09    1.1880544026e-08    6.6386248208e-09   -2.1560038215e-11   -3.8013423869e-10   -6.3283565318e-09
   6.4200000    5.3743323884e-09    3.4322277567e-09    1.6262573727e-09    1.2066079129e-08    6.6511715810e-09   -2.0040583402e-11   -3.8346506896e-10   -6.3295117972e-09
   6.4300000    4.1133534761e-09    3.8224837340e-09    1.2346189026e-09    1.2290942159e-08    6.6623757722e-09   -1.9095215569e-11   -3.8672979843e-10   -6.3306975598e-09
   6.4400000    3.0149527569e-09    4.1323115606e-09    8.1434700940e-10    1.2552603265e-08    6.6721954582e-09   -1.8720539729e-11   -3.8992755449e-10   -6.3319236903e-09
   6.4500000    2.1317989160e-09    4.3453115502e-09    3.6989853953e-10    1.2847680061e-08    6.6806390171e-09   -1.8881427337e-11   -3.9305713036e-10   -6.3331870856e-09
   6.4600000    1.5002829216e-09    4.4514057276e-09   -9.3979194805e-11    1.3171922887e-08    6.6877251042e-09   -1.9542729257e-11   -3.9612153485e-10   -6.3344875682e-09
   6.4700000    1.1394238095e-09    4.4471461561e-09   -5.7226854139e-10    1.3520323806e-08    6.6934920485e-09   -2.0660204382e-11   -3.9911804716e-10   -6.3358288827e-09
   6.4800000    1.0507284657e-09    4.3356771734e-09   -1.0597733446e-09    1.3887236757e-08    6.6980241665e-09   -2.2165710143e-11   -4.0204904146e-10   -6.3372077771e-09
   6.4900000    1.2192164236e-09    4.1264338952e-09   -1.5511312219e-09    1.4266441443e-08    6.7014055600e-09   -2.3990862651e-11   -4.0491128416e-10   -6.3386284048e-09
   6.5000000    1.6152213015e-09    3.8343906461e-09   -2.0409001907e-09    1.4651326045e-08    6.7037637842e-09   -2.6057065049e-11   -4.0770966849e-10   -6.3400869265e-09
   6.5100000    2.1971574417e-09    3.4790611444e-09   -2.5235961002e-09    1.5035022434e-08    6.7052359613e-09   -2.8266233891e-11   -4.1044671253e-10   -6.3415840096e-09
   6.5200000    2.9145866299e-09    3.0833747135e-09   -2.9937732270e-09    1.5410533732e-08    6.7059873949e-09   -3.0506018286e-11   -4.1311285720e-10   -6.3431221419e-09
   6.5300000    3.7118420999e-09    2.6723153745e-09   -3.4460480684e-09    1.5770955407e-08    6.7062053894e-09   -3.2672593446e-11   -4.1572092660e-10   -6.3446983567e-09
   6.5400000    4.5316071257e-09    2.2715781031e-09   -3.8752165243e-09    1.6109585888e-08    6.7060959122e-09   -3.4646761643e-11   -4.1826288622e-10   -6.3463130709e-09
   6.5500000    5.3185184457e-09    1.9061563111e-09   -4.2762096906e-09    1.6420111797e-08    6.7058725951e-09   -3.6301431988e-11   -4.2074576680e-10   -6.3479673735e-09
   6.5600000    6.0223050605e-09    1.5990550359e-09   -4.6442349227e-09    1.6696736832e-08    6.7057477451e-09   -3.7515527513e-11   -4.2316719006e-10   -6.3496573446e-09
   6.5700000    6.6005317913e-09    1.3702388381e-09   -4.9747812740e-09    1.6934340403e-08    6.7059653208e-09   -3.8165178992e-11   -4.2553168916e-10   -6.3513882929e-09
   6.5800000    7.0206796921e-09    1.2355693572e-09   -5.2636718917e-09    1.7128564851e-08    6.7067543358e-09   -3.8125181098e-11   -4.2783649226e-10   -6.3531516576e-09
   6.5900000    7.2614740272e-09    1.2062781633e-09   -5.5071186214e-09    1.7275962927e-08    6.7083408608e-09   -3.7292919206e-11   -4.3008053122e-10   -6.3549563810e-09
   6.6000000    7.3134838136e-09    1.2883363949e-09   -5.7017379331e-09    1.7374021627e-08    6.7109500479e-09   -3.5554545009e-11   -4.3226693781e-10   -6.3567987177e-09
   6.6100000    7.1790518378e-09    1.4824361008e-09   -5.8445952467e-09    1.7421250031e-08    6.7147914565e-09   -3.2830167306e-11   -4.3439806495e-10   -6.3586757010e-09
   6.6200000    6.8713492882e-09    1.7839961948e-09   -5.9332644445e-09    1.7417199141e-08    6.7200651988e-09   -2.9045359219e-11   -4.3647241495e-10   -6.3605922337e-09
   6.6300000    6.4130255393e-09    2.1835780923e-09   -5.9658024484e-09    1.7362435930e-08    6.7269424641e-09   -2.4138320212e-11   -4.3849081782e-10   -6.3625416672e-09
   6.6400000    5.8343038648e-09    2.6673971888e-09   -5.9407882689e-09    1.7258604091e-08    6.7355711691e-09   -1.8083767075e-11   -4.4045410835e-10   -6.3645257513e-09
   6.6500000    5.1708031927e-09    3.2180666899e-09   -5.8573747775e-09    1.7108283748e-08    6.7460776704e-09   -1.0864936995e-11   -4.4236128341e-10   -6.3665414782e-09
   6.6600000    4.4611098194e-09    3.8154229096e-09   -5.7152684116e-09    1.6915005308e-08    6.7585503308e-09   -2.5047850769e-12   -4.4421425513e-10   -6.3685960115e-09
   6.6700000    3.7444602850e-09    4.4374691944e-09   -5.5147741153e-09    1.6683105267e-08    6.7730472860e-09    6.9638946946e-12   -4.4601615188e-10   -6.3706813056e-09
   6.6800000    3.0585252777e-09    5.0613498760e-09   -5.2567532914e-09    1.6417684185e-08    6.7895784398e-09    1.7468475488e-11   -4.4776107016e-10   -6.3728002864e-09
   6.6900000    2.4374121932e-09    5.6643163655e-09   -4.9426907147e-09    1.6124459698e-08    6.8081287323e-09    2.8914220497e-11   -4.4945460861e-10   -6.3749539464e-09
   6.7000000    1.9101202673e-09    6.2245564663e-09   -4.5746643717e-09    1.5809666023e-08    6.8286405831e-09    4.1187734156e-11   -4.5109153148e-10   -6.3771370070e-09
   6.7100000    1.4994224818e-09    6.7220301318e-09   -4.1553514960e-09    1.5479921157e-08    6.8510064160e-09    5.4136641415e-11   -4.5267648121e-10   -6.3793544784e-09
   6.7200000    1.2211286364e-09    7.1391688179e-09   -3.6880245597e-09    1.5142074941e-08    6.8750992317e-09    6.7601845170e-11   -4.5420396209e-10   -6.3816011732e-09
   6.7300000    1.0839997968e-09    7.4613917343e-09   -3.1765552598e-09    1.4803136539e-08    6.9007366364e-09    8.1385661365e-11   -4.5567983837e-10   -6.3838828739e-09
   6.7400000    1.0898847201e-09    7.6774714507e-09   -2.6253954977e-09    1.4470081282e-08    6.9277170125e-09    9.5285532186e-11   -4.5710142602e-10   -6.3861962480e-09
   6.7500000    1.2343533090e-09    7.7798520878e-09   -2.0395494528e-09    1.4149771708e-08    6.9557865689e-09    1.0907886949e-10   -4.5846409183e-10   -6.3885386570e-09
   6.7600000    1.5076324524e-09    7.7647301757e-09   -1.4245601979e-09    1.3848826720e-08    6.9846791319e-09    1.2254315871e-10   -4.5976680438e-10   -6.3909123443e-09
   6.7700000    1.8957405234e-09    7.6319933347e-09   -7.8650888298e-10    1.3573526017e-08    7.0141035042e-09    1.3543364905e-10   -4.6102011098e-10   -6.3933185272e-09
   6.7800000    2.3816102683e-09    7.3851955658e-09   -1.3190946577e-10    1.3329681293e-08    7.0437509832e-09    1.4751556639e-10   -4.6221394872e-10   -6.3957563573e-09
   6.7900000    2.9463596680e-09    7.0311712412e-09    5.3227395279e-10    1.3122579096e-08    7.0732817494e-09    1.5855203579e-10   -4.6334483379e-10   -6.3982219246e-09
   6.8000000    3.5703274077e-09    6.5798891936e-09    1.1987009638e-09    1.2956898920e-08    7.1023642078e-09    1.6831433262e-10   -4.6441702843e-10   -6.4007177869e-09
   6.8100000    4.2340768725e-09    6.0439773521e-09    1.8597247122e-09    1.2836615516e-08    7.1306612923e-09    1.7658570570e-10   -4.6542976247e-10   -6.4032453410e-09
   6.8200000    4.9190702330e-09    5.4383412831e-09    2.5074818113e-09    1.2765006029e-08    7.1578436119e-09    1.8317329319e-10   -4.6637821648e-10   -6.4057977731e-09
   6.8300000    5.6081780100e-09    4.7797375139e-09    3.1339108361e-09    1.2744535137e-08    7.1835695444e-09    1.8789447105e-10   -4.6726669667e-10   -6.4083836032e-09
   6.8400000    6.2859076035e-09    4.0863208377e-09    3.7309363183e-09    1.2776867176e-08    7.2075393247e-09    1.9059983969e-10   -4.6808675578e-10   -6.4110021450e-09
   6.8500000    6.9382756286e-09    3.3771737063e-09    4.2904875699e-09    1.2862823069e-08    7.2294606892e-09    1.9116298960e-10   -4.6884176595e-10   -6.4136487708e-09
   6.8600000    7.5527493005e-09    2.6718063511e-09    4.8046521564e-09    1.3002354935e-08    7.2490670175e-09    1.8949956278e-10   -4.6952622202e-10   -6.4163233946e-09
   6.8700000    8.1178578017e-09    1.9897400565e-09    5.2657760304e-09    1.3194540468e-08    7.2661405701e-09    1.8555494831e-10   -4.7014369717e-10   -6.4190322837e-09
   6.8800000    8.6227426967e-09    1.3500098072e-09    5.6665851315e-09    1.3437575372e-08    7.2804835571e-09    1.7929527994e-10   -4.7069135446e-10   -6.4217689935e-09
   6.8900000    9.0567887026e-09    7.7071938155e-10    6.0002956778e-09    1.3728818654e-08    7.2919569585e-09    1.7076526517e-10   -4.7116595084e-10   -6.4245368333e-09
   6.9000000    9.4093286367e-09    2.6852733910e-10    6.2607652198e-09    1.4064774901e-08    7.3004483399e-09    1.6001057424e-10   -4.7157035507e-10   -6.4273335613e-09
   6.9100000    9.6694056430e-09   -1.4170277251e-10    6.4425865997e-09    1.4441132549e-08    7.3058953711e-09    1.4712844336e-10   -4.7189825241e-10   -6.4301641234e-09
   6.9200000    9.8258378934e-09   -4.4739145215e-10    6.5412002997e-09    1.4852791666e-08    7.3082973489e-09    1.3225904364e-10   -4.7214793565e-10   -6.4330208258e-09
   6.9300000    9.8674708535e-09   -6.3865483288e-10    6.5529948226e-09    1.5293957422e-08    7.3076847170e-09    1.1556990658e-10   -4.7232763745e-10   -6.4359138160e-09
   6.9400000    9.7834764518e-09   -7.0864040305e-10    6.4754764932e-09    1.5758150156e-08    7.3041517116e-09    9.7274166504e-11   -4.7242512476e-10   -6.4388335508e-09
   6.9500000    9.5642026062e-09   -6.5382510496e-10    6.3072430188e-09    1.6238331819e-08    7.2978414274e-09    7.7599049156e-11   -4.7244549578e-10   -6.4417845046e-09
   6.9600000    9.2019415319e-09   -4.7428900263e-10    6.0481363302e-09    1.6726970119e-08    7.2889283331e-09    5.6821194672e-11   -4.7238295181e-10   -6.4447649563e-09
   6.9700000    8.6918413126e-09   -1.7385994331e-10    5.6992599060e-09    1.7216129131e-08    7.2776452585e-09    3.5222912999e-11   -4.7224141159e-10   -6.4477771797e-09
   6.9800000    8.0329734834e-09    2.3982341453e-10    5.2630152914e-09    1.7697642295e-08    7.2642644809e-09    1.3114031706e-11   -4.7201564378e-10   -6.4508174785e-09
   6.9900000    7.2292330263e-09    7.5537356390e-10    4.7431214608e-09    1.8163189274e-08    7.2490850393e-09   -9.1891054952e-12   -4.7171404427e-10   -6.4538897905e-09
   7.0000000    6.2901855073e-09    1.3578583536e-09    4.1446043750e-09    1.8604474420e-08    7.2324508564e-09   -3.1356244283e-11   -4.7132387656e-10   -6.4569879137e-09
   7.0100000    5.2317030249e-09    2.0291265166e-09    3.4737644716e-09    1.9013365395e-08    7.2147190118e-09   -5.3052284432e-11   -4.7084920320e-10   -6.4601199616e-09
   7.0200000    4.0761822644e-09    2.7482717380e-09    2.7381095603e-09    1.9382046979e-08    7.1962723301e-09   -7.3951532391e-11   -4.7029317925e-10   -6.4632796858e-09
   7.0300000    2.8525714181e-09    3.4922455814e-09    1.9463023389e-09    1.9703195286e-08    7.1775079323e-09   -9.3727580538e-11   -4.6964992505e-10   -6.4664699827e-09
   7.0400000    1.5959272233e-09    4.2365300136e-09    1.1080137231e-09    1.9970141065e-08    7.1588185128e-09   -1.1207385977e-10   -4.6892144533e-10   -6.4696902068e-09
   7.0500000    3.4647003473e-10    4.9560518323e-09    2.3387797877e-10    2.0177018934e-08    7.1406207308e-09   -1.2869739985e-10   -4.6811352539e-10   -6.4729322103e-09
   7.0600000   -8.5164658662e-10    5.6259966973e-09   -6.6471400627e-10    2.0318938880e-08    7.1233106006e-09   -1.4332898720e-10   -4.6722030954e-10   -6.4762066014e-09
   7.0700000   -1.9519669622e-09    6.2228237637e-09   -1.5757764399e-09    2.0392096714e-08    7.1072678135e-09   -1.5572499736e-10   -4.6624364619e-10   -6.4795060543e-09
   7.0800000   -2.9076945119e-09    6.7251640961e-09   -2.4867988083e-09    2.0393911590e-08    7.0928637832e-09   -1.6568494119e-10   -4.6518471784e-10   -6.4828329629e-09
   7.0900000   -3.6738682125e-09    7.1147233785e-09   -3.3850107596e-09    2.0323133276e-08    7.0804277696e-09   -1.7303322094e-10   -4.6404449533e-10   -6.4861863673e-09
   7.1000000   -4.2095607511e-09    7.3771901381e-09   -4.2575896917e-09    2.0179890555e-08    7.0702708975e-09   -1.7762289760e-10   -4.6282101079e-10   -6.4895612304e-09
   7.1100000   -4.4801973490e-09    7.5027971556e-09   -5.0917666323e-09    1.9965739315e-08    7.0626641506e-09   -1.7936537022e-10   -4.6151650220e-10   -6.4929618023e-09
   7.1200000   -4.4595356704e-09    7.4870032781e-09   -5.8751053446e-09    1.9683727015e-08    7.0578480712e-09   -1.7819946364e-10   -4.6013351711e-10   -6.4963859197e-09
   7.1300000   -4.1315431653e-09    7.3307162976e-09   -6.5956177236e-09    1.9338276414e-08    7.0560043537e-09   -1.7411815871e-10   -4.5867491363e-10   -6.4998309239e-09
   7.1400000   -3.4917617102e-09    7.0404777049e-09   -7.2419867318e-09    1.8935224808e-08    7.0572751542e-09   -1.6713142082e-10   -4.5714081894e-10   -6.5032971197e-09
   7.1500000   -2.5482807226e-09    6.6283371373e-09   -7.8037606537e-09    1.8481662621e-08    7.0617706861e-09   -1.5731182375e-10   -4.5552855549e-10   -6.5067848490e-09
   7.1600000   -1.3220706550e-09    6.1114366507e-09   -8.2714907627e-09    1.7985855365e-08    7.0695218858e-09   -1.4475548688e-10   -4.5384895246e-10   -6.5102897396e-09
   7.1700000    1.5329014136e-10    5.5114906692e-09   -8.6369044715e-09    1.7457081896e-08    7.0805284905e-09   -1.2960900295e-10   -4.5209616808e-10   -6.5138128965e-09
   7.1800000    1.8324850925e-09    4.8538864017e-09   -8.8930040757e-09    1.6905417584e-08    7.0947264800e-09   -1.1203999328e-10   -4.5027460029e-10   -6.5173538924e-09
   7.1900000    3.6599589391e-09    4.1667266544e-09   -9.0342359618e-09    1.6341589929e-08    7.1120144685e-09   -9.2259194999e-11   -4.4838724696e-10   -6.5209091590e-09
   7.2000000    5.5719504943e-09    3.4796785822e-09   -9.0565930174e-09    1.5776674260e-08    7.1322523397e-09   -7.0500438900e-11   -4.4643852404e-10   -6.5244786900e-09
   7.2100000    7.4989994861e-09    2.8226545544e-09   -8.9576358674e-09    1.5221940275e-08    7.1552483705e-09   -4.7004996944e-11   -4.4442171722e-10   -6.5280612762e-09
   7.2200000    9.3687901952e-09    2.2246076176e-09   -8.7366012649e-09    1.4688532704e-08    7.1807699027e-09   -2.2054693220e-11   -4.4235400323e-10   -6.5316548214e-09
   7.2300000    1.1109276498e-08    1.7121954353e-09   -8.3944715224e-09    1.4187263860e-08    7.2085398799e-09    4.0714603997e-12   -4.4022734606e-10   -6.5352565541e-09
   7.2400000    1.2651779443e-08    1.3086273619e-09   -7.9339024863e-09    1.3728366966e-08    7.2382672034e-09    3.1071759346e-11   -4.3805131827e-10   -6.5388694341e-09
   7.2500000    1.3934021054e-08    1.0325988792e-09   -7.3592947471e-09    1.3321252533e-08    7.2696229781e-09    5.8651392006e-11   -4.3582274136e-10   -6.5424838577e-09
   7.2600000    1.4903030758e-08    8.9739878497e-10   -6.6767402369e-09    1.2974292168e-08    7.3022674146e-09    8.6518978646e-11   -4.3354671417e-10   -6.5461078805e-09
   7.2700000    1.5517529635e-08    9.1028286659e-10   -5.8939799496e-09    1.2694679511e-08    7.3358355055e-09    1.1437816025e-10   -4.3122845565e-10   -6.5497320387e-09
   7.2800000    1.5749846472e-08    1.0721429933e-09   -5.0203267371e-09    1.2488182847e-08    7.3699640872e-09    1.4194990472e-10   -4.2887111358e-10   -6.5533604309e-09
   7.2900000    1.5587300412e-08    1.3773668866e-09   -4.0665656220e-09    1.2359082301e-08    7.4042789247e-09    1.6896584265e-10   -4.2647288776e-10   -6.5569867920e-09
   7.3000000    1.5032841752e-08    1.8141325556e-09   -3.0448782510e-09    1.2310057035e-08    7.4384162264e-09    1.9517776728e-10   -4.2404251486e-10   -6.5606154793e-09
   7.3100000    1.4105014058e-08    2.3648052660e-09   -1.9686578061e-09    1.2342133220e-08    7.4720135787e-09    2.2035961560e-10   -4.2158329213e-10   -6.5642376420e-09
   7.3200000    1.2837213547e-08    3.0068210645e-09   -8.5242086891e-10    1.2454651810e-08    7.5047270490e-09    2.4431317701e-10   -4.1909650678e-10   -6.5678580876e-09
   7.3300000    1.1276302610e-08    3.7136246270e-09    2.8842278244e-10    1.2645321231e-08    7.5362371638e-09    2.6686028625e-10   -4.1658370830e-10   -6.5714703599e-09
   7.3400000    9.4805989800e-09    4.4558080424e-09    1.4376849482e-09    1.2910255274e-08    7.5662247708e-09    2.8785792505e-10   -4.1405120902e-10   -6.5750734975e-09
   7.3500000    7.5173829022e-09    5.2025529787e-09    2.5787037807e-09    1.3244063279e-08    7.5944279472e-09    3.0719521476e-10   -4.1150181896e-10   -6.5786677755e-09
   7.3600000    5.4600411591e-09    5.9229184046e-09    3.6944673048e-09    1.3640022859e-08    7.6206099263e-09    3.2478711290e-10   -4.0893974003e-10   -6.5822543321e-09
   7.3700000    3.3849652021e-09    6.5872355767e-09    4.7678876668e-09    1.4090182023e-08    7.6445466458e-09    3.4058850862e-10   -4.0636536209e-10   -6.5858271080e-09
   7.3800000    1.3683617940e-09    7.1684437446e-09    5.7820202982e-09    1.4585582104e-08    7.6660849417e-09    3.5457819970e-10   -4.0378500166e-10   -6.5893862894e-09
   7.3900000   -5.1685476990e-10    7.6432939631e-09    6.7203417711e-09    1.5116450222e-08    7.6850924202e-09    3.6676925255e-10   -4.0119507480e-10   -6.5929269756e-09
   7.4000000   -2.2039730667e-09    7.9933276363e-09    7.5669924227e-09    1.5672417274e-08    7.7014818902e-09    3.7720868586e-10   -3.9860824000e-10   -6.5964542131e-09
   7.4100000   -3.6350613501e-09    8.2057453090e-09    8.3070448254e-09    1.6242762277e-08    7.7152167323e-09    3.8596423790e-10   -3.9602237661e-10   -6.5999611934e-09
   7.4200000   -4.7630551968e-09    8.2738166847e-09    8.9266688629e-09    1.6816585269e-08    7.7262854477e-09    3.9313108662e-10   -3.9344293694e-10   -6.6034516704e-09
   7.4300000   -5.5534599170e-09    8.1971786471e-09    9.4135214344e-09    1.7383124429e-08    7.7347289093e-09    3.9882998258e-10   -3.9086678627e-10   -6.6069216003e-09
   7.4400000   -5.9852266989e-09    7.9817740087e-09    9.7568752825e-09    1.7931902695e-08    7.7406232854e-09    4.0318968343e-10   -3.8830035654e-10   -6.6103679957e-09
   7.4500000   -6.0512436672e-09    7.6394934484e-09    9.9478753645e-09    1.8452975298e-08    7.7440916015e-09    4.0637203509e-10   -3.8575069283e-10   -6.6137903376e-09
   7.4600000   -5.7580211875e-09    7.1875479458e-09    9.9797428098e-09    1.8937114716e-08    7.7452754966e-09    4.0854902815e-10   -3.8321465449e-10   -6.6171896082e-09
   7.4700000   -5.1249889635e-09    6.6476468900e-09    9.8479131684e-09    1.9375979423e-08    7.7443677183e-09    4.0989588729e-10   -3.8069778032e-10   -6.6205668436e-09
   7.4800000   -4.1832053773e-09    6.0449214050e-09    9.5502448837e-09    1.9762271211e-08    7.7415765751e-09    4.1058388592e-10   -3.7819853683e-10   -6.6239133652e-09
   7.4900000   -2.9735336012e-09    5.4067868680e-09    9.0870211714e-09    2.0089868701e-08    7.7371397143e-09    4.1080011648e-10   -3.7572615687e-10   -6.6272355873e-09
   7.5000000   -1.5446787347e-09    4.7616527161e-09    8.4611405910e-09    2.0353898575e-08    7.7313314376e-09    4.1072543461e-10   -3.7327589524e-10   -6.6305272879e-09
   7.5100000    4.9133418958e-11    4.1376149176e-09    7.6780648318e-09    2.0550866639e-08    7.7244085657e-09    4.1053453717e-10   -3.7085497729e-10   -6.6337889781e-09
   7.5200000    1.7505138792e-09    3.5612728762e-09    6.7458692338e-09    2.0678645662e-08    7.7166865568e-09    4.1039619078e-10   -3.6846252604e-10   -6.6370206946e-09
   7.5300000    3.5012362921e-09    3.0565408936e-09    5.6751142273e-09    2.0736510855e-08    7.7084586232e-09    4.1045935666e-10   -3.6609969312e-10   -6.6402238338e-09
   7.5400000    5.2445662991e-09    2.6436841352e-09    4.4787945801e-09    2.0725147181e-08    7.7000264451e-09    4.1085705578e-10   -3.6376844094e-10   -6.6433933690e-09
   7.5500000    6.9271849808e-09    2.3384564990e-09    3.1721879597e-09    2.0646592115e-08    7.6917020576e-09    4.1171027441e-10   -3.6147358190e-10   -6.6465320865e-09
   7.5600000    8.5010718939e-09    2.1516211382e-09    1.7726381704e-09    2.0504225732e-08    7.6837703041e-09    4.1311636199e-10   -3.5921677705e-10   -6.6496357377e-09
   7.5700000    9.9247066944e-09    2.0885077362e-09    2.9936287521e-10    2.0302618175e-08    7.6765313746e-09    4.1515526317e-10   -3.5699681718e-10   -6.6527056640e-09
   7.5800000    1.1164267998e-08    2.1489903696e-09   -1.2268663693e-09    2.0047485081e-08    7.6702521055e-09    4.1786930689e-10   -3.5481486007e-10   -6.6557428654e-09
   7.5900000    1.2194060855e-08    2.3276505499e-09   -2.7839668220e-09    1.9745543018e-08    7.6651909992e-09    4.2129139344e-10   -3.5267539020e-10   -6.6587441107e-09
   7.6000000    1.2996900178e-08    2.6141408171e-09   -4.3489329989e-09    1.9404402034e-08    7.6615816500e-09    4.2542082740e-10   -3.5057589876e-10   -6.6617073648e-09
   7.6100000    1.3563825492e-08    2.9938126212e-09   -5.8981279265e-09    1.9032393120e-08    7.6596307643e-09    4.3023386547e-10   -3.4852184531e-10   -6.6646371015e-09
   7.6200000    1.3893668641e-08    3.4485051882e-09   -7.4077182510e-09    1.8638418291e-08    7.6595226297e-09    4.3567674482e-10   -3.4650911926e-10   -6.6675277213e-09
   7.6300000    1.3992355302e-08    3.9574286923e-09   -8.8540072987e-09    1.8231783944e-08    7.6614099833e-09    4.4169534026e-10   -3.4454451806e-10   -6.6703872416e-09
   7.6400000    1.3871903153e-08    4.4981503752e-09   -1.0213846806e-08    1.7822005856e-08    7.6654013653e-09    4.4818531162e-10   -3.4262357211e-10   -6.6732059181e-09
   7.6500000    1.3549390281e-08    5.0476397880e-09   -1.1465014103e-08    1.7418653192e-08    7.6715800892e-09    4.5503528090e-10   -3.4075248464e-10   -6.6759865258e-09
   7.6600000    1.3045707305e-08    5.5832195458e-09   -1.2586535322e-08    1.7031175150e-08    7.6800045280e-09    4.6211909254e-10   -3.3892831207e-10   -6.6787292204e-09
   7.6700000    1.2384550751e-08    6.0836133104e-09   -1.3559112964e-08    1.6668696859e-08    7.6906694566e-09    4.6928881645e-10   -3.3715491903e-10   -6.6814337777e-09
   7.6800000    1.1591248433e-08    6.5296554521e-09   -1.4365412488e-08    1.6339852349e-08    7.7035659121e-09    4.7638965799e-10   -3.3543467366e-10   -6.6840994361e-09
   7.6900000    1.0691728018e-08    6.9050753480e-09   -1.4990351032e-08    1.6052613169e-08    7.7186251479e-09    4.8325986109e-10   -3.3376256016e-10   -6.6867250119e-09
   7.7000000    9.7118694633e-09    7.1970706482e-09   -1.5421391137e-08    1.5814137820e-08    7.7357555496e-09    4.8972483159e-10   -3.3214165183e-10   -6.6893159074e-09
   7.7100000    8.6765804644e-09    7.3965745164e-09   -1.5648765360e-08    1.5630607316e-08    7.7548286270e-09    4.9560906852e-10   -3.3057659549e-10   -6.6918613589e-09
   7.7200000    7.6094964688e-09    7.4985363253e-09   -1.5665662310e-08    1.5507125670e-08    7.7756899331e-09    5.0074147917e-10   -3.2906696439e-10   -6.6943638974e-09
   7.7300000    6.5325465380e-09    7.5018629790e-09   -1.5468331725e-08    1.5447560458e-08    7.7981489678e-09    5.0495308590e-10   -3.2760989179e-10   -6.6968297299e-09
   7.7400000    5.4658123818e-09    7.4092415707e-09   -1.5056261166e-08    1.5454497630e-08    7.8220013535e-09    5.0808610048e-10   -3.2621202070e-10   -6.6992533997e-09
   7.7500000    4.4275130208e-09    7.2268028322e-09   -1.4432138868e-08    1.5529138851e-08    7.8470096169e-09    5.0999048113e-10   -3.2486556693e-10   -6.7016388084e-09
   7.7600000    3.4341297747e-09    6.9636845858e-09   -1.3601900768e-08    1.5671291026e-08    7.8729190729e-09    5.1053178150e-10   -3.2357909277e-10   -6.7039794743e-09
   7.7700000    2.5004404621e-09    6.6314405950e-09   -1.2574669816e-08    1.5879314953e-08    7.8994668604e-09    5.0958996983e-10   -3.2234631572e-10   -6.7062799034e-09
   7.7800000    1.6397938744e-09    6.2433732089e-09   -1.1362626624e-08    1.6150201915e-08    7.9263763197e-09    5.0707297677e-10   -3.2117475386e-10   -6.7085413773e-09
   7.7900000    8.6426999799e-10    5.8138903401e-09   -9.9809113974e-09    1.6479572632e-08    7.9533734017e-09    5.0289318887e-10   -3.2006664774e-10   -6.7107571770e-09
   7.8000000    1.8485727576e-10    5.3578315544e-09   -8.4474000239e-09    1.6861752621e-08    7.9801620792e-09    4.9700165845e-10   -3.1901548027e-10   -6.7129313792e-09
   7.8100000   -3.8848747354e-10    4.8897856801e-09   -6.7824854168e-09    1.7289907417e-08    8.0064572663e-09    4.8936433424e-10   -3.1802513924e-10   -6.7150640529e-09
   7.8200000   -8.4677491644e-10    4.4235391744e-09   -5.0087890366e-09    1.7756174243e-08    8.0319943991e-09    4.7997926266e-10   -3.1710168061e-10   -6.7171529194e-09
   7.8300000   -1.1820347443e-09    3.9715509248e-09   -3.1508623317e-09    1.8251781753e-08    8.0565117198e-09    4.6886793083e-10   -3.1623794318e-10   -6.7192014225e-09
   7.8400000   -1.3874967474e-09    3.5445486430e-09   -1.2348338876e-09    1.8767305280e-08    8.0797542450e-09    4.5607410357e-10   -3.1543805873e-10   -6.7212039794e-09
   7.8500000   -1.4577573673e-09    3.1512116167e-09    7.1193790459e-10    1.9292794723e-08    8.1015038874e-09    4.4167084240e-10   -3.1470361704e-10   -6.7231624879e-09
   7.8600000   -1.3890592191e-09    2.7980387049e-09    2.6612778441e-09    1.9818050149e-08    8.1215637805e-09    4.2575406440e-10   -3.1403411126e-10   -6.7250764102e-09
   7.8700000   -1.1797120222e-09    2.4892690724e-09    4.5845829648e-09    2.0332791432e-08    8.1397434947e-09    4.0843914722e-10   -3.1343364566e-10   -6.7269489829e-09
   7.8800000   -8.3032402975e-10    2.2269667031e-09    6.4532717212e-09    2.0826927854e-08    8.1559070934e-09    3.8987198072e-10   -3.1289853460e-10   -6.7287793815e-09
   7.8900000   -3.4418235946e-10    2.0111216942e-09    8.2392009088e-09    2.1290760142e-08    8.1699381169e-09    3.7020520310e-10   -3.1243345472e-10   -6.7305623141e-09
   7.9000000    2.7248188392e-10    1.8399976649e-09    9.9150650889e-09    2.1715224527e-08    8.1817565800e-09    3.4961506576e-10   -3.1203901978e-10   -6.7323015155e-09
   7.9100000    1.0102191762e-09    1.7103643412e-09    1.1454869574e-08    2.2092085384e-08    8.1913158617e-09    3.2830360582e-10   -3.1171556126e-10   -6.7339990402e-09
   7.9200000    1.8562409590e-09    1.6179215929e-09    1.2834313834e-08    2.2414094234e-08    8.1986121229e-09    3.0646611106e-10   -3.1146230350e-10   -6.7356509268e-09
   7.9300000    2.7944235011e-09    1.5576862461e-09    1.4031181059e-08    2.2675200656e-08    8.2036772241e-09    2.8431849200e-10   -3.1127940674e-10   -6.7372625232e-09
   7.9400000    3.8054202377e-09    1.5243974488e-09    1.5025738906e-08    2.2870656490e-08    8.2065662076e-09    2.6208734087e-10   -3.1117063213e-10   -6.7388278384e-09
   7.9500000    4.8669507786e-09    1.5128852474e-09    1.5801030451e-08    2.2997148956e-08    8.2073842246e-09    2.3999096484e-10   -3.1113782715e-10   -6.7403502442e-09
   7.9600000    5.9540890548e-09    1.5184758795e-09    1.6343240919e-08    2.3052838539e-08    8.2062666068e-09    2.1825682503e-10   -3.1117839470e-10   -6.7418300191e-09
   7.9700000    7.0399364125e-09    1.5372363032e-09    1.6641888302e-08    2.3037447087e-08    8.2033705961e-09    1.9710882016e-10   -3.1129735923e-10   -6.7432696028e-09
   7.9800000    8.0962156201e-09    1.5662695472e-09    1.6690114702e-08    2.2952187732e-08    8.1988865408e-09    1.7677007892e-10   -3.1149130585e-10   -6.7446638971e-09
   7.9900000    9.0940165653e-09    1.6038817153e-09    1.6484753519e-08    2.2799802110e-08    8.1930569033e-09    1.5746069395e-10   -3.1176230301e-10   -6.7460197418e-09
   8.0000000    1.0004678921e-08    1.6496293768e-09    1.6026534338e-08    2.2584468789e-08    8.1860868312e-09    1.3938093321e-10   -3.1210893731e-10   -6.7473326979e-09
   8.0100000    1.0800702567e-08    1.7044029839e-09    1.5320052034e-08    2.2311684175e-08    8.1782505365e-09    1.2272580142e-10   -3.1253480158e-10   -6.7486048594e-09
   8.0200000    1.1456592414e-08    1.7703293125e-09    1.4373804808e-08    2.1988185539e-08    8.1698125718e-09    1.0768559925e-10   -3.1304030644e-10   -6.7498365657e-09
   8.0300000    1.1949877490e-08    1.8506224468e-09    1.3200046389e-08    2.1621716877e-08    8.1610490400e-09    9.4424629156e-11   -3.1361981657e-10   -6.7510304426e-09
   8.0400000    1.2261802829e-08    1.9494093630e-09    1.1814781287e-08    2.1220935920e-08    8.1522414379e-09    8.3104800246e-11   -3.1428414800e-10   -6.7521863275e-09
   8.0500000    1.2378254922e-08    2.0714552514e-09    1.0237404908e-08    2.0795197757e-08    8.1436672185e-09    7.3867638655e-11   -3.1502399857e-10   -6.7533034053e-09
   8.0600000    1.2290279292e-08    2.2218587378e-09    8.4905571545e-09    2.0354335162e-08    8.1355922461e-09    6.6838808640e-11   -3.1584313942e-10   -6.7543851493e-09
   8.0700000    1.1994707964e-08    2.4057740228e-09    6.5997367357e-09    1.9908473860e-08    8.1282845438e-09    6.2129458153e-11   -3.1674086434e-10   -6.7554303907e-09
   8.0800000    1.1494363876e-08    2.6279854074e-09    4.5929677996e-09    1.9467798957e-08    8.1219745448e-09    5.9837646445e-11   -3.1771966321e-10   -6.7564437931e-09
   8.0900000    1.0798295619e-08    2.8926597124e-09    2.5003631183e-09    1.9042358127e-08    8.1169030864e-09    6.0045937582e-11   -3.1877140196e-10   -6.7574243869e-09
   8.1000000    9.9217505672e-09    3.2029874098e-09    3.5369180518e-10    1.8641845753e-08    8.1132501341e-09    6.2807683580e-11   -3.1990284430e-10   -6.7583740792e-09
   8.1100000    8.8858922880e-09    3.5608854992e-09   -1.8141463590e-09    1.8275444168e-08    8.1111832426e-09    6.8180138803e-11   -3.2111569517e-10   -6.7592929782e-09
   8.1200000    7.7173411163e-09    3.9667706093e-09   -3.9696027931e-09    1.7951603362e-08    8.1108510202e-09    7.6194886280e-11   -3.2240227016e-10   -6.7601830108e-09
   8.1300000    6.4476151847e-09    4.4193455206e-09   -6.0790354384e-09    1.7677892613e-08    8.1123583685e-09    8.6880985293e-11   -3.2376462553e-10   -6.7610457373e-09
   8.1400000    5.1122292138e-09    4.9154979376e-09   -8.1092590780e-09    1.7460843398e-08    8.1157708155e-09    1.0023586375e-10   -3.2520384737e-10   -6.7618878185e-09
   8.1500000    3.7498411045e-09    5.4502296585e-09   -1.0028049148e-08    1.7305829832e-08    8.1211151376e-09    1.1626466302e-10   -3.2671452271e-10   -6.7626999173e-09
   8.1600000    2.4010356860e-09    6.0166085803e-09   -1.1804735170e-08    1.7217002488e-08    8.1283986165e-09    1.3494443804e-10   -3.2829978220e-10   -6.7634935635e-09
   8.1700000    1.1072370018e-09    6.6059935583e-09   -1.3410606818e-08    1.7197131390e-08    8.1375642199e-09    1.5624651824e-10   -3.2995395657e-10   -6.7642658027e-09
   8.1800000   -9.0596660617e-11    7.2080770889e-09   -1.4819509805e-08    1.7247621379e-08    8.1485516810e-09    1.8014067071e-10   -3.3167716719e-10   -6.7650210117e-09
   8.1900000   -1.1532681005e-09    7.8111875991e-09   -1.6008228107e-08    1.7368421062e-08    8.1612466760e-09    2.0656715451e-10   -3.3346990312e-10   -6.7657594242e-09
   8.2000000   -2.0445603202e-09    8.4025487320e-09   -1.6956893078e-08    1.7558056966e-08    8.1755027413e-09    2.3546481967e-10   -3.3532857121e-10   -6.7664813579e-09
   8.2100000   -2.7325316958e-09    8.9687030985e-09   -1.7649338010e-08    1.7813626122e-08    8.1911594555e-09    2.6675809326e-10   -3.3725014694e-10   -6.7671931360e-09
   8.2200000   -3.1906009763e-09    9.4957821493e-09   -1.8073378221e-08    1.8130868184e-08    8.2080180471e-09    3.0036618215e-10   -3.3923161460e-10   -6.7678934190e-09
   8.2300000   -3.3985500981e-09    9.9701453267e-09   -1.8221073489e-08    1.8504184458e-08    8.2258786604e-09    3.3618738881e-10   -3.4127427674e-10   -6.7685836450e-09
   8.2400000   -3.3434146295e-09    1.0378642893e-08   -1.8088815405e-08    1.8926781488e-08    8.2445073697e-09    3.7410803627e-10   -3.4337914017e-10   -6.7692652033e-09
   8.2500000   -3.0199496073e-09    1.0709193544e-08   -1.7677501807e-08    1.9390738581e-08    8.2636636064e-09    4.1400517365e-10   -3.4553342312e-10   -6.7699443770e-09
   8.2600000   -2.4312783457e-09    1.0951182055e-08   -1.6992462396e-08    1.9887190414e-08    8.2831194868e-09    4.5574226088e-10   -3.4774157123e-10   -6.7706197349e-09
   8.2700000   -1.5889555108e-09    1.1095892049e-08   -1.6043500918e-08    2.0406461759e-08    8.3026218621e-09    4.9916423013e-10   -3.5000202032e-10   -6.7712950050e-09
   8.2800000   -5.1279362216e-10    1.1136859843e-08   -1.4844669271e-08    2.0938238404e-08    8.3219367284e-09    5.4410392158e-10   -3.5230710475e-10   -6.7719696127e-09
   8.2900000    7.6936029982e-10    1.1070285621e-08   -1.3414138303e-08    2.1471794323e-08    8.3408362767e-09    5.9037490330e-10   -3.5465861763e-10   -6.7726460234e-09
   8.3000000    2.2223456088e-09    1.0895124528e-08   -1.1773903718e-08    2.1996194440e-08    8.3591122039e-09    6.3777544181e-10   -3.5704945090e-10   -6.7733295030e-09
   8.3100000    3.8045212268e-09    1.0613412763e-08   -9.9494304752e-09    2.2500511366e-08    8.3765693972e-09    6.8609356206e-10   -3.5948215060e-10   -6.7740173803e-09
   8.3200000    5.4689228924e-09    1.0230163113e-08   -7.9693232487e-09    2.2974052844e-08    8.3930530745e-09    7.3508302924e-10   -3.6194809917e-10   -6.7747153515e-09
   8.3300000    7.1645607515e-09    9.7534969415e-09   -5.8648114794e-09    2.3406639955e-08    8.4084216945e-09    7.8450331143e-10   -3.6444772060e-10   -6.7754212140e-09
   8.3400000    8.8379537543e-09    9.1943683304e-09   -3.6693168405e-09    2.3788792147e-08    8.4225708028e-09    8.3409727886e-10   -3.6698002903e-10   -6.7761374449e-09
   8.3500000    1.0434798692e-08    8.5664068543e-09   -1.4179191465e-09    2.4111981460e-08    8.4354230032e-09    8.8357641567e-10   -3.6953802387e-10   -6.7768637494e-09
   8.3600000    1.1901679159e-08    7.8855950876e-09    8.5323545220e-10    2.4368841342e-08    8.4469424568e-09    9.3266530255e-10   -3.7212268498e-10   -6.7776078963e-09
   8.3700000    1.3187853003e-08    7.1696954540e-09    3.1074542681e-09    2.4553367923e-08    8.4571302667e-09    9.8104857364e-10   -3.7472855236e-10   -6.7783637270e-09
   8.3800000    1.4247013866e-08    6.4379463839e-09    5.3081449484e-09    2.4661087027e-08    8.4660202916e-09    1.0284325479e-09   -3.7735833321e-10   -6.7791365907e-09
   8.3900000    1.5038864623e-08    5.7102752936e-09    7.4193718900e-09    2.4689200091e-08    8.4736869297e-09    1.0744922748e-09   -3.7999764084e-10   -6.7799265555e-09
   8.4000000    1.5530750346e-08    5.0068146138e-09    9.4064301369e-09    2.4636671971e-08    8.4802145204e-09    1.1189249274e-09   -3.8265368885e-10   -6.7807329866e-09
   8.4100000    1.5698916163e-08    4.3471478537e-09    1.1236443081e-08    2.4504311421e-08    8.4857517021e-09    1.1614041805e-09   -3.8532251053e-10   -6.7815561211e-09
   8.4200000    1.5529587021e-08    3.7497248560e-09    1.2878871989e-08    2.4294794919e-08    8.4904485511e-09    1.2016349477e-09   -3.8799746470e-10   -6.7823963991e-09
   8.4300000    1.5019730527e-08    3.2311192787e-09    1.4306074222e-08    2.4012635663e-08    8.4944918490e-09    1.2393162765e-09   -3.9067656425e-10   -6.7832605321e-09
   8.4400000    1.4177489412e-08    2.8054807135e-09    1.5493719329e-08    2.3664097058e-08    8.4980901326e-09    1.2741636096e-09   -3.9336302496e-10   -6.7841431033e-09
   8.4500000    1.3022220584e-08    2.4840370394e-09    1.6421211886e-08    2.3257119360e-08    8.5014516257e-09    1.3059153210e-09   -3.9604906633e-10   -6.7850444206e-09
   8.4600000    1.1584274988e-08    2.2745505006e-09    1.7072077045e-08    2.2801124086e-08    8.5047890970e-09    1.3343291077e-09   -3.9873268083e-10   -6.7859674070e-09
   8.4700000    9.9042059517e-09    2.1809937896e-09    1.7434221825e-08    2.2306829978e-08    8.5083503915e-09    1.3591856923e-09   -4.0141306052e-10   -6.7869093878e-09
   8.4800000    8.0318072276e-09    2.2033837322e-09    1.7500196956e-08    2.1786009331e-08    8.5123334289e-09    1.3803115551e-09   -4.0408778700e-10   -6.7878672504e-09
   8.4900000    6.0245726959e-09    2.3376558217e-09    1.7267330916e-08    2.1251213656e-08    8.5169716212e-09    1.3975447747e-09   -4.0675343667e-10   -6.7888495263e-09
   8.5000000    3.9461001998e-09    2.5757664246e-09    1.6737789998e-08    2.0715512973e-08    8.5224492355e-09    1.4107877692e-09   -4.0941532780e-10   -6.7898501035e-09
   8.5100000    1.8640339943e-09    2.9058785619e-09    1.5918597077e-08    2.0192179198e-08    8.5289388768e-09    1.4199673928e-09   -4.1206157631e-10   -6.7908682822e-09
   8.5200000   -1.5210377017e-10    3.3127896223e-09    1.4821538944e-08    1.9694367966e-08    8.5366014280e-09    1.4250580774e-09   -4.1469754278e-10   -6.7919044794e-09
   8.5300000   -2.0331963762e-09    3.7783556513e-09    1.3463023690e-08    1.9234809759e-08    8.5455446614e-09    1.4260880540e-09   -4.1732093791e-10   -6.7929604163e-09
   8.5400000   -3.7128986772e-09    4.2822318399e-09    1.1863788766e-08    1.8825521255e-08    8.5558501501e-09    1.4231277618e-09   -4.1992829707e-10   -6.7940301309e-09
   8.5500000   -5.1300855108e-09    4.8025958804e-09    1.0048652244e-08    1.8477514555e-08    8.5675654988e-09    1.4162964455e-09   -4.2252233661e-10   -6.7951174219e-09
   8.5600000   -6.2309298491e-09    5.3169181612e-09    8.0460945597e-09    1.8200551751e-08    8.5807027977e-09    1.4057470121e-09   -4.2509636990e-10   -6.7962231416e-09
   8.5700000   -6.9709890978e-09    5.8028957130e-09    5.8877655570e-09    1.8002902388e-08    8.5952061765e-09    1.3917115875e-09   -4.2765488871e-10   -6.7973396077e-09
   8.5800000   -7.3170239999e-09    6.2394148156e-09    3.6080581607e-09    1.7891143636e-08    8.6110052433e-09    1.3744406440e-09   -4.3019217055e-10   -6.7984682172e-09
   8.5900000   -7.2483517099e-09    6.6073286531e-09    1.2434800933e-09    1.7870048572e-08    8.6279708353e-09    1.3542308823e-09   -4.3271127746e-10   -6.7996100691e-09
   8.6000000   -6.7578105765e-09    6.8903709562e-09   -1.1679175618e-09    1.7942443857e-08    8.6459360634e-09    1.3314181845e-09   -4.3521094411e-10   -6.8007620928e-09
   8.6100000   -5.8524825127e-09    7.0759118846e-09   -3.5871554737e-09    1.8109167152e-08    8.6647017255e-09    1.3063743595e-09   -4.3768693507e-10   -6.8019247147e-09
   8.6200000   -4.5536098778e-09    7.1555348608e-09   -5.9750496126e-09    1.8369025913e-08    8.6840361266e-09    1.2795046832e-09   -4.4014181634e-10   -6.8030988360e-09
   8.6300000   -2.8962755063e-09    7.1255320125e-09   -8.2927735700e-09    1.8718846130e-08    8.7036544070e-09    1.2512174657e-09   -4.4257880254e-10   -6.8042804335e-09
   8.6400000   -9.2850882455e-10    6.9872350288e-09   -1.0502598852e-08    1.9153507612e-08    8.7232790288e-09    1.2219489271e-09   -4.4499304141e-10   -6.8054741656e-09
   8.6500000    1.2901836310e-09    6.7470189340e-09   -1.2568499900e-08    1.9666098612e-08    8.7425914523e-09    1.1921436984e-09   -4.4738479608e-10   -6.8066714405e-09
   8.6600000    3.6905805232e-09    6.4162603179e-09   -1.4456776678e-08    2.0247991685e-08    8.7612689158e-09    1.1622499651e-09   -4.4975164328e-10   -6.8078765961e-09
   8.6700000    6.1960012169e-09    6.0109698896e-09   -1.6136632105e-08    2.0889082111e-08    8.7789825547e-09    1.1326873389e-09   -4.5209566796e-10   -6.8090890700e-09
   8.6800000    8.7247720275e-09    5.5512490312e-09   -1.7580705552e-08    2.1577941535e-08    8.7954200893e-09    1.1038944516e-09   -4.5441576325e-10   -6.8103087412e-09
   8.6900000    1.1192941619e-08    5.0605109942e-09   -1.8765549218e-08    2.2302062808e-08    8.8102693551e-09    1.0762725550e-09   -4.5671486346e-10   -6.8115317751e-09
   8.7000000    1.3517239251e-08    4.5646047627e-09   -1.9671970046e-08    2.3048109224e-08    8.8232298695e-09    1.0501866495e-09   -4.5898876660e-10   -6.8127602516e-09
   8.7100000    1.5617916030e-08    4.0907555981e-09   -2.0285436107e-08    2.3802141800e-08    8.8340360107e-09    1.0259735156e-09   -4.6124417090e-10   -6.8139924641e-09
   8.7200000    1.7421630433e-08    3.6663778258e-09   -2.0596265847e-08    2.4549900031e-08    8.8424748405e-09    1.0039256542e-09   -4.6347103106e-10   -6.8152330380e-09
   8.7300000    1.8863981813e-08    3.3178990909e-09   -2.0599770586e-08    2.5277080988e-08    8.8483433938e-09    9.8430172259e-10   -4.6567187106e-10   -6.8164748488e-09
   8.7400000    1.9892064008e-08    3.0694650428e-09   -2.0296362657e-08    2.5969609987e-08    8.8514998845e-09    9.6728539501e-10   -4.6785405294e-10   -6.8177251719e-09
   8.7500000    2.0466262760e-08    2.9418734539e-09   -1.9691511216e-08    2.6613897239e-08    8.8518831232e-09    9.5301839982e-10   -4.7000787591e-10   -6.8189806726e-09
   8.7600000    2.0561990958e-08    2.9514487074e-09   -1.8795608136e-08    2.7197102295e-08    8.8494428009e-09    9.4157966645e-10   -4.7213818163e-10   -6.8202451971e-09
   8.7700000    2.0170630858e-08    3.1091400784e-09   -1.7623767029e-08    2.7707427018e-08    8.8442200590e-09    9.3299285543e-10   -4.7424493445e-10   -6.8215161498e-09
   8.7800000    1.9299988570e-08    3.4197798002e-09   -1.6195573731e-08    2.8134280306e-08    8.8363055659e-09    9.2721862074e-10   -4.7632538988e-10   -6.8227975623e-09
   8.7900000    1.7974285799e-08    3.8817030583e-09   -1.4534702958e-08    2.8468533987e-08    8.8258599009e-09    9.2415633347e-10   -4.7837749034e-10   -6.8240876580e-09
   8.8000000    1.6233367754e-08    4.4864389464e-09   -1.2668472814e-08    2.8702729062e-08    8.8131170790e-09    9.2364246687e-10   -4.8040308960e-10   -6.8253918015e-09
   8.8100000    1.4131462966e-08    5.2188531938e-09   -1.0627415319e-08    2.8831249446e-08    8.7983524812e-09    9.2547572641e-10   -4.8240119648e-10   -6.8267045703e-09
   8.8200000    1.1735433769e-08    6.0575156943e-09   -8.4446969834e-09    2.8850404171e-08    8.7819132098e-09    9.2939119612e-10   -4.8437089554e-10   -6.8280364457e-09
   8.8300000    9.1224197648e-09    6.9753772102e-09   -6.1555699029e-09    2.8758581023e-08    8.7642006438e-09    9.3507632153e-10   -4.8630934611e-10   -6.8293844043e-09
   8.8400000    6.3772447783e-09    7.9407263347e-09   -3.7967407664e-09    2.8556307351e-08    8.7456468530e-09    9.4219364832e-10   -4.8821884875e-10   -6.8307513716e-09
   8.8500000    3.5894406359e-09    8.9183314618e-09   -1.4058017471e-09    2.8246238468e-08    8.7267296370e-09    9.5037956151e-10   -4.9010052831e-10   -6.8321406790e-09
   8.8600000    8.5003289790e-10    9.8708787910e-09    9.7940736377e-10    2.7833183864e-08    8.7079630328e-09    9.5923746645e-10   -4.9194595681e-10   -6.8335508723e-09
   8.8700000   -1.7515672392e-09    1.0760374669e-08    3.3214421107e-09    2.7324008790e-08    8.6898708127e-09    9.6837183541e-10   -4.9375891456e-10   -6.8349840373e-09
   8.8800000   -4.1308394571e-09    1.1549868832e-08    5.5838249695e-09    2.6727557845e-08    8.6729894068e-09    9.7736749098e-10   -4.9554044226e-10   -6.8364484761e-09
   8.8900000   -6.2111243297e-09    1.2204979102e-08    7.7316286170e-09    2.6054486579e-08    8.6578559099e-09    9.8583821190e-10   -4.9728204037e-10   -6.8379408138e-09
   8.9000000   -7.9263503179e-09    1.2695393949e-08    9.7320198888e-09    2.5317069155e-08    8.6449983075e-09    9.9340471767e-10   -4.9898922255e-10   -6.8394650585e-09
   8.9100000   -9.2234451509e-09    1.2996281130e-08    1.1554783258e-08    2.4529005877e-08    8.6349029376e-09    9.9970341193e-10   -5.0065930855e-10   -6.8410258391e-09
   8.9200000   -1.0064116452e-08    1.3089542779e-08    1.3172744321e-08    2.3705123141e-08    8.6280443644e-09    1.0044510012e-09   -5.0228701203e-10   -6.8426252248e-09
   8.9300000   -1.0426225919e-08    1.2964616625e-08    1.4562201806e-08    2.2861108350e-08    8.6248107460e-09    1.0073594721e-09   -5.0387667590e-10   -6.8442650831e-09
   8.9400000   -1.0304600452e-08    1.2619235140e-08    1.5703281348e-08    2.2013170127e-08    8.6255803408e-09    1.0082212239e-09   -5.0541941276e-10   -6.8459496647e-09
   8.9500000   -9.7110205225e-09    1.2059596972e-08    1.6580160019e-08    2.1177802323e-08    8.6306128183e-09    1.0068902646e-09   -5.0692055191e-10   -6.8476784132e-09
   8.9600000   -8.6738515401e-09    1.1300338967e-08    1.7181367135e-08    2.0371354512e-08    8.6401373609e-09    1.0032900597e-09   -5.0837595362e-10   -6.8494513426e-09
   8.9700000   -7.2367707209e-09    1.0364029095e-08    1.7499873423e-08    1.9609795092e-08    8.6542592734e-09    9.9740272715e-10   -5.0978995638e-10   -6.8512793247e-09
   8.9800000   -5.4571698237e-09    9.2804184882e-09    1.7533214218e-08    1.8908328650e-08    8.6730228693e-09    9.8930099897e-10   -5.1114959268e-10   -6.8531582802e-09
   8.9900000   -3.4039457076e-09    8.0852444917e-09    1.7283489252e-08    1.8281151079e-08    8.6963546873e-09    9.7913339548e-10   -5.1246290914e-10   -6.8550932272e-09
   9.0000000   -1.1548384323e-09    6.8189188726e-09    1.6757314449e-08    1.7741148983e-08    8.7241030960e-09    9.6711970936e-10   -5.1372496218e-10   -6.8570854449e-09
   9.0100000    1.2064754483e-09    5.5247792301e-09    1.5965676654e-08    1.7299671154e-08    8.7560071785e-09    9.5356594865e-10   -5.1493938721e-10   -6.8591359036e-09
   9.0200000    3.5934707612e-09    4.2473983349e-09    1.4923761027e-08    1.6966317386e-08    8.7917062517e-09    9.3883567277e-10   -5.1610343506e-10   -6.8612450755e-09
   9.0300000    5.9201738843e-09    3.0307239931e-09    1.3650701150e-08    1.6748795494e-08    8.8307587735e-09    9.2338871490e-10   -5.1721486639e-10   -6.8634133904e-09
   9.0400000    8.1041676716e-09    1.9162210852e-09    1.2169252398e-08    1.6652742069e-08    8.8726334286e-09    9.0771431640e-10   -5.1827430530e-10   -6.8656468403e-09
   9.0500000    1.0069770236e-08    9.4120939187e-10    1.0505421263e-08    1.6681705987e-08    8.9167171595e-09    8.9238050164e-10   -5.1927834365e-10   -6.8679425189e-09
   9.0600000    1.1750804360e-08    1.3725851335e-10    8.6880199700e-09    1.6837029394e-08    8.9623211444e-09    8.7798106762e-10   -5.2022739311e-10   -6.8703022152e-09
   9.0700000    1.3092906804e-08   -4.7109085313e-10    6.7482184954e-09    1.7117935673e-08    9.0087208042e-09    8.6515791957e-10   -5.2112226558e-10   -6.8727253857e-09
   9.0800000    1.4055648582e-08   -8.6732713067e-10    4.7189946892e-09    1.7521479969e-08    9.0551262093e-09    8.5457194053e-10   -5.2196354474e-10   -6.8752157488e-09
   9.0900000    1.4613844522e-08   -1.0435753445e-09    2.6346148118e-09    1.8042680967e-08    9.1007235956e-09    8.4688403159e-10   -5.2275456125e-10   -6.8777682059e-09
   9.1000000    1.4758405473e-08   -1.0008478270e-09    5.3003978337e-10    1.8674576300e-08    9.1446938795e-09    8.4275017318e-10   -5.2348647761e-10   -6.8803840520e-09
   9.1100000    1.4496601492e-08   -7.4891076615e-10   -1.5596608811e-09    1.9408392201e-08    9.1862012606e-09    8.4282150008e-10   -5.2416303393e-10   -6.8830654176e-09
   9.1200000    1.3851703009e-08   -3.0572743016e-10   -3.5999125766e-09    2.0233663889e-08    9.2244464607e-09    8.4769926045e-10   -5.2479336304e-10   -6.8858048334e-09
   9.1300000    1.2861980352e-08    3.0345664396e-10   -5.5571992135e-09    2.1138439957e-08    9.2586606929e-09    8.5794545308e-10   -5.2536998139e-10   -6.8886097987e-09
   9.1400000    1.1579149075e-08    1.0473283788e-09   -7.3996751547e-09    2.2109425053e-08    9.2881347644e-09    8.7406332312e-10   -5.2589377829e-10   -6.8914686950e-09
   9.1500000    1.0066446245e-08    1.8899803419e-09   -9.0976871310e-09    2.3132251949e-08    9.3122204332e-09    8.9647867954e-10   -5.2636977056e-10   -6.8943845932e-09
   9.1600000    8.3961199174e-09    2.7925996998e-09   -1.0624307377e-08    2.4191620251e-08    9.3303587447e-09    9.2552656490e-10   -5.2679412548e-10   -6.8973559164e-09
   9.1700000    6.6466607771e-09    3.7152746492e-09   -1.1955732962e-08    2.5271597535e-08    9.3420806141e-09    9.6145146558e-10   -5.2716787964e-10   -6.9003811889e-09
   9.1800000    4.8998233867e-09    4.6187646553e-09   -1.3071808653e-08    2.6355775283e-08    9.3470634099e-09    1.0043920156e-09   -5.2749695394e-10   -6.9034544308e-09
   9.1900000    3.2375159905e-09    5.4662103476e-09   -1.3956261746e-08    2.7427600567e-08    9.3450714568e-09    1.0543736011e-09   -5.2777958009e-10   -6.9065727055e-09
   9.2000000    1.7386812518e-09    6.2248760840e-09   -1.4596996230e-08    2.8470547753e-08    9.3360208845e-09    1.1112971913e-09   -5.2801936714e-10   -6.9097321201e-09
   9.2100000    4.7627225371e-10    6.8673553360e-09   -1.4986315279e-08    2.9468410168e-08    9.3199695655e-09    1.1749517113e-09   -5.2821762790e-10   -6.9129330021e-09
   9.2200000   -4.8547989786e-10    7.3728310414e-09   -1.5120969889e-08    3.0405530570e-08    9.2971176598e-09    1.2449843440e-09   -5.2837740948e-10   -6.9161681862e-09
   9.2300000   -1.0936253138e-09    7.7277563874e-09   -1.5002216941e-08    3.1267102363e-08    9.2677945476e-09    1.3209327646e-09   -5.2849688086e-10   -6.9194337476e-09
   9.2400000   -1.3085202852e-09    7.9263034551e-09   -1.4635735543e-08    3.2039368901e-08    9.2324922572e-09    1.4022101818e-09   -5.2858484323e-10   -6.9227283218e-09
   9.2500000   -1.1054742531e-09    7.9704939509e-09   -1.4031510530e-08    3.2709908309e-08    9.1918309974e-09    1.4881185610e-09   -5.2863300284e-10   -6.9260423621e-09
   9.2600000   -4.7584250210e-10    7.8697327280e-09   -1.3203567904e-08    3.3267837570e-08    9.1465572463e-09    1.5778541290e-09   -5.2865515495e-10   -6.9293783808e-09
   9.2700000    5.7245791413e-10    7.6403417116e-09   -1.2169656169e-08    3.3704095941e-08    9.0975492684e-09    1.6705164548e-09   -5.2864659835e-10   -6.9327258558e-09
   9.2800000    2.0150532228e-09    7.3044521315e-09   -1.0950938691e-08    3.4011604937e-08    9.0457882513e-09    1.7651097575e-09   -5.2860853706e-10   -6.9360835036e-09
   9.2900000    3.8116698258e-09    6.8888264651e-09   -9.5715036869e-09    3.4185417867e-08    8.9923423073e-09    1.8605954796e-09   -5.2855105873e-10   -6.9394446548e-09
   9.3000000    5.9073710604e-09    6.4235266342e-09   -8.0579360290e-09    3.4222906907e-08    8.9383389478e-09    1.9558622950e-09   -5.2846868325e-10   -6.9428065356e-09
   9.3100000    8.2343077207e-09    5.9404164056e-09   -6.4387748390e-09    3.4123846532e-08    8.8849718724e-09    2.0497571742e-09   -5.2836683650e-10   -6.9461639338e-09
   9.3200000    1.0713872769e-08    5.4715164293e-09   -4.7439869958e-09    3.3890453643e-08    8.8334598592e-09    2.1411367361e-09   -5.2824723091e-10   -6.9495107229e-09
   9.3300000    1.3259315674e-08    5.0475814528e-09   -3.0043801573e-09    3.3527415965e-08    8.7850119040e-09    2.2288233978e-09   -5.2811272022e-10   -6.9528430765e-09
   9.3400000    1.5778574050e-08    4.6966855377e-09   -1.2510954541e-09    3.3041819107e-08    8.7408447282e-09    2.3117041249e-09   -5.2796529426e-10   -6.9561551761e-09
   9.3500000    1.8177525916e-08    4.4429736753e-09    4.8495929238e-10    3.2443040013e-08    8.7021153723e-09    2.3886701554e-09   -5.2780317341e-10   -6.9594450636e-09
   9.3600000    2.0363068598e-08    4.3056786004e-09    2.1736728089e-09    3.1742599067e-08    8.6699045023e-09    2.4587013017e-09   -5.2763445299e-10   -6.9627109591e-09
   9.3700000    2.2246556459e-08    4.2984181107e-09    3.7862187502e-09    3.0953930935e-08    8.6452017745e-09    2.5208523739e-09   -5.2745816045e-10   -6.9659397555e-09
   9.3800000    2.3746750942e-08    4.4286238556e-09    5.2955109397e-09    3.0092101467e-08    8.6288863241e-09    2.5742649159e-09   -5.2727881251e-10   -6.9691339856e-09
   9.3900000    2.4792946443e-08    4.6974973206e-09    6.6766343768e-09    2.9173550937e-08    8.6217037453e-09    2.6182123131e-09   -5.2709346015e-10   -6.9722877081e-09
   9.4000000    2.5327597654e-08    5.1000794352e-09    7.9072339096e-09    2.8215667227e-08    8.6242281354e-09    2.6520957019e-09   -5.2690942921e-10   -6.9754007986e-09
   9.4100000    2.5308561731e-08    5.6256438847e-09    8.9678362749e-09    2.7236494265e-08    8.6368603557e-09    2.6754557285e-09   -5.2672260654e-10   -6.9784669689e-09
   9.4200000    2.4710889920e-08    6.2584071598e-09    9.8421025152e-09    2.6254247167e-08    8.6598246293e-09    2.6879909405e-09   -5.2653942453e-10   -6.9814824481e-09
   9.4300000    2.3528124721e-08    6.9782818589e-09    1.0517028824e-08    2.5286986556e-08    8.6931237603e-09    2.6895654136e-09   -5.2635877195e-10   -6.9844471220e-09
   9.4400000    2.1772954349e-08    7.7619131251e-09    1.0983130361e-08    2.4352216551e-08    8.7365795911e-09    2.6802214905e-09   -5.2618269379e-10   -6.9873542610e-09
   9.4500000    1.9477252548e-08    8.5836884591e-09    1.1234488453e-08    2.3466477225e-08    8.7897992045e-09    2.6601484800e-09   -5.2601103120e-10   -6.9902043649e-09
   9.4600000    1.6691487214e-08    9.4168810998e-09    1.1268788627e-08    2.2645058519e-08    8.8521684923e-09    2.6297184233e-09   -5.2584897671e-10   -6.9929959515e-09
   9.4700000    1.3483504937e-08    1.0234727652e-08    1.1087300903e-08    2.1901671894e-08    8.9228806269e-09    2.5894766126e-09   -5.2568940291e-10   -6.9957268260e-09
   9.4800000    9.9366740779e-09    1.1011441336e-08    1.0694775447e-08    2.1248188440e-08    9.0009491793e-09    2.5401182413e-09   -5.2553697035e-10   -6.9983956258e-09
   9.4900000    6.1475318944e-09    1.1723074283e-08    1.0099367830e-08    2.0694473391e-08    9.0851933138e-09    2.4824945740e-09   -5.2539489207e-10   -7.0010013255e-09
   9.5000000    2.2228454072e-09    1.2348325669e-08    9.3123759441e-09    2.0248240245e-08    9.1742642786e-09    2.4175851924e-09   -5.2526333521e-10   -7.0035434315e-09
   9.5100000   -1.7235925998e-09    1.2869104833e-08    8.3480817624e-09    1.9914964607e-08    9.2666869016e-09    2.3464983587e-09   -5.2513766315e-10   -7.0060211930e-09
   9.5200000   -5.5746130294e-09    1.3270975353e-08    7.2234405105e-09    1.9697864065e-08    9.3608825762e-09    2.2704475805e-09   -5.2502627094e-10   -7.0084384285e-09
   9.5300000   -9.2134786619e-09    1.3543341220e-08    5.9578523700e-09    1.9597951235e-08    9.4551740029e-09    2.1907019623e-09   -5.2491949252e-10   -7.0107913324e-09
   9.5400000   -1.2527624309e-08    1.3679544521e-08    4.5727812226e-09    1.9614138588e-08    9.5478230823e-09    2.1086264470e-09   -5.2482576632e-10   -7.0130794588e-09
   9.5500000   -1.5412501030e-08    1.3676793747e-08    3.0914280460e-09    1.9743327340e-08    9.6370896189e-09    2.0256054077e-09   -5.2473845673e-10   -7.0153055031e-09
   9.5600000   -1.7775231386e-08    1.3535898022e-08    1.5383384292e-09    1.9980628093e-08    9.7212202105e-09    1.9430255257e-09   -5.2466312919e-10   -7.0174714777e-09
   9.5700000   -1.9537723920e-08    1.3261013143e-08   -6.0927099944e-11    2.0319543452e-08    9.7985428973e-09    1.8622752175e-09   -5.2459763412e-10   -7.0195798599e-09
   9.5800000   -2.0639639446e-08    1.2859210323e-08   -1.6802393275e-09    2.0752187919e-08    9.8674392081e-09    1.7846924398e-09   -5.2454142692e-10   -7.0216305883e-09
   9.5900000   -2.1040583958e-08    1.2340113899e-08   -3.2932723260e-09    2.1269510262e-08    9.9264362957e-09    1.7115650880e-09   -5.2449691141e-10   -7.0236287806e-09
   9.6000000   -2.0721800677e-08    1.1715453763e-08   -4.8739347608e-09    2.1861529685e-08    9.9741869130e-09    1.6440753481e-09   -5.2446118031e-10   -7.0255691790e-09
   9.6100000   -1.9687038598e-08    1.0998616333e-08   -6.3967303262e-09    2.2517587289e-08    1.0009550006e-08    1.5833022744e-09   -5.2443250740e-10   -7.0274630140e-09
   9.6200000   -1.7962790676e-08    1.0204338671e-08   -7.8371387896e-09    2.3226501128e-08    1.0031587593e-08    1.5301968627e-09   -5.2441374312e-10   -7.0293066368e-09
   9.6300000   -1.5597676050e-08    9.3483256442e-09   -9.1720402819e-09    2.3976827965e-08    1.0039597831e-08    1.4855492875e-09   -5.2440703866e-10   -7.0311081314e-09
   9.6400000   -1.2661105852e-08    8.4470525862e-09   -1.0380011088e-08    2.4756990814e-08    1.0033150943e-08    1.4499896925e-09   -5.2440712240e-10   -7.0328635633e-09
   9.6500000   -9.2410804111e-09    7.5174770218e-09   -1.1441667192e-08    2.5555485930e-08    1.0012084122e-08    1.4239692719e-09   -5.2441545669e-10   -7.0345838346e-09
   9.6600000   -5.4415266447e-09    6.5769209540e-09   -1.2339971468e-08    2.6360967364e-08    9.9765273548e-09    1.4077502118e-09   -5.2443233513e-10   -7.0362659074e-09
   9.6700000   -1.3789200599e-09    5.6428998682e-09   -1.3060478822e-08    2.7162421992e-08    9.9268958639e-09    1.4013901832e-09   -5.2445865458e-10   -7.0379190801e-09
   9.6800000    2.8215042085e-09    4.7330219796e-09   -1.3591579823e-08    2.7949237868e-08    9.8639228724e-09    1.4047554188e-09   -5.2449444810e-10   -7.0395434810e-09
   9.6900000    7.0299436435e-09    3.8648092920e-09   -1.3924671412e-08    2.8711310165e-08    9.7886171907e-09    1.4175079729e-09   -5.2453420695e-10   -7.0411411938e-09
   9.7000000    1.1116321698e-08    3.0556106602e-09   -1.4054278303e-08    2.9439131381e-08    9.7022893171e-09    1.4391301917e-09   -5.2458851007e-10   -7.0427192715e-09
   9.7100000    1.4954688696e-08    2.3223865755e-09   -1.3978164168e-08    3.0123864854e-08    9.6064889447e-09    1.4689069183e-09   -5.2464518034e-10   -7.0442797372e-09
   9.7200000    1.8427523172e-08    1.6814549573e-09   -1.3697367533e-08    3.0757405831e-08    9.5030333800e-09    1.5059619975e-09   -5.2471783248e-10   -7.0458251415e-09
   9.7300000    2.1429619555e-08    1.1482003028e-09   -1.3216181156e-08    3.1332502541e-08    9.3939281113e-09    1.5492577285e-09   -5.2479556956e-10   -7.0473615292e-09
   9.7400000    2.3871691525e-08    7.3674510138e-10   -1.2542062426e-08    3.1842774835e-08    9.2813847385e-09    1.5976341332e-09   -5.2488274412e-10   -7.0488869908e-09
   9.7500000    2.5683406399e-08    4.5946916902e-10   -1.1685554991e-08    3.2282804197e-08    9.1677422546e-09    1.6498011427e-09   -5.2498034622e-10   -7.0504120960e-09
   9.7600000    2.6815691368e-08    3.2662083077e-10   -1.0660091533e-08    3.2648220649e-08    9.0554694669e-09    1.7043934404e-09   -5.2509093630e-10   -7.0519308724e-09
   9.7700000    2.7242296276e-08    3.4582175122e-10   -9.4818027756e-09    3.2935760285e-08    8.9470590112e-09    1.7599834872e-09   -5.2521723351e-10   -7.0534539938e-09
   9.7800000    2.6960680496e-08    5.2155625804e-10   -8.1692091101e-09    3.3143336464e-08    8.8450315809e-09    1.8151052157e-09   -5.2535294016e-10   -7.0549786365e-09
   9.7900000    2.5991792003e-08    8.5475196199e-10   -6.7429749509e-09    3.3270065239e-08    8.7518605864e-09    1.8682959504e-09   -5.2550805693e-10   -7.0565096096e-09
   9.8000000    2.4379293148e-08    1.3423958622e-09   -5.2255437018e-09    3.3316325266e-08    8.6699470886e-09    1.9181200394e-09   -5.2567415246e-10   -7.0580523833e-09
   9.8100000    2.2187782522e-08    1.9772908041e-09   -3.6407462869e-09    3.3283758260e-08    8.6015580448e-09    1.9632019379e-09   -5.2585995180e-10   -7.0596071632e-09
   9.8200000    1.9500427070e-08    2.7478253934e-09   -2.0134405223e-09    3.3175292279e-08    8.5487553430e-09    2.0022510348e-09   -5.2606032023e-10   -7.0611746585e-09
   9.8300000    1.6415847933e-08    3.6379882322e-09   -3.6905208176e-10    3.2995053590e-08    8.5133837197e-09    2.0340865605e-09   -5.2628615081e-10   -7.0627576405e-09
   9.8400000    1.3044517333e-08    4.6275975334e-09    1.2668016690e-09    3.2748354085e-08    8.4970072955e-09    2.0576800196e-09   -5.2653233275e-10   -7.0643581693e-09
   9.8500000    9.5048405990e-09    5.6925486986e-09    2.8687836538e-09    3.2441594482e-08    8.5008883883e-09    2.0721626692e-09   -5.2680413589e-10   -7.0659768074e-09
   9.8600000    5.9188445701e-09    6.8054690984e-09    4.4122427757e-09    3.2082126156e-08    8.5259441530e-09    2.0768498334e-09   -5.2710301423e-10   -7.0676143090e-09
   9.8700000    2.4080397307e-09    7.9363655026e-09    5.8736440777e-09    3.1678131675e-08    8.5727043604e-09    2.0712669874e-09   -5.2742804271e-10   -7.0692695654e-09
   9.8800000   -9.1098532585e-10    9.0535579885e-09    7.2309441409e-09    3.1238427126e-08    8.6413259937e-09    2.0551555534e-09   -5.2778084869e-10   -7.0709450913e-09
   9.8900000   -3.9302634400e-09    1.0124669248e-08    8.4639762603e-09    3.0772323411e-08    8.7315471342e-09    2.0284786237e-09   -5.2816956636e-10   -7.0726415284e-09
   9.9000000   -6.5543056123e-09    1.1117763739e-08    9.5547901013e-09    3.0289368046e-08    8.8426961090e-09    1.9914385992e-09   -5.2859110215e-10   -7.0743560034e-09
   9.9100000   -8.7029708422e-09    1.2002536930e-08    1.0487929675e-08    2.9799170406e-08    8.9736850545e-09    1.9444666017e-09   -5.2904558277e-10   -7.0760890519e-09
   9.9200000   -1.0314029736e-08    1.2751510906e-08    1.1250679717e-08    2.9311198599e-08    9.1230329178e-09    1.8882263686e-09   -5.2954497836e-10   -7.0778414939e-09
   9.9300000   -1.1344874327e-08    1.3341134362e-08    1.1833282722e-08    2.8834551791e-08    9.2888630127e-09    1.8236043032e-09   -5.3008294212e-10   -7.0796098455e-09
   9.9400000   -1.1773512411e-08    1.3752833616e-08    1.2229043240e-08    2.8377790472e-08    9.4689330234e-09    1.7516836189e-09   -5.3066102406e-10   -7.0813949260e-09
   9.9500000   -1.1598897770e-08    1.3973890149e-08    1.2434430620e-08    2.7948772815e-08    9.6606994105e-09    1.6737492114e-09   -5.3128655643e-10   -7.0831911754e-09
   9.9600000   -1.0840354777e-08    1.3998081533e-08    1.2449096422e-08    2.7554463129e-08    9.8613127033e-09    1.5912504348e-09   -5.3196048316e-10   -7.0849972491e-09
   9.9700000   -9.5363572320e-09    1.3826116790e-08    1.2275792359e-08    2.7200909623e-08    1.0067682830e-08    1.5057748137e-09   -5.3268153343e-10   -7.0868124399e-09
   9.9800000   -7.7426880860e-09    1.3465811932e-08    1.1920304345e-08    2.6893050540e-08    1.0276547142e-08    1.4190380752e-09   -5.3345621938e-10   -7.0886339406e-09
   9.9900000   -5.5298960189e-09    1.2931895522e-08    1.1391282773e-08    2.6634736883e-08    1.0484500303e-08    1.3328242363e-09   -5.3428442398e-10   -7.0904604904e-09
  10.0000000   -2.9805188988e-09    1.2245599838e-08    1.0700025880e-08    2.6428678699e-08    1.0688065532e-08    1.2489600646e-09   -5.3516721530e-10   -7.0922858986e-09
  10.0100000   -1.8575530695e-10    1.1433905105e-08    9.8601997205e-09    2.6276463410e-08    1.0883780691e-08    1.1693042729e-09   -5.3610855246e-10   -7.0941114961e-09
  10.0200000    2.7580446198e-09    1.0528573108e-08    8.8875590213e-09    2.6178622799e-08    1.1068236566e-08    1.0956837081e-09   -5.3710699923e-10   -7.0959263400e-09
  10.0300000    5.7527479642e-09    9.5648917906e-09    7.7996104474e-09    2.6134645720e-08    1.1238160221e-08    1.0298679996e-09   -5.3816789177e-10   -7.0977323509e-09
  10.0400000    8.7020301279e-09    8.5803407289e-09    6.6152443333e-09    2.6143137849e-08    1.1390449545e-08    9.7352560908e-10   -5.3928986226e-10   -7.0995218665e-09
  10.0500000    1.1514561006e-08    7.6129755002e-09    5.3543700639e-09    2.6201875771e-08    1.1522289776e-08    9.2820472782e-10   -5.4047549204e-10   -7.1012921398e-09
  10.0600000    1.4106983264e-08    6.6999254610e-09    4.0375168388e-09    2.6307925884e-08    1.1631165039e-08    8.9526687010e-10   -5.4172654226e-10   -7.1030375669e-09
  10.0700000    1.6406473880e-08    5.8758103728e-09    2.6854822924e-09    2.6457791257e-08    1.1714942333e-08    8.7590445460e-10   -5.4304030712e-10   -7.1047570535e-09
  10.0800000    1.8352748651e-08    5.1712846993e-09    1.3189442482e-09    2.6647540324e-08    1.1771893791e-08    8.7107640254e-10   -5.4441571719e-10   -7.1064440235e-09
  10.0900000    1.9899631992e-08    4.6117219736e-09   -4.1868669921e-11    2.6872888500e-08    1.1800761306e-08    8.8148757601e-10   -5.4585807415e-10   -7.1080942922e-09
  10.1000000    2.1015924653e-08    4.2160688891e-09   -1.3774892262e-09    2.7129349953e-08    1.1800780791e-08    9.0758889003e-10   -5.4736991262e-10   -7.1097019419e-09
  10.1100000    2.1685813101e-08    3.9961285005e-09   -2.6695321855e-09    2.7412341855e-08    1.1771721994e-08    9.4955622534e-10   -5.4894194189e-10   -7.1112633573e-09
  10.1200000    2.1908578303e-08    3.9558879083e-09   -3.9009143318e-09    2.7717252508e-08    1.1713864650e-08    1.0072677236e-09   -5.5057747388e-10   -7.1127731540e-09
  10.1300000    2.1697760694e-08    4.0914969049e-09   -5.0560709270e-09    2.8039551774e-08    1.1628054708e-08    1.0803116858e-09   -5.5228049958e-10   -7.1142253483e-09
  10.1400000    2.1080008805e-08    4.3913452442e-09   -6.1211408090e-09    2.8374842985e-08    1.1515651633e-08    1.1679724287e-09   -5.5404285808e-10   -7.1156189840e-09
  10.1500000    2.0093361531e-08    4.8366309193e-09   -7.0840907120e-09    2.8718915602e-08    1.1378550537e-08    1.2692701452e-09   -5.5586828015e-10   -7.1169407050e-09
  10.1600000    1.8785084414e-08    5.4021923162e-09   -7.9348099486e-09    2.9067797700e-08    1.1219122553e-08    1.3829412964e-09   -5.5775206477e-10   -7.1181923620e-09
  10.1700000    1.7209633199e-08    6.0576794768e-09   -8.6651618570e-09    2.9417765907e-08    1.1040212712e-08    1.5074798190e-09   -5.5969137056e-10   -7.1193689171e-09
  10.1800000    1.5426147037e-08    6.7688837395e-09   -9.2689937114e-09    2.9765395478e-08    1.0845064922e-08    1.6411283872e-09   -5.6168646531e-10   -7.1204619520e-09
  10.1900000    1.3495998996e-08    7.4993565071e-09   -9.7421844576e-09    3.0107533804e-08    1.0637286478e-08    1.7819579029e-09   -5.6373984435e-10   -7.1214711752e-09
  10.2000000    1.1480550026e-08    8.2120024680e-09   -1.0082547168e-08    3.0441346834e-08    1.0420763301e-08    1.9278535577e-09   -5.6584030940e-10   -7.1223889871e-09
  10.2100000    9.4388442477e-09    8.8708740179e-09   -1.0289819937e-08    3.0764250271e-08    1.0199618105e-08    2.0765621993e-09   -5.6798673266e-10   -7.1232115289e-09
  10.2200000    7.4257256801e-09    9.4427575854e-09   -1.0365565862e-08    3.1074001674e-08    9.9780908332e-09    2.2257457989e-09   -5.7017777489e-10   -7.1239328281e-09
  10.2300000    5.4901628659e-09    9.8987239828e-09   -1.0313116007e-08    3.1368592871e-08    9.7605287837e-09    2.3730239022e-09   -5.7241200986e-10   -7.1245517224e-09
  10.2400000    3.6739649017e-09    1.0215461073e-08   -1.0137437514e-08    3.1646300313e-08    9.5512295760e-09    2.5160040561e-09   -5.7468234026e-10   -7.1250619811e-09
  10.2500000    2.0108083814e-09    1.0376384506e-08   -9.8450383487e-09    3.1905667217e-08    9.3544094927e-09    2.6523204113e-09   -5.7698640090e-10   -7.1254568427e-09
  10.2600000    5.2589251094e-10    1.0372377111e-08   -9.4438692308e-09    3.2145473574e-08    9.1740736755e-09    2.7797025234e-09   -5.7932002528e-10   -7.1257386199e-09
  10.2700000   -7.6433963704e-10    1.0202214712e-08   -8.9431724991e-09    3.2364755973e-08    9.0139821291e-09    2.8960041263e-09   -5.8167998683e-10   -7.1258995535e-09
  10.2800000   -1.8517226255e-09    9.8727273151e-09   -8.3533367796e-09    3.2562757050e-08    8.8775417975e-09    2.9992422104e-09   -5.8405700050e-10   -7.1259382515e-09
  10.2900000   -2.7358794821e-09    9.3983858554e-09   -7.6857949510e-09    3.2738957738e-08    8.7677415980e-09    3.0876480593e-09   -5.8645629309e-10   -7.1258472922e-09
  10.3000000   -3.4231155156e-09    8.8007324082e-09   -6.9528166311e-09    3.2893057253e-08    8.6870738700e-09    3.1596993194e-09   -5.8886539937e-10   -7.1256282711e-09
  10.3100000   -3.9253104748e-09    8.1073667564e-09   -6.1673522455e-09    3.3024943002e-08    8.6375061686e-09    3.2141413085e-09   -5.9128033068e-10   -7.1252752296e-09
  10.3200000   -4.2585139983e-09    7.3507894108e-09   -5.3428949005e-09    3.3134713568e-08    8.6204005823e-09    3.2500259793e-09   -5.9370097156e-10   -7.1247915351e-09
  10.3300000   -4.4415152464e-09    6.5668413035e-09   -4.4931804365e-09    3.3222684957e-08    8.6364963688e-09    3.2667406575e-09   -5.9611855439e-10   -7.1241723558e-09
  10.3400000   -4.4942652515e-09    5.7931827310e-09   -3.6321137041e-09    3.3289324755e-08    8.6858831036e-09    3.2640065569e-09   -5.9852892191e-10   -7.1234107546e-09
  10.3500000   -4.4364491072e-09    5.0675682072e-09   -2.7734316975e-09    3.3335299600e-08    8.7679705322e-09    3.2418972175e-09   -6.0092915084e-10   -7.1225085064e-09
  10.3600000   -4.2862738832e-09    4.4261546424e-09   -1.9305891206e-09    3.3361457551e-08    8.8815082727e-09    3.2008397959e-09   -6.0331746219e-10   -7.1214648435e-09
  10.3700000   -4.0591698587e-09    3.9019461373e-09   -1.1164242993e-09    3.3368834583e-08    9.0246031665e-09    3.1416292438e-09   -6.0568027106e-10   -7.1202821798e-09
  10.3800000   -3.7670200581e-09    3.5233213935e-09   -3.4300404756e-10    3.3358615263e-08    9.1947271897e-09    3.0653835029e-09   -6.0801835864e-10   -7.1189534596e-09
  10.3900000   -3.4174387067e-09    3.3127445102e-09    3.7859990269e-10    3.3332171791e-08    9.3887391589e-09    2.9735604614e-09   -6.1032719255e-10   -7.1174830842e-09
  10.4000000   -3.0135669696e-09    3.2858943014e-09    1.0385511806e-09    3.3291014922e-08    9.6029942698e-09    2.8679111004e-09   -6.1260206743e-10   -7.1158634918e-09
  10.4100000   -2.5539833151e-09    3.4509481667e-09    1.6283975314e-09    3.3236797602e-08    9.8333469078e-09    2.7504654705e-09   -6.1484379147e-10   -7.1141054511e-09
  10.4200000   -2.0330745240e-09    3.8082491633e-09    2.1412538471e-09    3.3171345982e-08    1.0075271190e-08    2.6234913529e-09   -6.1704065254e-10   -7.1122040582e-09
  10.4300000   -1.4416525130e-09    4.3503149015e-09    2.5719172098e-09    3.3096593147e-08    1.0323918867e-08    2.4894423041e-09   -6.1918796115e-10   -7.1101627864e-09
  10.4400000   -7.6783240227e-10    5.0622445082e-09    2.9169268386e-09    3.3014587356e-08    1.0574207544e-08    2.3509530769e-09   -6.2128970810e-10   -7.1079804404e-09
  10.4500000    1.8087454028e-12    5.9223326086e-09    3.1746634532e-09    3.2927447560e-08    1.0820932300e-08    2.2107352384e-09   -6.2333567740e-10   -7.1056594495e-09
  10.4600000    8.8103910745e-10    6.9029801538e-09    3.3452869832e-09    3.2837410353e-08    1.1058858167e-08    2.0715727516e-09   -6.2532594250e-10   -7.1032030156e-09
  10.4700000    1.8825677741e-09    7.9719586271e-09    3.4307223062e-09    3.2746730346e-08    1.1282815207e-08    1.9362461628e-09   -6.2725738636e-10   -7.1006111614e-09
  10.4800000    3.0166037257e-09    9.0936782658e-09    3.4345347589e-09    3.2657682697e-08    1.1487846079e-08    1.8074792245e-09   -6.2912571747e-10   -7.0978900590e-09
  10.4900000    4.2895104241e-09    1.0230703062e-08    3.3618030228e-09    3.2572516939e-08    1.1669235523e-08    1.6879082470e-09   -6.3092582067e-10   -7.0950450093e-09
  10.5000000    5.7025628800e-09    1.1345148467e-08    3.2189656341e-09    3.2493453799e-08    1.1822685705e-08    1.5799983745e-09   -6.3266359356e-10   -7.0920778883e-09
  10.5100000    7.2508882951e-09    1.2400264712e-08    3.0134996804e-09    3.2422608438e-08    1.1944350874e-08    1.4860147332e-09   -6.3432658197e-10   -7.0889904159e-09
  10.5200000    8.9225653231e-09    1.3361750990e-08    2.7538126397e-09    3.2361966567e-08    1.2030959534e-08    1.4079777025e-09   -6.3591983911e-10   -7.0857918747e-09
  10.5300000    1.0698112364e-08    1.4199017542e-08    2.4488741579e-09    3.2313362526e-08    1.2079883807e-08    1.3476092190e-09   -6.3743872078e-10   -7.0824847465e-09
  10.5400000    1.2550279655e-08    1.4886268228e-08    2.1079821568e-09    3.2278418242e-08    1.2089183602e-08    1.3062973044e-09   -6.3888051348e-10   -7.0790714595e-09
  10.5500000    1.4444157500e-08    1.5403244020e-08    1.7404867360e-09    3.2258510887e-08    1.2057691320e-08    1.2850697186e-09   -6.4024649069e-10   -7.0755644776e-09
  10.5600000    1.6337794989e-08    1.5735909356e-08    1.3555347875e-09    3.2254760963e-08    1.1985012558e-08    1.2845788764e-09   -6.4153282119e-10   -7.0719656925e-09
  10.5700000    1.8182923211e-08    1.5876681951e-08    9.6183470711e-10    3.2267977102e-08    1.1871584305e-08    1.3050526497e-09   -6.4273817384e-10   -7.0682832378e-09
  10.5800000    1.9926360334e-08    1.5824474537e-08    5.6743876769e-10    3.2298657260e-08    1.1718673635e-08    1.3463280311e-09   -6.4386422804e-10   -7.0645239352e-09
  10.5900000    2.1511439839e-08    1.5584506703e-08    1.7955670565e-10    3.2346973805e-08    1.1528352141e-08    1.4078027257e-09   -6.4491068480e-10   -7.0606992224e-09
  10.6000000    2.2879940430e-08    1.5167898245e-08   -1.9554490333e-10    3.2412762971e-08    1.1303486565e-08    1.4884851029e-09   -6.4587524072e-10   -7.0568162496e-09
  10.6100000    2.3974058363e-08    1.4590960805e-08   -5.5265683591e-10    3.2495489498e-08    1.1047701614e-08    1.5869784497e-09   -6.4676082785e-10   -7.0528815506e-09
  10.6200000    2.4738604279e-08    1.3874449562e-08   -8.8765852413e-10    3.2594328130e-08    1.0765307737e-08    1.7015109160e-09   -6.4756005880e-10   -7.0489006355e-09
  10.6300000    2.5123323373e-08    1.3042622677e-08   -1.1975075417e-09    3.2708123880e-08    1.0461259272e-08    1.8299621054e-09   -6.4827906182e-10   -7.0448886159e-09
  10.6400000    2.5085046955e-08    1.2122284340e-08   -1.4802304108e-09    3.2835430065e-08    1.0141009034e-08    1.9699079344e-09   -6.4891765910e-10   -7.0408521927e-09
  10.6500000    2.4589823414e-08    1.1141752736e-08   -1.7347898048e-09    3.2974518696e-08    9.8105044572e-09    2.1186503116e-09   -6.4947273504e-10   -7.0368040994e-09
  10.6600000    2.3614883113e-08    1.0129819531e-08   -1.9610012474e-09    3.3123453803e-08    9.4759929527e-09    2.2732918122e-09   -6.4995466204e-10   -7.0327499708e-09
  10.6700000    2.2150275751e-08    9.1149112205e-09   -2.1593800725e-09    3.3280077490e-08    9.1439644087e-09    2.4307483970e-09   -6.5035287299e-10   -7.0287015301e-09
  10.6800000    2.0200259313e-08    8.1240702040e-09   -2.3310072459e-09    3.3442088715e-08    8.8209902898e-09    2.5878365872e-09   -6.5067049491e-10   -7.0246759896e-09
  10.6900000    1.7784096992e-08    7.1823568948e-09   -2.4773273071e-09    3.3607066541e-08    8.5136249027e-09    2.7413400891e-09   -6.5091317789e-10   -7.0206766905e-09
  10.7000000    1.4936579457e-08    6.3121208512e-09   -2.6000278103e-09    3.3772522487e-08    8.2282703649e-09    2.8880318712e-09   -6.5108162923e-10   -7.0167130717e-09
  10.7100000    1.1707894148e-08    5.5324994581e-09   -2.7008454456e-09    3.3935906945e-08    7.9710479554e-09    3.0247889402e-09   -6.5117352602e-10   -7.0128035517e-09
  10.7200000    8.1631206705e-09    4.8591540665e-09   -2.7814982292e-09    3.4094691181e-08    7.7476764958e-09    3.1486164507e-09   -6.5119075435e-10   -7.0089553511e-09
  10.7300000    4.3809770654e-09    4.3039268074e-09   -2.8434599388e-09    3.4246392094e-08    7.5633510780e-09    3.2567233437e-09   -6.5113919953e-10   -7.0051804802e-09
  10.7400000    4.5224335682e-10    3.8749049093e-09   -2.8879970111e-09    3.4388614505e-08    7.4226485576e-09    3.3465763720e-09   -6.5101409785e-10   -7.0014899856e-09
  10.7500000   -3.5223942960e-09    3.5762958032e-09   -2.9159815352e-09    3.4519057821e-08    7.3293896118e-09    3.4159526628e-09   -6.5082233623e-10   -6.9978927391e-09
  10.7600000   -7.4350438879e-09    3.4086488445e-09   -2.9279495034e-09    3.4635580220e-08    7.2866150485e-09    3.4629943925e-09   -6.5056256241e-10   -6.9944044856e-09
  10.7700000   -1.1173441838e-08    3.3690549670e-09   -2.9240469321e-09    3.4736247668e-08    7.2964442582e-09    3.4862379868e-09   -6.5024146012e-10   -6.9910336972e-09
  10.7800000   -1.4624405612e-08    3.4514099718e-09   -2.9040697683e-09    3.4819315305e-08    7.3600832680e-09    3.4846622929e-09   -6.4985727629e-10   -6.9877965364e-09
  10.7900000   -1.7677244894e-08    3.6467732141e-09   -2.8675317991e-09    3.4883288740e-08    7.4777401108e-09    3.4577074778e-09   -6.4941421734e-10   -6.9846959744e-09
  10.8000000   -2.0227404216e-08    3.9437622022e-09   -2.8136996945e-09    3.4926951588e-08    7.6486282394e-09    3.4052953478e-09   -6.4891256180e-10   -6.9817469239e-09
  10.8100000   -2.2180109104e-08    4.3289271981e-09   -2.7416697762e-09    3.4949377508e-08    7.8709657229e-09    3.3278302167e-09   -6.4835863935e-10   -6.9789572995e-09
  10.8200000   -2.3453831298e-08    4.7871900988e-09   -2.6504967348e-09    3.4949980507e-08    8.1419783974e-09    3.2262220605e-09   -6.4775100565e-10   -6.9763387247e-09
  10.8300000   -2.3983475338e-08    5.3023247665e-09   -2.5392385901e-09    3.4928529879e-08    8.4579647788e-09    3.1018419544e-09   -6.4709308035e-10   -6.9738994721e-09
  10.8400000   -2.3723335256e-08    5.8573714320e-09   -2.4071040201e-09    3.4885153247e-08    8.8143288298e-09    2.9565436753e-09   -6.4639058853e-10   -6.9716459759e-09
  10.8500000   -2.2649413728e-08    6.4351040530e-09   -2.2534685655e-09    3.4820402340e-08    9.2056543480e-09    2.7926030516e-09   -6.4564714433e-10   -6.9695912212e-09
  10.8600000   -2.0761307114e-08    7.0185021642e-09   -2.0780364951e-09    3.4735228723e-08    9.6258144643e-09    2.6127026679e-09   -6.4486423350e-10   -6.9677421070e-09
  10.8700000   -1.8083261080e-08    7.5911757412e-09   -1.8807956170e-09    3.4631004541e-08    1.0068071445e-08    2.4198582454e-09   -6.4404323916e-10   -6.9661035648e-09
  10.8800000   -1.4664547432e-08    8.1378599318e-09   -1.6621710577e-09    3.4509567118e-08    1.0525198907e-08    2.2174072265e-09   -6.4319156856e-10   -6.9646811647e-09
  10.8900000   -1.0579206250e-08    8.6447500438e-09   -1.4229572306e-09    3.4373163977e-08    1.0989594120e-08    2.0089245685e-09   -6.4230985161e-10   -6.9634789039e-09
  10.9000000   -5.9246296387e-09    9.1000119546e-09   -1.1643959222e-09    3.4224483768e-08    1.1453444776e-08    1.7981509133e-09   -6.4139972935e-10   -6.9625039315e-09
  10.9100000   -8.1965247456e-10    9.4940508533e-09   -8.8814640064e-10    3.4066633644e-08    1.1908854464e-08    1.5889400972e-09   -6.4047359317e-10   -6.9617645923e-09
  10.9200000    4.5983744998e-09    9.8199011398e-09   -5.9627178350e-10    3.3903101261e-08    1.2348015414e-08    1.3851928918e-09   -6.3952638117e-10   -6.9612567474e-09
  10.9300000    1.0177123303e-08    1.0073394972e-08   -2.9122555196e-10    3.3737743833e-08    1.2763344898e-08    1.1907616138e-09   -6.3856811403e-10   -6.9609863908e-09
  10.9400000    1.5753600642e-08    1.0253420425e-08    2.4215168054e-11    3.3574731615e-08    1.3147619996e-08    1.0093938194e-09   -6.3759674519e-10   -6.9609534082e-09
  10.9500000    2.1158884708e-08    1.0361919290e-08    3.4697512083e-10    3.3418480739e-08    1.3494146665e-08    8.4465672246e-10   -6.3662281828e-10   -6.9611574370e-09
  10.9600000    2.6223321916e-08    1.0403918827e-08    6.7371291668e-10    3.3273608306e-08    1.3796878661e-08    6.9985891120e-10   -6.3564911915e-10   -6.9616012021e-09
  10.9700000    3.0782028637e-08    1.0387349326e-08    1.0008747232e-09    3.3144847267e-08    1.4050532390e-08    5.7799782256e-10   -6.3467828284e-10   -6.9622802218e-09
  10.9800000    3.4680389810e-08    1.0322774321e-08    1.3247188544e-09    3.3036960775e-08    1.4250718535e-08    4.8168646723e-10   -6.3371757336e-10   -6.9631938625e-09
  10.9900000    3.7779445886e-08    1.0223063508e-08    1.6413771263e-09    3.2954667198e-08    1.4394013059e-08    4.1310649030e-10   -6.3276761995e-10   -6.9643374143e-09
  11.0000000    3.9961059670e-08    1.0102806419e-08    1.9468785068e-09    3.2902529032e-08    1.4478047856e-08    3.7394681019e-10   -6.3183768492e-10   -6.9657078059e-09
  11.0100000    4.1132512808e-08    9.9777651566e-09    2.2371442794e-09    3.2884860895e-08    1.4501567433e-08    3.6538443263e-10   -6.3092836722e-10   -6.9672935064e-09
  11.0200000    4.1230489190e-08    9.8641135783e-09    2.5080974996e-09    3.2905667733e-08    1.4464453374e-08    3.8805309265e-10   -6.3004456790e-10   -6.9690953744e-09
  11.0300000    4.0224076521e-08    9.7777951269e-09    2.7555998367e-09    3.2968461892e-08    1.4367746831e-08    4.4201082125e-10   -6.2919559414e-10   -6.9711009485e-09
  11.0400000    3.8117049248e-08    9.7336087409e-09    2.9755105619e-09    3.3076232026e-08    1.4213638604e-08    5.2673870311e-10   -6.2838022858e-10   -6.9733078960e-09
  11.0500000    3.4948770994e-08    9.7444957985e-09    3.1637638595e-09    3.3231363644e-08    1.4005438230e-08    6.4113851862e-10   -6.2760936656e-10   -6.9757021861e-09
  11.0600000    3.0794020536e-08    9.8207857911e-09    3.3163314164e-09    3.3435523988e-08    1.3747513443e-08    7.8355981938e-10   -6.2688231181e-10   -6.9782750655e-09
  11.0700000    2.5761698212e-08    9.9695687653e-09    3.4293262362e-09    3.3689582259e-08    1.3445219142e-08    9.5181078965e-10   -6.2620541788e-10   -6.9810185167e-09
  11.0800000    1.9992135434e-08    1.0194084295e-08    3.4990410139e-09    3.3993602957e-08    1.3104809685e-08    1.1431921531e-09   -6.2558631953e-10   -6.9839206720e-09
  11.0900000    1.3653368525e-08    1.0493452969e-08    3.5219843695e-09    3.4346754186e-08    1.2733313583e-08    1.3545497723e-09   -6.2502780785e-10   -6.9869636807e-09
  11.1000000    6.9362697864e-09    1.0862346056e-08    3.4950205315e-09    3.4747289533e-08    1.2338422934e-08    1.5823293399e-09   -6.2453103854e-10   -6.9901407257e-09
  11.1100000    4.8723997812e-11    1.1291108111e-08    3.4154412054e-09    3.5192575252e-08    1.1928324227e-08    1.8226127110e-09   -6.2410364206e-10   -6.9934356124e-09
  11.1200000   -6.7908324975e-09    1.1765868757e-08    3.2810463598e-09    3.5679031578e-08    1.1511555566e-08    2.0712349229e-09   -6.2375187423e-10   -6.9968391491e-09
  11.1300000   -1.3360629712e-08    1.2269082957e-08    3.0902606089e-09    3.6202206080e-08    1.1096854653e-08    2.3238159914e-09   -6.2347800238e-10   -7.0003330657e-09
  11.1400000   -1.9442951823e-08    1.2780144990e-08    2.8422532125e-09    3.6756802847e-08    1.0692979955e-08    2.5758651364e-09   -6.2328591314e-10   -7.0039047250e-09
  11.1500000   -2.4831558934e-08    1.3276174490e-08    2.5370637179e-09    3.7336746212e-08    1.0308520774e-08    2.8228474000e-09   -6.2318020056e-10   -7.0075421431e-09
  11.1600000   -2.9338960709e-08    1.3733079336e-08    2.1756521341e-09    3.7935265599e-08    9.9517573600e-09    3.0602944138e-09   -6.2315948626e-10   -7.0112255776e-09
  11.1700000   -3.2803223760e-08    1.4126597497e-08    1.7600283708e-09    3.8544962363e-08    9.6304831931e-09    3.2838371801e-09   -6.2323462637e-10   -7.0149461855e-09
  11.1800000   -3.5093969896e-08    1.4433508100e-08    1.2933055597e-09    3.9157949632e-08    9.3518454695e-09    3.4893582655e-09   -6.2340794402e-10   -7.0186858683e-09
  11.1900000   -3.6117402487e-08    1.4632808451e-08    7.7974347866e-10    3.9765977357e-08    9.1221831725e-09    3.6730200604e-09   -6.2368112837e-10   -7.0224319107e-09
  11.2000000   -3.5820227467e-08    1.4706812827e-08    2.2477649365e-10    4.0360535974e-08    8.9469391389e-09    3.8313483173e-09   -6.2405730197e-10   -7.0261697881e-09
  11.2100000   -3.4192054735e-08    1.4642223559e-08   -3.6500091634e-10    4.0933056805e-08    8.8304992175e-09    3.9613314456e-09   -6.2453835305e-10   -7.0298882697e-09
  11.2200000   -3.1266494677e-08    1.4430914006e-08   -9.8193698139e-10    4.1475014319e-08    8.7761144132e-09    4.0604483605e-09   -6.2512523253e-10   -7.0335752638e-09
  11.2300000   -2.7120661018e-08    1.4070630546e-08   -1.6173457259e-09    4.1978090226e-08    8.7858234349e-09    4.1267362312e-09   -6.2582911702e-10   -7.0372189381e-09
  11.2400000   -2.1873081521e-08    1.3565342063e-08   -2.2616820246e-09    4.2434322289e-08    8.8603967205e-09    4.1588157076e-09   -6.2664276320e-10   -7.0408058180e-09
  11.2500000   -1.5680208991e-08    1.2925383729e-08   -2.9046905847e-09    4.2836300853e-08    8.9993285291e-09    4.1559578070e-09   -6.2757293241e-10   -7.0443213652e-09
  11.2600000   -8.7314607596e-09    1.2167264058e-08   -3.5356206775e-09    4.3177256048e-08    9.2007977989e-09    4.1180666353e-09   -6.2861891747e-10   -7.0477619431e-09
  11.2700000   -1.2430803593e-09    1.1313134862e-08   -4.1433929199e-09    4.3451221812e-08    9.4617167673e-09    4.0457009244e-09   -6.2978610907e-10   -7.0511141867e-09
  11.2800000    6.5490137449e-09    1.0390066627e-08   -4.7169170356e-09    4.3653153795e-08    9.7777724571e-09    3.9400837385e-09   -6.3106740692e-10   -7.0543728879e-09
  11.2900000    1.4397160480e-08    9.4290029396e-09   -5.2452947875e-09    4.3779044709e-08    1.0143494503e-08    3.8030746024e-09   -6.3246580193e-10   -7.0575308790e-09
  11.3000000    2.2050295124e-08    8.4635283433e-09   -5.7181079176e-09    4.3826022420e-08    1.0552361506e-08    3.6371316225e-09   -6.3398642202e-10   -7.0605794292e-09
  11.3100000    2.9262533925e-08    7.5284447391e-09   -6.1256806444e-09    4.3792407062e-08    1.0996900616e-08    3.4452909391e-09   -6.3562619459e-10   -7.0635168784e-09
  11.3200000    3.5801624291e-08    6.6583097364e-09   -6.4593035821e-09    4.3677764330e-08    1.1468848662e-08    3.2310840343e-09   -6.3738510805e-10   -7.0663383380e-09
  11.3300000    4.1456857039e-08    5.8858985123e-09   -6.7114916890e-09    4.3482967378e-08    1.1959270509e-08    2.9985153298e-09   -6.3925809244e-10   -7.0690408142e-09
  11.3400000    4.6046351759e-08    5.2407186748e-09   -6.8761776210e-09    4.3210169430e-08    1.2458750632e-08    2.7519612295e-09   -6.4124622692e-10   -7.0716264320e-09
  11.3500000    4.9423263809e-08    4.7476399413e-09   -6.9488512664e-09    4.2862814765e-08    1.2957581936e-08    2.4960952179e-09   -6.4334459300e-10   -7.0740902701e-09
  11.3600000    5.1480680061e-08    4.4257820364e-09   -6.9267108604e-09    4.2445581438e-08    1.3445930231e-08    2.2358142527e-09   -6.4555678458e-10   -7.0764352337e-09
  11.3700000    5.2155365313e-08    4.2875192279e-09   -6.8087810734e-09    4.1964323173e-08    1.3914030230e-08    1.9761504236e-09   -6.4787346407e-10   -7.0786652924e-09
  11.3800000    5.1429703434e-08    4.3379048136e-09   -6.5958827310e-09    4.1426010233e-08    1.4352390072e-08    1.7221466621e-09   -6.5029389297e-10   -7.0807808381e-09
  11.3900000    4.9332016479e-08    4.5742851425e-09   -6.2906770173e-09    4.0838602010e-08    1.4751957419e-08    1.4788022781e-09   -6.5281313930e-10   -7.0827857774e-09
  11.4000000    4.5935595956e-08    4.9864286455e-09   -5.8975901648e-09    4.0210941703e-08    1.5104330064e-08    1.2509332092e-09   -6.5542743132e-10   -7.0846879689e-09
  11.4100000    4.1355778998e-08    5.5568152059e-09   -5.4227635195e-09    3.9552634907e-08    1.5401892122e-08    1.0431283432e-09   -6.5812862853e-10   -7.0864934296e-09
  11.4200000    3.5745826752e-08    6.2614356689e-09   -4.8738997494e-09    3.8873880379e-08    1.5637999200e-08    8.5962289376e-10   -6.6091844266e-10   -7.0882083998e-09
  11.4300000    2.9291414192e-08    7.0707388186e-09   -4.2600730051e-09    3.8185328565e-08    1.5807087732e-08    7.0422193108e-10   -6.6378266067e-10   -7.0898412884e-09
  11.4400000    2.2204173589e-08    7.9509908633e-09   -3.5915923764e-09    3.7497916556e-08    1.5904838346e-08    5.8024577154e-10   -6.6672401841e-10   -7.0914006550e-09
  11.4500000    1.4714169684e-08    8.8656832689e-09   -2.8797486118e-09    3.6822698002e-08    1.5928228220e-08    4.9041794876e-10   -6.6972502275e-10   -7.0928926182e-09
  11.4600000    7.0620963633e-09    9.7771740613e-09   -2.1366205398e-09    3.6170685001e-08    1.5875636042e-08    4.3685482255e-10   -6.7278353594e-10   -7.0943268805e-09
  11.4700000   -5.0898705809e-10    1.0648341988e-08   -1.3748056423e-09    3.5552673162e-08    1.5746859106e-08    4.2099496786e-10   -6.7589107288e-10   -7.0957158677e-09
  11.4800000   -7.7617056535e-09    1.1444209183e-08   -6.0721252905e-10    3.4979080991e-08    1.5543147195e-08    4.4356460379e-10   -6.7903815177e-10   -7.0970674513e-09
  11.4900000   -1.4472272019e-08    1.2133517323e-08    1.5323460546e-10    3.4459793372e-08    1.5267191929e-08    5.0455703360e-10   -6.8221548465e-10   -7.0983890603e-09
  11.5000000   -2.0437609599e-08    1.2690096897e-08    8.9374804433e-10    3.4004004154e-08    1.4923089462e-08    6.0323327524e-10   -6.8541096693e-10   -7.0996921525e-09
  11.5100000   -2.5481812546e-08    1.3093991389e-08    1.6019626986e-09    3.3620075202e-08    1.4516275927e-08    7.3811215695e-10   -6.8862403082e-10   -7.1009871911e-09
  11.5200000   -2.9461423486e-08    1.3332269421e-08    2.2661342625e-09    3.3315432698e-08    1.4053417592e-08    9.0702489987e-10   -6.9183845516e-10   -7.1022822270e-09
  11.5300000   -3.2269606767e-08    1.3399638168e-08    2.8753218179e-09    3.3096423742e-08    1.3542329458e-08    1.1070967710e-09   -6.9504368811e-10   -7.1035880356e-09
  11.5400000   -3.3838890922e-08    1.3298563099e-08    3.4195553042e-09    3.2968223793e-08    1.2991803400e-08    1.3348375301e-09   -6.9822970783e-10   -7.1049084634e-09
  11.5500000   -3.4142639710e-08    1.3039075362e-08    3.8900444656e-09    3.2934757896e-08    1.2411470022e-08    1.5861831742e-09   -7.0138761169e-10   -7.1062515922e-09
  11.5600000   -3.3195067570e-08    1.2638316460e-08    4.2792522489e-09    3.2998608562e-08    1.1811612543e-08    1.8565584877e-09   -7.0450918710e-10   -7.1076219722e-09
  11.5700000   -3.1049891360e-08    1.2119637823e-08    4.5810563588e-09    3.3160998369e-08    1.1202969192e-08    2.1409866320e-09   -7.0757870886e-10   -7.1090294967e-09
  11.5800000   -2.7797711868e-08    1.1511488087e-08    4.7908711683e-09    3.3421740007e-08    1.0596540700e-08    2.4341424451e-09   -7.1059140537e-10   -7.1104762040e-09
  11.5900000   -2.3562305805e-08    1.0846101140e-08    4.9056346578e-09    3.3779201387e-08    1.0003399743e-08    2.7304716821e-09   -7.1353596397e-10   -7.1119634438e-09
  11.6000000   -1.8495823422e-08    1.0157966399e-08    4.9239420406e-09    3.4230329767e-08    9.4344363903e-09    3.0242909214e-09   -7.1639751722e-10   -7.1134964106e-09
  11.6100000   -1.2773334308e-08    9.4822813255e-09    4.8460441437e-09    3.4770672693e-08    8.9001886891e-09    3.3098895634e-09   -7.1917278904e-10   -7.1150755575e-09
  11.6200000   -6.5867254903e-09    8.8532400069e-09    4.6738643246e-09    3.5394423205e-08    8.4106121978e-09    3.5816374720e-09   -7.2184983949e-10   -7.1166998013e-09
  11.6300000   -1.3812904632e-10    8.3025989528e-09    4.4109746280e-09    3.6094465448e-08    7.9749248083e-09    3.8340875274e-09   -7.2442507613e-10   -7.1183656688e-09
  11.6400000    6.3665482396e-09    7.8582019584e-09    4.0625360248e-09    3.6862483712e-08    7.6013857392e-09    4.0620915939e-09   -7.2688030183e-10   -7.1200706321e-09
  11.6500000    1.2724212705e-08    7.5427334009e-09    3.6352358641e-09    3.7689066650e-08    7.2971496087e-09    4.2608923405e-09   -7.2921585197e-10   -7.1218148762e-09
  11.6600000    1.8740732785e-08    7.3727368059e-09    3.1371812382e-09    3.8563791186e-08    7.0681349789e-09    4.4262212244e-09   -7.3142281938e-10   -7.1235845134e-09
  11.6700000    2.4236728617e-08    7.3579422540e-09    2.5777592829e-09    3.9475428823e-08    6.9188743740e-09    4.5543903570e-09   -7.3349937202e-10   -7.1253812330e-09
  11.6800000    2.9052714167e-08    7.5008732979e-09    1.9675087846e-09    4.0412046995e-08    6.8524524395e-09    4.6423459265e-09   -7.3543184913e-10   -7.1271936624e-09
  11.6900000    3.3053302230e-08    7.7967415476e-09    1.3179202167e-09    4.1361225114e-08    6.8704110718e-09    4.6877658101e-09   -7.3722473585e-10   -7.1290164121e-09
  11.7000000    3.6130667339e-08    8.2337685113e-09    6.4116970839e-10    4.2310212042e-08    6.9727428004e-09    4.6890920908e-09   -7.3887424423e-10   -7.1308378475e-09
  11.7100000    3.8207191161e-08    8.7937464816e-09   -5.0003998432e-11    4.3246152009e-08    7.1578590914e-09    4.6455721257e-09   -7.4037903978e-10   -7.1326472875e-09
  11.7200000    3.9236726077e-08    9.4528802373e-09   -7.4264230858e-10    4.4156264604e-08    7.4226284145e-09    4.5572884337e-09   -7.4173449175e-10   -7.1344346079e-09
  11.7300000    3.9205437119e-08    1.0182920912e-08   -1.4237574266e-09    4.5028060828e-08    7.7624111694e-09    4.4251635430e-09   -7.4294233117e-10   -7.1361917601e-09
  11.7400000    3.8131078399e-08    1.0952452364e-08   -2.0806806224e-09    4.5849561491e-08    8.1711611010e-09    4.2509569357e-09   -7.4400342187e-10   -7.1379001138e-09
  11.7500000    3.6061845337e-08    1.1728249043e-08   -2.7012461334e-09    4.6609476236e-08    8.6415287912e-09    4.0372343283e-09   -7.4492178393e-10   -7.1395526337e-09
  11.7600000    3.3074185768e-08    1.2476822501e-08   -3.2741212795e-09    4.7297415558e-08    9.1649966040e-09    3.7873554247e-09   -7.4570157374e-10   -7.1411394886e-09
  11.7700000    2.9269870492e-08    1.3165795860e-08   -3.7890295828e-09    4.7904062025e-08    9.7320356971e-09    3.5053961633e-09   -7.4634576491e-10   -7.1426446408e-09
  11.7800000    2.4772507463e-08    1.3765436262e-08   -4.2369563467e-09    4.8421332100e-08    1.0332271596e-08    3.1960803783e-09   -7.4686118720e-10   -7.1440598966e-09
  11.7900000    1.9723539528e-08    1.4249873799e-08   -4.6103994750e-09    4.8842541921e-08    1.0954712798e-08    2.8647363482e-09   -7.4725401302e-10   -7.1453751585e-09
  11.8000000    1.4277863502e-08    1.4598210555e-08   -4.9034885403e-09    4.9162460245e-08    1.1587933840e-08    2.5171728678e-09   -7.4753137617e-10   -7.1465819870e-09
  11.8100000    8.5992759769e-09    1.4795446174e-08   -5.1122008542e-09    4.9377487271e-08    1.2220301542e-08    2.1595835647e-09   -7.4770624397e-10   -7.1476669717e-09
  11.8200000    2.8555629792e-09    1.4832973859e-08   -5.2343257243e-09    4.9485643974e-08    1.2840198555e-08    1.7984521993e-09   -7.4778988669e-10   -7.1486221818e-09
  11.8300000   -2.7859576579e-09    1.4709105333e-08   -5.2696111337e-09    4.9486629111e-08    1.3436246484e-08    1.4404302627e-09   -7.4778309295e-10   -7.1494485472e-09
  11.8400000   -8.1632472669e-09    1.4428994709e-08   -5.2197083895e-09    4.9381848105e-08    1.3997509491e-08    1.0922128041e-09   -7.4770836441e-10   -7.1501329214e-09
  11.8500000   -1.3123691211e-08    1.4004443440e-08   -5.0881146132e-09    4.9174352239e-08    1.4513747911e-08    7.6041881949e-10   -7.4756948280e-10   -7.1506742901e-09
  11.8600000   -1.7528269481e-08    1.3453364806e-08   -4.8801239677e-09    4.8868767652e-08    1.4975555793e-08    4.5147086869e-10   -7.4738484744e-10   -7.1510738069e-09
  11.8700000   -2.1254985897e-08    1.2799073794e-08   -4.6026027460e-09    4.8471237989e-08    1.5374606074e-08    1.7147894324e-10   -7.4716039338e-10   -7.1513254872e-09
  11.8800000   -2.4201975550e-08    1.2069234243e-08   -4.2638947658e-09    4.7989320749e-08    1.5703781421e-08   -7.3874452404e-11   -7.4691967534e-10   -7.1514333603e-09
  11.8900000   -2.6290075894e-08    1.1294761950e-08   -3.8735586468e-09    4.7431795819e-08    1.5957316825e-08   -2.7945813199e-10   -7.4666852895e-10   -7.1513994212e-09
  11.9000000   -2.7464582127e-08    1.0508492450e-08   -3.4421280324e-09    4.6808574337e-08    1.6130917710e-08   -4.4077949441e-10   -7.4642132768e-10   -7.1512261705e-09
  11.9100000   -2.7696624594e-08    9.7439043607e-09   -2.9808461255e-09    4.6130471670e-08    1.6221838223e-08   -5.5408544733e-10   -7.4618632371e-10   -7.1509210439e-09
  11.9200000   -2.6983632521e-08    9.0337272367e-09   -2.5014228275e-09    4.5409057904e-08    1.6228952690e-08   -6.1641546447e-10   -7.4598463086e-10   -7.1504990025e-09
  11.9300000   -2.5349275939e-08    8.4086261415e-09   -2.0157256412e-09    4.4656434048e-08    1.6152784772e-08   -6.2570070428e-10   -7.4582756282e-10   -7.1499648732e-09
  11.9400000   -2.2842677771e-08    7.8959782439e-09   -1.5355239597e-09    4.3885085386e-08    1.5995462883e-08   -5.8079680397e-10   -7.4572020722e-10   -7.1493307945e-09
  11.9500000   -1.9536996256e-08    7.5187415460e-09   -1.0721756183e-09    4.3107620721e-08    1.5760730349e-08   -4.8150365453e-10   -7.4567852180e-10   -7.1486107026e-09
  11.9600000   -1.5527402626e-08    7.2946703550e-09   -6.3644993686e-10    4.2336598921e-08    1.5453843369e-08   -3.2860230213e-10   -7.4570908463e-10   -7.1478206769e-09
  11.9700000   -1.0928377655e-08    7.2355189952e-09   -2.3822524297e-10    4.1584344924e-08    1.5081492707e-08   -1.2386143496e-10   -7.4582333644e-10   -7.1469773561e-09
  11.9800000   -5.8707478829e-09    7.3466099614e-09    1.1366249421e-10    4.0862775689e-08    1.4651643310e-08    1.3002530052e-10   -7.4602669822e-10   -7.1460995784e-09
  11.9900000   -4.9797764597e-10    7.6266981070e-09    4.1160797691e-10    4.0183197047e-08    1.4173422786e-08    4.2941557299e-10   -7.4633039848e-10   -7.1452029080e-09
  12.0000000    5.0376429511e-09    8.0679666046e-09    6.4937668833e-10    3.9556175423e-08    1.3656915551e-08    7.6981812028e-10   -7.4673006691e-10   -7.1443123107e-09
  12.0100000    1.0579316967e-08    8.6564097391e-09    8.2222893705e-10    3.8991398933e-08    1.3112976387e-08    1.1459425361e-09   -7.4724253583e-10   -7.1434420613e-09
  12.0200000    1.5969846282e-08    9.3723361667e-09    9.2694551005e-10    3.8497542607e-08    1.2553036119e-08    1.5517763480e-09   -7.4786121964e-10   -7.1426171026e-09
  12.0300000    2.1056239969e-08    1.0191168713e-08    9.6193348257e-10    3.8082170106e-08    1.1988844601e-08    1.9807108529e-09   -7.4859480919e-10   -7.1418547348e-09
  12.0400000    2.5693893678e-08    1.1084379925e-08    9.2714979836e-10    3.7751654406e-08    1.1432267234e-08    2.4256141001e-09   -7.4943289490e-10   -7.1411787176e-09
  12.0500000    2.9750739643e-08    1.2020594379e-08    8.2414342271e-10    3.7511113253e-08    1.0895050457e-08    2.8789789662e-09   -7.5037820845e-10   -7.1406075643e-09
  12.0600000    3.3111141737e-08    1.2966768770e-08    6.5592020904e-10    3.7364360190e-08    1.0388576601e-08    3.3330461374e-09   -7.5142255699e-10   -7.1401597165e-09
  12.0700000    3.5679161138e-08    1.3889463676e-08    4.2698385467e-10    3.7313882517e-08    9.9236491995e-09    3.7799370940e-09   -7.5256833435e-10   -7.1398552142e-09
  12.0800000    3.7381565879e-08    1.4756008208e-08    1.4310614935e-10    3.7360864783e-08    9.5102815507e-09    4.2117903082e-09   -7.5379987818e-10   -7.1397113268e-09
  12.0900000    3.8170084021e-08    1.5535811298e-08   -1.8877283911e-10    3.7505141446e-08    9.1574911689e-09    4.6209155944e-09   -7.5511455874e-10   -7.1397468365e-09
  12.1000000    3.8022934605e-08    1.6201396718e-08   -5.6062621306e-10    3.7745299214e-08    8.8731223434e-09    4.9998964660e-09   -7.5650158751e-10   -7.1399706680e-09
  12.1100000    3.6945706696e-08    1.6729415930e-08   -9.6357771906e-10    3.8078667932e-08    8.6636954480e-09    5.3417817387e-09   -7.5795113827e-10   -7.1404019789e-09
  12.1200000    3.4971318696e-08    1.7101466294e-08   -1.3880520276e-09    3.8501415268e-08    8.5342562138e-09    5.6401841742e-09   -7.5944705552e-10   -7.1410458933e-09
  12.1300000    3.2159329252e-08    1.7304686649e-08   -1.8239445927e-09    3.9008605165e-08    8.4882924008e-09    5.8893846933e-09   -7.6097820775e-10   -7.1419133616e-09
  12.1400000    2.8594249642e-08    1.7332217057e-08   -2.2608257501e-09    3.9594305770e-08    8.5276407412e-09    6.0844782450e-09   -7.6252740306e-10   -7.1430119031e-09
  12.1500000    2.4383217141e-08    1.7183308191e-08   -2.6881591945e-09    4.0251646795e-08    8.6524825534e-09    6.2214574905e-09   -7.6408541022e-10   -7.1443392071e-09
  12.1600000    1.9652917174e-08    1.6863385379e-08   -3.0954707759e-09    4.0972952675e-08    8.8612649229e-09    6.2972937477e-09   -7.6563372834e-10   -7.1459045836e-09
  12.1700000    1.4545814464e-08    1.6383681059e-08   -3.4725751588e-09    4.1749841107e-08    9.1507920555e-09    6.3099912090e-09   -7.6715098536e-10   -7.1477030173e-09
  12.1800000    9.2159527427e-09    1.5760730329e-08   -3.8097499479e-09    4.2573349725e-08    9.5162587185e-09    6.2586691618e-09   -7.6863070671e-10   -7.1497275382e-09
  12.1900000    3.8242746823e-09    1.5015774260e-08   -4.0979882901e-09    4.3434018896e-08    9.9513061982e-09    6.1435730577e-09   -7.7004644922e-10   -7.1519753735e-09
  12.2000000   -1.4662949447e-09    1.4173905545e-08   -4.3291043714e-09    4.4322074236e-08    1.0448188156e-08    5.9660689649e-09   -7.7138380621e-10   -7.1544312450e-09
  12.2100000   -6.4958911204e-09    1.3263049808e-08   -4.4959773096e-09    4.5227470972e-08    1.0997893410e-08    5.7286661669e-09   -7.7262819887e-10   -7.1570873042e-09
  12.2200000   -1.1112647336e-08    1.2312992660e-08   -4.5926624786e-09    4.6140058907e-08    1.1590321130e-08    5.4349674778e-09   -7.7376780497e-10   -7.1599281098e-09
  12.2300000   -1.5177462952e-08    1.1354227825e-08   -4.6145787118e-09    4.7049705840e-08    1.2214475725e-08    5.0896340323e-09   -7.7477674421e-10   -7.1629345278e-09
  12.2400000   -1.8568411582e-08    1.0416884152e-08   -4.5585907237e-09    4.7946392868e-08    1.2858634124e-08    4.6982887076e-09   -7.7564810412e-10   -7.1660892572e-09
  12.2500000   -2.1184594738e-08    9.5296260425e-09   -4.4231255802e-09    4.8820334618e-08    1.3510651313e-08    4.2674608694e-09   -7.7637231366e-10   -7.1693699994e-09
  12.2600000   -2.2949334017e-08    8.7187091555e-09   -4.2082049528e-09    4.9662122027e-08    1.4158122522e-08    3.8044762826e-09   -7.7692993030e-10   -7.1727510339e-09
  12.2700000   -2.3812617317e-08    8.0070922611e-09   -3.9155212564e-09    5.0462781287e-08    1.4788648279e-08    3.3173109012e-09   -7.7731221844e-10   -7.1762091328e-09
  12.2800000   -2.3752668337e-08    7.4136523318e-09   -3.5484201068e-09    5.1213895342e-08    1.5390087291e-08    2.8145113290e-09   -7.7751326052e-10   -7.1797175871e-09
  12.2900000   -2.2776621039e-08    6.9527071678e-09   -3.1118380971e-09    5.1907734701e-08    1.5950764519e-08    2.3049835761e-09   -7.7752145718e-10   -7.1832479812e-09
  12.3000000   -2.0920291981e-08    6.6335438275e-09   -2.6122860188e-09    5.2537298966e-08    1.6459711580e-08    1.7978962856e-09   -7.7733371743e-10   -7.1867728657e-09
  12.3100000   -1.8246937854e-08    6.4603127405e-09   -2.0577344502e-09    5.3096434067e-08    1.6906883215e-08    1.3024821746e-09   -7.7694017611e-10   -7.1902664124e-09
  12.3200000   -1.4845126257e-08    6.4319404968e-09   -1.4574138633e-09    5.3579907448e-08    1.7283344814e-08    8.2790309819e-10   -7.7634351256e-10   -7.1936956545e-09
  12.3300000   -1.0825802597e-08    6.5424546778e-09   -8.2171551059e-10    5.3983482954e-08    1.7581454023e-08    3.8307390202e-10   -7.7554647109e-10   -7.1970325405e-09
  12.3400000   -6.3187064870e-09    6.7812548774e-09   -1.6195944526e-10    5.4303953385e-08    1.7795003098e-08   -2.3497827038e-11   -7.7454659632e-10   -7.2002498885e-09
  12.3500000   -1.4679601209e-09    7.1336831556e-09    5.0980164170e-10    5.4539194051e-08    1.7919346455e-08   -3.8387402113e-10   -7.7334615651e-10   -7.2033210246e-09
  12.3600000    3.5726282923e-09    7.5817647734e-09    1.1810394268e-09    5.4688225621e-08    1.7951497589e-08   -6.9082732210e-10   -7.7194979754e-10   -7.2062201950e-09
  12.3700000    8.6444988639e-09    8.1048580331e-09    1.8390228042e-09    5.4751181645e-08    1.7890191916e-08   -9.3798302882e-10   -7.7037266567e-10   -7.2089235961e-09
  12.3800000    1.3589649631e-08    8.6806436049e-09    2.4710512371e-09    5.4729352370e-08    1.7735900861e-08   -1.1199533369e-09   -7.6861610950e-10   -7.2114047894e-09
  12.3900000    1.8255632669e-08    9.2859371769e-09    3.0647253670e-09    5.4625126895e-08    1.7490838935e-08   -1.2324104136e-09   -7.6669738791e-10   -7.2136461538e-09
  12.4000000    2.2500502666e-08    9.8976435638e-09    3.6082086537e-09    5.4442020885e-08    1.7158927422e-08   -1.2722281573e-09   -7.6462693584e-10   -7.2156288422e-09
  12.4100000    2.6197299313e-08    1.0493604643e-08    4.0904680955e-09    5.4184565037e-08    1.6745715274e-08   -1.2375316313e-09   -7.6241780820e-10   -7.2173384919e-09
  12.4200000    2.9237931615e-08    1.1053395927e-08    4.5015126097e-09    5.3858265643e-08    1.6258290009e-08   -1.1277347339e-09   -7.6008940384e-10   -7.2187593189e-09
  12.4300000    3.1536543440e-08    1.1559080855e-08    4.8325910154e-09    5.3469519396e-08    1.5705132934e-08   -9.4358841203e-10   -7.5766057893e-10   -7.2198807108e-09
  12.4400000    3.3031885518e-08    1.1995814819e-08    5.0763836462e-09    5.3025510374e-08    1.5095973948e-08   -6.8717583083e-10   -7.5514528753e-10   -7.2207009834e-09
  12.4500000    3.3689034337e-08    1.2352300625e-08    5.2271278289e-09    5.2534095751e-08    1.4441589333e-08   -3.6189674815e-10   -7.5256777857e-10   -7.2212112139e-09
  12.4600000    3.3500119911e-08    1.2621203347e-08    5.2807316914e-09    5.2003697678e-08    1.3753635645e-08    2.7575324544e-11   -7.4994195624e-10   -7.2214107653e-09
  12.4700000    3.2484096103e-08    1.2799193200e-08    5.2348977668e-09    5.1443132822e-08    1.3044384899e-08    4.7535383965e-10   -7.4729473002e-10   -7.2213059505e-09
  12.4800000    3.0685670110e-08    1.2887097216e-08    5.0891021039e-09    5.0861525922e-08    1.2326538667e-08    9.7443455013e-10   -7.4464807443e-10   -7.2209033523e-09
  12.4900000    2.8173424949e-08    1.2889677050e-08    4.8446503061e-09    5.0268114787e-08    1.1612955293e-08    1.5168130323e-09   -7.4202417140e-10   -7.2202062841e-09
  12.5000000    2.5037142520e-08    1.2815422535e-08    4.5046048736e-09    4.9672157396e-08    1.0916433988e-08    2.0935891641e-09   -7.3943419534e-10   -7.2192292384e-09
  12.5100000    2.1384477692e-08    1.2676048512e-08    4.0737376212e-09    4.9082761769e-08    1.0249454863e-08    2.6951194166e-09   -7.3691515570e-10   -7.2179902461e-09
  12.5200000    1.7337116668e-08    1.2486088516e-08    3.5584394524e-09    4.8508776424e-08    9.6239687454e-09    3.3112078987e-09   -7.3447464955e-10   -7.2165011677e-09
  12.5300000    1.3026523797e-08    1.2262211470e-08    2.9665829867e-09    4.7958650965e-08    9.0511425117e-09    3.9312462491e-09   -7.3213905279e-10   -7.2147871900e-09
  12.5400000    8.5895813889e-09    1.2022526752e-08    2.3073758464e-09    4.7440316095e-08    8.5411908400e-09    4.5444159252e-09   -7.2992948658e-10   -7.2128685037e-09
  12.5500000    4.1640062460e-09    1.1785937667e-08    1.5911748239e-09    4.6961126115e-08    8.1031390102e-09    5.1398742883e-09   -7.2785895651e-10   -7.2107682101e-09
  12.5600000   -1.1597932477e-10    1.1571322526e-08    8.2931549166e-10    4.6527741631e-08    7.7447047281e-09    5.7069429430e-09   -7.2594758700e-10   -7.2085162881e-09
  12.5700000   -4.1239120548e-09    1.1396852119e-08    3.3891263933e-11    4.6146059665e-08    7.4721122265e-09    6.2353221473e-09   -7.2420949976e-10   -7.2061358098e-09
  12.5800000   -7.7448096609e-09    1.1279271972e-08   -7.8247997406e-10    4.5821175610e-08    7.2900270691e-09    6.7152585288e-09   -7.2265996849e-10   -7.2036588938e-09
  12.5900000   -1.0878499426e-08    1.1233239347e-08   -1.6068317445e-09    4.5557330113e-08    7.2014249147e-09    7.1377307915e-09   -7.2131288239e-10   -7.2011134494e-09
  12.6000000   -1.3442404057e-08    1.1270784087e-08   -2.4261152008e-09    4.5357890895e-08    7.2075641508e-09    7.4946349020e-09   -7.2017405182e-10   -7.1985318393e-09
  12.6100000   -1.5373486329e-08    1.1400859794e-08   -3.2273772442e-09    4.5225352231e-08    7.3079668028e-09    7.7789315201e-09   -7.1925707892e-10   -7.1959368559e-09
  12.6200000   -1.6629767826e-08    1.1628958999e-08   -3.9980101582e-09    4.5161301425e-08    7.5004433918e-09    7.9848020671e-09   -7.1856224024e-10   -7.1933627238e-09
  12.6300000   -1.7190870997e-08    1.1956870681e-08   -4.7259352125e-09    4.5166452114e-08    7.7811217866e-09    8.1077521907e-09   -7.1810122828e-10   -7.1908362277e-09
  12.6400000   -1.7058030582e-08    1.2382584722e-08   -5.3998208902e-09    4.5240666977e-08    8.1445306493e-09    8.1447245717e-09   -7.1787452428e-10   -7.1883848857e-09
  12.6500000   -1.6253407395e-08    1.2900300727e-08   -6.0092277035e-09    4.5382988318e-08    8.5837038083e-09    8.0941624196e-09   -7.1788306565e-10   -7.1860346240e-09
  12.6600000   -1.4818652268e-08    1.3500570643e-08   -6.5448367691e-09    4.5591607891e-08    9.0903408679e-09    7.9560815902e-09   -7.1812340025e-10   -7.1838076186e-09
  12.6700000   -1.2813160119e-08    1.4170598676e-08   -6.9984960898e-09    4.5864012254e-08    9.6549399880e-09    7.7320723159e-09   -7.1859357532e-10   -7.1817250551e-09
  12.6800000   -1.0311696014e-08    1.4894583937e-08   -7.3634067974e-09    4.6196938956e-08    1.0266999803e-08    7.4252966028e-09   -7.1929580348e-10   -7.1798116211e-09
  12.6900000   -7.4016745341e-09    1.5654284527e-08   -7.6342174562e-09    4.6586459407e-08    1.0915215523e-08    7.0404549832e-09   -7.2021164570e-10   -7.1780782679e-09
  12.7000000   -4.1802657796e-09    1.6429499743e-08   -7.8070963363e-09    4.7028017492e-08    1.1587690353e-08    6.5837355462e-09   -7.2134067149e-10   -7.1765392105e-09
  12.7100000   -7.5132883838e-10    1.7198764474e-08   -7.8797729488e-09    4.7516490743e-08    1.2272168504e-08    6.0626994016e-09   -7.2266691191e-10   -7.1752045810e-09
  12.7200000    2.7777704869e-09    1.7940037355e-08   -7.8515571664e-09    4.8046243491e-08    1.2956270691e-08    5.4861737437e-09   -7.2418624862e-10   -7.1740857024e-09
  12.7300000    6.2992146675e-09    1.8631420880e-08   -7.7233631734e-09    4.8611178291e-08    1.3627719946e-08    4.8641119164e-09   -7.2587894558e-10   -7.1731837805e-09
  12.7400000    9.7077043158e-09    1.9251875599e-08   -7.4976813102e-09    4.9204794917e-08    1.4274580028e-08    4.2074308359e-09   -7.2773622116e-10   -7.1724947327e-09
  12.7500000    1.2903228198e-08    1.9781904805e-08   -7.1784812489e-09    4.9820277852e-08    1.4885460304e-08    3.5278197766e-09   -7.2973877734e-10   -7.1720250185e-09
  12.7600000    1.5793607383e-08    2.0204221666e-08   -6.7711962549e-09    5.0450564783e-08    1.5449758844e-08    2.8375367869e-09   -7.3187409584e-10   -7.1717605389e-09
  12.7700000    1.8296632430e-08    2.0504353889e-08   -6.2825667702e-09    5.1088417082e-08    1.5957826038e-08    2.1491907326e-09   -7.3412324943e-10   -7.1716965594e-09
  12.7800000    2.0342065524e-08    2.0671094258e-08   -5.7205703037e-09    5.1726502116e-08    1.6401163795e-08    1.4755304375e-09   -7.3646778857e-10   -7.1718142052e-09
  12.7900000    2.1873089332e-08    2.0696936193e-08   -5.0942650969e-09    5.2357474479e-08    1.6772554830e-08    8.2918474142e-10   -7.3889425107e-10   -7.1721072384e-09
  12.8000000    2.2847475252e-08    2.0578304135e-08   -4.4136355768e-09    5.2974083447e-08    1.7066214225e-08    2.2246107403e-10   -7.4138674594e-10   -7.1725497409e-09
  12.8100000    2.3238479619e-08    2.0315725799e-08   -3.6894459338e-09    5.3569250291e-08    1.7277878266e-08   -3.3290664567e-10   -7.4392529181e-10   -7.1731215397e-09
  12.8200000    2.3035310162e-08    1.9913797360e-08   -2.9330267015e-09    5.4136161703e-08    1.7404877893e-08   -8.2597841820e-10   -7.4648880274e-10   -7.1737995033e-09
  12.8300000    2.2243187193e-08    1.9381059572e-08   -2.1561375627e-09    5.4668398638e-08    1.7446172847e-08   -1.2468096196e-09   -7.4906767326e-10   -7.1745579707e-09
  12.8400000    2.0883270008e-08    1.8729730113e-08   -1.3707603422e-09    5.5159967911e-08    1.7402369326e-08   -1.5866658665e-09   -7.5164073815e-10   -7.1753678266e-09
  12.8500000    1.8992141147e-08    1.7975319507e-08   -5.8892230525e-10    5.5605472560e-08    1.7275674605e-08   -1.8381914066e-09   -7.5419187363e-10   -7.1762056621e-09
  12.8600000    1.6621011664e-08    1.7136036447e-08    1.7748770290e-10    5.6000138262e-08    1.7069879070e-08   -1.9955617738e-09   -7.5670940879e-10   -7.1770324875e-09
  12.8700000    1.3834629155e-08    1.6232259716e-08    9.1689503288e-10    5.6339908624e-08    1.6790250709e-08   -2.0546291108e-09   -7.5918202088e-10   -7.1778264963e-09
  12.8800000    1.0710015700e-08    1.5285815710e-08    1.6182087735e-09    5.6621535001e-08    1.6443421630e-08   -2.0130011344e-09   -7.6158691301e-10   -7.1785528996e-09
  12.8900000    7.3347612231e-09    1.4319277061e-08    2.2709486146e-09    5.6842636237e-08    1.6037249632e-08   -1.8701293566e-09   -7.6392306017e-10   -7.1791793801e-09
  12.9000000    3.8051788336e-09    1.3355173657e-08    2.8654529115e-09    5.7001717419e-08    1.5580686203e-08   -1.6273357881e-09   -7.6617645362e-10   -7.1796791443e-09
  12.9100000    2.2415406703e-10    1.2415350744e-08    3.3929642703e-09    5.7098215510e-08    1.5083562313e-08   -1.2878211382e-09   -7.6833438405e-10   -7.1800232497e-09
  12.9200000   -3.3011699308e-09    1.1520183894e-08    3.8457401043e-09    5.7132535584e-08    1.4556415705e-08   -8.5662926996e-10   -7.7039531569e-10   -7.1801836815e-09
  12.9300000   -6.6620447718e-09    1.0688010488e-08    4.2171701418e-09    5.7106046221e-08    1.4010287269e-08   -3.4057783436e-10   -7.7234906184e-10   -7.1801289091e-09
  12.9400000   -9.7509004168e-09    9.9346274478e-09    4.5019013103e-09    5.7021051557e-08    1.3456494056e-08    2.5183422032e-10   -7.7419088962e-10   -7.1798415640e-09
  12.9500000   -1.2464236958e-08    9.2727932755e-09    4.6958309986e-09    5.6880751935e-08    1.2906421744e-08    9.1057626023e-10   -7.7592102078e-10   -7.1793000724e-09
  12.9600000   -1.4705647999e-08    8.7120765593e-09    4.7962172929e-09    5.6689229827e-08    1.2371296347e-08    1.6242362407e-09   -7.7753120953e-10   -7.1784811341e-09
  12.9700000   -1.6388889528e-08    8.2586232402e-09    4.8017024465e-09    5.6451318636e-08    1.1861995049e-08    2.3802204237e-09   -7.7902007483e-10   -7.1773701279e-09
  12.9800000   -1.7440831212e-08    7.9151884304e-09    4.7123291225e-09    5.6172575121e-08    1.1388809153e-08    3.1649778005e-09   -7.8038968347e-10   -7.1759563722e-09
  12.9900000   -1.7804343660e-08    7.6813129138e-09    4.5295097019e-09    5.5859148898e-08    1.0961267931e-08    3.9642321780e-09   -7.8164344424e-10   -7.1742276319e-09
  13.0000000   -1.7440820516e-08    7.5535600348e-09    4.2560761293e-09    5.5517687853e-08    1.0587967268e-08    4.7632476647e-09   -7.8277868096e-10   -7.1721753061e-09
  13.0100000   -1.6332390785e-08    7.5259283934e-09    3.8961836003e-09    5.5155185806e-08    1.0276421992e-08    5.5470837637e-09   -7.8379884923e-10   -7.1698006887e-09
  13.0200000   -1.4483685860e-08    7.5902962884e-09    3.4552986194e-09    5.4778902476e-08    1.0032895838e-08    6.3008925840e-09   -7.8470692275e-10   -7.1670996132e-09
  13.0300000   -1.1923008755e-08    7.7369682969e-09    2.9401099564e-09    5.4396189061e-08    9.8623395805e-09    7.0101937611e-09   -7.8551135342e-10   -7.1640857956e-09
  13.0400000   -8.7026618364e-09    7.9552955507e-09    2.3584491395e-09    5.4014345185e-08    9.7682553980e-09    7.6611452782e-09   -7.8620973441e-10   -7.1607601828e-09
  13.0500000   -4.8987853725e-09    8.2341794864e-09    1.7191971505e-09    5.3640509517e-08    9.7526805221e-09    8.2408304869e-09   -7.8681781520e-10   -7.1571347763e-09
  13.0600000   -6.1008466826e-10    8.5626342205e-09    1.0321366312e-09    5.3281530675e-08    9.8161434638e-09    8.7374966260e-09   -7.8732977761e-10   -7.1532224008e-09
  13.0700000    4.0441004106e-09    8.9302318421e-09    3.0784620671e-10    5.2943793879e-08    9.9576716925e-09    9.1408078610e-09   -7.8776191067e-10   -7.1490419467e-09
  13.0800000    8.9267981009e-09    9.3275793872e-09   -4.4247653485e-10    5.2633174970e-08    1.0174812217e-08    9.4420723046e-09   -7.8811660322e-10   -7.1446140870e-09
  13.0900000    1.3886998569e-08    9.7464909656e-09   -1.2071470109e-09    5.2354895913e-08    1.0463699941e-08    9.6343826690e-09   -7.8839996068e-10   -7.1399672897e-09
  13.1000000    1.8764253692e-08    1.0180285949e-08   -1.9741840221e-09    5.2113468001e-08    1.0819141568e-08    9.7128406670e-09   -7.8861585807e-10   -7.1351176519e-09
  13.1100000    2.3393731280e-08    1.0623689839e-08   -2.7315044709e-09    5.1912588714e-08    1.1234703850e-08    9.6746286163e-09   -7.8877152364e-10   -7.1300999901e-09
  13.1200000    2.7611892702e-08    1.1072895499e-08   -3.4670699165e-09    5.1755144808e-08    1.1702864562e-08    9.5191277820e-09   -7.8887335182e-10   -7.1249390559e-09
  13.1300000    3.1262411787e-08    1.1525302478e-08   -4.1690988389e-09    5.1643132476e-08    1.2215169170e-08    9.2479371376e-09   -7.8893012671e-10   -7.1196681861e-09
  13.1400000    3.4202125323e-08    1.1979252181e-08   -4.8262490688e-09    5.1577697405e-08    1.2762365491e-08    8.8648793014e-09   -7.8894093072e-10   -7.1143179679e-09
  13.1500000    3.6307011355e-08    1.2433669967e-08   -5.4277713826e-09    5.1559103270e-08    1.3334624535e-08    8.3759824525e-09   -7.8891159708e-10   -7.1089201641e-09
  13.1600000    3.7477619403e-08    1.2887687147e-08   -5.9637077597e-09    5.1586814634e-08    1.3921690423e-08    7.7893733062e-09   -7.8884907055e-10   -7.1035092925e-09
  13.1700000    3.7643880421e-08    1.3340260418e-08   -6.4250516300e-09    5.1659494703e-08    1.4513105728e-08    7.1151587635e-09   -7.8875528520e-10   -7.0981097909e-09
  13.1800000    3.6769118792e-08    1.3789721009e-08   -6.8038518052e-09    5.1775125793e-08    1.5098376024e-08    6.3652748385e-09   -7.8863134007e-10   -7.0927577212e-09
  13.1900000    3.4852827608e-08    1.4233503449e-08   -7.0933617331e-09    5.1931024979e-08    1.5667212241e-08    5.5532716271e-09   -7.8847894872e-10   -7.0874870431e-09
  13.2000000    3.1932322668e-08    1.4667852368e-08   -7.2881307592e-09    5.2123979416e-08    1.6209664421e-08    4.6940750691e-09   -7.8829606753e-10   -7.0823189617e-09
  13.2100000    2.8082837734e-08    1.5087738348e-08   -7.3840871938e-09    5.2350353796e-08    1.6716353005e-08    3.8037326843e-09   -7.8808988985e-10   -7.0772853611e-09
  13.2200000    2.3416242155e-08    1.5486831443e-08   -7.3785982649e-09    5.2606136291e-08    1.7178596484e-08    2.8991218960e-09   -7.8785905254e-10   -7.0724080456e-09
  13.2300000    1.8078141615e-08    1.5857564174e-08   -7.2704823403e-09    5.2887092192e-08    1.7588593609e-08    1.9976221038e-09   -7.8759857651e-10   -7.0677088657e-09
  13.2400000    1.2243547311e-08    1.6191402417e-08   -7.0600166521e-09    5.3188828783e-08    1.7939537700e-08    1.1168168558e-09   -7.8731132743e-10   -7.0632095707e-09
  13.2500000    6.1112317651e-09    1.6479277254e-08   -6.7489488575e-09    5.3506920257e-08    1.8225750349e-08    2.7413090463e-10   -7.8699436855e-10   -7.0589255520e-09
  13.2600000   -1.0321539431e-10    1.6711937840e-08   -6.3403985416e-09    5.3836989154e-08    1.8442756969e-08   -5.1348297350e-10   -7.8664272325e-10   -7.0548699394e-09
  13.2700000   -6.1751763924e-09    1.6880618917e-08   -5.8388610101e-09    5.4174766137e-08    1.8587367076e-08   -1.2299029823e-09   -7.8625291877e-10   -7.0510515116e-09
  13.2800000   -1.1879492528e-08    1.6977580918e-08   -5.2501055721e-09    5.4516167351e-08    1.8657696610e-08   -1.8601475988e-09   -7.8582758180e-10   -7.0474794539e-09
  13.2900000   -1.6999239597e-08    1.6996717496e-08   -4.5810486230e-09    5.4857367519e-08    1.8653221793e-08   -2.3906588577e-09   -7.8535537784e-10   -7.0441534039e-09
  13.3000000   -2.1334508031e-08    1.6934170780e-08   -3.8396966835e-09    5.5194838357e-08    1.8574741738e-08   -2.8096233847e-09   -7.8483788707e-10   -7.0410729246e-09
  13.3100000   -2.4710743247e-08    1.6788771428e-08   -3.0350176102e-09    5.5525362921e-08    1.8424367302e-08   -3.1072003878e-09   -7.8426855740e-10   -7.0382371079e-09
  13.3200000   -2.6986311676e-08    1.6562499967e-08   -2.1767931263e-09    5.5846084829e-08    1.8205445220e-08   -3.2757403470e-09   -7.8364178311e-10   -7.0356351545e-09
  13.3300000   -2.8058874746e-08    1.6260674359e-08   -1.2754743876e-09    5.6154499496e-08    1.7922485839e-08   -3.3099792867e-09   -7.8295613516e-10   -7.0332586405e-09
  13.3400000   -2.7870463115e-08    1.5892086965e-08   -3.4212256608e-10    5.6448461569e-08    1.7581079345e-08   -3.2071529190e-09   -7.8220590908e-10   -7.0310946360e-09
  13.3500000   -2.6410664066e-08    1.5468872986e-08    6.1181486986e-10    5.6726205027e-08    1.7187765914e-08   -2.9671131079e-09   -7.8138738776e-10   -7.0291245968e-09
  13.3600000   -2.3718083052e-08    1.5006173451e-08    1.5745629586e-09    5.6986290574e-08    1.6749903630e-08   -2.5923335905e-09   -7.8049712144e-10   -7.0273346878e-09
  13.3700000   -1.9879750783e-08    1.4521738051e-08    2.5342572826e-09    5.7227631149e-08    1.6275516478e-08   -2.0879389887e-09   -7.7953281503e-10   -7.0256951150e-09
  13.3800000   -1.5028408639e-08    1.4035130123e-08    3.4789485190e-09    5.7449437917e-08    1.5773163379e-08   -1.4615950578e-09   -7.7849094906e-10   -7.0241870671e-09
  13.3900000   -9.3381103127e-09    1.3567076345e-08    4.3968670899e-09    5.7651242382e-08    1.5251735725e-08   -7.2344260146e-10   -7.7737248092e-10   -7.0227808107e-09
  13.4000000   -3.0177360109e-09    1.3138365698e-08    5.2764617643e-09    5.7832845624e-08    1.4720327426e-08    1.1408728959e-10   -7.7617427170e-10   -7.0214585548e-09
  13.4100000    3.6968710446e-09    1.2769037937e-08    6.1065595984e-09    5.7994312546e-08    1.4188047619e-08    1.0364826603e-09   -7.7489625392e-10   -7.0201861503e-09
  13.4200000    1.0552107093e-08    1.2477231775e-08    6.8765337213e-09    5.8135960083e-08    1.3663838089e-08    2.0274014829e-09   -7.7354039194e-10   -7.0189377522e-09
  13.4300000    1.7286569647e-08    1.2278320091e-08    7.5763552265e-09    5.8258368250e-08    1.3156368378e-08    3.0689514665e-09   -7.7210265536e-10   -7.0176807090e-09
  13.4400000    2.3641513968e-08    1.2183996566e-08    8.1967645217e-09    5.8362295841e-08    1.2673827850e-08    4.1420301084e-09   -7.7059031683e-10   -7.0163914494e-09
  13.4500000    2.9371385540e-08    1.2201536655e-08    8.7293893966e-09    5.8448755911e-08    1.2223819882e-08    5.2266822397e-09   -7.6900723846e-10   -7.0150387301e-09
  13.4600000    3.4253776000e-08    1.2333262355e-08    9.1668245561e-09    5.8518953966e-08    1.1813228414e-08    6.3024553406e-09   -7.6735061629e-10   -7.0135955525e-09
  13.4700000    3.8098516171e-08    1.2576197412e-08    9.5027523155e-09    5.8574302665e-08    1.1448094853e-08    7.3488031952e-09   -7.6562639062e-10   -7.0120364283e-09
  13.4800000    4.0755454366e-08    1.2922022872e-08    9.7320235808e-09    5.8616373808e-08    1.1133554829e-08    8.3454897993e-09   -7.6384586767e-10   -7.0103370727e-09
  13.4900000    4.2120722161e-08    1.3357232157e-08    9.8507964362e-09    5.8646926458e-08    1.0873738141e-08    9.2729676644e-09   -7.6200913367e-10   -7.0084740038e-09
  13.5000000    4.2140813205e-08    1.3863606777e-08    9.8565046286e-09    5.8667847848e-08    1.0671731449e-08    1.0112778473e-08   -7.6012700173e-10   -7.0064301271e-09
  13.5100000    4.0814827347e-08    1.4418885696e-08    9.7480145123e-09    5.8681168940e-08    1.0529536853e-08    1.0847929053e-08   -7.5821217183e-10   -7.0041851501e-09
  13.5200000    3.8194281372e-08    1.4997695825e-08    9.5256063378e-09    5.8689011680e-08    1.0448072439e-08    1.1463228088e-08   -7.5626505254e-10   -7.0017231062e-09
  13.5300000    4.9201206791e-08    1.6918071624e-08    8.8599772380e-09    5.8075856917e-08    1.0427171310e-08    1.1945623867e-08   -7.5429933490e-10   -6.9990332751e-09
  13.5400000    4.6735925228e-08    1.7717891815e-08    8.3001856236e-09    5.8003610031e-08    1.0465624064e-08    1.2284462012e-08   -7.5232634788e-10   -6.9961016164e-09
  13.5500000    4.3152301868e-08    1.8462608299e-08    7.6577052132e-09    5.7977062799e-08    1.0561211285e-08    1.2471718762e-08   -7.5035561510e-10   -6.9929256211e-09
  13.5600000    3.8650687647e-08    1.9117064031e-08    6.9431506452e-09    5.8000841407e-08    1.0710795569e-08    1.2502235500e-08   -7.4840162067e-10   -6.9894987909e-09
  13.5700000    3.3486841369e-08    1.9649446358e-08    6.1680034862e-09    5.8078652841e-08    1.0910369898e-08    1.2373801586e-08   -7.4647445515e-10   -6.9858192196e-09
  13.5800000    2.7957310140e-08    2.0032657772e-08    5.3444344659e-09    5.8213217870e-08    1.1155176549e-08    1.2087251337e-08   -7.4458676870e-10   -6.9818924338e-09
  13.5900000    2.2383051932e-08    2.0245730089e-08    4.4850572321e-09    5.8406157251e-08    1.1439828281e-08    1.1646492804e-08   -7.4274703359e-10   -6.9777167869e-09
  13.6000000    1.7091734676e-08    2.0274895977e-08    3.6027820414e-09    5.8657971960e-08    1.1758375760e-08    1.1058456200e-08   -7.4097287010e-10   -6.9733034985e-09
  13.6100000    1.2400280426e-08    2.0114279472e-08    2.7105664977e-09    5.8967998098e-08    1.2104507181e-08    1.0333004746e-08   -7.3927553918e-10   -6.9686645324e-09
  13.6200000    8.5980320412e-09    1.9766315720e-08    1.8212003410e-09    5.9334400262e-08    1.2471612794e-08    9.4827553571e-09   -7.3767059802e-10   -6.9638097572e-09
  13.6300000    5.9317663867e-09    1.9241651422e-08    9.4709474586e-10    5.9754160516e-08    1.2852948865e-08    8.5228888503e-09   -7.3616495402e-10   -6.9587530842e-09
  13.6400000    4.5932749047e-09    1.8558818316e-08    1.0010486327e-10    6.0223142212e-08    1.3241754127e-08    7.4708455989e-09   -7.3477527285e-10   -6.9535103862e-09
  13.6500000    4.7099046192e-09    1.7743429474e-08   -7.0870889344e-10    6.0736101524e-08    1.3631382522e-08    6.3460590588e-09   -7.3351214073e-10   -6.9481001817e-09
  13.6600000    6.3388592371e-09    1.6827021116e-08   -1.4692305164e-09    6.1286794264e-08    1.4015425450e-08    5.1695438220e-09   -7.3238806044e-10   -6.9425393284e-09
  13.6700000    9.4651939674e-09    1.5845637328e-08   -2.1724789122e-09    6.1868050755e-08    1.4387824434e-08    3.9635383742e-09   -7.3141438883e-10   -6.9368552600e-09
  13.6800000    1.4003698934e-08    1.4838243759e-08   -2.8107173793e-09    6.2471883572e-08    1.4742973560e-08    2.7510533979e-09   -7.3059813622e-10   -6.9310581042e-09
  13.6900000    1.9804374338e-08    1.3844846181e-08   -3.3776234747e-09    6.3089635216e-08    1.5075794878e-08    1.5554621449e-09   -7.2995031417e-10   -6.9251817128e-09
  13.7000000    2.6661091168e-08    1.2904673724e-08   -3.8683314166e-09    6.3712087472e-08    1.5381856168e-08    4.0000541495e-10   -7.2947880408e-10   -6.9192388116e-09
  13.7100000    3.4323109758e-08    1.2054361387e-08   -4.2795338644e-09    6.4329634540e-08    1.5657385741e-08   -6.9264448498e-10   -7.2919570505e-10   -6.9132532050e-09
  13.7200000    4.2508384696e-08    1.1326218609e-08   -4.6095276756e-09    6.4932465568e-08    1.5899359393e-08   -1.7008442558e-09   -7.2910066481e-10   -6.9072445472e-09
  13.7300000    5.0918177835e-08    1.0746711512e-08   -4.8581943322e-09    6.5510689015e-08    1.6105506895e-08   -2.6044132752e-09   -7.2920024588e-10   -6.9012351165e-09
  13.7400000    5.9252123845e-08    1.0335293095e-08   -5.0270118601e-09    6.6054543970e-08    1.6274321878e-08   -3.3850566186e-09   -7.2950385570e-10   -6.8952455023e-09
  13.7500000    6.7222713459e-08    1.0103402485e-08   -5.1189792490e-09    6.6554555615e-08    1.6405121150e-08   -4.0267313947e-09   -7.3000937516e-10   -6.8892885413e-09
  13.7600000    7.4568655431e-08    1.0054032253e-08   -5.1385504647e-09    6.7001712868e-08    1.6497932841e-08   -4.5159981473e-09   -7.3072063006e-10   -6.8833844910e-09
  13.7700000    8.1066273920e-08    1.0181629235e-08   -5.0915148640e-09    6.7387639614e-08    1.6553552409e-08   -4.8423037384e-09   -7.3163728706e-10   -6.8775502810e-09
  13.7800000    8.6538681876e-08    1.0472408052e-08   -4.9848569013e-09    6.7704726170e-08    1.6573456997e-08   -4.9982268246e-09   -7.3275964373e-10   -6.8717921645e-09
  13.7900000    9.0861762885e-08    1.0905098542e-08   -4.8266227977e-09    6.7946311406e-08    1.6559747134e-08   -4.9796486328e-09   -7.3408781047e-10   -6.8661234064e-09
  13.8000000    9.3967506032e-08    1.1452029708e-08   -4.6256963545e-09    6.8106787384e-08    1.6515104576e-08   -4.7858785943e-09   -7.3561324366e-10   -6.8605622601e-09
  13.8100000    9.5844061752e-08    1.2080610830e-08   -4.3916527976e-09    6.8181723369e-08    1.6442675597e-08   -4.4196805632e-09   -7.3733827139e-10   -6.8551038949e-09
  13.8200000    9.6532971211e-08    1.2754975492e-08   -4.1344995049e-09    6.8167949142e-08    1.6346032643e-08   -3.8872755083e-09   -7.3925262437e-10   -6.8497586323e-09
  13.8300000    9.6123769582e-08    1.3437849247e-08   -3.8644666017e-09    6.8063649090e-08    1.6229061888e-08   -3.1982255771e-09   -7.4135156137e-10   -6.8445311961e-09
  13.8400000    9.4746437376e-08    1.4092470893e-08   -3.5917941925e-09    6.7868390435e-08    1.6095861552e-08   -2.3652986340e-09   -7.4362460393e-10   -6.8394191012e-09
  13.8500000    9.2562287978e-08    1.4684433932e-08   -3.3264620134e-09    6.7583148980e-08    1.5950679947e-08   -1.4042095723e-09   -7.4606896710e-10   -6.8344265952e-09
  13.8600000    8.9753802218e-08    1.5183550986e-08   -3.0780122985e-09    6.7210352143e-08    1.5797777746e-08   -3.3338792027e-10   -7.4866904650e-10   -6.8295454644e-09
  13.8700000    8.6514244947e-08    1.5565324268e-08   -2.8553236271e-09    6.6753804851e-08    1.5641371777e-08    8.2643074576e-10   -7.5141621235e-10   -6.8247744325e-09
  13.8800000    8.3037329249e-08    1.5812227309e-08   -2.6663601881e-09    6.6218677371e-08    1.5485541730e-08    2.0525464416e-09   -7.5429625093e-10   -6.8201072004e-09
  13.8900000    7.9508042518e-08    1.5914654038e-08   -2.5180608975e-09    6.5611431620e-08    1.5334143663e-08    3.3207501485e-09   -7.5730566737e-10   -6.8155390326e-09
  13.9000000    7.6094514799e-08    1.5871297471e-08   -2.4161135802e-09    6.4939722293e-08    1.5190743111e-08    4.6058064553e-09   -7.6042249917e-10   -6.8110585174e-09
  13.9100000    7.2941774612e-08    1.5689271794e-08   -2.3648642761e-09    6.4212282408e-08    1.5058544492e-08    5.8819228364e-09   -7.6363706479e-10   -6.8066598859e-09
  13.9200000    7.0167354227e-08    1.5383683525e-08   -2.3671745385e-09    6.3438820628e-08    1.4940346375e-08    7.1232942416e-09   -7.6693455106e-10   -6.8023316604e-09
  13.9300000    6.7858910386e-08    1.4976778509e-08   -2.4243872991e-09    6.2629823772e-08    1.4838492623e-08    8.3045900728e-09   -7.7030603706e-10   -6.7980650814e-09
  13.9400000    6.6073895369e-08    1.4496771862e-08   -2.5362395907e-09    6.1796456608e-08    1.4754844893e-08    9.4014869761e-09   -7.7372804801e-10   -6.7938478466e-09
  13.9500000    6.4840930315e-08    1.3976264689e-08   -2.7009206642e-09    6.0950334095e-08    1.4690757495e-08    1.0391159759e-08   -7.7719122009e-10   -6.7896673324e-09
  13.9600000    6.4162798879e-08    1.3450518734e-08   -2.9150531234e-09    6.0103380231e-08    1.4647079524e-08    1.1252756344e-08   -7.8068464892e-10   -6.7855209828e-09
  13.9700000    6.4020442565e-08    1.2955512173e-08   -3.1737863012e-09    5.9267609450e-08    1.4624144613e-08    1.1967815005e-08   -7.8418464666e-10   -6.7813928381e-09
  13.9800000    6.4377842806e-08    1.2526025477e-08   -3.4708985951e-09    5.8454983636e-08    1.4621797212e-08    1.2520700857e-08   -7.8768502195e-10   -6.7772752593e-09
  13.9900000    6.5186977591e-08    1.2193697801e-08   -3.7989352780e-09    5.7677193280e-08    1.4639407657e-08    1.2898896911e-08   -7.9117468741e-10   -6.7731627107e-09
  14.0000000    6.6392719400e-08    1.1985388000e-08   -4.1493882593e-09    5.6945487152e-08    1.4675930345e-08    1.3093305853e-08   -7.9462731833e-10   -6.7690462093e-09
  14.0100000    6.7937222018e-08    1.1921653416e-08   -4.5128762042e-09    5.6270501430e-08    1.4729911083e-08    1.3098463603e-08   -7.9803988454e-10   -6.7649180640e-09
  14.0200000    6.9763341981e-08    1.2015703642e-08   -4.8793920514e-09    5.5662109138e-08    1.4799566078e-08    1.2912683898e-08   -8.0139383524e-10   -6.7607774916e-09
  14.0300000    7.1816951663e-08    1.2272660744e-08   -5.2385071963e-09    5.5129261079e-08    1.4882828969e-08    1.2538097593e-08   -8.0468111190e-10   -6.7566187855e-09
  14.0400000    7.4048241783e-08    1.2689364096e-08   -5.5796502964e-09    5.4679859810e-08    1.4977397876e-08    1.1980677698e-08   -8.0788343649e-10   -6.7524402432e-09
  14.0500000    7.6411651213e-08    1.3254481389e-08   -5.8923649545e-09    5.4320672477e-08    1.5080822149e-08    1.1250121379e-08   -8.1099843311e-10   -6.7482414636e-09
  14.0600000    7.8864851612e-08    1.3949273189e-08   -6.1665546447e-09    5.4057204048e-08    1.5190556964e-08    1.0359711901e-08   -8.1401194419e-10   -6.7440262431e-09
  14.0700000    8.1366866769e-08    1.4748580182e-08   -6.3927537826e-09    5.3893656614e-08    1.5304014763e-08    9.3260554914e-09   -8.1691323690e-10   -6.7397979722e-09
  14.0800000    8.3875675502e-08    1.5622280015e-08   -6.5623699870e-09    5.3832866073e-08    1.5418650279e-08    8.1687853956e-09   -8.1969457875e-10   -6.7355576139e-09
  14.0900000    8.6345607173e-08    1.6536968726e-08   -6.6679190240e-09    5.3876298332e-08    1.5532005945e-08    6.9101778304e-09   -8.2234233064e-10   -6.7313143007e-09
  14.1000000    8.8724960542e-08    1.7457715781e-08   -6.7032122612e-09    5.4024037434e-08    1.5641761338e-08    5.5747462246e-09   -8.2485762234e-10   -6.7270742793e-09
  14.1100000    9.0954275796e-08    1.8350064227e-08   -6.6635516257e-09    5.4274807911e-08    1.5745809922e-08    4.1887445344e-09   -8.2722751919e-10   -6.7228462711e-09
  14.1200000    9.2965289551e-08    1.9181819770e-08   -6.5458788753e-09    5.4626050391e-08    1.5842258655e-08    2.7796348192e-09   -8.2945013146e-10   -6.7186435151e-09
  14.1300000    9.4681376741e-08    1.9924751698e-08   -6.3488759739e-09    5.5073936832e-08    1.5929504744e-08    1.3755833955e-09   -8.3151755489e-10   -6.7144749614e-09
  14.1400000    9.6019108883e-08    2.0555975325e-08   -6.0730164749e-09    5.5613484410e-08    1.6006223995e-08    4.8654443224e-12   -8.3342899606e-10   -6.7103514419e-09
  14.1500000    9.6891189288e-08    2.1059051014e-08   -5.7206373359e-09    5.6238684002e-08    1.6071442886e-08   -1.3047185244e-09   -8.3517535035e-10   -6.7062908996e-09
  14.1600000    9.7210822815e-08    2.1424650845e-08   -5.2958708290e-09    5.6942561851e-08    1.6124457000e-08   -2.5263630163e-09   -8.3675939172e-10   -6.7023051847e-09
  14.1700000    9.6897112865e-08    2.1650709461e-08   -4.8046342076e-09    5.7717361852e-08    1.6164942104e-08   -3.6348599680e-09   -8.3817553586e-10   -6.6984120075e-09
  14.1800000    9.5881254776e-08    2.1742232575e-08   -4.2544865554e-09    5.8554638443e-08    1.6192876239e-08   -4.6070887946e-09   -8.3942195488e-10   -6.6946204067e-09
  14.1900000    9.4113181210e-08    2.1710587453e-08   -3.6544943792e-09    5.9445444095e-08    1.6208527851e-08   -5.4225146657e-09   -8.4049644304e-10   -6.6909511846e-09
  14.2000000    9.1567997492e-08    2.1572430160e-08   -3.0150672920e-09    6.0380460933e-08    1.6212448490e-08   -6.0636162409e-09   -8.4139642623e-10   -6.6874149543e-09
  14.2100000    8.8251930762e-08    2.1348302208e-08   -2.3477116810e-09    6.1350141877e-08    1.6205443764e-08   -6.5162649742e-09   -8.4212484833e-10   -6.6840313381e-09
  14.2200000    8.4206928903e-08    2.1061024331e-08   -1.6648065522e-09    6.2344898654e-08    1.6188528831e-08   -6.7700431330e-09   -8.4267833694e-10   -6.6808095755e-09
  14.2300000    7.9513965767e-08    2.0733889994e-08   -9.7930333650e-10    6.3355213523e-08    1.6162890452e-08   -6.8184656706e-09   -8.4305853841e-10   -6.6777660794e-09
  14.2400000    7.4293845354e-08    2.0389004340e-08   -3.0445223881e-10    6.4371790922e-08    1.6129849459e-08   -6.6591590683e-09   -8.4326551235e-10   -6.6749136755e-09
  14.2500000    6.8705960497e-08    2.0045607918e-08    3.4650597888e-10    6.5385696465e-08    1.6090802057e-08   -6.2939323829e-09   -8.4330422609e-10   -6.6722641211e-09
  14.2600000    6.2944348457e-08    1.9718711518e-08    9.6066565637e-10    6.6388488032e-08    1.6047170366e-08   -5.7287382756e-09   -8.4316670742e-10   -6.6698315021e-09
  14.2700000    5.7231265164e-08    1.9418005324e-08    1.5257441197e-09    6.7372296338e-08    1.6000369744e-08   -4.9736177987e-09   -8.4286154838e-10   -6.6676230407e-09
  14.2800000    5.1808354616e-08    1.9147204569e-08    2.0303914045e-09    6.8329953288e-08    1.5951749557e-08   -4.0425181876e-09   -8.4238897370e-10   -6.6656518434e-09
  14.2900000    4.6925682853e-08    1.8903865130e-08    2.4644924489e-09    6.9255056037e-08    1.5902565902e-08   -2.9529993342e-09   -8.4174258912e-10   -6.6639174409e-09
  14.3000000    4.2829188446e-08    1.8679666175e-08    2.8194062644e-09    7.0142040507e-08    1.5853926862e-08   -1.7259509203e-09   -8.4093360164e-10   -6.6624340312e-09
  14.3100000    3.9747325487e-08    1.8461158602e-08    3.0881970580e-09    7.0986237270e-08    1.5806757855e-08   -3.8514421419e-10   -8.3995470593e-10   -6.6611964117e-09
  14.3200000    3.7877313223e-08    1.8230986964e-08    3.2658515738e-09    7.1783888383e-08    1.5761803451e-08    1.0432137420e-09   -8.3881386681e-10   -6.6602154745e-09
  14.3300000    3.7372042230e-08    1.7969378068e-08    3.3494156053e-09    7.2532188393e-08    1.5719556257e-08    2.5310198858e-09   -8.3750469538e-10   -6.6594878121e-09
  14.3400000    3.8328372411e-08    1.7655957365e-08    3.3381247057e-09    7.3229288762e-08    1.5680268735e-08    4.0488090761e-09   -8.3603329626e-10   -6.6590161518e-09
  14.3500000    4.0777722419e-08    1.7271707710e-08    3.2334472448e-09    7.3874253778e-08    1.5643971748e-08    5.5663710734e-09   -8.3440001906e-10   -6.6587958533e-09
  14.3600000    4.4679351859e-08    1.6800937846e-08    3.0391245318e-09    7.4467078492e-08    1.5610427132e-08    7.0533495970e-09   -8.3260929315e-10   -6.6588264212e-09
  14.3700000    4.9917341607e-08    1.6233017725e-08    2.7611219331e-09    7.5008610559e-08    1.5579172897e-08    8.4798702537e-09   -8.3065551684e-10   -6.6590992886e-09
  14.3800000    5.6301398367e-08    1.5563977967e-08    2.4075283547e-09    7.5500543939e-08    1.5549512456e-08    9.8171517357e-09   -8.2854390449e-10   -6.6596069838e-09
  14.3900000    6.3571679066e-08    1.4797644670e-08    1.9884385779e-09    7.5945327591e-08    1.5520580188e-08    1.1038102467e-08   -8.2627440323e-10   -6.6603441863e-09
  14.4000000    7.1407841874e-08    1.3946350375e-08    1.5157732734e-09    7.6346090731e-08    1.5491312545e-08    1.2117894584e-08   -8.2385014627e-10   -6.6613044697e-09
  14.4100000    7.9441755770e-08    1.3030943797e-08    1.0030163104e-09    7.6706610668e-08    1.5460534361e-08    1.3034460129e-08   -8.2126935184e-10   -6.6624693057e-09
  14.4200000    8.7273616761e-08    1.2080413010e-08    4.6498049031e-10    7.7031189633e-08    1.5426981804e-08    1.3768968555e-08   -8.1853634645e-10   -6.6638316678e-09
  14.4300000    9.4490677342e-08    1.1130702175e-08   -8.2525760969e-11    7.7324599828e-08    1.5389352937e-08    1.4306251080e-08   -8.1565264505e-10   -6.6653791540e-09
  14.4400000    1.0068771444e-07    1.0223138645e-08   -6.2297957595e-10    7.7591963953e-08    1.5346343534e-08    1.4635102348e-08   -8.1261954176e-10   -6.6670963681e-09
  14.4500000    1.0548804441e-07    9.4023072626e-09   -1.1395757366e-09    7.7838683484e-08    1.5296704711e-08    1.4748538921e-08   -8.0943752215e-10   -6.6689659716e-09
  14.4600000    1.0856432035e-07    8.7135329989e-09   -1.6155227547e-09    7.8070382595e-08    1.5239301971e-08    1.4643975111e-08   -8.0611537197e-10   -6.6709732009e-09
  14.4700000    1.0965762775e-07    8.2002136147e-09   -2.0344572651e-09    7.8292763758e-08    1.5173153530e-08    1.4323280309e-08   -8.0265075309e-10   -6.6731079253e-09
  14.4800000    1.0859387406e-07    7.9010532143e-09   -2.3808173462e-09    7.8511549278e-08    1.5097475998e-08    1.3792779437e-08   -7.9904835499e-10   -6.6753455686e-09
  14.4900000    1.0529669253e-07    7.8473893141e-09   -2.6401750023e-09    7.8732424580e-08    1.5011728196e-08    1.3063120910e-08   -7.9531225059e-10   -6.6776704843e-09
  14.5000000    9.9795570159e-08    8.0608222727e-09   -2.7996130047e-09    7.8960929682e-08    1.4915653598e-08    1.2149103599e-08   -7.9145224186e-10   -6.6800661232e-09
  14.5100000    9.2229145771e-08    8.5513082510e-09   -2.8480394336e-09    7.9202394232e-08    1.4809318474e-08    1.1069370422e-08   -7.8746465945e-10   -6.6825164927e-09
  14.5200000    8.2842767251e-08    9.3158018789e-09   -2.7764691959e-09    7.9461874958e-08    1.4693109689e-08    9.8460591885e-09   -7.8335950205e-10   -6.6850055237e-09
  14.5300000    7.1980699071e-08    1.0337624680e-08   -2.5782619632e-09    7.9744095129e-08    1.4567779854e-08    8.5043306234e-09   -7.7914279202e-10   -6.6875116125e-09
  14.5400000    6.0072833521e-08    1.1586608929e-08   -2.2493733330e-09    8.0053376212e-08    1.4434444043e-08    7.0718992107e-09   -7.7482244511e-10   -6.6900195538e-09
  14.5500000    4.7616692146e-08    1.3019951138e-08   -1.7884358229e-09    8.0393598383e-08    1.4294581377e-08    5.5784480993e-09   -7.7040563193e-10   -6.6925167592e-09
  14.5600000    3.5155287922e-08    1.4583970506e-08   -1.1969295344e-09    8.0768141126e-08    1.4150011862e-08    4.0550256094e-09   -7.6590062719e-10   -6.6949834974e-09
  14.5700000    2.3252199426e-08    1.6216468093e-08   -4.7918906341e-10    8.1179856300e-08    1.4002897562e-08    2.5334236097e-09   -7.6131299975e-10   -6.6974041421e-09
  14.5800000    1.2464571453e-08    1.7849724387e-08    3.5759022445e-10    8.1631002052e-08    1.3855701189e-08    1.0454930753e-09   -7.5665905221e-10   -6.6997666715e-09
  14.5900000    3.3159888795e-09    1.9413902277e-08    1.3034428119e-09    8.2123238356e-08    1.3711149867e-08   -3.7749520168e-10   -7.5194189306e-10   -6.7020574291e-09
  14.6000000   -3.7299892767e-09    2.0840726070e-08    2.3457471452e-09    8.2657576111e-08    1.3572172224e-08   -1.7054993668e-09   -7.4717880055e-10   -6.7042613900e-09
  14.6100000   -8.2936491383e-09    2.2067223523e-08    3.4694172629e-09    8.3234351234e-08    1.3441877859e-08   -2.9103552816e-09   -7.4237831506e-10   -6.7063712404e-09
  14.6200000   -1.0099582180e-08    2.3039214710e-08    4.6571478021e-09    8.3853209025e-08    1.3323469766e-08   -3.9663474395e-09   -7.3754927769e-10   -6.7083713210e-09
  14.6300000   -8.9922287021e-09    2.3714557026e-08    5.8896847606e-09    8.4513073346e-08    1.3220188452e-08   -4.8507765140e-09   -7.3270968287e-10   -6.7102560374e-09
  14.6400000   -4.9459935499e-09    2.4065643638e-08    7.1461819386e-09    8.5212128287e-08    1.3135230182e-08   -5.5444112347e-09   -7.2786976662e-10   -6.7120160386e-09
  14.6500000    1.9311113427e-09    2.4081346972e-08    8.4045494662e-09    8.5947796976e-08    1.3071687401e-08   -6.0319363272e-09   -7.2304003304e-10   -6.7136445797e-09
  14.6600000    1.1400096888e-08    2.3767864820e-08    9.6418605808e-09    8.6716756647e-08    1.3032473534e-08   -6.3022744844e-09   -7.1823411730e-10   -6.7151350983e-09
  14.6700000    2.3100210484e-08    2.3148900270e-08    1.0834771593e-08    8.7514893690e-08    1.3020241059e-08   -6.3488239319e-09   -7.1346962164e-10   -6.7164800071e-09
  14.6800000    3.6564309561e-08    2.2264613030e-08    1.1959984883e-08    8.8337326036e-08    1.3037314121e-08   -6.1696399142e-09   -7.0876164668e-10   -6.7176779338e-09
  14.6900000    5.1239493014e-08    2.1169757001e-08    1.2994652624e-08    8.9178391253e-08    1.3085625372e-08   -5.7674654371e-09   -7.0411909570e-10   -6.7187257108e-09
  14.7000000    6.6512102636e-08    1.9930942241e-08    1.3916858074e-08    9.0031680287e-08    1.3166638421e-08   -5.1497075901e-09   -6.9955759842e-10   -6.7196240945e-09
  14.7100000    8.1736072726e-08    1.8623216773e-08    1.4706024159e-08    9.0890010547e-08    1.3281309020e-08   -4.3283105459e-09   -6.9509124758e-10   -6.7203703908e-09
  14.7200000    9.6262998443e-08    1.7326005259e-08    1.5343345104e-08    9.1745486905e-08    1.3430041055e-08   -3.3194931163e-09   -6.9073234747e-10   -6.7209656172e-09
  14.7300000    1.0947234594e-07    1.6118899199e-08    1.5812165178e-08    9.2589520187e-08    1.3612640112e-08   -2.1434756051e-09   -6.8649910335e-10   -6.7214129962e-09
  14.7400000    1.2080064528e-07    1.5077189194e-08    1.6098323652e-08    9.3412878918e-08    1.3828269304e-08   -8.2403065604e-10   -6.8240383761e-10   -6.7217084983e-09
  14.7500000    1.2976798674e-07    1.4267727895e-08    1.6190482148e-08    9.4205736405e-08    1.4075485762e-08    6.1198165244e-10   -6.7845031303e-10   -6.7218643370e-09
  14.7600000    1.3600038716e-07    1.3745056707e-08    1.6080365425e-08    9.4957747994e-08    1.4352195144e-08    2.1351624470e-09   -6.7465902207e-10   -6.7218752030e-09
  14.7700000    1.3924726846e-07    1.3548304998e-08    1.5762978875e-08    9.5658114430e-08    1.4655674401e-08    3.7141964898e-09   -6.7104272572e-10   -6.7217550315e-09
  14.7800000    1.3939278830e-07    1.3698768429e-08    1.5236757890e-08    9.6295684241e-08    1.4982611013e-08    5.3164644307e-09   -6.6760881174e-10   -6.7215030095e-09
  14.7900000    1.3646087784e-07    1.4198546322e-08    1.4503643648e-08    9.6859070619e-08    1.5329118770e-08    6.9087568519e-09   -6.6437031084e-10   -6.7211255919e-09
  14.8000000    1.3061343333e-07    1.5030210103e-08    1.3569107849e-08    9.7336752523e-08    1.5690816269e-08    8.4579439858e-09   -6.6133372662e-10   -6.7206283868e-09
  14.8100000    1.2214195645e-07    1.6157412495e-08    1.2442116339e-08    9.7717224117e-08    1.6062864164e-08    9.9316756599e-09   -6.5850609939e-10   -6.7200205411e-09
  14.8200000    1.1145310180e-07    1.7526745747e-08    1.1135007466e-08    9.7989124545e-08    1.6440045108e-08    1.1299065605e-08   -6.5589595114e-10   -6.7193037781e-09
  14.8300000    9.9048843396e-08    1.9070376059e-08    9.6633321767e-09    9.8141414264e-08    1.6816865817e-08    1.2531348611e-08   -6.5351452369e-10   -6.7184886994e-09
  14.8400000    8.5502329463e-08    2.0709557260e-08    8.0456020131e-09    9.8163516781e-08    1.7187618850e-08    1.3602465639e-08   -6.5136432070e-10   -6.7175782028e-09
  14.8500000    7.1430548514e-08    2.2358757951e-08    6.3030166123e-09    9.8045498596e-08    1.7546519930e-08    1.4489656424e-08   -6.4945024340e-10   -6.7165793789e-09
  14.8600000    5.7465403962e-08    2.3930107134e-08    4.4591053771e-09    9.7778263485e-08    1.7887778753e-08    1.5173928844e-08   -6.4777515963e-10   -6.7155037326e-09
  14.8700000    4.4224216274e-08    2.5338023179e-08    2.5393501928e-09    9.7353716646e-08    1.8205738962e-08    1.5640471173e-08   -6.4634176811e-10   -6.7143478832e-09
  14.8800000    3.2281644275e-08    2.6503744712e-08    5.7074705414e-10    9.6764963438e-08    1.8494955556e-08    1.5878968628e-08   -6.4514921479e-10   -6.7131180588e-09
  14.8900000    2.2143892189e-08    2.7359455833e-08   -1.4186458852e-09    9.6006482438e-08    1.8750325099e-08    1.5883881536e-08   -6.4419940891e-10   -6.7118272358e-09
  14.9000000    1.4226603969e-08    2.7851773881e-08   -3.4002063561e-09    9.5074275419e-08    1.8967186318e-08    1.5654510314e-08   -6.4348915079e-10   -6.7104719291e-09
  14.9100000    8.8374926661e-09    2.7944581300e-08   -5.3452099641e-09    9.3966067740e-08    1.9141423499e-08    1.5195105414e-08   -6.4302143578e-10   -6.7090586561e-09
  14.9200000    6.1642521996e-09    2.7620827139e-08   -7.2253764486e-09    9.2681442382e-08    1.9269548676e-08    1.4514717072e-08   -6.4278539984e-10   -6.7075884531e-09
  14.9300000    6.2684806157e-09    2.6883285035e-08   -9.0133379346e-09    9.1221975730e-08    1.9348793767e-08    1.3627109220e-08   -6.4278033182e-10   -6.7060682383e-09
  14.9400000    9.0855041753e-09    2.5754390416e-08   -1.0683121975e-08    8.9591362331e-08    1.9377189191e-08    1.2550410363e-08   -6.4300276025e-10   -6.7045005589e-09
  14.9500000    1.4430159005e-08    2.4274918819e-08   -1.2210626378e-08    8.7795477916e-08    1.9353590892e-08    1.1306803399e-08   -6.4344279605e-10   -6.7028813957e-09
  14.9600000    2.2008029277e-08    2.2501765480e-08   -1.3574034362e-08    8.5842472195e-08    1.9277772624e-08    9.9220403235e-09   -6.4409749629e-10   -6.7012129668e-09
  14.9700000    3.1431505472e-08    2.0504975667e-08   -1.4754202434e-08    8.3742789830e-08    1.9150410810e-08    8.4249565735e-09   -6.4495273951e-10   -6.6994971036e-09
  14.9800000    4.2239670235e-08    1.8364032994e-08   -1.5735014519e-08    8.1509176299e-08    1.8973106651e-08    6.8468310995e-09   -6.4599836323e-10   -6.6977341587e-09
  14.9900000    5.3921080779e-08    1.6163841288e-08   -1.6503654911e-08    7.9156642295e-08    1.8748387441e-08    5.2207835631e-09   -6.4722729788e-10   -6.6959229601e-09
  15.0000000    6.5938280673e-08    1.3990436406e-08   -1.7050864757e-08    7.6702411177e-08    1.8479683562e-08    3.5810556146e-09   -6.4862610945e-10   -6.6940618661e-09
  15.0100000    7.7752657029e-08    1.1926788582e-08   -1.7371055041e-08    7.4165786643e-08    1.8171280301e-08    1.9623306224e-09   -6.5018918110e-10   -6.6921523561e-09
  15.0200000    8.8848861798e-08    1.0048837934e-08   -1.7462451041e-08    7.1568025772e-08    1.7828253683e-08    3.9896442251e-10   -6.5189870767e-10   -6.6901888721e-09
  15.0300000    9.8757130193e-08    8.4220623800e-09   -1.7327102775e-08    6.8932177361e-08    1.7456389314e-08   -1.0756991151e-09   -6.5374563943e-10   -6.6881715026e-09
  15.0400000    1.0707307191e-07    7.0986280662e-09   -1.6970837194e-08    6.6282832383e-08    1.7062103206e-08   -2.4300206125e-09   -6.5571655407e-10   -6.6861003453e-09
  15.0500000    1.1347375884e-07    6.1154151463e-09   -1.6403171550e-08    6.3645896598e-08    1.6652318048e-08   -3.6347654571e-09   -6.5779668363e-10   -6.6839680638e-09
  15.0600000    1.1772964470e-07    5.4928080544e-09   -1.5637089581e-08    6.1048298796e-08    1.6234384194e-08   -4.6636992347e-09   -6.5997458412e-10   -6.6817747437e-09
  15.0700000    1.1971188411e-07    5.2344622232e-09   -1.4688861218e-08    5.8517687131e-08    1.5815898537e-08   -5.4941586776e-09   -6.6223708284e-10   -6.6795175957e-09
  15.0800000    1.1939494151e-07    5.3279192352e-09   -1.3577700736e-08    5.6082066317e-08    1.5404588088e-08   -6.1075198405e-09   -6.6457151671e-10   -6.6771942351e-09
  15.0900000    1.1685449271e-07    5.7460472421e-09   -1.2325413855e-08    5.3769478554e-08    1.5008161884e-08   -6.4896129302e-09   -6.6695975833e-10   -6.6748034764e-09
  15.1000000    1.1226100250e-07    6.4491570551e-09   -1.0956000639e-08    5.1607593835e-08    1.4634180622e-08   -6.6310181344e-09   -6.6939677510e-10   -6.6723446367e-09
  15.1100000    1.0586924792e-07    7.3877334859e-09   -9.4952235267e-09    4.9623331310e-08    1.4289889833e-08   -6.5273002813e-09   -6.7186566273e-10   -6.6698145886e-09
  15.1200000    9.8004758419e-08    8.5055075914e-09   -7.9701119252e-09    4.7842482740e-08    1.3982084138e-08   -6.1790770287e-09   -6.7435505329e-10   -6.6672120421e-09
  15.1300000    8.9047569587e-08    9.7426839736e-09   -6.4084790028e-09    4.6289297086e-08    1.3716968395e-08   -5.5920478718e-09   -6.7685525317e-10   -6.6645389839e-09
  15.1400000    7.9414269030e-08    1.1039261506e-08   -4.8384056188e-09    4.4986104291e-08    1.3500028428e-08   -4.7768896743e-09   -6.7934899689e-10   -6.6617896109e-09
  15.1500000    6.9539195909e-08    1.2338071224e-08   -3.2877306769e-09    4.3952964112e-08    1.3335899810e-08   -3.7490242510e-09   -6.8183653598e-10   -6.6589666103e-09
  15.1600000    5.9855734140e-08    1.3587618309e-08   -1.7835307182e-09    4.3207284311e-08    1.3228278171e-08   -2.5283225782e-09   -6.8430244928e-10   -6.6560718125e-09
  15.1700000    5.0778140753e-08    1.4744316484e-08   -3.5163642655e-10    4.2763532868e-08    1.3179819274e-08   -1.1387048224e-09   -6.8673292956e-10   -6.6531060928e-09
  15.1800000    4.2685189344e-08    1.5774150445e-08    9.8385998169e-10    4.2632922274e-08    1.3192056614e-08    3.9235379254e-10   -6.8912923936e-10   -6.6500671480e-09
  15.1900000    3.5905724701e-08    1.6653794173e-08    2.2010045172e-09    4.2823187512e-08    1.3265395181e-08    2.0344100995e-09   -6.9148429418e-10   -6.6469592331e-09
  15.2000000    3.0706935766e-08    1.7371012495e-08    3.2804069551e-09    4.3338368665e-08    1.3399007874e-08    3.7546385941e-09   -6.9378554699e-10   -6.6437853617e-09
  15.2100000    2.7285652733e-08    1.7924326660e-08    4.2055869570e-09    4.4178641362e-08    1.3590886511e-08    5.5185397573e-09   -6.9603564517e-10   -6.6405471641e-09
  15.2200000    2.5762669289e-08    1.8322325471e-08    4.9632550152e-09    4.5340267387e-08    1.3837841015e-08    7.2906556043e-09   -6.9822379658e-10   -6.6372463512e-09
  15.2300000    2.6180521137e-08    1.8582179987e-08    5.5435316173e-09    4.6815511540e-08    1.4135522322e-08    9.0353030899e-09   -7.0035349286e-10   -6.6338883738e-09
  15.2400000    2.8504364150e-08    1.8728008366e-08    5.9401450787e-09    4.8592675659e-08    1.4478484946e-08    1.0717306207e-08   -7.0241584719e-10   -6.6304711758e-09
  15.2500000    3.2625855912e-08    1.8788796757e-08    6.1505038082e-09    5.0656177806e-08    1.4860306041e-08    1.2302745838e-08   -7.0441775280e-10   -6.6270020980e-09
  15.2600000    3.8369616398e-08    1.8796327178e-08    6.1757381134e-09    5.2986709263e-08    1.5273634392e-08    1.3759650870e-08   -7.0635859573e-10   -6.6234849813e-09
  15.2700000    4.5502239908e-08    1.8782995282e-08    6.0206212312e-09    5.5561420785e-08    1.5710358751e-08    1.5058675289e-08   -7.0824041958e-10   -6.6199198153e-09
  15.2800000    5.3742960537e-08    1.8779839502e-08    5.6935134840e-09    5.8354202492e-08    1.6161728021e-08    1.6173727276e-08   -7.1006337728e-10   -6.6163113923e-09
  15.2900000    6.2775813288e-08    1.8814758292e-08    5.2061150993e-09    6.1335992532e-08    1.6618519239e-08    1.7082488195e-08   -7.1183952464e-10   -6.6126606759e-09
  15.3000000    7.2262689190e-08    1.8911043532e-08    4.5732703798e-09    6.4475163343e-08    1.7071197935e-08    1.7766889108e-08   -7.1356393050e-10   -6.6089731990e-09
  15.3100000    8.1856638967e-08    1.9086348873e-08    3.8126312759e-09    6.7737946133e-08    1.7510100813e-08    1.8213503274e-08   -7.1524757373e-10   -6.6052516753e-09
  15.3200000    9.1215102465e-08    1.9351901867e-08    2.9443170881e-09    7.1088883419e-08    1.7925630718e-08    1.8413818749e-08   -7.1689959854e-10   -6.6014965920e-09
  15.3300000    1.0001254461e-07    1.9712418666e-08    1.9904770331e-09    7.4491329581e-08    1.8308424209e-08    1.8364422641e-08   -7.1852454234e-10   -6.5977075348e-09
  15.3400000    1.0795211374e-07    2.0166196328e-08    9.7487581763e-10    7.7907993446e-08    1.8649571929e-08    1.8067078400e-08   -7.2013291914e-10   -6.5938901082e-09
  15.3500000    1.1477579518e-07    2.0705489296e-08   -7.7602462257e-11    8.1301469220e-08    1.8940758306e-08    1.7528669355e-08   -7.2173188699e-10   -6.5900436412e-09
  15.3600000    1.2027299850e-07    2.1317457822e-08   -1.1414562505e-09    8.4634800007e-08    1.9174491416e-08    1.6761089107e-08   -7.2333221670e-10   -6.5861646843e-09
  15.3700000    1.2428717004e-07    2.1985057073e-08   -2.1910701887e-09    8.7872014426e-08    1.9344224562e-08    1.5780980336e-08   -7.2494685578e-10   -6.5822595762e-09
  15.3800000    1.2672022242e-07    2.2688200512e-08   -3.2012427024e-09    9.0978713604e-08    1.9444520072e-08    1.4609381055e-08   -7.2658224951e-10   -6.5783235291e-09
  15.3900000    1.2753486355e-07    2.3404892668e-08   -4.1476633626e-09    9.3922572114e-08    1.9471187156e-08    1.3271304622e-08   -7.2824599981e-10   -6.5743603236e-09
  15.4000000    1.2675465456e-07    2.4112470963e-08   -5.0074295528e-09    9.6673843647e-08    1.9421380075e-08    1.1795200675e-08   -7.2996175055e-10   -6.5703610462e-09
  15.4100000    1.2446178353e-07    2.4788520263e-08   -5.7594934296e-09    9.9205837854e-08    1.9293697839e-08    1.0212387933e-08   -7.3172854605e-10   -6.5663313962e-09
  15.4200000    1.2079283496e-07    2.5411970035e-08   -6.3851025614e-09    1.0149533393e-07    1.9088234789e-08    8.5563742450e-09   -7.3356228842e-10   -6.5622613314e-09
  15.4300000    1.1593255082e-07    2.5963753320e-08   -6.8681513963e-09    1.0352294792e-07    1.8806627954e-08    6.8621694741e-09   -7.3547391962e-10   -6.5581563238e-09
  15.4400000    1.1010582917e-07    2.6427353325e-08   -7.1955212931e-09    1.0527344921e-07    1.8452048052e-08    5.1655639757e-09   -7.3747084311e-10   -6.5540056109e-09
  15.4500000    1.0356843012e-07    2.6789242240e-08   -7.3573636771e-09    1.0673600649e-07    1.8029196234e-08    3.5023753844e-09   -7.3956439088e-10   -6.5498072451e-09
  15.4600000    9.6596474956e-08    2.7039041727e-08   -7.3472780882e-09    1.0790433844e-07    1.7544216123e-08    1.9077039165e-09   -7.4176130631e-10   -6.5455633731e-09
  15.4700000    8.9475120387e-08    2.7169556556e-08   -7.1624531053e-09    1.0877682079e-07    1.7004650718e-08    4.1519458542e-10   -7.4407045169e-10   -6.5412645249e-09
  15.4800000    8.2487116809e-08    2.7176800313e-08   -6.8037317881e-09    1.0935652692e-07    1.6419301676e-08   -9.4363211179e-10   -7.4650212489e-10   -6.5369118424e-09
  15.4900000    7.5901277920e-08    2.7059732854e-08   -6.2756148094e-09    1.0965111655e-07    1.5798113213e-08   -2.1400741827e-09   -7.4906245806e-10   -6.5324982424e-09
  15.5000000    6.9961506110e-08    2.6820163611e-08   -5.5861422397e-09    1.0967274141e-07    1.5152005653e-08   -3.1488246727e-09   -7.5175921596e-10   -6.5280207965e-09
  15.5100000    6.4876792977e-08    2.6462463947e-08   -4.7467511741e-09    1.0943781502e-07    1.4492691144e-08   -3.9484835711e-09   -7.5458837681e-10   -6.5234765607e-09
  15.5200000    6.0812633508e-08    2.5993475509e-08   -3.7720697202e-09    1.0896671165e-07    1.3832461974e-08   -4.5220195660e-09   -7.5755916363e-10   -6.5188657825e-09
  15.5300000    5.7884050457e-08    2.5422287042e-08   -2.6795970866e-09    1.0828340331e-07    1.3183980327e-08   -4.8571086172e-09   -7.6067147452e-10   -6.5141799228e-09
  15.5400000    5.6150712427e-08    2.4760106731e-08   -1.4893697610e-09    1.0741504678e-07    1.2560077922e-08   -4.9463887857e-09   -7.6393018228e-10   -6.5094241934e-09
  15.5500000    5.5614424993e-08    2.4020211381e-08   -2.2353652948e-10    1.0639150696e-07    1.1973459844e-08   -4.7876113108e-09   -7.6733314841e-10   -6.5045967429e-09
  15.5600000    5.6218886454e-08    2.3217768379e-08    1.0940487271e-09    1.0524480181e-07    1.1436523008e-08   -4.3836696580e-09   -7.7088020878e-10   -6.4996912861e-09
  15.5700000    5.7852133816e-08    2.2369743861e-08    2.4383555322e-09    1.0400854762e-07    1.0961068290e-08   -3.7425466437e-09   -7.7456782611e-10   -6.4947156337e-09
  15.5800000    6.0351369815e-08    2.1494797111e-08    3.7836685861e-09    1.0271733672e-07    1.0558124476e-08   -2.8771237253e-09   -7.7838893697e-10   -6.4896690957e-09
  15.5900000    6.3510267998e-08    2.0612955801e-08    5.1040964938e-09    1.0140616022e-07    1.0237674106e-08   -1.8049363194e-09   -7.8234681321e-10   -6.4845507151e-09
  15.6000000    6.7088153841e-08    1.9745287427e-08    6.3741481955e-09    1.0010971653e-07    1.0008464729e-08   -5.4776443369e-10   -7.8642761592e-10   -6.4793662607e-09
  15.6100000    7.0821162814e-08    1.8913493081e-08    7.5692044870e-09    9.8861845246e-08    9.8778315303e-09    8.6879459130e-10   -7.9062460195e-10   -6.4741200208e-09
  15.6200000    7.4434523448e-08    1.8139270724e-08    8.6660701970e-09    9.7694860156e-08    9.8515162988e-09    2.4158682015e-09   -7.9493217751e-10   -6.4688198738e-09
  15.6300000    7.7655617757e-08    1.7443562659e-08    9.6434382201e-09    9.6638992498e-08    9.9335310215e-09    4.0619390422e-09   -7.9934231458e-10   -6.4634716294e-09
  15.6400000    8.0227411961e-08    1.6845792988e-08    1.0482339696e-08    9.5721836365e-08    1.0126044025e-08    5.7734579023e-09   -8.0384385039e-10   -6.4580784452e-09
  15.6500000    8.1921234817e-08    1.6362917104e-08    1.1166538282e-08    9.4967838317e-08    1.0429296632e-08    7.5155843257e-09   -8.0842748092e-10   -6.4526540653e-09
  15.6600000    8.2548758883e-08    1.6008572050e-08    1.1682870296e-08    9.4397831384e-08    1.0841588696e-08    9.2528911134e-09   -8.1307936140e-10   -6.4472058553e-09
  15.6700000    8.1972222091e-08    1.5792089363e-08    1.2021532460e-08    9.4028684117e-08    1.1359219219e-08    1.0950087780e-08   -8.1778847859e-10   -6.4417438807e-09
  15.6800000    8.0112538988e-08    1.5717760599e-08    1.2176310913e-08    9.3872941515e-08    1.1976542571e-08    1.2572781695e-08   -8.2254353640e-10   -6.4362849428e-09
  15.6900000    7.6955010258e-08    1.5784217523e-08    1.2144675349e-08    9.3938635658e-08    1.2686030167e-08    1.4088144611e-08   -8.2733232838e-10   -6.4308363869e-09
  15.7000000    7.2551841276e-08    1.5983913893e-08    1.1927892977e-08    9.4229109933e-08    1.3478350650e-08    1.5465630801e-08   -8.3214305494e-10   -6.4254158595e-09
  15.7100000    6.7021750721e-08    1.6303172437e-08    1.1530962702e-08    9.4742930981e-08    1.4342525815e-08    1.6677565611e-08   -8.3695779574e-10   -6.4200359320e-09
  15.7200000    6.0546336476e-08    1.6722223345e-08    1.0962564882e-08    9.5473950146e-08    1.5266071969e-08    1.7699724404e-08   -8.4177272386e-10   -6.4147156615e-09
  15.7300000    5.3363280205e-08    1.7215880601e-08    1.0234844905e-08    9.6411382252e-08    1.6235197334e-08    1.8511824107e-08   -8.4657306039e-10   -6.4094608172e-09
  15.7400000    4.5756785541e-08    1.7754349844e-08    9.3631829308e-09    9.7540019394e-08    1.7235047592e-08    1.9097921983e-08   -8.5134228905e-10   -6.4043025516e-09
  15.7500000    3.8045471608e-08    1.8304523395e-08    8.3658995445e-09    9.8840477962e-08    1.8249917363e-08    1.9446741116e-08   -8.5607479549e-10   -6.3992454618e-09
  15.7600000    3.0568376436e-08    1.8831567206e-08    7.2638218178e-09    1.0028958085e-07    1.9263519400e-08    1.9551875226e-08   -8.6075661698e-10   -6.3943117117e-09
  15.7700000    2.3669549579e-08    1.9300559227e-08    6.0798963132e-09    1.0186076503e-07    2.0259274450e-08    1.9411909932e-08   -8.6538512822e-10   -6.3895217953e-09
  15.7800000    1.7682080979e-08    1.9678528354e-08    4.8386906860e-09    1.0352457996e-07    2.1220596771e-08    1.9030419618e-08   -8.6994100596e-10   -6.3848876721e-09
  15.7900000    1.2912156087e-08    1.9936298117e-08    3.5658417332e-09    1.0524924221e-07    2.2131187759e-08    1.8415922678e-08   -8.7442010635e-10   -6.3804271758e-09
  15.8000000    9.6241376186e-09    2.0050378662e-08    2.2875620389e-09    1.0700119643e-07    2.2975296948e-08    1.7581627647e-08   -8.7882274943e-10   -6.3761653410e-09
  15.8100000    8.0271222054e-09    2.0004681969e-08    1.0300396567e-09    1.0874576804e-07    2.3738049348e-08    1.6545182576e-08   -8.8313447130e-10   -6.3721096327e-09
  15.8200000    8.2638567766e-09    1.9791800129e-08   -1.8110459463e-10    1.1044781262e-07    2.4405681116e-08    1.5328284626e-08   -8.8735507854e-10   -6.3682808381e-09
  15.8300000    1.0402514055e-08    1.9414063723e-08   -1.3213884964e-09    1.1207234026e-07    2.4965820907e-08    1.3956205185e-08   -8.9147521453e-10   -6.3646963202e-09
  15.8400000    1.4431679470e-08    1.8883891698e-08   -2.3679789685e-09    1.1358521394e-07    2.5407710954e-08    1.2457293968e-08   -8.9550410184e-10   -6.3613672598e-09
  15.8500000    2.0259056078e-08    1.8223865629e-08   -3.3002199708e-09    1.1495376389e-07    2.5722432628e-08    1.0862339013e-08   -8.9943000818e-10   -6.3583130910e-09
  15.8600000    2.7713760140e-08    1.7465974421e-08   -4.1000532238e-09    1.1614742201e-07    2.5903056429e-08    9.2039601382e-09   -9.0326016336e-10   -6.3555431533e-09
  15.8700000    3.6552378544e-08    1.6650445301e-08   -4.7524505492e-09    1.1713830214e-07    2.5944798085e-08    7.5159180470e-09   -9.0699293369e-10   -6.3530694621e-09
  15.8800000    4.6468276143e-08    1.5823945752e-08   -5.2457437703e-09    1.1790172875e-07    2.5845138832e-08    5.8324313195e-09   -9.1063332277e-10   -6.3509110492e-09
  15.8900000    5.7104137896e-08    1.5037508753e-08   -5.5718840370e-09    1.1841669833e-07    2.5603888933e-08    4.1874494255e-09   -9.1418258254e-10   -6.3490697146e-09
  15.9000000    6.8066788765e-08    1.4343845584e-08   -5.7266257347e-09    1.1866632749e-07    2.5223212285e-08    2.6139995926e-09   -9.1764535487e-10   -6.3475551840e-09
  15.9100000    7.8943816099e-08    1.3794689750e-08   -5.7096691352e-09    1.1863814655e-07    2.4707605052e-08    1.1434959775e-09   -9.2103001071e-10   -6.3463792676e-09
  15.9200000    8.9321360787e-08    1.3437885489e-08   -5.5246366066e-09    1.1832437305e-07    2.4063843628e-08   -1.9487495112e-10   -9.2434424059e-10   -6.3455437199e-09
  15.9300000    9.8801991813e-08    1.3314666333e-08   -5.1790417860e-09    1.1772208765e-07    2.3300905445e-08   -1.3747635585e-09   -9.2759324314e-10   -6.3450563885e-09
  15.9400000    1.0702207273e-07    1.3457104883e-08   -4.6841322801e-09    1.1683328074e-07    2.2429804163e-08   -2.3731305557e-09   -9.3078799563e-10   -6.3449184523e-09
  15.9500000    1.1366755449e-07    1.3885960914e-08   -4.0546539311e-09    1.1566488065e-07    2.1463437711e-08   -3.1707315775e-09   -9.3393795632e-10   -6.3451312172e-09
  15.9600000    1.1848776844e-07    1.4609085235e-08   -3.3085335313e-09    1.1422863952e-07    2.0416369855e-08   -3.7524511519e-09   -9.3705267518e-10   -6.3456934343e-09
  15.9700000    1.2130644451e-07    1.5620387085e-08   -2.4665126343e-09    1.1254094007e-07    1.9304575336e-08   -4.1076016936e-09   -9.4014490032e-10   -6.3466060279e-09
  15.9800000    1.2202933779e-07    1.6899572566e-08   -1.5516758503e-09    1.1062253761e-07    1.8145214924e-08   -4.2300984377e-09   -9.4322032337e-10   -6.3478670141e-09
  15.9900000    1.2064820238e-07    1.8412547723e-08   -5.8895623578e-10    1.0849819672e-07    1.6956294115e-08   -4.1185478795e-09   -9.4629749520e-10   -6.3494679295e-09
  16.0000000    1.1724123313e-07    2.0112562043e-08    3.9539914997e-10    1.0619629116e-07    1.5756393413e-08   -3.7762406263e-09   -9.4938332767e-10   -6.3514046415e-09
  16.0100000    1.1196929424e-07    2.1942123773e-08    1.3744533602e-09    1.0374829685e-07    1.4564318397e-08   -3.2110381240e-09   -9.5248886949e-10   -6.3536706096e-09
  16.0200000    1.0506893832e-07    2.3835355630e-08    2.3211476849e-09    1.0118828681e-07    1.3398815869e-08   -2.4351855946e-09   -9.5563139200e-10   -6.3562552760e-09
  16.0300000    9.6841804627e-08    2.5720966497e-08    3.2089451592e-09    9.8552300760e-08    1.2278200946e-08   -1.4650293640e-09   -9.5882298250e-10   -6.3591467603e-09
  16.0400000    8.7641492784e-08    2.7525531363e-08    4.0124310140e-09    9.5877771617e-08    1.1220073625e-08   -3.2063452916e-10   -9.6206537014e-10   -6.3623385209e-09
  16.0500000    7.7858164830e-08    2.9176875338e-08    4.7078900985e-09    9.3202874633e-08    1.0240983854e-08    9.7463366111e-10   -9.6538151934e-10   -6.3658133943e-09
  16.0600000    6.7901715752e-08    3.0607555876e-08    5.2739003337e-09    9.0565867940e-08    9.3561734543e-09    2.3946380505e-09   -9.6877762221e-10   -6.3695623356e-09
  16.0700000    5.8184263319e-08    3.1758010178e-08    5.6918311677e-09    8.8004488798e-08    8.5792659778e-09    3.9110079245e-09   -9.7226821315e-10   -6.3735664340e-09
  16.0800000    4.9102801715e-08    3.2579491339e-08    5.9462988526e-09    8.5555267420e-08    7.9220593322e-09    5.4937387131e-09   -9.7585833761e-10   -6.3778118737e-09
  16.0900000    4.1022667757e-08    3.3036409557e-08    6.0255938364e-09    8.3252964725e-08    7.3943076628e-09    7.1118068510e-09   -9.7956044031e-10   -6.3822852884e-09
  16.1000000    3.4262668243e-08    3.3108063579e-08    5.9219565114e-09    8.1130005956e-08    7.0035433034e-09    8.7338260211e-09   -9.8338089326e-10   -6.3869681564e-09
  16.1100000    2.9082451955e-08    3.2789553439e-08    5.6318598036e-09    7.9215943712e-08    6.7549509548e-09    1.0328650024e-08   -9.8733053944e-10   -6.3918445357e-09
  16.1200000    2.5672570834e-08    3.2092138353e-08    5.1561144404e-09    7.7537014813e-08    6.6512840184e-09    1.1866031400e-08   -9.9141581242e-10   -6.3968951847e-09
  16.1300000    2.4147827302e-08    3.1042564434e-08    4.4999622472e-09    7.6115715198e-08    6.6927950498e-09    1.3317217729e-08   -9.9565093746e-10   -6.4021036943e-09
  16.1400000    2.4543857831e-08    2.9681806799e-08    3.6730046787e-09    7.4970504942e-08    6.8772635789e-09    1.4655485425e-08   -1.0000314032e-09   -6.4074516036e-09
  16.1500000    2.6817286512e-08    2.8062979756e-08    2.6890637965e-09    7.4115551323e-08    7.2000173633e-09    1.5856692455e-08   -1.0045668071e-09   -6.4129203970e-09
  16.1600000    3.0849260348e-08    2.6248897415e-08    1.5659657831e-09    7.3560532083e-08    7.6540301364e-09    1.6899691690e-08   -1.0092652654e-09   -6.4184956176e-09
  16.1700000    3.6452127625e-08    2.4308935662e-08    3.2518949494e-10    7.3310596979e-08    8.2300518093e-09    1.7766765528e-08   -1.0141267491e-09   -6.4241562799e-09
  16.1800000    4.3378878497e-08    2.2315806677e-08   -1.0085211503e-09    7.3366300010e-08    8.9167831232e-09    1.8443901778e-08   -1.0191530750e-09   -6.4298891194e-09
  16.1900000    5.1334947227e-08    2.0342210647e-08   -2.4076659702e-09    7.3723732936e-08    9.7010595189e-09    1.8921035271e-08   -1.0243517473e-09   -6.4356738949e-09
  16.2000000    5.9991682424e-08    1.8457443666e-08   -3.8425511946e-09    7.4374644120e-08    1.0568124978e-08    1.9192210292e-08   -1.0297145250e-09   -6.4414931804e-09
  16.2100000    6.9001007050e-08    1.6724392942e-08   -5.2818841849e-09    7.5306684434e-08    1.1501908602e-08    1.9255638485e-08   -1.0352513767e-09   -6.4473329077e-09
  16.2200000    7.8010451390e-08    1.5196829599e-08   -6.6934594933e-09    7.6503681498e-08    1.2485287068e-08    1.9113667016e-08   -1.0409563491e-09   -6.4531716633e-09
  16.2300000    8.6677901066e-08    1.3917289766e-08   -8.0448374215e-09    7.7946033666e-08    1.3500408005e-08    1.8772692894e-08   -1.0468307761e-09   -6.4590035248e-09
  16.2400000    9.4685600044e-08    1.2915499627e-08   -9.3040503672e-09    7.9611096615e-08    1.4529043326e-08    1.8242952111e-08   -1.0528712192e-09   -6.4648083071e-09
  16.2500000    1.0175248434e-07    1.2207575231e-08   -1.0440334209e-08    8.1473652306e-08    1.5552903647e-08    1.7538261327e-08   -1.0590688976e-09   -6.4705709121e-09
  16.2600000    1.0764471096e-07    1.1795864798e-08   -1.1424804087e-08    8.3506393512e-08    1.6553966946e-08    1.6675706338e-08   -1.0654293490e-09   -6.4762796949e-09
  16.2700000    1.1218378881e-07    1.1669512677e-08   -1.2231158929e-08    8.5680453521e-08    1.7514823372e-08    1.5675210862e-08   -1.0719437077e-09   -6.4819186248e-09
  16.2800000    1.1525193767e-07    1.1805751272e-08   -1.2836253894e-08    8.7965931541e-08    1.8418995253e-08    1.4559118485e-08   -1.0786011205e-09   -6.4874774690e-09
  16.2900000    1.1679479434e-07    1.2171507847e-08   -1.3220746897e-08    9.0332434564e-08    1.9251245080e-08    1.3351707799e-08   -1.0854035062e-09   -6.4929389338e-09
  16.3000000    1.1682124460e-07    1.2725795494e-08   -1.3369529139e-08    9.2749604669e-08    1.9997803384e-08    1.2078634011e-08   -1.0923309532e-09   -6.4982965191e-09
  16.3100000    1.1540049274e-07    1.3422182088e-08   -1.3272177326e-08    9.5187619384e-08    2.0646674563e-08    1.0766430990e-08   -1.0993905611e-09   -6.5035430878e-09
  16.3200000    1.1265662502e-07    1.4211529989e-08   -1.2923280851e-08    9.7617703796e-08    2.1187850924e-08    9.4419472410e-09   -1.1065582494e-09   -6.5086572728e-09
  16.3300000    1.0876113829e-07    1.5044769713e-08   -1.2322676726e-08    1.0001258270e-07    2.1613457833e-08    8.1317837572e-09   -1.1138360753e-09   -6.5136331919e-09
  16.3400000    1.0392350346e-07    1.5875495839e-08   -1.1475540338e-08    1.0234685083e-07    2.1917903431e-08    6.8617871791e-09   -1.1212023751e-09   -6.5184601292e-09
  16.3500000    9.8380649690e-08    1.6662354794e-08   -1.0392424744e-08    1.0459738083e-07    2.2098017096e-08    5.6565222596e-09   -1.1286537068e-09   -6.5231317555e-09
  16.3600000    9.2385608061e-08    1.7371004902e-08   -9.0891260195e-09    1.0674359427e-07    2.2153025867e-08    4.5388231556e-09   -1.1361707925e-09   -6.5276344966e-09
  16.3700000    8.6195963587e-08    1.7975678887e-08   -7.5865109408e-09    1.0876771130e-07    2.2084634465e-08    3.5293264703e-09   -1.1437400638e-09   -6.5319588587e-09
  16.3800000    8.0062624403e-08    1.8460132779e-08   -5.9101315220e-09    1.1065493769e-07    2.1896945284e-08    2.6461354659e-09   -1.1513469688e-09   -6.5361035732e-09
  16.3900000    7.4219400444e-08    1.8818079064e-08   -4.0898281875e-09    1.1239356767e-07    2.1596370325e-08    1.9044945653e-09   -1.1589765036e-09   -6.5400488138e-09
  16.4000000    6.8873849345e-08    1.9053007414e-08   -2.1591958396e-09    1.1397505395e-07    2.1191532539e-08    1.3165187071e-09   -1.1666120409e-09   -6.5437940577e-09
  16.4100000    6.4199777338e-08    1.9177494502e-08   -1.5495417101e-10    1.1539394210e-07    2.0693058856e-08    8.9103724425e-10   -1.1742301805e-09   -6.5473279971e-09
  16.4200000    6.0331491958e-08    1.9212018752e-08    1.8837372581e-09    1.1664786453e-07    2.0113416700e-08    6.3346716297e-10   -1.1818193355e-09   -6.5506446809e-09
  16.4300000    5.7360326294e-08    1.9183363201e-08    3.9160659102e-09    1.1773733662e-07    1.9466630603e-08    5.4576357994e-10   -1.1893523191e-09   -6.5537397579e-09
  16.4400000    5.5333087636e-08    1.9122681935e-08    5.9003361686e-09    1.1866560576e-07    1.8768044155e-08    6.2648438550e-10   -1.1968130432e-09   -6.5566001616e-09
  16.4500000    5.4252802164e-08    1.9063532471e-08    7.7948557444e-09    1.1943839941e-07    1.8034009655e-08    8.7086165267e-10   -1.2041828771e-09   -6.5592239833e-09
  16.4600000    5.4081329871e-08    1.9039590796e-08    9.5587700483e-09    1.2006365160e-07    1.7281579552e-08    1.2709808429e-09   -1.2114328528e-09   -6.5616047250e-09
  16.4700000    5.4743679541e-08    1.9082638335e-08    1.1152930736e-08    1.2055120028e-07    1.6528182043e-08    1.8160079623e-09   -1.2185413150e-09   -6.5637331498e-09
  16.4800000    5.6133968556e-08    1.9220658257e-08    1.2540733739e-08    1.2091240963e-07    1.5791277659e-08    2.4924666171e-09   -1.2254910995e-09   -6.5656100235e-09
  16.4900000    5.8122202727e-08    1.9476136303e-08    1.3688940495e-08    1.2115986076e-07    1.5088046205e-08    3.2845838074e-09   -1.2322460407e-09   -6.5672256058e-09
  16.5000000    6.0562078554e-08    1.9864774958e-08    1.4568398335e-08    1.2130697191e-07    1.4435020750e-08    4.1746617786e-09   -1.2387836055e-09   -6.5685822459e-09
  16.5100000    6.3298768594e-08    2.0394577719e-08    1.5154759869e-08    1.2136762343e-07    1.3847822739e-08    5.1434500859e-09   -1.2450888003e-09   -6.5696707047e-09
  16.5200000    6.6176861862e-08    2.1065487689e-08    1.5429056264e-08    1.2135580764e-07    1.3340821812e-08    6.1705956310e-09   -1.2511206408e-09   -6.5704909694e-09
  16.5300000    6.9047653041e-08    2.1869294521e-08    1.5378207695e-08    1.2128530416e-07    1.2926871753e-08    7.2350825145e-09   -1.2568595876e-09   -6.5710446982e-09
  16.5400000    7.1775641453e-08    2.2790194871e-08    1.4995415553e-08    1.2116933929e-07    1.2617082721e-08    8.3156449714e-09   -1.2622812212e-09   -6.5713242043e-09
  16.5500000    7.4243982147e-08    2.3805615572e-08    1.4280422459e-08    1.2102031385e-07    1.2420553176e-08    9.3912479741e-09   -1.2673540453e-09   -6.5713317774e-09
  16.5600000    7.6358547885e-08    2.4887470293e-08    1.3239670689e-08    1.2084956819e-07    1.2344262152e-08    1.0441451099e-08   -1.2720530826e-09   -6.5710716969e-09
  16.5700000    7.8050606336e-08    2.6003606754e-08    1.1886305795e-08    1.2066713093e-07    1.2392870117e-08    1.1446841222e-08   -1.2763521656e-09   -6.5705386991e-09
  16.5800000    7.9277996340e-08    2.7119506375e-08    1.0240055023e-08    1.2048160502e-07    1.2568656134e-08    1.2389393435e-08   -1.2802215894e-09   -6.5697349106e-09
  16.5900000    8.0024853703e-08    2.8200041544e-08    8.3269770710e-09    1.2029999666e-07    1.2871457133e-08    1.3252785031e-08   -1.2836421267e-09   -6.5686712257e-09
  16.6000000    8.0299992194e-08    2.9211227319e-08    6.1790697383e-09    1.2012769113e-07    1.3298657069e-08    1.4022677125e-08   -1.2865796196e-09   -6.5673441630e-09
  16.6100000    8.0134169927e-08    3.0121839825e-08    3.8337392359e-09    1.1996840989e-07    1.3845224671e-08    1.4686974956e-08   -1.2890113914e-09   -6.5657631820e-09
  16.6200000    7.9576428949e-08    3.0904913262e-08    1.3332039614e-09    1.1982425146e-07    1.4503818837e-08    1.5235971840e-08   -1.2909158717e-09   -6.5639305740e-09
  16.6300000    7.8689735636e-08    3.1538850225e-08   -1.2762587900e-09    1.1969574792e-07    1.5264859665e-08    1.5662506316e-08   -1.2922709456e-09   -6.5618525160e-09
  16.6400000    7.7546285603e-08    3.2008370283e-08   -3.9451485539e-09    1.1958197627e-07    1.6116749998e-08    1.5962025838e-08   -1.2930524882e-09   -6.5595344142e-09
  16.6500000    7.6222792673e-08    3.2304967540e-08   -6.6216344903e-09    1.1948073927e-07    1.7046059309e-08    1.6132597905e-08   -1.2932464633e-09   -6.5569857804e-09
  16.6600000    7.4795913823e-08    3.2427018322e-08   -9.2525561545e-09    1.1938873872e-07    1.8037756908e-08    1.6174876868e-08   -1.2928248221e-09   -6.5542182926e-09
  16.6700000    7.3338233678e-08    3.2379607305e-08   -1.1784392521e-08    1.1930178294e-07    1.9075473384e-08    1.6092007558e-08   -1.2917758308e-09   -6.5512360448e-09
  16.6800000    7.1914742825e-08    3.2173879267e-08   -1.4164315841e-08    1.1921502597e-07    2.0141795547e-08    1.5889498448e-08   -1.2900861656e-09   -6.5480476085e-09
  16.6900000    7.0580343092e-08    3.1826155040e-08   -1.6341239613e-08    1.1912321719e-07    2.1218574342e-08    1.5575024102e-08   -1.2877393007e-09   -6.5446665219e-09
  16.7000000    6.9378127109e-08    3.1356816649e-08   -1.8266839663e-08    1.1902098733e-07    2.2287254567e-08    1.5158213220e-08   -1.2847260305e-09   -6.5410982571e-09
  16.7100000    6.8338612315e-08    3.0788957402e-08   -1.9896513971e-08    1.1890304993e-07    2.3329192527e-08    1.4650393684e-08   -1.2810287895e-09   -6.5373531765e-09
  16.7200000    6.7479907688e-08    3.0147009081e-08   -2.1190349324e-08    1.1876450132e-07    2.4326002409e-08    1.4064302184e-08   -1.2766455336e-09   -6.5334393685e-09
  16.7300000    6.6808614377e-08    2.9455272185e-08   -2.2113938404e-08    1.1860103408e-07    2.5259864641e-08    1.3413794730e-08   -1.2715751208e-09   -6.5293677671e-09
  16.7400000    6.6321401593e-08    2.8736585083e-08   -2.2639148046e-08    1.1840916288e-07    2.6113841411e-08    1.2713519978e-08   -1.2658097784e-09   -6.5251450103e-09
  16.7500000    6.6007170559e-08    2.8011079983e-08   -2.2744790099e-08    1.1818639519e-07    2.6872209886e-08    1.1978611031e-08   -1.2593524881e-09   -6.5207801623e-09
  16.7600000    6.5849325352e-08    2.7295219271e-08   -2.2417090270e-08    1.1793143190e-07    2.7520715064e-08    1.1224366604e-08   -1.2522029781e-09   -6.5162834867e-09
  16.7700000    6.5828245047e-08    2.6600965004e-08   -2.1650134638e-08    1.1764422538e-07    2.8046823540e-08    1.0465930863e-08   -1.2443695954e-09   -6.5116627908e-09
  16.7800000    6.5923562272e-08    2.5935439123e-08   -2.0446077134e-08    1.1732612670e-07    2.8439943254e-08    9.7180102650e-09   -1.2358476128e-09   -6.5069208859e-09
  16.7900000    6.6116230030e-08    2.5300700099e-08   -1.8815238204e-08    1.1697989240e-07    2.8691640804e-08    8.9945855751e-09   -1.2266559110e-09   -6.5020610817e-09
  16.8000000    6.6389976558e-08    2.4693998540e-08   -1.6776057013e-08    1.1660968424e-07    2.8795752018e-08    8.3086743606e-09   -1.2168036063e-09   -6.4970946843e-09
  16.8100000    6.6732401292e-08    2.4108316776e-08   -1.4354841961e-08    1.1622103740e-07    2.8748521002e-08    7.6720918657e-09   -1.2063068694e-09   -6.4920209561e-09
  16.8200000    6.7135276526e-08    2.3533096022e-08   -1.1585433369e-08    1.1582075179e-07    2.8548670408e-08    7.0952880099e-09   -1.1951788270e-09   -6.4868436350e-09
  16.8300000    6.7594452793e-08    2.2955336586e-08   -8.5086841740e-09    1.1541678367e-07    2.8197394159e-08    6.5871737959e-09   -1.1834380708e-09   -6.4815679128e-09
  16.8400000    6.8109001241e-08    2.2360777468e-08   -5.1717657660e-09    1.1501807475e-07    2.7698395381e-08    6.1550274422e-09   -1.1711090320e-09   -6.4761868770e-09
  16.8500000    6.8679962621e-08    2.1735159900e-08   -1.6274319789e-09    1.1463435131e-07    2.7057777058e-08    5.8043938043e-09   -1.1582079889e-09   -6.4707084796e-09
  16.8600000    6.9308976257e-08    2.1065668715e-08    2.0669075465e-09    1.1427588542e-07    2.6283964950e-08    5.5390726708e-09   -1.1447647735e-09   -6.4651227209e-09
  16.8700000    6.9996343828e-08    2.0342083375e-08    5.8501458922e-09    1.1395327506e-07    2.5387560689e-08    5.3610967209e-09   -1.1307979419e-09   -6.4594324502e-09
  16.8800000    7.0739498256e-08    1.9558064837e-08    9.6585978224e-09    1.1367713186e-07    2.4381179373e-08    5.2708019087e-09   -1.1163449003e-09   -6.4536282343e-09
  16.8900000    7.1531320372e-08    1.8712022799e-08    1.3427078977e-08    1.1345785141e-07    2.3279223560e-08    5.2668550035e-09   -1.1014313694e-09   -6.4477061989e-09
  16.9000000    7.2359132046e-08    1.7807917716e-08    1.7090116474e-08    1.1330527967e-07    2.2097635545e-08    5.3463970201e-09   -1.0860860924e-09   -6.4416613223e-09
  16.9100000    7.3203858476e-08    1.6855667729e-08    2.0583111056e-08    1.1322850013e-07    2.0853662097e-08    5.5051150658e-09   -1.0703424166e-09   -6.4354895458e-09
  16.9200000    7.4039989947e-08    1.5871142807e-08    2.3843495728e-08    1.1323550645e-07    1.9565538415e-08    5.7374653052e-09   -1.0542366777e-09   -6.4291800293e-09
  16.9300000    7.4836046158e-08    1.4876062849e-08    2.6811918588e-08    1.1333298150e-07    1.8252208503e-08    6.0367835217e-09   -1.0378015933e-09   -6.4227199318e-09
  16.9400000    7.5555760831e-08    1.3897253936e-08    2.9433313340e-08    1.1352608966e-07    1.6932997420e-08    6.3955056738e-09   -1.0210716672e-09   -6.4161078913e-09
  16.9500000    7.6159699680e-08    1.2965898987e-08    3.1657941195e-08    1.1381826419e-07    1.5627289584e-08    6.8053277757e-09   -1.0040841503e-09   -6.4093245744e-09
  16.9600000    7.6607684437e-08    1.2116197165e-08    3.3442298720e-08    1.1421105418e-07    1.4354254461e-08    7.2574212375e-09   -9.8687348548e-10   -6.4023645373e-09
  16.9700000    7.6861095939e-08    1.1383984376e-08    3.4749961010e-08    1.1470402475e-07    1.3132473188e-08    7.7426389924e-09   -9.6948154821e-10   -6.3952120170e-09
  16.9800000    7.6885827361e-08    1.0805150980e-08    3.5552270357e-08    1.1529466602e-07    1.1979685453e-08    8.2516770275e-09   -9.5194625210e-10   -6.3878590437e-09
  16.9900000    7.6654786107e-08    1.0413956035e-08    3.5828893796e-08    1.1597839248e-07    1.0912496832e-08    8.7752750406e-09   -9.3430210892e-10   -6.3802938449e-09
  17.0000000    7.6150493020e-08    1.0241323991e-08    3.5568231071e-08    1.1674855449e-07    9.9460957995e-09    9.3044033037e-09   -9.1658594310e-10   -6.3725042570e-09
  17.0100000    7.5367061227e-08    1.0313181485e-08    3.4767674575e-08    1.1759651961e-07    9.0940468053e-09    9.8303834407e-09   -8.9884124418e-10   -6.3644791846e-09
  17.0200000    7.4311654804e-08    1.0649037193e-08    3.3433676112e-08    1.1851178249e-07    8.3680472295e-09    1.0345056036e-08   -8.8110137768e-10   -6.3562046131e-09
  17.0300000    7.3005142642e-08    1.1260645658e-08    3.1581684886e-08    1.1948214364e-07    7.7777723073e-09    1.0840878966e-08   -8.6340712232e-10   -6.3476743390e-09
  17.0400000    7.1481938890e-08    1.2151088285e-08    2.9235904913e-08    1.2049393980e-07    7.3307263350e-09    1.1311042433e-08   -8.4580117565e-10   -6.3388733197e-09
  17.0500000    6.9789080659e-08    1.3314064797e-08    2.6428911999e-08    1.2153226705e-07    7.0321372038e-09    1.1749518753e-08   -8.2831321188e-10   -6.3297960297e-09
  17.0600000    6.7984226925e-08    1.4733685599e-08    2.3201072242e-08    1.2258128577e-07    6.8848663453e-09    1.2151144818e-08   -8.1098140071e-10   -6.3204307202e-09
  17.0700000    6.6133044293e-08    1.6384621798e-08    1.9599899474e-08    1.2362451043e-07    6.8894108113e-09    1.2511637662e-08   -7.9384595805e-10   -6.3107695433e-09
  17.0800000    6.4305983294e-08    1.8232565818e-08    1.5679186482e-08    1.2464519533e-07    7.0438959576e-09    1.2827605410e-08   -7.7694319342e-10   -6.3008027386e-09
  17.0900000    6.2574393358e-08    2.0235229149e-08    1.1498140892e-08    1.2562662752e-07    7.3441006916e-09    1.3096540412e-08   -7.6030768371e-10   -6.2905282530e-09
  17.1000000    6.1006733553e-08    2.2343590724e-08    7.1203055444e-09    1.2655252288e-07    7.7835796345e-09    1.3316804006e-08   -7.4397585526e-10   -6.2799398736e-09
  17.1100000    5.9664444018e-08    2.4503487229e-08    2.6125128609e-09    1.2740737415e-07    8.3537529561e-09    1.3487553099e-08   -7.2797897790e-10   -6.2690320780e-09
  17.1200000    5.8598397953e-08    2.6657449964e-08   -1.9562956717e-09    1.2817679120e-07    9.0440586948e-09    1.3608732022e-08   -7.1235209157e-10   -6.2578043509e-09
  17.1300000    5.7845652540e-08    2.8746736696e-08   -6.5162357305e-09    1.2884782726e-07    9.8421532015e-09    1.3680979227e-08   -6.9712575463e-10   -6.2462484876e-09
  17.1400000    5.7427089952e-08    3.0713432649e-08   -1.0997664479e-08    1.2940930301e-07    1.0734089331e-08    1.3705557082e-08   -6.8233021102e-10   -6.2343663650e-09
  17.1500000    5.7345948266e-08    3.2502540021e-08   -1.5332378573e-08    1.2985205676e-07    1.1704576853e-08    1.3684274825e-08   -6.6800179953e-10   -6.2221624376e-09
  17.1600000    5.7587251143e-08    3.4064078396e-08   -1.9454730202e-08    1.3016921469e-07    1.2737207282e-08    1.3619424554e-08   -6.5416794535e-10   -6.2096342210e-09
  17.1700000    5.8118551498e-08    3.5354965202e-08   -2.3302746826e-08    1.3035634711e-07    1.3814742216e-08    1.3513686325e-08   -6.4085391170e-10   -6.1967863345e-09
  17.1800000    5.8891713557e-08    3.6340610775e-08   -2.6819121176e-08    1.3041162983e-07    1.4919375260e-08    1.3370053710e-08   -6.2808709830e-10   -6.1836225348e-09
  17.1900000    5.9845563812e-08    3.6996323939e-08   -2.9952160805e-08    1.3033593171e-07    1.6033002716e-08    1.3191761030e-08   -6.1589730026e-10   -6.1701499180e-09
  17.2000000    6.0909645945e-08    3.7308302451e-08   -3.2656592595e-08    1.3013284365e-07    1.7137518554e-08    1.2982228681e-08   -6.0430521821e-10   -6.1563717753e-09
  17.2100000    6.2008448284e-08    3.7274153129e-08   -3.4894264513e-08    1.2980868324e-07    1.8215099936e-08    1.2744989110e-08   -5.9334124922e-10   -6.1423034308e-09
  17.2200000    6.3066134345e-08    3.6903133443e-08   -3.6634703284e-08    1.2937238737e-07    1.9248472474e-08    1.2483638679e-08   -5.8301819717e-10   -6.1279507366e-09
  17.2300000    6.4011311177e-08    3.6215818347e-08   -3.7855541116e-08    1.2883538804e-07    2.0221159650e-08    1.2201814899e-08   -5.7336253300e-10   -6.1133202408e-09
  17.2400000    6.4781727767e-08    3.5243402225e-08   -3.8542792872e-08    1.2821143588e-07    2.1117757719e-08    1.1903141531e-08   -5.6438906690e-10   -6.0984312807e-09
  17.2500000    6.5328360363e-08    3.4026572304e-08   -3.8690986967e-08    1.2751633081e-07    2.1924117460e-08    1.1591211752e-08   -5.5611891515e-10   -6.0832927393e-09
  17.2600000    6.5618779721e-08    3.2614051996e-08   -3.8303117095e-08    1.2676767946e-07    2.2627589955e-08    1.1269579204e-08   -5.4856205909e-10   -6.0679181557e-09
  17.2700000    6.5639502079e-08    3.1060819949e-08   -3.7390517554e-08    1.2598454945e-07    2.3217168008e-08    1.0941734772e-08   -5.4173549868e-10   -6.0523202520e-09
  17.2800000    6.5397218199e-08    2.9426069486e-08   -3.5972518063e-08    1.2518710422e-07    2.3683683967e-08    1.0611132040e-08   -5.3565166672e-10   -6.0365167304e-09
  17.2900000    6.4918632050e-08    2.7771043846e-08   -3.4076010378e-08    1.2439622686e-07    2.4019888385e-08    1.0281168306e-08   -5.3031467742e-10   -6.0205193472e-09
  17.3000000    6.4249046419e-08    2.6156752466e-08   -3.1734876678e-08    1.2363310952e-07    2.4220554070e-08    9.9551979547e-09   -5.2573343060e-10   -6.0043452664e-09
  17.3100000    6.3449662891e-08    2.4641667768e-08   -2.8989349015e-08    1.2291885475e-07    2.4282542617e-08    9.6365435881e-09   -5.2191960105e-10   -5.9880158661e-09
  17.3200000    6.2593765061e-08    2.3279602269e-08   -2.5885177496e-08    1.2227401982e-07    2.4204813743e-08    9.3284917229e-09   -5.1886928386e-10   -5.9715421102e-09
  17.3300000    6.1761921641e-08    2.2117668465e-08   -2.2472848684e-08    1.2171825574e-07    2.3988442932e-08    9.0343159827e-09   -5.1658813647e-10   -5.9549436800e-09
  17.3400000    6.1036612228e-08    2.1194500969e-08   -1.8806640069e-08    1.2126986233e-07    2.3636571625e-08    8.7572726900e-09   -5.1507471787e-10   -5.9382321762e-09
  17.3500000    6.0496498835e-08    2.0538856974e-08   -1.4943671837e-08    1.2094545577e-07    2.3154330633e-08    8.5005975264e-09   -5.1431832831e-10   -5.9214310215e-09
  17.3600000    6.0210687784e-08    2.0168463362e-08   -1.0942931148e-08    1.2075958565e-07    2.2548756981e-08    8.2674890487e-09   -5.1432060486e-10   -5.9045522075e-09
  17.3700000    6.0233408683e-08    2.0089405023e-08   -6.8642938188e-09    1.2072446220e-07    2.1828671028e-08    8.0611354201e-09   -5.1507007798e-10   -5.8876133435e-09
  17.3800000    6.0599421689e-08    2.0295805894e-08   -2.7675309996e-09    1.2084968666e-07    2.1004515820e-08    7.8846242288e-09   -5.1655609032e-10   -5.8706298919e-09
  17.3900000    6.1320439877e-08    2.0770111272e-08    1.2886012958e-09    1.2114202008e-07    2.0088201515e-08    7.7409767905e-09   -5.1876623622e-10   -5.8536177514e-09
  17.4000000    6.2382824875e-08    2.1483663467e-08    5.2473147164e-09    1.2160525946e-07    1.9092909396e-08    7.6330597613e-09   -5.2168258435e-10   -5.8365895106e-09
  17.4100000    6.3746923995e-08    2.2397820541e-08    9.0545761960e-09    1.2224011763e-07    1.8032861354e-08    7.5636016407e-09   -5.2528891373e-10   -5.8195560867e-09
  17.4200000    6.5347746464e-08    2.3465319884e-08    1.2659926722e-08    1.2304418955e-07    1.6923147071e-08    7.5350662142e-09   -5.2956619337e-10   -5.8025327321e-09
  17.4300000    6.7097474235e-08    2.4632082011e-08    1.6017139676e-08    1.2401196961e-07    1.5779472615e-08    7.5496556675e-09   -5.3448656290e-10   -5.7855276964e-09
  17.4400000    6.8889407268e-08    2.5839233265e-08    1.9084823844e-08    1.2513493400e-07    1.4617912995e-08    7.6092297542e-09   -5.4002507507e-10   -5.7685532944e-09
  17.4500000    7.0603305085e-08    2.7025326133e-08    2.1826929317e-08    1.2640168934e-07    1.3454688842e-08    7.7152179920e-09   -5.4615671708e-10   -5.7516193257e-09
  17.4600000    7.2111687776e-08    2.8128657009e-08    2.4213115415e-08    1.2779814394e-07    1.2305943636e-08    7.8685892283e-09   -5.5284959275e-10   -5.7347276578e-09
  17.4700000    7.3287182364e-08    2.9089588920e-08    2.6219054248e-08    1.2930777748e-07    1.1187483366e-08    8.0697856730e-09   -5.6007589242e-10   -5.7178916136e-09
  17.4800000    7.4009945736e-08    2.9852912258e-08    2.7826596412e-08    1.3091194555e-07    1.0114576140e-08    8.3186482894e-09   -5.6779853490e-10   -5.7011088631e-09
  17.4900000    7.4175335004e-08    3.0369971458e-08    2.9023814237e-08    1.3259015217e-07    9.1017358988e-09    8.6143611533e-09   -5.7597993462e-10   -5.6843850551e-09
  17.5000000    7.3701020681e-08    3.0600575754e-08    2.9805020605e-08    1.3432050556e-07    8.1625266842e-09    8.9554278280e-09   -5.8458762649e-10   -5.6677252046e-09
  17.5100000    7.2533205872e-08    3.0514685694e-08    3.0170582958e-08    1.3608003410e-07    7.3093663448e-09    9.3396209394e-09   -5.9358057342e-10   -5.6511299999e-09
  17.5200000    7.0651720476e-08    3.0093683563e-08    3.0126727586e-08    1.3784514782e-07    6.5533909742e-09    9.7639611497e-09   -6.0291552183e-10   -5.6345935973e-09
  17.5300000    6.8073481597e-08    2.9331263240e-08    2.9685216178e-08    1.3959203101e-07    5.9042588052e-09    1.0224709785e-08   -6.1255829858e-10   -5.6181182472e-09
  17.5400000    6.4854174420e-08    2.8233910509e-08    2.8862960824e-08    1.4129710979e-07    5.3701060715e-09    1.0717385708e-08   -6.2245628901e-10   -5.6017022628e-09
  17.5500000    6.1088116103e-08    2.6820880242e-08    2.7681608821e-08    1.4293740084e-07    4.9574087874e-09    1.1236756597e-08   -6.3256943311e-10   -5.5853385943e-09
  17.5600000    5.6905943822e-08    2.5123808296e-08    2.6167018636e-08    1.4449099043e-07    4.6709017545e-09    1.1776933280e-08   -6.4285822821e-10   -5.5690251954e-09
  17.5700000    5.2470424314e-08    2.3185761763e-08    2.4348730338e-08    1.4593737518e-07    4.5135700610e-09    1.2331371790e-08   -6.5327018383e-10   -5.5527556248e-09
  17.5800000    4.7970530274e-08    2.1059995032e-08    2.2259393545e-08    1.4725781810e-07    4.4866023674e-09    1.2892975242e-08   -6.6376163568e-10   -5.5365226048e-09
  17.5900000    4.3613855147e-08    1.8808280420e-08    1.9934207778e-08    1.4843567363e-07    4.5893959731e-09    1.3454189234e-08   -6.7428328188e-10   -5.5203222950e-09
  17.6000000    3.9617900972e-08    1.6498928044e-08    1.7410299430e-08    1.4945666625e-07    4.8196328553e-09    1.4007117749e-08   -6.8479239158e-10   -5.5041436700e-09
  17.6100000    3.6200484052e-08    1.4204608300e-08    1.4726178567e-08    1.5030909679e-07    5.1732834239e-09    1.4543614680e-08   -6.9524234217e-10   -5.4879838990e-09
  17.6200000    3.3569707747e-08    1.1999908532e-08    1.1921123984e-08    1.5098406832e-07    5.6447087232e-09    1.5055441292e-08   -7.0558636183e-10   -5.4718321775e-09
  17.6300000    3.1914186994e-08    9.9589414762e-09    9.0346493206e-09    1.5147555357e-07    6.2267790583e-09    1.5534408876e-08   -7.1577714159e-10   -5.4556803655e-09
  17.6400000    3.1393583682e-08    8.1528923296e-09    6.1059803018e-09    1.5178051668e-07    6.9109767273e-09    1.5972518143e-08   -7.2576744276e-10   -5.4395228435e-09
  17.6500000    3.2130364929e-08    6.6475895401e-09    3.1735721310e-09    1.5189891050e-07    7.6875218907e-09    1.6362121826e-08   -7.3551631541e-10   -5.4233513702e-09
  17.6600000    3.4202904528e-08    5.5013566731e-09    2.7464645840e-10    1.5183363520e-07    8.5455767192e-09    1.6696094013e-08   -7.4497868902e-10   -5.4071603443e-09
  17.6700000    3.7640224495e-08    4.7629976727e-09   -2.5552014941e-09    1.5159045597e-07    9.4733666075e-09    1.6967956487e-08   -7.5411635149e-10   -5.3909491017e-09
  17.6800000    4.2418975260e-08    4.4701674993e-09   -5.2823758657e-09    1.5117787387e-07    1.0458390173e-08    1.7172037837e-08   -7.6288130932e-10   -5.3747028775e-09
  17.6900000    4.8462397855e-08    4.6480625789e-09   -7.8755737726e-09    1.5060692233e-07    1.1487601172e-08    1.7303619073e-08   -7.7123807660e-10   -5.3584278284e-09
  17.7000000    5.5641688758e-08    5.3085259271e-09   -1.0306068280e-08    1.4989097454e-07    1.2547586172e-08    1.7359047095e-08   -7.7913902760e-10   -5.3421158357e-09
  17.7100000    6.3779615742e-08    6.4495426902e-09   -1.2547897978e-08    1.4904543723e-07    1.3624786653e-08    1.7335851409e-08   -7.8656082737e-10   -5.3257654050e-09
  17.7200000    7.2656161337e-08    8.0552590023e-09   -1.4578079285e-08    1.4808749893e-07    1.4705687840e-08    1.7232828928e-08   -7.9345678666e-10   -5.3093747939e-09
  17.7300000    8.2016099645e-08    1.0096295269e-08   -1.6376712479e-08    1.4703578240e-07    1.5776982683e-08    1.7050107231e-08   -7.9980054177e-10   -5.2929485807e-09
  17.7400000    9.1578096728e-08    1.2530640786e-08   -1.7927069570e-08    1.4591004795e-07    1.6825809016e-08    1.6789195115e-08   -8.0555730017e-10   -5.2764812767e-09
  17.7500000    1.0104516588e-07    1.5304830254e-08   -1.9215656117e-08    1.4473082209e-07    1.7839887748e-08    1.6452988124e-08   -8.1070181848e-10   -5.2599827072e-09
  17.7600000    1.1011570358e-07    1.8355497286e-08   -2.0232237400e-08    1.4351905296e-07    1.8807688249e-08    1.6045771402e-08   -8.1520281035e-10   -5.2434538188e-09
  17.7700000    1.1849502004e-07    2.1611205617e-08   -2.0969820863e-08    1.4229578222e-07    1.9718627817e-08    1.5573181506e-08   -8.1904152302e-10   -5.2268973918e-09
  17.7800000    1.2590659820e-07    2.4994556959e-08   -2.1424625231e-08    1.4108178741e-07    2.0563142869e-08    1.5042135084e-08   -8.2218756836e-10   -5.2103199532e-09
  17.7900000    1.3210277624e-07    2.8424346392e-08   -2.1596012671e-08    1.3989728069e-07    2.1332876072e-08    1.4460729704e-08   -8.2462661787e-10   -5.1937300729e-09
  17.8000000    1.3687438519e-07    3.1817963990e-08   -2.1486444143e-08    1.3876161366e-07    2.2020719485e-08    1.3838140129e-08   -8.2634138981e-10   -5.1771398234e-09
  17.8100000    1.4005897866e-07    3.5093718154e-08   -2.1101354534e-08    1.3769297866e-07    2.2620956428e-08    1.3184475835e-08   -8.2731677568e-10   -5.1605480383e-09
  17.8200000    1.4154717662e-07    3.8173068316e-08   -2.0449032671e-08    1.3670818051e-07    2.3129263102e-08    1.2510592442e-08   -8.2753932969e-10   -5.1439737360e-09
  17.8300000    1.4128712020e-07    4.0982847071e-08   -1.9540554973e-08    1.3582243904e-07    2.3542787202e-08    1.1827933706e-08   -8.2700008912e-10   -5.1274229247e-09
  17.8400000    1.3928670018e-07    4.3457296642e-08   -1.8389579089e-08    1.3504918614e-07    2.3860147161e-08    1.1148329808e-08   -8.2569077774e-10   -5.1109041237e-09
  17.8500000    1.3561339289e-07    4.5539664529e-08   -1.7012273137e-08    1.3439994878e-07    2.4081435517e-08    1.0483761578e-08   -8.2361143672e-10   -5.0944326617e-09
  17.8600000    1.3039205999e-07    4.7183864290e-08   -1.5427077992e-08    1.3388423402e-07    2.4208184626e-08    9.8461651168e-09   -8.2075976623e-10   -5.0780158681e-09
  17.8700000    1.2380034570e-07    4.8355512950e-08   -1.3654608071e-08    1.3350950078e-07    2.4243327391e-08    9.2471977887e-09   -8.1713370329e-10   -5.0616674209e-09
  17.8800000    1.1606217832e-07    4.9032816855e-08   -1.1717415234e-08    1.3328107702e-07    2.4191112089e-08    8.6980175227e-09   -8.1273777395e-10   -5.0453988655e-09
  17.8900000    1.0743950370e-07    4.9206975550e-08   -9.6398292090e-09    1.3320222387e-07    2.4057028966e-08    8.2090693693e-09   -8.0757396866e-10   -5.0292227021e-09
  17.9000000    9.8222656939e-08    4.8882387911e-08   -7.4477322441e-09    1.3327415331e-07    2.3847700938e-08    7.7898621899e-09   -8.0165303555e-10   -5.0131470507e-09
  17.9100000    8.8719568223e-08    4.8076284365e-08   -5.1683286996e-09    1.3349612139e-07    2.3570761315e-08    7.4488049596e-09   -7.9498958771e-10   -4.9971842901e-09
  17.9200000    7.9244399501e-08    4.6818227565e-08   -2.8299154252e-09    1.3386551899e-07    2.3234702152e-08    7.1929968189e-09   -7.8759183160e-10   -4.9813402535e-09
  17.9300000    7.0105913215e-08    4.5149110352e-08   -4.6162196995e-10    1.3437800327e-07    2.2848749267e-08    7.0281138115e-09   -7.7947509596e-10   -4.9656296651e-09
  17.9400000    6.1596090108e-08    4.3119998651e-08    1.9068810521e-09    1.3502764618e-07    2.2422698893e-08    6.9582489675e-09   -7.7066051052e-10   -4.9500601879e-09
  17.9500000    5.3979365543e-08    4.0790606680e-08    4.2456423554e-09    1.3580708491e-07    2.1966732039e-08    6.9858383208e-09   -7.6116307574e-10   -4.9346379509e-09
  17.9600000    4.7482888772e-08    3.8227694506e-08    6.5247664975e-09    1.3670771092e-07    2.1491282145e-08    7.1115833134e-09   -7.5100884851e-10   -4.9193703665e-09
  17.9700000    4.2288235876e-08    3.5503073213e-08    8.7147233828e-09    1.3771983207e-07    2.1006832050e-08    7.3344275935e-09   -7.4022298970e-10   -4.9042660714e-09
  17.9800000    3.8524773451e-08    3.2691665495e-08    1.0786669686e-08    1.3883286175e-07    2.0523751173e-08    7.6515397299e-09   -7.2882033086e-10   -4.8893314611e-09
  17.9900000    3.6265091694e-08    2.9869462598e-08    1.2712827003e-08    1.4003550938e-07    2.0052147120e-08    8.0583753250e-09   -7.1683313761e-10   -4.8745722040e-09
  18.0000000    3.5522435602e-08    2.7111308393e-08    1.4466783644e-08    1.4131593829e-07    1.9601675278e-08    8.5487242357e-09   -7.0429077661e-10   -4.8599914691e-09
  18.0100000    3.6250575060e-08    2.4488916598e-08    1.6023881958e-08    1.4266193899e-07    1.9181425373e-08    9.1148255959e-09   -6.9122950447e-10   -4.8455928098e-09
  18.0200000    3.8345793655e-08    2.2068756005e-08    1.7361555137e-08    1.4406107888e-07    1.8799739404e-08    9.7475046322e-09   -6.7766956532e-10   -4.8313824230e-09
  18.0300000    4.1651199333e-08    1.9910266954e-08    1.8459660366e-08    1.4550085336e-07    1.8464108909e-08    1.0436305786e-08   -6.6364700685e-10   -4.8173597037e-09
  18.0400000    4.5962918367e-08    1.8064089691e-08    1.9300826128e-08    1.4696881372e-07    1.8181054190e-08    1.1169740096e-08   -6.4920087605e-10   -4.8035281878e-09
  18.0500000    5.1038474503e-08    1.6570613200e-08    1.9870722719e-08    1.4845266573e-07    1.7956029983e-08    1.1935432226e-08   -6.3435820847e-10   -4.7898875288e-09
  18.0600000    5.6606396959e-08    1.5458755464e-08    2.0158376456e-08    1.4994038815e-07    1.7793341238e-08    1.2720404699e-08   -6.1915962152e-10   -4.7764442072e-09
  18.0700000    6.2377161780e-08    1.4745061609e-08    2.0156403127e-08    1.5142029171e-07    1.7696100341e-08    1.3511270888e-08   -6.0363544549e-10   -4.7631956204e-09
  18.0800000    6.8054878031e-08    1.4433154776e-08    1.9861219760e-08    1.5288109672e-07    1.7666159395e-08    1.4294517524e-08   -5.8782807772e-10   -4.7501425749e-09
  18.0900000    7.3349420760e-08    1.4513554837e-08    1.9273200067e-08    1.5431199727e-07    1.7704118871e-08    1.5056767391e-08   -5.7177067436e-10   -4.7372853800e-09
  18.1000000    7.7988328405e-08    1.4963907138e-08    1.8396796318e-08    1.5570268728e-07    1.7809329318e-08    1.5785016560e-08   -5.5549836975e-10   -4.7246250681e-09
  18.1100000    8.1728084843e-08    1.5749576442e-08    1.7240591916e-08    1.5704338373e-07    1.7979879187e-08    1.6466885805e-08   -5.3905968951e-10   -4.7121639311e-09
  18.1200000    8.4364501895e-08    1.6824697433e-08    1.5817326419e-08    1.5832486997e-07    1.8212684774e-08    1.7090860269e-08   -5.2248094401e-10   -4.6998985778e-09
  18.1300000    8.5741411602e-08    1.8133515112e-08    1.4143785698e-08    1.5953850407e-07    1.8503538476e-08    1.7646510156e-08   -5.0580943682e-10   -4.6878334109e-09
  18.1400000    8.5757620112e-08    1.9612187711e-08    1.2240723433e-08    1.6067622808e-07    1.8847164658e-08    1.8124692074e-08   -4.8907410413e-10   -4.6759636316e-09
  18.1500000    8.4371692548e-08    2.1190863975e-08    1.0132639016e-08    1.6173059356e-07    1.9237346937e-08    1.8517728382e-08   -4.7231622153e-10   -4.6642957369e-09
  18.1600000    8.1604237588e-08    2.2796030513e-08    7.8475397707e-09    1.6269477661e-07    1.9667026718e-08    1.8819544257e-08   -4.5557416284e-10   -4.6528279880e-09
  18.1700000    7.7537777216e-08    2.4353070669e-08    5.4165982939e-09    1.6356257795e-07    2.0128427594e-08    1.9025795280e-08   -4.3888889399e-10   -4.6415568059e-09
  18.1800000    7.2313831446e-08    2.5788886517e-08    2.8737809080e-09    1.6432846657e-07    2.0613205177e-08    1.9133948440e-08   -4.2228944109e-10   -4.6304871759e-09
  18.1900000    6.6127649166e-08    2.7034713242e-08    2.5541539633e-10    1.6498761203e-07    2.1112589309e-08    1.9143313928e-08   -4.0581676353e-10   -4.6196201474e-09
  18.2000000    5.9220460843e-08    2.8028670441e-08   -2.4003005548e-09    1.6553590265e-07    2.1617521012e-08    1.9055074580e-08   -3.8950596118e-10   -4.6089522734e-09
  18.2100000    5.1869838055e-08    2.8718346619e-08   -5.0538800330e-09    1.6596999713e-07    2.2118815174e-08    1.8872266954e-08   -3.7339055518e-10   -4.5984873750e-09
  18.2200000    4.4378044739e-08    2.9063002989e-08   -7.6650313028e-09    1.6628738062e-07    2.2607331503e-08    1.8599683679e-08   -3.5750139976e-10   -4.5882273059e-09
  18.2300000    3.7059525016e-08    2.9035570086e-08   -1.0193356097e-08    1.6648642731e-07    2.3074116151e-08    1.8243809083e-08   -3.4187448863e-10   -4.5781667132e-09
  18.2400000    3.0227254873e-08    2.8624080045e-08   -1.2598899396e-08    1.6656644058e-07    2.3510543985e-08    1.7812688896e-08   -3.2654217064e-10   -4.5683118886e-09
  18.2500000    2.4179363864e-08    2.7832614877e-08   -1.4842835828e-08    1.6652775310e-07    2.3908483428e-08    1.7315743168e-08   -3.1153642910e-10   -4.5586606878e-09
  18.2600000    1.9185837505e-08    2.6681732503e-08   -1.6888069915e-08    1.6637173464e-07    2.4260423838e-08    1.6763610178e-08   -2.9688244649e-10   -4.5492121262e-09
  18.2700000    1.5476313315e-08    2.5208263512e-08   -1.8699864022e-08    1.6610092392e-07    2.4559597431e-08    1.6167926111e-08   -2.8260612479e-10   -4.5399652158e-09
  18.2800000    1.3229673284e-08    2.3464454437e-08   -2.0246438677e-08    1.6571903421e-07    2.4800085176e-08    1.5541086699e-08   -2.6873894374e-10   -4.5309252579e-09
  18.2900000    1.2565346096e-08    2.1516498273e-08   -2.1499512930e-08    1.6523103188e-07    2.4976919506e-08    1.4896023673e-08   -2.5530237147e-10   -4.5220807851e-09
  18.3000000    1.3537312880e-08    1.9442463587e-08   -2.2434869089e-08    1.6464317250e-07    2.5086173626e-08    1.4245934272e-08   -2.4232131432e-10   -4.5134381217e-09
  18.3100000    1.6130842675e-08    1.7329645539e-08   -2.3032759286e-08    1.6396300936e-07    2.5124990598e-08    1.3604043422e-08   -2.2982096837e-10   -4.5049900701e-09
  18.3200000    2.0262216303e-08    1.5271460821e-08   -2.3278340299e-08    1.6319942864e-07    2.5091656463e-08    1.2983322207e-08   -2.1781915087e-10   -4.4967413538e-09
  18.3300000    2.5781498118e-08    1.3364046041e-08   -2.3161995375e-08    1.6236261719e-07    2.4985613523e-08    1.2396271275e-08   -2.0632728146e-10   -4.4886815375e-09
  18.3400000    3.2478283667e-08    1.1702471612e-08   -2.2679575914e-08    1.6146403581e-07    2.4807467884e-08    1.1854649811e-08   -1.9536566518e-10   -4.4808107954e-09
  18.3500000    4.0090211837e-08    1.0377014377e-08   -2.1832558311e-08    1.6051635827e-07    2.4558968818e-08    1.1369275912e-08   -1.8495188185e-10   -4.4731294775e-09
  18.3600000    4.8313900803e-08    9.4693515937e-09   -2.0628141224e-08    1.5953337787e-07    2.4242970325e-08    1.0949822331e-08   -1.7508825267e-10   -4.4656257575e-09
  18.3700000    5.6817862119e-08    9.0489852176e-09   -1.9079195579e-08    1.5852991605e-07    2.3863382392e-08    1.0604623238e-08   -1.6579056563e-10   -4.4582987905e-09
  18.3800000    6.5256778216e-08    9.1700754459e-09   -1.7204157364e-08    1.5752166230e-07    2.3425102848e-08    1.0340535176e-08   -1.5706935191e-10   -4.4511445012e-09
  18.3900000    7.3286631419e-08    9.8686680615e-09   -1.5026845232e-08    1.5652502327e-07    2.2933935595e-08    1.0162815419e-08   -1.4891976472e-10   -4.4441561960e-09
  18.4000000    8.0579838985e-08    1.1160628428e-08   -1.2576131809e-08    1.5555691369e-07    2.2396466627e-08    1.0075035853e-08   -1.4135474755e-10   -4.4373327338e-09
  18.4100000    8.6839846482e-08    1.3040229645e-08   -9.8855759318e-09    1.5463455122e-07    2.1819973064e-08    1.0079013662e-08   -1.3436974906e-10   -4.4306634025e-09
  18.4200000    9.1814371431e-08    1.5479543385e-08   -6.9929476051e-09    1.5377522469e-07    2.1212293747e-08    1.0174805362e-08   -1.2796569302e-10   -4.4241499505e-09
  18.4300000    9.5306919945e-08    1.8428804043e-08   -3.9396758923e-09    1.5299602497e-07    2.0581692097e-08    1.0360717912e-08   -1.2213534358e-10   -4.4177858233e-09
  18.4400000    9.7185636405e-08    2.1817548950e-08   -7.7025091210e-10    1.5231359358e-07    1.9936718988e-08    1.0633358542e-08   -1.1687452624e-10   -4.4115606683e-09
  18.4500000    9.7389397073e-08    2.5556558776e-08    2.4684519826e-09    1.5174383443e-07    1.9286067576e-08    1.0987721814e-08   -1.1217855259e-10   -4.4054749105e-09
  18.4600000    9.5930765872e-08    2.9540649940e-08    5.7278751298e-09    1.5130164524e-07    1.8638433504e-08    1.1417289250e-08   -1.0802850024e-10   -4.3995250575e-09
  18.4700000    9.2895420990e-08    3.3652253942e-08    8.9585565976e-09    1.5100061829e-07    1.8002371480e-08    1.1914183019e-08   -1.0442288895e-10   -4.3937025413e-09
  18.4800000    8.8438427633e-08    3.7765396586e-08    1.2110877574e-08    1.5085281241e-07    1.7386162570e-08    1.2469321079e-08   -1.0134260828e-10   -4.3880099524e-09
  18.4900000    8.2777245458e-08    4.1750241694e-08    1.5135848896e-08    1.5086843902e-07    1.6797662706e-08    1.3072629076e-08   -9.8769948437e-11   -4.3824372640e-09
  18.5000000    7.6181852860e-08    4.5477793571e-08    1.7985899272e-08    1.5105567918e-07    1.6244206031e-08    1.3713209943e-08   -9.6689501147e-11   -4.3769927174e-09
  18.5100000    6.8962516276e-08    4.8824727924e-08    2.0615644179e-08    1.5142041348e-07    1.5732465948e-08    1.4379589245e-08   -9.5084081420e-11   -4.3716682879e-09
  18.5200000    6.1455577145e-08    5.1678130140e-08    2.2982611584e-08    1.5196609673e-07    1.5268365436e-08    1.5059930796e-08   -9.3934946095e-11   -4.3664637212e-09
  18.5300000    5.4008143727e-08    5.3939768380e-08    2.5047928133e-08    1.5269357252e-07    1.4856974724e-08    1.5742270510e-08   -9.3218462550e-11   -4.3613797350e-09
  18.5400000    4.6962253243e-08    5.5530041739e-08    2.6776956020e-08    1.5360097397e-07    1.4502463775e-08    1.6414750662e-08   -9.2906861239e-11   -4.3564127193e-09
  18.5500000    4.0639325752e-08    5.6391202305e-08    2.8139890830e-08    1.5468367417e-07    1.4208014191e-08    1.7065835212e-08   -9.2988497483e-11   -4.3515660731e-09
  18.5600000    3.5325566223e-08    5.6489679040e-08    2.9112235781e-08    1.5593423649e-07    1.3975808141e-08    1.7684541123e-08   -9.3432449492e-11   -4.3468411798e-09
  18.5700000    3.1259078957e-08    5.5817677722e-08    2.9675220993e-08    1.5734246906e-07    1.3806969501e-08    1.8260606293e-08   -9.4209299744e-11   -4.3422365049e-09
  18.5800000    2.8619281390e-08    5.4393679171e-08    2.9816145864e-08    1.5889551100e-07    1.3701597206e-08    1.8784718184e-08   -9.5303817011e-11   -4.3377565616e-09
  18.5900000    2.7519087180e-08    5.2261937416e-08    2.9528580555e-08    1.6057792899e-07    1.3658741123e-08    1.9248631142e-08   -9.6689276153e-11   -4.3334071024e-09
  18.6000000    2.8000228413e-08    4.9491060221e-08    2.8812519985e-08    1.6237193500e-07    1.3676453776e-08    1.9645343140e-08   -9.8341991169e-11   -4.3291861007e-09
  18.6100000    3.0031956976e-08    4.6171538645e-08    2.7674396333e-08    1.6425758581e-07    1.3751841411e-08    1.9969172757e-08   -1.0023367052e-10   -4.3250998152e-09
  18.6200000    3.3513131198e-08    4.2412542289e-08    2.6127006587e-08    1.6621306523e-07    1.3881082480e-08    2.0215866556e-08   -1.0234126487e-10   -4.3211463458e-09
  18.6300000    3.8277663189e-08    3.8337848768e-08    2.4189347718e-08    1.6821500356e-07    1.4059541330e-08    2.0382646153e-08   -1.0465042536e-10   -4.3173309572e-09
  18.6400000    4.4102784935e-08    3.4081364945e-08    2.1886338294e-08    1.7023881540e-07    1.4281857076e-08    2.0468224925e-08   -1.0712441596e-10   -4.3136562776e-09
  18.6500000    5.0720236168e-08    2.9782123189e-08    1.9248430449e-08    1.7225908536e-07    1.4542014354e-08    2.0472807791e-08   -1.0975221327e-10   -4.3101259421e-09
  18.6600000    5.7829235381e-08    2.5579168919e-08    1.6311172143e-08    1.7424996096e-07    1.4833475118e-08    2.0398061421e-08   -1.1250714576e-10   -4.3067342538e-09
  18.6700000    6.5110963857e-08    2.1606393061e-08    1.3114677996e-08    1.7618559538e-07    1.5149270098e-08    2.0247055966e-08   -1.1537960479e-10   -4.3034913205e-09
  18.6800000    7.2243762296e-08    1.7987671445e-08    9.7029983483e-09    1.7804057882e-07    1.5482143287e-08    2.0024143471e-08   -1.1834232658e-10   -4.3003892668e-09
  18.6900000    7.8918313934e-08    1.4832343022e-08    6.1234778865e-09    1.7979034139e-07    1.5824656569e-08    1.9734893173e-08   -1.2138489015e-10   -4.2974309625e-09
  18.7000000    8.4852090216e-08    1.2231303384e-08    2.4260232781e-09    1.8141162304e-07    1.6169332901e-08    1.9385926693e-08   -1.2448731237e-10   -4.2946137017e-09
  18.7100000    8.9802335925e-08    1.0253834205e-08   -1.3376429513e-09    1.8288287898e-07    1.6508743340e-08    1.8984784479e-08   -1.2763639152e-10   -4.2919377900e-09
  18.7200000    9.3576985671e-08    8.9452875286e-09   -5.1147669242e-09    1.8418465508e-07    1.6835680345e-08    1.8539748181e-08   -1.3082588811e-10   -4.2893979568e-09
  18.7300000    9.6043068564e-08    8.3256790795e-09   -8.8523469258e-09    1.8529998408e-07    1.7143236740e-08    1.8059695000e-08   -1.3404180432e-10   -4.2869941862e-09
  18.7400000    9.7132240259e-08    8.3893658761e-09   -1.2497932638e-08    1.8621468406e-07    1.7424930031e-08    1.7553881509e-08   -1.3728176709e-10   -4.2847185936e-09
  18.7500000    9.6842973293e-08    9.1056607394e-09   -1.6000414263e-08    1.8691767716e-07    1.7674778894e-08    1.7031784337e-08   -1.4053473217e-10   -4.2825634792e-09
  18.7600000    9.5239660645e-08    1.0420336755e-08   -1.9310756497e-08    1.8740119913e-07    1.7887442250e-08    1.6502918145e-08   -1.4379041803e-10   -4.2805203175e-09
  18.7700000    9.2448520644e-08    1.2258187378e-08   -2.2382721629e-08    1.8766099820e-07    1.8058247747e-08    1.5976640381e-08   -1.4705354127e-10   -4.2785844404e-09
  18.7800000    8.8650541241e-08    1.4526207687e-08   -2.5173554697e-08    1.8769646728e-07    1.8183303936e-08    1.5462006873e-08   -1.5031917013e-10   -4.2767463333e-09
  18.7900000    8.4071894061e-08    1.7117510477e-08   -2.7644593761e-08    1.8751066674e-07    1.8259512004e-08    1.4967606449e-08   -1.5358626701e-10   -4.2749987322e-09
  18.8000000    7.8972237976e-08    1.9915675307e-08   -2.9761793844e-08    1.8711036698e-07    1.8284636947e-08    1.4501410988e-08   -1.5685504309e-10   -4.2733294436e-09
  18.8100000    7.3631639873e-08    2.2799505961e-08   -3.1496229303e-08    1.8650596488e-07    1.8257342052e-08    1.4070659926e-08   -1.6012806540e-10   -4.2717288471e-09
  18.8200000    6.8336593971e-08    2.5647695645e-08   -3.2824462729e-08    1.8571133349e-07    1.8177146852e-08    1.3681745087e-08   -1.6340682738e-10   -4.2701835756e-09
  18.8300000    6.3365883728e-08    2.8343661118e-08   -3.3728868390e-08    1.8474365382e-07    1.8044502635e-08    1.3340121389e-08   -1.6669874798e-10   -4.2686852617e-09
  18.8400000    5.8977043585e-08    3.0779941132e-08   -3.4197822987e-08    1.8362315556e-07    1.7860709673e-08    1.3050259879e-08   -1.7000373604e-10   -4.2672246202e-09
  18.8500000    5.5394013821e-08    3.2862327137e-08   -3.4225847889e-08    1.8237276445e-07    1.7627933141e-08    1.2815582940e-08   -1.7333581704e-10   -4.2657821997e-09
  18.8600000    5.2796479151e-08    3.4513225907e-08   -3.3813637249e-08    1.8101779327e-07    1.7349125200e-08    1.2638448026e-08   -1.7669120823e-10   -4.2643545527e-09
  18.8700000    5.1311604431e-08    3.5674550455e-08   -3.2967987538e-08    1.7958551178e-07    1.7027999166e-08    1.2520161135e-08   -1.8008935772e-10   -4.2629254609e-09
  18.8800000    5.1008274886e-08    3.6309543647e-08   -3.1701647304e-08    1.7810467358e-07    1.6668957627e-08    1.2460971965e-08   -1.8353115094e-10   -4.2614888389e-09
  18.8900000    5.1894352071e-08    3.6404021823e-08   -3.0033092885e-08    1.7660506801e-07    1.6276988636e-08    1.2460140530e-08   -1.8702718440e-10   -4.2600276041e-09
  18.9000000    5.3916775977e-08    3.5966550090e-08   -2.7986174820e-08    1.7511701049e-07    1.5857623648e-08    1.2515974800e-08   -1.9058630892e-10   -4.2585362579e-09
  18.9100000    5.6964755275e-08    3.5027764738e-08   -2.5589762089e-08    1.7367081894e-07    1.5416823939e-08    1.2625906209e-08   -1.9421675878e-10   -4.2570081375e-09
  18.9200000    6.0875587814e-08    3.3638881218e-08   -2.2877242269e-08    1.7229630877e-07    1.4960892223e-08    1.2786592369e-08   -1.9792363340e-10   -4.2554314132e-09
  18.9300000    6.5443020717e-08    3.1869403654e-08   -1.9886005534e-08    1.7102224974e-07    1.4496371710e-08    1.2993989556e-08   -2.0172230501e-10   -4.2538026221e-09
  18.9400000    7.0427629146e-08    2.9804222578e-08   -1.6656880872e-08    1.6987592303e-07    1.4029932059e-08    1.3243464397e-08   -2.0562098086e-10   -4.2521118309e-09
  18.9500000    7.5568568768e-08    2.7539998051e-08   -1.3233501549e-08    1.6888257131e-07    1.3568295635e-08    1.3529925048e-08   -2.0962201056e-10   -4.2503588452e-09
  18.9600000    8.0596471262e-08    2.5181309498e-08   -9.6616546405e-09    1.6806502043e-07    1.3118111059e-08    1.3847895552e-08   -2.1373992127e-10   -4.2485302236e-09
  18.9700000    8.5246461582e-08    2.2836466284e-08   -5.9885977612e-09    1.6744325709e-07    1.2685840652e-08    1.4191674499e-08   -2.1797967643e-10   -4.2466338966e-09
  18.9800000    8.9270892958e-08    2.0613214998e-08   -2.2623799173e-09    1.6703404517e-07    1.2277707958e-08    1.4555412386e-08   -2.2234707413e-10   -4.2446617969e-09
  18.9900000    9.2451239601e-08    1.8614491196e-08    1.4688461158e-09    1.6685068010e-07    1.1899565296e-08    1.4933223621e-08   -2.2685682597e-10   -4.2426146276e-09
  19.0000000    9.4608467300e-08    1.6934440071e-08    5.1575113650e-09    1.6690269157e-07    1.1556825282e-08    1.5319299483e-08   -2.3150087352e-10   -4.2404884868e-09
  19.0100000    9.5611344772e-08    1.5654735009e-08    8.7572782959e-09    1.6719571580e-07    1.1254386092e-08    1.5708002288e-08   -2.3629241914e-10   -4.2382896730e-09
  19.0200000    9.5382598357e-08    1.4841527128e-08    1.2223698192e-08    1.6773136722e-07    1.0996560191e-08    1.6093931790e-08   -2.4123101956e-10   -4.2360180848e-09
  19.0300000    9.3902363579e-08    1.4542807210e-08    1.5514764293e-08    1.6850718678e-07    1.0786998351e-08    1.6471997056e-08   -2.4632211846e-10   -4.2336743553e-09
  19.0400000    9.1208903769e-08    1.4786585419e-08    1.8591505101e-08    1.6951670599e-07    1.0628656328e-08    1.6837502489e-08   -2.5156976466e-10   -4.2312623157e-09
  19.0500000    8.7396715406e-08    1.5579797761e-08    2.1418432920e-08    1.7074953437e-07    1.0523747881e-08    1.7186159736e-08   -2.5697349826e-10   -4.2287858486e-09
  19.0600000    8.2611775595e-08    1.6908048904e-08    2.3964022756e-08    1.7219151050e-07    1.0473729299e-08    1.7514152789e-08   -2.6252713522e-10   -4.2262496528e-09
  19.0700000    7.7044617785e-08    1.8735998924e-08    2.6201030428e-08    1.7382496220e-07    1.0479232703e-08    1.7818139343e-08   -2.6823477223e-10   -4.2236581415e-09
  19.0800000    7.0921253221e-08    2.1008710101e-08    2.8106841664e-08    1.7562900321e-07    1.0540128704e-08    1.8095283501e-08   -2.7409002787e-10   -4.2210196387e-09
  19.0900000    6.4492500506e-08    2.3653555865e-08    2.9663642756e-08    1.7757986247e-07    1.0655459365e-08    1.8343246473e-08   -2.8009302400e-10   -4.2183313553e-09
  19.1000000    5.8022308725e-08    2.6582840734e-08    3.0858597819e-08    1.7965129713e-07    1.0823517420e-08    1.8560184303e-08   -2.8623507451e-10   -4.2156028864e-09
  19.1100000    5.1775355197e-08    2.9697030456e-08    3.1683910920e-08    1.8181501106e-07    1.1041806131e-08    1.8744720987e-08   -2.9250585182e-10   -4.2128423048e-09
  19.1200000    4.6004938401e-08    3.2888227556e-08    3.2136814752e-08    1.8404116643e-07    1.1307125422e-08    1.8895949282e-08   -2.9889994901e-10   -4.2100502819e-09
  19.1300000    4.0941236961e-08    3.6044179450e-08    3.2219485401e-08    1.8629885054e-07    1.1615587886e-08    1.9013377821e-08   -3.0540430752e-10   -4.2072336664e-09
  19.1400000    3.6780795338e-08    3.9052264619e-08    3.1938900285e-08    1.8855660434e-07    1.1962678973e-08    1.9096918059e-08   -3.1200899075e-10   -4.2043947895e-09
  19.1500000    3.3677636005e-08    4.1803569649e-08    3.1306596345e-08    1.9078293573e-07    1.2343325334e-08    1.9146838347e-08   -3.1869698297e-10   -4.2015374433e-09
  19.1600000    3.1736364156e-08    4.4196826385e-08    3.0338392661e-08    1.9294684934e-07    1.2751931097e-08    1.9163746217e-08   -3.2545769420e-10   -4.1986707626e-09
  19.1700000    3.1007541879e-08    4.6142089304e-08    2.9054030085e-08    1.9501835490e-07    1.3182508242e-08    1.9148540993e-08   -3.3227439506e-10   -4.1957898736e-09
  19.1800000    3.1485686268e-08    4.7564048844e-08    2.7476799718e-08    1.9696895082e-07    1.3628701017e-08    1.9102380104e-08   -3.3913005443e-10   -4.1929023437e-09
  19.1900000    3.3109746078e-08    4.8404663437e-08    2.5633080382e-08    1.9877210191e-07    1.4083896463e-08    1.9026667742e-08   -3.4600258317e-10   -4.1900163469e-09
  19.2000000    3.5766151342e-08    4.8625434977e-08    2.3551865125e-08    2.0040365732e-07    1.4541310754e-08    1.8923010627e-08   -3.5287504979e-10   -4.1871216992e-09
  19.2100000    3.9294422296e-08    4.8208803297e-08    2.1264277039e-08    2.0184225277e-07    1.4994072883e-08    1.8793198264e-08   -3.5972557208e-10   -4.1842303136e-09
  19.2200000    4.3494660825e-08    4.7158840382e-08    1.8803024433e-08    2.0306963321e-07    1.5435325284e-08    1.8639211695e-08   -3.6652928746e-10   -4.1813367266e-09
  19.2300000    4.8137056579e-08    4.5501223306e-08    1.6201885866e-08    2.0407095725e-07    1.5858298596e-08    1.8463176221e-08   -3.7326474585e-10   -4.1784445295e-09
  19.2400000    5.2972638766e-08    4.3282382614e-08    1.3495188533e-08    2.0483500680e-07    1.6256420089e-08    1.8267366509e-08   -3.7990425112e-10   -4.1755556488e-09
  19.2500000    5.7744920448e-08    4.0567954913e-08    1.0717264867e-08    2.0535438581e-07    1.6623383763e-08    1.8054216756e-08   -3.8642455713e-10   -4.1726710499e-09
  19.2600000    6.2201890728e-08    3.7440538340e-08    7.9019877852e-09    2.0562560553e-07    1.6953257633e-08    1.7826298892e-08   -3.9280524536e-10   -4.1697896172e-09
  19.2700000    6.6107698892e-08    3.3996822549e-08    5.0822657727e-09    2.0564912888e-07    1.7240548340e-08    1.7586331197e-08   -3.9901116779e-10   -4.1669158631e-09
  19.2800000    6.9253785865e-08    3.0344319926e-08    2.2896238594e-09    2.0542936951e-07    1.7480268047e-08    1.7337175893e-08   -4.0502776855e-10   -4.1640447260e-09
  19.2900000    7.1468491806e-08    2.6597531666e-08   -4.4620543025e-10    2.0497459662e-07    1.7668036815e-08    1.7081848173e-08   -4.1081920619e-10   -4.1611795753e-09
  19.3000000    7.2625231074e-08    2.2874037803e-08   -3.0976317066e-09    2.0429678433e-07    1.7800113835e-08    1.6823499257e-08   -4.1636453990e-10   -4.1583207057e-09
  19.3100000    7.2648475844e-08    1.9290395033e-08   -5.6395097006e-09    2.0341144261e-07    1.7873469335e-08    1.6565448241e-08   -4.2163358513e-10   -4.1554709253e-09
  19.3200000    7.1517413217e-08    1.5958144354e-08   -8.0493721103e-09    2.0233733410e-07    1.7885837746e-08    1.6311122187e-08   -4.2660371681e-10   -4.1526253489e-09
  19.3300000    6.9267146607e-08    1.2979935967e-08   -1.0307637681e-08    2.0109617807e-07    1.7835736707e-08    1.6064104746e-08   -4.3124166487e-10   -4.1497929183e-09
  19.3400000    6.5987268374e-08    1.0446024281e-08   -1.2397718537e-08    1.9971233207e-07    1.7722512399e-08    1.5828076679e-08   -4.3553234271e-10   -4.1469654866e-09
  19.3500000    6.1818021106e-08    8.4312505969e-09   -1.4306109844e-08    1.9821235657e-07    1.7546375441e-08    1.5606801336e-08   -4.3945774724e-10   -4.1441502690e-09
  19.3600000    5.6944088667e-08    6.9925721131e-09   -1.6022375228e-08    1.9662464402e-07    1.7308345929e-08    1.5404100914e-08   -4.4298069054e-10   -4.1413467336e-09
  19.3700000    5.1586248029e-08    6.1672045316e-09   -1.7539127199e-08    1.9497896208e-07    1.7010334165e-08    1.5223817721e-08   -4.4608917040e-10   -4.1385556258e-09
  19.3800000    4.5991431165e-08    5.9715497746e-09   -1.8851915363e-08    1.9330599312e-07    1.6655086889e-08    1.5069751896e-08   -4.4876228964e-10   -4.1357791278e-09
  19.3900000    4.0421542709e-08    6.4009507729e-09   -1.9959067522e-08    1.9163688161e-07    1.6246140812e-08    1.4945624252e-08   -4.5098072095e-10   -4.1330201694e-09
  19.4000000    3.5141413626e-08    7.4299961723e-09   -2.0861509332e-08    1.9000272859e-07    1.5787859607e-08    1.4855018242e-08   -4.5272697560e-10   -4.1302790087e-09
  19.4100000    3.0406659703e-08    9.0138283374e-09   -2.1562543006e-08    1.8843415485e-07    1.5285306585e-08    1.4801290350e-08   -4.5399461465e-10   -4.1275594966e-09
  19.4200000    2.6451812980e-08    1.1090002001e-08   -2.2067563867e-08    1.8696084035e-07    1.4744262375e-08    1.4787517554e-08   -4.5476196059e-10   -4.1248626065e-09
  19.4300000    2.3479369489e-08    1.3580980226e-08   -2.2383788201e-08    1.8561105074e-07    1.4171111865e-08    1.4816411732e-08   -4.5502117866e-10   -4.1221847920e-09
  19.4400000    2.1650160394e-08    1.6397234552e-08   -2.2519941145e-08    1.8441126324e-07    1.3572803283e-08    1.4890261757e-08   -4.5476870095e-10   -4.1195371099e-09
  19.4500000    2.1075614276e-08    1.9440632099e-08   -2.2485961498e-08    1.8338574742e-07    1.2956759700e-08    1.5010823414e-08   -4.5399795458e-10   -4.1169140512e-09
  19.4600000    2.1812168378e-08    2.2608187301e-08   -2.2292673642e-08    1.8255621619e-07    1.2330767218e-08    1.5179264580e-08   -4.5270071465e-10   -4.1143133206e-09
  19.4700000    2.3858159053e-08    2.5795867266e-08   -2.1951478023e-08    1.8194151550e-07    1.1702921974e-08    1.5396112241e-08   -4.5087589637e-10   -4.1117388401e-09
  19.4800000    2.7153249164e-08    2.8902452598e-08   -2.1474074818e-08    1.8155733739e-07    1.1081493402e-08    1.5661146642e-08   -4.4852819822e-10   -4.1091846302e-09
  19.4900000    3.1580658525e-08    3.1833099484e-08   -2.0872149051e-08    1.8141601741e-07    1.0474832444e-08    1.5973378429e-08   -4.4565770388e-10   -4.1066552150e-09
  19.5000000    3.6971784903e-08    3.4502712171e-08   -2.0157173905e-08    1.8152633770e-07    9.8912778662e-09    1.6330999799e-08   -4.4227236429e-10   -4.1041496542e-09
  19.5100000    4.3113445564e-08    3.6838859509e-08   -1.9340133888e-08    1.8189340293e-07    9.3390230707e-09    1.6731340711e-08   -4.3837387901e-10   -4.1016565772e-09
  19.5200000    4.9757017697e-08    3.8784075202e-08   -1.8431388824e-08    1.8251858719e-07    8.8260078042e-09    1.7170877759e-08   -4.3397508687e-10   -4.0991742221e-09
  19.5300000    5.6629373745e-08    4.0297629690e-08   -1.7440481887e-08    1.8339947780e-07    8.3598284968e-09    1.7645216054e-08   -4.2909076328e-10   -4.0966998543e-09
  19.5400000    6.3444968718e-08    4.1356515864e-08   -1.6376060488e-08    1.8452994195e-07    7.9476101481e-09    1.8149113705e-08   -4.2373567428e-10   -4.0942240258e-09
  19.5500000    6.9918663300e-08    4.1955845915e-08   -1.5245808176e-08    1.8590020109e-07    7.5959230778e-09    1.8676524499e-08   -4.1792030616e-10   -4.0917450287e-09
  19.5600000    7.5778592116e-08    4.2108424971e-08   -1.4056398609e-08    1.8749696786e-07    7.3106593918e-09    1.9220654220e-08   -4.1167129625e-10   -4.0892469521e-09
  19.5700000    8.0778524771e-08    4.1843697705e-08   -1.2813539264e-08    1.8930362827e-07    7.0969743070e-09    1.9774037567e-08   -4.0499746187e-10   -4.0867267469e-09
  19.5800000    8.4709354340e-08    4.1206072651e-08   -1.1522007256e-08    1.9130048048e-07    6.9591650258e-09    2.0328644681e-08   -3.9792220661e-10   -4.0841705528e-09
  19.5900000    8.7408638894e-08    4.0252684787e-08   -1.0185755817e-08    1.9346500196e-07    6.9006315369e-09    2.0875960760e-08   -3.9048025030e-10   -4.0815707784e-09
  19.6000000    8.8768464640e-08    3.9050651282e-08   -8.8080201551e-09    1.9577217976e-07    6.9237998804e-09    2.1407173796e-08   -3.8268725597e-10   -4.0789093314e-09
  19.6100000    8.8740745667e-08    3.7674076779e-08   -7.3914953055e-09    1.9819482455e-07    7.0300665098e-09    2.1913259404e-08   -3.7457571510e-10   -4.0761790136e-09
  19.6200000    8.7339767903e-08    3.6200853200e-08   -5.9384843047e-09    2.0070400633e-07    7.2197801634e-09    2.2385199211e-08   -3.6616764343e-10   -4.0733680723e-09
  19.6300000    8.4642039716e-08    3.4709296045e-08   -4.4511095725e-09    2.0326941332e-07    7.4921854598e-09    2.2814090599e-08   -3.5749486360e-10   -4.0704616305e-09
  19.6400000    8.0783240065e-08    3.3274925373e-08   -2.9314997113e-09    2.0585978121e-07    7.8454565536e-09    2.3191369784e-08   -3.4859178564e-10   -4.0674428130e-09
  19.6500000    7.5952440282e-08    3.1967436657e-08   -1.3820195651e-09    2.0844332506e-07    8.2766646094e-09    2.3508957182e-08   -3.3948199287e-10   -4.0642985173e-09
  19.6600000    7.0383759352e-08    3.0847908953e-08    1.9455467715e-10    2.1098823832e-07    8.7818227833e-09    2.3759436777e-08   -3.3020261066e-10   -4.0610143959e-09
  19.6700000    6.4346088604e-08    2.9966513137e-08    1.7948130442e-09    2.1346306642e-07    9.3559061973e-09    2.3936244920e-08   -3.2078381525e-10   -4.0575777966e-09
  19.6800000    5.8130845861e-08    2.9360601551e-08    3.4145345526e-09    2.1583719434e-07    9.9929409705e-09    2.4033824924e-08   -3.1126343118e-10   -4.0539768952e-09
  19.6900000    5.2038823504e-08    2.9053559366e-08    5.0485386868e-09    2.1808128201e-07    1.0686012927e-08    2.4047769921e-08   -3.0167497073e-10   -4.0501947209e-09
  19.7000000    4.6366385662e-08    2.9053930341e-08    6.6905266953e-09    2.2016766048e-07    1.1427406988e-08    2.3974961817e-08   -2.9205397903e-10   -4.0462180203e-09
  19.7100000    4.1391745129e-08    2.9355452429e-08    8.3330030109e-09    2.2207075613e-07    1.2208658657e-08    2.3813689599e-08   -2.8243599125e-10   -4.0420392790e-09
  19.7200000    3.7361999521e-08    2.9937595354e-08    9.9671869724e-09    2.2376744953e-07    1.3020682990e-08    2.3563729250e-08   -2.7285573698e-10   -4.0376413763e-09
  19.7300000    3.4481473991e-08    3.0766571098e-08    1.1582976824e-08    2.2523741957e-07    1.3853897213e-08    2.3226430220e-08   -2.6335037086e-10   -4.0330149939e-09
  19.7400000    3.2901889004e-08    3.1796947722e-08    1.3168971696e-08    2.2646343313e-07    1.4698333097e-08    2.2804734611e-08   -2.5395072615e-10   -4.0281522966e-09
  19.7500000    3.2714943349e-08    3.2973725330e-08    1.4712514570e-08    2.2743164359e-07    1.5543782742e-08    2.2303175635e-08   -2.4470097435e-10   -4.0230453527e-09
  19.7600000    3.3947482673e-08    3.4234721868e-08    1.6199772539e-08    2.2813178020e-07    1.6379945383e-08    2.1727892182e-08   -2.3562829191e-10   -4.0176859420e-09
  19.7700000    3.6559777639e-08    3.5513161157e-08    1.7615903774e-08    2.2855732671e-07    1.7196548920e-08    2.1086516180e-08   -2.2677288706e-10   -4.0120722152e-09
  19.7800000    4.0446745879e-08    3.6740492285e-08    1.8945183267e-08    2.2870566509e-07    1.7983538515e-08    2.0388119328e-08   -2.1816844041e-10   -4.0061956683e-09
  19.7900000    4.5442150448e-08    3.7849232630e-08    2.0171254776e-08    2.2857810599e-07    1.8731196000e-08    1.9643089288e-08   -2.0985413543e-10   -4.0000534219e-09
  19.8000000    5.1325787098e-08    3.8775660135e-08    2.1277352327e-08    2.2817993925e-07    1.9430281271e-08    1.8862964688e-08   -2.0185627115e-10   -3.9936467871e-09
  19.8100000    5.7833145809e-08    3.9462460016e-08    2.2246566329e-08    2.2752039215e-07    2.0072205428e-08    1.8060263206e-08   -1.9420504491e-10   -3.9869772491e-09
  19.8200000    6.4667099209e-08    3.9860973316e-08    2.3062179038e-08    2.2661251274e-07    2.0649120587e-08    1.7248271526e-08   -1.8694259710e-10   -3.9800463343e-09
  19.8300000    7.1511427360e-08    3.9933296151e-08    2.3707953653e-08    2.2547305667e-07    2.1154084238e-08    1.6440828850e-08   -1.8009859813e-10   -3.9728526853e-09
  19.8400000    7.8045008032e-08    3.9653671176e-08    2.4168469047e-08    2.2412224589e-07    2.1581151320e-08    1.5652078174e-08   -1.7369559758e-10   -3.9654053647e-09
  19.8500000    8.3956604626e-08    3.9009697531e-08    2.4429459474e-08    2.2258357998e-07    2.1925468926e-08    1.4896201190e-08   -1.6776109190e-10   -3.9577057593e-09
  19.8600000    8.8959128972e-08    3.8002871071e-08    2.4478152525e-08    2.2088348331e-07    2.2183381298e-08    1.4187149715e-08   -1.6232556402e-10   -3.9497642376e-09
  19.8700000    9.2802997305e-08    3.6648765466e-08    2.4303606537e-08    2.1905098735e-07    2.2352488646e-08    1.3538401668e-08   -1.5740873964e-10   -3.9415899643e-09
  19.8800000    9.5287825953e-08    3.4976473216e-08    2.3896990194e-08    2.1711735289e-07    2.2431677968e-08    1.2962674052e-08   -1.5303771516e-10   -3.9331897980e-09
  19.8900000    9.6271954885e-08    3.3027786981e-08    2.3251937343e-08    2.1511565119e-07    2.2421190854e-08    1.2471655548e-08   -1.4923470133e-10   -3.9245756920e-09
  19.9000000    9.5679304922e-08    3.0855805095e-08    2.2364747748e-08    2.1308031603e-07    2.2322610354e-08    1.2075781899e-08   -1.4601716763e-10   -3.9157567506e-09
  19.9100000    9.3503299674e-08    2.8523136924e-08    2.1234637786e-08    2.1104667176e-07    2.2138843793e-08    1.1784003424e-08   -1.4340090333e-10   -3.9067455908e-09
  19.9200000    8.9807729330e-08    2.6099780804e-08    1.9863948988e-08    2.0905043816e-07    2.1874114078e-08    1.1603582263e-08   -1.4140191655e-10   -3.8975507301e-09
  19.9300000    8.4724227358e-08    2.3660719043e-08    1.8258258675e-08    2.0712723796e-07    2.1533901586e-08    1.1539900251e-08   -1.4003439837e-10   -3.8881928407e-09
  19.9400000    7.8446912824e-08    2.1283332678e-08    1.6426508582e-08    2.0531209132e-07    2.1124864577e-08    1.1596339627e-08   -1.3930410769e-10   -3.8786752532e-09
  19.9500000    7.1223920955e-08    1.9044716322e-08    1.4381019324e-08    2.0363890620e-07    2.0654742209e-08    1.1774174638e-08   -1.3922363758e-10   -3.8690204987e-09
  19.9600000    6.3346605717e-08    1.7018895365e-08    1.2137477329e-08    2.0213997866e-07    2.0132272762e-08    1.2072491493e-08   -1.3980039678e-10   -3.8592339292e-09
  19.9700000    5.5136829724e-08    1.5274205931e-08    9.7148859998e-09    2.0084551200e-07    1.9567033919e-08    1.2488174197e-08   -1.4103591360e-10   -3.8493320601e-09
  19.9800000    4.6932672676e-08    1.3870884422e-08    7.1353988385e-09    1.9978317263e-07    1.8969331549e-08    1.3015917868e-08   -1.4293103130e-10   -3.8393290907e-09
  19.9900000    3.9073546197e-08    1.2858686124e-08    4.4241599375e-09    1.9897764258e-07    1.8350028130e-08    1.3648299566e-08   -1.4548911128e-10   -3.8292379248e-09
  20.0000000    3.1885235487e-08    1.2275128474e-08    1.6090533387e-09    1.9845025603e-07    1.7720383988e-08    1.4375852115e-08   -1.4870357110e-10   -3.8190628547e-09
  20.0100000    2.5665497072e-08    1.2143860307e-08   -1.2796028282e-09    1.9821861408e-07    1.7091886592e-08    1.5187257024e-08   -1.5257461212e-10   -3.8088258335e-09
  20.0200000    2.0670952148e-08    1.2473643955e-08   -4.2094040271e-09    1.9829633521e-07    1.6476053735e-08    1.6069483647e-08   -1.5708322835e-10   -3.7985327271e-09
  20.0300000    1.7105939874e-08    1.3257818497e-08   -7.1462395784e-09    1.9869275749e-07    1.5884288441e-08    1.7008020269e-08   -1.6223238984e-10   -3.7881952055e-09
  20.0400000    1.5113549850e-08    1.4474251546e-08   -1.0054755449e-08    1.9941279089e-07    1.5327670608e-08    1.7987143502e-08   -1.6800562779e-10   -3.7778235557e-09
  20.0500000    1.4769634566e-08    1.6085866763e-08   -1.2898774209e-08    2.0045677920e-07    1.4816787040e-08    1.8990202669e-08   -1.7439106233e-10   -3.7674253255e-09
  20.0600000    1.6079708772e-08    1.8041721174e-08   -1.5641876631e-08    2.0182042898e-07    1.4361552356e-08    1.9999881618e-08   -1.8137373248e-10   -3.7570102091e-09
  20.0700000    1.8979055560e-08    2.0278614165e-08   -1.8247824605e-08    2.0349484163e-07    1.3971063339e-08    2.0998558204e-08   -1.8894224143e-10   -3.7465874315e-09
  20.0800000    2.3335901591e-08    2.2723089013e-08   -2.0681168129e-08    2.0546657901e-07    1.3653449157e-08    2.1968609631e-08   -1.9707000907e-10   -3.7361609872e-09
  20.0900000    2.8957601405e-08    2.5294047463e-08   -2.2907744663e-08    2.0771780858e-07    1.3415699584e-08    2.2892781047e-08   -2.0574790524e-10   -3.7257386023e-09
  20.1000000    3.5599369998e-08    2.7905529294e-08   -2.4895223760e-08    2.1022650117e-07    1.3263593537e-08    2.3754474347e-08   -2.1495139029e-10   -3.7153241095e-09
  20.1100000    4.2975362429e-08    3.0469821754e-08   -2.6613642040e-08    2.1296675018e-07    1.3201561698e-08    2.4538103617e-08   -2.2465946844e-10   -3.7049234581e-09
  20.1200000    5.0771357004e-08    3.2900735481e-08   -2.8035869155e-08    2.1590907720e-07    1.3232624020e-08    2.5229384927e-08   -2.3485322337e-10   -3.6945431391e-09
  20.1300000    5.8658546914e-08    3.5116925220e-08   -2.9138132745e-08    2.1902085158e-07    1.3358328632e-08    2.5815629772e-08   -2.4550740099e-10   -3.6841796947e-09
  20.1400000    6.6307818868e-08    3.7045040747e-08   -2.9900398989e-08    2.2226672649e-07    1.3578703595e-08    2.6286000327e-08   -2.5660009193e-10   -3.6738388759e-09
  20.1500000    7.3403835052e-08    3.8622720284e-08   -3.0306809008e-08    2.2560915644e-07    1.3892264262e-08    2.6631720141e-08   -2.6810757794e-10   -3.6635231759e-09
  20.1600000    7.9658389545e-08    3.9801280298e-08   -3.0345988128e-08    2.2900893950e-07    1.4296027115e-08    2.6846299438e-08   -2.8000078870e-10   -3.6532319420e-09
  20.1700000    8.4822145877e-08    4.0547849184e-08   -3.0011347128e-08    2.3242577276e-07    1.4785522250e-08    2.6925617076e-08   -2.9226505044e-10   -3.6429662482e-09
  20.1800000    8.8694681099e-08    4.0846991567e-08   -2.9301290673e-08    2.3581887336e-07    1.5354871918e-08    2.6868088736e-08   -3.0486931549e-10   -3.6327265668e-09
  20.1900000    9.1132070417e-08    4.0701676698e-08   -2.8219354537e-08    2.3914756821e-07    1.5996887609e-08    2.6674655172e-08   -3.1778592089e-10   -3.6225126370e-09
  20.2000000    9.2051913505e-08    4.0133545022e-08   -2.6774317128e-08    2.4237193869e-07    1.6703145558e-08    2.6348817149e-08   -3.3099780938e-10   -3.6123181452e-09
  20.2100000    9.1435455898e-08    3.9182360968e-08   -2.4980143090e-08    2.4545341466e-07    1.7464140047e-08    2.5896576930e-08   -3.4447782562e-10   -3.6021477376e-09
  20.2200000    8.9327041748e-08    3.7904766725e-08   -2.2855956677e-08    2.4835534832e-07    1.8269416469e-08    2.5326342203e-08   -3.5819839763e-10   -3.5919949445e-09
  20.2300000    8.5830628473e-08    3.6372212960e-08   -2.0425865648e-08    2.5104366816e-07    1.9107727183e-08    2.4648794560e-08   -3.7213858151e-10   -3.5818573358e-09
  20.2400000    8.1103884010e-08    3.4668260411e-08   -1.7718707779e-08    2.5348734349e-07    1.9967212352e-08    2.3876667408e-08   -3.8626934102e-10   -3.5717296601e-09
  20.2500000    7.5350098275e-08    3.2885210578e-08   -1.4767772490e-08    2.5565891121e-07    2.0835575778e-08    2.3024545490e-08   -4.0056929850e-10   -3.5616125168e-09
  20.2600000    6.8808181989e-08    3.1120337346e-08   -1.1610386066e-08    2.5753493259e-07    2.1700299417e-08    2.2108586867e-08   -4.1501600210e-10   -3.5514967405e-09
  20.2700000    6.1741562762e-08    2.9471712865e-08   -8.2874756198e-09    2.5909635737e-07    2.2548795416e-08    2.1146211135e-08   -4.2958728642e-10   -3.5413828173e-09
  20.2800000    5.4426194272e-08    2.8033844215e-08   -4.8430486371e-09    2.6032886438e-07    2.3368653778e-08    2.0155814265e-08   -4.4425448800e-10   -3.5312645663e-09
  20.2900000    4.7138477450e-08    2.6893336553e-08   -1.3235963223e-09    2.6122309588e-07    2.4147804039e-08    1.9156365149e-08   -4.5899706879e-10   -3.5211354288e-09
  20.3000000    4.0143463347e-08    2.6124758885e-08    2.2225172416e-09    2.6177483571e-07    2.4874705341e-08    1.8167102407e-08   -4.7379076980e-10   -3.5109926334e-09
  20.3100000    3.3684119324e-08    2.5786901633e-08    5.7457106837e-09    2.6198509032e-07    2.5538552216e-08    1.7207143634e-08   -4.8861203281e-10   -3.5008289348e-09
  20.3200000    2.7971784153e-08    2.5919504715e-08    9.1959332822e-09    2.6186010771e-07    2.6129418817e-08    1.6295119136e-08   -5.0344264210e-10   -3.4906391364e-09
  20.3300000    2.3178431183e-08    2.6540873192e-08    1.2523352413e-08    2.6141128953e-07    2.6638429142e-08    1.5448828233e-08   -5.1825982870e-10   -3.4804168389e-09
  20.3400000    1.9431038184e-08    2.7646242398e-08    1.5679115262e-08    2.6065502061e-07    2.7057894930e-08    1.4684913084e-08   -5.3303868832e-10   -3.4701597558e-09
  20.3500000    1.6808220436e-08    2.9207144185e-08    1.8616094288e-08    2.5961243802e-07    2.7381419756e-08    1.4018514426e-08   -5.4775325156e-10   -3.4598535576e-09
  20.3600000    1.5338956328e-08    3.1171779533e-08    2.1289599917e-08    2.5830910618e-07    2.7604030097e-08    1.3463010102e-08   -5.6238721406e-10   -3.4494960513e-09
  20.3700000    1.5003862152e-08    3.3466515861e-08    2.3658134016e-08    2.5677462652e-07    2.7722221460e-08    1.3029758746e-08   -5.7691857013e-10   -3.4390857533e-09
  20.3800000    1.5738490191e-08    3.5998390003e-08    2.5684028172e-08    2.5504215068e-07    2.7734024778e-08    1.2727867756e-08   -5.9132193745e-10   -3.4286082011e-09
  20.3900000    1.7438483156e-08    3.8658520880e-08    2.7334119742e-08    2.5314788986e-07    2.7639035837e-08    1.2564045506e-08   -6.0558101832e-10   -3.4180604673e-09
  20.4000000    1.9966432918e-08    4.1326416575e-08    2.8580313329e-08    2.5113051908e-07    2.7438415540e-08    1.2542461644e-08   -6.1967103153e-10   -3.4074372957e-09
  20.4100000    2.3159859177e-08    4.3874880920e-08    2.9400110601e-08    2.4903057331e-07    2.7134869693e-08    1.2664685570e-08   -6.3356209951e-10   -3.3967310122e-09
  20.4200000    2.6839955728e-08    4.6175504442e-08    2.9777085326e-08    2.4688978196e-07    2.6732607758e-08    1.2929639527e-08   -6.4724686312e-10   -3.3859334281e-09
  20.4300000    3.0820814217e-08    4.8104242319e-08    2.9701192322e-08    2.4475041310e-07    2.6237263353e-08    1.3333650750e-08   -6.6069877623e-10   -3.3750408349e-09
  20.4400000    3.4918347182e-08    4.9547178451e-08    2.9169096813e-08    2.4265460464e-07    2.5655813162e-08    1.3870515481e-08   -6.7389142452e-10   -3.3640385942e-09
  20.4500000    3.8958793536e-08    5.0405840580e-08    2.8184332488e-08    2.4064365590e-07    2.4996453259e-08    1.4531623494e-08   -6.8681614242e-10   -3.3529270496e-09
  20.4600000    4.2786278844e-08    5.0602129373e-08    2.6757373001e-08    2.3875739086e-07    2.4268487626e-08    1.5306124145e-08   -6.9944949122e-10   -3.3416999025e-09
  20.4700000    4.6269119648e-08    5.0082437808e-08    2.4905615315e-08    2.3703349541e-07    2.3482159281e-08    1.6181145637e-08   -7.1176984439e-10   -3.3303421286e-09
  20.4800000    4.9304650355e-08    4.8820886547e-08    2.2653242936e-08    2.3550692765e-07    2.2648498229e-08    1.7142038974e-08   -7.2375697524e-10   -3.3188550761e-09
  20.4900000    5.1822402849e-08    4.6821332265e-08    2.0030958542e-08    2.3420933720e-07    2.1779152092e-08    1.8172665876e-08   -7.3539651587e-10   -3.3072254308e-09
  20.5000000    5.3785481195e-08    4.4118230427e-08    1.7075660905e-08    2.3316857387e-07    2.0886195349e-08    1.9255697473e-08   -7.4666704438e-10   -3.2954494084e-09
  20.5100000    5.5190266421e-08    4.0776133657e-08    1.3829982996e-08    2.3240824084e-07    1.9981958804e-08    2.0372962429e-08   -7.5755512873e-10   -3.2835171854e-09
  20.5200000    5.6064419405e-08    3.6887858632e-08    1.0341709754e-08    2.3194729885e-07    1.9078815348e-08    2.1505770007e-08   -7.6803970533e-10   -3.2714251682e-09
  20.5300000    5.6463479867e-08    3.2571414607e-08    6.6631603569e-09    2.3179980709e-07    1.8189010682e-08    2.2635274488e-08   -7.7810628138e-10   -3.2591601901e-09
  20.5400000    5.6466147607e-08    2.7965785154e-08    2.8504174722e-09    2.3197466354e-07    1.7324471613e-08    2.3742831167e-08   -7.8774102136e-10   -3.2467151811e-09
  20.5500000    5.6168556144e-08    2.3225603596e-08   -1.0374627782e-09    2.3247550259e-07    1.6496631087e-08    2.4810315798e-08   -7.9693261121e-10   -3.2340860279e-09
  20.5600000    5.5678034246e-08    1.8515155032e-08   -4.9393426872e-09    2.3330062202e-07    1.5716251849e-08    2.5820477296e-08   -8.0566150070e-10   -3.2212615157e-09
  20.5700000    5.5106499274e-08    1.4001853731e-08   -8.7929095018e-09    2.3444306145e-07    1.4993267589e-08    2.6757259750e-08   -8.1391220688e-10   -3.2082356857e-09
  20.5800000    5.4563847442e-08    9.8493457487e-09   -1.2535696710e-08    2.3589068700e-07    1.4336658069e-08    2.7606049593e-08   -8.2168296154e-10   -3.1950028725e-09
  20.5900000    5.4151736310e-08    6.2108524683e-09   -1.6106039888e-08    2.3762644579e-07    1.3754285406e-08    2.8353969901e-08   -8.2895308503e-10   -3.1815469491e-09
  20.6000000    5.3958111843e-08    3.2226658829e-09   -1.9444082709e-08    2.3962860382e-07    1.3252826219e-08    2.8990077228e-08   -8.3571916109e-10   -3.1678658009e-09
  20.6100000    5.4052497244e-08    9.9844086094e-10   -2.2492794875e-08    2.4187116734e-07    1.2837644563e-08    2.9505543873e-08   -8.4196861704e-10   -3.1539469757e-09
  20.6200000    5.4482502628e-08   -3.7571256908e-10   -2.5198922012e-08    2.4432426649e-07    1.2512766457e-08    2.9893809812e-08   -8.4769061172e-10   -3.1397849806e-09
  20.6300000    5.5271528628e-08   -8.4493856705e-10   -2.7513923279e-08    2.4695468985e-07    1.2280775017e-08    3.0150653461e-08   -8.5287424315e-10   -3.1253684947e-09
  20.6400000    5.6417891989e-08   -3.8809209997e-10   -2.9394856060e-08    2.4972639823e-07    1.2142840413e-08    3.0274246547e-08   -8.5752014307e-10   -3.1106867796e-09
  20.6500000    5.7895061492e-08    9.8122437697e-10   -3.0805169375e-08    2.5260114022e-07    1.2098671180e-08    3.0265168158e-08   -8.6161138427e-10   -3.0957307407e-09
  20.6600000    5.9653355829e-08    3.2151077629e-09   -3.1715398960e-08    2.5553905463e-07    1.2146564149e-08    3.0126331390e-08   -8.6515092433e-10   -3.0804940471e-09
  20.6700000    6.1622664446e-08    6.2332944494e-09   -3.2103798936e-08    2.5849931663e-07    1.2283439504e-08    2.9862928080e-08   -8.6812487155e-10   -3.0649664454e-09
  20.6800000    6.3716205550e-08    9.9263759293e-09   -3.1956823102e-08    2.6144079994e-07    1.2504883987e-08    2.9482284594e-08   -8.7053240591e-10   -3.0491346518e-09
  20.6900000    6.5834992921e-08    1.4160412576e-08   -3.1269488923e-08    2.6432273183e-07    1.2805232990e-08    2.8993672418e-08   -8.7236796207e-10   -3.0329956428e-09
  20.7000000    6.7872778219e-08    1.8782399581e-08   -3.0045621552e-08    2.6710533593e-07    1.3177683013e-08    2.8408138783e-08   -8.7362373776e-10   -3.0165344329e-09
  20.7100000    6.9721392979e-08    2.3626672862e-08   -2.8297920955e-08    2.6975045546e-07    1.3614388284e-08    2.7738248967e-08   -8.7429446523e-10   -2.9997482875e-09
  20.7200000    7.1275984806e-08    2.8521763035e-08   -2.6047900543e-08    2.7222215752e-07    1.4106579527e-08    2.6997847254e-08   -8.7438491127e-10   -2.9826246127e-09
  20.7300000    7.2440048719e-08    3.3297483868e-08   -2.3325701589e-08    2.7448729076e-07    1.4644734941e-08    2.6201767444e-08   -8.7388194970e-10   -2.9651596523e-09
  20.7400000    7.3129990518e-08    3.7791854779e-08   -2.0169697799e-08    2.7651596804e-07    1.5218687926e-08    2.5365538749e-08   -8.7278729223e-10   -2.9473434189e-09
  20.7500000    7.3278969693e-08    4.1857688643e-08   -1.6626014567e-08    2.7828203973e-07    1.5817802677e-08    2.4505108932e-08   -8.7109215116e-10   -2.9291732428e-09
  20.7600000    7.2840095260e-08    4.5368418499e-08   -1.2747847230e-08    2.7976347886e-07    1.6431127954e-08    2.3636523342e-08   -8.6879202017e-10   -2.9106402277e-09
  20.7700000    7.1788394969e-08    4.8222994117e-08   -8.5947208467e-09    2.8094268803e-07    1.7047558575e-08    2.2775646978e-08   -8.6589274930e-10   -2.8917425513e-09
  20.7800000    7.0122099344e-08    5.0349635564e-08   -4.2315370481e-09    2.8180674959e-07    1.7656008069e-08    2.1937880384e-08   -8.6237592583e-10   -2.8724758771e-09
  20.7900000    6.7862671241e-08    5.1708206695e-08    2.7241856515e-10    2.8234760459e-07    1.8245539297e-08    2.1137871436e-08   -8.5824745972e-10   -2.8528374571e-09
  20.8000000    6.5053938960e-08    5.2291258121e-08    4.8445782827e-09    2.8256212034e-07    1.8805543073e-08    2.0389288091e-08   -8.5349717612e-10   -2.8328299963e-09
  20.8100000    6.1760287234e-08    5.2123526720e-08    9.4102951070e-09    2.8245212662e-07    1.9325898715e-08    1.9704583832e-08   -8.4812567383e-10   -2.8124486795e-09
  20.8200000    5.8064030400e-08    5.1260191196e-08    1.3894070502e-08    2.8202433684e-07    1.9797065779e-08    1.9094807591e-08   -8.4212228081e-10   -2.7917023522e-09
  20.8300000    5.4062086553e-08    4.9783621925e-08    1.8220823060e-08    2.8129019854e-07    2.0210269322e-08    1.8569447956e-08   -8.3548696559e-10   -2.7705926272e-09
  20.8400000    4.9862167144e-08    4.7799154466e-08    2.2317205827e-08    2.8026569692e-07    2.0557569206e-08    1.8136289997e-08   -8.2821439776e-10   -2.7491243144e-09
  20.8500000    4.5578569220e-08    4.5429859324e-08    2.6112857230e-08    2.7897104298e-07    2.0831976712e-08    1.7801329584e-08   -8.2030044919e-10   -2.7273018406e-09
  20.8600000    4.1327808039e-08    4.2810596869e-08    2.9541667169e-08    2.7743036108e-07    2.1027557525e-08    1.7568711989e-08   -8.1173489799e-10   -2.7051422989e-09
  20.8700000    3.7224329434e-08    4.0081769603e-08    3.2542946585e-08    2.7567125805e-07    2.1139510035e-08    1.7440722574e-08   -8.0251359307e-10   -2.6826504701e-09
  20.8800000    3.3376327654e-08    3.7382832366e-08    3.5062573657e-08    2.7372437536e-07    2.1164168906e-08    1.7417797876e-08   -7.9263780397e-10   -2.6598413595e-09
  20.8900000    2.9881899917e-08    3.4846022226e-08    3.7053982155e-08    2.7162289867e-07    2.1099105897e-08    1.7498562118e-08   -7.8209173187e-10   -2.6367291084e-09
  20.9000000    2.6825759400e-08    3.2590591989e-08    3.8479073952e-08    2.6940202293e-07    2.0943118455e-08    1.7679934848e-08   -7.7087596039e-10   -2.6133329012e-09
  20.9100000    2.4276426805e-08    3.0717631483e-08    3.9308972488e-08    2.6709841509e-07    2.0696226891e-08    1.7957223795e-08   -7.5898164399e-10   -2.5896661421e-09
  20.9200000    2.2284163502e-08    2.9306000275e-08    3.9524630672e-08    2.6474961052e-07    2.0359691986e-08    1.8324265660e-08   -7.4640583694e-10   -2.5657541821e-09
  20.9300000    2.0879583611e-08    2.8409126956e-08    3.9117266512e-08    2.6239348262e-07    1.9935969024e-08    1.8773603807e-08   -7.3314471545e-10   -2.5416171644e-09
  20.9400000    2.0073113798e-08    2.8053244154e-08    3.8088650588e-08    2.6006763338e-07    1.9428653871e-08    1.9296653370e-08   -7.1918341384e-10   -2.5172732327e-09
  20.9500000    1.9855062159e-08    2.8236736106e-08    3.6451168611e-08    2.5780886643e-07    1.8842424717e-08    1.9883895110e-08   -7.0452483150e-10   -2.4927557307e-09
  20.9600000    2.0196498426e-08    2.8930881089e-08    3.4227714997e-08    2.5565260731e-07    1.8182980582e-08    2.0525099098e-08   -6.8916562600e-10   -2.4680880210e-09
  20.9700000    2.1050814418e-08    3.0081810437e-08    3.1451415489e-08    2.5363242233e-07    1.7456953637e-08    2.1209512761e-08   -6.7309376639e-10   -2.4432933258e-09
  20.9800000    2.2355900258e-08    3.1613529808e-08    2.8165136418e-08    2.5177953569e-07    1.6671795816e-08    2.1926078253e-08   -6.5630785556e-10   -2.4184044999e-09
  20.9900000    2.4036833067e-08    3.3431906571e-08    2.4420836551e-08    2.5012238776e-07    1.5835690995e-08    2.2663651371e-08   -6.3881056351e-10   -2.3934503296e-09
  21.0000000    2.6008984331e-08    3.5429520867e-08    2.0278739440e-08    2.4868625696e-07    1.4957402060e-08    2.3411183416e-08   -6.2059015019e-10   -2.3684619566e-09
  21.0100000    2.8181386853e-08    3.7490905754e-08    1.5806340717e-08    2.4749290967e-07    1.4046200514e-08    2.4157942240e-08   -6.0165467799e-10   -2.3434643739e-09
  21.0200000    3.0460433131e-08    3.9498160021e-08    1.1077309227e-08    2.4656036615e-07    1.3111684435e-08    2.4893651322e-08   -5.8198966611e-10   -2.3184953216e-09
  21.0300000    3.2753480542e-08    4.1336553200e-08    6.1702387587e-09    2.4590262107e-07    1.2163679697e-08    2.5608674749e-08   -5.6160173067e-10   -2.2935817526e-09
  21.0400000    3.4972473341e-08    4.2899888478e-08    1.1672864515e-09    2.4552955668e-07    1.1212098143e-08    2.6294142559e-08   -5.4048920230e-10   -2.2687520813e-09
  21.0500000    3.7037374196e-08    4.4095420621e-08   -3.8472092098e-09    2.4544681901e-07    1.0266799583e-08    2.6942068103e-08   -5.1865533930e-10   -2.2440397575e-09
  21.0600000    3.8879306710e-08    4.4848009645e-08   -8.7882250527e-09    2.4565580316e-07    9.3374572676e-09    2.7545441506e-08   -4.9610178208e-10   -2.2194736037e-09
  21.0700000    4.0443202230e-08    4.5103543468e-08   -1.3571525244e-08    2.4615368902e-07    8.4334317023e-09    2.8098302703e-08   -4.7283201847e-10   -2.1950835929e-09
  21.0800000    4.1689996707e-08    4.4831223439e-08   -1.8115173809e-08    2.4693353747e-07    7.5636626778e-09    2.8595793637e-08   -4.4885539262e-10   -2.1708938343e-09
  21.0900000    4.2598177298e-08    4.4024832491e-08   -2.2340958680e-08    2.4798446595e-07    6.7365317394e-09    2.9034176247e-08   -4.2416907248e-10   -2.1469329963e-09
  21.1000000    4.3164651501e-08    4.2702828481e-08   -2.6175834186e-08    2.4929185126e-07    5.9597573469e-09    2.9410812330e-08   -3.9879131312e-10   -2.1232216876e-09
  21.1100000    4.3404918119e-08    4.0907341516e-08   -2.9553203664e-08    2.5083760607e-07    5.2403110016e-09    2.9724184152e-08   -3.7272888333e-10   -2.0997892729e-09
  21.1200000    4.3352431691e-08    3.8702071502e-08   -3.2414166725e-08    2.5260047721e-07    4.5842980592e-09    2.9973797367e-08   -3.4599103359e-10   -2.0766510408e-09
  21.1300000    4.3057213450e-08    3.6169323092e-08   -3.4708579321e-08    2.5455641649e-07    3.9969389353e-09    3.0160182597e-08   -3.1859380030e-10   -2.0538304157e-09
  21.1400000    4.2583754362e-08    3.3406137134e-08   -3.6395997732e-08    2.5667896764e-07    3.4824321984e-09    3.0284794717e-08   -2.9055053866e-10   -2.0313423657e-09
  21.1500000    4.2008216366e-08    3.0519886238e-08   -3.7446432394e-08    2.5893969170e-07    3.0439604828e-09    3.0349900937e-08   -2.6188177487e-10   -2.0092056116e-09
  21.1600000    4.1415089823e-08    2.7623429072e-08   -3.7840942982e-08    2.6130859482e-07    2.6836375730e-09    3.0358539700e-08   -2.3261254264e-10   -1.9874323199e-09
  21.1700000    4.0893287950e-08    2.4830018274e-08   -3.7572006187e-08    2.6375460473e-07    2.4024847495e-09    3.0314375639e-08   -2.0276295735e-10   -1.9660291335e-09
  21.1800000    4.0531954661e-08    2.2248346817e-08   -3.6643702640e-08    2.6624603659e-07    2.2004224664e-09    3.0221613188e-08   -1.7234850067e-10   -1.9450108745e-09
  21.1900000    4.0416101375e-08    1.9977789817e-08   -3.5071691291e-08    2.6875107868e-07    2.0762959126e-09    3.0084884329e-08   -1.4140671692e-10   -1.9243817615e-09
  21.2000000    4.0622215800e-08    1.8104200028e-08   -3.2882977284e-08    2.7123823631e-07    2.0278768123e-09    2.9909138898e-08   -1.0996838759e-10   -1.9041422080e-09
  21.2100000    4.1214031832e-08    1.6696191146e-08   -3.0115482704e-08    2.7367680296e-07    2.0519067427e-09    2.9699555494e-08   -7.8063494934e-11   -1.8842964648e-09
  21.2200000    4.2238757522e-08    1.5802380151e-08   -2.6817382108e-08    2.7603730709e-07    2.1441718209e-09    2.9461428292e-08   -4.5731498146e-11   -1.8648366318e-09
  21.2300000    4.3723753835e-08    1.5449504414e-08   -2.3046310789e-08    2.7829195394e-07    2.2995443107e-09    2.9200087929e-08   -1.3008798396e-11   -1.8457681216e-09
  21.2400000    4.5674094697e-08    1.5641521663e-08   -1.8868353394e-08    2.8041496910e-07    2.5120746918e-09    2.8920821424e-08    2.0062672677e-11   -1.8270733739e-09
  21.2500000    4.8070885478e-08    1.6359688949e-08   -1.4356911016e-08    2.8238298519e-07    2.7750637732e-09    2.8628798033e-08    5.3434863931e-11   -1.8087532353e-09
  21.2600000    5.0870606576e-08    1.7563736680e-08   -9.5914101866e-09    2.8417537273e-07    3.0811838263e-09    2.8329020353e-08    8.7059735664e-11   -1.7907924754e-09
  21.2700000    5.4005654718e-08    1.9193861294e-08   -4.6558995640e-09    2.8577449556e-07    3.4225793551e-09    2.8026260105e-08    1.2089566023e-10   -1.7731748167e-09
  21.2800000    5.7385842954e-08    2.1173707535e-08    3.6239694702e-10    2.8716595540e-07    3.7909789053e-09    2.7725033143e-08    1.5488248002e-10   -1.7558878885e-09
  21.2900000    6.0901137002e-08    2.3413853193e-08    5.3746389078e-09    2.8833878069e-07    4.1778325276e-09    2.7429582213e-08    1.8897026330e-10   -1.7389137645e-09
  21.3000000    6.4425349106e-08    2.5816033353e-08    1.0291933133e-08    2.8928552979e-07    4.5744160698e-09    2.7143827885e-08    2.2309007919e-10   -1.7222324340e-09
  21.3100000    6.7820862697e-08    2.8277494873e-08    1.5026897788e-08    2.9000242399e-07    4.9719828763e-09    2.6871407088e-08    2.5719185291e-10   -1.7058218549e-09
  21.3200000    7.0943886703e-08    3.0695673138e-08    1.9495204627e-08    2.9048931297e-07    5.3618805710e-09    2.6615632635e-08    2.9120221857e-10   -1.6896630571e-09
  21.3300000    7.3650463293e-08    3.2972704873e-08    2.3617063763e-08    2.9074968004e-07    5.7356900260e-09    2.6379525903e-08    3.2506500957e-10   -1.6737284156e-09
  21.3400000    7.5802795433e-08    3.5019639586e-08    2.7318641988e-08    2.9079055457e-07    6.0853321743e-09    2.6165826323e-08    3.5870642691e-10   -1.6579925867e-09
  21.3500000    7.7275340834e-08    3.6760264475e-08    3.0533353989e-08    2.9062237385e-07    6.4032170958e-09    2.5976993872e-08    3.9205950709e-10   -1.6424258648e-09
  21.3600000    7.7960889963e-08    3.8134285808e-08    3.3203040100e-08    2.9025880153e-07    6.6823283349e-09    2.5815234377e-08    4.2505372875e-10   -1.6270033024e-09
  21.3700000    7.7776067688e-08    3.9099721585e-08    3.5278976059e-08    2.8971649422e-07    6.9163591738e-09    2.5682525032e-08    4.5761605332e-10   -1.6116971800e-09
  21.3800000    7.6665770285e-08    3.9634439930e-08    3.6722729570e-08    2.8901482330e-07    7.0997792264e-09    2.5580612519e-08    4.8967793207e-10   -1.5964747457e-09
  21.3900000    7.4606904168e-08    3.9736797425e-08    3.7506834675e-08    2.8817555729e-07    7.2279558075e-09    2.5511052110e-08    5.2116137895e-10   -1.5813065681e-09
  21.4000000    7.1610605806e-08    3.9425344775e-08    3.7615251395e-08    2.8722252436e-07    7.2971974975e-09    2.5475176080e-08    5.5199146395e-10   -1.5661641329e-09
  21.4100000    6.7723170392e-08    3.8737563070e-08    3.7043643171e-08    2.8618121713e-07    7.3048204323e-09    2.5474146112e-08    5.8210018177e-10   -1.5510105105e-09
  21.4200000    6.3025373747e-08    3.7727750319e-08    3.5799429862e-08    2.8507837610e-07    7.2491974486e-09    2.5508918603e-08    6.1140982246e-10   -1.5358221563e-09
  21.4300000    5.7630371517e-08    3.6464180525e-08    3.3901628749e-08    2.8394160193e-07    7.1297892871e-09    2.5580250908e-08    6.3985117552e-10   -1.5205607106e-09
  21.4400000    5.1680150799e-08    3.5025643566e-08    3.1380543552e-08    2.8279888473e-07    6.9471572303e-09    2.5688706711e-08    6.6735000179e-10   -1.5052008092e-09
  21.4500000    4.5340510320e-08    3.3497535703e-08    2.8277167489e-08    2.8167816098e-07    6.7029472043e-09    2.5834595505e-08    6.9383638407e-10   -1.4897075960e-09
  21.4600000    3.8794983267e-08    3.1967638032e-08    2.4642460312e-08    2.8060690686e-07    6.3998956916e-09    2.6018002980e-08    7.1924830352e-10   -1.4740597934e-09
  21.4700000    3.2237937480e-08    3.0521831775e-08    2.0536452963e-08    2.7961167228e-07    6.0417669364e-09    2.6238722270e-08    7.4351531397e-10   -1.4582258931e-09
  21.4800000    2.5866908618e-08    2.9239947351e-08    1.6027182939e-08    2.7871768603e-07    5.6333329329e-09    2.6496252272e-08    7.6657070654e-10   -1.4421769476e-09
  21.4900000    1.9874755523e-08    2.8192002058e-08    1.1189458148e-08    2.7794844075e-07    5.1802697989e-09    2.6789751127e-08    7.8836561378e-10   -1.4258893695e-09
  21.5000000    1.4441969172e-08    2.7434782976e-08    6.1035843913e-09    2.7732534638e-07    4.6891226916e-09    2.7118015427e-08    8.0883728742e-10   -1.4093371989e-09
  21.5100000    9.7292548176e-09    2.7009191083e-08    8.5392768236e-10    2.7686738325e-07    4.1671732953e-09    2.7479458569e-08    8.2793786608e-10   -1.3924934340e-09
  21.5200000    5.8711013060e-09    2.6938305808e-08   -4.4725131847e-09    2.7659081588e-07    3.6223673449e-09    2.7872059578e-08    8.4561566754e-10   -1.3753468752e-09
  21.5300000    2.9703108951e-09    2.7226341182e-08   -9.7876566947e-09    2.7650893917e-07    3.0631686511e-09    2.8293359497e-08    8.6183246248e-10   -1.3578736768e-09
  21.5400000    1.0939565371e-09    2.7858506376e-08   -1.5003825613e-08    2.7663188635e-07    2.4984762576e-09    2.8740461148e-08    8.7655075225e-10   -1.3400529620e-09
  21.5500000    2.7076096726e-10    2.8801768693e-08   -2.0035254096e-08    2.7696648431e-07    1.9374410710e-09    2.9209985817e-08    8.8973182856e-10   -1.3218793251e-09
  21.5600000    4.9040168469e-10    3.0006548689e-08   -2.4799541398e-08    2.7751613636e-07    1.3893804994e-09    2.9698100681e-08    9.0135499215e-10   -1.3033326985e-09
  21.5700000    1.7042544570e-09    3.1409130978e-08   -2.9219030705e-08    2.7828082204e-07    8.6362527833e-10    3.0200529192e-08    9.1139923790e-10   -1.2844095358e-09
  21.5800000    3.8279834961e-09    3.2934896902e-08   -3.3222127939e-08    2.7925709544e-07    3.6936463402e-10    3.0712571085e-08    9.1984688072e-10   -1.2651017271e-09
  21.5900000    6.7457239303e-09    3.4501925367e-08   -3.6744433488e-08    2.8043817317e-07   -8.4468550950e-11    3.1229123057e-08    9.2669367534e-10   -1.2454101597e-09
  21.6000000    1.0315546060e-08    3.6025168054e-08   -3.9729850305e-08    2.8181405898e-07   -4.8933334160e-10    3.1744762886e-08    9.3193024463e-10   -1.2253233333e-09
  21.6100000    1.4376006076e-08    3.7420618392e-08   -4.2131417768e-08    2.8337175107e-07   -8.3722208372e-10    3.2253774092e-08    9.3556873933e-10   -1.2048568062e-09
  21.6200000    1.8753601483e-08    3.8609554487e-08   -4.3912065016e-08    2.8509547331e-07   -1.1207647161e-09    3.2750230419e-08    9.3761434541e-10   -1.1840125951e-09
  21.6300000    2.3270612393e-08    3.9522532569e-08   -4.5045138269e-08    2.8696695558e-07   -1.3333494924e-09    3.3228083160e-08    9.3808804003e-10   -1.1627961468e-09
  21.6400000    2.7752960418e-08    4.0102949138e-08   -4.5514786220e-08    2.8896577927e-07   -1.4692327158e-09    3.3681252221e-08    9.3701292072e-10   -1.1412303548e-09
  21.6500000    3.2037775481e-08    4.0309975532e-08   -4.5316114135e-08    2.9106972738e-07   -1.5235979852e-09    3.4103717907e-08    9.3442247024e-10   -1.1193232694e-09
  21.6600000    3.5980412542e-08    4.0120828612e-08   -4.4455157614e-08    2.9325518981e-07   -1.4926564580e-09    3.4489625625e-08    9.3035374065e-10   -1.0970941989e-09
  21.6700000    3.9460216095e-08    3.9532074333e-08   -4.2948690346e-08    2.9549757737e-07   -1.3737002523e-09    3.4833418671e-08    9.2484876619e-10   -1.0745727549e-09
  21.6800000    4.2385281203e-08    3.8560146147e-08   -4.0823792279e-08    2.9777175401e-07   -1.1651361447e-09    3.5129924275e-08    9.1796194200e-10   -1.0517794386e-09
  21.6900000    4.4695565215e-08    3.7240733435e-08   -3.8117336154e-08    3.0005248585e-07   -8.6652515330e-10    3.5374489630e-08    9.0975263660e-10   -1.0287469985e-09
  21.7000000    4.6364419572e-08    3.5627381265e-08   -3.4875185830e-08    3.0231485195e-07   -4.7858571965e-10    3.5563055328e-08    9.0027688758e-10   -1.0055048941e-09
  21.7100000    4.7398563530e-08    3.3789114051e-08   -3.1151367222e-08    3.0453472974e-07   -3.1840717418e-12    3.5692315822e-08    8.8961016872e-10   -9.8208988581e-10
  21.7200000    4.7836219817e-08    3.1807314302e-08   -2.7007044838e-08    3.0668915338e-07    5.5668025063e-10    3.5759748555e-08    8.7782244525e-10   -9.5853561947e-10
  21.7300000    4.7744027931e-08    2.9771943256e-08   -2.2509367059e-08    3.0875674916e-07    1.1969232819e-09    3.5763747667e-08    8.6499785568e-10   -9.3488751075e-10
  21.7400000    4.7212351695e-08    2.7777347635e-08   -1.7730298169e-08    3.1071806903e-07    1.9124156213e-09    3.5703669679e-08    8.5121578803e-10   -9.1118376889e-10
  21.7500000    4.6349691653e-08    2.5917779286e-08   -1.2745286478e-08    3.1255591395e-07    2.6970901576e-09    3.5579886149e-08    8.3656623984e-10   -8.8747283357e-10
  21.7600000    4.5276296181e-08    2.4282850787e-08   -7.6319692297e-09    3.1425560635e-07    3.5439722816e-09    3.5393832804e-08    8.2114077216e-10   -8.6379713392e-10
  21.7700000    4.4117234410e-08    2.2953161595e-08   -2.4688274846e-09    3.1580525472e-07    4.4453404149e-09    3.5148013313e-08    8.0503801117e-10   -8.4020739965e-10
  21.7800000    4.2995593648e-08    2.1996364251e-08    2.6661981390e-09    3.1719586565e-07    5.3927806513e-09    3.4845996838e-08    7.8835861606e-10   -8.1674342388e-10
  21.7900000    4.2025807062e-08    2.1463705025e-08    7.6969919512e-09    3.1842150325e-07    6.3773336352e-09    3.4492412618e-08    7.7120099588e-10   -7.9346382747e-10
  21.8000000    4.1307641202e-08    2.1387369580e-08    1.2550537502e-08    3.1947934905e-07    7.3896040827e-09    3.4092858381e-08    7.5367202126e-10   -7.7041634966e-10
  21.8100000    4.0921074833e-08    2.1778710264e-08    1.7158094739e-08    3.2036966793e-07    8.4199043737e-09    3.3653867592e-08    7.3587809306e-10   -7.4764532372e-10
  21.8200000    4.0922339164e-08    2.2627430467e-08    2.1456347600e-08    3.2109578388e-07    9.4583867547e-09    3.3182814365e-08    7.1792284043e-10   -7.2520380546e-10
  21.8300000    4.1341271152e-08    2.3901747618e-08    2.5388354561e-08    3.2166393527e-07    1.0495167900e-08    3.2687796267e-08    6.9991016405e-10   -7.0313755901e-10
  21.8400000    4.2180176224e-08    2.5549693704e-08    2.8904421502e-08    3.2208311316e-07    1.1520483457e-08    3.2177491912e-08    6.8195278836e-10   -6.8149456429e-10
  21.8500000    4.3413983882e-08    2.7501231621e-08    3.1962819825e-08    3.2236483021e-07    1.2524787744e-08    3.1661048667e-08    6.6415363672e-10   -6.6032389320e-10
  21.8600000    4.4992023275e-08    2.9671375692e-08    3.4530359933e-08    3.2252285926e-07    1.3498935735e-08    3.1147896071e-08    6.4661582709e-10   -6.3967113143e-10
  21.8700000    4.6840976779e-08    3.1964010336e-08    3.6582786501e-08    3.2257291631e-07    1.4434253839e-08    3.0647597965e-08    6.2944633276e-10   -6.1957510557e-10
  21.8800000    4.8869022998e-08    3.4276237586e-08    3.8105020048e-08    3.2253230879e-07    1.5322661463e-08    3.0169671115e-08    6.1274341815e-10   -6.0007758465e-10
  21.8900000    5.0970828556e-08    3.6503075519e-08    3.9091229698e-08    3.2241956504e-07    1.6156822610e-08    2.9723396233e-08    5.9660229955e-10   -5.8121103156e-10
  21.9000000    5.3033071520e-08    3.8542444408e-08    3.9544705032e-08    3.2225404403e-07    1.6930155940e-08    2.9317653034e-08    5.8111312534e-10   -5.6301587683e-10
  21.9100000    5.4940495415e-08    4.0299804182e-08    3.9477635240e-08    3.2205555390e-07    1.7636997933e-08    2.8960740274e-08    5.6637382595e-10   -5.4552021221e-10
  21.9200000    5.6581736153e-08    4.1692726803e-08    3.8910649638e-08    3.2184391448e-07    1.8272609415e-08    2.8660198049e-08    5.5246915046e-10   -5.2874969928e-10
  21.9300000    5.7854994996e-08    4.2654781365e-08    3.7872255409e-08    3.2163857840e-07    1.8833246505e-08    2.8422673417e-08    5.3947222240e-10   -5.1272876994e-10
  21.9400000    5.8672966512e-08    4.3138766382e-08    3.6398106129e-08    3.2145825746e-07    1.9316221253e-08    2.8253763206e-08    5.2746252943e-10   -4.9748346341e-10
  21.9500000    5.8967196777e-08    4.3119073374e-08    3.4530213646e-08    3.2132053934e-07    1.9719848812e-08    2.8157887325e-08    5.1650272022e-10   -4.8302071409e-10
  21.9600000    5.8691157257e-08    4.2593035721e-08    3.2315963338e-08    3.2124158083e-07    2.0043535663e-08    2.8138193734e-08    5.0665991390e-10   -4.6935618838e-10
  21.9700000    5.7822375098e-08    4.1581261868e-08    2.9807111979e-08    3.2123580568e-07    2.0287718542e-08    2.8196487369e-08    4.9798533485e-10   -4.5649405286e-10
  21.9800000    5.6363264484e-08    4.0126868412e-08    2.7058721734e-08    3.2131564776e-07    2.0453834792e-08    2.8333158305e-08    4.9052840715e-10   -4.4444443717e-10
  21.9900000    5.4340696112e-08    3.8293686271e-08    2.4127968403e-08    3.2149135419e-07    2.0544308059e-08    2.8547170283e-08    4.8432874520e-10   -4.3320129398e-10
  22.0000000    5.1804457331e-08    3.6163551053e-08    2.1073026242e-08    3.2177083890e-07    2.0562479222e-08    2.8836056066e-08    4.7942117398e-10   -4.2276271556e-10
  22.0100000    4.8824630715e-08    3.3832687190e-08    1.7951897070e-08    3.2215957291e-07    2.0512507869e-08    2.9195955207e-08    4.7583055094e-10   -4.1311146315e-10
  22.0200000    4.5488106652e-08    3.1407478138e-08    1.4821263678e-08    3.2266054848e-07    2.0399330111e-08    2.9621667693e-08    4.7357133347e-10   -4.0424154528e-10
  22.0300000    4.1894339924e-08    2.8999744460e-08    1.1735398502e-08    3.2327429080e-07    2.0228543503e-08    3.0106737622e-08    4.7265518914e-10   -3.9613544272e-10
  22.0400000    3.8150694679e-08    2.6721790468e-08    8.7451437501e-09    3.2399891328e-07    2.0006320834e-08    3.0643578712e-08    4.7308497457e-10   -3.8876643900e-10
  22.0500000    3.4367546571e-08    2.4681372849e-08    5.8969489036e-09    3.2483025311e-07    1.9739285918e-08    3.1223605166e-08    4.7484871303e-10   -3.8211612548e-10
  22.0600000    3.0653442975e-08    2.2976924184e-08    3.2320306684e-09    3.2576203452e-07    1.9434400670e-08    3.1837397545e-08    4.7793471242e-10   -3.7614966207e-10
  22.0700000    2.7110458928e-08    2.1693109376e-08    7.8566348440e-10    3.2678606079e-07    1.9098861690e-08    3.2474861530e-08    4.8232140724e-10   -3.7084390124e-10
  22.0800000    2.3830173203e-08    2.0897149512e-08   -1.4134429582e-09    3.2789247825e-07    1.8739969311e-08    3.3125452771e-08    4.8797568106e-10   -3.6615409568e-10
  22.0900000    2.0890064552e-08    2.0635699724e-08   -3.3435803161e-09    3.2907006514e-07    1.8365012433e-08    3.3778350599e-08    4.9486647455e-10   -3.6205421279e-10
  22.1000000    1.8350949475e-08    2.0932824616e-08   -4.9903433510e-09    3.3030651720e-07    1.7981156352e-08    3.4422681043e-08    5.0294502439e-10   -3.5849856895e-10
  22.1100000    1.6255115153e-08    2.1788874903e-08   -6.3467741557e-09    3.3158877638e-07    1.7595318002e-08    3.5047754785e-08    5.1216029271e-10   -3.5545043495e-10
  22.1200000    1.4625508777e-08    2.3180432927e-08   -7.4133401903e-09    3.3290338102e-07    1.7214084746e-08    3.5643233485e-08    5.2246118955e-10   -3.5286567013e-10
  22.1300000    1.3465808244e-08    2.5061266184e-08   -8.1977735411e-09    3.3423677471e-07    1.6843571278e-08    3.6199378245e-08    5.3378097327e-10   -3.5070332612e-10
  22.1400000    1.2761362042e-08    2.7364222003e-08   -8.7147169962e-09    3.3557563975e-07    1.6489382720e-08    3.6707224830e-08    5.4605151404e-10   -3.4891653782e-10
  22.1500000    1.2480992998e-08    3.0004152469e-08   -8.9852530445e-09    3.3690721606e-07    1.6156493379e-08    3.7158768564e-08    5.5920423045e-10   -3.4746348495e-10
  22.1600000    1.2579457780e-08    3.2881408057e-08   -9.0362999735e-09    3.3821958676e-07    1.5849214269e-08    3.7547132526e-08    5.7316076518e-10   -3.4629857562e-10
  22.1700000    1.3000322890e-08    3.5886029916e-08   -8.8998384141e-09    3.3950194671e-07    1.5571119651e-08    3.7866695197e-08    5.8784756819e-10   -3.4537771523e-10
  22.1800000    1.3679398808e-08    3.8902306293e-08   -8.6120749082e-09    3.4074480487e-07    1.5324988814e-08    3.8113227468e-08    6.0317258432e-10   -3.4465861564e-10
  22.1900000    1.4548149947e-08    4.1813488517e-08   -8.2124712395e-09    3.4194020299e-07    1.5112811971e-08    3.8283958239e-08    6.1905912756e-10   -3.4409503619e-10
  22.2000000    1.5537432116e-08    4.4506616795e-08   -7.7427394295e-09    3.4308182706e-07    1.4935766531e-08    3.8377646845e-08    6.3542141980e-10   -3.4365350592e-10
  22.2100000    1.6580631444e-08    4.6876978457e-08   -7.2457311033e-09    3.4416511839e-07    1.4794217216e-08    3.8394604887e-08    6.5217144613e-10   -3.4328973154e-10
  22.2200000    1.7616955405e-08    4.8832290652e-08   -6.7643777099e-09    3.4518731307e-07    1.4687723433e-08    3.8336685509e-08    6.6922802865e-10   -3.4296845544e-10
  22.2300000    1.8594016376e-08    5.0296313329e-08   -6.3405073793e-09    3.4614743620e-07    1.4615081567e-08    3.8207252998e-08    6.8649913708e-10   -3.4265699080e-10
  22.2400000    1.9469952036e-08    5.1211598595e-08   -6.0137929637e-09    3.4704623133e-07    1.4574370266e-08    3.8011119955e-08    7.0391091905e-10   -3.4231758755e-10
  22.2500000    2.0214989588e-08    5.1541699309e-08   -5.8206674039e-09    3.4788608341e-07    1.4562982760e-08    3.7754435279e-08    7.2137269467e-10   -3.4192432377e-10
  22.2600000    2.0812264702e-08    5.1272234567e-08   -5.7933370316e-09    3.4867085117e-07    1.4577725436e-08    3.7444560639e-08    7.3881188463e-10   -3.4145056874e-10
  22.2700000    2.1258205381e-08    5.0411253087e-08   -5.9588447493e-09    3.4940567321e-07    1.4614857440e-08    3.7089942785e-08    7.5615958062e-10   -3.4086678866e-10
  22.2800000    2.1561926351e-08    4.8988618631e-08   -6.3382953643e-09    3.5009677208e-07    1.4670209987e-08    3.6699888855e-08    7.7334136831e-10   -3.4015796166e-10
  22.2900000    2.1744395837e-08    4.7054471122e-08   -6.9461469173e-09    3.5075115253e-07    1.4739270969e-08    3.6284430728e-08    7.9029218608e-10   -3.3930585282e-10
  22.3000000    2.1836756405e-08    4.4677099781e-08   -7.7896700173e-09    3.5137638519e-07    1.4817231484e-08    3.5854083851e-08    8.0695284456e-10   -3.3829319214e-10
  22.3100000    2.1878447131e-08    4.1939961923e-08   -8.8685734499e-09    3.5198025337e-07    1.4899156564e-08    3.5419636213e-08    8.2326951580e-10   -3.3711106941e-10
  22.3200000    2.1914842174e-08    3.8938340090e-08   -1.0174775185e-08    3.5257048634e-07    1.4980040822e-08    3.4991923145e-08    8.3919720875e-10   -3.3575554285e-10
  22.3300000    2.1994701141e-08    3.5775542786e-08   -1.1692380626e-08    3.5315447762e-07    1.5054919777e-08    3.4581607953e-08    8.5469453652e-10   -3.3421392328e-10
  22.3400000    2.2167441471e-08    3.2558876882e-08   -1.3397789767e-08    3.5373894289e-07    1.5118950454e-08    3.4198952002e-08    8.6973301561e-10   -3.3249209358e-10
  22.3500000    2.2480524940e-08    2.9395647169e-08   -1.5260035878e-08    3.5432970515e-07    1.5167540097e-08    3.3853626157e-08    8.8427487453e-10   -3.3058687320e-10
  22.3600000    2.2976864053e-08    2.6389132047e-08   -1.7241261189e-08    3.5493140279e-07    1.5196390691e-08    3.3554472743e-08    8.9831634468e-10   -3.2850927934e-10
  22.3700000    2.3692376914e-08    2.3634969839e-08   -1.9297401686e-08    3.5554729056e-07    1.5201602599e-08    3.3309359383e-08    9.1183385751e-10   -3.2626469683e-10
  22.3800000    2.4654028505e-08    2.1217832539e-08   -2.1378994215e-08    3.5617905122e-07    1.5179742560e-08    3.3124991936e-08    9.2482700655e-10   -3.2386055743e-10
  22.3900000    2.5878043126e-08    1.9208671813e-08   -2.3432166058e-08    3.5682668684e-07    1.5127882334e-08    3.3006783998e-08    9.3730634361e-10   -3.2131247528e-10
  22.4000000    2.7368756230e-08    1.7662464532e-08   -2.5399731188e-08    3.5748838098e-07    1.5043670225e-08    3.2958748593e-08    9.4927601856e-10   -3.1862764601e-10
  22.4100000    2.9117812285e-08    1.6616679181e-08   -2.7222415959e-08    3.5816050030e-07    1.4925365855e-08    3.2983423831e-08    9.6076285446e-10   -3.1583036310e-10
  22.4200000    3.1104010960e-08    1.6090461130e-08   -2.8840131492e-08    3.5883759296e-07    1.4771845388e-08    3.3081808734e-08    9.7178684710e-10   -3.1293413835e-10
  22.4300000    3.3293545313e-08    1.6084443850e-08   -3.0193366369e-08    3.5951244989e-07    1.4582616355e-08    3.3253356179e-08    9.8238245034e-10   -3.0995699272e-10
  22.4400000    3.5640928521e-08    1.6581241868e-08   -3.1224561374e-08    3.6017623745e-07    1.4357811247e-08    3.3495973865e-08    9.9259387451e-10   -3.0691897619e-10
  22.4500000    3.8090369639e-08    1.7546734770e-08   -3.1879553530e-08    3.6081866008e-07    1.4098200409e-08    3.3806081484e-08    1.0024550693e-09   -3.0384809152e-10
  22.4600000    4.0577472320e-08    1.8931633592e-08   -3.2108909735e-08    3.6142817868e-07    1.3805114862e-08    3.4178698571e-08    1.0120227557e-09   -3.0075256398e-10
  22.4700000    4.3031598076e-08    2.0673844267e-08   -3.1869293444e-08    3.6199227070e-07    1.3480449889e-08    3.4607520230e-08    1.0213545295e-09   -2.9765680633e-10
  22.4800000    4.5378281791e-08    2.2701031359e-08   -3.1124693622e-08    3.6249773269e-07    1.3126563344e-08    3.5085094496e-08    1.0305079419e-09   -2.9458141631e-10
  22.4900000    4.7542017814e-08    2.4933487220e-08   -2.9847558665e-08    3.6293100198e-07    1.2746271087e-08    3.5602939820e-08    1.0395436290e-09   -2.9154059539e-10
  22.5000000    4.9449149092e-08    2.7287299042e-08   -2.8019827959e-08    3.6327852426e-07    1.2342727075e-08    3.6151744413e-08    1.0485347482e-09   -2.8855499184e-10
  22.5100000    5.1030729759e-08    2.9677400400e-08   -2.5633719414e-08    3.6352711553e-07    1.1919377292e-08    3.6721565361e-08    1.0575511105e-09   -2.8563861077e-10
  22.5200000    5.2225392343e-08    3.2020682463e-08   -2.2692432580e-08    3.6366433940e-07    1.1479873950e-08    3.7302025292e-08    1.0666578823e-09   -2.8280354850e-10
  22.5300000    5.2981848588e-08    3.4238937326e-08   -1.9210568043e-08    3.6367888609e-07    1.1027975628e-08    3.7882543929e-08    1.0759222548e-09   -2.8006671894e-10
  22.5400000    5.3261215079e-08    3.6261464976e-08   -1.5214372120e-08    3.6356092059e-07    1.0567481323e-08    3.8452544007e-08    1.0854246000e-09   -2.7743036296e-10
  22.5500000    5.3038877121e-08    3.8027438792e-08   -1.0741728029e-08    3.6330246019e-07    1.0102115325e-08    3.9001691183e-08    1.0952278826e-09   -2.7490761911e-10
  22.5600000    5.2305873180e-08    3.9487793050e-08   -5.8419183133e-09    3.6289764962e-07    9.6354948907e-09    3.9520082373e-08    1.1054058910e-09   -2.7249603050e-10
  22.5700000    1.0702130523e-07    1.8201953461e-08   -5.8510980723e-10    3.6231606321e-07    9.1709859628e-09    3.9998479824e-08    1.1160197343e-09   -2.7019624425e-10
  22.5800000    9.7899325918e-08    2.0358455330e-08    4.9666182847e-09    3.6158546038e-07    8.7117032850e-09    4.0428486454e-08    1.1271409749e-09   -2.6800632858e-10
  22.5900000    8.8383651534e-08    2.2238232310e-08    1.0733780559e-08    3.6070798877e-07    8.2603740830e-09    4.0802709841e-08    1.1388242192e-09   -2.6591535410e-10
  22.6000000    7.8594960039e-08    2.3844942917e-08    1.6628914561e-08    3.5968896085e-07    7.8193569580e-09    4.1114927842e-08    1.1511257314e-09   -2.6391830323e-10
  22.6100000    6.8650736767e-08    2.5197302735e-08    2.2557943623e-08    3.5853691148e-07    7.3905306790e-09    4.1360203771e-08    1.1640997949e-09   -2.6200102009e-10
  22.6200000    5.8663541237e-08    2.6327564737e-08    2.8421753840e-08    3.5726360803e-07    6.9753128183e-09    4.1534998088e-08    1.1777886700e-09   -2.6014511916e-10
  22.6300000    4.8739470282e-08    2.7279562267e-08    3.4117863968e-08    3.5588394500e-07    6.5746134524e-09    4.1637205630e-08    1.1922409039e-09   -2.5832741517e-10
  22.6400000    3.8976760091e-08    2.8106265921e-08    3.9542296038e-08    3.5441586740e-07    6.1888414111e-09    4.1666252683e-08    1.2074812197e-09   -2.5652207540e-10
  22.6500000    2.9464671801e-08    2.8866999179e-08    4.4591472833e-08    3.5288010237e-07    5.8179081148e-09    4.1623032652e-08    1.2235424994e-09   -2.5470775688e-10
  22.6600000    2.0282560820e-08    2.9624470234e-08    4.9164219034e-08    3.5129991419e-07    5.4612385901e-09    4.1509931179e-08    1.2404371104e-09   -2.5284886871e-10
  22.6700000    1.1499080361e-08    3.0441640502e-08    5.3163771571e-08    3.4970076583e-07    5.1178266282e-09    4.1330752887e-08    1.2581825468e-09   -2.5091696815e-10
  22.6800000    3.1718219974e-09    3.1378580751e-08    5.6499743737e-08    3.4810992194e-07    4.7862623677e-09    4.1090635082e-08    1.2767793941e-09   -2.4886744298e-10
  22.6900000   -4.6528756808e-09    3.2489540295e-08    5.9090076674e-08    3.4655599585e-07    4.4647876872e-09    4.0795936500e-08    1.2962360152e-09   -2.4666762657e-10
  22.7000000   -1.1939858375e-08    3.3820064657e-08    6.0862867299e-08    3.4506847321e-07    4.1513786125e-09    4.0454116876e-08    1.3165360896e-09   -2.4427605098e-10
  22.7100000   -1.8664732498e-08    3.5404635887e-08    6.1758059814e-08    3.4367719734e-07    3.8438208533e-09    4.0073548243e-08    1.3376634952e-09   -2.4164385307e-10
  22.7200000   -2.4813280844e-08    3.7264565806e-08    6.1728980160e-08    3.4241180422e-07    3.5397595647e-09    3.9663353914e-08    1.3595891845e-09   -2.3873386752e-10
  22.7300000   -3.0380512807e-08    3.9406551535e-08    6.0743656129e-08    3.4130121262e-07    3.2368248262e-09    3.9233215303e-08    1.3822827806e-09   -2.3549961901e-10
  22.7400000   -3.5369579915e-08    4.1821711876e-08    5.8785908151e-08    3.4037302335e-07    2.9326910590e-09    3.8793164364e-08    1.4057108405e-09   -2.3189499679e-10
  22.7500000   -3.9790473037e-08    4.4485232255e-08    5.5856156743e-08    3.3965298362e-07    2.6251871992e-09    3.8353381664e-08    1.4298216071e-09   -2.2787470829e-10
  22.7600000   -4.3658604735e-08    4.7356724703e-08    5.1971954709e-08    3.3916447813e-07    2.3123754191e-09    3.7923969269e-08    1.4545601870e-09   -2.2339246743e-10
  22.7700000   -4.6993274232e-08    5.0381179871e-08    4.7168235438e-08    3.3892802840e-07    1.9926233853e-09    3.7514758215e-08    1.4798709702e-09   -2.1840812851e-10
  22.7800000   -4.9816082984e-08    5.3490514959e-08    4.1497187289e-08    3.3896083732e-07    1.6646987097e-09    3.7135093279e-08    1.5056865132e-09   -2.1287134917e-10
  22.7900000   -5.2149527984e-08    5.6605748403e-08    3.5027855471e-08    3.3927637849e-07    1.3278277121e-09    3.6793658594e-08    1.5319399388e-09   -2.0675173475e-10
  22.8000000   -5.4015605025e-08    5.9639619269e-08    2.7845414953e-08    3.3988407815e-07    9.8173764435e-10    3.6498276740e-08    1.5585607566e-09   -2.0000406423e-10
  22.8100000   -5.5434524896e-08    6.2499670438e-08    2.0050061200e-08    3.4078901619e-07    6.2673976547e-10    3.6255771556e-08    1.5854688092e-09   -1.9259285546e-10
  22.8200000   -5.6423902396e-08    6.5091588791e-08    1.1755686384e-08    3.4199176105e-07    2.6373434020e-10    3.6071833218e-08    1.6125832285e-09   -1.8448999345e-10
  22.8300000   -5.6997982371e-08    6.7322765712e-08    3.0881956348e-09    3.4348822298e-07   -1.0580052820e-10    3.5950891085e-08    1.6398182534e-09   -1.7566425583e-10
  22.8400000   -5.7167367882e-08    6.9105872475e-08   -5.8164246147e-09    3.4526961094e-07   -4.7974245593e-10    3.5896043943e-08    1.6670940494e-09   -1.6609475481e-10
  22.8500000   -5.6939059142e-08    7.0362343327e-08   -1.4814257289e-08    3.4732253195e-07   -8.5539085725e-10    3.5908992585e-08    1.6943201824e-09   -1.5575777812e-10
  22.8600000   -5.6316833578e-08    7.1025704216e-08   -2.3755834745e-08    3.4962907821e-07   -1.2294869016e-09    3.5990016347e-08    1.7214138807e-09   -1.4463707440e-10
  22.8700000   -5.5302033446e-08    7.1044413746e-08   -3.2488638737e-08    3.5216706906e-07   -1.5982746701e-09    3.6138007161e-08    1.7482856987e-09   -1.3272895452e-10
  22.8800000   -5.3894635999e-08    7.0384384178e-08   -4.0859792783e-08    3.5491034229e-07   -1.9575278586e-09    3.6350444575e-08    1.7748530596e-09   -1.2002796785e-10
  22.8900000   -5.2094510058e-08    6.9030792314e-08   -4.8718728554e-08    3.5782913587e-07   -2.3026756535e-09    3.6623502442e-08    1.8010266121e-09   -1.0653024286e-10
  22.9000000   -4.9903046728e-08    6.6989245919e-08   -5.5919966959e-08    3.6089054591e-07   -2.6288663616e-09    3.6952122902e-08    1.8267287838e-09   -9.2247402864e-11
  22.9100000   -4.7324823142e-08    6.4286317908e-08   -6.2325821423e-08    3.6405901369e-07   -2.9310960224e-09    3.7330139034e-08    1.8518802738e-09   -7.7191753258e-11
  22.9200000   -4.4369223609e-08    6.0969174110e-08   -6.7809004036e-08    3.6729693699e-07   -3.2042914925e-09    3.7750404195e-08    1.8764037489e-09   -6.1378736627e-11
  22.9300000   -4.1052046412e-08    5.7104571025e-08   -7.2255176034e-08    3.7056522984e-07   -3.4434680899e-09    3.8204946257e-08    1.9002355536e-09   -4.4835943958e-11
  22.9400000   -3.7396933088e-08    5.2776997395e-08   -7.5565255934e-08    3.7382399644e-07   -3.6438312969e-09    3.8685158620e-08    1.9232982730e-09   -2.7590037884e-11
  22.9500000   -3.3436488026e-08    4.8086270228e-08   -7.7657514430e-08    3.7703320344e-07   -3.8009248349e-09    3.9181964612e-08    1.9455395761e-09   -9.6828062017e-12
  22.9600000   -2.9213044110e-08    4.3144431837e-08   -7.8469418310e-08    3.8015334213e-07   -3.9107426860e-09    3.9686032951e-08    1.9668975784e-09    8.8502402044e-12
  22.9700000   -2.4779011129e-08    3.8072187212e-08   -7.7959153883e-08    3.8314612086e-07   -3.9698366414e-09    4.0187958894e-08    1.9873148034e-09    2.7960149739e-11
  22.9800000   -2.0196653390e-08    3.2995069442e-08   -7.6106816619e-08    3.8597512307e-07   -3.9754917188e-09    4.0678491704e-08    2.0067595916e-09    4.7595827994e-11
  22.9900000   -1.5537384053e-08    2.8039276071e-08   -7.2915229570e-08    3.8860643693e-07   -3.9257575083e-09    4.1148709180e-08    2.0251822728e-09    6.7703446698e-11
  23.0000000   -1.0880541276e-08    2.3327557591e-08   -6.8410339852e-08    3.9100926395e-07   -3.8195977724e-09    4.1590217405e-08    2.0425502178e-09    8.8226988693e-11
  23.0100000   -6.3116332443e-09    1.8975171060e-08   -6.2641264296e-08    3.9315645428e-07   -3.6569327220e-09    4.1995318759e-08    2.0588411045e-09    1.0909658315e-10
  23.0200000   -1.9200844937e-09    1.5086078088e-08   -5.5679877390e-08    3.9502502076e-07   -3.4387129101e-09    4.2357188759e-08    2.0740311254e-09    1.3025217143e-10
  23.0300000    2.2032547050e-09    1.1749648101e-08   -4.7619976290e-08    3.9659652065e-07   -3.1669557028e-09    4.2670014586e-08    2.0881001370e-09    1.5162624598e-10
  23.0400000    5.9691502649e-09    9.0377491655e-09   -3.8576081874e-08    3.9785744767e-07   -2.8447610084e-09    4.2929093108e-08    2.1010491485e-09    1.7314820238e-10
  23.0500000    9.2929781444e-09    7.0026723987e-09   -2.8681814212e-08    3.9879945431e-07   -2.4762955542e-09    4.3130976828e-08    2.1128714607e-09    1.9474976582e-10
  23.0600000    1.2097790668e-08    5.6755701103e-09   -1.8087906597e-08    3.9941953221e-07   -2.0667733044e-09    4.3273505358e-08    2.1235679617e-09    2.1635358385e-10
  23.0700000    1.4317424860e-08    5.0658603262e-09   -6.9598595204e-09    3.9972009950e-07   -1.6223869727e-09    4.3355850019e-08    2.1331482859e-09    2.3789789369e-10
  23.0800000    1.5899213966e-08    5.1612969396e-09    4.5246438159e-09    3.9970898259e-07   -1.1502160766e-09    4.3378559446e-08    2.1416234981e-09    2.5931048987e-10
  23.0900000    1.6806362117e-08    5.9288671894e-09    1.6178673976e-08    3.9939931227e-07   -6.5817291998e-10    4.3343504922e-08    2.1490106193e-09    2.8052229761e-10
  23.1000000    1.7020035916e-08    7.3164314460e-09    2.7809135608e-08    3.9880929435e-07   -1.5481344574e-10    4.3253864452e-08    2.1553316311e-09    3.0147096468e-10
  23.1100000    1.6540485052e-08    9.2549671437e-09    3.9220015151e-08    3.9796192837e-07    3.5076324129e-10    4.3114053319e-08    2.1606111680e-09    3.2208968008e-10
  23.1200000    1.5387861872e-08    1.1661472233e-08    5.0215761812e-08    3.9688465274e-07    8.4912239406e-10    4.2929615385e-08    2.1648793013e-09    3.4232693803e-10
  23.1300000    1.3602165253e-08    1.4442178439e-08    6.0604648570e-08    3.9560883998e-07    1.3306294535e-09    4.2707090316e-08    2.1681641191e-09    3.6212393790e-10
  23.1400000    1.1242449741e-08    1.7496131869e-08    7.0202226803e-08    3.9416932222e-07    1.7856807077e-09    4.2453903863e-08    2.1705045371e-09    3.8143125296e-10
  23.1500000    8.3853761757e-09    2.0718901152e-08    7.8834548166e-08    3.9260373961e-07    2.2048683992e-09    4.2178185623e-08    2.1719249517e-09    4.0020779435e-10
  23.1600000    5.1230827379e-09    2.4006309177e-08    8.6341386154e-08    3.9095196737e-07    2.5792220970e-09    4.1888578471e-08    2.1724639009e-09    4.1841432534e-10
  23.1700000    1.5604563545e-09    2.7257999627e-08    9.2579168401e-08    3.8925537774e-07    2.9003843474e-09    4.1594087931e-08    2.1721618035e-09    4.3601988548e-10
  23.1800000   -2.1880861317e-09    3.0380699876e-08    9.7423670414e-08    3.8755613817e-07    3.1608197267e-09    4.1303849600e-08    2.1710540007e-09    4.5299885673e-10
  23.1900000   -6.0021148072e-09    3.3291133019e-08    1.0077243403e-07    3.8589651858e-07    3.3540153966e-09    4.1026951438e-08    2.1691640882e-09    4.6933323047e-10
  23.2000000   -9.7590406505e-09    3.5918388270e-08    1.0254680011e-07    3.8431811719e-07    3.4746498132e-09    4.0772215734e-08    2.1665359585e-09    4.8501757018e-10
  23.2100000   -1.3337875785e-08    3.8205721668e-08    1.0269355626e-07    3.8286118653e-07    3.5187405234e-09    4.0548018787e-08    2.1632001708e-09    5.0004384253e-10
  23.2200000   -1.6623102494e-08    4.0111710986e-08    1.0118613294e-07    3.8156390910e-07    3.4838137431e-09    4.0362101721e-08    2.1591857351e-09    5.1441857894e-10
  23.2300000   -1.9508153939e-08    4.1610763101e-08    9.8025387644e-08    3.8046173175e-07    3.3689848478e-09    4.0221388303e-08    2.1545193672e-09    5.2815761302e-10
  23.2400000   -2.1898657347e-08    4.2693097638e-08    9.3239886591e-08    3.7958678456e-07    3.1750695438e-09    4.0131823963e-08    2.1492300075e-09    5.4128027069e-10
  23.2500000   -2.3715143230e-08    4.3363883076e-08    8.6885669758e-08    3.7896730048e-07    2.9046214326e-09    4.0098271242e-08    2.1433406079e-09    5.5381417861e-10
  23.2600000   -2.4895200794e-08    4.3642058650e-08    7.9045608898e-08    3.7862713898e-07    2.5619450695e-09    4.0124341653e-08    2.1368636793e-09    5.6579914922e-10
  23.2700000   -2.5395004754e-08    4.3558512965e-08    6.9828207135e-08    3.7858537514e-07    2.1530961772e-09    4.0212352101e-08    2.1298162001e-09    5.7727761980e-10
  23.2800000   -2.5190218590e-08    4.3153974865e-08    5.9365992449e-08    3.7885598251e-07    1.6857993470e-09    4.0363236440e-08    2.1222117332e-09    5.8830132754e-10
  23.2900000   -2.4276156219e-08    4.2476675370e-08    4.7813456589e-08    3.7944758193e-07    1.1693824264e-09    4.0576529075e-08    2.1140653038e-09    5.9892362481e-10
  23.3000000   -2.2667383295e-08    4.1579676662e-08    3.5344572566e-08    3.8036332299e-07    6.1464693985e-10    4.0850336017e-08    2.1053659871e-09    6.0921256921e-10
  23.3100000   -2.0396577334e-08    4.0518370254e-08    2.2149990252e-08    3.8160082892e-07    3.3684764321e-11    4.1181388521e-08    2.0961231454e-09    6.1923703391e-10
  23.3200000   -1.7513030133e-08    3.9347933207e-08    8.4338824070e-09    3.8315225701e-07   -5.6030869458e-10    4.1565089846e-08    2.0863326811e-09    6.2907062110e-10
  23.3300000   -1.4080558785e-08    3.8120980796e-08   -5.5894452781e-09    3.8500444734e-07   -1.1532425373e-09    4.1995584911e-08    2.0759868608e-09    6.3879335408e-10
  23.3400000   -1.0175115456e-08    3.6885484474e-08   -1.9699160117e-08    3.8713917233e-07   -1.7304280681e-09    4.2465884961e-08    2.0650789259e-09    6.4848857237e-10
  23.3500000   -5.8822064277e-09    3.5683078126e-08   -3.3671626410e-08    3.8953348248e-07   -2.2768001514e-09    4.2968014750e-08    2.0535942090e-09    6.5824195760e-10
  23.3600000   -1.2941079234e-09    3.4547717220e-08   -4.7284222086e-08    3.9216010537e-07   -2.7772570971e-09    4.3493147413e-08    2.0415212479e-09    6.6814825744e-10
  23.3700000    3.4927962315e-09    3.3504835423e-08   -6.0319137427e-08    3.9498796089e-07   -3.2169553457e-09    4.4031812961e-08    2.0288320484e-09    6.7829415970e-10
  23.3800000    8.3808545531e-09    3.2570926447e-08   -7.2567112080e-08    3.9798271508e-07   -3.5815990218e-09    4.4574067441e-08    2.0155181002e-09    6.8877736940e-10
  23.3900000    1.3273566474e-08    3.1753598725e-08   -8.3831052504e-08    4.0110740555e-07   -3.8577911181e-09    4.5109711714e-08    2.0015552529e-09    6.9968444016e-10
  23.4000000    1.8077814334e-08    3.1052059750e-08   -9.3929431808e-08    4.0432311171e-07   -4.0333131060e-09    4.5628515855e-08    1.9869160188e-09    7.1111544245e-10
  23.4100000    2.2705970263e-08    3.0458017844e-08   -1.0269945426e-07    4.0758964181e-07   -4.0974185806e-09    4.6120422582e-08    1.9715848174e-09    7.2315761317e-10
  23.4200000    2.7077473111e-08    2.9956919433e-08   -1.0999983122e-07    4.1086626427e-07   -4.0411346580e-09    4.6575780716e-08    1.9555327896e-09    7.3590512231e-10
  23.4300000    3.1120160982e-08    2.9529417430e-08   -1.1571329665e-07    4.1411242682e-07   -3.8574932417e-09    4.6985541121e-08    1.9387413514e-09    7.4943848092e-10
  23.4400000    3.4771235789e-08    2.9153125065e-08   -1.1974862025e-07    4.1728850583e-07   -3.5417525184e-09    4.7341474735e-08    1.9211840891e-09    7.6385108959e-10
  23.4500000    3.7977958238e-08    2.8804313630e-08   -1.2204218724e-07    4.2035646635e-07   -3.0915804219e-09    4.7636360582e-08    1.9028423781e-09    7.7922411509e-10
  23.4600000    4.0697877640e-08    2.8459829244e-08   -1.2255909785e-07    4.2328056782e-07   -2.5071994247e-09    4.7864152101e-08    1.8836947418e-09    7.9562888179e-10
  23.4700000    4.2898943879e-08    2.8098749903e-08   -1.2129377963e-07    4.2602799434e-07   -1.7914964911e-09    4.8020115493e-08    1.8637281737e-09    8.1314092056e-10
  23.4800000    4.4559286346e-08    2.7704043189e-08   -1.1827004985e-07    4.2856940167e-07   -9.5002633644e-10    4.8100986075e-08    1.8429268731e-09    8.3182354324e-10
  23.4900000    4.5666823468e-08    2.7263905704e-08   -1.1354067720e-07    4.3087945531e-07    8.9484825529e-12    4.8105021655e-08    1.8212807377e-09    8.5174007193e-10
  23.5000000    4.6218753262e-08    2.6772866370e-08   -1.0718642723e-07    4.3293724532e-07    1.0745398534e-09    4.8032109827e-08    1.7987881309e-09    8.7293919173e-10
  23.5100000    4.6220836518e-08    2.6232471998e-08   -9.9314633453e-08    4.3472664264e-07    2.2333408859e-09    4.7883759850e-08    1.7754410547e-09    8.9546787992e-10
  23.5200000    4.5686668476e-08    2.5651723280e-08   -9.0057232130e-08    4.3623657652e-07    3.4695993965e-09    4.7663121526e-08    1.7512380074e-09    9.1936830188e-10
  23.5300000    4.4636844885e-08    2.5047021372e-08   -7.9568475558e-08    4.3746115415e-07    4.7654332680e-09    4.7374953727e-08    1.7261864741e-09    9.4467009275e-10
  23.5400000    4.3098095357e-08    2.4441689542e-08   -6.8022127595e-08    4.3839980634e-07    6.1011010218e-09    4.7025561988e-08    1.7003021293e-09    9.7138979952e-10
  23.5500000    4.1102433811e-08    2.3865310946e-08   -5.5608425046e-08    4.3905718640e-07    7.4552976599e-09    4.6622649063e-08    1.6735950217e-09    9.9955469418e-10
  23.5600000    3.8686233814e-08    2.3352462463e-08   -4.2530671814e-08    4.3944309297e-07    8.8055645179e-09    4.6175248853e-08    1.6460931765e-09    1.0291679259e-09
  23.5700000    3.5889316743e-08    2.2941266091e-08   -2.9001687131e-08    4.3957224693e-07    1.0128616852e-08    4.5693513298e-08    1.6178164053e-09    1.0602267081e-09
  23.5800000    3.2754202977e-08    2.2671779741e-08   -1.5240009107e-08    4.3946396899e-07    1.1400792667e-08    4.5188548914e-08    1.5888026762e-09    1.0927226229e-09
  23.5900000    2.9325044520e-08    2.2584027019e-08   -1.4660781835e-09    4.3914180334e-07    1.2598508137e-08    4.4672191957e-08    1.5590922455e-09    1.1266403511e-09
  23.6000000    2.5647015094e-08    2.2716084126e-08    1.2101622929e-08    4.3863303255e-07    1.3698668243e-08    4.4156779142e-08    1.5287265901e-09    1.1619614179e-09
  23.6100000    2.1765273698e-08    2.3102115712e-08    2.5250376401e-08    4.3796815073e-07    1.4679182166e-08    4.3654909221e-08    1.4977561338e-09    1.1986453156e-09
  23.6200000    1.7724395479e-08    2.3770433703e-08    3.7776925439e-08    4.3718029356e-07    1.5519379680e-08    4.3179183939e-08    1.4662381755e-09    1.2366554447e-09
  23.6300000    1.3567567736e-08    2.4741817591e-08    4.9490950092e-08    4.3630453709e-07    1.6200453997e-08    4.2741944771e-08    1.4342295334e-09    1.2759502281e-09
  23.6400000    9.3360971018e-09    2.6027974308e-08    6.0218322411e-08    4.3537729129e-07    1.6705898208e-08    4.2355007125e-08    1.4017896635e-09    1.3164753007e-09
  23.6500000    5.0687814977e-09    2.7630391433e-08    6.9804029562e-08    4.3443557662e-07    1.7021887264e-08    4.2029433637e-08    1.3689972413e-09    1.3581744893e-09
  23.6600000    8.0163915863e-10    2.9539516052e-08    7.8114751747e-08    4.3351630912e-07    1.7137624935e-08    4.1775252866e-08    1.3359241192e-09    1.4009807810e-09
  23.6700000   -3.4323722977e-09    3.1734382021e-08    8.5040982022e-08    4.3265562879e-07    1.7045620831e-08    4.1601269515e-08    1.3026467491e-09    1.4448325978e-09
  23.6800000   -7.6034139518e-09    3.4182638919e-08    9.0498786347e-08    4.3188821045e-07    1.6741991877e-08    4.1514828456e-08    1.2692465892e-09    1.4896508749e-09
  23.6900000   -1.1684736195e-08    3.6841112025e-08    9.4430958290e-08    4.3124661882e-07    1.6226575839e-08    4.1521661282e-08    1.2358063467e-09    1.5353647760e-09
  23.7000000   -1.5652416939e-08    3.9656797041e-08    9.6807804524e-08    4.3076070524e-07    1.5503104947e-08    4.1625711515e-08    1.2024147026e-09    1.5818948187e-09
  23.7100000   -1.9484934134e-08    4.2568223424e-08    9.7627326362e-08    4.3045706766e-07    1.4579224276e-08    4.1829029763e-08    1.1691630106e-09    1.6291619744e-09
  23.7200000   -2.3162731313e-08    4.5507229872e-08    9.6914935968e-08    4.3035857493e-07    1.3466461255e-08    4.2131713921e-08    1.1361358381e-09    1.6770791533e-09
  23.7300000   -2.6667590130e-08    4.8401145548e-08    9.4722643345e-08    4.3048393666e-07    1.2180144933e-08    4.2531815212e-08    1.1034223356e-09    1.7255653118e-09
  23.7400000   -2.9981883681e-08    5.1175058614e-08    9.1127775172e-08    4.3084738952e-07    1.0739193855e-08    4.3025386334e-08    1.0711194657e-09    1.7745379040e-09
  23.7500000   -3.3087973733e-08    5.3754368264e-08    8.6231219092e-08    4.3145847776e-07    9.1658882531e-09    4.3606483811e-08    1.0393140669e-09    1.8239115079e-09
  23.7600000   -3.5967507363e-08    5.6067319568e-08    8.0155272412e-08    4.3232187488e-07    7.4855341766e-09    4.4267291308e-08    1.0080986554e-09    1.8736110183e-09
  23.7700000   -3.8600782828e-08    5.8047516260e-08    7.3041056173e-08    4.3343736724e-07    5.7260682967e-09    4.4998181758e-08    9.7756376254e-10    1.9235447182e-09
  23.7800000   -4.0966434508e-08    5.9636287806e-08    6.5045685663e-08    4.3479986722e-07    3.9176043720e-09    4.5787924215e-08    9.4778809800e-10    1.9736442734e-09
  23.7900000   -4.3041051489e-08    6.0784827319e-08    5.6339069407e-08    4.3639955978e-07    2.0919346640e-09    4.6623862155e-08    9.1885685896e-10    2.0238296128e-09
  23.8000000   -4.4799233998e-08    6.1455912964e-08    4.7100570367e-08    4.3822213756e-07    2.8196162579e-10    4.7492111032e-08    8.9084969392e-10    2.0740387411e-09
  23.8100000   -4.6213688741e-08    6.1625354067e-08    3.7515501835e-08    4.4024908487e-07   -1.4788657228e-09    4.8377861265e-08    8.6383954769e-10    2.1241959745e-09
  23.8200000   -4.7255852642e-08    6.1282848699e-08    2.7771535976e-08    4.4245811456e-07   -3.1571935783e-09    4.9265622487e-08    8.3790571081e-10    2.1742464697e-09
  23.8300000   -4.7896481623e-08    6.0432409391e-08    1.8055106512e-08    4.4482356512e-07   -4.7204008814e-09    5.0139535703e-08    8.1310931388e-10    2.2241291045e-09
  23.8400000   -4.8106740960e-08    5.9092215669e-08    8.5478997007e-09    4.4731696402e-07   -6.1371806114e-09    5.0983664095e-08    7.8951504303e-10    2.2737979159e-09
  23.8500000   -4.7859346948e-08    5.7293933172e-08   -5.7658002067e-10    4.4990758292e-07   -7.3782298780e-09    5.1782335147e-08    7.6717195984e-10    2.3232042915e-09
  23.8600000   -4.7129927756e-08    5.5081649726e-08   -9.1561678772e-09    4.5256303025e-07   -8.4168015619e-09    5.2520437765e-08    7.4613089379e-10    2.3723140957e-09
  23.8700000   -4.5898491367e-08    5.2510156001e-08   -1.7043050713e-08    4.5524992099e-07   -9.2293000769e-09    5.3183756838e-08    7.2642923167e-10    2.4210913827e-09
  23.8800000   -4.4150981214e-08    4.9643061899e-08   -2.4106350053e-08    4.5793446196e-07   -9.7957826718e-09    5.3759225231e-08    7.0811390861e-10    2.4695198240e-09
  23.8900000   -4.1880551948e-08    4.6550494767e-08   -3.0234456309e-08    4.6058315729e-07   -1.0100443734e-08    5.4235270031e-08    6.9120507643e-10    2.5175737485e-09
  23.9000000   -3.9088974054e-08    4.3306574998e-08   -3.5336874929e-08    4.6316339216e-07   -1.0131995698e-08    5.4602024433e-08    6.7573067352e-10    2.5652452690e-09
  23.9100000   -3.5787727960e-08    3.9986949405e-08   -3.9345676173e-08    4.6564405836e-07   -9.8840044417e-09    5.4851553608e-08    6.6169623793e-10    2.6125323028e-09
  23.9200000   -3.1998671797e-08    3.6666101595e-08   -4.2216496638e-08    4.6799610472e-07   -9.3551205970e-09    5.4978076209e-08    6.4911577673e-10    2.6594397999e-09
  23.9300000   -2.7754586027e-08    3.3415077395e-08   -4.3929043665e-08    4.7019310684e-07   -8.5492158997e-09    5.4978095074e-08    6.3799119708e-10    2.7059731633e-09
  23.9400000   -2.3099141898e-08    3.0299199142e-08   -4.4487114640e-08    4.7221164004e-07   -7.4754806225e-09    5.4850499579e-08    6.2830426462e-10    2.7521520966e-09
  23.9500000   -1.8086545363e-08    2.7376144797e-08   -4.3918153068e-08    4.7403172727e-07   -6.1482975583e-09    5.4596659334e-08    6.2005143979e-10    2.7979991285e-09
  23.9600000   -1.2780625790e-08    2.4694547827e-08   -4.2272336640e-08    4.7563713551e-07   -4.5871419816e-09    5.4220401869e-08    6.1320766869e-10    2.8435440426e-09
  23.9700000   -7.2537572280e-09    2.2292866630e-08   -3.9621205764e-08    4.7701562249e-07   -2.8163524707e-09    5.3728002204e-08    6.0774703955e-10    2.8888211833e-09
  23.9800000   -1.5850386809e-09    2.0198823330e-08   -3.6055886759e-08    4.7815905661e-07   -8.6472214750e-10    5.3128086492e-08    6.0363099073e-10    2.9338719667e-09
  23.9900000    4.1414557531e-09    1.8429337452e-08   -3.1684961141e-08    4.7906350628e-07    1.2348644972e-09    5.2431504455e-08    6.0083618673e-10    2.9787385955e-09
  24.0000000    9.8389952702e-09    1.6990862234e-08   -2.6631947581e-08    4.7972918333e-07    3.4460324571e-09    5.1651159835e-08    5.9929900358e-10    3.0234670238e-09
  24.0100000    1.5420438760e-08    1.5880234286e-08   -2.1032581332e-08    4.8016036740e-07    5.7294591215e-09    5.0801769340e-08    5.9898244807e-10    3.0681162613e-09
  24.0200000    2.0800677764e-08    1.5085846203e-08   -1.5031806335e-08    4.8036518070e-07    8.0435738231e-09    4.9899610612e-08    5.9982244836e-10    3.1127309906e-09
  24.0300000    2.5898919901e-08    1.4589147751e-08   -8.7806699908e-09    4.8035532033e-07    1.0345284332e-08    4.8962216897e-08    6.0177950846e-10    3.1573733293e-09
  24.0400000    3.0640885336e-08    1.4366335890e-08   -2.4330508823e-09    4.8014573078e-07    1.2590747041e-08    4.8008057176e-08    6.0477784192e-10    3.2020984212e-09
  24.0500000    3.4960777515e-08    1.4390183023e-08    3.8575413261e-09    4.7975417937e-07    1.4736160878e-08    4.7056183568e-08    6.0876864568e-10    3.2469676951e-09
  24.0600000    3.8802869808e-08    1.4631875472e-08    9.9412377328e-09    4.7920080393e-07    1.6738590978e-08    4.6125861982e-08    6.1368148349e-10    3.2920402526e-09
  24.0700000    4.2122724180e-08    1.5062797681e-08    1.5674892763e-08    4.7850761448e-07    1.8556791635e-08    4.5236170016e-08    6.1945265337e-10    3.3373757360e-09
  24.0800000    4.4887969195e-08    1.5656041171e-08    2.0925036922e-08    4.7769795924e-07    2.0152001673e-08    4.4405659973e-08    6.2602615124e-10    3.3830254421e-09
  24.0900000    4.7078646952e-08    1.6387753020e-08    2.5570611430e-08    4.7679598523e-07    2.1488704337e-08    4.3651944320e-08    6.3333110013e-10    3.4290440290e-09
  24.1000000    4.8687100596e-08    1.7238102852e-08    2.9505381608e-08    4.7582607581e-07    2.2535382447e-08    4.2991360575e-08    6.4131628731e-10    3.4754883639e-09
  24.1100000    4.9717381068e-08    1.8191895351e-08    3.2640071051e-08    4.7481228851e-07    2.3265145966e-08    4.2438619061e-08    6.4991127511e-10    3.5224035284e-09
  24.1200000    5.0184250231e-08    1.9238777259e-08    3.4904107351e-08    4.7377785105e-07    2.3656344113e-08    4.2006471077e-08    6.5906538853e-10    3.5698339732e-09
  24.1300000    5.0112010944e-08    2.0373073473e-08    3.6246942642e-08    4.7274462890e-07    2.3693049521e-08    4.1705460358e-08    6.6872663380e-10    3.6178180710e-09
  24.1400000    4.9532888467e-08    2.1593115191e-08    3.6638968272e-08    4.7173270584e-07    2.3365472391e-08    4.1543660707e-08    6.7885016132e-10    3.6663909999e-09
  24.1500000    4.8485413854e-08    2.2900433807e-08    3.6072007949e-08    4.7075995631e-07    2.2670233322e-08    4.1526501570e-08    6.8939105803e-10    3.7155793976e-09
  24.1600000    4.7012706286e-08    2.4298479574e-08    3.4559287524e-08    4.6984169502e-07    2.1610566814e-08    4.1656603426e-08    7.0030660148e-10    3.7654072119e-09
  24.1700000    4.5160684445e-08    2.5791279075e-08    3.2135033170e-08    4.6899041587e-07    2.0196342184e-08    4.1933707830e-08    7.1156924659e-10    3.8158900222e-09
  24.1800000    4.2976543229e-08    2.7381903140e-08    2.8853575044e-08    4.6821557820e-07    1.8444028340e-08    4.2354644928e-08    7.2315752574e-10    3.8670347468e-09
  24.1900000    4.0507313904e-08    2.9070965539e-08    2.4788080565e-08    4.6752348897e-07    1.6376463747e-08    4.2913345835e-08    7.3504870778e-10    3.9188416554e-09
  24.2000000    3.7798791481e-08    3.0855202503e-08    2.0028842154e-08    4.6691724946e-07    1.4022567800e-08    4.3600941402e-08    7.4722879307e-10    3.9713076280e-09
  24.2100000    3.4894547137e-08    3.2726128293e-08    1.4681253723e-08    4.6639681128e-07    1.1416882627e-08    4.4405914968e-08    7.5970161339e-10    4.0244179515e-09
  24.2200000    3.1835478876e-08    3.4669210242e-08    8.8634816341e-09    4.6595906271e-07    8.5990150960e-09    4.5314273311e-08    7.7247125555e-10    4.0781487286e-09
  24.2300000    2.8659496463e-08    3.6663074517e-08    2.7038359298e-09    4.6559805536e-07    5.6130029059e-09    4.6309815647e-08    7.8553939467e-10    4.1324695740e-09
  24.2400000    2.5401623933e-08    3.8679351452e-08   -3.6620037978e-09    4.6530525353e-07    2.5065435941e-09    4.7374437185e-08    7.9893189237e-10    4.1873516422e-09
  24.2500000    2.2094228463e-08    4.0682805487e-08   -1.0093951365e-08    4.6506986249e-07   -6.6982744697e-10    4.8488454672e-08    8.1266725996e-10    4.2427438285e-09
  24.2600000    1.8767472163e-08    4.2632010333e-08   -1.6450575366e-08    4.6487923029e-07   -3.8636360435e-09    4.9631005867e-08    8.2679046489e-10    4.2986017256e-09
  24.2700000    1.5449956208e-08    4.4480395531e-08   -2.2592068335e-08    4.6471927398e-07   -7.0214320605e-09    5.0780433561e-08    8.4133132410e-10    4.3548615350e-09
  24.2800000    1.2169258902e-08    4.6177698113e-08   -2.8383331090e-08    4.6457493254e-07   -1.0089754556e-08    5.1914720095e-08    8.5634039695e-10    4.4114625154e-09
  24.2900000    8.9525837511e-09    4.7671764965e-08   -3.3696825564e-08    4.6443072651e-07   -1.3016119146e-08    5.3011953147e-08    8.7186786254e-10    4.4683379354e-09
  24.3000000    5.8271933180e-09    4.8910645528e-08   -3.8415301872e-08    4.6427117487e-07   -1.5750030326e-08    5.4050722679e-08    8.8797482330e-10    4.5254076361e-09
  24.3100000    2.8207657509e-09    4.9844790544e-08   -4.2434299694e-08    4.6408139949e-07   -1.8243937227e-08    5.5010600507e-08    9.0472163913e-10    4.5825970298e-09
  24.3200000   -3.8603474736e-11    5.0429453946e-08   -4.5664391029e-08    4.6384756917e-07   -2.0454160690e-08    5.5872564716e-08    9.2217907682e-10    4.6398183915e-09
  24.3300000   -2.7224968866e-09    5.0626842002e-08   -4.8033034129e-08    4.6355739051e-07   -2.2341762666e-08    5.6619365522e-08    9.4041776510e-10    4.6969896891e-09
  24.3400000   -5.2027004323e-09    5.0408311993e-08   -4.9486173871e-08    4.6320055789e-07   -2.3873314889e-08    5.7235939091e-08    9.5950916578e-10    4.7540150811e-09
  24.3500000   -7.4518850053e-09    4.9756209266e-08   -4.9989335670e-08    4.6276913575e-07   -2.5021599522e-08    5.7709726300e-08    9.7952776006e-10    4.8108110425e-09
  24.3600000   -9.4445344359e-09    4.8665389705e-08   -4.9528372788e-08    4.6225790915e-07   -2.5766206862e-08    5.8030958886e-08    1.0005481574e-09    4.8672804883e-09
  24.3700000   -1.1158133219e-08    4.7144236964e-08   -4.8109761269e-08    4.6166463851e-07   -2.6093962943e-08    5.8192890963e-08    1.0226580249e-09    4.9233311242e-09
  24.3800000   -1.2574411370e-08    4.5215247730e-08   -4.5760476482e-08    4.6099027219e-07   -2.5999293079e-08    5.8191981855e-08    1.0459170826e-09    4.9788764924e-09
  24.3900000   -1.3680660535e-08    4.2915038251e-08   -4.2527393512e-08    4.6023906633e-07   -2.5484381208e-08    5.8027994117e-08    1.0703987515e-09    5.0338193106e-09
  24.4000000   -1.4471001305e-08    4.0293741918e-08   -3.8476317940e-08    4.5941861027e-07   -2.4559225416e-08    5.7704060171e-08    1.0961901774e-09    5.0880763423e-09
  24.4100000   -1.4947567447e-08    3.7413892031e-08   -3.3690592883e-08    4.5853979149e-07   -2.3241550907e-08    5.7226671558e-08    1.1233421012e-09    5.1415657317e-09
  24.4200000   -1.5121378860e-08    3.4348801027e-08   -2.8269332125e-08    4.5761666393e-07   -2.1556522935e-08    5.6605546200e-08    1.1519205396e-09    5.1942083077e-09
  24.4300000   -1.5013026290e-08    3.1180332279e-08   -2.2325334998e-08    4.5666623274e-07   -1.9536365202e-08    5.5853526047e-08    1.1819820841e-09    5.2459254905e-09
  24.4400000   -1.4652918378e-08    2.7996391939e-08   -1.5982697751e-08    4.5570816435e-07   -1.7219823259e-08    5.4986330677e-08    1.2135743092e-09    5.2966486034e-09
  24.4500000   -1.4081126429e-08    2.4888085302e-08   -9.3742313475e-09    4.5476441537e-07   -1.4651502812e-08    5.4022281010e-08    1.2467405878e-09    5.3463152229e-09
  24.4600000   -1.3346738054e-08    2.1946629616e-08   -2.6386131340e-09    4.5385880628e-07   -1.1881070686e-08    5.2981972427e-08    1.2815163582e-09    5.3948732690e-09
  24.4700000   -1.2506913197e-08    1.9260192903e-08    4.0825001149e-09    4.5301654477e-07   -8.9623596790e-09    5.1887887759e-08    1.3179172168e-09    5.4422749527e-09
  24.4800000   -1.1625272484e-08    1.6910895590e-08    1.0647459452e-08    4.5226365406e-07   -5.9523950860e-09    5.0763944467e-08    1.3559630743e-09    5.4884816226e-09
  24.4900000   -1.0770045311e-08    1.4971841047e-08    1.3916394829e-08    4.5105781041e-07   -8.5290668161e-09    5.3483738167e-08    1.6002600696e-09    5.5479360344e-09
  24.5000000   -1.0011822673e-08    1.3504478173e-08    2.2116524855e-08    4.5056145210e-07   -8.2915490243e-09    5.3842967097e-08    1.6435606899e-09    5.5919685266e-09
  24.5100000   -9.4210219690e-09    1.2556405968e-08    2.9778160323e-08    4.5023342382e-07   -8.0207180139e-09    5.4175115907e-08    1.6882076832e-09    5.6349362757e-09
  24.5200000   -9.0652569654e-09    1.2159660750e-08    3.6758639581e-08    4.5009697544e-07   -7.7197684197e-09    5.4474262539e-08    1.7341594398e-09    5.6768453954e-09
  24.5300000   -9.0066243052e-09    1.2329483920e-08    4.2932470764e-08    4.5017326379e-07   -7.3918698961e-09    5.4734516340e-08    1.7813698291e-09    5.7177107204e-09
  24.5400000   -9.2989309338e-09    1.3063853773e-08    4.8192064245e-08    4.5048077417e-07   -7.0403673176e-09    5.4950412693e-08    1.8297844078e-09    5.7575578398e-09
  24.5500000   -9.9853587035e-09    1.4343520867e-08    5.2449974757e-08    4.5103480294e-07   -6.6687594593e-09    5.5116984317e-08    1.8793341903e-09    5.7964152858e-09
  24.5600000   -1.1096170592e-08    1.6132667905e-08    5.5640586332e-08    4.5184706845e-07   -6.2806459522e-09    5.5229877835e-08    1.9299422454e-09    5.8343150199e-09
  24.5700000   -1.2646839627e-08    1.8380359690e-08    5.7721483394e-08    4.5292529969e-07   -5.8797273370e-09    5.5285403602e-08    1.9815171851e-09    5.8713045929e-09
  24.5800000   -1.4636806659e-08    2.1022335895e-08    5.8674185937e-08    4.5427295840e-07   -5.4697444978e-09    5.5280642327e-08    2.0339648042e-09    5.9074305047e-09
  24.5900000   -1.7048557475e-08    2.3983360138e-08    5.8504500049e-08    4.5588902371e-07   -5.0544626841e-09    5.5213461174e-08    2.0871798095e-09    5.9427442126e-09
  24.6000000   -1.9847393375e-08    2.7179990702e-08    5.7242273497e-08    4.5776786658e-07   -4.6376618071e-09    5.5082575231e-08    2.1410410259e-09    5.9773050694e-09
  24.6100000   -2.2981830677e-08    3.0523571424e-08    5.4940718582e-08    4.5989925133e-07   -4.2230673518e-09    5.4887604603e-08    2.1954273319e-09    6.0111725148e-09
  24.6200000   -2.6384480180e-08    3.3923407489e-08    5.1675196354e-08    4.6226836456e-07   -3.8143524077e-09    5.4629051589e-08    2.2502098788e-09    6.0444137461e-09
  24.6300000   -2.9973589950e-08    3.7289851995e-08    4.7541555368e-08    4.6485601326e-07   -3.4151151040e-09    5.4308336947e-08    2.3052510444e-09    6.0770986160e-09
  24.6400000   -3.3655106832e-08    4.0537423750e-08    4.2654087579e-08    4.6763885622e-07   -3.0288272188e-09    5.3927778221e-08    2.3604053180e-09    6.1093007967e-09
  24.6500000   -3.7325157766e-08    4.3587608283e-08    3.7143015749e-08    4.7058978626e-07   -2.6588146182e-09    5.3490569739e-08    2.4155242143e-09    6.1410933052e-09
  24.6600000   -4.0872903927e-08    4.6371287875e-08    3.1151759939e-08    4.7367833028e-07   -2.3082600256e-09    5.3000745878e-08    2.4704597582e-09    6.1725508391e-09
  24.6700000   -4.4183725571e-08    4.8830767619e-08    2.4833872636e-08    4.7687116586e-07   -1.9801323285e-09    5.2463145181e-08    2.5250515259e-09    6.2037507920e-09
  24.6800000   -4.7142517191e-08    5.0921257438e-08    1.8349745730e-08    4.8013271145e-07   -1.6772031462e-09    5.1883322654e-08    2.5791457105e-09    6.2347724064e-09
  24.6900000   -4.9637084899e-08    5.2611793866e-08    1.1863256732e-08    4.8342574065e-07   -1.4020031941e-09    5.1267507030e-08    2.6325826107e-09    6.2656927556e-09
  24.7000000   -5.1561519915e-08    5.3885525926e-08    5.5383084066e-09    4.8671205018e-07   -1.1567952328e-09    5.0622499886e-08    2.6852083528e-09    6.2965899676e-09
  24.7100000   -5.2819362405e-08    5.4739336445e-08   -4.6466260657e-10    4.8995316703e-07   -9.4357781242e-10    4.9955593450e-08    2.7368609560e-09    6.3275430312e-09
  24.7200000   -5.3326604597e-08    5.5183053485e-08   -5.9919968305e-09    4.9311108040e-07   -7.6405030388e-10    4.9274456030e-08    2.7873940002e-09    6.3586217044e-09
  24.7300000   -5.3014281591e-08    5.5237989506e-08   -1.0900100098e-08    4.9614894508e-07   -6.1958993609e-10    4.8587069694e-08    2.8366496327e-09    6.3899024228e-09
  24.7400000   -5.1830713775e-08    5.4935081329e-08   -1.5058431954e-08    4.9903177239e-07   -5.1125569506e-10    4.7901572583e-08    2.8844906828e-09    6.4214523533e-09
  24.7500000   -4.9743206943e-08    5.4312669814e-08   -1.8352239007e-08    5.0172713596e-07   -4.3974863168e-10    4.7226174969e-08    2.9307687936e-09    6.4533405830e-09
  24.7600000   -4.6739338256e-08    5.3414105129e-08   -2.0684959902e-08    5.0420577812e-07   -4.0543750294e-10    4.6569047001e-08    2.9753600290e-09    6.4856279040e-09
  24.7700000   -4.2827658341e-08    5.2285205525e-08   -2.1980314354e-08    5.0644220439e-07   -4.0831921036e-10    4.5938195611e-08    3.0181333755e-09    6.5183743465e-09
  24.7800000   -3.8037765205e-08    5.0971732388e-08   -2.2183832822e-08    5.0841519422e-07   -4.4804615304e-10    4.5341362758e-08    3.0589759212e-09    6.5516380968e-09
  24.7900000   -3.2419951540e-08    4.9517090461e-08   -2.1264097438e-08    5.1010820134e-07   -5.2389349798e-10    4.4785927715e-08    3.0977798677e-09    6.5854630716e-09
  24.8000000   -2.6044242090e-08    4.7960180970e-08   -1.9213380194e-08    5.1150974384e-07   -6.3479123131e-10    4.4278807732e-08    3.1344496547e-09    6.6199048288e-09
  24.8100000   -1.8998877283e-08    4.6333864120e-08   -1.6047901608e-08    5.1261362926e-07   -7.7931955164e-10    4.3826352468e-08    3.1689031865e-09    6.6549955479e-09
  24.8200000   -1.1388488197e-08    4.4663591183e-08   -1.1807504431e-08    5.1341907179e-07   -9.5572928226e-10    4.3434273332e-08    3.2010683122e-09    6.6907751062e-09
  24.8300000   -3.3317517898e-09    4.2966865763e-08   -6.5549365285e-09    5.1393079810e-07   -1.1619372236e-09    4.3107568989e-08    3.2308832433e-09    6.7272699773e-09
  24.8400000    5.0412750180e-09    4.1253141702e-08   -3.7461164785e-10    5.1415891867e-07   -1.3955623564e-09    4.2850467137e-08    3.2582987207e-09    6.7645073004e-09
  24.8500000    1.3592007422e-08    3.9524205302e-08    6.6290218230e-09    5.1411878804e-07   -1.6539663343e-09    4.2666364172e-08    3.2832896475e-09    6.8024970963e-09
  24.8600000    2.2176488403e-08    3.7775262694e-08    1.4333559987e-08    5.1383073836e-07   -1.9342428758e-09    4.2557803919e-08    3.3058272305e-09    6.8412606639e-09
  24.8700000    3.0648498715e-08    3.5996440133e-08    2.2601032845e-08    5.1331967624e-07   -2.2333025160e-09    4.2526439892e-08    3.3259168240e-09    6.8807987941e-09
  24.8800000    3.8862770798e-08    3.4174682000e-08    3.1280608010e-08    5.1261465875e-07   -2.5478398774e-09    4.2573021494e-08    3.3435557138e-09    6.9211147356e-09
  24.8900000    4.6678133641e-08    3.2295940922e-08    4.0211591189e-08    5.1174832318e-07   -2.8744359270e-09    4.2697406340e-08    3.3587722712e-09    6.9621959360e-09
  24.9000000    5.3960406502e-08    3.0347477212e-08    4.9226520336e-08    5.1075627006e-07   -3.2095636965e-09    4.2898579048e-08    3.3716015596e-09    7.0040362523e-09
  24.9100000    6.0585142395e-08    2.8320289275e-08    5.8154495767e-08    5.0967640379e-07   -3.5496427382e-09    4.3174658414e-08    3.3820938681e-09    7.0466146830e-09
  24.9200000    6.6440051719e-08    2.6211290998e-08    6.6824484695e-08    5.0854818815e-07   -3.8910805677e-09    4.3522957252e-08    3.3903141849e-09    7.0899079576e-09
  24.9300000    7.1427061770e-08    2.4025318265e-08    7.5068648795e-08    5.0741190982e-07   -4.2303278374e-09    4.3940028680e-08    3.3963365671e-09    7.1338866748e-09
  24.9400000    7.5463946022e-08    2.1776641586e-08    8.2725582121e-08    5.0630790470e-07   -4.5639047316e-09    4.4421711462e-08    3.4002486815e-09    7.1785136599e-09
  24.9500000    7.8485573623e-08    1.9489995158e-08    8.9643442995e-08    5.0527576511e-07   -4.8884730399e-09    4.4963220072e-08    3.4021558776e-09    7.2237539213e-09
  24.9600000    8.0444626628e-08    1.7201032644e-08    9.5682844221e-08    5.0435358677e-07   -5.2008496248e-09    4.5559207448e-08    3.4021618241e-09    7.2695578108e-09
  24.9700000    8.1311917224e-08    1.4956092008e-08    1.0071951643e-07    5.0357725096e-07   -5.4980763510e-09    4.6203857764e-08    3.4003903549e-09    7.3158823325e-09
  24.9800000    8.1076306695e-08    1.2811186666e-08    1.0464661975e-07    5.0297971254e-07   -5.7774398639e-09    4.6890970011e-08    3.3969752122e-09    7.3626687071e-09
  24.9900000    7.9744041261e-08    1.0830476049e-08    1.0737677165e-07    5.0259034850e-07   -6.0365176997e-09    4.7614045750e-08    3.3920499170e-09    7.4098628480e-09
  25.0000000    7.7337971827e-08    9.0839560362e-09    1.0884359882e-07    5.0243444002e-07   -6.2732026691e-09    4.8366401434e-08    3.3857637831e-09    7.4574043522e-09
  25.0100000    7.3896233205e-08    7.6447308302e-09    1.0900297003e-07    5.0253262406e-07   -6.4857376516e-09    4.9141223517e-08    3.3782671933e-09    7.5052265997e-09
  25.0200000    6.9470875864e-08    6.5856993325e-09    1.0783370439e-07    5.0290053632e-07   -6.6727416808e-09    4.9931694361e-08    3.3697178647e-09    7.5532646864e-09
  25.0300000    6.4126161369e-08    5.9761451473e-09    1.0533788669e-07    5.0354849115e-07   -6.8332025186e-09    5.0731079698e-08    3.3602731227e-09    7.6014491961e-09
  25.0400000    5.7936891198e-08    5.8780851414e-09    1.0154068296e-07    5.0448128139e-07   -6.9665142748e-09    5.1532768891e-08    3.3500976911e-09    7.6497119902e-09
  25.0500000    5.0986658884e-08    6.3427363719e-09    9.6489775366e-08    5.0569807995e-07   -7.0724705122e-09    5.2330407652e-08    3.3393595189e-09    7.6979779934e-09
  25.0600000    4.3366138128e-08    7.4072188385e-09    9.0254324126e-08    5.0719245918e-07   -7.1512596125e-09    5.3117940534e-08    3.3282180765e-09    7.7461766193e-09
  25.0700000    3.5171510306e-08    9.0916635107e-09    8.2923535862e-08    5.0895250397e-07   -7.2034642048e-09    5.3889674687e-08    3.3168389110e-09    7.7942347813e-09
  25.0800000    2.6503005874e-08    1.1396928609e-08    7.4604874906e-08    5.1096102508e-07   -7.2300411497e-09    5.4640329218e-08    3.3053826453e-09    7.8420800700e-09
  25.0900000    1.7463683281e-08    1.4303064608e-08    6.5421936364e-08    5.1319590753e-07   -7.2322913844e-09    5.5365084730e-08    3.2940081493e-09    7.8896381704e-09
  25.1000000    8.1583740267e-09    1.7768536721e-08    5.5512018416e-08    5.1563051182e-07   -7.2118605578e-09    5.6059632638e-08    3.2828654680e-09    7.9368379840e-09
  25.1100000   -1.3072107190e-09    2.1730434915e-08    4.5023492802e-08    5.1823417874e-07   -7.1706706111e-09    5.6720177591e-08    3.2721011770e-09    7.9836029056e-09
  25.1200000   -1.0827019948e-08    2.6105566711e-08    3.4112962385e-08    5.2097280253e-07   -7.1109249922e-09    5.7343456764e-08    3.2618521928e-09    8.0298680545e-09
  25.1300000   -2.0295319660e-08    3.0792448807e-08    2.2942347285e-08    5.2380947644e-07   -7.0350282567e-09    5.7926745002e-08    3.2522553503e-09    8.0755660396e-09
  25.1400000   -2.9606947400e-08    3.5674234611e-08    1.1675831208e-08    5.2670518349e-07   -6.9455784980e-09    5.8467855458e-08    3.2434316769e-09    8.1206325664e-09
  25.1500000   -3.8657698617e-08    4.0622284095e-08    4.7685800059e-10    5.2961951755e-07   -6.8452718739e-09    5.8965124892e-08    3.2354925243e-09    8.1650062786e-09
  25.1600000   -4.7344640258e-08    4.5500496436e-08   -1.0494797431e-08    5.3251144998e-07   -6.7369006304e-09    5.9417367968e-08    3.2285362135e-09    8.2086269383e-09
  25.1700000   -5.5566510301e-08    5.0169930834e-08   -2.1085902845e-08    5.3534008319e-07   -6.6232894543e-09    5.9823896788e-08    3.2226555364e-09    8.2514390307e-09
  25.1800000   -6.3224160893e-08    5.4493781320e-08   -3.1152438471e-08    5.3806539966e-07   -6.5072332390e-09    6.0184444940e-08    3.2179263427e-09    8.2933910062e-09
  25.1900000   -7.0221206273e-08    5.8342399041e-08   -4.0562044436e-08    5.4064900170e-07   -6.3914490005e-09    6.0499135317e-08    3.2144144375e-09    8.3344393723e-09
  25.2000000   -7.6464815751e-08    6.1598052935e-08   -4.9196227097e-08    5.4305481743e-07   -6.2785386751e-09    6.0768457629e-08    3.2121686101e-09    8.3745406611e-09
  25.2100000   -8.1866813808e-08    6.4159453241e-08   -5.6952260271e-08    5.4524977379e-07   -6.1709335030e-09    6.0993203653e-08    3.2112276105e-09    8.4136563603e-09
  25.2200000   -8.6344860025e-08    6.5945596759e-08   -6.3744726245e-08    5.4720435637e-07   -6.0708596522e-09    6.1174423210e-08    3.2116119479e-09    8.4517542401e-09
  25.2300000   -8.9823853652e-08    6.6898877433e-08   -6.9506736117e-08    5.4889315475e-07   -5.9802720659e-09    6.1313375208e-08    3.2133369814e-09    8.4888076673e-09
  25.2400000   -9.2237615878e-08    6.6987380098e-08   -7.4190746850e-08    5.5029532852e-07   -5.9008673545e-09    6.1411508076e-08    3.2163930633e-09    8.5247999440e-09
  25.2500000   -9.3530480714e-08    6.6206148106e-08   -7.7769007694e-08    5.5139494213e-07   -5.8340102241e-09    6.1470386678e-08    3.2207611837e-09    8.5597102541e-09
  25.2600000   -9.3659018291e-08    6.4577396127e-08   -8.0233616577e-08    5.5218126656e-07   -5.7807244706e-09    6.1491669232e-08    3.2264073759e-09    8.5935276659e-09
  25.2700000   -9.2593866425e-08    6.2149816443e-08   -8.1596166211e-08    5.5264892592e-07   -5.7416734032e-09    6.1477074796e-08    3.2332891807e-09    8.6262454114e-09
  25.2800000   -9.0321152362e-08    5.8996712173e-08   -8.1887072188e-08    5.5279798266e-07   -5.7171483013e-09    6.1428345031e-08    3.2413433138e-09    8.6578686402e-09
  25.2900000   -8.6844002602e-08    5.5213323827e-08   -8.1154515302e-08    5.5263394407e-07   -5.7070608813e-09    6.1347247491e-08    3.2504955117e-09    8.6884027201e-09
  25.3000000   -8.2183597782e-08    5.0913268693e-08   -7.9463074383e-08    5.5216759145e-07   -5.7109400232e-09    6.1235513033e-08    3.2606684432e-09    8.7178577768e-09
  25.3100000   -7.6379965865e-08    4.6224414057e-08   -7.6892068737e-08    5.5141479966e-07   -5.7279413045e-09    6.1094871449e-08    3.2717560771e-09    8.7462510836e-09
  25.3200000   -6.9492309166e-08    4.1284259101e-08   -7.3533658622e-08    5.5039623732e-07   -5.7568614912e-09    6.0927032891e-08    3.2836562052e-09    8.7736101455e-09
  25.3300000   -6.1598929187e-08    3.6234936098e-08   -6.9490728596e-08    5.4913697749e-07   -5.7961528684e-09    6.0733665958e-08    3.2962525352e-09    8.7999629048e-09
  25.3400000   -5.2796691866e-08    3.1218320886e-08   -6.4874614350e-08    5.4766602754e-07   -5.8439421437e-09    6.0516448641e-08    3.3094170111e-09    8.8253308803e-09
  25.3500000   -4.3199896184e-08    2.6371130969e-08   -5.9802719856e-08    5.4601581759e-07   -5.8980735828e-09    6.0277039866e-08    3.3230185425e-09    8.8497669267e-09
  25.3600000   -3.2938834308e-08    2.1820419366e-08   -5.4396051458e-08    5.4422162089e-07   -5.9561298650e-09    6.0017124564e-08    3.3369166240e-09    8.8733074520e-09
  25.3700000   -2.2157785367e-08    1.7679616863e-08   -4.8776783006e-08    5.4232094334e-07   -6.0154780775e-09    5.9738401244e-08    3.3509659953e-09    8.8959990934e-09
  25.3800000   -1.1012766503e-08    1.4045080843e-08   -4.3065809721e-08    5.4035285102e-07   -6.0733058502e-09    5.9442641515e-08    3.3650107604e-09    8.9178934751e-09
  25.3900000    3.3117785100e-10    1.0993598066e-08   -3.7380383111e-08    5.3835732599e-07   -6.1266663255e-09    5.9131689960e-08    3.3789066267e-09    8.9390424502e-09
  25.4000000    1.1702854932e-08    8.5806205941e-09   -3.1831937925e-08    5.3637457248e-07   -6.1725274443e-09    5.8807481958e-08    3.3924953234e-09    8.9595066341e-09
  25.4100000    2.2928010180e-08    6.8394325189e-09   -2.6523981594e-08    5.3444435311e-07   -6.2078207828e-09    5.8472080911e-08    3.4056149898e-09    8.9793458730e-09
  25.4200000    3.3832350929e-08    5.7811771024e-09   -2.1550296137e-08    5.3260533821e-07   -6.2294978053e-09    5.8127668168e-08    3.4181190445e-09    8.9986214108e-09
  25.4300000    4.4244800764e-08    5.3957559956e-09   -1.6993314854e-08    5.3089447845e-07   -6.2345575315e-09    5.7776601279e-08    3.4298450059e-09    9.0173977684e-09
  25.4400000    5.4000411443e-08    5.6535396393e-09   -1.2922761966e-08    5.2934641981e-07   -6.2201126097e-09    5.7421371543e-08    3.4406519123e-09    9.0357439658e-09
  25.4500000    6.2943494814e-08    6.5076924760e-09   -9.3945972883e-09    5.2799298089e-07   -6.1834416327e-09    5.7064645237e-08    3.4503881234e-09    9.0537249223e-09
  25.4600000    7.0930075403e-08    7.8970814311e-09   -6.4502561563e-09    5.2686266015e-07   -6.1220229936e-09    5.6709250529e-08    3.4589139751e-09    9.0714074875e-09
  25.4700000    7.7830609615e-08    9.7495793643e-09   -4.1161917010e-09    5.2598022352e-07   -6.0335716271e-09    5.6358142166e-08    3.4660985509e-09    9.0888581142e-09
  25.4800000    8.3532040182e-08    1.1985506916e-08   -2.4037131358e-09    5.2536638509e-07   -5.9161000771e-09    5.6014430638e-08    3.4718158210e-09    9.1061438012e-09
  25.4900000    8.7939785929e-08    1.4521311312e-08   -1.3091732468e-09    5.2503750874e-07   -5.7679506179e-09    5.5681314183e-08    3.4759470362e-09    9.1233331971e-09
  25.5000000    9.0979342434e-08    1.7272979225e-08   -8.1437243063e-10    5.2500545207e-07   -5.5878035701e-09    5.5362076111e-08    3.4783956588e-09    9.1404879747e-09
  25.5100000    9.2597587530e-08    2.0159325165e-08   -8.8731271962e-10    5.2527742212e-07   -5.3747392386e-09    5.5060025502e-08    3.4790540944e-09    9.1576699044e-09
  25.5200000    9.2763805383e-08    2.3104828092e-08   -1.4831787727e-09    5.2585597142e-07   -5.1282495148e-09    5.4778453191e-08    3.4778468149e-09    9.1749406039e-09
  25.5300000    9.1470360505e-08    2.6042024233e-08   -2.5455365838e-09    5.2673905225e-07   -4.8482474816e-09    5.4520594404e-08    3.4747055797e-09    9.1923592106e-09
  25.5400000    8.8733088262e-08    2.8913290336e-08   -4.0077701489e-09    5.2792012126e-07   -4.5350933694e-09    5.4289555993e-08    3.4695689561e-09    9.2099744540e-09
  25.5500000    8.4591411410e-08    3.1672011634e-08   -5.7946320348e-09    5.2938835150e-07   -4.1895908677e-09    5.4088268236e-08    3.4624008135e-09    9.2278378983e-09
  25.5600000    7.9108068035e-08    3.4283181320e-08   -7.8239960580e-09    5.3112888856e-07   -3.8130079199e-09    5.3919408580e-08    3.4531668521e-09    9.2459989754e-09
  25.5700000    7.2368577286e-08    3.6723250394e-08   -1.0008650065e-08    5.3312315614e-07   -3.4070575970e-09    5.3785354028e-08    3.4418601716e-09    9.2644923268e-09
  25.5800000    6.4480375283e-08    3.8979443406e-08   -1.2258163623e-08    5.3534928427e-07   -2.9738961124e-09    5.3688112247e-08    3.4284816478e-09    9.2833578430e-09
  25.5900000    5.5571453044e-08    4.1048536451e-08   -1.4480778562e-08    5.3778246141e-07   -2.5161136897e-09    5.3629272554e-08    3.4130509601e-09    9.3026213042e-09
  25.6000000    4.5788889200e-08    4.2935173909e-08   -1.6585290890e-08    5.4039544839e-07   -2.0367067588e-09    5.3609928762e-08    3.3956050267e-09    9.3223166757e-09
  25.6100000    3.5296646710e-08    4.4649850012e-08   -1.8482867629e-08    5.4315903992e-07   -1.5390492378e-09    5.3630663104e-08    3.3761876969e-09    9.3424556496e-09
  25.6200000    2.4273276827e-08    4.6206732397e-08   -2.0088781320e-08    5.4604257157e-07   -1.0268891738e-09    5.3691483733e-08    3.3548740796e-09    9.3630570497e-09
  25.6300000    1.2909064982e-08    4.7621325573e-08   -2.1324007745e-08    5.4901442765e-07   -5.0428050485e-10    5.3791821633e-08    3.3317357909e-09    9.3841258522e-09
  25.6400000    1.4027871507e-09    4.8908185822e-08   -2.2116726571e-08    5.5204257697e-07    2.4436386072e-11    5.3930486804e-08    3.3068792131e-09    9.4056661225e-09
  25.6500000   -1.0041846861e-08    5.0078894995e-08   -2.2403585927e-08    5.5509507152e-07    5.5466569950e-10    5.4105668180e-08    3.2804081237e-09    9.4276719520e-09
  25.6600000   -2.1219946516e-08    5.1140162357e-08   -2.2130849262e-08    5.5814053426e-07    1.0816467715e-09    5.4314965603e-08    3.2524484921e-09    9.4501318841e-09
  25.6700000   -3.1929704785e-08    5.2092444338e-08   -2.1255265385e-08    5.6114863517e-07    1.6004627357e-09    5.4555379039e-08    3.2231387650e-09    9.4730282466e-09
  25.6800000   -4.1976537132e-08    5.2928973801e-08   -1.9744765303e-08    5.6409053987e-07    2.1061062450e-09    5.4823365338e-08    3.1926338050e-09    9.4963376023e-09
  25.6900000   -5.1177375595e-08    5.3635280026e-08   -1.7578922737e-08    5.6693930392e-07    2.5935481095e-09    5.5114884663e-08    3.1610929771e-09    9.5200358096e-09
  25.7000000   -5.9364872645e-08    5.4189283997e-08   -1.4749204343e-08    5.6967023857e-07    3.0577804598e-09    5.5425465635e-08    3.1286882808e-09    9.5440841017e-09
  25.7100000   -6.6391363233e-08    5.4561972771e-08   -1.1258970534e-08    5.7226121723e-07    3.4938836141e-09    5.5750274631e-08    3.0956092062e-09    9.5684453820e-09
  25.7200000   -7.2132543354e-08    5.4718560743e-08   -7.1232609199e-09    5.7469296559e-07    3.8970840850e-09    5.6084221846e-08    3.0620480582e-09    9.5930710250e-09
  25.7300000   -7.6490490935e-08    5.4620139181e-08   -2.3683971715e-09    5.7694924211e-07    4.2628125389e-09    5.6422042452e-08    3.0282042387e-09    9.6179124538e-09
  25.7400000   -7.9396318898e-08    5.4225747483e-08    2.9686294178e-09    5.7901703204e-07    4.5867766710e-09    5.6758411327e-08    2.9942852450e-09    9.6429163751e-09
  25.7500000   -8.0811917345e-08    5.3494749099e-08    8.8409220513e-09    5.8088663728e-07    4.8649965690e-09    5.7088074626e-08    2.9605042946e-09    9.6680239959e-09
  25.7600000   -8.0730855412e-08    5.2389398979e-08    1.5192650912e-08    5.8255172109e-07    5.0938842056e-09    5.7405951119e-08    2.9270797500e-09    9.6931710969e-09
  25.7700000   -7.9178588563e-08    5.0877515031e-08    2.1960078159e-08    5.8400930117e-07    5.2702776370e-09    5.7707249380e-08    2.8942280199e-09    9.7182941076e-09
  25.7800000   -7.6211558025e-08    4.8935057793e-08    2.9072784303e-08    5.8525971749e-07    5.3915075088e-09    5.7987603335e-08    2.8621751659e-09    9.7433248040e-09
  25.7900000   -7.1915467702e-08    4.6548592329e-08    3.6454891475e-08    5.8630649670e-07    5.4554261074e-09    5.8243183125e-08    2.8311390861e-09    9.7681950538e-09
  25.8000000   -6.6402756080e-08    4.3717367415e-08    4.4026432222e-08    5.8715622303e-07    5.4604560092e-09    5.8470806915e-08    2.8013431731e-09    9.7928314755e-09
  25.8100000   -5.9809179721e-08    4.0455032544e-08    5.1704681823e-08    5.8781833370e-07    5.4056179597e-09    5.8668026208e-08    2.7730059983e-09    9.8171622254e-09
  25.8200000   -5.2289792831e-08    3.6790792777e-08    5.9405549813e-08    5.8830489096e-07    5.2905695446e-09    5.8833233808e-08    2.7463411353e-09    9.8411154829e-09
  25.8300000   -4.4014462565e-08    3.2769957962e-08    6.7044933873e-08    5.8863030797e-07    5.1155914183e-09    5.8965715236e-08    2.7215583710e-09    9.8646234866e-09
  25.8400000   -3.5162871994e-08    2.8453839008e-08    7.4540033821e-08    5.8881108046e-07    4.8816432342e-09    5.9065723373e-08    2.6988610991e-09    9.8876102542e-09
  25.8500000   -2.5919518522e-08    2.3919011480e-08    8.1810642888e-08    5.8886543131e-07    4.5903284593e-09    5.9134495961e-08    2.6784477529e-09    9.9100084898e-09
  25.8600000   -1.6468651384e-08    1.9255742678e-08    8.8780317697e-08    5.8881300882e-07    4.2439014294e-09    5.9174276430e-08    2.6605043537e-09    9.9317485902e-09
  25.8700000   -6.9894729112e-09    1.4565922507e-08    9.5377479677e-08    5.8867451474e-07    3.8452531229e-09    5.9188308255e-08    2.6452071256e-09    9.9527742782e-09
  25.8800000    2.3483054970e-09    9.9603460256e-09    1.0153639890e-07    5.8847136924e-07    3.3978841179e-09    5.9180783488e-08    2.6327278808e-09    9.9730160629e-09
  25.8900000    1.1388338271e-08    5.5554050204e-09    1.0719807593e-07    5.8822532699e-07    2.9058550538e-09    5.9156819707e-08    2.6232158143e-09    9.9924244906e-09
  25.9000000    1.9990868294e-08    1.4694916424e-09    1.1231096561e-07    5.8795816451e-07    2.3737504744e-09    5.9122337677e-08    2.6168171025e-09    1.0010944845e-08
  25.9100000    2.8035071948e-08   -2.1809242044e-09    1.1683161011e-07    5.8769128096e-07    1.8066305385e-09    5.9083993929e-08    2.6136571476e-09    1.0028530135e-08
  25.9200000    3.5420711055e-08   -5.2852869427e-09    1.2072506227e-07    5.8744541312e-07    1.2099567675e-09    5.9049030464e-08    2.6138548741e-09    1.0045140729e-08
  25.9300000    4.2068805094e-08   -7.7429738413e-09    1.2396524649e-07    5.8724030392e-07    5.8951514367e-10    5.9025147663e-08    2.6175052083e-09    1.0060741371e-08
  25.9400000    4.7921564672e-08   -9.4670967928e-09    1.2653512626e-07    5.8709439206e-07   -4.8648421425e-11    5.9020323998e-08    2.6247010390e-09    1.0075306432e-08
  25.9500000    5.2941494147e-08   -1.0387860584e-08    1.2842673887e-07    5.8702456499e-07   -6.9832452301e-10    5.9042663919e-08    2.6355005201e-09    1.0088811853e-08
  25.9600000    5.7109893963e-08   -1.0455573290e-08    1.2964112507e-07    5.8704590142e-07   -1.3532338705e-09    5.9100179119e-08    2.6499593360e-09    1.0101241573e-08
  25.9700000    6.0424753422e-08   -9.6429212374e-09    1.3018808973e-07    5.8717147387e-07   -2.0071096802e-09    5.9200627345e-08    2.6681079769e-09    1.0112589648e-08
  25.9800000    6.2898308988e-08   -7.9465445355e-09    1.3008588901e-07    5.8741215693e-07   -2.6538231497e-09    5.9351278786e-08    2.6899699148e-09    1.0122863117e-08
  25.9900000    6.4554422803e-08   -5.3877863310e-09    1.2936078504e-07    5.8777649213e-07   -3.2874553015e-09    5.9558754317e-08    2.7155414328e-09    1.0132067977e-08
  26.0000000    6.5425739488e-08   -2.0126173981e-09    1.2804645003e-07    5.8827059334e-07   -3.9024081526e-09    5.9828798558e-08    2.7448117677e-09    1.0140214050e-08
  26.0100000    6.5551109729e-08    2.1093019633e-09    1.2618340521e-07    5.8889805317e-07   -4.4935003969e-09    6.0166136906e-08    2.7777393095e-09    1.0147330309e-08
  26.0200000    6.4973149090e-08    6.8865163150e-09    1.2381825424e-07    5.8965991938e-07   -5.0560629926e-09    6.0574263728e-08    2.8142807608e-09    1.0153452000e-08
  26.0300000    6.3736220799e-08    1.2208295021e-08    1.2100290925e-07    5.9055472325e-07   -5.5860219100e-09    6.1055339159e-08    2.8543689079e-09    1.0158614134e-08
  26.0400000    6.1884819275e-08    1.7947966001e-08    1.1779377130e-07    5.9157851135e-07   -6.0799832442e-09    6.1610040495e-08    2.8979201143e-09    1.0162866319e-08
  26.0500000    5.9462393925e-08    2.3966883440e-08    1.1425084685e-07    5.9272489725e-07   -6.5352963640e-09    6.2237450552e-08    2.9448420154e-09    1.0166261535e-08
  26.0600000    5.6510884743e-08    3.0118703703e-08    1.1043680999e-07    5.9398524330e-07   -6.9501227701e-09    6.2935025066e-08    2.9950139988e-09    1.0168863657e-08
  26.0700000    5.3070526646e-08    3.6254046524e-08    1.0641611161e-07    5.9534875030e-07   -7.3234725654e-09    6.3698530180e-08    3.0483127421e-09    1.0170741363e-08
  26.0800000    4.9180305047e-08    4.2225300065e-08    1.0225400318e-07    5.9680267376e-07   -7.6552504268e-09    6.4522044509e-08    3.1045966624e-09    1.0171963367e-08
  26.0900000    4.4878646519e-08    4.7891232443e-08    9.8015601615e-08    5.9833252277e-07   -7.9462607371e-09    6.5398003676e-08    3.1637142671e-09    1.0172612409e-08
  26.1000000    4.0204381315e-08    5.3121528255e-08    9.3764979470e-08    5.9992231192e-07   -8.1982148029e-09    6.6317274834e-08    3.2255050665e-09    1.0172773109e-08
  26.1100000    3.5197995237e-08    5.7800789023e-08    8.9564236795e-08    6.0155480154e-07   -8.4137260970e-09    6.7269246935e-08    3.2897867314e-09    1.0172537089e-08
  26.1200000    2.9902712182e-08    6.1832081242e-08    8.5472606087e-08    6.0321178867e-07   -8.5962736739e-09    6.8242012231e-08    3.3563756180e-09    1.0171993861e-08
  26.1300000    2.4365519102e-08    6.5139679988e-08    8.1545644717e-08    6.0487441537e-07   -8.7501481256e-09    6.9222508217e-08    3.4250816771e-09    1.0171239903e-08
  26.1400000    1.8638047991e-08    6.7671165334e-08    7.7834423015e-08    6.0652344531e-07   -8.8804073549e-09    7.0196754924e-08    3.4957007951e-09    1.0170376005e-08
  26.1500000    1.2777026211e-08    6.9398568123e-08    7.4384785696e-08    6.0813960866e-07   -8.9927611522e-09    7.1150091419e-08    3.5680260353e-09    1.0169504814e-08
  26.1600000    6.8443355610e-09    7.0318662292e-08    7.1236663996e-08    6.0970389469e-07   -9.0935109853e-09    7.2067442315e-08    3.6418406544e-09    1.0168723731e-08
  26.1700000    9.0667259459e-10    7.0452340624e-08    6.8423498047e-08    6.1119789375e-07   -9.1894247876e-09    7.2933594363e-08    3.7169336374e-09    1.0168137243e-08
  26.1800000   -4.9653636822e-09    6.9843149960e-08    6.5971688955e-08    6.1260405662e-07   -9.2876159323e-09    7.3733502751e-08    3.7930837973e-09    1.0167845291e-08
  26.1900000   -1.0698560665e-08    6.8555075318e-08    6.3900154032e-08    6.1390605059e-07   -9.3954037302e-09    7.4452607758e-08    3.8700655903e-09    1.0167949110e-08
  26.2000000   -1.6218783887e-08    6.6669569658e-08    6.2220000392e-08    6.1508898444e-07   -9.5201823342e-09    7.5077134440e-08    3.9476592869e-09    1.0168546750e-08
  26.2100000   -2.1453021969e-08    6.4282087356e-08    6.0934254220e-08    6.1613970017e-07   -9.6692738203e-09    7.5594412894e-08    4.0256459900e-09    1.0169733798e-08
  26.2200000   -2.6331564676e-08    6.1498055856e-08    6.0037700330e-08    6.1704700254e-07   -9.8497510447e-09    7.5993159955e-08    4.1038031531e-09    1.0171597908e-08
  26.2300000   -3.0790403331e-08    5.8428861226e-08    5.9516867536e-08    6.1780183663e-07   -1.0068320365e-08    7.6263773717e-08    4.1819199241e-09    1.0174233823e-08
  26.2400000   -3.4773462639e-08    5.5187490068e-08    5.9350084463e-08    6.1839748825e-07   -1.0331140185e-08    7.6398575293e-08    4.2597792237e-09    1.0177717898e-08
  26.2500000   -3.8234682354e-08    5.1884353446e-08    5.9507673669e-08    6.1882971468e-07   -1.0643678892e-08    7.6392052132e-08    4.3371809449e-09    1.0182125196e-08
  26.2600000   -4.1139817734e-08    4.8623371549e-08    5.9952242548e-08    6.1909681459e-07   -1.1010599635e-08    7.6241031251e-08    4.4139283497e-09    1.0187525263e-08
  26.2700000   -4.3467745816e-08    4.5498407818e-08    6.0639126768e-08    6.1919972771e-07   -1.1435603748e-08    7.5944849094e-08    4.4898224503e-09    1.0193986484e-08
  26.2800000   -4.5211312739e-08    4.2590244066e-08    6.1516917034e-08    6.1914200600e-07   -1.1921307931e-08    7.5505436150e-08    4.5646837698e-09    1.0201561230e-08
  26.2900000   -4.6377586191e-08    3.9964198157e-08    6.2528132696e-08    6.1892979770e-07   -1.2469163388e-08    7.4927385161e-08    4.6383406538e-09    1.0210294461e-08
  26.3000000   -4.6987433545e-08    3.7668407373e-08    6.3609998691e-08    6.1857176984e-07   -1.3079375650e-08    7.4217947208e-08    4.7106303361e-09    1.0220231747e-08
  26.3100000   -4.7074588649e-08    3.5732949240e-08    6.4695292487e-08    6.1807898995e-07   -1.3750820991e-08    7.3387005933e-08    4.7814000277e-09    1.0231398716e-08
  26.3200000   -4.6684045719e-08    3.4169666704e-08    6.5713380805e-08    6.1746477139e-07   -1.4481019934e-08    7.2446933257e-08    4.8505130224e-09    1.0243818803e-08
  26.3300000   -4.5870005891e-08    3.2972717787e-08    6.6591252239e-08    6.1674445966e-07   -1.5266116549e-08    7.1412481329e-08    4.9178421984e-09    1.0257502330e-08
  26.3400000   -4.4693445969e-08    3.2119966587e-08    6.7254695353e-08    6.1593519058e-07   -1.6100878918e-08    7.0300528583e-08    4.9832672500e-09    1.0272454971e-08
  26.3500000   -4.3219336622e-08    3.1574863241e-08    6.7629521527e-08    6.1505563400e-07   -1.6978755204e-08    6.9129853379e-08    5.0466939182e-09    1.0288669206e-08
  26.3600000   -4.1513782795e-08    3.1288960770e-08    6.7642820915e-08    6.1412568476e-07   -1.7891902085e-08    6.7920813383e-08    5.1080382547e-09    1.0306127605e-08
  26.3700000   -3.9641173531e-08    3.1204787104e-08    6.7224297115e-08    6.1316610631e-07   -1.8831284818e-08    6.6695020568e-08    5.1672260738e-09    1.0324806607e-08
  26.3800000   -3.7661422685e-08    3.1259026284e-08    6.6307578430e-08    6.1219823698e-07   -1.9786784432e-08    6.5474935386e-08    5.2241997371e-09    1.0344672789e-08
  26.3900000   -3.5627704045e-08    3.1385807735e-08    6.4831537215e-08    6.1124356832e-07   -2.0747316010e-08    6.4283483228e-08    5.2789208288e-09    1.0365685733e-08
  26.4000000   -3.3584298127e-08    3.1520016437e-08    6.2741592126e-08    6.1032341513e-07   -2.1701012486e-08    6.3143618193e-08    5.3313533430e-09    1.0387789752e-08
  26.4100000   -3.1565271357e-08    3.1600414272e-08    5.9990957587e-08    6.0945853054e-07   -2.2635362328e-08    6.2077894476e-08    5.3814950453e-09    1.0410929758e-08
  26.4200000   -2.9593559405e-08    3.1572511103e-08    5.6541796638e-08    6.0866873385e-07   -2.3537411565e-08    6.1108006546e-08    5.4293395330e-09    1.0435034462e-08
  26.4300000   -2.7680754259e-08    3.1391029496e-08    5.2366321914e-08    6.0797255928e-07   -2.4393970141e-08    6.0254364592e-08    5.4749045770e-09    1.0460036327e-08
  26.4400000   -2.5827490642e-08    3.1021842635e-08    4.7447742950e-08    6.0738693189e-07   -2.5191828664e-08    5.9535668376e-08    5.5182235387e-09    1.0485852237e-08
  26.4500000   -2.4024485028e-08    3.0443376001e-08    4.1781063220e-08    6.0692684832e-07   -2.5917957145e-08    5.8968509462e-08    5.5593360439e-09    1.0512398175e-08
  26.4600000   -2.2254048178e-08    2.9647339617e-08    3.5373772878e-08    6.0660509448e-07   -2.6559758543e-08    5.8566993767e-08    5.5982959271e-09    1.0539580672e-08
  26.4700000   -2.0492054289e-08    2.8638886418e-08    2.8246277655e-08    6.0643201870e-07   -2.7105270665e-08    5.8342442920e-08    5.6351706041e-09    1.0567308512e-08
  26.4800000   -1.8710284055e-08    2.7436095800e-08    2.0432202292e-08    6.0641529308e-07   -2.7543389975e-08    5.8303076798e-08    5.6700467303e-09    1.0595483254e-08
  26.4900000   -1.6878901569e-08    2.6068879708e-08    1.1978426175e-08    6.0655981409e-07   -2.7864073374e-08    5.8453830371e-08    5.7030096132e-09    1.0624003913e-08
  26.5000000   -1.4969057254e-08    2.4577360516e-08    2.9449302758e-09    6.0686757326e-07   -2.8058567746e-08    5.8796153456e-08    5.7341670566e-09    1.0652768338e-08
  26.5100000   -1.2955265490e-08    2.3009786234e-08   -6.5956210259e-09    6.0733759053e-07   -2.8119534037e-08    5.9327936518e-08    5.7636209681e-09    1.0681671083e-08
  26.5200000   -1.0817706661e-08    2.1420134517e-08   -1.6558502780e-08    6.0796596004e-07   -2.8041259336e-08    6.0043477554e-08    5.7914954448e-09    1.0710615851e-08
  26.5300000   -8.5441151906e-09    1.9865430343e-08   -2.6847810845e-08    6.0874586249e-07   -2.7819772345e-08    6.0933521137e-08    5.8179215390e-09    1.0739497500e-08
  26.5400000   -6.1312024361e-09    1.8402995115e-08   -3.7357570360e-08    6.0966772114e-07   -2.7452943917e-08    6.1985377394e-08    5.8430222528e-09    1.0768213430e-08
  26.5500000   -3.5855370225e-09    1.7087785230e-08   -4.7973057102e-08    6.1071933878e-07   -2.6940589381e-08    6.3183112114e-08    5.8669439734e-09    1.0796672223e-08
  26.5600000   -9.2404360297e-10    1.5969708301e-08   -5.8572330799e-08    6.1188612651e-07   -2.6284524173e-08    6.4507781733e-08    5.8898248457e-09    1.0824774749e-08
  26.5700000    1.8264047187e-09    1.5091381022e-08   -6.9027987231e-08    6.1315139307e-07   -2.5488551761e-08    6.5937788043e-08    5.9118128369e-09    1.0852436572e-08
  26.5800000    4.6296195217e-09    1.4486149187e-08   -7.9208993377e-08    6.1449660287e-07   -2.4558479464e-08    6.7449217487e-08    5.9330580784e-09    1.0879569602e-08
  26.5900000    7.4414666277e-09    1.4176573817e-08   -8.8982749616e-08    6.1590176843e-07   -2.3502075921e-08    6.9016320202e-08    5.9537090019e-09    1.0906097196e-08
  26.6000000    1.0211653191e-08    1.4173500340e-08   -9.8217215914e-08    6.1734581435e-07   -2.2328979682e-08    7.0611946970e-08    5.9739147415e-09    1.0931952918e-08
  26.6100000    1.2885711422e-08    1.4475570399e-08   -1.0678311900e-07    6.1880695613e-07   -2.1050583952e-08    7.2208097921e-08    5.9938226334e-09    1.0957065115e-08
  26.6200000    1.5407452039e-08    1.5069386940e-08   -1.1455617356e-07    6.2026315267e-07   -1.9679893353e-08    7.3776460799e-08    6.0135804769e-09    1.0981386269e-08
  26.6300000    1.7721283497e-08    1.5930244791e-08   -1.2141933777e-07    6.2169250793e-07   -1.8231383376e-08    7.5288952571e-08    6.0333316967e-09    1.1004860567e-08
  26.6400000    1.9774827611e-08    1.7023340719e-08   -1.2726497184e-07    6.2307370770e-07   -1.6720770689e-08    7.6718322794e-08    6.0532143131e-09    1.1027457546e-08
  26.6500000    2.1521080795e-08    1.8305454015e-08   -1.3199694408e-07    6.2438644782e-07   -1.5164828800e-08    7.8038667840e-08    6.0733600136e-09    1.1049143754e-08
  26.6600000    2.2920569046e-08    1.9727041755e-08   -1.3553259959e-07    6.2561181092e-07   -1.3581119283e-08    7.9226023937e-08    6.0938944090e-09    1.1069895953e-08
  26.6700000    2.3943107673e-08    2.1234573870e-08   -1.3780453949e-07    6.2673266926e-07   -1.1987762152e-08    8.0258849727e-08    6.1149386292e-09    1.1089706400e-08
  26.6800000    2.4569087119e-08    2.2773052680e-08   -1.3876221547e-07    6.2773402600e-07   -1.0403154248e-08    8.1118517958e-08    6.1366057340e-09    1.1108576589e-08
  26.6900000    2.4790430037e-08    2.4288602356e-08   -1.3837324681e-07    6.2860331657e-07   -8.8457179734e-09    8.1789731124e-08    6.1589984135e-09    1.1126514035e-08
  26.7000000    2.4610868630e-08    2.5730952216e-08   -1.3662449976e-07    6.2933067559e-07   -7.3336178593e-09    8.2260896003e-08    6.1822068161e-09    1.1143537130e-08
  26.7100000    2.4045939509e-08    2.7055800213e-08   -1.3352281067e-07    6.2990914494e-07   -5.8845068711e-09    8.2524417143e-08    6.2063176744e-09    1.1159676291e-08
  26.7200000    2.3122286893e-08    2.8226711572e-08   -1.2909538992e-07    6.3033483995e-07   -4.5152529294e-09    8.2576905775e-08    6.2313986199e-09    1.1174971093e-08
  26.7300000    2.1876682009e-08    2.9216875308e-08   -1.2338990164e-07    6.3060702399e-07   -3.2416818050e-09    8.2419336626e-08    6.2575135814e-09    1.1189457887e-08
  26.7400000    2.0354585383e-08    3.0010161266e-08   -1.1647416130e-07    6.3072818202e-07   -2.0783634071e-09    8.2057093373e-08    6.2847093483e-09    1.1203201866e-08
  26.7500000    1.8608451914e-08    3.0601735002e-08   -1.0843547746e-07    6.3070394960e-07   -1.0383911795e-09    8.1499926934e-08    6.3130252421e-09    1.1216263734e-08
  26.7600000    1.6695774725e-08    3.0998166967e-08   -9.9379591547e-08    6.3054305081e-07   -1.3319480435e-10    8.0761842179e-08    6.3424832252e-09    1.1228716639e-08
  26.7700000    1.4676996244e-08    3.1216832979e-08   -8.9429307127e-08    6.3025715190e-07    6.2762879939e-10    7.9860865205e-08    6.3730989667e-09    1.1240639010e-08
  26.7800000    1.2613445266e-08    3.1284927955e-08   -7.8722762106e-08    6.2986065055e-07    1.2364392408e-09    7.8818774385e-08    6.4048702773e-09    1.1252111877e-08
  26.7900000    1.0565264182e-08    3.1237898945e-08   -6.7411400967e-08    6.2937038692e-07    1.6876421323e-09    7.7660669547e-08    6.4377851086e-09    1.1263222679e-08
  26.8000000    8.5895171748e-09    3.1117461017e-08   -5.5657607156e-08    6.2880538708e-07    1.9777632821e-09    7.6414563451e-08    6.4718166385e-09    1.1274069943e-08
  26.8100000    6.7384605506e-09    3.0969266252e-08   -4.3632155475e-08    6.2818645681e-07    2.1054974183e-09    7.5110820462e-08    6.5069304261e-09    1.1284751738e-08
  26.8200000    5.0581377299e-09    3.0840421025e-08   -3.1511410548e-08    6.2753582108e-07    2.0716732422e-09    7.3781611886e-08    6.5430810658e-09    1.1295365617e-08
  26.8300000    3.5871735745e-09    3.0776834536e-08   -1.9474379837e-08    6.2687670418e-07    1.8792235735e-09    7.2460241426e-08    6.5802058465e-09    1.1306015484e-08
  26.8400000    2.3560051181e-09    3.0820637454e-08   -7.6996450479e-09    6.2623287386e-07    1.5331231604e-09    7.1180518872e-08    6.6182331518e-09    1.1316803349e-08
  26.8500000    1.3863477809e-09    3.1007742768e-08    3.6377148972e-09    6.2562822625e-07    1.0402684471e-09    6.9976051983e-08    6.6570842734e-09    1.1327837247e-08
  26.8600000    6.9110573850e-10    3.1365663976e-08    1.4369276073e-08    6.2508628633e-07    4.0934645916e-10    6.8879563869e-08    6.6966683079e-09    1.1339214457e-08
  26.8700000    2.7444196209e-10    3.1911784423e-08    2.4336262618e-08    6.2462980364e-07   -3.4932296278e-10    6.7922200036e-08    6.7368857534e-09    1.1351041602e-08
  26.8800000    1.3223490709e-10    3.2652099575e-08    3.3392531084e-08    6.2428030460e-07   -1.2239871288e-09    6.7132864500e-08    6.7776348209e-09    1.1363410334e-08
  26.8900000    2.5269327113e-10    3.3580396417e-08    4.1407276619e-08    6.2405767980e-07   -2.2016591676e-09    6.6537568341e-08    6.8187940100e-09    1.1376421778e-08
  26.9000000    6.1719883859e-10    3.4678206927e-08    4.8267547619e-08    6.2397982728e-07   -3.2683424932e-09    6.6158850983e-08    6.8602455912e-09    1.1390160582e-08
  26.9100000    1.2012453027e-09    3.5915272840e-08    5.3880487724e-08    6.2406230122e-07   -4.4092800132e-09    6.6015270701e-08    6.9018658271e-09    1.1404710915e-08
  26.9200000    1.9754713363e-09    3.7250640497e-08    5.8175224371e-08    6.2431804014e-07   -5.6091880068e-09    6.6120909111e-08    6.9435232079e-09    1.1420152784e-08
  26.9300000    2.9066933547e-09    3.8634305331e-08    6.1104387772e-08    6.2475710025e-07   -6.8525014274e-09    6.6485013642e-08    6.9850854603e-09    1.1436556369e-08
  26.9400000    3.9590329858e-09    4.0009349800e-08    6.2645212920e-08    6.2538651272e-07   -8.1236403408e-09    6.7111727576e-08    7.0264149246e-09    1.1453983437e-08
  26.9500000    5.0948532810e-09    4.1314541269e-08    6.2800241366e-08    6.2621015979e-07   -9.4072389167e-09    6.7999869954e-08    7.0673733614e-09    1.1472493278e-08
  26.9600000    6.2756768180e-09    4.2487098313e-08    6.1597490340e-08    6.2722866455e-07   -1.0688369698e-08    6.9142871218e-08    7.1078240477e-09    1.1492130329e-08
  26.9700000    7.4630125777e-09    4.3465685202e-08    5.9090234022e-08    6.2843947120e-07   -1.1952782578e-08    7.0528806289e-08    7.1476336020e-09    1.1512930543e-08
  26.9800000    8.6191497786e-09    4.4193425637e-08    5.5356254580e-08    6.2983684593e-07   -1.3187094617e-08    7.2140490935e-08    7.1866620812e-09    1.1534921154e-08
  26.9900000    9.7076222449e-09    4.4620702755e-08    5.0496667077e-08    6.3141203839e-07   -1.4378965462e-08    7.3955752051e-08    7.2247772072e-09    1.1558121607e-08
  27.0000000    1.0693819970e-08    4.4707791650e-08    4.4634257364e-08    6.3315345823e-07   -1.5517252113e-08    7.5947753299e-08    7.2618467614e-09    1.1582539466e-08
  27.0100000    1.1545343547e-08    4.4427032609e-08    3.7911436900e-08    6.3504690544e-07   -1.6592152210e-08    7.8085445972e-08    7.2977502818e-09    1.1608169047e-08
  27.0200000    1.2232289041e-08    4.3764523457e-08    3.0487777543e-08    6.3707585231e-07   -1.7595288295e-08    8.0334081529e-08    7.3323679809e-09    1.1634999291e-08
  27.0300000    1.2727492181e-08    4.2721174577e-08    2.2537200679e-08    6.3922178688e-07   -1.8519786653e-08    8.2655831725e-08    7.3655864973e-09    1.1663010583e-08
  27.0400000    1.3006746220e-08    4.1313161306e-08    1.4244877906e-08    6.4146455062e-07   -1.9360307367e-08    8.5010492879e-08    7.3972967985e-09    1.1692167433e-08
  27.0500000    1.3048970456e-08    3.9571683121e-08    5.8038770733e-09    6.4378271630e-07   -2.0113080242e-08    8.7356202887e-08    7.4274034002e-09    1.1722434720e-08
  27.0600000    1.2836264500e-08    3.7541956317e-08   -2.5883807186e-09    6.4615404208e-07   -2.0775853975e-08    8.9650235267e-08    7.4558149032e-09    1.1753750446e-08
  27.0700000    1.2354132599e-08    3.5281722434e-08   -1.0733748885e-08    6.4855582937e-07   -2.1347868092e-08    9.1849824340e-08    7.4824486926e-09    1.1786063621e-08
  27.0800000    1.1591535689e-08    3.2858967896e-08   -1.8437090783e-08    6.5096537149e-07   -2.1829780579e-08    9.3912992505e-08    7.5072297126e-09    1.1819303886e-08
  27.0900000    1.0541094467e-08    3.0349381085e-08   -2.5509943900e-08    6.5336033617e-07   -2.2223556907e-08    9.5799365006e-08    7.5300957017e-09    1.1853399870e-08
  27.1000000    9.1991643067e-09    2.7833243583e-08   -3.1774112226e-08    6.5571917983e-07   -2.2532346643e-08    9.7471013561e-08    7.5509991259e-09    1.1888270627e-08
  27.1100000    7.5660421592e-09    2.5392153876e-08   -3.7065114933e-08    6.5802151086e-07   -2.2760367767e-08    9.8893186623e-08    7.5698912609e-09    1.1923827713e-08
  27.1200000    5.6460206351e-09    2.3105736723e-08   -4.1235371852e-08    6.6024841432e-07   -2.2912718525e-08    1.0003506108e-07    7.5867408988e-09    1.1959976933e-08
  27.1300000    3.4475905157e-09    2.1048292693e-08   -4.4157156024e-08    6.6238276176e-07   -2.2995238608e-08    1.0087039263e-07    7.6015296260e-09    1.1996626339e-08
  27.1400000    9.8342078575e-10    1.9285722518e-08   -4.5725107339e-08    6.6440945318e-07   -2.3014324487e-08    1.0137809298e-07    7.6142413965e-09    1.2033672112e-08
  27.1500000   -1.7295245955e-09    1.7872884493e-08   -4.5858459352e-08    6.6631563659e-07   -2.2976726615e-08    1.0154272329e-07    7.6248742266e-09    1.2071015510e-08
  27.1600000   -4.6700157578e-09    1.6851217069e-08   -4.4502707031e-08    6.6809086651e-07   -2.2889412300e-08    1.0135485084e-07    7.6334312874e-09    1.2108551056e-08
  27.1700000   -7.8127044835e-09    1.6247198114e-08   -4.1630896710e-08    6.6972721180e-07   -2.2759365371e-08    1.0081136454e-07    7.6399372166e-09    1.2146175764e-08
  27.1800000   -1.1128232660e-08    1.6071266462e-08   -3.7244305640e-08    6.7121926988e-07   -2.2593412031e-08    9.9915587530e-08    7.6444169416e-09    1.2183784626e-08
  27.1900000   -1.4583418199e-08    1.6317537394e-08   -3.1372715221e-08    6.7256420209e-07   -2.2398081242e-08    9.8677312903e-08    7.6469037966e-09    1.2221285548e-08
  27.2000000   -1.8141657237e-08    1.6964255143e-08   -2.4074019088e-08    6.7376164798e-07   -2.2179449296e-08    9.7112739105e-08    7.6474426389e-09    1.2258569285e-08
  27.2100000   -2.1763228705e-08    1.7974835496e-08   -1.5433416754e-08    6.7481362325e-07   -2.1943017392e-08    9.5244219393e-08    7.6460889280e-09    1.2295549339e-08
  27.2200000   -2.5405731511e-08    1.9299659116e-08   -5.5620244865e-09    6.7572437532e-07   -2.1693610888e-08    9.3099940592e-08    7.6428948107e-09    1.2332125961e-08
  27.2300000   -2.9024703862e-08    2.0878374386e-08    5.4050158800e-09    6.7650015859e-07   -2.1435271813e-08    9.0713475786e-08    7.6379305401e-09    1.2368221375e-08
  27.2400000   -3.2573989511e-08    2.2642667720e-08    1.7310806816e-08    6.7714902293e-07   -2.1171221428e-08    8.8123190522e-08    7.6312664461e-09    1.2403755488e-08
  27.2500000   -3.6006451314e-08    2.4519349144e-08    2.9979497099e-08    6.7768053111e-07   -2.0903802389e-08    8.5371613930e-08    7.6229706861e-09    1.2438654756e-08
  27.2600000   -3.9274439677e-08    2.6433629218e-08    4.3219342086e-08    6.7810547649e-07   -2.0634471762e-08    8.2504683291e-08    7.6131355532e-09    1.2472852911e-08
  27.2700000   -4.2330499814e-08    2.8312430748e-08    5.6826156851e-08    6.7843560012e-07   -2.0363801545e-08    7.9570927893e-08    7.6018390374e-09    1.2506292148e-08
  27.2800000   -4.5127864432e-08    3.0087630165e-08    7.0586964213e-08    6.7868322347e-07   -2.0091522923e-08    7.6620579084e-08    7.5891673799e-09    1.2538928892e-08
  27.2900000   -4.7621149806e-08    3.1698953153e-08    8.4283819780e-08    6.7886097934e-07   -1.9816558849e-08    7.3704678042e-08    7.5752102459e-09    1.2570723460e-08
  27.3000000   -4.9766782551e-08    3.3096545139e-08    9.7697782774e-08    6.7898150779e-07   -1.9537106601e-08    7.0874095051e-08    7.5600580785e-09    1.2601638832e-08
  27.3100000   -5.1523646252e-08    3.4243087106e-08    1.1061285682e-07    6.7905713133e-07   -1.9250737980e-08    6.8178657047e-08    7.5438003689e-09    1.2631660572e-08
  27.3200000   -5.2853577763e-08    3.5115174499e-08    1.2281992143e-07    6.7909959901e-07   -1.8954491457e-08    6.5666145885e-08    7.5265296151e-09    1.2660780093e-08
  27.3300000   -5.3721889878e-08    3.5704185974e-08    1.3412053169e-07    6.7911983951e-07   -1.8644987337e-08    6.3381435250e-08    7.5083351046e-09    1.2688991644e-08
  27.3400000   -5.4097929431e-08    3.6016436928e-08    1.4433051068e-07    6.7912774680e-07   -1.8318585043e-08    6.1365639304e-08    7.4893047368e-09    1.2716306179e-08
  27.3500000   -5.3955561982e-08    3.6072607218e-08    1.5328329634e-07    6.7913201173e-07   -1.7971493648e-08    5.9655327791e-08    7.4695217755e-09    1.2742747467e-08
  27.3600000   -5.3273716964e-08    3.5906525107e-08    1.6083294123e-07    6.7913994783e-07   -1.7599920099e-08    5.8281820375e-08    7.4490759525e-09    1.2768337087e-08
  27.3700000   -5.2036981577e-08    3.5563395815e-08    1.6685676628e-07    6.7915747723e-07   -1.7200209902e-08    5.7270579127e-08    7.4280397978e-09    1.2793111780e-08
  27.3800000   -5.0236073974e-08    3.5097485766e-08    1.7125750296e-07    6.7918898555e-07   -1.6768973637e-08    5.6640729014e-08    7.4064969733e-09    1.2817118319e-08
  27.3900000   -4.7868469478e-08    3.4569401892e-08    1.7396503979e-07    6.7923738626e-07   -1.6303253402e-08    5.6404657436e-08    7.3845149874e-09    1.2840411017e-08
  27.4000000   -4.4938994231e-08    3.4043023657e-08    1.7493763749e-07    6.7930413355e-07   -1.5800589351e-08    5.6567796326e-08    7.3621612094e-09    1.2863050734e-08
  27.4100000   -4.1460288688e-08    3.3582425272e-08    1.7416259283e-07    6.7938928948e-07   -1.5259174896e-08    5.7128452578e-08    7.3395058232e-09    1.2885103319e-08
  27.4200000   -3.7453347130e-08    3.3248671599e-08    1.7165636353e-07    6.7949166138e-07   -1.4677928885e-08    5.8077874493e-08    7.3166009899e-09    1.2906643135e-08
  27.4300000   -3.2947894164e-08    3.3096733547e-08    1.6746420209e-07    6.7960894609e-07   -1.4056590291e-08    5.9400360171e-08    7.2935026752e-09    1.2927748263e-08
  27.4400000   -2.7982784534e-08    3.3172739218e-08    1.6165918187e-07    6.7973791603e-07   -1.3395759884e-08    6.1073574137e-08    7.2702663434e-09    1.2948504320e-08
  27.4500000   -2.2606061693e-08    3.3511544671e-08    1.5434076697e-07    6.7987461993e-07   -1.2696949643e-08    6.3068948143e-08    7.2469306865e-09    1.2968992677e-08
  27.4600000   -1.6874976338e-08    3.4134767479e-08    1.4563287020e-07    6.8001459710e-07   -1.1962604529e-08    6.5352207570e-08    7.2235368346e-09    1.2989306157e-08
  27.4700000   -1.0855764888e-08    3.5049458950e-08    1.3568149992e-07    6.8015313819e-07   -1.1196109459e-08    6.7884010303e-08    7.2001101793e-09    1.3009530360e-08
  27.4800000   -4.6231058702e-09    3.6247300970e-08    1.2465194961e-07    6.8028548354e-07   -1.0401751937e-08    7.0620702697e-08    7.1766944585e-09    1.3029760381e-08
  27.4900000    1.7406142914e-09    3.7704543449e-08    1.1272574167e-07    6.8040709792e-07   -9.5846971405e-09    7.3515124956e-08    7.1533098802e-09    1.3050085231e-08
  27.5000000    8.1464123526e-09    3.9382546922e-08    1.0009717485e-07    6.8051387421e-07   -8.7509198684e-09    7.6517515574e-08    7.1299784486e-09    1.3070597022e-08
  27.5100000    1.4500063304e-08    4.1228957353e-08    8.6969772473e-08    6.8060234907e-07   -7.9071227936e-09    7.9576451426e-08    7.1067172801e-09    1.3091379055e-08
  27.5200000    2.0703788134e-08    4.3179503155e-08    7.3552498611e-08    6.8066989323e-07   -7.0606540145e-09    8.2639819956e-08    7.0835427221e-09    1.3112517156e-08
  27.5300000    2.6658140680e-08    4.5160266890e-08    6.0055977795e-08    6.8071486955e-07   -6.2193928451e-09    8.5655811980e-08    7.0604696967e-09    1.3134093193e-08
  27.5400000    3.2264235231e-08    4.7090446363e-08    4.6688641420e-08    6.8073674039e-07   -5.3916337041e-09    8.8573885381e-08    7.0375067930e-09    1.3156182117e-08
  27.5500000    3.7426026496e-08    4.8885336372e-08    3.3653025878e-08    6.8073620218e-07   -4.5859648512e-09    9.1345742249e-08    7.0146617123e-09    1.3178849717e-08
  27.5600000    4.2052800959e-08    5.0459581419e-08    2.1142153152e-08    6.8071520502e-07   -3.8111194651e-09    9.3926232230e-08    6.9919410744e-09    1.3202166400e-08
  27.5700000    4.6061591779e-08    5.1730517190e-08    9.3361934264e-09    6.8067696855e-07   -3.0758479762e-09    9.6274198929e-08    6.9693546447e-09    1.3226183426e-08
  27.5800000    4.9379644563e-08    5.2621337743e-08   -1.6006734644e-09    6.8062595690e-07   -2.3887867402e-09    9.8353241475e-08    6.9469049480e-09    1.3250957109e-08
  27.5900000    5.1946580961e-08    5.3064218564e-08   -1.1522991096e-08    6.8056780383e-07   -1.7583100642e-09    1.0013239950e-07    6.9245963565e-09    1.3276519732e-08
  27.6000000    5.3716457450e-08    5.3003064818e-08   -2.0306422223e-08    6.8050919235e-07   -1.1924092778e-09    1.0158672623e-07    6.9024394729e-09    1.3302910267e-08
  27.6100000    5.4659413636e-08    5.2395830994e-08   -2.7849711757e-08    6.8045771615e-07   -6.9857910121e-10    1.0269771969e-07    6.8804392041e-09    1.3330152391e-08
  27.6200000    5.4762860329e-08    5.1216412755e-08   -3.4076162688e-08    6.8042168572e-07   -2.8368255058e-10    1.0345365618e-07    6.8586057678e-09    1.3358270372e-08
  27.6300000    5.4032258521e-08    4.9455926908e-08   -3.8934665870e-08    6.8040991100e-07    4.6138500642e-11    1.0384977313e-07    6.8369467311e-09    1.3387264288e-08
  27.6400000    5.2491291362e-08    4.7123382605e-08   -4.2400230697e-08    6.8043147128e-07    2.8554254782e-10    1.0388830795e-07    6.8154782621e-09    1.3417137789e-08
  27.6500000    5.0181439581e-08    4.4245756149e-08   -4.4473977129e-08    6.8049545613e-07    4.3006979055e-10    1.0357841811e-07    6.7942140657e-09    1.3447878549e-08
  27.6600000    4.7161090181e-08    4.0867316693e-08   -4.5182687004e-08    6.8061069342e-07    4.7618668057e-10    1.0293594843e-07    6.7731732444e-09    1.3479469484e-08
  27.6700000    4.3503928750e-08    3.7048523743e-08   -4.4577856634e-08    6.8078548258e-07    4.2135157726e-10    1.0198306951e-07    6.7523765069e-09    1.3511887799e-08
  27.6800000    3.9296891854e-08    3.2864198914e-08   -4.2734270700e-08    6.8102732071e-07    2.6399919550e-10    1.0074781241e-07    6.7318447534e-09    1.3545098732e-08
  27.6900000    3.4637639637e-08    2.8401287817e-08   -3.9748178109e-08    6.8134264336e-07    3.5658733609e-12    9.9263441965e-08    6.7116060028e-09    1.3579064553e-08
  27.7000000    2.9631585420e-08    2.3756151482e-08   -3.5735113670e-08    6.8173660638e-07   -3.5952312652e-10    9.7567776080e-08    6.6916921541e-09    1.3613736044e-08
  27.7100000    2.4388814064e-08    1.9031671141e-08   -3.0827332301e-08    6.8221283080e-07   -8.2387683757e-10    9.5702389458e-08    6.6721342942e-09    1.3649056827e-08
  27.7200000    1.9020623604e-08    1.4333982891e-08   -2.5171005721e-08    6.8277324784e-07   -1.3871916400e-09    9.3711756611e-08    6.6529710101e-09    1.3684977450e-08
  27.7300000    1.3636193955e-08    9.7692777784e-09   -1.8923201855e-08    6.8341795871e-07   -2.0462934099e-09    9.1642326453e-08    6.6342418962e-09    1.3721429873e-08
  27.7400000    8.3394049275e-09    5.4405861040e-09   -1.2248651456e-08    6.8414509830e-07   -2.7972148459e-09    8.9541589778e-08    6.6159889665e-09    1.3758346972e-08
  27.7500000    3.2256340559e-09    1.4446835852e-09   -5.3165072429e-09    6.8495080715e-07   -3.6352606315e-09    8.7457088579e-08    6.5982519732e-09    1.3795660793e-08
  27.7600000   -1.6207694215e-09   -2.1306469025e-09    1.7029742820e-09    6.8582921096e-07   -4.5550809100e-09    8.5435471510e-08    6.5810809762e-09    1.3833302156e-08
  27.7700000   -6.1288374282e-09   -5.2090742771e-09    8.6417468319e-09    6.8677247971e-07   -5.5507698001e-09    8.3521540753e-08    6.5645238154e-09    1.3871193986e-08
  27.7800000   -1.0242526871e-08   -7.7277197216e-09    1.5337086967e-08    6.8777089198e-07   -6.6159442245e-09    8.1757355320e-08    6.5486282043e-09    1.3909265066e-08
  27.7900000   -1.3921916196e-08   -9.6386418093e-09    2.1634679398e-08    6.8881301572e-07   -7.7438411940e-09    8.0181393556e-08    6.5334517238e-09    1.3947440102e-08
  27.8000000   -1.7143533035e-08   -1.0909775660e-08    2.7391373506e-08    6.8988588959e-07   -8.9273884432e-09    7.8827797700e-08    6.5190433242e-09    1.3985650052e-08
  27.8100000   -1.9900181699e-08   -1.1525310165e-08    3.2477728852e-08    6.9097524543e-07   -1.0159295684e-08    7.7725682683e-08    6.5054516656e-09    1.4023822792e-08
  27.8200000   -2.2200058547e-08   -1.1485509498e-08    3.6780247381e-08    6.9206583155e-07   -1.1432130041e-08    7.6898600663e-08    6.4927304661e-09    1.4061897340e-08
  27.8300000   -2.4065255551e-08   -1.0805991662e-08    4.0203247299e-08    6.9314170152e-07   -1.2738376319e-08    7.6364079475e-08    6.4809284969e-09    1.4099805654e-08
  27.8400000   -2.5529852673e-08   -9.5165233104e-09    4.2670359462e-08    6.9418657889e-07   -1.4070508123e-08    7.6133303558e-08    6.4700940245e-09    1.4137493061e-08
  27.8500000   -2.6637423464e-08   -7.6594011573e-09    4.4125618861e-08    6.9518421609e-07   -1.5421026578e-08    7.6210926016e-08    6.4602794515e-09    1.4174902906e-08
  27.8600000   -2.7438452029e-08   -5.2874253196e-09    4.4534173814e-08    6.9611879176e-07   -1.6782501450e-08    7.6595033578e-08    6.4515254009e-09    1.4211990695e-08
  27.8700000   -2.7987305825e-08   -2.4617081323e-09    4.3882514847e-08    6.9697531038e-07   -1.8147618146e-08    7.7277213512e-08    6.4438721973e-09    1.4248715404e-08
  27.8800000   -2.8339311828e-08    7.5066467132e-10    4.2178379218e-08    6.9773997167e-07   -1.9509166333e-08    7.8242780953e-08    6.4373587397e-09    1.4285045213e-08
  27.8900000   -2.8547936863e-08    4.2791917724e-09    3.9450133309e-08    6.9840053904e-07   -2.0860076157e-08    7.9471135451e-08    6.4320190190e-09    1.4320948866e-08
  27.9000000   -2.8662031874e-08    8.0522058485e-09    3.5745874805e-08    6.9894671909e-07   -2.2193389352e-08    8.0936219463e-08    6.4278812189e-09    1.4356407915e-08
  27.9100000   -2.8723444930e-08    1.1999152954e-08    3.1132127704e-08    6.9937046472e-07   -2.3502284707e-08    8.2607111227e-08    6.4249699635e-09    1.4391414334e-08
  27.9200000   -2.8765066348e-08    1.6052507498e-08    2.5692206141e-08    6.9966626259e-07   -2.4780032173e-08    8.4448700757e-08    6.4233065868e-09    1.4425961970e-08
  27.9300000   -2.8809360744e-08    2.0149497411e-08    1.9524308549e-08    6.9983136882e-07   -2.6020005829e-08    8.6422471091e-08    6.4229017303e-09    1.4460060494e-08
  27.9400000   -2.8867395022e-08    2.4233333488e-08    1.2739357286e-08    6.9986599446e-07   -2.7215618177e-08    8.8487313063e-08    6.4237646264e-09    1.4493716446e-08
  27.9500000   -2.8938484366e-08    2.8254081239e-08    5.4586620925e-09    6.9977342841e-07   -2.8360338937e-08    9.0600428031e-08    6.4258998606e-09    1.4526952147e-08
  27.9600000   -2.9010353990e-08    3.2169062917e-08   -2.1886058288e-09    6.9956008663e-07   -2.9447641931e-08    9.2718229589e-08    6.4292964321e-09    1.4559794220e-08
  27.9700000   -2.9059915097e-08    3.5942908705e-08   -1.0067983909e-08    6.9923551936e-07   -3.0471005175e-08    9.4797284357e-08    6.4339481791e-09    1.4592281484e-08
  27.9800000   -2.9054523513e-08    3.9547091726e-08   -1.8042363996e-08    6.9881232601e-07   -3.1423884987e-08    9.6795244017e-08    6.4398357341e-09    1.4624448440e-08
  27.9900000   -2.8953698869e-08    4.2959192617e-08   -2.5974606674e-08    6.9830600432e-07   -3.2299722674e-08    9.8671702179e-08    6.4469397026e-09    1.4656346865e-08
  28.0000000   -2.8711179559e-08    4.6161789181e-08   -3.3730094723e-08    6.9773474967e-07   -3.3091926138e-08    1.0038909216e-07    6.4552197162e-09    1.4688034996e-08
  28.0100000   -2.8277276342e-08    4.9141274968e-08   -4.1179220238e-08    6.9711916994e-07   -3.3793903159e-08    1.0191344424e-07    6.4646491796e-09    1.4719563948e-08
  28.0200000   -2.7601369805e-08    5.1886293685e-08   -4.8199634042e-08    6.9648193764e-07   -3.4399082978e-08    1.0321509707e-07    6.4751816659e-09    1.4751003361e-08
  28.0300000   -2.6634486758e-08    5.4386376132e-08   -5.4678372120e-08    6.9584741198e-07   -3.4900938822e-08    1.0426930781e-07    6.4867660232e-09    1.4782420280e-08
  28.0400000   -2.5331817575e-08    5.6630528467e-08   -6.0513723613e-08    6.9524117803e-07   -3.5293062086e-08    1.0505677071e-07    6.4993500982e-09    1.4813881015e-08
  28.0500000   -2.3655078699e-08    5.8605985809e-08   -6.5616830390e-08    6.9468957237e-07   -3.5569219708e-08    1.0556399120e-07    6.5128757533e-09    1.4845463330e-08
  28.0600000   -2.1574677967e-08    6.0297257678e-08   -6.9913009426e-08    6.9421918266e-07   -3.5723442390e-08    1.0578352729e-07    6.5272780186e-09    1.4877238606e-08
  28.0700000   -1.9071557854e-08    6.1685376710e-08   -7.3342772878e-08    6.9385628531e-07   -3.5750089568e-08    1.0571416204e-07    6.5424873444e-09    1.4909286769e-08
  28.0800000   -1.6138591278e-08    6.2747695531e-08   -7.5862537330e-08    6.9362633503e-07   -3.5644006206e-08    1.0536085808e-07    6.5584355778e-09    1.4941680016e-08
  28.0900000   -1.2781680167e-08    6.3457871734e-08   -7.7445006242e-08    6.9355338804e-07   -3.5400587545e-08    1.0473463999e-07    6.5750417390e-09    1.4974491776e-08
  28.1000000   -9.0202733602e-09    6.3786574797e-08   -7.8079228238e-08    6.9365960670e-07   -3.5015938568e-08    1.0385232345e-07    6.5922321023e-09    1.5007795026e-08
  28.1100000   -4.8875495402e-09    6.3702363175e-08   -7.7770376333e-08    6.9396474816e-07   -3.4486980872e-08    1.0273612568e-07    6.6099198722e-09    1.5041658432e-08
  28.1200000   -4.3000179156e-10    6.3173099622e-08   -7.6539183920e-08    6.9448566916e-07   -3.3811606581e-08    1.0141314156e-07    6.6280240773e-09    1.5076149177e-08
  28.1300000    4.2933007986e-09    6.2167645323e-08   -7.4421172205e-08    6.9523594063e-07   -3.2988805975e-08    9.9914757356e-08    6.6464609904e-09    1.5111325472e-08
  28.1400000    9.2118923298e-09    6.0657921091e-08   -7.1465559421e-08    6.9622545271e-07   -3.2018791874e-08    9.8275933872e-08    6.6651458036e-09    1.5147249643e-08
  28.1500000    1.4245500164e-08    5.8621062726e-08   -6.7733978342e-08    6.9746014895e-07   -3.0903133900e-08    9.6534432591e-08    6.6839962837e-09    1.5183967053e-08
  28.1600000    1.9305860952e-08    5.6041668715e-08   -6.3299035653e-08    6.9894174646e-07   -2.9644869015e-08    9.4729977631e-08    6.7029282281e-09    1.5221529283e-08
  28.1700000    2.4298791332e-08    5.2914026068e-08   -5.8242658070e-08    7.0066764239e-07   -2.8248608822e-08    9.2903389786e-08    6.7218533321e-09    1.5259966927e-08
  28.1800000    2.9126439125e-08    4.9244182135e-08   -5.2654343167e-08    7.0263077505e-07   -2.6720608580e-08    9.1095687464e-08    6.7406973912e-09    1.5299319540e-08
  28.1900000    3.3689719615e-08    4.5051683453e-08   -4.6629374082e-08    7.0481971823e-07   -2.5068848317e-08    8.9347177090e-08    6.7593779680e-09    1.5339601354e-08
  28.2000000    3.7890634043e-08    4.0370986173e-08   -4.0266902827e-08    7.0721871571e-07   -2.3303070643e-08    8.7696586418e-08    6.7778229518e-09    1.5380830981e-08
  28.2100000    4.1634682303e-08    3.5252365222e-08   -3.3668136951e-08    7.0980792698e-07   -2.1434785513e-08    8.6180224121e-08    6.7959562338e-09    1.5423018309e-08
  28.2200000    4.4833186912e-08    2.9762136428e-08   -2.6934461547e-08    7.1256366044e-07   -1.9477248973e-08    8.4831171297e-08    6.8137055339e-09    1.5466159071e-08
  28.2300000    4.7405395145e-08    2.3982471386e-08   -2.0165677176e-08    7.1545874380e-07   -1.7445449396e-08    8.3678605696e-08    6.8310112109e-09    1.5510244345e-08
  28.2400000    4.9280489398e-08    1.8010264946e-08   -1.3458351870e-08    7.1846296960e-07   -1.5355998091e-08    8.2747128892e-08    6.8478121392e-09    1.5555252704e-08
  28.2500000    5.0399238479e-08    1.1955545213e-08   -6.9042429136e-09    7.2154354593e-07   -1.3227028131e-08    8.2056289338e-08    6.8640470119e-09    1.5601160948e-08
  28.2600000    5.0715527488e-08    5.9391440782e-09   -5.8893684623e-10    7.2466567037e-07   -1.1078074041e-08    8.1620129048e-08    6.8796732047e-09    1.5647933911e-08
  28.2700000    5.0197429109e-08    8.9744481634e-11    5.4094083469e-09    7.2779313526e-07   -8.9298512529e-09    8.1446924444e-08    6.8946380781e-09    1.5695530712e-08
  28.2800000    4.8828040999e-08   -5.4594682747e-09    1.1021060884e-08    7.3088894627e-07   -6.8041037312e-09    8.1539014638e-08    6.9089040639e-09    1.5743898027e-08
  28.2900000    4.6606028851e-08   -1.0574703250e-08    1.6185594214e-08    7.3391597844e-07   -4.7233340341e-09    8.1892775580e-08    6.9224375580e-09    1.5792978390e-08
  28.3000000    4.3545653278e-08   -1.5125621593e-08    2.0852486830e-08    7.3683766532e-07   -2.7105494143e-09    8.2498719964e-08    6.9352062307e-09    1.5842702981e-08
  28.3100000    3.9676605416e-08   -1.8989525216e-08    2.4981542394e-08    7.3961862063e-07   -7.8898355893e-10    8.3341751436e-08    6.9471912548e-09    1.5893007641e-08
  28.3200000    3.5043442036e-08   -2.2055524056e-08    2.8543134072e-08    7.4222530289e-07    1.0182079880e-09    8.4401497952e-08    6.9583726989e-09    1.5943810039e-08
  28.3300000    2.9704719036e-08   -2.4228530092e-08    3.1518198500e-08    7.4462665893e-07    2.6882580857e-09    8.5652805845e-08    6.9687358759e-09    1.5995034136e-08
  28.3400000    2.3731765457e-08   -2.5432728095e-08    3.3898068632e-08    7.4679466289e-07    4.1991206365e-09    8.7066331678e-08    6.9782838583e-09    1.6046586952e-08
  28.3500000    1.7207201083e-08   -2.5614759650e-08    3.5684131390e-08    7.4870484827e-07    5.5297935212e-09    8.8609195998e-08    6.9870027128e-09    1.6098389734e-08
  28.3600000    1.0223307553e-08   -2.4745989819e-08    3.6887310542e-08    7.5033677587e-07    6.6606542604e-09    9.0245789542e-08    6.9949027761e-09    1.6150338562e-08
  28.3700000    2.8800530367e-09   -2.2824207270e-08    3.7527404008e-08    7.5167440021e-07    7.5737851141e-09    9.1938547892e-08    7.0019917196e-09    1.6202346529e-08
  28.3800000   -4.7170455807e-09   -1.9874374891e-08    3.7632335964e-08    7.5270639211e-07    8.2532650263e-09    9.3648831847e-08    7.0082844025e-09    1.6254315640e-08
  28.3900000   -1.2458946972e-08   -1.5948459982e-08    3.7237253132e-08    7.5342632980e-07    8.6854595129e-09    9.5337838501e-08    7.0137947916e-09    1.6306148924e-08
  28.4000000   -2.0235429333e-08   -1.1124387243e-08    3.6383623098e-08    7.5383281859e-07    8.8592936414e-09    9.6967471549e-08    7.0185463797e-09    1.6357749904e-08
  28.4100000   -2.7937305897e-08   -5.5041251768e-09    3.5118186528e-08    7.5392952231e-07    8.7664717898e-09    9.8501244081e-08    7.0225729872e-09    1.6409023301e-08
  28.4200000   -3.5458623756e-08    7.8920484159e-10    3.3491947219e-08    7.5372508717e-07    8.4016905153e-09    9.9905127682e-08    7.0258940391e-09    1.6459882740e-08
  28.4300000   -4.2698597558e-08    7.6147365760e-09    3.1559135475e-08    7.5323296400e-07    7.7627661664e-09    1.0114833428e-07    7.0285474626e-09    1.6510234566e-08
  28.4400000   -4.9563632535e-08    1.4818120002e-08    2.9376173500e-08    7.5247113903e-07    6.8507731083e-09    1.0220405394e-07    7.0305687026e-09    1.6559991730e-08
  28.4500000   -5.5968903032e-08    2.2236045103e-08    2.7000672959e-08    7.5146180314e-07    5.6700906570e-09    1.0305011025e-07    7.0319987630e-09    1.6609071197e-08
  28.4600000   -6.1839881615e-08    2.9701201982e-08    2.4490486651e-08    7.5023089286e-07    4.2284239145e-09    1.0366946559e-07    7.0328747504e-09    1.6657401282e-08
  28.4700000   -6.7113283098e-08    3.7047253441e-08    2.1902825142e-08    7.4880761095e-07    2.5367551165e-09    1.0405067068e-07    7.0332446167e-09    1.6704905547e-08
  28.4800000   -7.1737965129e-08    4.4113781450e-08    1.9293419709e-08    7.4722384387e-07    6.0926569049e-10    1.0418817066e-07    7.0331511710e-09    1.6751519005e-08
  28.4900000   -7.5675327262e-08    5.0750945077e-08    1.6715803523e-08    7.4551354628e-07   -1.5368106093e-09    1.0408243656e-07    7.0326386173e-09    1.6797178899e-08
  28.5000000   -7.8899400417e-08    5.6823678861e-08    1.4220675694e-08    7.4371208839e-07   -3.8813857619e-09    1.0374005355e-07    7.0317595183e-09    1.6841837491e-08
  28.5100000   -8.1396624437e-08    6.2215343212e-08    1.1855308212e-08    7.4185557074e-07   -6.4017612967e-09    1.0317358226e-07    7.0305637432e-09    1.6885446310e-08
  28.5200000   -8.3165237751e-08    6.6830600935e-08    9.6631134088e-09    7.3998014331e-07   -9.0729044436e-09    1.0240133241e-07    7.0291030273e-09    1.6927972706e-08
  28.5300000   -8.4214455333e-08    7.0597479976e-08    7.6832711694e-09    7.3812133740e-07   -1.1867788731e-08    1.0144699693e-07    7.0274170548e-09    1.6969379579e-08
  28.5400000   -8.4563265435e-08    7.3468608580e-08    5.9504434186e-09    7.3631333821e-07   -1.4757745736e-08    1.0033914670e-07    7.0255679379e-09    1.7009656517e-08
  28.5500000   -8.4239159042e-08    7.5421466050e-08    4.4945759520e-09    7.3458840840e-07   -1.7712872592e-08    9.9110651561e-08    7.0236008405e-09    1.7048777513e-08
  28.5600000   -8.3276543803e-08    7.6457778623e-08    3.3407901854e-09    7.3297626868e-07   -2.0702450299e-08    9.7797955246e-08    7.0215702501e-09    1.7086745809e-08
  28.5700000   -8.1715226743e-08    7.6602104869e-08    2.5093171740e-09    7.3150356059e-07   -2.3695370587e-08    9.6440269957e-08    7.0195297063e-09    1.7123559510e-08
  28.5800000   -7.9598701008e-08    7.5899646552e-08    2.0155153159e-09    7.3019338511e-07   -2.6660595803e-08    9.5078749165e-08    7.0175307903e-09    1.7159230847e-08
  28.5900000   -7.6972552283e-08    7.4413425348e-08    1.8699384289e-09    7.2906491055e-07   -2.9567591566e-08    9.3755535777e-08    7.0156284472e-09    1.7193778937e-08
  28.6000000   -7.3882884967e-08    7.2220925795e-08    2.0784129827e-09    7.2813305579e-07   -3.2386783409e-08    9.2512854106e-08    7.0138698447e-09    1.7227229099e-08
  28.6100000   -7.0374932593e-08    6.9410543629e-08    2.6421977017e-09    7.2740830580e-07   -3.5089968557e-08    9.1392032925e-08    7.0123045953e-09    1.7259611256e-08
  28.6200000   -6.6491776880e-08    6.6077678347e-08    3.5581334269e-09    7.2689654573e-07   -3.7650732459e-08    9.0432548115e-08    7.0109862456e-09    1.7290970336e-08
  28.6300000   -6.2273390960e-08    6.2321063709e-08    4.8187957255e-09    7.2659907706e-07   -4.0044830554e-08    8.9671130186e-08    7.0099647131e-09    1.7321348438e-08
  28.6400000   -5.7755893636e-08    5.8239075562e-08    6.4127067246e-09    7.2651268536e-07   -4.2250528738e-08    8.9140894717e-08    7.0092911128e-09    1.7350796643e-08
  28.6500000   -5.2970975704e-08    5.3926465726e-08    8.3244960549e-09    7.2662979411e-07   -4.4248885621e-08    8.8870523953e-08    7.0090156186e-09    1.7379376909e-08
  28.6600000   -4.7945764660e-08    4.9471533267e-08    1.0535105287e-08    7.2693873828e-07   -4.6024040525e-08    8.8883576880e-08    7.0091888057e-09    1.7407147733e-08
  28.6700000   -4.2702763546e-08    4.4953851912e-08    1.3021950822e-08    7.2742412715e-07   -4.7563364390e-08    8.9197867226e-08    7.0098594925e-09    1.7434173010e-08
  28.6800000   -3.7260257635e-08    4.0442642345e-08    1.5759107113e-08    7.2806724005e-07   -4.8857650252e-08    8.9824990056e-08    7.0110755760e-09    1.7460526993e-08
  28.6900000   -3.1632790250e-08    3.5995792103e-08    1.8717489949e-08    7.2884654570e-07   -4.9901158990e-08    9.0769945023e-08    7.0128846898e-09    1.7486281370e-08
  28.7000000   -2.5831911069e-08    3.1659560111e-08    2.1865028759e-08    7.2973821939e-07   -5.0691671642e-08    9.2030898907e-08    7.0153332850e-09    1.7511508123e-08
  28.7100000   -1.9866988527e-08    2.7468932930e-08    2.5166838152e-08    7.3071678738e-07   -5.1230424119e-08    9.3599131327e-08    7.0184698436e-09    1.7536289543e-08
  28.7200000   -1.3746249261e-08    2.3448557547e-08    2.8585413378e-08    7.3175568894e-07   -5.1522029688e-08    9.5459073101e-08    7.0223380691e-09    1.7560699720e-08
  28.7300000   -7.4777732000e-09    1.9614164388e-08    3.2080841258e-08    7.3282797656e-07   -5.1574312939e-08    9.7588520513e-08    7.0269842995e-09    1.7584808264e-08
  28.7400000   -1.0705786854e-09    1.5974417077e-08    3.5610983499e-08    7.3390692589e-07   -5.1398086935e-08    9.9958983213e-08    7.0324535491e-09    1.7608705927e-08
  28.7500000    5.4643850151e-09    1.2532918548e-08    3.9131749780e-08    7.3496667089e-07   -5.1006904322e-08    1.0253618743e-07    7.0387856496e-09    1.7632462301e-08
  28.7600000    1.2113320586e-08    9.2904818550e-09    4.2597380492e-08    7.3598284378e-07   -5.0416736324e-08    1.0528064424e-07    7.0460264877e-09    1.7656152270e-08
  28.7700000    1.8858758655e-08    6.2472040979e-09    4.5960754623e-08    7.3693311719e-07   -4.9645613184e-08    1.0814842665e-07    7.0542122541e-09    1.7679853995e-08
  28.7800000    2.5678829185e-08    3.4045617418e-09    4.9173742604e-08    7.3779774311e-07   -4.8713255910e-08    1.1109197557e-07    7.0633814715e-09    1.7703630617e-08
  28.7900000    3.2546859137e-08    7.6710023247e-10    5.2187630552e-08    7.3855999506e-07   -4.7640639499e-08    1.1406100085e-07    7.0735694235e-09    1.7727551250e-08
  28.8000000    3.9430950568e-08   -1.6561770979e-09    5.4953564703e-08    7.3920657404e-07   -4.6449594448e-08    1.1700349598e-07    7.0848128604e-09    1.7751681205e-08
  28.8100000    4.6293844414e-08   -3.8509240791e-09    5.7423072331e-08    7.3972790336e-07   -4.5162336822e-08    1.1986672345e-07    7.0971391088e-09    1.7776076583e-08
  28.8200000    5.3092990194e-08   -5.7970201777e-09    5.9548637252e-08    7.4011833229e-07   -4.3801064175e-08    1.2259829300e-07    7.1105785122e-09    1.7800795966e-08
  28.8300000    5.9780783577e-08   -7.4687751699e-09    6.1284272893e-08    7.4037630219e-07   -4.2387486763e-08    1.2514719829e-07    7.1251530805e-09    1.7825884423e-08
  28.8400000    6.6304868356e-08   -8.8355885479e-09    6.2586228025e-08    7.4050432886e-07   -4.0942442167e-08    1.2746487944e-07    7.1408859999e-09    1.7851390130e-08
  28.8500000    7.2608718316e-08   -9.8630742844e-09    6.3413646497e-08    7.4050897180e-07   -3.9485487209e-08    1.2950619622e-07    7.1577952496e-09    1.7877350651e-08
  28.8600000    7.8632200451e-08   -1.0514744703e-08    6.3729309860e-08    7.4040066375e-07   -3.8034553593e-08    1.3123037640e-07    7.1758940755e-09    1.7903801344e-08
  28.8700000    8.4312351070e-08   -1.0753910214e-08    6.3500363090e-08    7.4019346240e-07   -3.6605634239e-08    1.3260189506e-07    7.1951971054e-09    1.7930772460e-08
  28.8800000    8.9584174754e-08   -1.0545840787e-08    6.2699080529e-08    7.3990471634e-07   -3.5212504909e-08    1.3359122232e-07    7.2157000649e-09    1.7958281198e-08
  28.8900000    9.4381410235e-08   -9.8601779468e-09    6.1303579519e-08    7.3955466431e-07   -3.3866527256e-08    1.3417547193e-07    7.2374064353e-09    1.7986350827e-08
  28.9000000    9.8637551353e-08   -8.6731092155e-09    5.9298561182e-08    7.3916593814e-07   -3.2576456209e-08    1.3433895001e-07    7.2603114171e-09    1.8014991948e-08
  28.9100000    1.0228655084e-07   -6.9696563491e-09    5.6675969674e-08    7.3876304138e-07   -3.1348372401e-08    1.3407351525e-07    7.2844047344e-09    1.8044213525e-08
  28.9200000    1.0526385557e-07   -4.7455171967e-09    5.3435580339e-08    7.3837175687e-07   -3.0185618416e-08    1.3337886325e-07    7.3096660939e-09    1.8074015314e-08
  28.9300000    1.0750723789e-07   -2.0086588772e-09    4.9585565713e-08    7.3801854371e-07   -2.9088855239e-08    1.3226258132e-07    7.3360771497e-09    1.8104393472e-08
  28.9400000    1.0895763005e-07    1.2195928881e-09    4.5142912636e-08    7.3772991824e-07   -2.8056121092e-08    1.3074011207e-07    7.3635989507e-09    1.8135339636e-08
  28.9500000    1.0956007416e-07    4.9039938383e-09    4.0133752863e-08    7.3753177413e-07   -2.7082979679e-08    1.2883453062e-07    7.3921991579e-09    1.8166839900e-08
  28.9600000    1.0926450349e-07    8.9953322422e-09    3.4593551207e-08    7.3744879932e-07   -2.6162732277e-08    1.2657618811e-07    7.4218398101e-09    1.8198878039e-08
  28.9700000    1.0802665969e-07    1.3431089175e-08    2.8567154371e-08    7.3750384180e-07   -2.5286684755e-08    1.2400220088e-07    7.4524671740e-09    1.8231431710e-08
  28.9800000    1.0580891959e-07    1.8136586976e-08    2.2108706004e-08    7.3771736997e-07   -2.4444434358e-08    1.2115583280e-07    7.4840234420e-09    1.8264477935e-08
  28.9900000    1.0258117150e-07    2.3026682894e-08    1.5281371452e-08    7.3810693746e-07   -2.3624227394e-08    1.1808569968e-07    7.5164491700e-09    1.8297989506e-08
  29.0000000    9.8321646623e-08    2.8008049406e-08    8.1568803169e-09    7.3868672890e-07   -2.2813313264e-08    1.1484494796e-07    7.5496715898e-09    1.8331935511e-08
  29.0100000    9.3017843997e-08    3.2981742637e-08    8.1494278587e-10    7.3946720693e-07   -2.1998389446e-08    1.1149027687e-07    7.5836159953e-09    1.8366281302e-08
  29.0200000    8.6667395398e-08    3.7846072039e-08   -6.6575675597e-09    7.4045476034e-07   -2.1165982935e-08    1.0808092431e-07    7.6181988836e-09    1.8400994884e-08
  29.0300000    7.9278865960e-08    4.2499838461e-08   -1.4167564315e-08    7.4165152302e-07   -2.0302919446e-08    1.0467759448e-07    7.6533328647e-09    1.8436035898e-08
  29.0400000    7.0872680411e-08    4.6845309303e-08   -2.1616865624e-08    7.4305523790e-07   -1.9396694101e-08    1.0134133293e-07    7.6889238829e-09    1.8471371087e-08
  29.0500000    6.1481784404e-08    5.0791448869e-08   -2.8903497345e-08    7.4465925595e-07   -1.8435955565e-08    9.8132450677e-08    7.7248681364e-09    1.8506958612e-08
  29.0600000    5.1152450719e-08    5.4256677243e-08   -3.5923083269e-08    7.4645255517e-07   -1.7410853667e-08    9.5109403777e-08    7.7610598537e-09    1.8542762237e-08
  29.0700000    3.9944767359e-08    5.7171578973e-08   -4.2570380502e-08    7.4841993279e-07   -1.6313426041e-08    9.2327703179e-08    7.7973894511e-09    1.8578748068e-08
  29.0800000    2.7933226927e-08    5.9480961408e-08   -4.8740943549e-08    7.5054226402e-07   -1.5137931191e-08    8.9838951562e-08    7.8337401964e-09    1.8614866872e-08
  29.0900000    1.5206838559e-08    6.1145593647e-08   -5.4332779790e-08    7.5279684143e-07   -1.3881124266e-08    8.7689864774e-08    7.8699966528e-09    1.8651090295e-08
  29.1000000    1.8693317287e-09    6.2143221282e-08   -5.9248141348e-08    7.5515776898e-07   -1.2542501841e-08    8.5921437758e-08    7.9060328776e-09    1.8687379761e-08
  29.1100000   -1.1961086381e-08    6.2469178464e-08   -6.3395232883e-08    7.5759647682e-07   -1.1124486761e-08    8.4568208682e-08    7.9417287519e-09    1.8723702639e-08
  29.1200000   -2.6152209531e-08    6.2136189835e-08   -6.6689995242e-08    7.6008225133e-07   -9.6325178646e-09    8.3657628529e-08    7.9769574610e-09    1.8760023586e-08
  29.1300000   -6.1489371032e-08    5.9224236903e-08   -6.9057755553e-08    7.6258285030e-07   -8.0751212720e-09    8.3209592586e-08    8.0115885546e-09    1.8796315805e-08
  29.1400000   -7.6381668418e-08    6.2101537105e-08   -7.0434846717e-08    7.6506509867e-07   -6.4638991207e-09    8.3236055766e-08    8.0454977167e-09    1.8832546117e-08
  29.1500000   -9.0569631606e-08    6.4732510489e-08   -7.0770065848e-08    7.6749558520e-07   -4.8134379031e-09    8.3740880725e-08    8.0785536734e-09    1.8868695197e-08
  29.1600000   -1.0389942645e-07    6.7144099137e-08   -7.0026019952e-08    7.6984126795e-07   -3.1411568239e-09    8.4719744813e-08    8.1106300008e-09    1.8904737215e-08
  29.1700000   -1.1622073748e-07    6.9366248583e-08   -6.8180262833e-08    7.7207018605e-07   -1.4670994317e-09    8.6160266534e-08    8.1416091708e-09    1.8940649664e-08
  29.1800000   -1.2738771409e-07    7.1430199468e-08   -6.5226239388e-08    7.7415201486e-07    1.8635556484e-10    8.8042234303e-08    8.1713655450e-09    1.8976417891e-08
  29.1900000   -1.3726027625e-07    7.3366836618e-08   -6.1173955426e-08    7.7605872930e-07    1.7948007600e-09    9.0338005974e-08    8.1997798530e-09    1.9012026786e-08
  29.2000000   -1.4570548563e-07    7.5204996073e-08   -5.6050432514e-08    7.7776511595e-07    3.3322322295e-09    9.3013016910e-08    8.2267382096e-09    1.9047466890e-08
  29.2100000   -1.5259945698e-07    7.6970142059e-08   -4.9899880778e-08    7.7924927106e-07    4.7714204032e-09    9.6026432966e-08    8.2521401618e-09    1.9082728442e-08
  29.2200000   -1.5782930093e-07    7.8683001085e-08   -4.2783558311e-08    7.8049300273e-07    6.0844160040e-09    9.9331892396e-08    8.2758746419e-09    1.9117803810e-08
  29.2300000   -1.6129537921e-07    8.0358582006e-08   -3.4779352833e-08    7.8148222061e-07    7.2430399267e-09    1.0287836384e-07    8.2978547934e-09    1.9152693591e-08
  29.2400000   -1.6291378099e-07    8.2005449544e-08   -2.5981073477e-08    7.8220714380e-07    8.2193699759e-09    1.0661104310e-07    8.3179896841e-09    1.9187398709e-08
  29.2500000   -1.6261875888e-07    8.3625330059e-08   -1.6497432959e-08    7.8266249448e-07    8.9862953588e-09    1.1047236658e-07    8.3361985656e-09    1.9221918522e-08
  29.2600000   -1.6036525371e-07    8.5212847914e-08   -6.4507272770e-09    7.8284756386e-07    9.5180082138e-09    1.1440303621e-07    8.3524162739e-09    1.9256262111e-08
  29.2700000   -1.5613135862e-07    8.6755804118e-08    4.0246904403e-09    7.8276620791e-07    9.7905236554e-09    1.1834303482e-07    8.3665811655e-09    1.9290440518e-08
  29.2800000   -1.4992048854e-07    8.8235498556e-08    1.4784273255e-08    7.8242669983e-07    9.7821832806e-09    1.2223268798e-07    8.3786433201e-09    1.9324455403e-08
  29.2900000   -1.4176331298e-07    8.9627550492e-08    2.5675310746e-08    7.8184157646e-07    9.4740778330e-09    1.2601373088e-07    8.3885666891e-09    1.9358327929e-08
  29.3000000   -1.3171923136e-07    9.0902708175e-08    3.6539169169e-08    7.8102732087e-07    8.8505146940e-09    1.2963024538e-07    8.3963250377e-09    1.9392073169e-08
  29.3100000   -1.1987748697e-07    9.2027981485e-08    4.7213703264e-08    7.8000400083e-07    7.8993520642e-09    1.3302963327e-07    8.4019005200e-09    1.9425706870e-08
  29.3200000   -1.0635742170e-07    9.2967929768e-08    5.7535771284e-08    7.7879481895e-07    6.6123389405e-09    1.3616350572e-07    8.4052893545e-09    1.9459245817e-08
  29.3300000   -9.1308311244e-08    9.3685941114e-08    6.7343841620e-08    7.7742566547e-07    4.9853581686e-09    1.3898842390e-07    8.4065011311e-09    1.9492718295e-08
  29.3400000   -7.4908413531e-08    9.4145633758e-08    7.6480635202e-08    7.7592450299e-07    3.0186360946e-09    1.4146662100e-07    8.4055572484e-09    1.9526136789e-08
  29.3500000   -5.7363206736e-08    9.4312260645e-08    8.4795765397e-08    7.7432084670e-07    7.1686222043e-10    1.4356657119e-07    8.4024980240e-09    1.9559529241e-08
  29.3600000   -3.8903083118e-08    9.4153938378e-08    9.2148279536e-08    7.7264514409e-07   -1.9107584192e-09    1.4526345645e-07    8.3973724344e-09    1.9592919966e-08
  29.3700000   -1.9780041696e-08    9.3642882939e-08    9.8409162453e-08    7.7092813152e-07   -4.8505447671e-09    1.4653949131e-07    8.3902390575e-09    1.9626332736e-08
  29.3800000   -2.6400666845e-10    9.2756535305e-08    1.0346363120e-07    7.6920025940e-07   -8.0844146916e-09    1.4738414426e-07    8.3811616271e-09    1.9659792377e-08
  29.3900000    1.9361571567e-08    9.1478372413e-08    1.0721326936e-07    7.6749108284e-07   -1.1590052150e-08    1.4779420574e-07    8.3702303811e-09    1.9693326482e-08
  29.4000000    3.8804661785e-08    8.9798659801e-08    1.0957793143e-07    7.6582871488e-07   -1.5341159548e-08    1.4777373089e-07    8.3575394466e-09    1.9726958256e-08
  29.4100000    5.7769874547e-08    8.7714888308e-08    1.1049731958e-07    7.6423927435e-07   -1.9307739728e-08    1.4733388138e-07    8.3431953141e-09    1.9760721853e-08
  29.4200000    7.5963945937e-08    8.5232088032e-08    1.0993234836e-07    7.6274644520e-07   -2.3456463259e-08    1.4649259612e-07    8.3273189725e-09    1.9794634611e-08
  29.4300000    9.3101406957e-08    8.2362849313e-08    1.0786607729e-07    7.6137104876e-07   -2.7751096771e-08    1.4527420041e-07    8.3100453510e-09    1.9828728628e-08
  29.4400000    1.0891013903e-07    7.9127092429e-08    1.0430437708e-07    7.6013072532e-07   -3.2152950188e-08    1.4370889203e-07    8.2915173890e-09    1.9863029241e-08
  29.4500000    1.2313676272e-07    7.5551769642e-08    9.9276144910e-08    7.5903967570e-07   -3.6621369199e-08    1.4183211431e-07    8.2718809307e-09    1.9897557791e-08
  29.4600000    1.3555170576e-07    7.1670181662e-08    9.2833185157e-08    7.5810846090e-07   -4.1114286790e-08    1.3968388163e-07    8.2512924363e-09    1.9932343749e-08
  29.4700000    1.4595382748e-07    6.7521317140e-08    8.5049705232e-08    7.5734394689e-07   -4.5588755578e-08    1.3730800327e-07    8.2299156324e-09    1.9967407830e-08
  29.4800000    1.5417433876e-07    6.3148931420e-08    7.6021390948e-08    7.5674926733e-07   -5.0001518977e-08    1.3475130714e-07    8.2079247405e-09    2.0002776335e-08
  29.4900000    1.6008025822e-07    5.8600536829e-08    6.5864185117e-08    7.5632394154e-07   -5.4309564663e-08    1.3206277654e-07    8.1855026763e-09    2.0038474411e-08
  29.5000000    1.6357686158e-07    5.3926377077e-08    5.4712606591e-08    7.5606400871e-07   -5.8470701985e-08    1.2929268039e-07    8.1628327222e-09    2.0074522524e-08
  29.5100000    1.6460938983e-07    4.9178284242e-08    4.2717833534e-08    7.5596225780e-07   -6.2444074722e-08    1.2649171931e-07    8.1400973278e-09    2.0110939924e-08
  29.5200000    1.6316395134e-07    4.4408566884e-08    3.0045460920e-08    7.5600858404e-07   -6.6190700250e-08    1.2371015691e-07    8.1174899726e-09    2.0147751075e-08
  29.5300000    1.5926739497e-07    3.9668868242e-08    1.6872966903e-08    7.5619031067e-07   -6.9673937393e-08    1.2099699778e-07    8.0952061440e-09    2.0184972798e-08
  29.5400000    1.5298641263e-07    3.5009110404e-08    3.3870105284e-09    7.5649264013e-07   -7.2859936608e-08    1.1839916002e-07    8.0734337687e-09    2.0222624833e-08
  29.5500000    1.4442581816e-07    3.0476524252e-08   -1.0219494687e-08    7.5689912333e-07   -7.5718019032e-08    1.1596076584e-07    8.0523734530e-09    2.0260719761e-08
  29.5600000    1.3372602550e-07    2.6114690537e-08   -2.3750393170e-08    7.5739212323e-07   -7.8221046808e-08    1.1372243184e-07    8.0322161537e-09    2.0299278061e-08
  29.5700000    1.2105985712e-07    2.1962793513e-08   -3.7009426392e-08    7.5795337735e-07   -8.0345684825e-08    1.1172067243e-07    8.0131558682e-09    2.0338318561e-08
  29.5800000    1.0662882269e-07    1.8054960776e-08   -4.9803324432e-08    7.5856447077e-07   -8.2072643786e-08    1.0998735935e-07    7.9953673364e-09    2.0377847857e-08
  29.5900000    9.0658822318e-08    1.4419737750e-08   -6.1944924738e-08    7.5920738423e-07   -8.3386831512e-08    1.0854930125e-07    7.9790364833e-09    2.0417886001e-08
  29.6000000    7.3395693801e-08    1.1079707659e-08   -7.3256167658e-08    7.5986493921e-07   -8.4277455214e-08    1.0742787421e-07    7.9643366986e-09    2.0458442369e-08
  29.6100000    5.5100367636e-08    8.0513082632e-09   -8.3570983426e-08    7.6052129045e-07   -8.4738077889e-08    1.0663877662e-07    7.9514363889e-09    2.0499525176e-08
  29.6200000    3.6044058927e-08    5.3447922762e-09   -9.2737951636e-08    7.6116234692e-07   -8.4766571090e-08    1.0619188145e-07    7.9404897749e-09    2.0541149244e-08
  29.6300000    1.6503488809e-08    2.9643109494e-09   -1.0062276011e-07    7.6177608593e-07   -8.4365044789e-08    1.0609116681e-07    7.9316548782e-09    2.0583319145e-08
  29.6400000   -3.2438081199e-09    9.0818733279e-10   -1.0711036292e-07    7.6235291419e-07   -8.3539717192e-08    1.0633478074e-07    7.9250637620e-09    2.0626047423e-08
  29.6500000   -2.2923747274e-08   -8.3075368457e-10   -1.1210684501e-07    7.6288582865e-07   -8.2300692682e-08    1.0691515055e-07    7.9208489495e-09    2.0669337963e-08
  29.6600000   -4.2269901100e-08   -2.2645542471e-09   -1.1554090724e-07    7.6337062844e-07   -8.0661780176e-08    1.0781922178e-07    7.9191322095e-09    2.0713194849e-08
  29.6700000   -6.1026929581e-08   -3.4096129154e-09   -1.1736500846e-07    7.6380596006e-07   -7.8640165196e-08    1.0902875972e-07    7.9200289634e-09    2.0757627539e-08
  29.6800000   -7.8953858237e-08   -4.2859287148e-09   -1.1755607603e-07    7.6419331993e-07   -7.6256115343e-08    1.1052072394e-07    7.9236267944e-09    2.0802635445e-08
  29.6900000   -9.5826735776e-08   -4.9163044815e-09   -1.1611583662e-07    7.6453697725e-07   -7.3532677011e-08    1.1226771992e-07    7.9300059784e-09    2.0848222854e-08
  29.7000000   -1.1144077677e-07   -5.3255473951e-09   -1.1307075276e-07    7.6484378050e-07   -7.0495247018e-08    1.1423851563e-07    7.9392300590e-09    2.0894395641e-08
  29.7100000   -1.2561206094e-07   -5.5396909135e-09   -1.0847146859e-07    7.6512297041e-07   -6.7171256069e-08    1.1639857489e-07    7.9513485304e-09    2.0941145807e-08
  29.7200000   -1.3817880385e-07   -5.5850536354e-09   -1.0239196731e-07    7.6538583602e-07   -6.3589775259e-08    1.1871067541e-07    7.9663828026e-09    2.0988477330e-08
  29.7300000   -1.4900219310e-07   -5.4875637793e-09   -9.4928240330e-08    7.6564536237e-07   -5.9781124129e-08    1.2113551363e-07    7.9843444903e-09    2.1036387922e-08
  29.7400000   -1.5796683465e-07   -5.2719194944e-09   -8.6196652013e-08    7.6591583566e-07   -5.5776493077e-08    1.2363235706e-07    8.0052407621e-09    2.1084879633e-08
  29.7500000   -1.6498095424e-07   -4.9610265228e-09   -7.6331982029e-08    7.6621233768e-07   -5.1607602864e-08    1.2615970260e-07    8.0290672843e-09    2.1133939939e-08
  29.7600000   -1.6997630204e-07   -4.5753595403e-09   -6.5485129926e-08    7.6655031605e-07   -4.7306342068e-08    1.2867590922e-07    8.0557999695e-09    2.1183572242e-08
  29.7700000   -1.7290800062e-07   -4.1325733092e-09   -5.3820564048e-08    7.6694503726e-07   -4.2904444876e-08    1.3113984290e-07    8.0853967228e-09    2.1233764282e-08
  29.7800000   -1.7375406771e-07   -3.6471685731e-09   -4.1513636778e-08    7.6741112110e-07   -3.8433199834e-08    1.3351151313e-07    8.1177961648e-09    2.1284512900e-08
  29.7900000   -1.7251511088e-07   -3.1303269817e-09   -2.8747616022e-08    7.6796199911e-07   -3.3923188870e-08    1.3575264649e-07    8.1529247235e-09    2.1335804178e-08
  29.8000000   -1.6921373014e-07   -2.5898572408e-09   -1.5710725512e-08    7.6860945397e-07   -2.9404020361e-08    1.3782724984e-07    8.1906924729e-09    2.1387639298e-08
  29.8100000   -1.6389419745e-07   -2.0302772178e-09   -2.5930318340e-09    7.6936319943e-07   -2.4904158784e-08    1.3970213211e-07    8.2309975582e-09    2.1440000836e-08
  29.8200000   -1.5662181961e-07   -1.4530644403e-09    1.0416583957e-08    7.7023045401e-07   -2.0450742724e-08    1.4134736210e-07    8.2737202347e-09    2.1492880703e-08
  29.8300000   -1.4748259005e-07   -8.5692189952e-10    2.3133512483e-08    7.7121561446e-07   -1.6069452032e-08    1.4273668301e-07    8.3187373474e-09    2.1546267913e-08
  29.8400000   -1.3658258718e-07   -2.3820400183e-10    3.5380282443e-08    7.7231997147e-07   -1.1784397890e-08    1.4384788121e-07    8.3658993678e-09    2.1600147001e-08
  29.8500000   -1.2404752744e-07    4.0855549164e-10    4.6989389397e-08    7.7354152522e-07   -7.6180579905e-09    1.4466306257e-07    8.4150532038e-09    2.1654504066e-08
  29.8600000   -1.1002208447e-07    1.0901334456e-09    5.7805805603e-08    7.7487486383e-07   -3.5912498689e-09    1.4516890196e-07    8.4660276222e-09    2.1709326212e-08
  29.8700000   -9.4669159172e-08    1.8141460713e-09    6.7689372768e-08    7.7631113040e-07    2.7691386496e-10    1.4535679153e-07    8.5186439443e-09    2.1764597847e-08
  29.8800000   -7.8168954045e-08    2.5884213076e-09    7.6516811057e-08    7.7783805860e-07    3.9689786924e-09    1.4522293957e-07    8.5727208440e-09    2.1820305150e-08
  29.8900000   -6.0717838856e-08    3.4205544205e-09    8.4183498082e-08    7.7944015566e-07    7.4691633221e-09    1.4476842911e-07    8.6280620715e-09    2.1876422101e-08
  29.9000000   -4.2526963866e-08    4.3175476007e-09    9.0604831443e-08    7.8109891810e-07    1.0763259116e-08    1.4399914315e-07    8.6844766845e-09    2.1932936499e-08
  29.9100000   -2.3820580811e-08    5.2853425075e-09    9.5717291759e-08    7.8279312096e-07    1.3838617932e-08    1.4292569492e-07    8.7417519694e-09    2.1989827096e-08
  29.9200000   -4.8340125561e-09    6.3287258640e-09    9.9479116780e-08    7.8449926535e-07    1.6684036917e-08    1.4156327155e-07    8.7996834962e-09    2.2047076312e-08
  29.9300000    1.4188717460e-08    7.4510895898e-09    1.0187055656e-07    7.8619199751e-07    1.9289729045e-08    1.3993138843e-07    8.8580585416e-09    2.2104657141e-08
  29.9400000    3.2997507983e-08    8.6544932173e-09    1.0289381162e-07    7.8784467368e-07    2.1647217849e-08    1.3805362139e-07    8.9166678537e-09    2.2162552026e-08
  29.9500000    5.1339231491e-08    9.9397649117e-09    1.0257250947e-07    7.8942989751e-07    2.3749252501e-08    1.3595729570e-07    8.9752900278e-09    2.2220737602e-08
  29.9600000    6.8961030931e-08    1.1306755362e-08    1.0095093822e-07    7.9092017335e-07    2.5589765705e-08    1.3367305995e-07    9.0337105878e-09    2.2279190218e-08
  29.9700000    8.5613848997e-08    1.2754586314e-08    9.8092787325e-08    7.9228852630e-07    2.7163790330e-08    1.3123452215e-07    9.0917177680e-09    2.2337885148e-08
  29.9800000    1.0105613263e-07    1.4282095228e-08    9.4079720913e-08    7.9350915925e-07    2.8467405375e-08    1.2867772440e-07    9.1491058504e-09    2.2396793386e-08
  29.9900000    1.1505769260e-07    1.5888229853e-08    8.9009567245e-08    7.9455810282e-07    2.9497680230e-08    1.2604069938e-07    9.2056700706e-09    2.2455894627e-08
  30.0000000    1.2740360187e-07    1.7572528475e-08    8.2994281221e-08    7.9541383928e-07    3.0252661705e-08    1.2336291702e-07    9.2612135627e-09    2.2515157954e-08
  30.0100000    1.3789796296e-07    1.9335507574e-08    7.6157706344e-08    7.9605789194e-07    3.0731325222e-08    1.2068474120e-07    9.3155506974e-09    2.2574555947e-08
  30.0200000    1.4636762572e-07    2.1179113126e-08    6.8633193943e-08    7.9647538400e-07    3.0933589834e-08    1.1804686900e-07    9.3685012465e-09    2.2634066144e-08
  30.0300000    1.5266561140e-07    2.3106974406e-08    6.0561033754e-08    7.9665550821e-07    3.0860289272e-08    1.1548978282e-07    9.4198977764e-09    2.2693654951e-08
  30.0400000    1.5667414347e-07    2.5124602731e-08    5.2085869941e-08    7.9659193773e-07    3.0513202302e-08    1.1305315172e-07    9.4695792533e-09    2.2753294390e-08
  30.0500000    1.5830745320e-07    2.7239512005e-08    4.3354075108e-08    7.9628316541e-07    2.9895056085e-08    1.1077528848e-07    9.5174012128e-09    2.2812955135e-08
  30.0600000    1.5751388393e-07    2.9461114425e-08    3.4511140568e-08    7.9573269831e-07    2.9009568564e-08    1.0869257633e-07    9.5632290514e-09    2.2872607751e-08
  30.0700000    1.5427758323e-07    3.1800488638e-08    2.5699116481e-08    7.9494921739e-07    2.7861455064e-08    1.0683895338e-07    9.6069479493e-09    2.2932225408e-08
  30.0800000    1.4861951134e-07    3.4269982077e-08    1.7054231982e-08    7.9394655818e-07    2.6456481672e-08    1.0524540529e-07    9.6484473077e-09    2.2991769577e-08
  30.0900000    1.4059782389e-07    3.6882741126e-08    8.7045840875e-09    7.9274365537e-07    2.4801482351e-08    1.0393948878e-07    9.6876462858e-09    2.3051216517e-08
  30.1000000    1.3030762676e-07    3.9651970579e-08    7.6811736396e-10    7.9136427583e-07    2.2904396795e-08    1.0294490956e-07    9.7244708428e-09    2.3110537336e-08
  30.1100000    1.1788001221e-07    4.2590209573e-08   -6.6492866887e-09    7.8983675054e-07    2.0774288903e-08    1.0228112554e-07    9.7588648189e-09    2.3169692900e-08
  30.1200000    1.0348043591e-07    4.5708408121e-08   -1.3455329467e-08    7.8819352216e-07    1.8421360226e-08    1.0196303831e-07    9.7907967934e-09    2.3228655228e-08
  30.1300000    8.7306463227e-08    4.9015040162e-08   -1.9572621915e-08    7.8647060495e-07    1.5856952520e-08    1.0200069878e-07    9.8202511274e-09    2.3287397077e-08
  30.1400000    6.9584947294e-08    5.2515175541e-08   -2.4939667325e-08    7.8470696877e-07    1.3093577283e-08    1.0239911553e-07    9.8472278041e-09    2.3345878255e-08
  30.1500000    5.0568588545e-08    5.6209580536e-08   -2.9511526266e-08    7.8294383238e-07    1.0144860990e-08    1.0315812641e-07    9.8717497830e-09    2.3404079859e-08
  30.1600000    3.0532071404e-08    6.0093919136e-08   -3.3260174628e-08    7.8122388321e-07    7.0255167226e-09    1.0427230589e-07    9.8938547751e-09    2.3461962555e-08
  30.1700000    9.7677696460e-09    6.4157976935e-08   -3.6174519884e-08    7.7959044929e-07    3.7513068097e-09    1.0573100685e-07    9.9136006897e-09    2.3519500579e-08
  30.1800000   -1.1418813554e-08    6.8385146964e-08   -3.8260106409e-08    7.7808660038e-07    3.3896972397e-10    1.0751842967e-07    9.9310682830e-09    2.3576664000e-08
  30.1900000   -3.2713988271e-08    7.2752066405e-08   -3.9538486564e-08    7.7675429578e-07   -3.1938462596e-09    1.0961377559e-07    9.9463468093e-09    2.3633424120e-08
  30.2000000   -5.3800799185e-08    7.7228397853e-08   -4.0046321760e-08    7.7563343835e-07   -6.8286833553e-09    1.1199152027e-07    9.9595467702e-09    2.3689754254e-08
  30.2100000   -7.4364107260e-08    8.1776897911e-08   -3.9834194727e-08    7.7476100408e-07   -1.0546402188e-08    1.1462170172e-07    9.9708099720e-09    2.3745629349e-08
  30.2200000   -9.4095563753e-08    8.6353667961e-08   -3.8965195432e-08    7.7417019865e-07   -1.4327270038e-08    1.1747032282e-07    9.9802759948e-09    2.3801025930e-08
  30.2300000   -1.1269852458e-07    9.0908699976e-08   -3.7513256609e-08    7.7388962279e-07   -1.8151128904e-08    1.2049981728e-07    9.9881142284e-09    2.3855918394e-08
  30.2400000   -1.2989263440e-07    9.5386561075e-08   -3.5561331631e-08    7.7394254554e-07   -2.1997512127e-08    1.2366955205e-07    9.9945019679e-09    2.3910286911e-08
  30.2500000   -1.4541820379e-07    9.9727343359e-08   -3.3199446344e-08    7.7434624989e-07   -2.5845818570e-08    1.2693642709e-07    9.9996312268e-09    2.3964110022e-08
  30.2600000   -1.5904012212e-07    1.0386775847e-07   -3.0522598037e-08    7.7511147734e-07   -2.9675451459e-08    1.3025549718e-07    1.0003707566e-08    2.4017373604e-08
  30.2700000   -1.7055147377e-07    1.0774240134e-07   -2.7628620164e-08    7.7624196012e-07   -3.3465970481e-08    1.3358063537e-07    1.0006947775e-08    2.4070061742e-08
  30.2800000   -1.7977642839e-07    1.1128509845e-07   -2.4616044340e-08    7.7773414588e-07   -3.7197281933e-08    1.3686523135e-07    1.0009575756e-08    2.4122161898e-08
  30.2900000   -1.8657273922e-07    1.1443030212e-07   -2.1581939043e-08    7.7957698702e-07   -4.0849749164e-08    1.4006293022e-07    1.0011827671e-08    2.4173653341e-08
  30.3000000   -1.9083369275e-07    1.1711458644e-07   -1.8619842167e-08    7.8175186370e-07   -4.4404371684e-08    1.4312834862e-07    1.0013950654e-08    2.4224546087e-08
  30.3100000   -1.9248932502e-07    1.1927806696e-07   -1.5817798603e-08    7.8423274996e-07   -4.7842906842e-08    1.4601780816e-07    1.0016193406e-08    2.4274824516e-08
  30.3200000   -1.9150713368e-07    1.2086576376e-07   -1.3256517420e-08    7.8698643086e-07   -5.1148011134e-08    1.4869003208e-07    1.0018814771e-08    2.4324490778e-08
  30.3300000   -1.8789216358e-07    1.2182892256e-07   -1.1007693699e-08    7.8997288129e-07   -5.4303333824e-08    1.5110684781e-07    1.0022072733e-08    2.4373544137e-08
  30.3400000   -1.8168645083e-07    1.2212613117e-07   -9.1325832863e-09    7.9314582177e-07   -5.7293636814e-08    1.5323382719e-07    1.0026219462e-08    2.4421989379e-08
  30.3500000   -1.7296802682e-07    1.2172442109e-07   -7.6807726538e-09    7.9645338798e-07   -6.0104879269e-08    1.5504087221e-07    1.0031516554e-08    2.4469836087e-08
  30.3600000   -1.6184933121e-07    1.2060003176e-07   -6.6891682778e-09    7.9983892997e-07   -6.2724275904e-08    1.5650276349e-07    1.0038227477e-08    2.4517100219e-08
  30.3700000   -1.4847507451e-07    1.1873913101e-07   -6.1813627622e-09    8.0324189756e-07   -6.5140347999e-08    1.5759959756e-07    1.0046594902e-08    2.4563796848e-08
  30.3800000   -1.3301988282e-07    1.1613825037e-07   -6.1671471723e-09    8.0659890300e-07   -6.7342957337e-08    1.5831717436e-07    1.0056865197e-08    2.4609943475e-08
  30.3900000   -1.1568538090e-07    1.1280461704e-07   -6.6424339481e-09    8.0984473873e-07   -6.9323328300e-08    1.5864727837e-07    1.0069279917e-08    2.4655569674e-08
  30.4000000   -9.6697091313e-08    1.0875621721e-07   -7.5893909945e-09    8.1291359722e-07   -7.1074038342e-08    1.5858785904e-07    1.0084060748e-08    2.4700695640e-08
  30.4100000   -7.6301096316e-08    1.0402166628e-07   -8.9769028335e-09    8.1574022344e-07   -7.2589002193e-08    1.5814311917e-07    1.0101433921e-08    2.4745359290e-08
  30.4200000   -5.4760466281e-08    9.8639973792e-08   -1.0761271502e-08    8.1826115827e-07   -7.3863445745e-08    1.5732349232e-07    1.0121594808e-08    2.4789591755e-08
  30.4300000   -3.2351674596e-08    9.2660109989e-08   -1.2887233059e-08    8.2041594609e-07   -7.4893868937e-08    1.5614548751e-07    1.0144732125e-08    2.4833438371e-08
  30.4400000   -9.3609171588e-09    8.6140388019e-08   -1.5289143916e-08    8.2214833355e-07   -7.5677987937e-08    1.5463149212e-07    1.0171027962e-08    2.4876939724e-08
  30.4500000    1.3919619309e-08    7.9147738111e-08   -1.7892451441e-08    8.2340740835e-07   -7.6214674705e-08    1.5280937335e-07    1.0200631899e-08    2.4920148014e-08
  30.4600000    3.7195294294e-08    7.1756876213e-08   -2.0615325694e-08    8.2414870285e-07   -7.6503900437e-08    1.5071206199e-07    1.0233682950e-08    2.4963115529e-08
  30.4700000    6.0172549841e-08    6.4049325204e-08   -2.3370416700e-08    8.2433516603e-07   -7.6546653222e-08    1.4837701469e-07    1.0270296162e-08    2.5005896246e-08
  30.4800000    8.2562357781e-08    5.6112349146e-08   -2.6066783693e-08    8.2393804216e-07   -7.6344894157e-08    1.4584555222e-07    1.0310567354e-08    2.5048548576e-08
  30.4900000    1.0408342266e-07    4.8037763687e-08   -2.8611895933e-08    8.2293764842e-07   -7.5901471155e-08    1.4316218461e-07    1.0354568859e-08    2.5091133188e-08
  30.5000000    1.2446525311e-07    3.9920721754e-08   -3.0913643565e-08    8.2132399072e-07   -7.5220056779e-08    1.4037383144e-07    1.0402352497e-08    2.5133718490e-08
  30.5100000    1.4345102475e-07    3.1858365254e-08   -3.2882407655e-08    8.1909718521e-07   -7.4305112022e-08    1.3752901013e-07    1.0453940643e-08    2.5176373773e-08
  30.5200000    1.6080035373e-07    2.3948468089e-08   -3.4433054078e-08    8.1626777808e-07   -7.3161820174e-08    1.3467696364e-07    1.0509329989e-08    2.5219161889e-08
  30.5300000    1.7629168321e-07    1.6287954048e-08   -3.5486887743e-08    8.1285683356e-07   -7.1796047828e-08    1.3186680258e-07    1.0568498125e-08    2.5262164017e-08
  30.5400000    1.8972464529e-07    8.9713982101e-09   -3.5973465775e-08    8.0889588427e-07   -7.0214320965e-08    1.2914662726e-07    1.0631392755e-08    2.5305450937e-08
  30.5500000    2.0092209062e-07    2.0896161170e-09   -3.5832290620e-08    8.0442665872e-07   -6.8423804826e-08    1.2656264224e-07    1.0697931398e-08    2.5349098830e-08
  30.5600000    2.0973200541e-07   -4.2719879047e-09   -3.5014294409e-08    7.9950063952e-07   -6.6432288820e-08    1.2415833424e-07    1.0768012684e-08    2.5393190619e-08
  30.5700000    2.1602915354e-07   -1.0034829873e-08   -3.3483165402e-08    7.9417843691e-07   -6.4248197180e-08    1.2197368516e-07    1.0841505261e-08    2.5437802722e-08
  30.5800000    2.1971654184e-07   -1.5128644269e-08   -3.1216383735e-08    7.8852903608e-07   -6.1880592765e-08    1.2004442025e-07    1.0918244635e-08    2.5483013767e-08
  30.5900000    2.2072663574e-07   -1.9492884953e-08   -2.8206007897e-08    7.8262880409e-07   -5.9339197698e-08    1.1840138098e-07    1.0998047926e-08    2.5528911039e-08
  30.6000000    2.1902229101e-07   -2.3077939658e-08   -2.4459243519e-08    7.7656041329e-07   -5.6634416245e-08    1.1706995724e-07    1.1080708878e-08    2.5575564052e-08
  30.6100000    2.1459757613e-07   -2.5846345869e-08   -1.9998638974e-08    7.7041161753e-07   -5.3777366352e-08    1.1606959865e-07    1.1165986103e-08    2.5623058598e-08
  30.6200000    2.0747809970e-07   -2.7773688144e-08   -1.4862042015e-08    7.6427391444e-07   -5.0779914668e-08    1.1541349895e-07    1.1253631902e-08    2.5671476061e-08
  30.6300000    1.9772121181e-07   -2.8849344708e-08   -9.1022668427e-09    7.5824110968e-07   -4.7654736871e-08    1.1510834305e-07    1.1343355504e-08    2.5720892186e-08
  30.6400000    1.8541584497e-07   -2.9076965324e-08   -2.7864271953e-09    7.5240787138e-07   -4.4415294456e-08    1.1515422025e-07    1.1434856880e-08    2.5771377313e-08
  30.6500000    1.7068199075e-07   -2.8474655703e-08    4.0049982332e-09    7.4686814908e-07   -4.1075920130e-08    1.1554463239e-07    1.1527809456e-08    2.5823011798e-08
  30.6600000    1.5366975266e-07   -2.7074846640e-08    1.1179323813e-08    7.4171365588e-07   -3.7651806422e-08    1.1626665472e-07    1.1621873409e-08    2.5875860613e-08
  30.6700000    1.3455819311e-07   -2.4923846892e-08    1.8633137261e-08    7.3703234280e-07   -3.4159041556e-08    1.1730119930e-07    1.1716682516e-08    2.5929993333e-08
  30.6800000    1.1355361010e-07   -2.2081064163e-08    2.6253965663e-08    7.3290688354e-07   -3.0614587727e-08    1.1862343411e-07    1.1811867820e-08    2.5985471380e-08
  30.6900000    9.0887517939e-08   -1.8617858686e-08    3.3922142832e-08    7.2941329556e-07   -2.7036316014e-08    1.2020329897e-07    1.1907029278e-08    2.6042362952e-08
  30.7000000    6.6814249058e-08   -1.4616095357e-08    4.1512832227e-08    7.2661953784e-07   -2.3442919152e-08    1.2200610571e-07    1.2001764761e-08    2.6100709394e-08
  30.7100000    4.1608110120e-08   -1.0166404812e-08    4.8898212033e-08    7.2458432190e-07   -1.9853917484e-08    1.2399327840e-07    1.2095666994e-08    2.6160573812e-08
  30.7200000    1.5560299086e-08   -5.3661744917e-09    5.5949720740e-08    7.2335603734e-07   -1.6289575849e-08    1.2612313565e-07    1.2188308495e-08    2.6221994888e-08
  30.7300000   -1.1024623632e-08   -3.1738159678e-10    6.2540356308e-08    7.2297178419e-07   -1.2770838791e-08    1.2835173927e-07    1.2279265634e-08    2.6285013878e-08
  30.7400000   -3.7832446648e-08    4.8758309435e-09    6.8547035343e-08    7.2345663189e-07   -9.3192184044e-09    1.3063381849e-07    1.2368101643e-08    2.6349671043e-08
  30.7500000   -6.4543248579e-08    1.0109518848e-08    7.3852850686e-08    7.2482304665e-07   -5.9566777631e-09    1.3292368936e-07    1.2454390366e-08    2.6415985116e-08
  30.7600000   -9.0835573779e-08    1.5282380297e-08    7.8349288250e-08    7.2707053098e-07   -2.7055040522e-09    1.3517619522e-07    1.2537697878e-08    2.6483987433e-08
  30.7700000   -1.1639058582e-07    2.0298147247e-08    8.1938377094e-08    7.3018542959e-07    4.1185562284e-10    1.3734766500e-07    1.2617591361e-08    2.6553690664e-08
  30.7800000   -1.4089641029e-07    2.5067759306e-08    8.4534589310e-08    7.3414101063e-07    3.3729664093e-09    1.3939678454e-07    1.2693651692e-08    2.6625100972e-08
  30.7900000   -1.6405223137e-07    2.9511324389e-08    8.6066655112e-08    7.3889771846e-07    6.1555535409e-09    1.4128547284e-07    1.2765463281e-08    2.6698227381e-08
  30.8000000   -1.8557246435e-07    3.3559854440e-08    8.6479081062e-08    7.4440363704e-07    8.7377444092e-09    1.4297965872e-07    1.2832630238e-08    2.6773066188e-08
  30.8100000   -2.0519060165e-07    3.7156524728e-08    8.5733467054e-08    7.5059516977e-07    1.1098258895e-08    1.4444999362e-07    1.2894757069e-08    2.6849600815e-08
  30.8200000   -2.2266286955e-07    4.0257691324e-08    8.3809517781e-08    7.5739791826e-07    1.3216604584e-08    1.4567246941e-07    1.2951471684e-08    2.6927815515e-08
  30.8300000   -2.3777152734e-07    4.2833321535e-08    8.0705754849e-08    7.6472773562e-07    1.5073303153e-08    1.4662890507e-07    1.3002419454e-08    2.7007688862e-08
  30.8400000   -2.5032779515e-07    4.4867097331e-08    7.6439938193e-08    7.7249194082e-07    1.6650105643e-08    1.4730732680e-07    1.3047266997e-08    2.7089180734e-08
  30.8500000   -2.6017436964e-07    4.6356006910e-08    7.1049127096e-08    7.8059068529e-07    1.7930201419e-08    1.4770221856e-07    1.3085697108e-08    2.7172265078e-08
  30.8600000   -2.6718746421e-07    4.7309616460e-08    6.4589438060e-08    7.8891843909e-07    1.8898414897e-08    1.4781462758e-07    1.3117426657e-08    2.7256886769e-08
  30.8700000   -2.7127839964e-07    4.7748829760e-08    5.7135480532e-08    7.9736557129e-07    1.9541412087e-08    1.4765213712e-07    1.3142192110e-08    2.7342995453e-08
  30.8800000   -2.7239458997e-07    4.7704442404e-08    4.8779436759e-08    8.0582002417e-07    1.9847868669e-08    1.4722870769e-07    1.3159764398e-08    2.7430537365e-08
  30.8900000   -2.7052016156e-07    4.7215370582e-08    3.9629838567e-08    8.1416900375e-07    1.9808636724e-08    1.4656435385e-07    1.3169933619e-08    2.7519442434e-08
  30.9000000   -2.6567592330e-07    4.6326757680e-08    2.9810056802e-08    8.2230071722e-07    1.9416906312e-08    1.4568473888e-07    1.3172532005e-08    2.7609639026e-08
  30.9100000   -2.5791896515e-07    4.5087935070e-08    1.9456525548e-08    8.3010605563e-07    1.8668299008e-08    1.4462060043e-07    1.3167433046e-08    2.7701053504e-08
  30.9200000   -2.4734163887e-07    4.3550433984e-08    8.7167064234e-09    8.3748031637e-07    1.7560988585e-08    1.4340709252e-07    1.3154525438e-08    2.7793599991e-08
  30.9300000   -2.3407030128e-07    4.1766009711e-08   -2.2531563188e-09    8.4432476575e-07    1.6095785632e-08    1.4208302390e-07    1.3133750872e-08    2.7887193334e-08
  30.9400000   -2.1826346218e-07    3.9784973806e-08   -1.3290464666e-08    8.5054815937e-07    1.4276161724e-08    1.4069002446e-07    1.3105081992e-08    2.7981741809e-08
  30.9500000   -2.0010960728e-07    3.7654625089e-08   -2.4228804332e-08    8.5606815014e-07    1.2108271643e-08    1.3927163232e-07    1.3068526048e-08    2.8077146057e-08
  30.9600000   -1.7982477485e-07    3.5418040659e-08   -3.4900626872e-08    8.6081251074e-07    9.6009655981e-09    1.3787234384e-07    1.3024134458e-08    2.8173306454e-08
  30.9700000   -1.5764971274e-07    3.3113276994e-08   -4.5139922646e-08    8.6472026146e-07    6.7657423742e-09    1.3653665314e-07    1.2971998429e-08    2.8270114971e-08
  30.9800000   -1.3384687896e-07    3.0772879496e-08   -5.4784977539e-08    8.6774253415e-07    3.6166885317e-09    1.3530805740e-07    1.2912240505e-08    2.8367471536e-08
  30.9900000   -1.0869719277e-07    2.8423797317e-08   -6.3681016100e-08    8.6984330721e-07    1.7037488119e-10    1.3422811059e-07    1.2845031299e-08    2.8465255682e-08
  31.0000000   -8.2496636385e-08    2.6087740547e-08   -7.1682810755e-08    8.7099991343e-07   -3.5542318352e-09    1.3333549178e-07    1.2770574069e-08    2.8563362684e-08
  31.0100000   -5.5552692823e-08    2.3781780186e-08   -7.8657144433e-08    8.7120329832e-07   -7.5359359328e-09    1.3266514763e-07    1.2689115258e-08    2.8661672390e-08
  31.0200000   -2.8180755152e-08    2.1519312221e-08   -8.4485099645e-08    8.7045813313e-07   -1.1751450245e-08    1.3224748845e-07    1.2600933730e-08    2.8760073833e-08
  31.0300000   -7.0042353976e-10    1.9311249277e-08   -8.9064148093e-08    8.6878263980e-07   -1.6175605274e-08    1.3210771067e-07    1.2506351742e-08    2.8858444788e-08
  31.0400000    2.6568255989e-08    1.7167425073e-08   -9.2309996174e-08    8.6620824686e-07   -2.0781531698e-08    1.3226518615e-07    1.2405723347e-08    2.8956675934e-08
  31.0500000    5.3308388896e-08    1.5097896344e-08   -9.4158127964e-08    8.6277899148e-07   -2.5540867295e-08    1.3273299914e-07    1.2299442061e-08    2.9054647300e-08
  31.0600000    7.9210000003e-08    1.3114406974e-08   -9.4565057659e-08    8.5855078025e-07   -3.0424017472e-08    1.3351761548e-07    1.2187924198e-08    2.9152243481e-08
  31.0700000    1.0397359067e-07    1.1231629362e-08   -9.3509282821e-08    8.5359043165e-07   -3.5400365157e-08    1.3461866571e-07    1.2071626630e-08    2.9249350552e-08
  31.0800000    1.2731357944e-07    9.4683253525e-09   -9.0991826640e-08    8.4797455008e-07   -4.0438535808e-08    1.3602889721e-07    1.1951028188e-08    2.9345859503e-08
  31.0900000    1.4896169001e-07    7.8480197894e-09   -8.7036434106e-08    8.4178825608e-07   -4.5506634969e-08    1.3773426777e-07    1.1826638483e-08    2.9441660593e-08
  31.1000000    1.6867011493e-07    6.3995572469e-09   -8.1689470425e-08    8.3512383332e-07   -5.0572525716e-08    1.3971415509e-07    1.1698992104e-08    2.9536646691e-08
  31.1100000    1.8621445161e-07    5.1571247696e-09   -7.5019370613e-08    8.2807919527e-07   -5.5604065474e-08    1.4194173960e-07    1.1568643523e-08    2.9630719532e-08
  31.1200000    2.0139646162e-07    4.1599234366e-09   -6.7115755188e-08    8.2075637516e-07   -6.0569363604e-08    1.4438450432e-07    1.1436175451e-08    2.9723781140e-08
  31.1300000    2.1404650594e-07    3.4513840263e-09   -5.8088233635e-08    8.1325988473e-07   -6.5437039564e-08    1.4700486407e-07    1.1302167173e-08    2.9815739312e-08
  31.1400000    2.2402557289e-07    3.0779362609e-09   -4.8064790290e-08    8.0569509292e-07   -7.0176454713e-08    1.4976088357e-07    1.1167234930e-08    2.9906506475e-08
  31.1500000    2.3122716019e-07    3.0875447361e-09   -3.7189975899e-08    7.9816663474e-07   -7.4757950048e-08    1.5260710906e-07    1.1031988714e-08    2.9996001710e-08
  31.1600000    2.3557855310e-07    3.5277631579e-09   -2.5622727637e-08    7.9077679083e-07   -7.9153069459e-08    1.5549547691e-07    1.0897051424e-08    3.0084151374e-08
  31.1700000    2.3704182347e-07    4.4436240057e-09   -1.3534014784e-08    7.8362401262e-07   -8.3334778935e-08    1.5837625453e-07    1.0763055190e-08    3.0170887117e-08
  31.1800000    2.3561431912e-07    5.8753740847e-09   -1.1042055894e-09    7.7680144574e-07   -8.7277664239e-08    1.6119908314e-07    1.0630625027e-08    3.0256143722e-08
  31.1900000    2.3132871292e-07    7.8562113620e-09    1.1479666737e-08    7.7039563662e-07   -9.0958097548e-08    1.6391394262e-07    1.0500387663e-08    3.0339872341e-08
  31.2000000    2.2425261037e-07    1.0409933325e-08    2.4026784039e-08    7.6448534646e-07   -9.4354434947e-08    1.6647220259e-07    1.0372959639e-08    3.0422032919e-08
  31.2100000    2.1448756126e-07    1.3548946117e-08    3.6345537746e-08    7.5914046236e-07   -9.7447140654e-08    1.6882760556e-07    1.0248953086e-08    3.0502577485e-08
  31.2200000    2.0216775686e-07    1.7272382956e-08    4.8246459775e-08    7.5442116140e-07   -1.0021895226e-07    1.7093720801e-07    1.0128966312e-08    3.0581484305e-08
  31.2300000    1.8745819118e-07    2.1564692411e-08    5.9545232628e-08    7.5037717438e-07   -1.0265496831e-07    1.7276228099e-07    1.0013579248e-08    3.0658731981e-08
  31.2400000    1.7055230145e-07    2.6394611443e-08    7.0065584776e-08    7.4704728849e-07   -1.0474275775e-07    1.7426908013e-07    9.9033555900e-09    3.0734309314e-08
  31.2500000    1.5166938850e-07    3.1714732679e-08    7.9642050168e-08    7.4445900055e-07   -1.0647243493e-07    1.7542959355e-07    9.7988333694e-09    3.0808217010e-08
  31.2600000    1.3105149028e-07    3.7461580366e-08    8.8122617999e-08    7.4262836423e-07   -1.0783670650e-07    1.7622208764e-07    9.7005299162e-09    3.0880461057e-08
  31.2700000    1.0896005927e-07    4.3556287900e-08    9.5371152016e-08    7.4156007290e-07   -1.0883092113e-07    1.7663160381e-07    9.6089268088e-09    3.0951060972e-08
  31.2800000    8.5672423965e-08    4.9905841413e-08    1.0126955773e-07    7.4124767121e-07   -1.0945308091e-07    1.7665028637e-07    9.5244820304e-09    3.1020043526e-08
  31.2900000    6.1477902980e-08    5.6404965211e-08    1.0571971788e-07    7.4167395480e-07   -1.0970381063e-07    1.7627755778e-07    9.4476108694e-09    3.1087441243e-08
  31.3000000    3.6674013643e-08    6.2938396965e-08    1.0864505466e-07    7.4281157261e-07   -1.0958634582e-07    1.7552018146e-07    9.3786975267e-09    3.1153306047e-08
  31.3100000    1.1562395551e-08    6.9383700203e-08    1.0999181238e-07    7.4462373217e-07   -1.0910648729e-07    1.7439214751e-07    9.3180881894e-09    3.1217688895e-08
  31.3200000   -1.3555044887e-08    7.5614379849e-08    1.0972996858e-07    7.4706506276e-07   -1.0827249993e-07    1.7291446402e-07    9.2660850248e-09    3.1280660200e-08
  31.3300000   -3.8380017250e-08    8.1503228115e-08    1.0785377678e-07    7.5008260743e-07   -1.0709503639e-07    1.7111472785e-07    9.2229405981e-09    3.1342284688e-08
  31.3400000   -6.2621553969e-08    8.6925859666e-08    1.0438189139e-07    7.5361687037e-07   -1.0558700224e-07    1.6902664006e-07    9.1888746976e-09    3.1402652000e-08
  31.3500000   -8.5999508277e-08    9.1764150946e-08    9.9357189026e-08    7.5760298493e-07   -1.0376343894e-07    1.6668937911e-07    9.1640578417e-09    3.1461851355e-08
  31.3600000   -1.0824785164e-07    9.5909659926e-08    9.2846158291e-08    7.6197188052e-07   -1.0164134272e-07    1.6414684730e-07    9.1486041828e-09    3.1519983946e-08
  31.3700000   -1.2911755553e-07    9.9266775568e-08    8.4937928913e-08    7.6665152872e-07   -9.9239489231e-08    1.6144685535e-07    9.1425850522e-09    3.1577153722e-08
  31.3800000   -1.4837932656e-07    1.0175546732e-07    7.5742940291e-08    7.7156817542e-07   -9.6578242731e-08    1.5864019512e-07    9.1460245844e-09    3.1633475585e-08
  31.3900000   -1.6582583916e-07    1.0331363323e-07    6.5391298539e-08    7.7664751242e-07   -9.3679346514e-08    1.5577970005e-07    9.1588925299e-09    3.1689075752e-08
  31.4000000   -1.8127371421e-07    1.0389895845e-07    5.4030812313e-08    7.8181589516e-07   -9.0565705350e-08    1.5291922994e-07    9.1811093690e-09    3.1744075296e-08
  31.4100000   -1.9456510019e-07    1.0349009221e-07    4.1824757049e-08    7.8700142576e-07   -8.7261121587e-08    1.5011264787e-07    9.2125478977e-09    3.1798616265e-08
  31.4200000   -2.0556892329e-07    1.0208729589e-07    2.8949393900e-08    7.9213500190e-07   -8.3790081653e-08    1.4741281016e-07    9.2530293073e-09    3.1852832033e-08
  31.4300000   -2.1418173698e-07    9.9712397888e-08    1.5591279895e-08    7.9715123683e-07   -8.0177489380e-08    1.4487058086e-07    9.3023234257e-09    3.1906866426e-08
  31.4400000   -2.2032838510e-07    9.6408102636e-08    1.9444586011e-09    8.0198931662e-07   -7.6448418283e-08    1.4253384780e-07    9.3601560579e-09    3.1960872445e-08
  31.4500000   -2.2396218208e-07    9.2236788662e-08   -1.1792517322e-08    8.0659370391e-07   -7.2627853019e-08    1.4044665331e-07    9.4261997925e-09    3.2014995441e-08
  31.4600000   -2.2506497983e-07    8.7278702365e-08   -2.5419630962e-08    8.1091472269e-07   -6.8740448467e-08    1.3864837050e-07    9.5000901317e-09    3.2069393143e-08
  31.4700000   -2.2364688561e-07    8.1629651216e-08   -3.8738397179e-08    8.1490900949e-07   -6.4810302826e-08    1.3717297346e-07    9.5814145524e-09    3.2124215547e-08
  31.4800000   -2.1974580931e-07    7.5398394980e-08   -5.1554922344e-08    8.1853984219e-07   -6.0860697527e-08    1.3604843139e-07    9.6697136042e-09    3.2179625927e-08
  31.4900000   -2.1342666021e-07    6.8703642771e-08   -6.3682826760e-08    8.2177731027e-07   -5.6913901494e-08    1.3529618732e-07    9.7644937092e-09    3.2235774235e-08
  31.5000000   -2.0478056535e-07    6.1671025109e-08   -7.4946087948e-08    8.2459836280e-07   -5.2990992861e-08    1.3493078946e-07    9.8652226536e-09    3.2292813898e-08
  31.5100000   -1.9392370030e-07    5.4429792983e-08   -8.5181711298e-08    8.2698673571e-07   -4.9111653414e-08    1.3495967375e-07    9.9713334150e-09    3.2350905393e-08
  31.5200000   -1.8099606544e-07    4.7109698720e-08   -9.4242186112e-08    8.2893274606e-07   -4.5294050800e-08    1.3538302644e-07    1.0082227563e-08    3.2410194749e-08
  31.5300000   -1.6616001266e-07    3.9837967349e-08   -1.0199770714e-07    8.3043298179e-07   -4.1554704813e-08    1.3619382227e-07    1.0197278764e-08    3.2470829585e-08
  31.5400000   -1.4959866186e-07    3.2736383840e-08   -1.0833814424e-07    8.3148989703e-07   -3.7908390051e-08    1.3737800452e-07    1.0315823670e-08    3.2532958041e-08
  31.5500000   -1.3151406214e-07    2.5918851880e-08   -1.1317466710e-07    8.3211133135e-07   -3.4368107313e-08    1.3891477325e-07    1.0437196513e-08    3.2596714440e-08
  31.5600000   -1.1212522165e-07    1.9489127599e-08   -1.1644108295e-07    8.3230993791e-07   -3.0945017991e-08    1.4077702238e-07    1.0560696791e-08    3.2662227525e-08
  31.5700000   -9.1665921942e-08    1.3539122161e-08   -1.1809480621e-07    8.3210259673e-07   -2.7648515521e-08    1.4293186811e-07    1.0685615682e-08    3.2729624235e-08
  31.5800000   -7.0382330761e-08    8.1474434911e-09   -1.1811747142e-07    8.3150976070e-07   -2.4486194250e-08    1.4534129933e-07    1.0811229920e-08    3.2799020674e-08
  31.5900000   -4.8530449999e-08    3.3785757370e-09   -1.1651517372e-07    8.3055480118e-07   -2.1463976589e-08    1.4796290694e-07    1.0936810320e-08    3.2870528700e-08
  31.6000000   -2.6373337330e-08   -7.1767048113e-10   -1.1331834042e-07    8.2926333611e-07   -1.8586212682e-08    1.5075071191e-07    1.1061622596e-08    3.2944243505e-08
  31.6100000   -4.1782183434e-09   -4.1062281258e-09   -1.0858122645e-07    8.2766260272e-07   -1.5855809359e-08    1.5365601894e-07    1.1184937257e-08    3.3020253235e-08
  31.6200000    1.7786655594e-08   -6.7664679455e-09   -1.0238107895e-07    8.2578083575e-07   -1.3274401896e-08    1.5662835507e-07    1.1306021450e-08    3.3098639573e-08
  31.6300000    3.9255200673e-08   -8.6916207508e-09   -9.4816907441e-08    8.2364670094e-07   -1.0842532140e-08    1.5961640270e-07    1.1424150945e-08    3.3179465254e-08
  31.6400000    5.9966803518e-08   -9.8878140350e-09   -8.6007961304e-08    8.2128875880e-07   -8.5598893218e-09    1.6256896586e-07    1.1538618551e-08    3.3262785286e-08
  31.6500000    7.9669697381e-08   -1.0373047161e-08   -7.6091917454e-08    8.1873506790e-07   -6.4254622895e-09    1.6543588248e-07    1.1648733982e-08    3.3348633453e-08
  31.6600000    9.8124330714e-08   -1.0175919819e-08   -6.5222735261e-08    8.1601274110e-07   -4.4378466038e-09    1.6816896790e-07    1.1753815296e-08    3.3437048549e-08
  31.6700000    1.1510659070e-07   -9.3342870635e-09   -5.3568331486e-08    8.1314771022e-07   -2.5954228168e-09    1.7072288224e-07    1.1853212449e-08    3.3528034691e-08
  31.6800000    1.3041099745e-07   -7.8938480622e-09   -4.1308034455e-08    8.1016448993e-07   -8.9661156122e-10    1.7305593265e-07    1.1946307507e-08    3.3621601122e-08
  31.6900000    1.4385370001e-07   -5.9068382876e-09   -2.8629842033e-08    8.0708604870e-07    6.5990408222e-10    1.7513082758e-07    1.2032499302e-08    3.3717728832e-08
  31.7000000    1.5527509842e-07   -3.4306549001e-09   -1.5727592304e-08    8.0393377055e-07    2.0749693430e-09    1.7691531776e-07    1.2111228999e-08    3.3816388647e-08
  31.7100000    1.6454228050e-07   -5.2669530178e-10   -2.7980496208e-09    8.0072748653e-07    3.3487787610e-09    1.7838275978e-07    1.2181974041e-08    3.3917537828e-08
  31.7200000    1.7155095243e-07    2.7407861676e-09    9.9620854998e-09    7.9748559297e-07    4.4807059189e-09    1.7951256099e-07    1.2244243996e-08    3.4021117034e-08
  31.7300000    1.7622698134e-07    6.3057072977e-09    2.2359092081e-08    7.9422522705e-07    5.4691765750e-09    1.8029052405e-07    1.2297599707e-08    3.4127049971e-08
  31.7400000    1.7852743284e-07    1.0100978184e-08    3.4205160290e-08    7.9096248209e-07    6.3115488217e-09    1.8070903924e-07    1.2341642956e-08    3.4235253525e-08
  31.7500000    1.7844111029e-07    1.4059277730e-08    4.5321187602e-08    7.8771268581e-07    7.0040840183e-09    1.8076722212e-07    1.2376023750e-08    3.4345623200e-08
  31.7600000    1.7598853157e-07    1.8113733133e-08    5.5539441913e-08    7.8449070507e-07    7.5419062872e-09    1.8047086276e-07    1.2400440869e-08    3.4458046321e-08
  31.7700000    1.7122135387e-07    2.2198494764e-08    6.4706045273e-08    7.8131129055e-07    7.9190326225e-09    1.7983228060e-07    1.2414643398e-08    3.4572392351e-08
  31.7800000    1.6422132142e-07    2.6249225277e-08    7.2683300974e-08    7.7818937583e-07    8.1284514699e-09    1.7887008624e-07    1.2418435334e-08    3.4688521035e-08
  31.7900000    1.5509859066e-07    3.0203620636e-08    7.9351652966e-08    7.7514040574e-07    8.1622323284e-09    1.7760879385e-07    1.2411670766e-08    3.4806273620e-08
  31.8000000    1.4398977351e-07    3.4001874043e-08    8.4611498059e-08    7.7218064467e-07    8.0116805089e-09    1.7607836657e-07    1.2394258924e-08    3.4925483164e-08
  31.8100000    1.3105535674e-07    3.7587125111e-08    8.8384622365e-08    7.6932743684e-07    7.6675442285e-09    1.7431364345e-07    1.2366169918e-08    3.5045975961e-08
  31.8200000    1.1647691469e-07    4.0906039031e-08    9.0615336878e-08    7.6659937424e-07    7.1202615594e-09    1.7235369513e-07    1.2327416188e-08    3.5167564585e-08
  31.8300000    1.0045403340e-07    4.3909325319e-08    9.1271263987e-08    7.6401649231e-07    6.3602098277e-09    1.7024114020e-07    1.2278081781e-08    3.5290054955e-08
  31.8400000    8.3200918296e-08    4.6552264113e-08    9.0343773637e-08    7.6160034462e-07    5.3780387098e-09    1.6802133424e-07    1.2218293732e-08    3.5413237900e-08
  31.8500000    6.4943085278e-08    4.8795425865e-08    8.7848101888e-08    7.5937398207e-07    4.1649628682e-09    1.6574159605e-07    1.2148244412e-08    3.5536908787e-08
  31.8600000    4.5913851322e-08    5.0605274330e-08    8.3823048918e-08    7.5736186492e-07    2.7131358310e-09    1.6345036513e-07    1.2068167131e-08    3.5660850809e-08
  31.8700000    2.6350909434e-08    5.1954780988e-08    7.8330393659e-08    7.5558973557e-07    1.0159725186e-09    1.6119631349e-07    1.1978358378e-08    3.5784841712e-08
  31.8800000    6.4931283167e-09    5.2824164053e-08    7.1453886365e-08    7.5408433849e-07   -9.3148374477e-10    1.5902756980e-07    1.1879155893e-08    3.5908657485e-08
  31.8900000   -1.3422613863e-08    5.3201359702e-08    6.3298025056e-08    7.5287307362e-07   -3.1322361748e-09    1.5699082332e-07    1.1770956654e-08    3.6032077097e-08
  31.9000000   -3.3164271238e-08    5.3082594819e-08    5.3986406931e-08    7.5198358534e-07   -5.5869971846e-09    1.5513055312e-07    1.1654197038e-08    3.6154868238e-08
  31.9100000   -5.2507203437e-08    5.2472793683e-08    4.3659879034e-08    7.5144325174e-07   -8.2938919294e-09    1.5348825998e-07    1.1529362424e-08    3.6276809867e-08
  31.9200000   -7.1236396864e-08    5.1385776456e-08    3.2474411966e-08    7.5127864099e-07   -1.1248199626e-08    1.5210176861e-07    1.1396975980e-08    3.6397680902e-08
  31.9300000   -8.9148491870e-08    4.9844370244e-08    2.0598723057e-08    7.5151485918e-07   -1.4442126597e-08    1.5100458222e-07    1.1257606340e-08    3.6517260662e-08
  31.9400000   -1.0605327570e-07    4.7880243992e-08    8.2117601754e-09    7.5217490701e-07   -1.7864635718e-08    1.5022532507e-07    1.1111851766e-08    3.6635333505e-08
  31.9500000   -1.2177511470e-07    4.5533638670e-08   -4.4999940755e-09    7.5327898017e-07   -2.1501310264e-08    1.4978727207e-07    1.0960350874e-08    3.6751702630e-08
  31.9600000   -1.3615388203e-07    4.2852692607e-08   -1.7345303624e-08    7.5484376758e-07   -2.5334314426e-08    1.4970795055e-07    1.0803767620e-08    3.6866160631e-08
  31.9700000   -1.4904572510e-07    3.9892673206e-08   -3.0131079013e-08    7.5688172992e-07   -2.9342379147e-08    1.4999885723e-07    1.0642787682e-08    3.6978523212e-08
  31.9800000   -1.6032362173e-07    3.6714965983e-08   -4.2665239865e-08    7.5940044335e-07   -3.3500895621e-08    1.5066526506e-07    1.0478126323e-08    3.7088615100e-08
  31.9900000   -1.6987769733e-07    3.3385768014e-08   -5.4759585283e-08    7.6240193940e-07   -3.7782034877e-08    1.5170614677e-07    1.0310511593e-08    3.7196260692e-08
  32.0000000   -1.7761552560e-07    2.9974709367e-08   -6.6232588175e-08    7.6588212229e-07   -4.2154960866e-08    1.5311417459e-07    1.0140694687e-08    3.7301317016e-08
  32.0100000   -1.8346219185e-07    2.6553225325e-08   -7.6912136232e-08    7.6983026549e-07   -4.6586119736e-08    1.5487584027e-07    9.9694270975e-09    3.7403642731e-08
  32.0200000   -1.8736048050e-07    2.3192953647e-08   -8.6638050603e-08    7.7422858686e-07   -5.1039562433e-08    1.5697167765e-07    9.7974699795e-09    3.7503113684e-08
  32.0300000   -1.8927090320e-07    1.9963917519e-08   -9.5264484047e-08    7.7905194082e-07   -5.5477369578e-08    1.5937656701e-07    9.6255902662e-09    3.7599622191e-08
  32.0400000   -1.8917184157e-07    1.6932872808e-08   -1.0266209353e-07    7.8426760459e-07   -5.9860077137e-08    1.6206010904e-07    9.4545587231e-09    3.7693079940e-08
  32.0500000   -1.8705960368e-07    1.4161540837e-08   -1.0871991776e-07    7.8983523527e-07   -6.4147207189e-08    1.6498714002e-07    9.2851252533e-09    3.7783412430e-08
  32.0600000   -1.8294869135e-07    1.1705070396e-08   -1.1334701888e-07    7.9570693280e-07   -6.8297799022e-08    1.6811825396e-07    9.1180436761e-09    3.7870571979e-08
  32.0700000   -1.7687189825e-07    9.6106593582e-09   -1.1647381877e-07    8.0182747501e-07   -7.2270981007e-08    1.7141042698e-07    8.9540485273e-09    3.7954516413e-08
  32.0800000   -1.6888054283e-07    7.9162813993e-09   -1.1805308153e-07    8.0813465528e-07   -7.6026556094e-08    1.7481767205e-07    8.7938599488e-09    3.8035234605e-08
  32.0900000   -1.5904462593e-07    6.6498006414e-09   -1.1806060808e-07    8.1455981312e-07   -7.9525642963e-08    1.7829178222e-07    8.6381740137e-09    3.8112729887e-08
  32.1000000   -1.4745292817e-07    5.8282571207e-09   -1.1649552099e-07    8.2102853885e-07   -8.2731198685e-08    1.8178304317e-07    8.4876642146e-09    3.8187026583e-08
  32.1100000   -1.3421305596e-07    5.4575363836e-09   -1.1338024336e-07    8.2746141808e-07   -8.5608697245e-08    1.8524099757e-07    8.3429777052e-09    3.8258168837e-08
  32.1200000   -1.1945126813e-07    5.5323321286e-09   -1.0876009738e-07    8.3377499970e-07   -8.8126623982e-08    1.8861524520e-07    8.2047284214e-09    3.8326217058e-08
  32.1300000   -1.0331218503e-07    6.0364001361e-09   -1.0270258646e-07    8.3988288279e-07   -9.0257032099e-08    1.9185618664e-07    8.0734934825e-09    3.8391256701e-08
  32.1400000   -8.5958160323e-08    6.9432292606e-09   -9.5296288598e-08    8.4569686655e-07   -9.1976000746e-08    1.9491579777e-07    7.9498246545e-09    3.8453383634e-08
  32.1500000   -6.7568478330e-08    8.2169116708e-09   -8.6649507045e-08    8.5112818193e-07   -9.3264088000e-08    1.9774834355e-07    7.8342173923e-09    3.8512721766e-08
  32.1600000   -4.8338160236e-08    9.8133274614e-09   -7.6888537919e-08    8.5608887942e-07   -9.4106662773e-08    2.0031110978e-07    7.7271415777e-09    3.8569407651e-08
  32.1700000   -2.8476487024e-08    1.1681565450e-08   -6.6155722161e-08    8.6049316146e-07   -9.4494193274e-08    2.0256500526e-07    7.6290149053e-09    3.8623590914e-08
  32.1800000   -8.2051315131e-09    1.3765521003e-08   -5.4607258268e-08    8.6425882720e-07   -9.4422474716e-08    2.0447519691e-07    7.5402036878e-09    3.8675440757e-08
  32.1900000    1.2244039188e-08    1.6005603360e-08   -4.2410765247e-08    8.6730866866e-07   -9.3892723577e-08    2.0601162429e-07    7.4610354811e-09    3.8725145912e-08
  32.2000000    3.2631566824e-08    1.8340614739e-08   -2.9742716999e-08    8.6957185423e-07   -9.2911621788e-08    2.0714945289e-07    7.3917841073e-09    3.8772897427e-08
  32.2100000    5.2713181719e-08    2.0709519323e-08   -1.6785720087e-08    8.7098531134e-07   -9.1491266399e-08    2.0786948263e-07    7.3326749128e-09    3.8818910308e-08
  32.2200000    7.2242927143e-08    2.3053274545e-08   -3.7257103996e-09    8.7149494368e-07   -8.9649008210e-08    2.0815841215e-07    7.2838815371e-09    3.8863399504e-08
  32.2300000    9.0976541510e-08    2.5316546804e-08    9.2508787607e-09    8.7105684910e-07   -8.7407257003e-08    2.0800909038e-07    7.2455246176e-09    3.8906598324e-08
  32.2400000    1.0867485206e-07    2.7449281850e-08    2.1959961281e-08    8.6963836713e-07   -8.4793120465e-08    2.0742060207e-07    7.2176743487e-09    3.8948744056e-08
  32.2500000    1.2510738706e-07    2.9408074549e-08    3.4222614216e-08    8.6721899493e-07   -8.1838034874e-08    2.0639832517e-07    7.2003395183e-09    3.8990078411e-08
  32.2600000    1.4005592505e-07    3.1157343835e-08    4.5867779788e-08    8.6379114909e-07   -7.8577309014e-08    2.0495385795e-07    7.1934964692e-09    3.9030856511e-08
  32.2700000    1.5331785715e-07    3.2670188209e-08    5.6734820514e-08    8.5936072234e-07   -7.5049557591e-08    2.0310486985e-07    7.1970490580e-09    3.9071327444e-08
  32.2800000    1.6470956281e-07    3.3929022826e-08    6.6675971990e-08    8.5394749745e-07   -7.1296158315e-08    2.0087485271e-07    7.2108608639e-09    3.9111742377e-08
  32.2900000    1.7406933018e-07    3.4925875646e-08    7.5558487621e-08    8.4758531032e-07   -6.7360599515e-08    1.9829281143e-07    7.2347413637e-09    3.9152358711e-08
  32.3000000    1.8126016358e-07    3.5662375584e-08    8.3266607293e-08    8.4032199585e-07   -6.3287831566e-08    1.9539284595e-07    7.2684497356e-09    3.9193426866e-08
  32.3100000    1.8617203041e-07    3.6149486824e-08    8.9703233094e-08    8.3221917892e-07   -5.9123570965e-08    1.9221365399e-07    7.3116956980e-09    3.9235192374e-08
  32.3200000    1.8872368844e-07    3.6406856344e-08    9.4791309635e-08    8.2335174898e-07   -5.4913630771e-08    1.8879801626e-07    7.3641472552e-09    3.9277903929e-08
  32.3300000    1.8886416390e-07    3.6462031619e-08    9.8474816186e-08    8.1380721779e-07   -5.0703208117e-08    1.8519214865e-07    7.4254265323e-09    3.9321795222e-08
  32.3400000    1.8657353791e-07    3.6349298678e-08    1.0071952891e-07    8.0368476144e-07   -4.6536246700e-08    1.8144506342e-07    7.4951093537e-09    3.9367091300e-08
  32.3500000    1.8186336734e-07    3.6108419973e-08    1.0151333797e-07    7.9309415705e-07   -4.2454768415e-08    1.7760785986e-07    7.5727329585e-09    3.9414012865e-08
  32.3600000    1.7477652427e-07    3.5783175478e-08    1.0086624029e-07    7.8215447709e-07   -3.8498295451e-08    1.7373298287e-07    7.6578015769e-09    3.9462767732e-08
  32.3700000    1.6538647155e-07    3.5419711286e-08    9.8809985317e-08    7.7099259316e-07   -3.4703277297e-08    1.6987345944e-07    7.7497702572e-09    3.9513549474e-08
  32.3800000    1.5379620399e-07    3.5064957470e-08    9.5397355044e-08    7.5974159481e-07   -3.1102622220e-08    1.6608215424e-07    7.8480740283e-09    3.9566534814e-08
  32.3900000    1.4013665576e-07    3.4764948603e-08    9.0701109727e-08    7.4853901664e-07   -2.7725265388e-08    1.6241097634e-07    7.9521079866e-09    3.9621893891e-08
  32.4000000    1.2456485806e-07    3.4563094187e-08    8.4812654302e-08    7.3752497188e-07   -2.4595818490e-08    1.5891013783e-07    8.0612430881e-09    3.9679775057e-08
  32.4100000    1.0726158988e-07    3.4498671078e-08    7.7840314862e-08    7.2684022987e-07   -2.1734302517e-08    1.5562741199e-07    8.1748271821e-09    3.9740310882e-08
  32.4200000    8.8428935400e-08    3.4605379172e-08    6.9907437611e-08    7.1662423240e-07   -1.9155980567e-08    1.5260744759e-07    8.2921835569e-09    3.9803615392e-08
  32.4300000    6.8287554080e-08    3.4909968734e-08    6.1150247890e-08    7.0701309151e-07   -1.6871261835e-08    1.4989110239e-07    8.4126219884e-09    3.9869784703e-08
  32.4400000    4.7073847220e-08    3.5431248922e-08    5.1715447182e-08    6.9813758163e-07   -1.4885674178e-08    1.4751484691e-07    8.5354304997e-09    3.9938902218e-08
  32.4500000    2.5037017707e-08    3.6179154269e-08    4.1757731105e-08    6.9012119757e-07   -1.3199986393e-08    1.4551023723e-07    8.6598913656e-09    4.0011020267e-08
  32.4600000    2.4360367192e-09    3.7154221826e-08    3.1437139674e-08    6.8307828474e-07   -1.1810319663e-08    1.4390343103e-07    8.7852786040e-09    4.0086181295e-08
  32.4700000   -2.0463245366e-08    3.8347240718e-08    2.0916390619e-08    6.7711225376e-07   -1.0708444180e-08    1.4271482107e-07    8.9108514577e-09    4.0164404136e-08
  32.4800000   -4.3391175979e-08    3.9739296014e-08    1.0358148941e-08    6.7231391615e-07   -9.8820600133e-09    1.4195872155e-07    9.0358765908e-09    4.0245693328e-08
  32.4900000   -6.6077066256e-08    4.1302041072e-08   -7.7673333108e-11    6.6876004138e-07   -9.3152066385e-09    1.4164316279e-07    9.1596230837e-09    4.0330021258e-08
  32.5000000   -8.8252161470e-08    4.2998265602e-08   -1.0236511719e-08    6.6651201717e-07   -8.9886845660e-09    1.4176977969e-07    9.2813670395e-09    4.0417356775e-08
  32.5100000   -1.0965233135e-07    4.4782767754e-08   -1.9971641771e-08    6.6561475686e-07   -8.8805786365e-09    1.4233377735e-07    9.4003801725e-09    4.0507646064e-08
  32.5200000   -1.3002081401e-07    4.6603571841e-08   -2.9146534049e-08    6.6609580949e-07   -8.9667582812e-09    1.4332401476e-07    9.5159596582e-09    4.0600810434e-08
  32.5300000   -1.4911081227e-07    4.8403249818e-08   -3.7636982686e-08    6.6796475675e-07   -9.2214714123e-09    1.4472318174e-07    9.6274163204e-09    4.0696765495e-08
  32.5400000   -1.6668805673e-07    5.0120523847e-08   -4.5332977055e-08    6.7121277910e-07   -9.6179106334e-09    1.4650807053e-07    9.7340683704e-09    4.0795405504e-08
  32.5500000   -1.8253337051e-07    5.1692008172e-08   -5.2140369880e-08    6.7581256458e-07   -1.0128793203e-08    1.4864990336e-07    9.8352698488e-09    4.0896598918e-08
  32.5600000   -1.9644509532e-07    5.3054084035e-08   -5.7982174817e-08    6.8171841803e-07   -1.0726971047e-08    1.5111480895e-07    9.9303926045e-09    4.1000219875e-08
  32.5700000   -2.0824150881e-07    5.4144832344e-08   -6.2799582404e-08    6.8886667358e-07   -1.1385986460e-08    1.5386433414e-07    1.0018837494e-08    4.1106117580e-08
  32.5800000   -2.1776313230e-07    5.4905966257e-08   -6.6552638777e-08    6.9717635938e-07   -1.2080601576e-08    1.5685602216e-07    1.0100035530e-08    4.1214131979e-08
  32.5900000   -2.2487510190e-07    5.5284708435e-08   -6.9220575104e-08    7.0655007446e-07   -1.2787341443e-08    1.6004409209e-07    1.0173445086e-08    4.1324090920e-08
  32.6000000   -2.2946917941e-07    5.5235623019e-08   -7.0801791595e-08    7.1687521678e-07   -1.3484927130e-08    1.6338012247e-07    1.0238572930e-08    4.1435819470e-08
  32.6100000   -2.3146590178e-07    5.4722217000e-08   -7.1313454212e-08    7.2802530927e-07   -1.4154729241e-08    1.6681383868e-07    1.0294953731e-08    4.1549127804e-08
  32.6200000   -2.3081633300e-07    5.3718364971e-08   -7.0790842555e-08    7.3986159062e-07   -1.4781090985e-08    1.7029384701e-07    1.0342168282e-08    4.1663826110e-08
  32.6300000   -2.2750375701e-07    5.2209526254e-08   -6.9286276770e-08    7.5223483668e-07   -1.5351624750e-08    1.7376847139e-07    1.0379833742e-08    4.1779719299e-08
  32.6400000   -2.2154483255e-07    5.0193529492e-08   -6.6867816702e-08    7.6498727106e-07   -1.5857452343e-08    1.7718655035e-07    1.0407616483e-08    4.1896609438e-08
  32.6500000   -2.1299061435e-07    4.7681225762e-08   -6.3617645389e-08    7.7795465710e-07   -1.6293344441e-08    1.8049822637e-07    1.0425225447e-08    4.2014291786e-08
  32.6600000   -2.0192702867e-07    4.4696586137e-08   -5.9630218637e-08    7.9096848633e-07   -1.6657803208e-08    1.8365572322e-07    1.0432422413e-08    4.2132575717e-08
  32.6700000   -1.8847484758e-07    4.1276587437e-08   -5.5010229010e-08    8.0385822599e-07   -1.6953053997e-08    1.8661412057e-07    1.0429005440e-08    4.2251255512e-08
  32.6800000   -1.7278912813e-07    3.7470574197e-08   -4.9870384739e-08    8.1645364485e-07   -1.7184986234e-08    1.8933201783e-07    1.0414835774e-08    4.2370143591e-08
  32.6900000   -1.5505808317e-07    3.3339452232e-08   -4.4329069372e-08    8.2858711303e-07   -1.7363006827e-08    1.9177220386e-07    1.0389817938e-08    4.2489048355e-08
  32.7000000   -1.3550121013e-07    2.8954352379e-08   -3.8507944432e-08    8.4009590989e-07   -1.7499839047e-08    1.9390223230e-07    1.0353907698e-08    4.2607789543e-08
  32.7100000   -1.1436688345e-07    2.4395018880e-08   -3.2529490975e-08    8.5082446198e-07   -1.7611223971e-08    1.9569493749e-07    1.0307114381e-08    4.2726194119e-08
  32.7200000   -9.1929180332e-08    1.9747999631e-08   -2.6514614215e-08    8.6062650263e-07   -1.7715601012e-08    1.9712883675e-07    1.0249496142e-08    4.2844091349e-08
  32.7300000   -6.8484141945e-08    1.5104487566e-08   -2.0580272851e-08    8.6936711704e-07   -1.7833737933e-08    1.9818847385e-07    1.0181163650e-08    4.2961331792e-08
  32.7400000   -4.4345338595e-08    1.0558089309e-08   -1.4837246528e-08    8.7692460015e-07   -1.7988260716e-08    1.9886464884e-07    1.0102275587e-08    4.3077769168e-08
  32.7500000   -1.9839080876e-08    6.2024756313e-09   -9.3880632194e-09    8.8319223116e-07   -1.8203222600e-08    1.9915454909e-07    1.0013042526e-08    4.3193277460e-08
  32.7600000    4.7009750900e-09    2.1288050222e-09   -4.3251059810e-09    8.8807974265e-07   -1.8503586324e-08    1.9906178015e-07    9.9137272577e-09    4.3307729401e-08
  32.7700000    2.8939505971e-08   -1.5765016056e-09    2.7103490190e-10    8.9151465538e-07   -1.8914706746e-08    1.9859627237e-07    9.8046325808e-09    4.3421026074e-08
  32.7800000    5.2545358511e-08   -4.8342031758e-09    4.3329297969e-09    8.9344332025e-07   -1.9461799843e-08    1.9777414565e-07    9.6861156826e-09    4.3533078075e-08
  32.7900000    7.5197469536e-08   -7.5742793412e-09    7.8074246673e-09    8.9383172704e-07   -2.0169422455e-08    1.9661736696e-07    9.5585722609e-09    4.3643810025e-08
  32.8000000    9.6590681014e-08   -9.7378545128e-09    1.0656387466e-08    8.9266605995e-07   -2.1060922316e-08    1.9515343036e-07    9.4224516971e-09    4.3753161897e-08
  32.8100000    1.1644134070e-07   -1.1278854835e-08    1.2857183097e-08    8.8995294899e-07   -2.2157928724e-08    1.9341486046e-07    9.2782346639e-09    4.3861091527e-08
  32.8200000    1.3449241937e-07   -1.2165141772e-08    1.4402774907e-08    8.8571944803e-07   -2.3479890053e-08    1.9143866837e-07    9.1264483733e-09    4.3967570370e-08
  32.8300000    1.5051813577e-07   -1.2379454705e-08    1.5301489866e-08    8.8001276235e-07   -2.5043585044e-08    1.8926573157e-07    8.9676449733e-09    4.4072588396e-08
  32.8400000    1.6432786861e-07   -1.1919822156e-08    1.5576487773e-08    8.7289967426e-07   -2.6862712243e-08    1.8694010647e-07    8.8024187357e-09    4.4176149208e-08
  32.8500000    1.7576921232e-07   -1.0799554788e-08    1.5264860718e-08    8.6446567016e-07   -2.8947513226e-08    1.8450827892e-07    8.6314030344e-09    4.4278269803e-08
  32.8600000    1.8473022090e-07   -9.0467833129e-09    1.4416480595e-08    8.5481389919e-07   -3.1304463618e-08    1.8201839925e-07    8.4552393502e-09    4.4378986564e-08
  32.8700000    1.9114060252e-07   -6.7035618358e-09    1.3092554074e-08    8.4406379402e-07   -3.3935998953e-08    1.7951946176e-07    8.2746204648e-09    4.4478348654e-08
  32.8800000    1.9497194665e-07   -3.8245949999e-09    1.1363929320e-08    8.3234952748e-07   -3.6840306908e-08    1.7706048916e-07    8.0902406427e-09    4.4576423170e-08
  32.8900000    1.9623696778e-07   -4.7556442269e-10    9.3092319643e-09    8.1981822004e-07   -4.0011191338e-08    1.7468970765e-07    7.9028224118e-09    4.4673279664e-08
  32.9000000    1.9498768750e-07    3.2688997741e-09    7.0127769484e-09    8.0662802518e-07   -4.3438018470e-08    1.7245373494e-07    7.7131014838e-09    4.4769013975e-08
  32.9100000    1.9131285945e-07    7.3273997505e-09    4.5624203198e-09    7.9294599384e-07   -4.7105695483e-08    1.7039680845e-07    7.5218288486e-09    4.4863724333e-08
  32.9200000    1.8533448481e-07    1.1614283843e-08    2.0473247723e-09    7.7894587420e-07   -5.0994753553e-08    1.6856002168e-07    7.3297545154e-09    4.4957522091e-08
  32.9300000    1.7720368166e-07    1.6042097009e-08   -4.4433867475e-10    7.6480576113e-07   -5.5081496187e-08    1.6698065885e-07    7.1376499707e-09    4.5050527259e-08
  32.9400000    1.6709605449e-07    2.0524208414e-08   -2.8275859912e-09    7.5070573926e-07   -5.9338194381e-08    1.6569154427e-07    6.9462748214e-09    4.5142878709e-08
  32.9500000    1.5520666829e-07    2.4977240902e-08   -5.0228073294e-09    7.3682545164e-07   -6.3733369715e-08    1.6472051124e-07    6.7563862148e-09    4.5234704963e-08
  32.9600000    1.4174485580e-07    2.9323465951e-08   -6.9577992322e-09    7.2334168910e-07   -6.8232152899e-08    1.6408991612e-07    6.5687442928e-09    4.5326153469e-08
  32.9700000    1.2692903364e-07    3.3492821859e-08   -8.5696282152e-09    7.1042603150e-07   -7.2796646829e-08    1.6381628200e-07    6.3840910254e-09    4.5417367943e-08
  32.9800000    1.1098167889e-07    3.7424738643e-08   -9.8062721991e-09    6.9824250427e-07   -7.7386424177e-08    1.6390999911e-07    6.2031587307e-09    4.5508507505e-08
  32.9900000    9.4124629336e-08    4.1069501727e-08   -1.0628034936e-08    6.8694538150e-07   -8.1958998911e-08    1.6437515778e-07    6.0266603260e-09    4.5599722202e-08
  33.0000000    7.6574963490e-08    4.4389280028e-08   -1.1008657269e-08    6.7667712181e-07   -8.6470388241e-08    1.6520947258e-07    5.8552949270e-09    4.5691169210e-08
  33.0100000    5.8541366654e-08    4.7358551701e-08   -1.0936099777e-08    6.6756643118e-07   -9.0875686964e-08    1.6640433721e-07    5.6897226247e-09    4.5783002425e-08
  33.0200000    4.0221309605e-08    4.9964181237e-08   -1.0413049725e-08    6.5972652403e-07   -9.5129679978e-08    1.6794494697e-07    5.5305933967e-09    4.5875380524e-08
  33.0300000    2.1798931189e-08    5.2204852521e-08   -9.4569873337e-09    6.5325360732e-07   -9.9187442982e-08    1.6981056422e-07    5.3785133028e-09    4.5968456564e-08
  33.0400000    3.4437930511e-09    5.4090189301e-08   -8.1000197295e-09    6.4822556131e-07   -1.0300500343e-07    1.7197484009e-07    5.2340586047e-09    4.6062373214e-08
  33.0500000   -1.4689697507e-08    5.5639288535e-08   -6.3882320635e-09    6.4470091048e-07   -1.0653996074e-07    1.7440627482e-07    5.0977741276e-09    4.6157278539e-08
  33.0600000   -3.2461950093e-08    5.6879010627e-08   -4.3808246836e-09    6.4271800237e-07   -1.0975210552e-07    1.7706874971e-07    4.9701569576e-09    4.6253307468e-08
  33.0700000   -4.9747381079e-08    5.7841815362e-08   -2.1487974851e-09    6.4229452266e-07   -1.1260402274e-07    1.7992210888e-07    4.8516650118e-09    4.6350591622e-08
  33.0800000   -6.6432877659e-08    5.8563477563e-08    2.2658772589e-10    6.4342723374e-07   -1.1506167155e-07    1.8292285903e-07    4.7427130363e-09    4.6449258674e-08
  33.0900000   -8.2415974979e-08    5.9080585387e-08    2.6556349188e-09    6.4609204111e-07   -1.1709491400e-07    1.8602488313e-07    4.6436669396e-09    4.6549420406e-08
  33.1000000   -9.7602639339e-08    5.9428079963e-08    5.0422913432e-09    6.5024429942e-07   -1.1867802188e-07    1.8918021674e-07    4.5548415518e-09    4.6651179307e-08
  33.1100000   -1.1190504649e-07    5.9636858834e-08    7.2864102273e-09    6.5581945359e-07   -1.1979008484e-07    1.9233984801e-07    4.4765107191e-09    4.6754638964e-08
  33.1200000   -1.2523931894e-07    5.9731537719e-08    9.2861735949e-09    6.6273388307e-07   -1.2041540718e-07    1.9545454589e-07    4.4088812033e-09    4.6859878702e-08
  33.1300000   -1.3752351261e-07    5.9728567800e-08    1.0940612695e-08    6.7088607463e-07   -1.2054380704e-07    1.9847567754e-07    4.3521144037e-09    4.6966973131e-08
  33.1400000   -1.4867595204e-07    5.9634664730e-08    1.2152120241e-08    6.8015797325e-07   -1.2017083309e-07    2.0135603025e-07    4.3063211544e-09    4.7075983314e-08
  33.1500000   -1.5861406177e-07    5.9445811146e-08    1.2829042755e-08    6.9041662158e-07   -1.1929791251e-07    2.0405058399e-07    4.2715522665e-09    4.7186962015e-08
  33.1600000   -1.6725371403e-07    5.9146710026e-08    1.2888105787e-08    7.0151595314e-07   -1.1793243590e-07    2.0651728945e-07    4.2478000451e-09    4.7299950477e-08
  33.1700000   -1.7450931910e-07    5.8710886238e-08    1.2256785221e-08    7.1329877472e-07   -1.1608771645e-07    2.0871775582e-07    4.2350104070e-09    4.7414971269e-08
  33.1800000   -1.8029457996e-07    5.8101339988e-08    1.0875473834e-08    7.2559893509e-07   -1.1378287459e-07    2.1061788086e-07    4.2330637235e-09    4.7532045630e-08
  33.1900000   -1.8452384412e-07    5.7271894841e-08    8.6993912083e-09    7.3824356343e-07   -1.1104267365e-07    2.1218845297e-07    4.2417970347e-09    4.7651166798e-08
  33.2000000   -1.8711421630e-07    5.6169008470e-08    5.7002614899e-09    7.5105543250e-07   -1.0789719182e-07    2.1340559241e-07    4.2609865420e-09    4.7772331944e-08
  33.2100000   -1.8798824821e-07    5.4734156173e-08    1.8676361529e-09    7.6385536608e-07   -1.0438149011e-07    2.1425119431e-07    4.2903575981e-09    4.7895517638e-08
  33.2200000   -1.8707701118e-07    5.2906724540e-08   -2.7901135622e-09    7.7646468945e-07   -1.0053513940e-07    2.1471318932e-07    4.3295823884e-09    4.8020695545e-08
  33.2300000   -1.8432362149e-07    5.0627071401e-08   -8.2452197355e-09    7.8870764755e-07   -9.6401741270e-08    2.1478575696e-07    4.3782910152e-09    4.8147823567e-08
  33.2400000   -1.7968690453e-07    4.7840019384e-08   -1.4450313936e-08    8.0041377852e-07   -9.2028308301e-08    2.1446942656e-07    4.4360598276e-09    4.8276847437e-08
  33.2500000   -1.7314509562e-07    4.4498210248e-08   -2.1338680541e-08    8.1142026314e-07   -8.7464657556e-08    2.1377105650e-07    4.5024246711e-09    4.8407702753e-08
  33.2600000   -1.6469935061e-07    4.0565622001e-08   -2.8824892042e-08    8.2157409667e-07   -8.2762696951e-08    2.1270370205e-07    4.5768772463e-09    4.8540320651e-08
  33.2700000   -1.5437700746e-07    3.6020711276e-08   -3.6805905942e-08    8.3073416021e-07   -7.7975709704e-08    2.1128641412e-07    4.6588707127e-09    4.8674620410e-08
  33.2800000   -1.4223433784e-07    3.0859285922e-08   -4.5162549907e-08    8.3877311697e-07   -7.3157610535e-08    2.0954391237e-07    4.7478216986e-09    4.8810515533e-08
  33.2900000   -1.2835848440e-07    2.5096856221e-08   -5.3761411115e-08    8.4557914348e-07   -6.8362190058e-08    2.0750615552e-07    4.8431181051e-09    4.8947907348e-08
  33.3000000   -1.1286886463e-07    1.8770409543e-08   -6.2457027445e-08    8.5105738392e-07   -6.3642335811e-08    2.0520786198e-07    4.9441140242e-09    4.9086701869e-08
  33.3100000   -9.5917533154e-08    1.1939436128e-08   -7.1094493463e-08    8.5513122464e-07   -5.9049280172e-08    2.0268788723e-07    5.0501458442e-09    4.9226783455e-08
  33.3200000   -7.7688557434e-08    4.6861508699e-09   -7.9512238869e-08    8.5774326741e-07   -5.4631898083e-08    1.9998862507e-07    5.1605251562e-09    4.9368047453e-08
  33.3300000   -5.8396547124e-08   -2.8850356861e-09   -8.7545091295e-08    8.5885608595e-07   -5.0435977918e-08    1.9715525158e-07    5.2745410756e-09    4.9510377047e-08
  33.3400000   -3.8284067406e-08   -1.0649100508e-08   -9.5027497926e-08    8.5845264813e-07   -4.6503607523e-08    1.9423501560e-07    5.3914819971e-09    4.9653654750e-08
  33.3500000   -1.7618162348e-08   -1.8462591876e-08   -1.0179678385e-07    8.5653647394e-07   -4.2872578135e-08    1.9127642297e-07    5.5106232744e-09    4.9797759059e-08
  33.3600000    3.3140617949e-09   -2.6166821746e-08   -1.0769656343e-07    8.5313154726e-07   -3.9575885631e-08    1.8832845394e-07    5.6312346613e-09    4.9942572601e-08
  33.3700000    2.4210483213e-08   -3.3591682818e-08   -1.1258001667e-07    8.4828184346e-07   -3.6641266752e-08    1.8543973536e-07    5.7525877850e-09    5.0087965577e-08
  33.3800000    4.4759733895e-08   -4.0560108484e-08   -1.1631310221e-07    8.4205069537e-07   -3.4090873153e-08    1.8265776217e-07    5.8739618044e-09    5.0233825950e-08
  33.3900000    6.4647416689e-08   -4.6892943105e-08   -1.1877762071e-07    8.3451980729e-07   -3.1941022490e-08    1.8002810585e-07    5.9946442730e-09    5.0380027472e-08
  33.4000000    8.3562511243e-08   -5.2414258881e-08   -1.1987402123e-07    8.2578805896e-07   -3.0202015325e-08    1.7759367147e-07    6.1139352376e-09    5.0526445726e-08
  33.4100000    1.0120400966e-07   -5.6956635358e-08   -1.1952392984e-07    8.1597001730e-07   -2.8878100464e-08    1.7539401167e-07    6.2311559507e-09    5.0672972466e-08
  33.4200000    1.1728728079e-07   -6.0366593424e-08   -1.1767231418e-07    8.0519431501e-07   -2.7967521755e-08    1.7346469629e-07    6.3456522653e-09    5.0819486783e-08
  33.4300000    1.3155020209e-07   -6.2509647259e-08   -1.1428927246e-07    7.9360176954e-07   -2.7462639275e-08    1.7183672366e-07    6.4567891086e-09    5.0965877076e-08
  33.4400000    1.4375890771e-07   -6.3275026395e-08   -1.0937133962e-07    7.8134337782e-07   -2.7350188369e-08    1.7053605509e-07    6.5639736040e-09    5.1112039338e-08
  33.4500000    1.5371266806e-07   -6.2579791389e-08   -1.0294235637e-07    7.6857814695e-07   -2.7611621742e-08    1.6958322032e-07    6.6666291586e-09    5.1257871430e-08
  33.4600000    1.6124824441e-07   -6.0372199765e-08   -9.5053792726e-08    7.5547082373e-07   -2.8223512391e-08    1.6899300343e-07    6.7642381505e-09    5.1403268392e-08
  33.4700000    1.6624315536e-07   -5.6634276279e-08   -8.5784563655e-08    7.4218961665e-07   -2.9158071043e-08    1.6877425041e-07    6.8563083963e-09    5.1548143663e-08
  33.4800000    1.6861807915e-07   -5.1383353201e-08   -7.5240320130e-08    7.2890376956e-07   -3.0383715695e-08    1.6892974953e-07    6.9423974151e-09    5.1692396249e-08
  33.4900000    1.6833822180e-07   -4.4672619345e-08   -6.3552188617e-08    7.1578125224e-07   -3.1865682357e-08    1.6945624556e-07    7.0221073640e-09    5.1835958257e-08
  33.5000000    1.6541363685e-07   -3.6590604884e-08   -5.0875032645e-08    7.0298639194e-07   -3.3566725692e-08    1.7034455272e-07    7.0950903678e-09    5.1978748477e-08
  33.5100000    1.5989852197e-07   -2.7259687660e-08   -3.7385190626e-08    6.9067762344e-07   -3.5447808271e-08    1.7157973410e-07    7.1610452263e-09    5.2120693322e-08
  33.5200000    1.5188962423e-07   -1.6833467416e-08   -2.3277762958e-08    6.7900534206e-07   -3.7468844850e-08    1.7314143754e-07    7.2197294885e-09    5.2261728104e-08
  33.5300000    1.4152365221e-07   -5.4932986612e-09   -8.7635082739e-09    6.6810983351e-07   -3.9589403794e-08    1.7500425411e-07    7.2709464925e-09    5.2401792813e-08
  33.5400000    1.2897391386e-07    6.5560106327e-09    5.9346537799e-09    6.5811942931e-07   -4.1769477508e-08    1.7713822657e-07    7.3145631269e-09    5.2540835244e-08
  33.5500000    1.1444643732e-07    1.9091127725e-08    2.0585384074e-08    6.4914883638e-07   -4.3970146651e-08    1.7950938446e-07    7.3504876500e-09    5.2678806753e-08
  33.5600000    9.8175297797e-08    3.1875744095e-08    3.4952978631e-08    6.4129763409e-07   -4.6154271221e-08    1.8208036326e-07    7.3786935977e-09    5.2815667527e-08
  33.5700000    8.0417729926e-08    4.4666442784e-08    4.8801487971e-08    6.3464905193e-07   -4.8287094425e-08    1.8481108287e-07    7.3992058671e-09    5.2951379385e-08
  33.5800000    6.1448902852e-08    5.7218674068e-08    6.1899023440e-08    6.2926898795e-07   -5.0336829130e-08    1.8765946481e-07    7.4121019353e-09    5.3085908400e-08
  33.5900000    4.1556590098e-08    6.9292758037e-08    7.4021952121e-08    6.2520524164e-07   -5.2275130312e-08    1.9058215494e-07    7.4175201935e-09    5.3219233173e-08
  33.6000000    2.1035873138e-08    8.0659651955e-08    8.4959111455e-08    6.2248711429e-07   -5.4077525013e-08    1.9353531025e-07    7.4156421011e-09    5.3351329676e-08
  33.6100000    1.8394474598e-10    9.1106411836e-08    9.4515808967e-08    6.2112518160e-07   -5.5723716972e-08    1.9647534325e-07    7.4067019382e-09    5.3482185937e-08
  33.6200000   -2.0704823969e-08    1.0044102556e-07    1.0251760473e-07    6.2111141676e-07   -5.7197863190e-08    1.9935968337e-07    7.3909814213e-09    5.3611789328e-08
  33.6300000   -4.1343448699e-08    1.0849663009e-07    1.0881377179e-07    6.2241954443e-07   -5.8488708650e-08    2.0214748326e-07    7.3688106900e-09    5.3740128690e-08
  33.6400000   -6.1456479861e-08    1.1513504122e-07    1.1328039809e-07    6.2500568394e-07   -5.9589624319e-08    2.0480033589e-07    7.3405614903e-09    5.3867203760e-08
  33.6500000   -8.0783745944e-08    1.2024922358e-07    1.1582299720e-07    6.2880921954e-07   -6.0498587260e-08    2.0728290229e-07    7.3066543240e-09    5.3993018707e-08
  33.6600000   -9.9083476281e-08    1.2376504506e-07    1.1637867945e-07    6.3375395968e-07   -6.1218038665e-08    2.0956348463e-07    7.2675316684e-09    5.4117565723e-08
  33.6700000   -1.1613494761e-07    1.2564212692e-07    1.1491771283e-07    6.3974944268e-07   -6.1754671150e-08    2.1161455028e-07    7.2236794958e-09    5.4240862746e-08
  33.6800000   -1.3174059358e-07    1.2587361177e-07    1.1144453226e-07    6.4669249591e-07   -6.2119133984e-08    2.1341314639e-07    7.1756192602e-09    5.4362915470e-08
  33.6900000   -1.4572754091e-07    1.2448526552e-07    1.0599816616e-07    6.5446891937e-07   -6.2325651983e-08    2.1494125864e-07    7.1238925056e-09    5.4483728693e-08
  33.7000000   -1.5794871458e-07    1.2153367627e-07    9.8651937992e-08    6.6295535148e-07   -6.2391587713e-08    2.1618605165e-07    7.0690677148e-09    5.4603321243e-08
  33.7100000   -1.6828340194e-07    1.1710378114e-07    8.9512656239e-08    6.7202121404e-07   -6.2336976449e-08    2.1714004342e-07    7.0117328507e-09    5.4721707662e-08
  33.7200000   -1.7663741951e-07    1.1130580809e-07    7.8719126941e-08    6.8153075832e-07   -6.2183963926e-08    2.1780113101e-07    6.9524946596e-09    5.4838901835e-08
  33.7300000   -1.8294290248e-07    1.0427172081e-07    6.6440051584e-08    6.9134511359e-07   -6.1956265762e-08    2.1817258900e-07    6.8919675696e-09    5.4954927090e-08
  33.7400000   -1.8715775946e-07    9.6151333259e-08    5.2871398584e-08    7.0132442861e-07   -6.1678596809e-08    2.1826288955e-07    6.8307762038e-09    5.5069795974e-08
  33.7500000   -1.8926485205e-07    8.7108211223e-08    3.8233221839e-08    7.1132987692e-07   -6.1376061870e-08    2.1808550443e-07    6.7695528910e-09    5.5183530101e-08
  33.7600000   -1.8927096555e-07    7.7315486987e-08    2.2766022326e-08    7.2122574196e-07   -6.1073604272e-08    2.1765856371e-07    6.7089182115e-09    5.5296145764e-08
  33.7700000   -1.8720560486e-07    6.6951725633e-08    6.7266851732e-09    7.3088129551e-07   -6.0795435737e-08    2.1700444733e-07    6.6495038818e-09    5.5407665351e-08
  33.7800000   -1.8311959207e-07    5.6196897743e-08   -9.6158645045e-09    7.4017263594e-07   -6.0564504819e-08    2.1614932740e-07    6.5919245832e-09    5.5518104359e-08
  33.7900000   -1.7708368795e-07    4.5228727749e-08   -2.5985334832e-08    7.4898435517e-07   -6.0402036287e-08    2.1512258588e-07    6.5367847446e-09    5.5627485224e-08
  33.8000000   -1.6918711256e-07    3.4219271206e-08   -4.2102870349e-08    7.5721105226e-07   -6.0327060296e-08    2.1395624458e-07    6.4846734643e-09    5.5735822750e-08
  33.8100000   -1.5953594001e-07    2.3331927046e-08   -5.7691930752e-08    7.6475862178e-07   -6.0356056920e-08    2.1268429991e-07    6.4361657553e-09    5.5843135207e-08
  33.8200000   -1.4825169380e-07    1.2719028034e-08   -7.2483225826e-08    7.7154539553e-07   -6.0502632370e-08    2.1134205448e-07    6.3918068732e-09    5.5949436464e-08
  33.8300000   -1.3546974589e-07    2.5197129368e-09   -8.6219446189e-08    7.7750301633e-07   -6.0777263474e-08    2.0996542976e-07    6.3521269494e-09    5.6054742071e-08
  33.8400000   -1.2133787929e-07   -7.1415293622e-09   -9.8659947804e-08    7.8257705614e-07   -6.1187147259e-08    2.0859023187e-07    6.3176164867e-09    5.6159065478e-08
  33.8500000   -1.0601482949e-07   -1.6155884620e-08   -1.0958502938e-07    7.8672747448e-07   -6.1736069970e-08    2.0725149360e-07    6.2887421522e-09    5.6262419079e-08
  33.8600000   -8.9668929332e-08   -2.4430729748e-08   -1.1879998334e-07    7.8992875830e-07   -6.2424407598e-08    2.0598278669e-07    6.2659417656e-09    5.6364812769e-08
  33.8700000   -7.2476635130e-08   -3.1889767040e-08   -1.2613860755e-07    7.9216984606e-07   -6.3249138614e-08    2.0481557442e-07    6.2496034168e-09    5.6466245724e-08
  33.8800000   -5.4621270511e-08   -3.8472763300e-08   -1.3146630358e-07    7.9345381989e-07   -6.4203986991e-08    2.0377862054e-07    6.2400897788e-09    5.6566730303e-08
  33.8900000   -3.6291695760e-08   -4.4134870439e-08   -1.3468256796e-07    7.9379737443e-07   -6.5279546559e-08    2.0289745281e-07    6.2377272937e-09    5.6666268021e-08
  33.9000000   -1.7680962607e-08   -4.8845812117e-08   -1.3572289758e-07    7.9323005318e-07   -6.6463575684e-08    2.0219386781e-07    6.2427862881e-09    5.6764857102e-08
  33.9100000    1.0149594081e-09   -5.2588769076e-08   -1.3456009063e-07    7.9179331970e-07   -6.7741237796e-08    2.0168555136e-07    6.2555102098e-09    5.6862496062e-08
  33.9200000    1.9598502922e-08   -5.5359157027e-08   -1.3120480277e-07    7.8953940541e-07   -6.9095420650e-08    2.0138575354e-07    6.2760873287e-09    5.6959180109e-08
  33.9300000    3.7871871943e-08   -5.7163347149e-08   -1.2570551683e-07    7.8653007893e-07   -7.0507107842e-08    2.0130303385e-07    6.3046698010e-09    5.7054895223e-08
  33.9400000    5.5638393399e-08   -5.8017387573e-08   -1.1814772845e-07    7.8283522800e-07   -7.1955769123e-08    2.0144114233e-07    6.3413663192e-09    5.7149630954e-08
  33.9500000    7.2703952717e-08   -5.7945669039e-08   -1.0865258293e-07    7.7853135472e-07   -7.3419753598e-08    2.0179896118e-07    6.3862335434e-09    5.7243366975e-08
  33.9600000    8.8878513987e-08   -5.6979844554e-08   -9.7374725583e-08    7.7370001099e-07   -7.4876676761e-08    2.0237053980e-07    6.4392895201e-09    5.7336090142e-08
  33.9700000    1.0397765889e-07   -5.5157713603e-08   -8.4499696481e-08    7.6842619894e-07   -7.6303852205e-08    2.0314523145e-07    6.5005081360e-09    5.7427770452e-08
  33.9800000    1.1782426294e-07   -5.2522372656e-08   -7.0240664911e-08    7.6279675464e-07   -7.7678679568e-08    2.0410792822e-07    6.5698186736e-09    5.7518380408e-08
  33.9900000    1.3025015240e-07   -4.9121433930e-08   -5.4834678396e-08    7.5689875677e-07   -7.8979010495e-08    2.0523936301e-07    6.6471030353e-09    5.7607886776e-08
  34.0000000    1.4109801232e-07   -4.5006543099e-08   -3.8538530398e-08    7.5081795833e-07   -8.0183516610e-08    2.0651649276e-07    6.7322125420e-09    5.7696253798e-08
  34.0100000    1.5022311136e-07   -4.0232928787e-08   -2.1624206908e-08    7.4463734383e-07   -8.1272011547e-08    2.0791295378e-07    6.8249424442e-09    5.7783446092e-08
  34.0200000    1.5749537562e-07   -3.4859187127e-08   -4.3741187365e-09    7.3843576553e-07   -8.2225740721e-08    2.0939959674e-07    6.9250627823e-09    5.7869408732e-08
  34.0300000    1.6280118192e-07   -2.8947183802e-08    1.2923889669e-08    7.3228667512e-07   -8.3027625342e-08    2.1094504890e-07    7.0322930517e-09    5.7954098557e-08
  34.0400000    1.6604543939e-07   -2.2562075086e-08    2.9981615225e-08    7.2625708755e-07   -8.3662499217e-08    2.1251631946e-07    7.1463265843e-09    5.8037459175e-08
  34.0500000    1.6715343823e-07   -1.5772280537e-08    4.6515528763e-08    7.2040662040e-07   -8.4117257090e-08    2.1407945717e-07    7.2668206018e-09    5.8119433265e-08
  34.0600000    1.6607270360e-07   -8.6496847333e-09    6.2251811752e-08    7.1478677276e-07   -8.4381007562e-08    2.1560019946e-07    7.3933880011e-09    5.8199960958e-08
  34.0700000    1.6277479991e-07   -1.2696288538e-09    7.6931059905e-08    7.0944037385e-07   -8.4445136353e-08    2.1704463689e-07    7.5256307073e-09    5.8278967977e-08
  34.0800000    1.5725682640e-07    6.2890989432e-09    9.0312867188e-08    7.0440124708e-07   -8.4303380113e-08    2.1837988638e-07    7.6631057657e-09    5.8356397460e-08
  34.0900000    1.4954282670e-07    1.3944317231e-08    1.0217994511e-07    6.9969404453e-07   -8.3951824020e-08    2.1957470431e-07    7.8053565672e-09    5.8432165002e-08
  34.1000000    1.3968487959e-07    2.1610730594e-08    1.1234186419e-07    6.9533434297e-07   -8.3388903412e-08    2.2060011996e-07    7.9518950338e-09    5.8506199831e-08
  34.1100000    1.2776378947e-07    2.9200332177e-08    1.2063826372e-07    6.9132885745e-07   -8.2615342876e-08    2.2142996702e-07    8.1022152961e-09    5.8578420978e-08
  34.1200000    1.1388949263e-07    3.6623061017e-08    1.2694154198e-07    6.8767590928e-07   -8.1634086101e-08    2.2204143011e-07    8.2557926332e-09    5.8648749712e-08
  34.1300000    9.8201063884e-08    4.3787568141e-08    1.3115890384e-07    6.8436604424e-07   -8.0450219044e-08    2.2241547489e-07    8.4120890812e-09    5.8717098918e-08
  34.1400000    8.0866068217e-08    5.0602274230e-08    1.3323379890e-07    6.8138278617e-07   -7.9070837027e-08    2.2253723428e-07    8.5705461941e-09    5.8783386046e-08
  34.1500000    6.2079631877e-08    5.6976664925e-08    1.3314669166e-07    6.7870357436e-07   -7.7504942605e-08    2.2239630588e-07    8.7306053376e-09    5.8847523068e-08
  34.1600000    4.2062782735e-08    6.2822694752e-08    1.3091512623e-07    6.7630079877e-07   -7.5763313935e-08    2.2198698835e-07    8.8916907469e-09    5.8909426315e-08
  34.1700000    2.1060408522e-08    6.8056413046e-08    1.2659317375e-07    6.7414290190e-07   -7.3858388562e-08    2.2130840202e-07    9.0532309094e-09    5.8969012741e-08
  34.1800000   -6.6141401870e-10    7.2599703169e-08    1.2027017139e-07    6.7219559802e-07   -7.1804095088e-08    2.2036453936e-07    9.2146369178e-09    5.9026198467e-08
  34.1900000   -2.2818627377e-08    7.6382083816e-08    1.1206887529e-07    6.7042309350e-07   -6.9615764273e-08    2.1916424743e-07    9.3753341335e-09    5.9080899316e-08
  34.2000000   -4.5112784220e-08    7.9342530279e-08    1.0214298072e-07    6.6878932984e-07   -6.7309981967e-08    2.1772108522e-07    9.5347410859e-09    5.9133043320e-08
  34.2100000   -6.7235253061e-08    8.1431273781e-08    9.0674124661e-08    6.6725921154e-07   -6.4904465900e-08    2.1605309178e-07    9.6922905498e-09    5.9182551849e-08
  34.2200000   -8.8871645637e-08    8.2611409463e-08    7.7868396383e-08    6.6579979280e-07   -6.2417941152e-08    2.1418254841e-07    9.8474117765e-09    5.9229358334e-08
  34.2300000   -1.0970663809e-07    8.2860400326e-08    6.3952461156e-08    6.6438137542e-07   -5.9870052148e-08    2.1213557139e-07    9.9995502705e-09    5.9273397599e-08
  34.2400000   -1.2942899588e-07    8.2171289036e-08    4.9169295973e-08    6.6297852600e-07   -5.7281212265e-08    2.0994168565e-07    1.0148162186e-08    5.9314610361e-08
  34.2500000   -1.4773675497e-07    8.0553584297e-08    3.3773687343e-08    6.6157094010e-07   -5.4672537351e-08    2.0763334723e-07    1.0292716063e-08    5.9352951819e-08
  34.2600000   -1.6434230907e-07    7.8033770075e-08    1.8027593535e-08    6.6014423573e-07   -5.2065701583e-08    2.0524537975e-07    1.0432702613e-08    5.9388379129e-08
  34.2700000   -1.7897763812e-07    7.4655406116e-08    2.1953511746e-09    6.5869047913e-07   -4.9482844198e-08    2.0281439723e-07    1.0567630274e-08    5.9420860921e-08
  34.2800000   -1.9139904697e-07    7.0478796146e-08   -1.3461003675e-08    6.5720861701e-07   -4.6946431744e-08    2.0037818909e-07    1.0697021938e-08    5.9450372263e-08
  34.2900000   -2.0139182441e-07    6.5580126791e-08   -2.8686449851e-08    6.5570468813e-07   -4.4479146782e-08    1.9797508837e-07    1.0820429478e-08    5.9476906227e-08
  34.3000000   -2.0877440785e-07    6.0050225486e-08   -4.3237405691e-08    6.5419185320e-07   -4.2103756289e-08    1.9564331510e-07    1.0937424582e-08    5.9500462468e-08
  34.3100000   -2.1340198325e-07    5.3992775892e-08   -5.6885940684e-08    6.5269019149e-07   -3.9842938137e-08    1.9342033895e-07    1.1047611871e-08    5.9521049526e-08
  34.3200000   -2.1516960950e-07    4.7522177378e-08   -6.9423648845e-08    6.5122634807e-07   -3.7719121511e-08    1.9134226657e-07    1.1150615579e-08    5.9538695624e-08
  34.3300000   -2.1401454290e-07    4.0761003464e-08   -8.0665102181e-08    6.4983296464e-07   -3.5754328789e-08    1.8944320022e-07    1.1246101974e-08    5.9553441490e-08
  34.3400000   -2.0991794926e-07    3.3837200038e-08   -9.0450806937e-08    6.4854792287e-07   -3.3969942817e-08    1.8775471311e-07    1.1333757259e-08    5.9565336549e-08
  34.3500000   -2.0290573351e-07    2.6881021579e-08   -9.8649707110e-08    6.4741342946e-07   -3.2386514694e-08    1.8630528930e-07    1.1413302367e-08    5.9574446930e-08
  34.3600000   -1.9304862935e-07    2.0021880366e-08   -1.0516105275e-07    6.4647493745e-07   -3.1023518678e-08    1.8511987270e-07    1.1484498703e-08    5.9580850274e-08
  34.3700000   -1.8046150785e-07    1.3385139323e-08   -1.0991573720e-07    6.4577995876e-07   -2.9899096059e-08    1.8421944105e-07    1.1547140939e-08    5.9584644093e-08
  34.3800000   -1.6530184047e-07    7.0890335086e-09   -1.1287698337e-07    6.4537675042e-07   -2.9029823872e-08    1.8362066812e-07    1.1601056865e-08    5.9585935876e-08
  34.3900000   -1.4776740195e-07    1.2416882866e-09   -1.1404044010e-07    6.4531295223e-07   -2.8430430068e-08    1.8333565353e-07    1.1646117716e-08    5.9584845513e-08
  34.4000000   -1.2809329347e-07   -4.0614510539e-09   -1.1343367325e-07    6.4563410028e-07   -2.8113524213e-08    1.8337171125e-07    1.1682228014e-08    5.9581510484e-08
  34.4100000   -1.0654827932e-07   -8.7399752154e-09   -1.1111504531e-07    6.4638223574e-07   -2.8089336438e-08    1.8373128805e-07    1.1709330802e-08    5.9576071076e-08
  34.4200000   -8.3430590654e-08   -1.2730337918e-08   -1.0717203865e-07    6.4759442682e-07   -2.8365446743e-08    1.8441188535e-07    1.1727418177e-08    5.9568695317e-08
  34.4300000   -5.9063129702e-08   -1.5987130801e-08   -1.0171909100e-07    6.4930137667e-07   -2.8946554759e-08    1.8540613362e-07    1.1736513092e-08    5.9559548225e-08
  34.4400000   -3.3788433890e-08   -1.8483882117e-08   -9.4894901820e-08    6.5152614862e-07   -2.9834231311e-08    1.8670189657e-07    1.1736677052e-08    5.9548813416e-08
  34.4500000   -7.9632024801e-09   -2.0213268473e-08   -8.6859372028e-08    6.5428290953e-07   -3.1026739477e-08    1.8828250103e-07    1.1728027177e-08    5.9536674650e-08
  34.4600000    1.8047323801e-08   -2.1186671355e-08   -7.7790183603e-08    6.5757591880e-07   -3.2518860832e-08    1.9012697932e-07    1.1710709587e-08    5.9523331617e-08
  34.4700000    4.3874985058e-08   -2.1433253855e-08   -6.7879074239e-08    6.6139858797e-07   -3.4301768146e-08    1.9221043030e-07    1.1684913699e-08    5.9508988519e-08
  34.4800000    6.9154439225e-08   -2.0998517762e-08   -5.7327957376e-08    6.6573283122e-07   -3.6362978962e-08    1.9450441782e-07    1.1650875562e-08    5.9493851777e-08
  34.4900000    9.3528633332e-08   -1.9942263161e-08   -4.6344881466e-08    6.7054855665e-07   -3.8686288500e-08    1.9697743310e-07    1.1608866193e-08    5.9478132186e-08
  34.5000000    1.1665415694e-07   -1.8336374751e-08   -3.5139954009e-08    6.7580340392e-07   -4.1251857996e-08    1.9959539063e-07    1.1559194729e-08    5.9462044244e-08
  34.5100000    1.3820627752e-07   -1.6262108899e-08   -2.3921331700e-08    6.8144278648e-07   -4.4036269124e-08    2.0232217702e-07    1.1502208667e-08    5.9445793996e-08
  34.5200000    1.5788349160e-07   -1.3807264799e-08   -1.2891279298e-08    6.8740014362e-07   -4.7012709627e-08    2.0512022720e-07    1.1438305238e-08    5.9429599280e-08
  34.5300000    1.7541170885e-07   -1.1063291197e-08   -2.2424627010e-09    6.9359745382e-07   -5.0151212823e-08    2.0795111700e-07    1.1367902958e-08    5.9413657102e-08
  34.5400000    1.9054788963e-07   -8.1223281332e-09    7.8455038938e-09    6.9994603834e-07   -5.3418937186e-08    2.1077615490e-07    1.1291466780e-08    5.9398170791e-08
  34.5500000    2.0308314761e-07   -5.0744124756e-09    1.7209206558e-08    7.0634758856e-07   -5.6780519611e-08    2.1355699084e-07    1.1209483769e-08    5.9383337483e-08
  34.5600000    2.1284516661e-07   -2.0048418563e-09    2.5704160199e-08    7.1269549671e-07   -6.0198509457e-08    2.1625621760e-07    1.1122483730e-08    5.9369331547e-08
  34.5700000    2.1970015989e-07    1.0081043106e-09    3.3207164017e-08    7.1887635242e-07   -6.3633857421e-08    2.1883792194e-07    1.1031020124e-08    5.9356322454e-08
  34.5800000    2.2355401289e-07    3.8951804597e-09    3.9618088037e-08    7.2477168819e-07   -6.7046397418e-08    2.2126825693e-07    1.0935669173e-08    5.9344472088e-08
  34.5900000    2.2435302937e-07    6.5976509699e-09    4.4861295350e-08    7.3025989735e-07   -7.0395453693e-08    2.2351592359e-07    1.0837041554e-08    5.9333921724e-08
  34.6000000    2.2208383635e-07    9.0684593937e-09    4.8886407748e-08    7.3521832731e-07   -7.3640428559e-08    2.2555265276e-07    1.0735764760e-08    5.9324794494e-08
  34.6100000    2.1677296213e-07    1.1272798583e-08    5.1668618983e-08    7.3952544522e-07   -7.6741418594e-08    2.2735362118e-07    1.0632478874e-08    5.9317198979e-08
  34.6200000    2.0848568847e-07    1.3188258659e-08    5.3208486328e-08    7.4306313071e-07   -7.9659851243e-08    2.2889780178e-07    1.0527845163e-08    5.9311221807e-08
  34.6300000    1.9732444523e-07    1.4804642936e-08    5.3531197384e-08    7.4571900792e-07   -8.2359127508e-08    2.3016823552e-07    1.0422530550e-08    5.9306928719e-08
  34.6400000    1.8342685766e-07    1.6123129653e-08    5.2685318035e-08    7.4738872988e-07   -8.4805216826e-08    2.3115229349e-07    1.0317216460e-08    5.9304372752e-08
  34.6500000    1.6696328051e-07    1.7155395694e-08    5.0741178077e-08    7.4797827999e-07   -8.6967270529e-08    2.3184181238e-07    1.0212581051e-08    5.9303570919e-08
  34.6600000    1.4813407641e-07    1.7922166052e-08    4.7788721914e-08    7.4740615689e-07   -8.8818171704e-08    2.3223317432e-07    1.0109306454e-08    5.9304527094e-08
  34.6700000    1.2716657765e-07    1.8451686884e-08    4.3935100103e-08    7.4560541843e-07   -9.0335018904e-08    2.3232732654e-07    1.0008068104e-08    5.9307227266e-08
  34.6800000    1.0431194106e-07    1.8778080170e-08    3.9301914152e-08    7.4252558412e-07   -9.1499601277e-08    2.3212971480e-07    9.9095287844e-09    5.9311624447e-08
  34.6900000    7.9841709171e-08    1.8939508778e-08    3.4022229442e-08    7.3813427643e-07   -9.2298742492e-08    2.3165015651e-07    9.8143424358e-09    5.9317652156e-08
  34.7000000    5.4044359623e-08    1.8976449139e-08    2.8237398932e-08    7.3241866406e-07   -9.2724594943e-08    2.3090262479e-07    9.7231424391e-09    5.9325226884e-08
  34.7100000    2.7221854776e-08    1.8929999011e-08    2.2093814307e-08    7.2538655147e-07   -9.2774839879e-08    2.2990500714e-07    9.6365422709e-09    5.9334244912e-08
  34.7200000   -3.1388671768e-10    1.8840281502e-08    1.5739555239e-08    7.1706721609e-07   -9.2452785363e-08    2.2867875001e-07    9.5551166785e-09    5.9344578174e-08
  34.7300000   -2.8244396796e-08    1.8745125112e-08    9.3211961310e-09    7.0751185509e-07   -9.1767361496e-08    2.2724850780e-07    9.4794194113e-09    5.9356078303e-08
  34.7400000   -5.6248026816e-08    1.8678823546e-08    2.9805885050e-09    6.9679367291e-07   -9.0733026075e-08    2.2564170500e-07    9.4099648839e-09    5.9368590906e-08
  34.7500000   -8.4003179500e-08    1.8671278434e-08   -3.1481057986e-09    6.8500761776e-07   -8.9369572739e-08    2.2388804245e-07    9.3472288323e-09    5.9381943841e-08
  34.7600000   -1.1119139648e-07    1.8747236507e-08   -8.9411977345e-09    6.7226969926e-07   -8.7701800150e-08    2.2201903868e-07    9.2916361377e-09    5.9395943462e-08
  34.7700000   -1.3750037210e-07    1.8925911391e-08   -1.4287884485e-08    6.5871595101e-07   -8.5759133124e-08    2.2006746619e-07    9.2435584396e-09    5.9410398783e-08
  34.7800000   -1.6262673306e-07    1.9220765228e-08   -1.9092444690e-08    6.4450095443e-07   -8.3575117594e-08    2.1806683543e-07    9.2033234738e-09    5.9425104644e-08
  34.7900000   -1.8627883252e-07    1.9639484558e-08   -2.3275953534e-08    6.2979609011e-07   -8.1186863907e-08    2.1605081848e-07    9.1711929825e-09    5.9439856076e-08
  34.8000000   -2.0817919518e-07    2.0184174646e-08   -2.6777590653e-08    6.1478731668e-07   -7.8634389470e-08    2.1405270966e-07    9.1473760464e-09    5.9454443213e-08
  34.8100000   -2.2806707185e-07    2.0851745925e-08   -2.9555608380e-08    5.9967273720e-07   -7.5959917577e-08    2.1210490709e-07    9.1320114750e-09    5.9468658208e-08
  34.8200000   -2.4570076555e-07    2.1634274665e-08   -3.1587739695e-08    5.8465980817e-07   -7.3207135023e-08    2.1023835708e-07    9.1251784192e-09    5.9482295064e-08
  34.8300000   -2.6085983000e-07    2.2519524344e-08   -3.2871210442e-08    5.6996233458e-07   -7.0420396773e-08    2.0848208034e-07    9.1268823098e-09    5.9495164620e-08
  34.8400000   -2.7334734934e-07    2.3491544740e-08   -3.3422273217e-08    5.5579722995e-07   -6.7643936134e-08    2.0686271223e-07    9.1370542481e-09    5.9507078070e-08
  34.8500000   -2.8299194153e-07    2.4531190515e-08   -3.3275349467e-08    5.4238113392e-07   -6.4921066679e-08    2.0540408232e-07    9.1555707854e-09    5.9517869174e-08
  34.8600000   -2.8964989347e-07    2.5616695467e-08   -3.2481704197e-08    5.2992694683e-07   -6.2293369310e-08    2.0412685669e-07    9.1822161894e-09    5.9527380110e-08
  34.8700000   -2.9320707946e-07    2.6724150551e-08   -3.1107810263e-08    5.1864026386e-07   -5.9799964898e-08    2.0304820450e-07    9.2167115486e-09    5.9535483073e-08
  34.8800000   -2.9358076980e-07    2.7827963185e-08   -2.9233329869e-08    5.0871586542e-07   -5.7476789308e-08    2.0218156361e-07    9.2587099266e-09    5.9542064887e-08
  34.8900000   -2.9072146259e-07    2.8901353624e-08   -2.6948843803e-08    5.0033429155e-07   -5.5355939937e-08    2.0153645559e-07    9.3077896563e-09    5.9547041672e-08
  34.9000000   -2.8461435575e-07    2.9916669675e-08   -2.4353307324e-08    4.9365847849e-07   -5.3465093461e-08    2.0111834093e-07    9.3634592901e-09    5.9550350926e-08
  34.9100000   -2.7528082296e-07    3.0845794524e-08   -2.1551376556e-08    4.8883068815e-07   -5.1827024423e-08    2.0092859499e-07    9.4251600547e-09    5.9551968712e-08
  34.9200000   -2.6277946096e-07    3.1660437725e-08   -1.8650636739e-08    4.8596957695e-07   -5.0459198303e-08    2.0096449764e-07    9.4922693540e-09    5.9551897802e-08
  34.9300000   -2.4720694469e-07    3.2332563761e-08   -1.5758710117e-08    4.8516767649e-07   -4.9373468475e-08    2.0121932916e-07    9.5641079096e-09    5.9550179186e-08
  34.9400000   -2.2869842431e-07    3.2834643057e-08   -1.2980467374e-08    4.8648916877e-07   -4.8575916458e-08    2.0168253257e-07    9.6399354657e-09    5.9546879847e-08
  34.9500000   -2.0742750515e-07    3.3140183616e-08   -1.0415277401e-08    4.8996805533e-07   -4.8066741907e-08    2.0233990571e-07    9.7189556893e-09    5.9542109028e-08
  34.9600000   -1.8360576032e-07    3.3224080594e-08   -8.1544265498e-09    4.9560683526e-07   -4.7840336102e-08    2.0317390832e-07    9.8003342756e-09    5.9536002927e-08
  34.9700000   -1.5748158208e-07    3.3063149288e-08   -6.2787385949e-09    5.0337559240e-07   -4.7885431297e-08    2.0416397367e-07    9.8831847518e-09    5.9528742153e-08
  34.9800000   -1.2933853483e-07    3.2636746955e-08   -4.8564500698e-09    5.1321162695e-07   -4.8185368684e-08    2.0528691716e-07    9.9665966866e-09    5.9520536592e-08
  34.9900000   -9.9492987897e-08    3.1927315067e-08   -3.9414143761e-09    5.2501959596e-07   -4.8718465137e-08    2.0651735767e-07    1.0049623525e-08    5.9511632795e-08
  35.0000000   -6.8291057154e-08    3.0921087683e-08   -3.5716233190e-09    5.3867219486e-07   -4.9458506138e-08    2.0782817188e-07    1.0131297396e-08    5.9502304804e-08
  35.0100000   -3.6105002424e-08    2.9608738469e-08   -3.7681739143e-09    5.5401135433e-07   -5.0375278694e-08    2.0919103158e-07    1.0210636732e-08    5.9492862976e-08
  35.0200000   -3.3287482344e-09    2.7986153941e-08   -4.5345779950e-09    5.7084999497e-07   -5.1435241404e-08    2.1057687691e-07    1.0286653331e-08    5.9483641292e-08
  35.0300000    2.9626989128e-08    2.6054978886e-08   -5.8565694315e-09    5.8897426282e-07   -5.2602217187e-08    2.1195649422e-07    1.0358363553e-08    5.9475003095e-08
  35.0400000    6.2340234664e-08    2.3823265248e-08   -7.7022756692e-09    6.0814626594e-07   -5.3838135560e-08    2.1330101131e-07    1.0424789359e-08    5.9467329824e-08
  35.0500000    9.4383809963e-08    2.1305977128e-08   -1.0022897463e-08    6.2810724650e-07   -5.5103838356e-08    2.1458246730e-07    1.0484969111e-08    5.9461028283e-08
  35.0600000    1.2533162885e-07    1.8525290334e-08   -1.2753757666e-08    6.4858117295e-07   -5.6359891965e-08    2.1577430888e-07    1.0537967917e-08    5.9456513834e-08
  35.0700000    1.5476527522e-07    1.5510801400e-08   -1.5815752405e-08    6.6927867091e-07   -5.7567390641e-08    2.1685187057e-07    1.0582886748e-08    5.9454216722e-08
  35.0800000    1.8228077680e-07    1.2299504477e-08   -1.9117199822e-08    6.8990129090e-07   -5.8688753266e-08    2.1779286221e-07    1.0618861563e-08    5.9454572690e-08
  35.0900000    2.0749521299e-07    8.9355065890e-09   -2.2555990838e-08    7.1014591027e-07   -5.9688505941e-08    2.1857778490e-07    1.0645087961e-08    5.9458023859e-08
  35.1000000    2.3005311877e-07    5.4696329589e-09   -2.6022025554e-08    7.2970946566e-07   -6.0534023580e-08    2.1919028128e-07    1.0660812273e-08    5.9464998371e-08
  35.1100000    2.4963265613e-07    1.9586028663e-09   -2.9399907546e-08    7.4829358405e-07   -6.1196170774e-08    2.1961749205e-07    1.0665343489e-08    5.9475934040e-08
  35.1200000    2.6595116829e-07   -1.5358694295e-09   -3.2571776804e-08    7.6560938900e-07   -6.1649914995e-08    2.1985029022e-07    1.0658069648e-08    5.9491239272e-08
  35.1300000    2.7877012483e-07   -4.9482776067e-09   -3.5420265702e-08    7.8138214152e-07   -6.1874865032e-08    2.1988347736e-07    1.0638443456e-08    5.9511322383e-08
  35.1400000    2.8789928105e-07   -8.2107251893e-09   -3.7831496802e-08    7.9535578394e-07   -6.1855674573e-08    2.1971591895e-07    1.0606017863e-08    5.9536552897e-08
  35.1500000    2.9319994856e-07   -1.1254472173e-08   -3.9698067620e-08    8.0729727565e-07   -6.1582380334e-08    2.1935060195e-07    1.0560413779e-08    5.9567288558e-08
  35.1600000    2.9458737558e-07   -1.4011543384e-08   -4.0921934630e-08    8.1700059640e-07   -6.1050633036e-08    2.1879460793e-07    1.0501366922e-08    5.9603844192e-08
  35.1700000    2.9203206497e-07   -1.6416554157e-08   -4.1417119449e-08    8.2429041606e-07   -6.0261803670e-08    2.1805903507e-07    1.0428689483e-08    5.9646510067e-08
  35.1800000    2.8556000681e-07   -1.8408354792e-08   -4.1112264308e-08    8.2902530836e-07   -5.9223009973e-08    2.1715882448e-07    1.0342303607e-08    5.9695525201e-08
  35.1900000    2.7525205837e-07   -1.9931835969e-08   -3.9952814142e-08    8.3110052519e-07   -5.7946982123e-08    2.1611254417e-07    1.0242228349e-08    5.9751095349e-08
  35.2000000    2.6124210106e-07   -2.0939451823e-08   -3.7902947193e-08    8.3045015418e-07   -5.6451876291e-08    2.1494207931e-07    1.0128586870e-08    5.9813378669e-08
  35.2100000    2.4371453323e-07   -2.1392722436e-08   -3.4947077840e-08    8.2704874210e-07   -5.4760961012e-08    2.1367228174e-07    1.0001604360e-08    5.9882476712e-08
  35.2200000    2.2290068848e-07   -2.1263461903e-08   -3.1090974092e-08    8.2091227257e-07   -5.2902219055e-08    2.1233055754e-07    9.8616116356e-09    5.9958442358e-08
  35.2300000    1.9907469161e-07   -2.0534755850e-08   -2.6362379745e-08    8.1209849430e-07   -5.0907830622e-08    2.1094639162e-07    9.7090266093e-09    6.0041284365e-08
  35.2400000    1.7254863634e-07   -1.9201703385e-08   -2.0811211865e-08    8.0070660219e-07   -4.8813647358e-08    2.0955085883e-07    9.5443819865e-09    6.0130946880e-08
  35.2500000    1.4366736720e-07   -1.7271801148e-08   -1.4509238339e-08    7.8687621061e-07   -4.6658508429e-08    2.0817608985e-07    9.3682919123e-09    6.0227320408e-08
  35.2600000    1.1280285318e-07   -1.4765032341e-08   -7.5492979207e-09    7.7078571303e-07   -4.4483592110e-08    2.0685468891e-07    9.1814633391e-09    6.0330246038e-08
  35.2700000    8.0348431773e-08   -1.1713610953e-08   -4.4013644875e-11    7.5264995150e-07   -4.2331678044e-08    2.0561917315e-07    8.9846884083e-09    6.0439505562e-08
  35.2800000    4.6713038561e-08   -8.1614201196e-09    7.8759466867e-09    7.3271729632e-07   -4.0246387110e-08    2.0450139113e-07    8.7788416755e-09    6.0554829205e-08
  35.2900000    1.2315441858e-08   -4.1631383803e-09    1.6064019518e-08    7.1126615614e-07   -3.8271435027e-08    2.0353193943e-07    8.5648643857e-09    6.0675898351e-08
  35.3000000   -2.2421284012e-08    2.1692490733e-10    2.4360319471e-08    6.8860092475e-07   -3.6449845886e-08    2.0273961589e-07    8.3437566174e-09    6.0802340028e-08
  35.3100000   -5.7075055820e-08    4.9061379154e-09    3.2594567323e-08    6.6504750583e-07   -3.4823204952e-08    2.0215088094e-07    8.1165795962e-09    6.0933745241e-08
  35.3200000   -9.1229693719e-08    9.8252616140e-09    4.0589267577e-08    6.4094841960e-07   -3.3430941438e-08    2.0178933127e-07    7.8844440986e-09    6.1069654184e-08
  35.3300000   -1.2447949246e-07    1.4890015125e-08    4.8163157844e-08    6.1665756452e-07   -3.2309660352e-08    2.0167528063e-07    7.6484932920e-09    6.1209577548e-08
  35.3400000   -1.5643334332e-07    2.0013055435e-08    5.5134814930e-08    5.9253475825e-07   -3.1492471259e-08    2.0182533206e-07    7.4099005534e-09    6.1352985730e-08
  35.3500000   -1.8671853646e-07    2.5105776410e-08    6.1326384965e-08    5.6894015045e-07   -3.1008449851e-08    2.0225202748e-07    7.1698507015e-09    6.1499334769e-08
  35.3600000   -2.1498402404e-07    3.0080235447e-08    6.6567248446e-08    5.4622849579e-07   -3.0882123052e-08    2.0296358005e-07    6.9295444871e-09    6.1648046407e-08
  35.3700000   -2.4090346764e-07    3.4850891255e-08    7.0697749917e-08    5.2474350747e-07   -3.1133044196e-08    2.0396365812e-07    6.6901717577e-09    6.1798528030e-08
  35.3800000   -2.6417787211e-07    3.9336437268e-08    7.3572721897e-08    5.0481234377e-07   -3.1775455374e-08    2.0525124910e-07    6.4529150812e-09    6.1950183618e-08
  35.3900000   -2.8453798225e-07    4.3461349829e-08    7.5064796744e-08    4.8674023819e-07   -3.2818030855e-08    2.0682058806e-07    6.2189203522e-09    6.2102411357e-08
  35.4000000   -3.0174635996e-07    4.7157273057e-08    7.5067510470e-08    4.7080549852e-07   -3.4263724391e-08    2.0866120357e-07    5.9893100098e-09    6.2254614066e-08
  35.4100000   -3.1559946972e-07    5.0364292955e-08    7.3498014681e-08    4.5725485501e-07   -3.6109665783e-08    2.1075802213e-07    5.7651572795e-09    6.2406208255e-08
  35.4200000   -3.2592928294e-07    5.3031906301e-08    7.0299394131e-08    4.4629927899e-07   -3.8347223490e-08    2.1309152123e-07    5.5474734916e-09    6.2556612277e-08
  35.4300000   -3.3260507808e-07    5.5119824896e-08    6.5442556229e-08    4.3811035641e-07   -4.0962079040e-08    2.1563801741e-07    5.3372233698e-09    6.2705285391e-08
  35.4400000   -3.3553486212e-07    5.6598417375e-08    5.8927589298e-08    4.3281722232e-07   -4.3934433530e-08    2.1836997339e-07    5.1352836441e-09    6.2851712399e-08
  35.4500000   -3.3466675755e-07    5.7449088814e-08    5.0784607638e-08    4.3050419701e-07   -4.7239275531e-08    2.2125643271e-07    4.9424569306e-09    6.2995405682e-08
  35.4600000   -3.2999017643e-07    5.7664232984e-08    4.1074024299e-08    4.3120910377e-07   -5.0846752220e-08    2.2426343993e-07    4.7594589782e-09    6.3135924430e-08
  35.4700000   -3.2153674865e-07    5.7247098948e-08    2.9886269336e-08    4.3492231816e-07   -5.4722579267e-08    2.2735457533e-07    4.5869103596e-09    6.3272873455e-08
  35.4800000   -3.0938106421e-07    5.6211359169e-08    1.7340903002e-08    4.4158658154e-07   -5.8828511760e-08    2.3049151605e-07    4.4253316786e-09    6.3405910593e-08
  35.4900000   -2.9364094565e-07    5.4580534686e-08    3.5851829774e-09    4.5109758115e-07   -6.3122900663e-08    2.3363463025e-07    4.2751462332e-09    6.3534740946e-08
  35.5000000   -2.7447740353e-07    5.2387213742e-08   -1.1207947887e-08    4.6330529257e-07   -6.7561253862e-08    2.3674359766e-07    4.1366594999e-09    6.3659132954e-08
  35.5100000   -2.5209398395e-07    4.9672135176e-08   -2.6842376695e-08    4.7801602651e-07   -7.2096863002e-08    2.3977804732e-07    4.0100778097e-09    6.3778921881e-08
  35.5200000   -2.2673563379e-07    4.6483170946e-08   -4.3101815406e-08    4.9499528529e-07   -7.6681449580e-08    2.4269820603e-07    3.8954959071e-09    6.3893997479e-08
  35.5300000   -1.9868693761e-07    4.2874180468e-08   -5.9753239938e-08    5.1397120264e-07   -8.1265808634e-08    2.4546552883e-07    3.7928922784e-09    6.4004308638e-08
  35.5400000   -1.6826946498e-07    3.8903872369e-08   -7.6550702344e-08    5.3463865246e-07   -8.5800480103e-08    2.4804332570e-07    3.7021475491e-09    6.4109883460e-08
  35.5500000   -1.3583871641e-07    3.4634547569e-08   -9.3239436497e-08    5.5666392103e-07   -9.0236411342e-08    2.5039735798e-07    3.6230159399e-09    6.4210804079e-08
  35.5600000   -1.0178003128e-07    3.0130874042e-08   -1.0956020285e-07    5.7968983935e-07   -9.4525608867e-08    2.5249638515e-07    3.5551679555e-09    6.4307224679e-08
  35.5700000   -6.6504026359e-08    2.5458708994e-08   -1.2525379425e-07    6.0334137572e-07   -9.8621740957e-08    2.5431266149e-07    3.4981560429e-09    6.4399350695e-08
  35.5800000   -3.0441158105e-08    2.0683925106e-08   -1.4006560436e-07    6.2723145787e-07   -1.0248078057e-07    2.5582242371e-07    3.4514560893e-09    6.4487453543e-08
  35.5900000    5.9641554448e-09    1.5871351821e-08   -1.5375017678e-07    6.5096713411e-07   -1.0606153657e-07    2.5700623877e-07    3.4144410581e-09    6.4571864850e-08
  35.6000000    4.2259982748e-08    1.1083727423e-08   -1.6607567364e-07    6.7415576246e-07   -1.0932618805e-07    2.5784933897e-07    3.3864084003e-09    6.4652951400e-08
  35.6100000    7.7993634797e-08    6.3808568862e-09   -1.7682813374e-07    6.9641128967e-07   -1.1224074885e-07    2.5834184356e-07    3.3665837293e-09    6.4731140089e-08
  35.6200000    1.1271863175e-07    1.8187957283e-09   -1.8581551072e-07    7.1736042160e-07   -1.1477550708e-07    2.5847892297e-07    3.3541225388e-09    6.4806899724e-08
  35.6300000    1.4600179322e-07   -2.5507833529e-09   -1.9287128483e-07    7.3664862923e-07   -1.1690533995e-07    2.5826089154e-07    3.3481290842e-09    6.4880727350e-08
  35.6400000    1.7743010871e-07   -6.6811247875e-09   -1.9785777390e-07    7.5394587732e-07   -1.1861005907e-07    2.5769315247e-07    3.3476530521e-09    6.4953156021e-08
  35.6500000    2.0661732530e-07   -1.0530743215e-08   -2.0066886284e-07    7.6895198540e-07   -1.1987460818e-07    2.5678612509e-07    3.3517199073e-09    6.5024733801e-08
  35.6600000    2.3321000547e-07   -1.4063762247e-08   -2.0123225138e-07    7.8140153368e-07   -1.2068924367e-07    2.5555505329e-07    3.3593217984e-09    6.5096035780e-08
  35.6700000    2.5689296945e-07   -1.7249926142e-08   -1.9951110385e-07    7.9106822060e-07   -1.2104961190e-07    2.5401974506e-07    3.3694372548e-09    6.5167635857e-08
  35.6800000    2.7739392186e-07   -2.0064733814e-08   -1.9550510600e-07    7.9776862604e-07   -1.2095679503e-07    2.5220421785e-07    3.3810462754e-09    6.5240113073e-08
  35.6900000    2.9448707634e-07   -2.2489279069e-08   -1.8925085415e-07    8.0136525524e-07   -1.2041725267e-07    2.5013631217e-07    3.3931232457e-09    6.5314033946e-08
  35.7000000    3.0799586417e-07   -2.4510094227e-08   -1.8082158707e-07    8.0176894153e-07   -1.1944271402e-07    2.4784718739e-07    3.4046710621e-09    6.5389961878e-08
  35.7100000    3.1779441302e-07   -2.6118915229e-08   -1.7032628974e-07    7.9894037243e-07   -1.1805000074e-07    2.4537082388e-07    3.4147136860e-09    6.5468432306e-08
  35.7200000    3.2380804557e-07   -2.7312353909e-08   -1.5790814076e-07    7.9289091562e-07   -1.1626078755e-07    2.4274342567e-07    3.4223220674e-09    6.5549953959e-08
  35.7300000    3.2601252735e-07   -2.8091500559e-08   -1.4374232324e-07    7.8368261342e-07   -1.1410128429e-07    2.4000281979e-07    3.4265958452e-09    6.5635005579e-08
  35.7400000    3.2443242923e-07   -2.8461650102e-08   -1.2803329915e-07    7.7142729224e-07   -1.1160191313e-07    2.3718783559e-07    3.4267026143e-09    6.5724023176e-08
  35.7500000    3.1913838660e-07   -2.8431811222e-08   -1.1101150233e-07    7.5628497947e-07   -1.0879686350e-07    2.3433764710e-07    3.4218702439e-09    6.5817400534e-08
  35.7600000    3.1024360665e-07   -2.8014395348e-08   -9.2929574026e-08    7.3846148700e-07   -1.0572366251e-07    2.3149113478e-07    3.4113992730e-09    6.5915476691e-08
  35.7700000    2.9789970140e-07   -2.7224783009e-08   -7.4058175104e-08    7.1820526847e-07   -1.0242266400e-07    2.2868624772e-07    3.3946626089e-09    6.6018546422e-08
  35.7800000    2.8229193612e-07   -2.6080995390e-08   -5.4681473804e-08    6.9580357391e-07   -9.8936519527e-08    2.2595939218e-07    3.3711207142e-09    6.6126829587e-08
  35.7900000    2.6363426532e-07   -2.4603378724e-08   -3.5092362725e-08    6.7157804146e-07   -9.5309614172e-08    2.2334486570e-07    3.3403185247e-09    6.6240506390e-08
  35.8000000    2.4216409261e-07   -2.2814341347e-08   -1.5587509928e-08    6.4587964143e-07   -9.1587488542e-08    2.2087430039e-07    3.3018877430e-09    6.6359680372e-08
  35.8100000    2.1813722185e-07   -2.0738045435e-08    3.5376831312e-09    6.1908322655e-07   -8.7816254364e-08    2.1857619932e-07    3.2555626634e-09    6.6484399975e-08
  35.8200000    1.9182297085e-07   -1.8400209655e-08    2.1994112766e-08    5.9158164425e-07   -8.4041956886e-08    2.1647552127e-07    3.2011603711e-09    6.6614648217e-08
  35.8300000    1.6349975234e-07   -1.5828015082e-08    3.9503898830e-08    5.6377957981e-07   -8.0310010712e-08    2.1459331640e-07    3.1386006532e-09    6.6750349500e-08
  35.8400000    1.3345106347e-07   -1.3049788306e-08    5.5805147791e-08    5.3608721717e-07   -7.6664588851e-08    2.1294645347e-07    3.0678980271e-09    6.6891359769e-08
  35.8500000    1.0196233145e-07   -1.0095026994e-08    7.0656393905e-08    5.0891378138e-07   -7.3148037027e-08    2.1154744078e-07    2.9891523570e-09    6.7037489485e-08
  35.8600000    6.9318229297e-08   -6.9941620078e-09    8.3840741314e-08    4.8266111261e-07   -6.9800332541e-08    2.1040430726e-07    2.9025552676e-09    6.7188487679e-08
  35.8700000    3.5800892288e-08   -3.7785556794e-09    9.5169547052e-08    4.5771734111e-07   -6.6658552638e-08    2.0952055901e-07    2.8083910627e-09    6.7344053147e-08
  35.8800000    1.6888286841e-09   -4.8035497418e-10    1.0448560918e-07    4.3445081836e-07   -6.3756396500e-08    2.0889524675e-07    2.7070151187e-09    6.7503835612e-08
  35.8900000   -3.2743468941e-08    2.8675938145e-09    1.1166578673e-07    4.1320430675e-07   -6.1123746943e-08    2.0852313389e-07    2.5988626045e-09    6.7667454886e-08
  35.9000000   -6.7225451885e-08    6.2318145573e-09    1.1662307327e-07    3.9428960789e-07   -5.8786287089e-08    2.0839486125e-07    2.4844395903e-09    6.7834486132e-08
  35.9100000   -1.0148967243e-07    9.5783892199e-09    1.1930796657e-07    3.7798268625e-07   -5.6765161432e-08    2.0849728261e-07    2.3643111122e-09    6.8004483919e-08
  35.9200000   -1.3527094324e-07    1.2873010701e-08    1.1970921416e-07    3.6451936207e-07   -5.5076723807e-08    2.0881380589e-07    2.2391063024e-09    6.8176985024e-08
  35.9300000   -1.6830503971e-07    1.6081157721e-08    1.1785387510e-07    3.5409162248e-07   -5.3732331482e-08    2.0932480874e-07    2.1094872670e-09    6.8351496163e-08
  35.9400000   -2.0032754801e-07    1.9168343933e-08    1.1380671130e-07    3.4684466280e-07   -5.2738239218e-08    2.1000811777e-07    1.9761650743e-09    6.8527530278e-08
  35.9500000   -2.3107289121e-07    2.2100258031e-08    1.0766888043e-07    3.4287462195e-07   -5.2095528915e-08    2.1083952067e-07    1.8398767326e-09    6.8704603864e-08
  35.9600000   -2.6027364152e-07    2.4843061124e-08    9.9576067101e-08    3.4222714853e-07   -5.1800145768e-08    2.1179329142e-07    1.7013870678e-09    6.8882226447e-08
  35.9700000   -2.8766040983e-07    2.7363697157e-08    8.9695927982e-08    3.4489672624e-07   -5.1843009078e-08    2.1284276898e-07    1.5614653406e-09    6.9059936685e-08
  35.9800000   -3.1296226670e-07    2.9630151069e-08    7.8225034651e-08    3.5082680793e-07   -5.2210182139e-08    2.1396089907e-07    1.4208917829e-09    6.9237278097e-08
  35.9900000   -3.3590803388e-07    3.1611981405e-08    6.5385300038e-08    3.5991077431e-07   -5.2883121933e-08    2.1512083870e-07    1.2804414965e-09    6.9413835968e-08
  36.0000000   -3.5622829602e-07    3.3280592367e-08    5.1419993720e-08    3.7199365766e-07   -5.3839011479e-08    2.1629645667e-07    1.1408719974e-09    6.9589220087e-08
  36.0100000   -3.7365830901e-07    3.4609798293e-08    3.6589343587e-08    3.8687461771e-07   -5.5051169462e-08    2.1746288406e-07    1.0029299312e-09    6.9763079146e-08
  36.0200000   -3.8794165785e-07    3.5576343482e-08    2.1165933375e-08    4.0431014921e-07   -5.6489481693e-08    2.1859699060e-07    8.6733244283e-10    6.9935107317e-08
  36.0300000   -3.9883474321e-07    3.6160395905e-08    5.4298885670e-09    4.2401793314e-07   -5.8120926269e-08    2.1967781573e-07    7.3475294173e-10    7.0105047067e-08
  36.0400000   -4.0611191866e-07    3.6346134539e-08   -1.0336111050e-08    4.4568128515e-07   -5.9910134831e-08    2.2068694314e-07    6.0584092573e-10    7.0272679875e-08
  36.0500000   -4.0957111021e-07    3.6122344842e-08   -2.5851716281e-08    4.6895414173e-07   -6.1819991799e-08    2.2160884908e-07    4.8119280667e-10    7.0437848663e-08
  36.0600000   -4.0903973389e-07    3.5482981059e-08   -4.0843836716e-08    4.9346648492e-07   -6.3812279062e-08    2.2243111047e-07    3.6135711441e-10    7.0600441372e-08
  36.0700000   -4.0438094161e-07    3.4427660279e-08   -5.5051299827e-08    5.1883010098e-07   -6.5848312708e-08    2.2314461038e-07    2.4682769498e-10    7.0760407724e-08
  36.0800000   -3.9549946814e-07    3.2962189327e-08   -6.8229366069e-08    5.4464464188e-07   -6.7889619867e-08    2.2374362159e-07    1.3804066281e-10    7.0917741334e-08
  36.0900000   -3.8234741967e-07    3.1098958847e-08   -8.0153830754e-08    5.7050382990e-07   -6.9898602907e-08    2.2422583839e-07    3.5388464163e-11    7.1072487987e-08
  36.1000000   -3.6492940206e-07    2.8857225219e-08   -9.0624776259e-08    5.9600173188e-07   -7.1839200644e-08    2.2459232175e-07   -6.0817524306e-11    7.1224743605e-08
  36.1100000   -3.4330677559e-07    2.6263302000e-08   -9.9469873348e-08    6.2073901648e-07   -7.3677491098e-08    2.2484735733e-07   -1.5030429402e-10    7.1374648013e-08
  36.1200000   -3.1760105237e-07    2.3350565789e-08   -1.0654711683e-07    6.4432905328e-07   -7.5382334052e-08    2.2499828153e-07   -2.3287223440e-10    7.1522377488e-08
  36.1300000   -2.8799593500e-07    2.0159236539e-08   -1.1174703707e-07    6.6640385269e-07   -7.6925886479e-08    2.2505518368e-07   -3.0836827235e-10    7.1668147860e-08
  36.1400000   -2.5473824036e-07    1.6736037036e-08   -1.1499430365e-07    6.8661963177e-07   -7.8284110159e-08    2.2503060825e-07   -3.7669779758e-10    7.1812204281e-08
  36.1500000   -2.1813709092e-07    1.3133611900e-08   -1.1624871622e-07    7.0466199932e-07   -7.9437220101e-08    2.2493918308e-07   -4.3781852512e-10    7.1954814187e-08
  36.1600000   -1.7856188487e-07    9.4096443973e-09   -1.1550553691e-07    7.2025065340e-07   -8.0370031634e-08    2.2479718181e-07   -4.9172920573e-10    7.2096258675e-08
  36.1700000   -1.3643852544e-07    5.6259155633e-09   -1.1279518791e-07    7.3314359246e-07   -8.1072223669e-08    2.2462208720e-07   -5.3848297990e-10    7.2236827951e-08
  36.1800000   -9.2244368828e-08    1.8469733648e-09   -1.0818238399e-07    7.4314058425e-07   -8.1538582529e-08    2.2443214124e-07   -5.7816084848e-10    7.2376822323e-08
  36.1900000   -4.6501640956e-08   -1.8612061990e-09   -1.0176458615e-07    7.5008612774e-07   -8.1769041765e-08    2.2424583687e-07   -6.1088198016e-10    7.2516520705e-08
  36.2000000    2.3034068503e-10   -5.4328471761e-09   -9.3669953044e-08    7.5387160989e-07   -8.1768745815e-08    2.2408146806e-07   -6.3679738415e-10    7.2656204495e-08
  36.2100000    4.7363970942e-08   -8.8039387263e-09   -8.4054708449e-08    7.5443673045e-07   -8.1547915801e-08    2.2395665540e-07   -6.5607047089e-10    7.2796109164e-08
  36.2200000    9.4293008310e-08   -1.1914091630e-08   -7.3100121431e-08    7.5177024961e-07   -8.1121704169e-08    2.2388791253e-07   -6.6888752545e-10    7.2936471695e-08
  36.2300000    1.4040288464e-07   -1.4708078911e-08   -6.1008970291e-08    7.4590989125e-07   -8.0509883061e-08    2.2389022663e-07   -6.7544044284e-10    7.3077468555e-08
  36.2400000    1.8508128924e-07   -1.7137629780e-08   -4.8001792960e-08    7.3694157327e-07   -7.9736507343e-08    2.2397671831e-07   -6.7592704570e-10    7.3219235937e-08
  36.2500000    2.2772884785e-07   -1.9162746824e-08   -3.4312734237e-08    7.2499783130e-07   -7.8829426865e-08    2.2415830320e-07   -6.7054708818e-10    7.3361867128e-08
  36.2600000    2.6776949605e-07   -2.0753100788e-08   -2.0185329175e-08    7.1025560481e-07   -7.7819786847e-08    2.2444347305e-07   -6.5948464606e-10    7.3505392287e-08
  36.2700000    3.0466054073e-07   -2.1888987493e-08   -5.8680650326e-09    6.9293327240e-07   -7.6741396136e-08    2.2483805784e-07   -6.4291987313e-10    7.3649791911e-08
  36.2800000    3.3790181571e-07   -2.2562051376e-08    8.3899910525e-09    6.7328719863e-07   -7.5630087392e-08    2.2534513269e-07   -6.2100214904e-10    7.3794970013e-08
  36.2900000    3.6704407633e-07   -2.2775543228e-08    2.2343566448e-08    6.5160758263e-07   -7.4523011225e-08    2.2596496724e-07   -5.9387408793e-10    7.3940763633e-08
  36.3000000    3.9169611432e-07   -2.2544281138e-08    3.5755449569e-08    6.2821391273e-07   -7.3457884567e-08    2.2669502608e-07   -5.6164979556e-10    7.4086948290e-08
  36.3100000    4.1153071872e-07   -2.1894205789e-08    4.8400450855e-08    6.0344997537e-07   -7.2472215576e-08    2.2753005992e-07   -5.2440954415e-10    7.4233224279e-08
  36.3200000    4.2628921540e-07   -2.0861412514e-08    6.0069245299e-08    5.7767850870e-07   -7.1602554323e-08    2.2846225207e-07   -4.8220578353e-10    7.4379226587e-08
  36.3300000    4.3578468301e-07   -1.9490918205e-08    7.0571702405e-08    5.5127563981e-07   -7.0883700265e-08    2.2948145379e-07   -4.3505678792e-10    7.4524513362e-08
  36.3400000    4.3990361761e-07   -1.7835020879e-08    7.9739963063e-08    5.2462511896e-07   -7.0347976725e-08    2.3057543278e-07   -3.8295567884e-10    7.4668584178e-08
  36.3500000    4.3860630183e-07   -1.5951371558e-08    8.7430996625e-08    4.9811249070e-07   -7.0024503568e-08    2.3173019030e-07   -3.2585226931e-10    7.4810870736e-08
  36.3600000    4.3192586471e-07   -1.3900848151e-08    9.3528677895e-08    4.7211928643e-07   -6.9938550138e-08    2.3293033647e-07   -2.6366572540e-10    7.4950753036e-08
  36.3700000    4.1996607230e-07   -1.1745304698e-08    9.7945395084e-08    4.4701731583e-07   -7.0110927216e-08    2.3415947487e-07   -1.9629629206e-10    7.5087550662e-08
  36.3800000    4.0289810159e-07   -9.5451753889e-09    1.0062306394e-07    4.2316313294e-07   -7.0557469064e-08    2.3540060600e-07   -1.2359854346e-10    7.5220546905e-08
  36.3900000    3.8095634947e-07   -7.3572463895e-09    1.0153363661e-07    4.0089279099e-07   -7.1288593333e-08    2.3663655558e-07   -4.5415043658e-11    7.5348982047e-08
  36.4000000    3.5443356799e-07   -5.2325497325e-09    1.0067905526e-07    3.8051692012e-07   -7.2308960887e-08    2.3785039808e-07    3.8442024573e-11    7.5472070852e-08
  36.4100000    3.2367527298e-07   -3.2144734886e-09    9.8090672224e-08    3.6231623193e-07   -7.3617234974e-08    2.3902585905e-07    1.2816852256e-10    7.5589006020e-08
  36.4200000    2.8907388046e-07   -1.3371844880e-09    9.3828171964e-08    3.4653753591e-07   -7.5205962812e-08    2.4014770157e-07    2.2398337298e-10    7.5698974502e-08
  36.4300000    2.5106253383e-07    3.7546404907e-10    8.7977964094e-08    3.3339025407e-07   -7.7061560519e-08    2.4120208915e-07    3.2610256769e-10    7.5801158284e-08
  36.4400000    2.1010878057e-07    1.9106510091e-09    8.0651184619e-08    3.2304353644e-07   -7.9164423269e-08    2.4217689421e-07    4.3475467413e-10    7.5894751644e-08
  36.4500000    1.6670825699e-07    3.2667362648e-09    7.1981280899e-08    3.1562402580e-07   -8.1489137600e-08    2.4306194145e-07    5.5015128379e-10    7.5978976175e-08
  36.4600000    1.2137858923e-07    4.4529389971e-09    6.2121212542e-08    3.1121422317e-07   -8.4004821818e-08    2.4384925931e-07    6.7250035671e-10    7.6053081962e-08
  36.4700000    7.4653314353e-08    5.4885291258e-09    5.1240438396e-08    3.0985159446e-07   -8.6675590025e-08    2.4453318475e-07    8.0199365427e-10    7.6116364503e-08
  36.4800000    2.7076092586e-08    6.4014569735e-09    3.9521609629e-08    3.1152830778e-07   -8.9461096325e-08    2.4511046242e-07    9.3879402442e-10    7.6168164844e-08
  36.4900000   -2.0804793399e-08    7.2266591538e-09    2.7157102940e-08    3.1619165241e-07   -9.2317183241e-08    2.4558025517e-07    1.0830274345e-09    7.6207895864e-08
  36.5000000   -6.8441740384e-08    8.0039502456e-09    1.4345498982e-08    3.2374515126e-07   -9.5196606413e-08    2.4594407977e-07    1.2348029648e-09    7.6235041288e-08
  36.5100000   -1.1529290864e-07    8.7756719604e-09    1.2880131220e-09    3.3405028526e-07   -9.8049861497e-08    2.4620571326e-07    1.3941687410e-09    7.6249164369e-08
  36.5200000   -1.6082701894e-07    9.5842148973e-09   -1.1815062485e-08    3.4692884589e-07   -1.0082604544e-07    2.4637097511e-07    1.5611358764e-09    7.6249920136e-08
  36.5300000   -2.0452809411e-07    1.0469414891e-08   -2.4767755021e-08    3.6216586822e-07   -1.0347375694e-07    2.4644750174e-07    1.7356554928e-09    7.6237056424e-08
  36.5400000   -2.4590000011e-07    1.1466170903e-08   -3.7381717651e-08    3.7951305050e-07   -1.0594205884e-07    2.4644446791e-07    1.9176208974e-09    7.6210426105e-08
  36.5500000   -2.8447087923e-07    1.2602092547e-08   -4.9479260267e-08    3.9869264958e-07   -1.0818140601e-07    2.4637223785e-07    2.1068711866e-09    7.6169981485e-08
  36.5600000   -3.1979758437e-07    1.3895501258e-08   -6.0896125316e-08    4.1940183046e-07   -1.1014459637e-07    2.4624200517e-07    2.3031734034e-09    7.6115786536e-08
  36.5700000   -3.5147002809e-07    1.5353931927e-08   -7.1483971712e-08    4.4131725444e-07   -1.1178771221e-07    2.4606538891e-07    2.5062347532e-09    7.6048015959e-08
  36.5800000   -3.7911545262e-07    1.6972920486e-08   -8.1112444184e-08    4.6410002627e-07   -1.1307098253e-07    2.4585403046e-07    2.7156822361e-09    7.5966956230e-08
  36.5900000   -4.0240265504e-07    1.8735460817e-08   -8.9670953040e-08    4.8740075057e-07   -1.1395959689e-07    2.4561921432e-07    2.9310884568e-09    7.5872997047e-08
  36.6000000   -4.2104610144e-07    2.0612009027e-08   -9.7069955417e-08    5.1086474779e-07   -1.1442447495e-07    2.4537144249e-07    3.1519404513e-09    7.5766642867e-08
  36.6100000   -4.3480981616e-07    2.2561061706e-08   -1.0324187237e-07    5.3413729270e-07   -1.1444290954e-07    2.4512008677e-07    3.3776702563e-09    7.5648499790e-08
  36.6200000   -4.4351105912e-07    2.4530255794e-08   -1.0814156310e-07    5.5686875351e-07   -1.1399913745e-07    2.4487302507e-07    3.6076387696e-09    7.5519271088e-08
  36.6300000   -4.4702365829e-07    2.6458214831e-08   -1.1174638533e-07    5.7871971984e-07   -1.1308477225e-07    2.4463638558e-07    3.8411453742e-09    7.5379751175e-08
  36.6400000   -4.4528082357e-07    2.8276563451e-08   -1.1405583643e-07    5.9936579796e-07   -1.1169912544e-07    2.4441426553e-07    4.0774281722e-09    7.5230818080e-08
  36.6500000   -4.3827743604e-07    2.9912579090e-08   -1.1509079947e-07    6.1850225760e-07   -1.0984938979e-07    2.4420857510e-07    4.3156765760e-09    7.5073424481e-08
  36.6600000   -4.2607169670e-07    3.1292056895e-08   -1.1489243358e-07    6.3584828377e-07   -1.0755070674e-07    2.4401891204e-07    4.5550261372e-09    7.4908594758e-08
  36.6700000   -4.0878583857e-07    3.2342298564e-08   -1.1352074167e-07    6.5115082759e-07   -1.0482604045e-07    2.4384254266e-07    4.7945649952e-09    7.4737399171e-08
  36.6800000   -3.8660618372e-07    3.2995336559e-08   -1.1105278107e-07    6.6418809905e-07   -1.0170598648e-07    2.4367440432e-07    5.0333525316e-09    7.4560956763e-08
  36.6900000   -3.5978201264e-07    3.3190856935e-08   -1.0758070232e-07    6.7477244148e-07   -9.8228361200e-08    2.4350724041e-07    5.2704194674e-09    7.4380415639e-08
  36.7000000   -3.2862363358e-07    3.2879123826e-08   -1.0320953351e-07    6.8275279867e-07   -9.4437745304e-08    2.4333178275e-07    5.5047745382e-09    7.4196946806e-08
  36.7100000   -2.9349920262e-07    3.2023496822e-08   -9.8054798132e-08    6.8801656106e-07   -9.0384801260e-08    2.4313701062e-07    5.7354146487e-09    7.4011718113e-08
  36.7200000   -2.5483067583e-07    3.0602497587e-08   -9.2240055782e-08    6.9049083526e-07   -8.6125563523e-08    2.4291047199e-07    5.9613335637e-09    7.3825898158e-08
  36.7300000   -2.1308867007e-07    2.8611474679e-08   -8.5894366820e-08    6.9014315981e-07   -8.1720557958e-08    2.4263867409e-07    6.1815317728e-09    7.3640632100e-08
  36.7400000   -1.6878639152e-07    2.6063603402e-08   -7.9149746367e-08    6.8698156307e-07   -7.7233871224e-08    2.4230750735e-07    6.3950171369e-09    7.3457036052e-08
  36.7500000   -1.2247273487e-07    2.2990258091e-08   -7.2138675956e-08    6.8105413510e-07   -7.2732119753e-08    2.4190274122e-07    6.6008375966e-09    7.3276177337e-08
  36.7600000   -7.4724668902e-08    1.9440732641e-08   -6.4991731004e-08    6.7244789250e-07   -6.8283367247e-08    2.4141051988e-07    6.7980559361e-09    7.3099070962e-08
  36.7700000   -2.6139003288e-08    1.5481273903e-08   -5.7835276379e-08    6.6128721482e-07   -6.3956007561e-08    2.4081788598e-07    6.9857888317e-09    7.2926666001e-08
  36.7800000    2.2676197906e-08    1.1193537826e-08   -5.0789397758e-08    6.4773166648e-07   -5.9817607673e-08    2.4011329296e-07    7.1631915371e-09    7.2759827085e-08
  36.7900000    7.1110458945e-08    6.6723688663e-09   -4.3966041722e-08    6.3197340578e-07   -5.5933781534e-08    2.3928713128e-07    7.3294915805e-09    7.2599336691e-08
  36.8000000    1.1855975717e-07    2.0230724703e-09   -3.7467359124e-08    6.1423406785e-07   -5.2367030479e-08    2.3833220782e-07    7.4839679842e-09    7.2445891493e-08
  36.8100000    1.6443527212e-07   -2.6416503669e-09   -3.1384339056e-08    5.9476134394e-07   -4.9175683755e-08    2.3724419424e-07    7.6259787365e-09    7.2300077973e-08
  36.8200000    2.0817172262e-07   -7.2052384959e-09   -2.5795747107e-08    5.7382517990e-07   -4.6412851380e-08    2.3602199926e-07    7.7549594152e-09    7.2162376604e-08
  36.8300000    2.4923523623e-07   -1.1550901889e-08   -2.0767301243e-08    5.5171368539e-07   -4.4125469468e-08    2.3466810382e-07    7.8704289458e-09    7.2033169663e-08
  36.8400000    2.8713064446e-07   -1.5565377732e-08   -1.6351185307e-08    5.2872884838e-07   -4.2353435599e-08    2.3318881207e-07    7.9719909558e-09    7.1912716950e-08
  36.8500000    3.2140781658e-07   -1.9142643057e-08   -1.2585886141e-08    5.0518210381e-07   -4.1128872365e-08    2.3159439992e-07    8.0593397483e-09    7.1801166297e-08
  36.8600000    3.5166728469e-07   -2.2187429972e-08   -9.4962488591e-09    4.8138980890e-07   -4.0475496656e-08    2.2989918173e-07    8.1322688718e-09    7.1698564347e-08
  36.8700000    3.7756474723e-07   -2.4618428788e-08   -7.0938497846e-09    4.5766869170e-07   -4.0408115846e-08    2.2812146673e-07    8.1906630829e-09    7.1604833534e-08
  36.8800000    3.9881469172e-07   -2.6371096221e-08   -5.3776381374e-09    4.3433136967e-07   -4.0932296529e-08    2.2628342765e-07    8.2345036886e-09    7.1519795687e-08
  36.8900000    4.1519293520e-07   -2.7399931526e-08   -4.3347768750e-09    4.1168195197e-07   -4.2044182191e-08    2.2441084770e-07    8.2638654324e-09    7.1443171669e-08
  36.9000000    4.2653817387e-07   -2.7680162436e-08   -3.9417115354e-09    3.9001185983e-07   -4.3730452486e-08    2.2253276353e-07    8.2789218883e-09    7.1374580695e-08
  36.9100000    4.3275258773e-07   -2.7208824954e-08   -4.1653771430e-09    3.6959583176e-07   -4.5968447321e-08    2.2068103258e-07    8.2799299870e-09    7.1313565009e-08
  36.9200000    4.3380148134e-07   -2.6004996408e-08   -4.9645804211e-09    3.5068825278e-07   -4.8726469802e-08    2.1888978220e-07    8.2672491350e-09    7.1259570628e-08
  36.9300000    4.2971222612e-07   -2.4109510764e-08   -6.2914456757e-09    3.3351979577e-07   -5.1964229090e-08    2.1719477953e-07    8.2413066183e-09    7.1211984569e-08
  36.9400000    4.2057231605e-07   -2.1583872318e-08   -8.0929614114e-09    3.1829445186e-07   -5.5633436840e-08    2.1563275651e-07    8.2026214774e-09    7.1170122089e-08
  36.9500000    4.0652693580e-07   -1.8508480469e-08   -1.0312480405e-08    3.0518698567e-07   -5.9678536063e-08    2.1424064599e-07    8.1517785549e-09    7.1133254929e-08
  36.9600000    3.8777589858e-07   -1.4980329108e-08   -1.2891291608e-08    2.9434082224e-07   -6.4037556633e-08    2.1305477596e-07    8.0894368998e-09    7.1100616489e-08
  36.9700000    3.6457018497e-07   -1.1110104036e-08   -1.5770074436e-08    2.8586642895e-07   -6.8643133301e-08    2.1211006622e-07    8.0163038428e-09    7.1071405127e-08
  36.9800000    3.3720808985e-07   -7.0188462859e-09   -1.8890296279e-08    2.7984016556e-07   -7.3423543995e-08    2.1143919985e-07    7.9331501791e-09    7.1044805342e-08
  36.9900000    3.0603111054e-07   -2.8343712298e-09   -2.2195468219e-08    2.7630362832e-07   -7.8303897644e-08    2.1107177895e-07    7.8407863055e-09    7.1019993297e-08
  37.0000000    2.7141961959e-07    1.3126407126e-09   -2.5632309281e-08    2.7526353398e-07   -8.3207344343e-08    2.1103358850e-07    7.7400564068e-09    7.0996160887e-08
  37.0100000    2.3378832688e-07    5.2925576467e-09   -2.9151690727e-08    2.7669205220e-07   -8.8056340550e-08    2.1134580965e-07    7.6318348542e-09    7.0972504705e-08
  37.0200000    1.9358166353e-07    8.9807209821e-09   -3.2709412874e-08    2.8052762990e-07   -9.2773939934e-08    2.1202438242e-07    7.5170069607e-09    7.0948258511e-08
  37.0300000    1.5126888341e-07    1.2261100740e-08   -3.6266809914e-08    2.8667630552e-07   -9.7285083541e-08    2.1307939287e-07    7.3964812927e-09    7.0922690499e-08
  37.0400000    1.0733931999e-07    1.5029811565e-08   -3.9791094600e-08    2.9501345114e-07   -1.0151782876e-07    2.1451460853e-07    7.2711481592e-09    7.0895116122e-08
  37.0500000    6.2297209912e-08    1.7198075397e-08   -4.3255559095e-08    3.0538587395e-07   -1.0540460555e-07    2.1632709184e-07    7.1419110951e-09    7.0864905458e-08
  37.0600000    1.6656602922e-08    1.8694815547e-08   -4.6639519707e-08    3.1761435278e-07   -1.0888331855e-07    2.1850697123e-07    7.0096387110e-09    7.0831489165e-08
  37.0700000   -2.9063945609e-08    1.9468623670e-08   -4.9928069094e-08    3.3149647760e-07   -1.1189845853e-07    2.2103732038e-07    6.8751823339e-09    7.0794367546e-08
  37.0800000   -7.4346776988e-08    1.9489119671e-08   -5.3111670798e-08    3.4680975982e-07   -1.1440202214e-07    2.2389419756e-07    6.7393557705e-09    7.0753115414e-08
  37.0900000   -1.1868070487e-07    1.8747637151e-08   -5.6185547304e-08    3.6331498807e-07   -1.1635435462e-07    2.2704682780e-07    6.6029464843e-09    7.0707384247e-08
  37.1000000   -1.6156659573e-07    1.7257304058e-08   -5.9148975638e-08    3.8075974551e-07   -1.1772486414e-07    2.3045791138e-07    6.4666804166e-09    7.0656903463e-08
  37.1100000   -2.0252312736e-07    1.5052338620e-08   -6.2004379271e-08    3.9888208273e-07   -1.1849254675e-07    2.3408412076e-07    6.3312478546e-09    7.0601487373e-08
  37.1200000   -2.4109245079e-07    1.2186867884e-08   -6.4756419360e-08    4.1741425905e-07   -1.1864638816e-07    2.3787670686e-07    6.1972696932e-09    7.0541020430e-08
  37.1300000   -2.7684591817e-07    8.7331244533e-09   -6.7410943504e-08    4.3608647597e-07   -1.1818560265e-07    2.4178221810e-07    6.0653113751e-09    7.0475482934e-08
  37.1400000   -3.0938948305e-07    4.7790767726e-09   -6.9973933516e-08    4.5463064296e-07   -1.1711965337e-07    2.4574338718e-07    5.9358769720e-09    7.0404908968e-08
  37.1500000   -3.3836906218e-07    4.2574668276e-10   -7.2450496007e-08    4.7278396012e-07   -1.1546815018e-07    2.4970005815e-07    5.8093977184e-09    7.0329426149e-08
  37.1600000   -3.6347537058e-07   -4.2157942790e-09   -7.4843784213e-08    4.9029245712e-07   -1.1326055592e-07    2.5359025997e-07    5.6862391661e-09    7.0249217184e-08
  37.1700000   -3.8444835385e-07   -9.0276886103e-09   -7.7154119726e-08    5.0691430810e-07   -1.1053570894e-07    2.5735131565e-07    5.5666893800e-09    7.0164531259e-08
  37.1800000   -4.0108096928e-07   -1.3888630005e-08   -7.9378086211e-08    5.2242293096e-07   -1.0734121403e-07    2.6092098513e-07    5.4509811129e-09    7.0075677577e-08
  37.1900000   -4.1322233394e-07   -1.8677129126e-08   -8.1507813935e-08    5.3660980824e-07   -1.0373266741e-07    2.6423865267e-07    5.3392641547e-09    6.9983007198e-08
  37.2000000   -4.2077991233e-07   -2.3274769051e-08   -8.3530413588e-08    5.4928704048e-07   -9.9772749042e-08    2.6724650472e-07    5.2316238242e-09    6.9886916475e-08
  37.2100000   -4.2372087500e-07   -2.7569141289e-08   -8.5427563988e-08    5.6028951956e-07   -9.5530169402e-08    2.6989068205e-07    5.1280790252e-09    6.9787828748e-08
  37.2200000   -4.2207243257e-07   -3.1456516023e-08   -8.7175262540e-08    5.6947683752e-07   -9.1078534863e-08    2.7212237976e-07    5.0285815204e-09    6.9686192005e-08
  37.2300000   -4.1592112530e-07   -3.4844165519e-08   -8.8743851899e-08    5.7673471084e-07   -8.6495131785e-08    2.7389888313e-07    4.9330262249e-09    6.9582481058e-08
  37.2400000   -4.0541104107e-07   -3.7652330245e-08   -9.0098182099e-08    5.8197611917e-07   -8.1859608621e-08    2.7518449387e-07    4.8412455071e-09    6.9477161805e-08
  37.2500000   -3.9074102409e-07   -3.9815570975e-08   -9.1198011848e-08    5.8514198322e-07   -7.7252636648e-08    2.7595132973e-07    4.7530247418e-09    6.9370700015e-08
  37.2600000   -3.7216085067e-07   -4.1283821822e-08   -9.1998609518e-08    5.8620150148e-07   -7.2754546286e-08    2.7618004996e-07    4.6680950304e-09    6.9263560564e-08
  37.2700000   -3.4996657498e-07   -4.2022915923e-08   -9.2451575424e-08    5.8515205004e-07   -6.8443971049e-08    2.7586034466e-07    4.5861522087e-09    6.9156182001e-08
  37.2800000   -3.2449502396e-07   -4.2014697787e-08   -9.2505825811e-08    5.8201873715e-07   -6.4396476583e-08    2.7499131694e-07    4.5068462418e-09    6.9048973233e-08
  37.2900000   -2.9611764963e-07   -4.1256645288e-08   -9.2108735270e-08    5.7685355823e-07   -6.0683293279e-08    2.7358167545e-07    4.4297933668e-09    6.8942328980e-08
  37.3000000   -2.6523395729e-07   -3.9761332113e-08   -9.1207478903e-08    5.6973425456e-07   -5.7370077632e-08    2.7164972627e-07    4.3545953230e-09    6.8836584207e-08
  37.3100000   -2.3226456393e-07   -3.7555365393e-08   -8.9750407071e-08    5.6076279762e-07   -5.4515754329e-08    2.6922321534e-07    4.2808175880e-09    6.8732046184e-08
  37.3200000   -1.9764422992e-07   -3.4678289445e-08   -8.7688573418e-08    5.5006358117e-07   -5.2171515921e-08    2.6633894585e-07    4.2080161386e-09    6.8628963294e-08
  37.3300000   -1.6181483043e-07   -3.1181185666e-08   -8.4977270592e-08    5.3778139532e-07   -5.0379910139e-08    2.6304225719e-07    4.1357423542e-09    6.8527546843e-08
  37.3400000   -1.2521876355e-07   -2.7125251254e-08   -8.1577627183e-08    5.2407911716e-07   -4.9174070939e-08    2.5938628701e-07    4.0635345367e-09    6.8427944279e-08
  37.3500000   -8.8292591760e-08   -2.2580281050e-08   -7.7458106807e-08    5.0913522771e-07   -4.8577136679e-08    2.5543112773e-07    3.9909421892e-09    6.8330262697e-08
  37.3600000   -5.1461443415e-08   -1.7623210349e-08   -7.2596019473e-08    4.9314118096e-07   -4.8601783323e-08    2.5124277097e-07    3.9175067275e-09    6.8234539089e-08
  37.3700000   -1.5133896753e-08   -1.2336638516e-08   -6.6978864630e-08    4.7629863278e-07   -4.9250013625e-08    2.4689198449e-07    3.8427944003e-09    6.8140778911e-08
  37.3800000    2.0302277348e-08   -6.8075228946e-09   -6.0605604804e-08    4.5881661783e-07   -5.0513039181e-08    2.4245305325e-07    3.7663747284e-09    6.8048925282e-08
  37.3900000    5.4483581722e-08   -1.1259207107e-09   -5.3487671902e-08    4.4090867853e-07   -5.2371420726e-08    2.3800242120e-07    3.6878428082e-09    6.7958875309e-08
  37.4000000    8.7073497505e-08    4.6161821848e-09   -4.5649843671e-08    4.2278996836e-07   -5.4795327616e-08    2.3361735102e-07    3.6068082980e-09    6.7870489094e-08
  37.4100000    1.1776434507e-07    1.0325869528e-08   -3.7130857154e-08    4.0467445090e-07   -5.7745050892e-08    2.2937443588e-07    3.5229135822e-09    6.7783581636e-08
  37.4200000    1.4627854968e-07    1.5910286149e-08   -2.7983726907e-08    3.8677212915e-07   -6.1171608262e-08    2.2534821571e-07    3.4358280005e-09    6.7697942038e-08
  37.4300000    1.7236914521e-07    2.1277491334e-08   -1.8275808416e-08    3.6928639081e-07   -6.5017569074e-08    2.2160976196e-07    3.3452476381e-09    6.7613331161e-08
  37.4400000    1.9581991956e-07    2.6337315783e-08   -8.0885574338e-09    3.5241154286e-07   -6.9218006875e-08    2.1822532895e-07    3.2508993407e-09    6.7529488607e-08
  37.4500000    2.1644509358e-07    3.1002224526e-08    2.4830272383e-09    3.3633045723e-07   -7.3701595638e-08    2.1525508411e-07    3.1525461238e-09    6.7446144648e-08
  37.4600000    2.3408876744e-07    3.5188166513e-08    1.3331274368e-08    3.2121243666e-07   -7.8391807773e-08    2.1275193881e-07    3.0499776399e-09    6.7363020631e-08
  37.4700000    2.4862433834e-07    3.8815490027e-08    2.4337008493e-08    3.0721135453e-07   -8.3208212031e-08    2.1076053476e-07    2.9430211158e-09    6.7279840995e-08
  37.4800000    2.5995386134e-07    4.1809943205e-08    3.5371026212e-08    2.9446392662e-07   -8.8067875255e-08    2.0931633367e-07    2.8315410855e-09    6.7196330879e-08
  37.4900000    2.6800749626e-07    4.4103733552e-08    4.6295837283e-08    2.8308837102e-07   -9.2886766582e-08    2.0844491176e-07    2.7154302265e-09    6.7112239945e-08
  37.5000000    2.7274332835e-07    4.5636726454e-08    5.6967671210e-08    2.7318321844e-07   -9.7581238135e-08    2.0816144404e-07    2.5946114228e-09    6.7027335382e-08
  37.5100000    2.7414723653e-07    4.6357624790e-08    6.7238710873e-08    2.6482650155e-07   -1.0206947680e-07    2.0847033511e-07    2.4690438762e-09    6.6941413079e-08
  37.5200000    2.7223314640e-07    4.6225299715e-08    7.6959530544e-08    2.5807513257e-07   -1.0627294572e-07    2.0936512361e-07    2.3387130267e-09    6.6854298729e-08
  37.5300000    2.6704356131e-07    4.5210039695e-08    8.5981630718e-08    2.5296465032e-07   -1.1011778386e-07    2.1082852515e-07    2.2036325371e-09    6.6765854788e-08
  37.5400000    2.5865014745e-07    4.3294893675e-08    9.4160105406e-08    2.4950918663e-07   -1.1353613682e-07    2.1283273294e-07    2.0638451364e-09    6.6675996662e-08
  37.5500000    2.4715459609e-07    4.0476826659e-08    1.0135640988e-07    2.4770169837e-07   -1.1646735803e-07    2.1533990491e-07    1.9194122000e-09    6.6584666606e-08
  37.5600000    2.3268937163e-07    3.6767756003e-08    1.0744103639e-07    2.4751453475e-07   -1.1885916850e-07    2.1830283007e-07    1.7704252915e-09    6.6491872264e-08
  37.5700000    2.1541831337e-07    3.2195394124e-08    1.1229619903e-07    2.4890017091e-07   -1.2066859884e-07    2.2166578964e-07    1.6169869151e-09    6.6397664185e-08
  37.5800000    1.9553705281e-07    2.6803892244e-08    1.1581841865e-07    2.5179222902e-07   -1.2186283194e-07    2.2536559461e-07    1.4592220930e-09    6.6302132389e-08
  37.5900000    1.7327294371e-07    2.0654023469e-08    1.1792089856e-07    2.5610666885e-07   -1.2241984390e-07    2.2933276155e-07    1.2972774004e-09    6.6205434069e-08
  37.6000000    1.4888437204e-07    1.3823115439e-08    1.1853572899e-07    2.6174323745e-07   -1.2232890376e-07    2.3349278848e-07    1.1313084081e-09    6.6107760140e-08
  37.6100000    1.2265946594e-07    6.4044588108e-09    1.1761581997e-07    2.6858701943e-07   -1.2159083555e-07    2.3776757403e-07    9.6147915018e-10    6.6009352539e-08
  37.6200000    9.4914017760e-08   -1.4936214153e-09    1.1513650448e-07    2.7651020272e-07   -1.2021810736e-07    2.4207687779e-07    7.8797729997e-10    6.5910492375e-08
  37.6300000    6.5988428895e-08   -9.7491993940e-09    1.1109681599e-07    2.8537391572e-07   -1.1823471831e-07    2.4633984098e-07    6.1097940825e-10    6.5811503360e-08
  37.6400000    3.6243987487e-08   -1.8228625437e-08    1.0552035941e-07    2.9503020867e-07   -1.1567586316e-07    2.5047651355e-07    4.3068653152e-10    6.5712738241e-08
  37.6500000    6.0580566092e-09   -2.6788799053e-08    9.8455785582e-08    3.0532406393e-07   -1.1258745589e-07    2.5440936827e-07    2.4729734285e-10    6.5614575851e-08
  37.6600000   -2.4181243033e-08   -3.5279861600e-08    8.9976801950e-08    3.1609549608e-07   -1.0902536356e-07    2.5806477684e-07    6.1014944924e-11    6.5517420860e-08
  37.6700000   -5.4081295720e-08   -4.3548118916e-08    8.0181743184e-08    3.2718166412e-07   -1.0505456504e-07    2.6137440363e-07   -1.2794867117e-10    6.5421692571e-08
  37.6800000   -8.3251565410e-08   -5.1439282494e-08    6.9192689458e-08    3.3841889037e-07   -1.0074806537e-07    2.6427649968e-07   -3.1938459039e-10    6.5327808806e-08
  37.6900000   -1.1131060597e-07   -5.8801825910e-08    5.7154103907e-08    3.4964482723e-07   -9.6185706642e-08    2.6671710125e-07   -5.1307721534e-10    6.5236204654e-08
  37.7000000   -1.3789303807e-07   -6.5490384640e-08    4.4231051687e-08    3.6070041705e-07   -9.1452816064e-08    2.6865102562e-07   -7.0881282534e-10    6.5147295528e-08
  37.7100000   -1.6265660863e-07   -7.1369129412e-08    3.0606969995e-08    3.7143182004e-07   -8.6638772322e-08    2.7004275054e-07   -9.0637885796e-10    6.5061482296e-08
  37.7200000   -1.8528858392e-07   -7.6314893076e-08    1.6481057271e-08    3.8169225630e-07   -8.1835450194e-08    2.7086707725e-07   -1.1055511587e-09    6.4979149956e-08
  37.7300000   -2.0551178127e-07   -8.0220257766e-08    2.0652807868e-09    3.9134373462e-07   -7.7135639394e-08    2.7110959846e-07   -1.3061139638e-09    6.4900654794e-08
  37.7400000   -2.2308953396e-07   -8.2996071755e-08   -1.2418888247e-08    4.0025860812e-07   -7.2631400959e-08    2.7076698932e-07   -1.5078527655e-09    6.4826313440e-08
  37.7500000   -2.3782977640e-07   -8.4573619019e-08   -2.6744055355e-08    4.0832102507e-07   -6.8412457111e-08    2.6984704812e-07   -1.7105403207e-09    6.4756406548e-08
  37.7600000   -2.4958782384e-07   -8.4906364188e-08   -4.0680648713e-08    4.1542815030e-07   -6.4564553571e-08    2.6836853962e-07   -1.9139526254e-09    6.4691167363e-08
  37.7700000   -2.5826789106e-07   -8.3971052779e-08   -5.4000815228e-08    4.2149128015e-07   -6.1167888417e-08    2.6636081884e-07   -2.1178711475e-09    6.4630775695e-08
  37.7800000   -2.6382328367e-07   -8.1768321016e-08   -6.6482379464e-08    4.2643670302e-07   -5.8295662230e-08    2.6386327651e-07   -2.3220654086e-09    6.4575353436e-08
  37.7900000   -2.6625516418e-07   -7.8322652548e-08   -7.7912837450e-08    4.3020638771e-07   -5.6012655656e-08    2.6092457346e-07   -2.5263090689e-09    6.4524974704e-08
  37.8000000   -2.6561006778e-07   -7.3681847508e-08   -8.8093229844e-08    4.3275848863e-07   -5.4374013615e-08    2.5760167826e-07   -2.7303701616e-09    6.4479641521e-08
  37.8100000   -2.6197634952e-07   -6.7915810810e-08   -9.6841908464e-08    4.3406760552e-07   -5.3424100436e-08    2.5395878906e-07   -2.9340177058e-09    6.4439300629e-08
  37.8200000   -2.5547953767e-07   -6.1115009165e-08   -1.0399804512e-07    4.3412485349e-07   -5.3195617042e-08    2.5006609922e-07   -3.1370131516e-09    6.4403836233e-08
  37.8300000   -2.4627697368e-07   -5.3388323467e-08   -1.0942490705e-07    4.3293775581e-07   -5.3708836036e-08    2.4599842788e-07   -3.3391146686e-09    6.4373070619e-08
  37.8400000   -2.3455191415e-07   -4.4860688266e-08   -1.1301273165e-07    4.3052987980e-07   -5.4971075173e-08    2.4183379327e-07   -3.5400834100e-09    6.4346762631e-08
  37.8500000   -2.2050754674e-07   -3.5670300839e-08   -1.1468117296e-07    4.2694032107e-07   -5.6976394785e-08    2.3765191303e-07   -3.7396733274e-09    6.4324622360e-08
  37.8600000   -2.0436081231e-07   -2.5965708614e-08   -1.1438135133e-07    4.2222297029e-07   -5.9705495586e-08    2.3353267426e-07   -3.9376358778e-09    6.4306299416e-08
  37.8700000   -1.8633676520e-07   -1.5902780321e-08   -1.1209730994e-07    4.1644561929e-07   -6.3125859457e-08    2.2955460809e-07   -4.1337193599e-09    6.4291399505e-08
  37.8800000   -1.6666337535e-07   -5.6416352897e-09   -1.0784695754e-07    4.0968892694e-07   -6.7192134370e-08    2.2579338083e-07   -4.3276727191e-09    6.4279479320e-08
  37.8900000   -1.4556718531e-07    4.6563872909e-09   -1.0168239251e-07    4.0204516249e-07   -7.1846699626e-08    2.2232035695e-07   -4.5192433757e-09    6.4270055698e-08
  37.9000000   -1.2326980468e-07    1.4831593216e-08   -9.3689699412e-08    3.9361689961e-07   -7.7020519155e-08    2.1920122742e-07   -4.7081780210e-09    6.4262623192e-08
  37.9100000   -9.9985657169e-08    2.4728634441e-08   -8.3988009673e-08    3.8451551949e-07   -8.2634113757e-08    2.1649475758e-07   -4.8942283542e-09    6.4256642847e-08
  37.9200000   -7.5920617270e-08    3.4199064615e-08   -7.2728079834e-08    3.7485965049e-07   -8.8598809617e-08    2.1425169843e-07   -5.0771370149e-09    6.4251558435e-08
  37.9300000   -5.1271841433e-08    4.3103407042e-08   -6.0090215765e-08    3.6477353640e-07   -9.4818101332e-08    2.1251377791e-07   -5.2566573941e-09    6.4246813343e-08
  37.9400000   -2.6228634535e-08    5.1313194678e-08   -4.6281609821e-08    3.5438531575e-07   -1.0118917451e-07    2.1131295657e-07   -5.4325371604e-09    6.4241839559e-08
  37.9500000   -9.7403199158e-10    5.8712429677e-08   -3.1533218189e-08    3.4382527145e-07   -1.0760460242e-07    2.1067079455e-07   -5.6045423839e-09    6.4236071214e-08
  37.9600000    2.4312769080e-08    6.5199008257e-08   -1.6096088706e-08    3.3322409853e-07   -1.1395404337e-07    2.1059806454e-07   -5.7724380635e-09    6.4228969597e-08
  37.9700000    4.9453721703e-08    7.0685630323e-08   -2.3727948174e-10    3.2271112673e-07   -1.2012612166e-07    2.1109455388e-07   -5.9359978580e-09    6.4219998227e-08
  37.9800000    7.4269002732e-08    7.5100596013e-08    1.5764517747e-08    3.1241261125e-07   -1.2601024448e-07    2.1214906086e-07   -6.0949992184e-09    6.4208661235e-08
  37.9900000    9.8574253112e-08    7.8388233090e-08    3.1623764430e-08    3.0245003442e-07   -1.3149849120e-07    2.1373964442e-07   -6.2492330787e-09    6.4194493644e-08
  38.0000000    1.2217816014e-07    8.0509161155e-08    4.7052933852e-08    2.9293853322e-07   -1.3648746575e-07    2.1583401753e-07   -6.3985096995e-09    6.4177063754e-08
  38.0100000    1.4488083718e-07    8.1440372277e-08    6.1767575892e-08    2.8398537916e-07   -1.4088007550e-07    2.1839016453e-07   -6.5426344062e-09    6.4155990911e-08
  38.0200000    1.6647290173e-07    8.1175081023e-08    7.5491376770e-08    2.7568857726e-07   -1.4458721011e-07    2.2135716969e-07   -6.6814335574e-09    6.4130945507e-08
  38.0300000    1.8673583398e-07    7.9722486206e-08    8.7961158596e-08    2.6813559722e-07   -1.4752935770e-07    2.2467615325e-07   -6.8147568102e-09    6.4101649571e-08
  38.0400000    2.0544333900e-07    7.7107398434e-08    9.8931723478e-08    2.6140228060e-07   -1.4963799835e-07    2.2828140314e-07   -6.9424568881e-09    6.4067870859e-08
  38.0500000    2.2236407088e-07    7.3369706454e-08    1.0818045459e-07    2.5555184364e-07   -1.5085689583e-07    2.3210160672e-07   -7.0644092774e-09    6.4029448928e-08
  38.0600000    2.3726548878e-07    6.8563778721e-08    1.1551159248e-07    2.5063414890e-07   -1.5114314006e-07    2.3606118308e-07   -7.1805075372e-09    6.3986278872e-08
  38.0700000    2.4991882313e-07    6.2757743232e-08    1.2076008247e-07    2.4668509715e-07   -1.5046803410e-07    2.4008173144e-07   -7.2906503863e-09    6.3938306984e-08
  38.0800000    2.6010509155e-07    5.6032680628e-08    1.2379492105e-07    2.4372621408e-07   -1.4881766391e-07    2.4408347086e-07   -7.3947684453e-09    6.3885555521e-08
  38.0900000    2.6762160790e-07    4.8481674190e-08    1.2452198352e-07    2.4176448983e-07   -1.4619331362e-07    2.4798676104e-07   -7.4927994668e-09    6.3828076002e-08
  38.1000000    2.7228911952e-07    4.0208712668e-08    1.2288617446e-07    2.4079237204e-07   -1.4261157120e-07    2.5171355405e-07   -7.5847074268e-09    6.3766002462e-08
  38.1100000    2.7395893162e-07    3.1327557149e-08    1.1887294554e-07    2.4078799042e-07   -1.3810419942e-07    2.5518887591e-07   -7.6704683188e-09    6.3699503221e-08
  38.1200000    2.7251972757e-07    2.1960305201e-08    1.1250910213e-07    2.4171559242e-07   -1.3271776068e-07    2.5834220455e-07   -7.7500757044e-09    6.3628798281e-08
  38.1300000    2.6790390562e-07    1.2235991624e-08    1.0386288219e-07    2.4352613578e-07   -1.2651296818e-07    2.6110877113e-07   -7.8235384882e-09    6.3554144489e-08
  38.1400000    2.6009275913e-07    2.2889011926e-09    9.3043261945e-08    2.4615812585e-07   -1.1956383288e-07    2.6343077857e-07   -7.8908789365e-09    6.3475838777e-08
  38.1500000    2.4912063787e-07   -7.7432132797e-09    8.0198575435e-08    2.4953858328e-07   -1.1195654711e-07    2.6525842847e-07   -7.9521393837e-09    6.3394213004e-08
  38.1600000    2.3507733701e-07   -1.7720997557e-08    6.5514344335e-08    2.5358423306e-07   -1.0378816813e-07    2.6655088507e-07   -8.0073724428e-09    6.3309609620e-08
  38.1700000    2.1810898570e-07   -2.7505540588e-08    4.9210462300e-08    2.5820276367e-07   -9.5165162917e-08    2.6727696980e-07   -8.0566379929e-09    6.3222398730e-08
  38.1800000    1.9841687632e-07   -3.6960422654e-08    3.1537707094e-08    2.6329429593e-07   -8.6201709413e-08    2.6741576764e-07   -8.1000167519e-09    6.3132959623e-08
  38.1900000    1.7625463018e-07   -4.5953863497e-08    1.2773643068e-08    2.6875290195e-07   -7.7017939677e-08    2.6695698651e-07   -8.1375900025e-09    6.3041673720e-08
  38.2000000    1.5192336361e-07   -5.4360797580e-08   -6.7819952436e-09    2.7446827332e-07   -6.7738021296e-08    2.6590114316e-07   -8.1694534119e-09    6.2948915850e-08
  38.2100000    1.2576526825e-07   -6.2064926057e-08   -2.6812394686e-08    2.8032735780e-07   -5.8488230134e-08    2.6425954675e-07   -8.1956967327e-09    6.2855061356e-08
  38.2200000    9.8155724779e-08   -6.8960729388e-08   -4.6989085126e-08    2.8621617421e-07   -4.9394924672e-08    2.6205408760e-07   -8.2164273830e-09    6.2760451310e-08
  38.2300000    6.9494174257e-08   -7.4955126149e-08   -6.6977712583e-08    2.9202146723e-07   -4.0582558986e-08    2.5931684348e-07   -8.2317460774e-09    6.2665424121e-08
  38.2400000    4.0194280629e-08   -7.9969174197e-08   -8.6443883491e-08    2.9763251128e-07   -3.2171684524e-08    2.5608948815e-07   -8.2417610570e-09    6.2570275621e-08
  38.2500000    1.0673562862e-08   -8.3939321035e-08   -1.0505917543e-07    3.0294276764e-07   -2.4277100076e-08    2.5242252542e-07   -8.2465772320e-09    6.2475280931e-08
  38.2600000   -1.8656945258e-08   -8.6818418465e-08   -1.2250706716e-07    3.0785150677e-07   -1.7005991055e-08    2.4837440724e-07   -8.2462966475e-09    6.2380663598e-08
  38.2700000   -4.7402576601e-08   -8.8576538913e-08   -1.3848870754e-07    3.1226535165e-07   -1.0456272862e-08    2.4401045090e-07   -8.2410166116e-09    6.2286618208e-08
  38.2800000   -7.5194208894e-08   -8.9201173547e-08   -1.5272848694e-07    3.1609968797e-07   -4.7150851821e-09    2.3940169120e-07   -8.2308339235e-09    6.2193286138e-08
  38.2900000   -1.0169619232e-07   -8.8697356370e-08   -1.6497919128e-07    3.1927993367e-07    1.4255421611e-10    2.3462361556e-07   -8.2158343334e-09    6.2100774712e-08
  38.3000000   -1.2661280104e-07   -8.7087323341e-08   -1.7502674899e-07    3.2174265156e-07    4.0548814807e-09    2.2975481204e-07   -8.1960936482e-09    6.2009128767e-08
  38.3100000   -1.4969303908e-07   -8.4409785037e-08   -1.8269441877e-07    3.2343649305e-07    6.9742742563e-09    2.2487560803e-07   -8.1716909449e-09    6.1918357073e-08
  38.3200000   -1.7073351277e-07   -8.0719028100e-08   -1.8784634439e-07    3.2432294773e-07    8.8679209286e-09    2.2006665951e-07   -8.1426884463e-09    6.1828409542e-08
  38.3300000   -1.8957942614e-07   -7.6083600479e-08   -1.9039042537e-07    3.2437686998e-07    9.7182241741e-09    2.1540751538e-07   -8.1091341241e-09    6.1739194770e-08
  38.3400000   -2.0612367548e-07   -7.0584840280e-08   -1.9028043000e-07    3.2358681270e-07    9.5229592127e-09    2.1097528510e-07   -8.0710758836e-09    6.1650572585e-08
  38.3500000   -2.2030415814e-07   -6.4315277701e-08   -1.8751729872e-07    3.2195510942e-07    8.2951562822e-09    2.0684329536e-07   -8.0285434229e-09    6.1562363071e-08
  38.3600000   -2.3209958365e-07   -5.7376850626e-08   -1.8214961957e-07    3.1949778320e-07    6.0627485515e-09    2.0307983623e-07   -7.9815617368e-09    6.1474343353e-08
  38.3700000   -2.4152394977e-07   -4.9878996421e-08   -1.7427323570e-07    3.1624418108e-07    2.8679588001e-09    1.9974703011e-07   -7.9301433843e-09    6.1386258053e-08
  38.3800000   -2.4862013245e-07   -4.1936814459e-08   -1.6403004460e-07    3.1223642084e-07   -1.2335535007e-09    1.9689979690e-07   -7.8742964003e-09    6.1297809314e-08
  38.3900000   -2.5345293582e-07   -3.3669230205e-08   -1.5160588823e-07    3.0752864566e-07   -6.1737648653e-09    1.9458492951e-07   -7.8140126090e-09    6.1208680549e-08
  38.4000000   -2.5610192073e-07   -2.5197200789e-08   -1.3722768559e-07    3.0218602918e-07   -1.1873518506e-08    1.9284039288e-07   -7.7492864279e-09    6.1118529184e-08
  38.4100000   -2.5665465649e-07   -1.6642041122e-08   -1.2115978376e-07    2.9628364890e-07   -1.8244008692e-08    1.9169470259e-07   -7.6800960383e-09    6.1026992681e-08
  38.4200000   -2.5520037037e-07   -8.1237957852e-09   -1.0369958082e-07    2.8990519286e-07   -2.5188330004e-08    1.9116652035e-07   -7.6064208041e-09    6.0933701892e-08
  38.4300000   -2.5182481781e-07    2.4014361291e-10   -8.5172515413e-08    2.8314149952e-07   -3.2603221369e-08    1.9126442077e-07   -7.5282389176e-09    6.0838277064e-08
  38.4400000   -2.4660622888e-07    8.3363696143e-09   -6.5926532839e-08    2.7608900898e-07   -4.0380811514e-08    1.9198682247e-07   -7.4455215340e-09    6.0740339202e-08
  38.4500000   -2.3961278742e-07    1.6056644372e-08   -4.6326051502e-08    2.6884814033e-07   -4.8410511769e-08    1.9332210016e-07   -7.3582387466e-09    6.0639513455e-08
  38.4600000   -2.3090168349e-07    2.3298979275e-08   -2.6745587812e-08    2.6152151694e-07   -5.6580865362e-08    1.9524889013e-07   -7.2663705435e-09    6.0535434110e-08
  38.4700000   -2.2051977836e-07    2.9968534003e-08   -7.5631312244e-09    2.5421228035e-07   -6.4781385293e-08    1.9773650435e-07   -7.1698972027e-09    6.0427748548e-08
  38.4800000   -2.0850576547e-07    3.5978609159e-08    1.0846621335e-08    2.4702232964e-07   -7.2904403838e-08    2.0074558854e-07   -7.0687990342e-09    6.0316129092e-08
  38.4900000   -1.9489373319e-07    4.1251383403e-08    2.8119000433e-08    2.4005058737e-07   -8.0846772584e-08    2.0422885021e-07   -6.9630764570e-09    6.0200268556e-08
  38.5000000   -1.7971788741e-07    4.5718687713e-08    4.3906046405e-08    2.3339135712e-07   -8.8511510677e-08    2.0813193248e-07   -6.8527367958e-09    6.0079888164e-08
  38.5100000   -1.6301812740e-07    4.9322829059e-08    5.7882922720e-08    2.2713272392e-07   -9.5809273474e-08    2.1239442224e-07   -6.7377952933e-09    5.9954740135e-08
  38.5200000   -1.4484611392e-07    5.2017265010e-08    6.9753996056e-08    2.2135509345e-07   -1.0265968128e-07    2.1695091506e-07   -6.6182886799e-09    5.9824610838e-08
  38.5300000   -1.2527141003e-07    5.3767272968e-08    7.9258472882e-08    2.1612987045e-07   -1.0899248101e-07    2.2173218865e-07   -6.4942651141e-09    5.9689328121e-08
  38.5400000   -1.0438735557e-07    5.4550678833e-08    8.6175435391e-08    2.1151825149e-07   -1.1474845902e-07    2.2666638493e-07   -6.3657892317e-09    5.9548751998e-08
  38.5500000   -8.2316271671e-08    5.4358394539e-08    9.0328266349e-08    2.0757027746e-07   -1.1988017926e-07    2.3168024113e-07   -6.2329595137e-09    5.9402782263e-08
  38.5600000   -5.9213524054e-08    5.3195010989e-08    9.1588310565e-08    2.0432401512e-07   -1.2435249498e-07    2.3670032834e-07   -6.0958820057e-09    5.9251363313e-08
  38.5700000   -3.5270402487e-08    5.1079160759e-08    8.9877720357e-08    2.0180495622e-07   -1.2814278745e-07    2.4165427531e-07   -5.9546955136e-09    5.9094473634e-08
  38.5800000   -1.0715189647e-08    4.8043806864e-08    8.5171465976e-08    2.0002568983e-07   -1.3124101129e-07    2.4647193678e-07   -5.8095591304e-09    5.8932138414e-08
  38.5900000    1.4187484631e-08    4.4136284017e-08    7.7498352971e-08    1.9898572480e-07   -1.3364948755e-07    2.5108650711e-07   -5.6606628133e-09    5.8764404781e-08
  38.6000000    3.9139064842e-08    3.9418150568e-08    6.6941250537e-08    1.9867161512e-07   -1.3538249010e-07    2.5543559102e-07   -5.5082204900e-09    5.8591373639e-08
  38.6100000    6.3811485664e-08    3.3964716413e-08    5.3636186972e-08    1.9905725330e-07   -1.3646559823e-07    2.5946209907e-07   -5.3524666451e-09    5.8413176043e-08
  38.6200000    8.7853217208e-08    2.7864335566e-08    3.7770651696e-08    2.0010443379e-07   -1.3693487502e-07    2.6311513839e-07   -5.1936827630e-09    5.8229959260e-08
  38.6300000    1.1089700107e-07    2.1217293375e-08    1.9580908824e-08    2.0176356033e-07   -1.3683583520e-07    2.6635068719e-07   -5.0321603895e-09    5.8041916971e-08
  38.6400000    1.3256870550e-07    1.4134442560e-08   -6.5154590639e-10    2.0397461503e-07   -1.3622230258e-07    2.6913219423e-07   -4.8682217647e-09    5.7849268038e-08
  38.6500000    1.5249724412e-07    6.7354032379e-09   -2.2604349606e-08    2.0666829886e-07   -1.3515508075e-07    2.7143100526e-07   -4.7022175477e-09    5.7652238754e-08
  38.6600000    1.7032504474e-07   -8.5342484227e-10   -4.5919418369e-08    2.0976727749e-07   -1.3370058208e-07    2.7322665973e-07   -4.5345250653e-09    5.7451088716e-08
  38.6700000    1.8571859428e-07   -8.5012586311e-09   -7.0208740776e-08    2.1318762312e-07   -1.3192932070e-07    2.7450703917e-07   -4.3655466963e-09    5.7246074359e-08
  38.6800000    1.9837868773e-07   -1.6075455004e-08   -9.5060728360e-08    2.1684033714e-07   -1.2991438181e-07    2.7526833467e-07   -4.1957067819e-09    5.7037484113e-08
  38.6900000    2.0805007484e-07   -2.3444255640e-08   -1.2004707924e-07    2.2063295235e-07   -1.2772990314e-07    2.7551492254e-07   -4.0254494078e-09    5.6825594665e-08
  38.7000000    2.1452979940e-07   -3.0479661745e-08   -1.4472994357e-07    2.2447118331e-07   -1.2544950572e-07    2.7525906373e-07   -3.8552343448e-09    5.6610696505e-08
  38.7100000    2.1767418170e-07   -3.7060172384e-08   -1.6866937333e-07    2.2826063474e-07   -1.2314485026e-07    2.7452047165e-07   -3.6855406400e-09    5.6393077215e-08
  38.7200000    2.1740406939e-07   -4.3073655760e-08   -1.9143083694e-07    2.3190846359e-07   -1.2088417786e-07    2.7332577037e-07   -3.5168671031e-09    5.6173022847e-08
  38.7300000    2.1370802146e-07   -4.8419898218e-08   -2.1259270986e-07    2.3532499465e-07   -1.1873099983e-07    2.7170784288e-07   -3.3497122867e-09    5.5950812746e-08
  38.7400000    2.0664344998e-07   -5.3012922712e-08   -2.3175365655e-07    2.3842531387e-07   -1.1674290596e-07    2.6970508926e-07   -3.1845864334e-09    5.5726720974e-08
  38.7500000    1.9633564364e-07   -5.6783010397e-08   -2.4853966421e-07    2.4113071093e-07   -1.1497050838e-07    2.6736060112e-07   -3.0220040333e-09    5.5501006330e-08
  38.7600000    1.8297465750e-07   -5.9678267129e-08   -2.6261073483e-07    2.4337006175e-07   -1.1345651810e-07    2.6472126931e-07   -2.8624758352e-09    5.5273913224e-08
  38.7700000    1.6681027695e-07   -6.1665745107e-08   -2.7366701202e-07    2.4508098390e-07   -1.1223502685e-07    2.6183684419e-07   -2.7065183549e-09    5.5045676992e-08
  38.7800000    1.4814525894e-07   -6.2732088170e-08   -2.8145429053e-07    2.4621091098e-07   -1.1133099438e-07    2.5875900607e-07   -2.5546284474e-09    5.4816508840e-08
  38.7900000    1.2732698801e-07   -6.2883498139e-08   -2.8576882714e-07    2.4671789829e-07   -1.1075987064e-07    2.5554037971e-07   -2.4073024608e-09    5.4586616471e-08
  38.8000000    1.0473818728e-07   -6.2145343575e-08   -2.8646130597e-07    2.4657129681e-07   -1.1052746950e-07    2.5223361431e-07   -2.2650116250e-09    5.4356180498e-08
  38.8100000    8.0786674244e-08   -6.0561131123e-08   -2.8343991090e-07    2.4575218130e-07   -1.1062999790e-07    2.4889043611e-07   -2.1282152625e-09    5.4125365506e-08
  38.8200000    5.5894860547e-08   -5.8191017406e-08   -2.7667249158e-07    2.4425356950e-07   -1.1105431783e-07    2.4556076955e-07   -1.9973468432e-09    5.3894318494e-08
  38.8300000    3.0489117421e-08   -5.5109917185e-08   -2.6618771198e-07    2.4208040055e-07   -1.1177834830e-07    2.4229194804e-07   -1.8728105104e-09    5.3663174108e-08
  38.8400000    4.9896056185e-09   -5.1405155790e-08   -2.5207519610e-07    2.3924934254e-07   -1.1277167966e-07    2.3912795355e-07   -1.7549820789e-09    5.3432051821e-08
  38.8500000   -2.0199160890e-08   -4.7173926057e-08   -2.3448468610e-07    2.3578832788e-07   -1.1399633507e-07    2.3610877496e-07   -1.6442059432e-09    5.3201050427e-08
  38.8600000   -4.4696919445e-08   -4.2520518139e-08   -2.1362415308e-07    2.3173594897e-07   -1.1540763325e-07    2.3326984683e-07   -1.5407810176e-09    5.2970256528e-08
  38.8700000   -6.8154852071e-08   -3.7553405728e-08   -1.8975690197e-07    2.2714059771e-07   -1.1695525019e-07    2.3064160272e-07   -1.4449702116e-09    5.2739749967e-08
  38.8800000   -9.0261490643e-08   -3.2382409558e-08   -1.6319781688e-07    2.2205949093e-07   -1.1858430286e-07    2.2824911718e-07   -1.3569969317e-09    5.2509592136e-08
  38.8900000   -1.1074701781e-07   -2.7115850670e-08   -1.3430865620e-07    2.1655751074e-07   -1.2023655349e-07    2.2611191026e-07   -1.2770253605e-09    5.2279838008e-08
  38.9000000   -1.2938604766e-07   -2.1857991903e-08   -1.0349256495e-07    2.1070593168e-07   -1.2185165805e-07    2.2424381520e-07   -1.2051843719e-09    5.2050536944e-08
  38.9100000   -1.4599895751e-07   -1.6706617968e-08   -7.1187857469e-08    2.0458103641e-07   -1.2336842448e-07    2.2265297326e-07   -1.1415426459e-09    5.1821729910e-08
  38.9200000   -1.6045160428e-07   -1.1750948469e-08   -3.7861196417e-08    1.9826263404e-07   -1.2472610380e-07    2.2134197820e-07   -1.0861199058e-09    5.1593452032e-08
  38.9300000   -1.7265390030e-07   -7.0700688625e-09   -4.0002246172e-09    1.9183257954e-07   -1.2586560196e-07    2.2030806145e-07   -1.0388925001e-09    5.1365739688e-08
  38.9400000   -1.8255717979e-07   -2.7315623145e-09    2.9894137650e-08    1.8537324205e-07   -1.2673071933e-07    2.1954343342e-07   -9.9976338009e-10    5.1138619192e-08
  38.9500000   -1.9015075856e-07    1.2093486564e-09    6.3315689296e-08    1.7896596580e-07   -1.2726924879e-07    2.1903567647e-07   -9.6859847983e-10    5.0912122735e-08
  38.9600000   -1.9545768120e-07    4.7101969306e-09    9.5761110720e-08    1.7268963480e-07   -1.2743402465e-07    2.1876823375e-07   -9.4520459597e-10    5.0686283594e-08
  38.9700000   -1.9853022139e-07    7.7413137465e-09    1.2673806997e-07    1.6661922568e-07   -1.2718387134e-07    2.1872095557e-07   -9.2932983264e-10    5.0461128876e-08
  38.9800000   -1.9944506431e-07    1.0285431263e-08    1.5577321019e-07    1.6082451697e-07   -1.2648438809e-07    2.1887069664e-07   -9.2068038352e-10    5.0236695383e-08
  38.9900000   -1.9829858470e-07    1.2337007948e-08    1.8241988188e-07    1.5536889328e-07   -1.2530863096e-07    2.1919194134e-07   -9.1890774370e-10    5.0013014147e-08
  39.0000000   -1.9520234294e-07    1.3901173079e-08    2.0626548849e-07    1.5030827798e-07   -1.2363762300e-07    2.1965750905e-07   -9.2361808179e-10    4.9790116382e-08
  39.0100000   -1.9027904306e-07    1.4992465063e-08    2.2693830552e-07    1.4569024606e-07   -1.2146073971e-07    2.2023917202e-07   -9.3436152252e-10    4.9568046090e-08
  39.0200000   -1.8365884040e-07    1.5633440450e-08    2.4411364122e-07    1.4155331413e-07   -1.1877591278e-07    2.2090834769e-07   -9.5066129051e-10    4.9346834944e-08
  39.0300000   -1.7547649753e-07    1.5853045208e-08    2.5751933575e-07    1.3792640051e-07   -1.1558967216e-07    2.2163675451e-07   -9.7198998512e-10    4.9126524094e-08
  39.0400000   -1.6586900324e-07    1.5685025083e-08    2.6694034252e-07    1.3482848935e-07   -1.1191705212e-07    2.2239698880e-07   -9.9779681436e-10    4.8907155519e-08
  39.0500000   -1.5497392746e-07    1.5166325854e-08    2.7222250347e-07    1.3226852244e-07   -1.0778133920e-07    2.2316313721e-07   -1.0274850645e-09    4.8688762237e-08
  39.0600000   -1.4292840563e-07    1.4335536769e-08    2.7327529152e-07    1.3024543686e-07   -1.0321365751e-07    2.2391126171e-07   -1.0604455156e-09    4.8471380375e-08
  39.0700000   -1.2986867071e-07    1.3231430684e-08    2.7007356699e-07    1.2874845051e-07   -9.8252465399e-08    2.2461985185e-07   -1.0960393739e-09    4.8255047507e-08
  39.0800000   -1.1593006673e-07    1.1891749854e-08    2.6265829322e-07    1.2775753626e-07   -9.2942887520e-08    2.2527020774e-07   -1.1336116175e-09    4.8039786814e-08
  39.0900000   -1.0124738940e-07    1.0352091335e-08    2.5113617111e-07    1.2724403070e-07   -8.7335964140e-08    2.2584673429e-07   -1.1724996898e-09    4.7825628216e-08
  39.1000000   -8.5955553554e-08    8.6450799320e-09    2.3567825224e-07    1.2717144500e-07   -8.1487825158e-08    2.2633714541e-07   -1.2120317271e-09    4.7612580143e-08
  39.1100000   -7.0190309402e-08    6.7997204052e-09    2.1651749047e-07    1.2749642487e-07   -7.5458775878e-08    2.2673260731e-07   -1.2515371974e-09    4.7400654725e-08
  39.1200000   -5.4088992128e-08    4.8411123409e-09    1.9394531584e-07    1.2816980455e-07   -6.9312346161e-08    2.2702776745e-07   -1.2903489019e-09    4.7189856266e-08
  39.1300000   -3.7791214730e-08    2.7902631593e-09    1.6830724306e-07    1.2913780839e-07   -6.3114285093e-08    2.2722071518e-07   -1.3278107324e-09    4.6980169258e-08
  39.1400000   -2.1439247332e-08    6.6429200845e-10    1.3999763220e-07    1.3034327327e-07   -5.6931579336e-08    2.2731287461e-07   -1.3632796166e-09    4.6771574162e-08
  39.1500000   -5.1782691108e-09   -1.5232939851e-09    1.0945361776e-07    1.3172697487e-07   -5.0831451324e-08    2.2730878184e-07   -1.3961392526e-09    4.6564038973e-08
  39.1600000    1.0843862307e-08   -3.7619634543e-09    7.7148405085e-08    1.3322894042e-07   -4.4880370233e-08    2.2721584654e-07   -1.4257943240e-09    4.6357518725e-08
  39.1700000    2.6477102024e-08   -6.0434883932e-09    4.3583881165e-08    1.3478974695e-07   -3.9143147125e-08    2.2704400015e-07   -1.4516837901e-09    4.6151958167e-08
  39.1800000    4.1570165159e-08   -8.3611393411e-09    9.2828748421e-09    1.3635185438e-07   -3.3682048505e-08    2.2680534495e-07   -1.4732792799e-09    4.5947279619e-08
  39.1900000    5.5971806514e-08   -1.0708701055e-08   -2.5219039545e-08    1.3786077239e-07   -2.8555973524e-08    2.2651372248e-07   -1.4901013740e-09    4.5743407146e-08
  39.2000000    6.9532507325e-08   -1.3079598073e-08   -5.9381882551e-08    1.3926623405e-07   -2.3819764631e-08    2.2618426537e-07   -1.5017033868e-09    4.5540241626e-08
  39.2100000    8.2106433329e-08   -1.5465939625e-08   -9.2669737945e-08    1.4052320670e-07   -1.9523528092e-08    2.2583294545e-07   -1.5076871165e-09    4.5337676330e-08
  39.2200000    9.3553670197e-08   -1.7857617616e-08   -1.2455913327e-07    1.4159278386e-07   -1.5712124788e-08    2.2547610057e-07   -1.5077232267e-09    4.5135586512e-08
  39.2300000    1.0374266578e-07   -2.0241643932e-08   -1.5454728177e-07    1.4244294881e-07   -1.2424731210e-08    2.2512996949e-07   -1.5015152499e-09    4.4933846775e-08
  39.2400000    1.1255276292e-07   -2.2601492630e-08   -1.8215993585e-07    1.4304912029e-07   -9.6944931676e-09    2.2481024919e-07   -1.4888349896e-09    4.4732316342e-08
  39.2500000    1.1987686724e-07   -2.4916734325e-08   -2.0695888493e-07    1.4339457114e-07   -7.5483095348e-09    2.2453167858e-07   -1.4695108054e-09    4.4530846373e-08
  39.2600000    1.2562395944e-07   -2.7162927605e-08   -2.2854880417e-07    1.4347066132e-07   -6.0067110333e-09    2.2430764952e-07   -1.4434240955e-09    4.4329279600e-08
  39.2700000    1.2972156968e-07   -2.9311622801e-08   -2.4658348770e-07    1.4327683036e-07   -5.0838415158e-09    2.2414989434e-07   -1.4105316192e-09    4.4127457028e-08
  39.2800000    1.3211813639e-07   -3.1330836025e-08   -2.6077129972e-07    1.4282044521e-07   -4.7875045425e-09    2.2406818214e-07   -1.3708309733e-09    4.3925216173e-08
  39.2900000    1.3278499106e-07   -3.3185578109e-08   -2.7087972452e-07    1.4211645465e-07   -5.1193606427e-09    2.2407011965e-07   -1.3244002098e-09    4.3722385127e-08
  39.3000000    1.3171807404e-07   -3.4838879136e-08   -2.7673905790e-07    1.4118684540e-07   -6.0751352787e-09    2.2416099089e-07   -1.2713608889e-09    4.3518798735e-08
  39.3100000    1.2893931623e-07   -3.6252816902e-08   -2.7824505246e-07    1.4005995047e-07   -7.6449172796e-09    2.2434366234e-07   -1.2118990164e-09    4.3314295883e-08
  39.3200000    1.2449744990e-07   -3.7389905304e-08   -2.7536054069e-07    1.3876959521e-07   -9.8135331986e-09    2.2461857724e-07   -1.1462569170e-09    4.3108713342e-08
  39.3300000    1.1846850458e-07   -3.8214601196e-08   -2.6811602210e-07    1.3735411071e-07   -1.2560955378e-08    2.2498379556e-07   -1.0747361446e-09    4.2901891651e-08
  39.3400000    1.1095559215e-07   -3.8694856707e-08   -2.5660915102e-07    1.3585524237e-07   -1.5862743013e-08    2.2543511447e-07   -9.9768024504e-10    4.2693680504e-08
  39.3500000    1.0208829153e-07   -3.8803796245e-08   -2.4100321487e-07    1.3431695527e-07   -1.9690495839e-08    2.2596624328e-07   -9.1548641220e-10    4.2483942174e-08
  39.3600000    9.2021220127e-08   -3.8521256274e-08   -2.2152453599e-07    1.3278417941e-07   -2.4012325579e-08    2.2656902793e-07   -8.2859588788e-10    4.2272543193e-08
  39.3700000    8.0932175514e-08   -3.7835283432e-08   -1.9845890355e-07    1.3130154309e-07   -2.8793359889e-08    2.2723373132e-07   -7.3748487555e-10    4.2059366197e-08
  39.3800000    6.9019591950e-08   -3.6743400821e-08   -1.7214707823e-07    1.2991205317e-07   -3.3996183777e-08    2.2794936444e-07   -6.4267711233e-10    4.1844301811e-08
  39.3900000    5.6499306597e-08   -3.5253638556e-08   -1.4297943327e-07    1.2865583682e-07   -3.9581291069e-08    2.2870402697e-07   -5.4471677626e-10    4.1627261966e-08
  39.4000000    4.3600812711e-08   -3.3385200810e-08   -1.1138983425e-07    1.2756893333e-07   -4.5507525680e-08    2.2948529041e-07   -4.4417693866e-10    4.1408167352e-08
  39.4100000    3.0562987556e-08   -3.1168845402e-08   -7.7848831840e-08    1.2668213473e-07   -5.1732489627e-08    2.3028057387e-07   -3.4165855881e-10    4.1186955873e-08
  39.4200000    1.7629210557e-08   -2.8646671385e-08   -4.2856309709e-08    1.2601993692e-07   -5.8212865221e-08    2.3107753376e-07   -2.3777439688e-10    4.0963571964e-08
  39.4300000    5.0422160643e-09   -2.5871627919e-08   -6.9336591017e-09    1.2559965595e-07   -6.4904783175e-08    2.3186443129e-07   -1.3315622079e-10    4.0737996016e-08
  39.4400000   -6.9614920575e-09   -2.2906515916e-08    2.9384309949e-08    1.2543064678e-07   -7.1764070709e-08    2.3263049071e-07   -2.8432725647e-11    4.0510206493e-08
  39.4500000   -1.8157252311e-08   -1.9822504976e-08    6.5557716526e-08    1.2551373632e-07   -7.8746527240e-08    2.3336622775e-07    7.5760387710e-11    4.0280201286e-08
  39.4600000   -2.8338031568e-08   -1.6697344372e-08    1.0104994020e-07    1.2584080522e-07   -8.5808124119e-08    2.3406372321e-07    1.7878833873e-10    4.0047999133e-08
  39.4700000   -3.7319975314e-08   -1.3613089749e-08    1.3533592556e-07    1.2639459467e-07   -9.2905167640e-08    2.3471684476e-07    2.8002882152e-10    3.9813630722e-08
  39.4800000   -4.4947741249e-08   -1.0653735059e-08    1.6791024572e-07    1.2714872535e-07   -9.9994457050e-08    2.3532145538e-07    3.7887177781e-10    3.9577135498e-08
  39.4900000   -5.1099268963e-08   -7.9024978418e-09    1.9829483148e-07    1.2806788802e-07   -1.0703340070e-07    2.3587551550e-07    4.7472176965e-10    3.9338575316e-08
  39.5000000   -5.5689898320e-08   -5.4390761043e-09    2.2604624866e-07    1.2910831624e-07   -1.1398009925e-07    2.3637911975e-07    5.6700798728e-10    3.9098025290e-08
  39.5100000   -5.8675688920e-08   -3.3369429747e-09    2.5076239605e-07    1.3021836364e-07   -1.2079343927e-07    2.3683451301e-07    6.5518112165e-10    3.8855551228e-08
  39.5200000   -6.0055690666e-08   -1.6607225017e-09    2.7208846697e-07    1.3133944219e-07   -1.2743318377e-07    2.3724598142e-07    7.3872235115e-10    3.8611253594e-08
  39.5300000   -5.9873048691e-08   -4.6387901803e-10    2.8972225617e-07    1.3240695533e-07   -1.3386000958e-07    2.3761972316e-07    8.1714080463e-10    3.8365227702e-08
  39.5400000   -5.8214822081e-08    2.1338891243e-10    3.0341844557e-07    1.3335152791e-07   -1.4003563092e-07    2.3796360593e-07    8.8999134554e-10    3.8117583025e-08
  39.5500000   -5.5210537572e-08    3.4565653366e-10    3.1299212508e-07    1.3410037560e-07   -1.4592285260e-07    2.3828693849e-07    9.5685910428e-10    3.7868423628e-08
  39.5600000   -5.1029224218e-08   -7.6575548883e-11    3.1832120005e-07    1.3457875974e-07   -1.5148569845e-07    2.3860010394e-07    1.0173643262e-09    3.7617873223e-08
  39.5700000   -4.5875203523e-08   -1.0463618587e-09    3.1934790047e-07    1.3471156278e-07   -1.5668953846e-07    2.3891422629e-07    1.0711764176e-09    3.7366044991e-08
  39.5800000   -3.9982516069e-08   -2.5404003585e-09    3.1607915041e-07    1.3442491711e-07   -1.6150123748e-07    2.3924071396e-07    1.1180022787e-09    3.7113068507e-08
  39.5900000   -3.3608140983e-08   -4.5196215340e-09    3.0858601129e-07    1.3364791284e-07   -1.6588934818e-07    2.3959087424e-07    1.1575953700e-09    3.6859063460e-08
  39.6000000   -2.7024207535e-08   -6.9304805401e-09    2.9700201619e-07    1.3231425202e-07   -1.6982428221e-07    2.3997545311e-07    1.1897490654e-09    3.6604148709e-08
  39.6100000   -2.0509435489e-08   -9.7066606864e-09    2.8152058525e-07    1.3036393650e-07   -1.7327858812e-07    2.4040416727e-07    1.2143042206e-09    3.6348453202e-08
  39.6200000   -1.4340048996e-08   -1.2771350322e-08    2.6239144750e-07    1.2774485409e-07   -1.7622717905e-07    2.4088527159e-07    1.2311356274e-09    3.6092091731e-08
  39.6300000   -8.7803821069e-09   -1.6039799002e-08    2.3991624112e-07    1.2441426601e-07   -1.7864763081e-07    2.4142513648e-07    1.2401764643e-09    3.5835186724e-08
  39.6400000   -4.0736716815e-09   -1.9422237749e-08    2.1444327700e-07    1.2034020217e-07   -1.8052046240e-07    2.4202786785e-07    1.2413888474e-09    3.5577849356e-08
  39.6500000   -4.3319998451e-10   -2.2826870921e-08    1.8636159435e-07    1.1550266148e-07   -1.8182945123e-07    2.4269495200e-07    1.2347797996e-09    3.5320192639e-08
  39.6600000    1.9657674181e-09   -2.6162982050e-08    1.5609443832e-07    1.0989466376e-07   -1.8256196077e-07    2.4342497234e-07    1.2203968434e-09    3.5062316880e-08
  39.6700000    2.9929197288e-09   -2.9343919204e-08    1.2409220876e-07    1.0352304603e-07   -1.8270921321e-07    2.4421336588e-07    1.1983170641e-09    3.4804327817e-08
  39.6800000    2.5685323776e-09   -3.2289885037e-08    9.0825053192e-08    9.6409063703e-08   -1.8226661780e-07    2.4505230848e-07    1.1686605429e-09    3.4546320167e-08
  39.6900000    6.6734034827e-10   -3.4930357215e-08    5.6775197892e-08    8.8588733960e-08   -1.8123402388e-07    2.4593060235e-07    1.1315702158e-09    3.4288389058e-08
  39.7000000   -2.6793852766e-09   -3.7206165365e-08    2.2429156641e-08    8.0112884005e-08   -1.7961596956e-07    2.4683372079e-07    1.0872284527e-09    3.4030616590e-08
  39.7100000   -7.3836932093e-09   -3.9071137212e-08   -1.1730054329e-08    7.1046976667e-08   -1.7742187974e-07    2.4774387150e-07    1.0358366929e-09    3.3773088330e-08
  39.7200000   -1.3302983405e-08   -4.0493076828e-08   -4.5230575976e-08    6.1470599090e-08   -1.7466621585e-07    2.4864022662e-07    9.7762351742e-10    3.3515874209e-08
  39.7300000   -2.0243995101e-08   -4.1454298756e-08   -7.7619096676e-08    5.1476754157e-08   -1.7136856931e-07    2.4949916797e-07    9.1284802408e-10    3.3259050934e-08
  39.7400000   -2.7968742626e-08   -4.1951546650e-08   -1.0846787136e-07    4.1170789996e-08   -1.6755368863e-07    2.5029466373e-07    8.4177525331e-10    3.3002675130e-08
  39.7500000   -3.6202335683e-08   -4.1995414194e-08   -1.3738122840e-07    3.0669111042e-08   -1.6325141825e-07    2.5099870542e-07    7.6469019606e-10    3.2746814678e-08
  39.7600000   -4.4642146300e-08   -4.1609279258e-08   -1.6400148994e-07    2.0097676195e-08   -1.5849657043e-07    2.5158182701e-07    6.8189405134e-10    3.2491518990e-08
  39.7700000   -5.2968392072e-08   -4.0827798721e-08   -1.8801422762e-07    9.5902085416e-09   -1.5332873958e-07    2.5201367371e-07    5.9370119245e-10    3.2236835879e-08
  39.7800000   -6.0855387456e-08   -3.9695061927e-08   -2.0915267138e-07   -7.1374376585e-10   -1.4779197836e-07    2.5226365271e-07    5.0042542818e-10    3.1982812765e-08
  39.7900000   -6.7983357413e-08   -3.8262511006e-08   -2.2720134299e-07   -1.0670957421e-08   -1.4193441884e-07    2.5230159342e-07    4.0239718537e-10    3.1729483494e-08
  39.8000000   -7.4050109227e-08   -3.6586814198e-08   -2.4199876178e-07   -2.0136767839e-08   -1.3580782467e-07    2.5209845190e-07    2.9994376407e-10    3.1476880241e-08
  39.8100000   -7.8782306809e-08   -3.4727492423e-08   -2.5343921026e-07   -2.8967474927e-08   -1.2946702229e-07    2.5162702687e-07    1.9339509158e-10    3.1225031015e-08
  39.8200000   -8.1945847039e-08   -3.2744863923e-08   -2.6147355230e-07   -3.7022743586e-08   -1.2296929167e-07    2.5086266775e-07    8.3080866520e-11    3.0973948369e-08
  39.8300000   -8.3354869595e-08   -3.0697943943e-08   -2.6610906063e-07   -4.4168069448e-08   -1.1637369035e-07    2.4978397651e-07   -3.0669068816e-11    3.0723648176e-08
  39.8400000   -8.2879090454e-08   -2.8642667933e-08   -2.6740836653e-07   -5.0277240430e-08   -1.0974029840e-07    2.4837346842e-07   -1.4752773342e-10    3.0474136341e-08
  39.8500000   -8.0449190603e-08   -2.6630384194e-08   -2.6548737166e-07   -5.5234660839e-08   -1.0312942864e-07    2.4661817601e-07   -2.6718178854e-10    3.0225402739e-08
  39.8600000   -7.6059869230e-08   -2.4706719830e-08   -2.6051235202e-07   -5.8937671436e-08   -9.6600821967e-08    2.4451020972e-07   -3.8931490072e-10    2.9977437336e-08
  39.8700000   -6.9770653406e-08   -2.2910725762e-08   -2.5269623886e-07   -6.1298649660e-08   -9.0212766997e-08    2.4204721684e-07   -5.1362273950e-10    2.9730214250e-08
  39.8800000   -6.1704181330e-08   -2.1274444728e-08   -2.4229408521e-07   -6.2246960841e-08   -8.4021314382e-08    2.3923276369e-07   -6.3980939386e-10    2.9483702522e-08
  39.8900000   -5.2042239278e-08   -1.9822777899e-08   -2.2959793838e-07   -6.1730665992e-08   -7.8079396880e-08    2.3607661826e-07   -7.6758620623e-10    2.9237864357e-08
  39.9000000   -4.1019461365e-08   -1.8573667361e-08   -2.1493106460e-07   -5.9718015440e-08   -7.2436052841e-08    2.3259491575e-07   -8.9667140208e-10    2.8992642290e-08
  39.9100000   -2.8915094349e-08   -1.7538514236e-08   -1.9864175853e-07   -5.6198610318e-08   -6.7135672756e-08    2.2881020243e-07   -1.0268037761e-09    2.8747971305e-08
  39.9200000   -1.6043129758e-08   -1.6722814493e-08   -1.8109675077e-07   -5.1184274121e-08   -6.2217296024e-08    2.2475136077e-07   -1.1577175691e-09    2.8503771180e-08
  39.9300000   -2.7410853126e-09   -1.6126977220e-08   -1.6267441349e-07   -4.4709566366e-08   -5.7713991908e-08    2.2045341609e-07   -1.2891656191e-09    2.8259956068e-08
  39.9400000    1.0641959047e-08   -1.5747006710e-08   -1.4375780409e-07   -3.6831988716e-08   -5.3652357403e-08    2.1595719800e-07   -1.4209169723e-09    2.8016419499e-08
  39.9500000    2.3757789994e-08   -1.5575424512e-08   -1.2472775937e-07   -2.7631791892e-08   -5.0052073242e-08    2.1130887968e-07   -1.5527355153e-09    2.7773045514e-08
  39.9600000    3.6271235536e-08   -1.5601947527e-08   -1.0595603547e-07   -1.7211406136e-08   -4.6925608721e-08    2.0655943525e-07   -1.6844077266e-09    2.7529710640e-08
  39.9700000    4.7871755241e-08   -1.5814200876e-08   -8.7798770086e-08   -5.6945397659e-09   -4.4278061652e-08    2.0176393927e-07   -1.8157163204e-09    2.7286270028e-08
  39.9800000    5.8284016038e-08   -1.6198095134e-08   -7.0590263832e-08    6.7751031949e-09   -4.2107095277e-08    1.9698078222e-07   -1.9464739782e-09    2.7042569313e-08
  39.9900000    6.7276815666e-08   -1.6738269619e-08   -5.4637202473e-08    2.0035457523e-08   -4.0403022546e-08    1.9227080424e-07   -2.0764802414e-09    2.6798450102e-08
  40.0000000    7.4670286921e-08   -1.7418181199e-08   -4.0213472285e-08    3.3908057412e-08   -3.9149055634e-08    1.8769635243e-07   -2.2055532326e-09    2.6553732563e-08
  40.0100000    8.0340849696e-08   -1.8220176422e-08   -2.7555615612e-08    4.8200301887e-08   -3.8321657821e-08    1.8332026276e-07   -2.3335203311e-09    2.6308235325e-08
  40.0200000    8.4223912381e-08   -1.9125252133e-08   -1.6858969678e-08    6.2707986427e-08   -3.7891062721e-08    1.7920482460e-07   -2.4602140992e-09    2.6061761351e-08
  40.0300000    8.6314163839e-08   -2.0112987085e-08   -8.2746706195e-09    7.7218090584e-08   -3.7821880739e-08    1.7541071965e-07   -2.5854728185e-09    2.5814118800e-08
  40.0400000    8.6663495877e-08   -2.1161147017e-08   -1.9073930763e-09    9.1511764479e-08   -3.8073838312e-08    1.7199593507e-07   -2.7091500694e-09    2.5565099512e-08
  40.0500000    8.5376605988e-08   -2.2245493571e-08    2.1859677726e-09    1.0536744899e-07   -3.8602660511e-08    1.6901471280e-07   -2.8310949621e-09    2.5314492321e-08
  40.0600000    8.2604634981e-08   -2.3339565363e-08    3.9967626875e-09    1.1856413366e-07   -3.9360967113e-08    1.6651655719e-07   -2.9511701432e-09    2.5062093358e-08
  40.0700000    7.8537007685e-08   -2.4414632639e-08    3.5641770477e-09    1.3088469352e-07   -4.0299305864e-08    1.6454524200e-07   -3.0692472684e-09    2.4807689454e-08
  40.0800000    7.3391987423e-08   -2.5439680714e-08    9.7388802765e-10    1.4211919330e-07   -4.1367207273e-08    1.6313796906e-07   -3.1851958771e-09    2.4551084399e-08
  40.0900000    6.7406224311e-08   -2.6381746791e-08   -3.6440087796e-09    1.5206816255e-07   -4.2514284748e-08    1.6232454524e-07   -3.2988999513e-09    2.4292072194e-08
  40.1000000    6.0823891523e-08   -2.7206328634e-08   -1.0118019665e-08    1.6054580075e-07   -4.3691327378e-08    1.6212673975e-07   -3.4102510333e-09    2.4030468100e-08
  40.1100000    5.3885894997e-08   -2.7878168209e-08   -1.8238887872e-08    1.6738302174e-07   -4.4851421951e-08    1.6255771556e-07   -3.5191381041e-09    2.3766087681e-08
  40.1200000    4.6819541340e-08   -2.8362035625e-08   -2.7763995438e-08    1.7243029219e-07   -4.5950977971e-08    1.6362163651e-07   -3.6254681900e-09    2.3498770241e-08
  40.1300000    3.9829239249e-08   -2.8623965147e-08   -3.8422281687e-08    1.7556028364e-07   -4.6950772891e-08    1.6531338848e-07   -3.7291491924e-09    2.3228365892e-08
  40.1400000    3.3088538102e-08   -2.8632379346e-08   -4.9919746680e-08    1.7667012627e-07   -4.7816847400e-08    1.6761849002e-07   -3.8300948400e-09    2.2954738250e-08
  40.1500000    2.6733952781e-08   -2.8359542957e-08   -6.1945257080e-08    1.7568345866e-07   -4.8521343978e-08    1.7051313714e-07   -3.9282356663e-09    2.2677784194e-08
  40.1600000    2.0860767206e-08   -2.7782883608e-08   -7.4176751762e-08    1.7255205322e-07   -4.9043229430e-08    1.7396442973e-07   -4.0235002749e-09    2.2397412752e-08
  40.1700000    1.5520979220e-08   -2.6886453094e-08   -8.6287510085e-08    1.6725701589e-07   -4.9368835786e-08    1.7793074369e-07   -4.1158324670e-09    2.2113567394e-08
  40.1800000    1.0723464580e-08   -2.5662121990e-08   -9.7952617055e-08    1.5980965129e-07   -4.9492316770e-08    1.8236227218e-07   -4.2051833497e-09    2.1826209091e-08
  40.1900000    6.4364098802e-09   -2.4110659050e-08   -1.0885526553e-07    1.5025178975e-07   -4.9415902900e-08    1.8720171188e-07   -4.2915133725e-09    2.1535334962e-08
  40.2000000    2.5916863202e-09   -2.2242659970e-08   -1.1869297404e-07    1.3865575899e-07   -4.9149976613e-08    1.9238507704e-07   -4.3747971055e-09    2.1240963607e-08
  40.2100000   -9.0885946914e-10   -2.0079076934e-08   -1.2718348819e-07    1.2512381106e-07   -4.8713012522e-08    1.9784266574e-07   -4.4550127620e-09    2.0943149594e-08
  40.2200000   -4.1856283902e-09   -1.7651396933e-08   -1.3407034504e-07    1.0978716593e-07   -4.8131292832e-08    2.0350009791e-07   -4.5321512052e-09    2.0641974487e-08
  40.2300000   -7.3724729730e-09   -1.5001529541e-08   -1.3912791265e-07    9.2804550669e-08   -4.7438498878e-08    2.0927949761e-07   -4.6062142097e-09    2.0337553058e-08
  40.2400000   -1.0607110144e-08   -1.2181270263e-08   -1.4216590533e-07    7.4360346758e-08   -4.6675074049e-08    2.1510069570e-07   -4.6772113890e-09    2.0030025822e-08
  40.2500000   -1.4021443834e-08   -9.2512956881e-09   -1.4303324446e-07    5.4662313507e-08   -4.5887465079e-08    2.2088252760e-07   -4.7451729285e-09    1.9719568350e-08
  40.2600000   -1.7732102384e-08   -6.2799288734e-09   -1.4162118153e-07    3.3938910911e-08   -4.5127217010e-08    2.2654413171e-07   -4.8101255696e-09    1.9406378232e-08
  40.2700000   -2.1831840525e-08   -3.3414819114e-09   -1.3786568272e-07    1.2436342706e-08   -4.4449906112e-08    2.3200627406e-07   -4.8721206441e-09    1.9090683388e-08
  40.2800000   -2.6382089394e-08   -5.1433097109e-10   -1.3174899747e-07   -9.5847965998e-09   -4.3913977380e-08    2.3719263501e-07   -4.9312066067e-09    1.8772732963e-08
  40.2900000   -3.1407121467e-08    2.1212072471e-09   -1.2330037281e-07   -3.1853054280e-08   -4.3579487698e-08    2.4203109292e-07   -4.9874514551e-09    1.8452796836e-08
  40.3000000   -3.6890184926e-08    4.4851144508e-09   -1.1259593428e-07   -5.4089904771e-08   -4.3506778577e-08    2.4645490059e-07   -5.0409305398e-09    1.8131166757e-08
  40.3100000   -4.2771705825e-08    6.5000471414e-09   -9.9757715510e-08   -7.6013644199e-08   -4.3755114686e-08    2.5040382134e-07   -5.0917273041e-09    1.7808150737e-08
  40.3200000   -4.8949796290e-08    8.0935845358e-09   -8.4951832034e-08   -9.7343420526e-08   -4.4381288197e-08    2.5382511774e-07   -5.1399328172e-09    1.7484061443e-08
  40.3300000   -5.5283048323e-08    9.2004486619e-09   -6.8385886066e-08   -1.1780330809e-07   -4.5438235081e-08    2.5667444792e-07   -5.1856416801e-09    1.7159228923e-08
  40.3400000   -6.1595574776e-08    9.7645075374e-09   -5.0305591762e-08   -1.3712626378e-07   -4.6973731753e-08    2.5891661990e-07   -5.2289642688e-09    1.6833980556e-08
  40.3500000   -6.7683905553e-08    9.7405833530e-09   -3.0990734817e-08   -1.5505813358e-07   -4.9029095776e-08    2.6052616561e-07   -5.2700114245e-09    1.6508642722e-08
  40.3600000   -7.3325786154e-08    9.0958497447e-09   -1.0750427288e-08   -1.7136140311e-07   -5.1638030521e-08    2.6148779913e-07   -5.3088990413e-09    1.6183543670e-08
  40.3700000   -7.8290211195e-08    7.8110212592e-09    1.0082078339e-08   -1.8581879615e-07   -5.4825600527e-08    2.6179664382e-07   -5.3457449561e-09    1.5858995734e-08
  40.3800000   -8.2348393547e-08    5.8810325867e-09    3.1155173719e-08   -1.9823658142e-07   -5.8607261417e-08    2.6145832644e-07   -5.3806691791e-09    1.5535300991e-08
  40.3900000   -8.5285074468e-08    3.3154422521e-09    5.2104863195e-08   -2.0844762145e-07   -6.2988183795e-08    2.6048886502e-07   -5.4137963663e-09    1.5212748640e-08
  40.4000000   -8.6909782784e-08    1.3834800905e-10    7.2561175425e-08   -2.1631397643e-07   -6.7962665026e-08    2.5891438392e-07   -5.4452538997e-09    1.4891601097e-08
  40.4100000   -8.7067410136e-08   -3.6120083352e-09    9.2154584041e-08   -2.2172917200e-07   -7.3513774279e-08    2.5677066708e-07   -5.4751592430e-09    1.4572092110e-08
  40.4200000   -8.5647681666e-08   -7.8840224601e-09    1.1052256076e-07   -2.2462000831e-07   -7.9613200597e-08    2.5410251036e-07   -5.5036294592e-09    1.4254430621e-08
  40.4300000   -8.2592883913e-08   -1.2613779616e-08    1.2731599503e-07   -2.2494788726e-07   -8.6221338375e-08    2.5096296632e-07   -5.5307805409e-09    1.3938786667e-08
  40.4400000   -7.7903764426e-08   -1.7726426118e-08    1.4220547100e-07   -2.2270963530e-07   -9.3287559187e-08    2.4741239443e-07   -5.5567298982e-09    1.3625304230e-08
  40.4500000   -7.1642944340e-08   -2.3137761620e-08    1.5488724526e-07   -2.1793782810e-07   -1.0075071484e-07    2.4351742379e-07   -5.5815805171e-09    1.3314079694e-08
  40.4600000   -6.3935818479e-08   -2.8755996601e-08    1.6508882088e-07   -2.1070060034e-07   -1.0853986882e-07    2.3934977753e-07   -5.6054314740e-09    1.3005166679e-08
  40.4700000   -5.4968807571e-08   -3.4483600391e-08    1.7257404841e-07   -2.0110093441e-07   -1.1657520140e-07    2.3498504705e-07   -5.6283725821e-09    1.2698582615e-08
  40.4800000   -4.4984945802e-08   -4.0219273723e-08    1.7714768331e-07   -1.8927539683e-07   -1.2476913474e-07    2.3050134795e-07   -5.6504881373e-09    1.2394295315e-08
  40.4900000   -3.4276934435e-08   -4.5859939362e-08    1.7865921717e-07   -1.7539243151e-07   -1.3302759668e-07    2.2597797293e-07   -5.6718546239e-09    1.2092238233e-08
  40.5000000   -2.3177827417e-08   -5.1302689614e-08    1.7700605952e-07   -1.5965012909e-07   -1.4125146569e-07    2.2149402732e-07   -5.6925401855e-09    1.1792280163e-08
  40.5100000   -1.2049824671e-08   -5.6446771614e-08    1.7213590673e-07   -1.4227356510e-07   -1.4933811803e-07    2.1712703209e-07   -5.7126027091e-09    1.1494264232e-08
  40.5200000   -1.2714258210e-09   -6.1195327714e-08    1.6404834510e-07   -1.2351174158e-07   -1.5718307380e-07    2.1295161558e-07   -5.7320937564e-09    1.1197982147e-08
  40.5300000    8.7763678954e-09   -6.5457293785e-08    1.5279551115e-07   -1.0363415492e-07   -1.6468171343e-07    2.0903819009e-07   -5.7510531756e-09    1.0903182404e-08
  40.5400000    1.7724478341e-08   -6.9148988046e-08    1.3848199396e-07   -8.2927004866e-08   -1.7173104749e-07    2.0545177021e-07   -5.7695089796e-09    1.0609573491e-08
  40.5500000    2.5230039327e-08   -7.2195599737e-08    1.2126382747e-07   -6.1689230814e-08   -1.7823145660e-07    2.0225083865e-07   -5.7875003072e-09    1.0316835149e-08
  40.5600000    3.0989990612e-08   -7.4532625131e-08    1.0134660312e-07   -4.0228235824e-08   -1.8408842868e-07    1.9948637425e-07   -5.8050363952e-09    1.0024604827e-08
  40.5700000    3.4753592327e-08   -7.6107064355e-08    7.8982835064e-08   -1.8855552791e-08   -1.8921421009e-07    1.9720096088e-07   -5.8221329231e-09    9.7324948206e-09
  40.5800000    3.6333130481e-08   -7.6878494772e-08    5.4468471938e-08    2.1175878017e-09   -1.9352940560e-07    1.9542811175e-07   -5.8388019962e-09    9.4400905945e-09
  40.5900000    3.5612422423e-08   -7.6820002102e-08    2.8138696999e-08    2.2384743509e-08   -1.9696439646e-07    1.9419168911e-07   -5.8550449638e-09    9.1469604142e-09
  40.6000000    3.2552872544e-08   -7.5918871569e-08    3.6307806021e-10    4.1648643007e-08   -1.9946066250e-07    1.9350555414e-07   -5.8708714358e-09    8.8526541570e-09
  40.6100000    2.7196671499e-08   -7.4177150055e-08   -2.8459876545e-08    5.9625468408e-08   -2.0097187009e-07    1.9337335969e-07   -5.8862853560e-09    8.5567137588e-09
  40.6200000    1.9667066314e-08   -7.1611971349e-08   -5.7908686230e-08    7.6048925471e-08   -2.0146481565e-07    1.9378852513e-07   -5.9012946649e-09    8.2586740555e-09
  40.6300000    1.0165639705e-08   -6.8255639866e-08   -8.7545286642e-08    9.0674131675e-08   -2.0092011625e-07    1.9473441787e-07   -5.9159083370e-09    7.9580767344e-09
  40.6400000   -1.0333298665e-09   -6.4155514387e-08   -1.1692167746e-07    1.0328110652e-07   -1.9933267983e-07    1.9618468342e-07   -5.9301425521e-09    7.6544604228e-09
  40.6500000   -1.3591112234e-08   -5.9373651356e-08   -1.4558685456e-07    1.1367800248e-07   -1.9671191224e-07    1.9810376138e-07   -5.9440225696e-09    7.3473885108e-09
  40.6600000   -2.7115254871e-08   -5.3986127611e-08   -1.7309377266e-07    1.2170381807e-07   -1.9308169365e-07    2.0044756969e-07   -5.9575776663e-09    7.0364375656e-09
  40.6700000   -4.1172229211e-08   -4.8082116438e-08   -1.9900633876e-07    1.2723077924e-07   -1.8848010740e-07    2.0316431878e-07   -5.9708497698e-09    6.7212087428e-09
  40.6800000   -5.5301645802e-08   -4.1762712153e-08   -2.2290629072e-07    1.3016614066e-07   -1.8295889907e-07    2.0619548008e-07   -5.9838991383e-09    6.4013332435e-09
  40.6900000   -6.9031312573e-08   -3.5139365197e-08   -2.4439979134e-07    1.3045349144e-07   -1.7658272916e-07    2.0947684340e-07   -5.9967954903e-09    6.0764794897e-09
  40.7000000   -8.1892833428e-08   -2.8332206567e-08   -2.6312377423e-07    1.2807354205e-07   -1.6942815896e-07    2.1293971132e-07   -6.0096209484e-09    5.7463489391e-09
  40.7100000   -9.3436916277e-08   -2.1467952360e-08   -2.7875175754e-07    1.2304438959e-07   -1.6158245662e-07    2.1651214226e-07   -6.0224794310e-09    5.4106951214e-09
  40.7200000   -1.0324792815e-07   -1.4677692405e-08   -2.9099921306e-07    1.1542115898e-07   -1.5314221392e-07    2.2012024089e-07   -6.0354924953e-09    5.0693119821e-09
  40.7300000   -1.1095730448e-07   -8.0944046485e-09   -2.9962827192e-07    1.0529514753e-07   -1.4421179001e-07    2.2368951039e-07   -6.0487989173e-09    4.7220531130e-09
  40.7400000   -1.1625502693e-07   -1.8503156338e-09   -3.0445176766e-07    9.2792411141e-08   -1.3490163203e-07    2.2714620125e-07   -6.0625487943e-09    4.3688151312e-09
  40.7500000   -1.1889911245e-07    3.9257451607e-09   -3.0533649643e-07    7.8071834540e-08   -1.2532647055e-07    2.3041858938e-07   -6.0769247693e-09    4.0095614561e-09
  40.7600000   -1.1872254485e-07    9.1112077423e-09   -3.0220571871e-07    6.1322741294e-08   -1.1560346982e-07    2.3343831900e-07   -6.0921250566e-09    3.6443029370e-09
  40.7700000   -1.1563765526e-07    1.3592400008e-08   -2.9504073516e-07    4.2761996790e-08   -1.0585031332e-07    2.3614157825e-07   -6.1083578204e-09    3.2731150827e-09
  40.7800000   -1.0963765399e-07    1.7267293680e-08   -2.8388167707e-07    2.2630762368e-08   -9.6183322363e-08    2.3847028110e-07   -6.1258546697e-09    2.8961285777e-09
  40.7900000   -1.0079557965e-07    2.0047925047e-08   -2.6882733016e-07    1.1908568619e-09   -8.6715570539e-08    2.4037306911e-07   -6.1448685029e-09    2.5135292143e-09
  40.8000000   -8.9260563574e-08    2.1862664955e-08   -2.5003411572e-07   -2.1279175098e-08   -7.7555087402e-08    2.4180622700e-07   -6.1656506759e-09    2.1255628240e-09
  40.8100000   -7.5251723312e-08    2.2658179944e-08   -2.2771415617e-07   -4.4488251063e-08   -6.8803159810e-08    2.4273447971e-07   -6.1884761486e-09    1.7325262606e-09
  40.8200000   -5.9050085575e-08    2.2400982365e-08   -2.0213252921e-07   -6.8137094282e-08   -6.0552738786e-08    2.4313159264e-07   -6.2136286019e-09    1.3347666333e-09
  40.8300000   -4.0988705026e-08    2.1078638187e-08   -1.7360366995e-07   -9.1922712596e-08   -5.2887045824e-08    2.4298087143e-07   -6.2413986920e-09    9.3267885794e-10
  40.8400000   -2.1441665618e-08    1.8700395852e-08   -1.4248706498e-07   -1.1554291403e-07   -4.5878351357e-08    2.4227541871e-07   -6.2720782343e-09    5.2670034988e-10
  40.8500000   -8.1224315088e-10    1.5297447049e-08   -1.0918218999e-07   -1.3870079083e-07   -3.9586926121e-08    2.4101829840e-07   -6.3059561873e-09    1.1731119355e-10
  40.8600000    2.0479227529e-08    1.0922523842e-08   -7.4122884928e-08   -1.6110911705e-07   -3.4060252054e-08    2.3922245877e-07   -6.3433245155e-09   -2.9498501586e-10
  40.8700000    4.2007245589e-08    5.6491400359e-09   -3.7771162750e-08   -1.8249461771e-07   -2.9332493716e-08    2.3691051896e-07   -6.3844634570e-09   -7.0964329516e-10
  40.8800000    6.3352481693e-08   -4.2986595916e-10   -6.1060881751e-10   -2.0260191713e-07   -2.5424135740e-08    2.3411437931e-07   -6.4296360988e-09   -1.1261088714e-09
  40.8900000    8.4112045445e-08   -7.2041195996e-09    3.6860616043e-08   -2.2119730916e-07   -2.2341975130e-08    2.3087466577e-07   -6.4791035330e-09   -1.5438054680e-09
  40.9000000    1.0390841604e-07   -1.4548048843e-08    7.4136932802e-08   -2.3807210979e-07   -2.0079281771e-08    2.2724003232e-07   -6.5330887807e-09   -1.9621495692e-09
  40.9100000    1.2239686874e-07   -2.2323559251e-08    1.1071267220e-07   -2.5304565646e-07   -1.8616244091e-08    2.2326631626e-07   -6.5917974701e-09   -2.3805510597e-09
  40.9200000    1.3927098827e-07   -3.0383078572e-08    1.4608941137e-07   -2.6596782636e-07   -1.7920646873e-08    2.1901557591e-07   -6.6554083699e-09   -2.7984375207e-09
  40.9300000    1.5426644589e-07   -3.8572829620e-08    1.7978321750e-07   -2.7672109169e-07   -1.7948783419e-08    2.1455502373e-07   -6.7240596326e-09   -3.2152302232e-09
  40.9400000    1.6716290410e-07   -4.6736245830e-08    2.1133165190e-07   -2.8522205848e-07   -1.8646522359e-08    2.0995585657e-07   -6.7978561616e-09   -3.6303800363e-09
  40.9500000    1.7778423222e-07   -5.4717521429e-08    2.4030051066e-07   -2.9142248773e-07   -1.9950620164e-08    2.0529206078e-07   -6.8768511406e-09   -4.0433595361e-09
  40.9600000    1.8599712547e-07   -6.2365116421e-08    2.6629008406e-07   -2.9530971535e-07   -2.1790136396e-08    2.0063910784e-07   -6.9610626749e-09   -4.4536740587e-09
  40.9700000    1.9170843299e-07   -6.9535070871e-08    2.8894096591e-07   -2.9690654802e-07   -2.4088009672e-08    1.9607270626e-07   -7.0504461679e-09   -4.8608646090e-09
  40.9800000    1.9486148473e-07   -7.6094222566e-08    3.0793922565e-07   -2.9627062924e-07   -2.6762704990e-08    1.9166745808e-07   -7.1449149169e-09   -5.2645133296e-09
  40.9900000    1.9543171821e-07   -8.1923037507e-08    3.2302090350e-07   -2.9349318671e-07   -2.9729939883e-08    1.8749563186e-07   -7.2443236551e-09   -5.6642516446e-09
  41.0000000    1.9342198490e-07   -8.6918147897e-08    3.3397578033e-07   -2.8869733093e-07   -3.2904434421e-08    1.8362591723e-07   -7.3484637352e-09   -6.0597676451e-09
  41.0100000    1.8885787807e-07   -9.0994378547e-08    3.4065031935e-07   -2.8203579479e-07   -3.6201648088e-08    1.8012225968e-07   -7.4570742504e-09   -6.4507947719e-09
  41.0200000    1.8178335869e-07   -9.4086285289e-08    3.4294977627e-07   -2.7368824659e-07   -3.9539476346e-08    1.7704278818e-07   -7.5698329932e-09   -6.8371436759e-09
  41.0300000    1.7225709857e-07   -9.6149217435e-08    3.4083942074e-07   -2.6385819994e-07   -4.2839909093e-08    1.7443882723e-07   -7.6863579370e-09   -7.2186694029e-09
  41.0400000    1.6034957845e-07   -9.7159725605e-08    3.3434488252e-07   -2.5276949787e-07   -4.6030528721e-08    1.7235405854e-07   -7.8062059472e-09   -7.5953052310e-09
  41.0500000    1.4614133147e-07   -9.7115505006e-08    3.2355157782e-07   -2.4066254423e-07   -4.9045924209e-08    1.7082376384e-07   -7.9288762042e-09   -7.9670449210e-09
  41.0600000    1.2972229341e-07   -9.6034744859e-08    3.0860325201e-07   -2.2779026227e-07   -5.1828918933e-08    1.6987426617e-07   -8.0538164357e-09   -8.3339541404e-09
  41.0700000    1.1119230834e-07   -9.3954977315e-08    2.8969966145e-07   -2.1441385666e-07   -5.4331630962e-08    1.6952249447e-07   -8.1804167630e-09   -8.6961471031e-09
  41.0800000    9.0662744146e-08   -9.0931439153e-08    2.6709346126e-07   -2.0079848696e-07   -5.6516320004e-08    1.6977570982e-07   -8.3080235096e-09   -9.0538243707e-09
  41.0900000    6.8259178024e-08   -8.7035073893e-08    2.4108626216e-07   -1.8720885559e-07   -5.8356026726e-08    1.7063141132e-07   -8.4359280962e-09   -9.4072367824e-09
  41.1000000    4.4124695223e-08   -8.2350197828e-08    2.1202402157e-07   -1.7390485854e-07   -5.9834982732e-08    1.7207739155e-07   -8.5633973403e-09   -9.7567024435e-09
  41.1100000    1.8423872018e-08   -7.6971877050e-08    1.8029178278e-07   -1.6113732239e-07   -6.0948776814e-08    1.7409195823e-07   -8.6896499722e-09   -1.0102590280e-08
  41.1200000   -8.6531365360e-09   -7.1003262326e-08    1.4630785930e-07   -1.4914385536e-07   -6.1704303687e-08    1.7664432522e-07   -8.8138819948e-09   -1.0445326729e-08
  41.1300000   -3.6886658343e-08   -6.4552801608e-08    1.1051755897e-07   -1.3814503047e-07   -6.2119449763e-08    1.7969514479e-07   -8.9352715991e-09   -1.0785390873e-08
  41.1400000   -6.6023957860e-08   -5.7731538850e-08    7.3386567546e-08   -1.2834076269e-07   -6.2222581944e-08    1.8319719607e-07   -9.0529867262e-09   -1.1123292752e-08
  41.1500000   -9.5776624132e-08   -5.0650493234e-08    3.5394008375e-08   -1.1990711008e-07   -6.2051794534e-08    1.8709617790e-07   -9.1661805891e-09   -1.1459593841e-08
  41.1600000   -1.2581904088e-07   -4.3418374647e-08   -2.9745399197e-09   -1.1299343832e-07   -6.1653987268e-08    1.9133163991e-07   -9.2740145271e-09   -1.1794876403e-08
  41.1700000   -1.5578838385e-07   -3.6139529344e-08   -4.1234174330e-08   -1.0772005635e-07   -6.1083737548e-08    1.9583800593e-07   -9.3756657609e-09   -1.2129759416e-08
  41.1800000   -1.8528618866e-07   -2.8912197216e-08   -7.8907672513e-08   -1.0417636501e-07   -6.0402014368e-08    2.0054568960e-07   -9.4703246532e-09   -1.2464863558e-08
  41.1900000   -2.1388180212e-07   -2.1827242945e-08   -1.1553227315e-07   -1.0241946011e-07   -5.9674803270e-08    2.0538224156e-07   -9.5572112247e-09   -1.2800830279e-08
  41.2000000   -2.4111773046e-07   -1.4967265366e-08   -1.5066629234e-07   -1.0247336973e-07   -5.8971552970e-08    2.1027357652e-07   -9.6355886569e-09   -1.3138302657e-08
  41.2100000   -2.6651683984e-07   -8.4060453500e-09   -1.8389526071e-07   -1.0432880479e-07   -5.8363647212e-08    2.1514519657e-07   -9.7047617649e-09   -1.3477916932e-08
  41.2200000   -2.8959132936e-07   -2.2085199177e-09   -2.1483759546e-07   -1.0794344960e-07   -5.7922733429e-08    2.1992343985e-07   -9.7640935755e-09   -1.3820306132e-08
  41.2300000   -3.0985325034e-07    3.5689803078e-09   -2.4314972822e-07   -1.1324289018e-07   -5.7719128379e-08    2.2453665958e-07   -9.8130088110e-09   -1.4166072648e-08
  41.2400000   -3.2682648547e-07    8.8781997246e-09   -2.6853059984e-07   -1.2012199659e-07   -5.7820202401e-08    2.2891642213e-07   -9.8510007465e-09   -1.4515801100e-08
  41.2500000   -3.4005942664e-07    1.3678195750e-08   -2.9072542780e-07   -1.2844691400e-07   -5.8288826506e-08    2.3299861931e-07   -9.8776417934e-09   -1.4870036264e-08
  41.2600000   -3.4913829669e-07    1.7934426525e-08   -3.0952873745e-07   -1.3805748859e-07   -5.9181914788e-08    2.3672447791e-07   -9.8925878403e-09   -1.5229290334e-08
  41.2700000   -3.5370064997e-07    2.1617754804e-08   -3.2478656808e-07   -1.4877015726e-07   -6.0549072112e-08    2.4004150335e-07   -9.8955860786e-09   -1.5594026170e-08
  41.2800000   -3.5344821298e-07    2.4703522729e-08   -3.3639791729e-07   -1.6038125164e-07   -6.2431383723e-08    2.4290432175e-07   -9.8864765073e-09   -1.5964653872e-08
  41.2900000   -3.4815896937e-07    2.7170690768e-08   -3.4431525038e-07   -1.7267068000e-07   -6.4860374810e-08    2.4527533648e-07   -9.8651910814e-09   -1.6341534191e-08
  41.3000000   -3.3769774813e-07    2.9001237082e-08   -3.4854427393e-07   -1.8540582027e-07   -6.7857153031e-08    2.4712532259e-07   -9.8317701084e-09   -1.6724959536e-08
  41.3100000   -3.2202501339e-07    3.0179682075e-08   -3.4914281868e-07   -1.9834571704e-07   -7.1431748299e-08    2.4843381341e-07   -9.7863517868e-09   -1.7115162768e-08
  41.3200000   -3.0120336180e-07    3.0693064813e-08   -3.4621896064e-07   -2.1124540615e-07   -7.5582659539e-08    2.4918937748e-07   -9.7291814700e-09   -1.7512308802e-08
  41.3300000   -2.7540139813e-07    3.0531069482e-08   -3.3992836433e-07   -2.2386027921e-07   -8.0296644873e-08    2.4938970708e-07   -9.6606026709e-09   -1.7916490894e-08
  41.3400000   -2.4489478952e-07    2.9686580518e-08   -3.3047094205e-07   -2.3595053302e-07   -8.5548702701e-08    2.4904156571e-07   -9.5810630388e-09   -1.8327735211e-08
  41.3500000   -2.1006438328e-07    2.8156431114e-08   -3.1808687320e-07   -2.4728549036e-07   -9.1302324697e-08    2.4816059139e-07   -9.4911098904e-09   -1.8745989636e-08
  41.3600000   -1.7139125555e-07    2.5942630213e-08   -3.0305203709e-07   -2.5764780309e-07   -9.7509931281e-08    2.4677091807e-07   -9.3913820438e-09   -1.9171136746e-08
  41.3700000   -1.2944875981e-07    2.3053452380e-08   -2.8567298966e-07   -2.6683744178e-07   -1.0411351670e-07    2.4490466501e-07   -9.2826086625e-09   -1.9602982951e-08
  41.3800000   -8.4891791370e-08    1.9504934788e-08   -2.6628154183e-07   -2.7467541071e-07   -1.1104553551e-07    2.4260130128e-07   -9.1656132701e-09   -2.0041274934e-08
  41.3900000   -3.8443625845e-08    1.5322252380e-08   -2.4522900260e-07   -2.8100706366e-07   -1.1822992433e-07    2.3990687551e-07   -9.0412840745e-09   -2.0485682334e-08
  41.4000000    9.1196026903e-09    1.0541012310e-08   -2.2288029119e-07   -2.8570510225e-07   -1.2558331175e-07    2.3687312580e-07   -8.9105882723e-09   -2.0935819787e-08
  41.4100000    5.6985990864e-08    5.2084149565e-09   -1.9960789077e-07   -2.8867204568e-07   -1.3301637898e-07    2.3355651336e-07   -8.7745397160e-09   -2.1391239106e-08
  41.4200000    1.0432622470e-07   -6.1593696911e-10   -1.7578580406e-07   -2.8984221418e-07   -1.4043529788e-07    2.3001718708e-07   -8.6342269815e-09   -2.1851433520e-08
  41.4300000    1.5031263428e-07   -6.8595544569e-09   -1.5178368405e-07   -2.8918318066e-07   -1.4774329214e-07    2.2631783669e-07   -8.4907601334e-09   -2.2315859489e-08
  41.4400000    1.9413834307e-07   -1.3437085469e-08   -1.2796106555e-07   -2.8669664759e-07   -1.5484224116e-07    2.2252257718e-07   -8.3452954490e-09   -2.2783918312e-08
  41.4500000    2.3503594542e-07   -2.0250899992e-08   -1.0466198326e-07   -2.8241872287e-07   -1.6163431454e-07    2.1869576423e-07   -8.1990034666e-09   -2.3254981454e-08
  41.4600000    2.7229511873e-07   -2.7192101955e-08   -8.2209881679e-08   -2.7641962396e-07   -1.6802359781e-07    2.1490082869e-07   -8.0530669566e-09   -2.3728388293e-08
  41.4700000    3.0527871779e-07   -3.4142281833e-08   -6.0903045109e-08   -2.6880275556e-07   -1.7391771600e-07    2.1119913054e-07   -7.9086645346e-09   -2.4203456473e-08
  41.4800000    3.3343686180e-07   -4.0975736347e-08   -4.1010524597e-08   -2.5970324308e-07   -1.7922935372e-07    2.0764887584e-07   -7.7669573692e-09   -2.4679487617e-08
  41.4900000    3.5631857258e-07   -4.7562152158e-08   -2.2768684955e-08   -2.4928582573e-07   -1.8387774553e-07    2.0430404559e-07   -7.6290967862e-09   -2.5155772558e-08
  41.5000000    3.7358076210e-07   -5.3769825381e-08   -6.3783066291e-09   -2.3774232283e-07   -1.8778995940e-07    2.0121347022e-07   -7.4961917142e-09   -2.5631606319e-08
  41.5100000    3.8499426855e-07   -5.9469074131e-08    7.9975406884e-09   -2.2528851679e-07   -1.9090218419e-07    1.9841993915e-07   -7.3693075602e-09   -2.6106292047e-08
  41.5200000    3.9044683499e-07   -6.4535975247e-08    2.0235013641e-08   -2.1216062925e-07   -1.9316071605e-07    1.9595948437e-07   -7.2494513598e-09   -2.6579141397e-08
  41.5300000    3.8994318413e-07   -6.8856086512e-08    3.0250269736e-08   -1.9861140482e-07   -1.9452285168e-07    1.9386073040e-07   -7.1375702915e-09   -2.7049491864e-08
  41.5400000    3.8360197676e-07   -7.2328072480e-08    3.7999522465e-08   -1.8490586501e-07   -1.9495758896e-07    1.9214441992e-07   -7.0345413519e-09   -2.7516716596e-08
  41.5500000    3.7165018056e-07   -7.4867120357e-08    4.3478462642e-08   -1.7131681622e-07   -1.9444610290e-07    1.9082308945e-07   -6.9411560366e-09   -2.7980215289e-08
  41.5600000    3.5441478318e-07   -7.6408011740e-08    4.6720973281e-08   -1.5812016219e-07   -1.9298202603e-07    1.8990086048e-07   -6.8581236337e-09   -2.8439434930e-08
  41.5700000    3.3231257836e-07   -7.6907538574e-08    4.7797212983e-08   -1.4559012756e-07   -1.9057153327e-07    1.8937341819e-07   -6.7860552620e-09   -2.8893869262e-08
  41.5800000    3.0583801227e-07   -7.6346356848e-08    4.6811174491e-08   -1.3399444968e-07   -1.8723318818e-07    1.8922815049e-07   -6.7254751378e-09   -2.9343063728e-08
  41.5900000    2.7554983760e-07   -7.4730149035e-08    4.3897669677e-08   -1.2358961502e-07   -1.8299763298e-07    1.8944441140e-07   -6.6767979828e-09   -2.9786633187e-08
  41.6000000    2.4205688130e-07   -7.2089956815e-08    3.9218890078e-08   -1.1461628662e-07   -1.7790703836e-07    1.8999396782e-07   -6.6403434138e-09   -3.0224241058e-08
  41.6100000    2.0600333790e-07   -6.8481644665e-08    3.2960582377e-08   -1.0729489406e-07   -1.7201441528e-07    1.9084156082e-07   -6.6163179697e-09   -3.0655623985e-08
  41.6200000    1.6805428654e-07   -6.3984557876e-08    2.5327899497e-08   -1.0182153085e-07   -1.6538269881e-07    1.9194560603e-07   -6.6048364919e-09   -3.1080589835e-08
  41.6300000    1.2888142363e-07   -5.8699531818e-08    1.6541089192e-08   -9.8364247275e-08   -1.5808377011e-07    1.9325904758e-07   -6.6059087151e-09   -3.1499007902e-08
  41.6400000    8.9149818811e-08   -5.2745991123e-08    6.8309977727e-09   -9.7059748009e-08   -1.5019727052e-07    1.9473023811e-07   -6.6194448092e-09   -3.1910825468e-08
  41.6500000    4.9505670011e-08   -4.6258636695e-08   -3.5654583280e-09   -9.8010603046e-08   -1.4180935687e-07    1.9630401335e-07   -6.6452529782e-09   -3.2316064004e-08
  41.6600000    1.0565532276e-08   -3.9383599249e-08   -1.4409774786e-08   -1.0128297453e-07   -1.3301135264e-07    1.9792272849e-07   -6.6830619288e-09   -3.2714808090e-08
  41.6700000   -2.7092976599e-08   -3.2274239725e-08   -2.5466238432e-08   -1.0690497912e-07   -1.2389835746e-07    1.9952743813e-07   -6.7325094569e-09   -3.3107213918e-08
  41.6800000   -6.2938818710e-08   -2.5086830754e-08   -3.6506080341e-08   -1.1486562106e-07   -1.1456781360e-07    2.0105903508e-07   -6.7931538430e-09   -3.3493503884e-08
  41.6900000   -9.6493435702e-08   -1.7976296044e-08   -4.7311406227e-08   -1.2511441424e-07   -1.0511807965e-07    2.0245945410e-07   -6.8644839212e-09   -3.3873967281e-08
  41.7000000   -1.2733501701e-07   -1.1092114030e-08   -5.7678706414e-08   -1.3756163003e-07   -9.5647016546e-08    2.0367279669e-07   -6.9459233570e-09   -3.4248953670e-08
  41.7100000   -1.5510129354e-07   -4.5744296289e-09   -6.7422091679e-08   -1.5207920793e-07   -8.6250617977e-08    2.0464652165e-07   -7.0368467676e-09   -3.4618871400e-08
  41.7200000   -1.7949078995e-07    1.4491521495e-09   -7.6375932321e-08   -1.6850234542e-07   -7.7021696088e-08    2.0533245164e-07   -7.1365755379e-09   -3.4984173920e-08
  41.7300000   -2.0026288223e-07    6.8663942691e-09   -8.4397155255e-08   -1.8663169387e-07   -6.8048689130e-08    2.0568781994e-07   -7.2443966499e-09   -3.5345366251e-08
  41.7400000   -2.1723696589e-07    1.1582435567e-08   -9.1366930560e-08   -2.0623616161e-07   -5.9414537910e-08    2.0567615357e-07   -7.3595710462e-09   -3.5702994610e-08
  41.7500000   -2.3029064004e-07    1.5521232385e-08   -9.7191872622e-08   -2.2705624658e-07   -5.1195703688e-08    2.0526808732e-07   -7.4813405693e-09   -3.6057632470e-08
  41.7600000   -2.3935741747e-07    1.8626173090e-08   -1.0180466054e-07   -2.4880796040e-07   -4.3461324961e-08    2.0444200618e-07   -7.6089380341e-09   -3.6409885451e-08
  41.7700000   -2.4442402190e-07    2.0860007133e-08   -1.0516416450e-07   -2.7118708280e-07   -3.6272524431e-08    2.0318458508e-07   -7.7415952421e-09   -3.6760378304e-08
  41.7800000   -2.4552759388e-07    2.2204169531e-08   -1.0725500462e-07   -2.9387389142e-07   -2.9681836189e-08    2.0149117970e-07   -7.8785549798e-09   -3.7109747854e-08
  41.7900000   -2.4275278231e-07    2.2657479589e-08   -1.0808665029e-07   -3.1653816226e-07   -2.3732847469e-08    1.9936601180e-07   -8.0190693560e-09   -3.7458639139e-08
  41.8000000   -2.3622897027e-07    2.2234386844e-08   -1.0769203674e-07   -3.3884438694e-07   -1.8459960841e-08    1.9682225029e-07   -8.1624216383e-09   -3.7807695347e-08
  41.8100000   -2.2612770072e-07    2.0962881948e-08   -1.0612571629e-07   -3.6045715483e-07   -1.3888324146e-08    1.9388189272e-07   -8.3079215836e-09   -3.8157551260e-08
  41.8200000   -2.1266029084e-07    1.8882154523e-08   -1.0346168763e-07   -3.8104656245e-07   -1.0033912127e-08    1.9057548857e-07   -8.4549169126e-09   -3.8508828126e-08
  41.8300000   -1.9607563923e-07    1.6040255646e-08   -9.9790900754e-08   -4.0029361328e-07   -6.9037713722e-09    1.8694170259e-07   -8.6027922266e-09   -3.8862124692e-08
  41.8400000   -1.7665817227e-07    1.2491704994e-08   -9.5218472086e-08   -4.1789551054e-07   -4.4963654316e-09    1.8302669917e-07   -8.7509817297e-09   -3.9218015378e-08
  41.8500000   -1.5472590076e-07    8.2953539967e-09   -8.9860730455e-08   -4.3357066171e-07   -2.8020804900e-09    1.7888344056e-07   -8.8989592839e-09   -3.9577034466e-08
  41.8600000   -1.3062837741e-07    3.5125509468e-09   -8.3842155406e-08   -4.4706350920e-07   -1.8038142591e-09    1.7457077099e-07   -9.0462583849e-09   -3.9939684297e-08
  41.8700000   -1.0474445818e-07   -1.7943732092e-09   -7.7292217427e-08   -4.5814885457e-07   -1.4776562303e-09    1.7015245310e-07   -9.1924547131e-09   -4.0306417327e-08
  41.8800000   -7.7479786317e-08   -7.5632266321e-09   -7.0342265195e-08   -4.6663583380e-07   -1.7936740129e-09    1.6569606611e-07   -9.3371760110e-09   -4.0677639026e-08
  41.8900000   -4.9263797953e-08   -1.3732497759e-08   -6.3122502748e-08   -4.7237136341e-07   -2.7166851471e-09    1.6127181667e-07   -9.4801076255e-09   -4.1053709724e-08
  41.9000000   -2.0546125046e-08   -2.0241605881e-08   -5.5759076862e-08   -4.7524292356e-07   -4.2071465278e-09    1.5695130972e-07   -9.6209685137e-09   -4.1434925709e-08
  41.9100000    8.2076064518e-09   -2.7030593655e-08   -4.8371398960e-08   -4.7518083658e-07   -6.2220287461e-09    1.5280626861e-07   -9.7595302711e-09   -4.1821533537e-08
  41.9200000    3.6520882078e-08   -3.4039536299e-08   -4.1069730783e-08   -4.7215981645e-07   -8.7156731888e-09    1.4890722260e-07   -9.8956051932e-09   -4.2213719612e-08
  41.9300000    6.3912016120e-08   -4.1207744083e-08   -3.3953034963e-08   -4.6619979835e-07   -1.1640656198e-08    1.4532223071e-07   -1.0029034870e-08   -4.2611605309e-08
  41.9400000    8.9900794261e-08   -4.8472593245e-08   -2.7107235867e-08   -4.5736610511e-07   -1.4948604248e-08    1.4211560711e-07   -1.0159705858e-08   -4.3015259259e-08
  41.9500000    1.1401569304e-07   -5.5768564795e-08   -2.0603787016e-08   -4.4576888943e-07   -1.8590983763e-08    1.3934669804e-07   -1.0287514328e-08   -4.3424687338e-08
  41.9600000    1.3580187099e-07   -6.3026107604e-08   -1.4498690217e-08   -4.3156181382e-07   -2.2519801534e-08    1.3706877793e-07   -1.0412388087e-08   -4.3839840124e-08
  41.9700000    1.5482950168e-07   -7.0170889892e-08   -8.8318999340e-09   -4.1494008779e-07   -2.6688256606e-08    1.3532796983e-07   -1.0534256883e-08   -4.4260606477e-08
  41.9800000    1.7070243556e-07   -7.7123207401e-08   -3.6271830391e-09   -3.9613779344e-07   -3.1051304521e-08    1.3416233360e-07   -1.0653066547e-08   -4.4686838265e-08
  41.9900000    1.8306692570e-07   -8.3797824892e-08    1.1076803914e-09   -3.7542461233e-07   -3.5566120315e-08    1.3360108767e-07   -1.0768757714e-08   -4.5118313446e-08
  42.0000000    1.9162019287e-07   -9.0104365389e-08    5.3802416488e-09   -3.5310193334e-07   -4.0192488965e-08    1.3366393568e-07   -1.0881268546e-08   -4.5554779592e-08
  42.0100000    1.9611847497e-07   -9.5948077489e-08    9.2123668848e-09   -3.2949851370e-07   -4.4893103025e-08    1.3436060518e-07   -1.0990524476e-08   -4.5995942647e-08
  42.0200000    1.9638445207e-07   -1.0123126711e-07    1.2638885435e-08   -3.0496555253e-07   -4.9633742634e-08    1.3569052040e-07   -1.1096427425e-08   -4.6441464659e-08
  42.0300000    1.9231356687e-07   -1.0585519935e-07    1.5705951240e-08   -2.7987153993e-07   -5.4383396753e-08    1.3764268630e-07   -1.1198859912e-08   -4.6890984100e-08
  42.0400000    1.8387921871e-07   -1.0972247255e-07    1.8469103896e-08   -2.5459670389e-07   -5.9114291131e-08    1.4019572099e-07   -1.1297682094e-08   -4.7344104048e-08
  42.0500000    1.7113648483e-07   -1.1273985222e-07    2.0991173679e-08   -2.2952727948e-07   -6.3801810877e-08    1.4331810804e-07   -1.1392716180e-08   -4.7800415500e-08
  42.0600000    1.5422413642e-07   -1.1482135162e-07    2.3339974582e-08   -2.0504967497e-07   -6.8424395691e-08    1.4696860344e-07   -1.1483747018e-08   -4.8259486923e-08
  42.0700000    1.3336497360e-07   -1.1589162559e-07    2.5585962870e-08   -1.8154458324e-07   -7.2963359283e-08    1.5109682953e-07   -1.1570532824e-08   -4.8720885826e-08
  42.0800000    1.0886417442e-07   -1.1588925933e-07    2.7799818514e-08   -1.5938118714e-07   -7.7402615986e-08    1.5564402691e-07   -1.1652779973e-08   -4.9184170703e-08
  42.0900000    8.1105863783e-08   -1.1477004718e-07    3.0050042020e-08   -1.3891148663e-07   -8.1728460976e-08    1.6054398889e-07   -1.1730167688e-08   -4.9648906509e-08
  42.1000000    5.0547671437e-08   -1.1251001521e-07    3.2400684453e-08   -1.2046490461e-07   -8.5929237168e-08    1.6572408482e-07   -1.1802336965e-08   -5.0114672283e-08
  42.1100000    1.7713551500e-08   -1.0910800798e-07    3.4909123455e-08   -1.0434323084e-07   -8.9995043321e-08    1.7110646379e-07   -1.1868882850e-08   -5.0581050096e-08
  42.1200000   -1.6815097477e-08   -1.0458771676e-07    3.7624140719e-08   -9.0815951007e-08   -9.3917382895e-08    1.7660931019e-07   -1.1929374984e-08   -5.1047656475e-08
  42.1300000   -5.2409766954e-08   -9.8999054838e-08    4.0584125724e-08   -8.0116078335e-08   -9.7688917962e-08    1.8214823592e-07   -1.1983354566e-08   -5.1514120271e-08
  42.1400000   -8.8406526916e-08   -9.2418766470e-08    4.3815631605e-08   -7.2436538295e-08   -1.0130313140e-07    1.8763765426e-07   -1.2030333582e-08   -5.1980106364e-08
  42.1500000   -1.2411857042e-07   -8.4950116914e-08    4.7332217158e-08   -6.7927167695e-08   -1.0475410504e-07    1.9299227176e-07   -1.2069803966e-08   -5.2445321604e-08
  42.1600000   -1.5884960076e-07   -7.6721799235e-08    5.1133637466e-08   -6.6692383140e-08   -1.0803628237e-07    1.9812851837e-07   -1.2101248833e-08   -5.2909498454e-08
  42.1700000   -1.9190746523e-07   -6.7885850974e-08    5.5205401949e-08   -6.8789493661e-08   -1.1114430384e-07    2.0296598717e-07   -1.2124147881e-08   -5.3372413137e-08
  42.1800000   -2.2261795034e-07   -5.8614824271e-08    5.9518671779e-08   -7.4227809702e-08   -1.1407286393e-07    2.0742885258e-07   -1.2137974116e-08   -5.3833892209e-08
  42.1900000   -2.5033824354e-07   -4.9098021414e-08    6.4030592802e-08   -8.2968411494e-08   -1.1681666314e-07    2.1144715887e-07   -1.2142221072e-08   -5.4293805575e-08
  42.2000000   -2.7446983497e-07   -3.9537197188e-08    6.8684958144e-08   -9.4924704880e-08   -1.1937034094e-07    2.1495809990e-07   -1.2136389369e-08   -5.4752069827e-08
  42.2100000   -2.9447054153e-07   -3.0141560985e-08    7.3413247162e-08   -1.0996368417e-07   -1.2172855347e-07    2.1790708638e-07   -1.2120020488e-08   -5.5208651451e-08
  42.2200000   -3.0986545998e-07   -2.1122463646e-08    7.8136003381e-08   -1.2790790510e-07   -1.2388600394e-07    2.2024875845e-07   -1.2092686196e-08   -5.5663564888e-08
  42.2300000   -3.2025640031e-07   -1.2687834759e-08    8.2764496029e-08   -1.4853812621e-07   -1.2583758325e-07    2.2194779886e-07   -1.2054000139e-08   -5.6116872762e-08
  42.2400000   -3.2532991566e-07   -5.0364714544e-09    8.7202702464e-08   -1.7159659198e-07   -1.2757851152e-07    2.2297958558e-07   -1.2003637177e-08   -5.6568687924e-08
  42.2500000   -3.2486361471e-07    1.6473868122e-09    9.1349451666e-08   -1.9679089836e-07   -1.2910455493e-07    2.2333067041e-07   -1.1941327350e-08   -5.7019170100e-08
  42.2600000   -3.1873060176e-07    7.1992745947e-09    9.5100822745e-08   -2.2379835284e-07   -1.3041219520e-07    2.2299905355e-07   -1.1866881361e-08   -5.7468509083e-08
  42.2700000   -3.0690208857e-07    1.1479235966e-08    9.8352579234e-08   -2.5227079640e-07   -1.3149887168e-07    2.2199424135e-07   -1.1780178510e-08   -5.7916956752e-08
  42.2800000   -2.8944823057e-07    1.4375843726e-08    1.0100276039e-07   -2.8183982448e-07   -1.3236323132e-07    2.2033715839e-07   -1.1681179708e-08   -5.8364786318e-08
  42.2900000   -2.6653702891e-07    1.5809539616e-08    1.0295427467e-07   -3.1212225360e-07   -1.3300532068e-07    2.1805977406e-07   -1.1569942580e-08   -5.8812321703e-08
  42.3000000   -2.3843157552e-07    1.5735009443e-08    1.0411735832e-07   -3.4272581552e-07   -1.3342678582e-07    2.1520461344e-07   -1.1446622659e-08   -5.9259896703e-08
  42.3100000   -2.0548553241e-07    1.4142680468e-08    1.0441206083e-07   -3.7325497754e-07   -1.3363108397e-07    2.1182402677e-07   -1.1311450272e-08   -5.9707889074e-08
  42.3200000   -1.6813723116e-07    1.1059191620e-08    1.0377046748e-07   -4.0331677711e-07   -1.3362359261e-07    2.0797929807e-07   -1.1164783981e-08   -6.0156690904e-08
  42.3300000   -1.2690232256e-07    6.5468738027e-09    1.0213877025e-07   -4.3252658887e-07   -1.3341173844e-07    2.0373956847e-07   -1.1007060871e-08   -6.0606711058e-08
  42.3400000   -8.2365281395e-08    7.0227564822e-10    9.9479053640e-08   -4.6051374820e-07   -1.3300502227e-07    1.9918065813e-07   -1.0838825037e-08   -6.1058366096e-08
  42.3500000   -3.5169937426e-08   -6.3462430528e-09    9.5770789343e-08   -4.8692695194e-07   -1.3241502855e-07    1.9438372638e-07   -1.0660720368e-08   -6.1512089575e-08
  42.3600000    1.3990937015e-08   -1.4441691978e-08    9.1011966057e-08   -5.1143929084e-07   -1.3165537340e-07    1.8943382009e-07   -1.0473482042e-08   -6.1968304521e-08
  42.3700000    6.4386429765e-08   -2.3402383740e-08    8.5219863126e-08   -5.3375297364e-07   -1.3074155111e-07    1.8441836776e-07   -1.0277936755e-08   -6.2427436371e-08
  42.3800000    1.1525896895e-07   -3.3026460359e-08    7.8431453061e-08   -5.5360350258e-07   -1.2969075591e-07    1.7942563879e-07   -1.0074995080e-08   -6.2889899262e-08
  42.3900000    1.6583579742e-07   -4.3096754520e-08    7.0703315074e-08   -5.7076337568e-07   -1.2852165657e-07    1.7454311194e-07   -9.8656505429e-09   -6.3356091163e-08
  42.4000000    2.1534080804e-07   -5.3386098630e-08    6.2111229913e-08   -5.8504520795e-07   -1.2725405698e-07    1.6985592179e-07   -9.6509594494e-09   -6.3826399200e-08
  42.4100000    2.6300600283e-07   -6.3662574010e-08    5.2749297240e-08   -5.9630420503e-07   -1.2590857300e-07    1.6544528767e-07   -9.4320435316e-09   -6.4301177861e-08
  42.4200000    3.0808296464e-07   -7.3694940832e-08    4.2728651906e-08   -6.0444003501e-07   -1.2450621788e-07    1.6138702155e-07   -9.2100722035e-09   -6.4780757613e-08
  42.4300000    3.4985373470e-07   -8.3257726170e-08    3.2175830352e-08   -6.0939797778e-07   -1.2306795091e-07    1.5775011654e-07   -8.9862565107e-09   -6.5265435536e-08
  42.4400000    3.8764137339e-07   -9.2136143800e-08    2.1230770182e-08   -6.1116940039e-07   -1.2161425939e-07    1.5459547871e-07   -8.7618409253e-09   -6.5755475520e-08
  42.4500000    4.2081977119e-07   -1.0013060605e-07    1.0044435313e-08   -6.0979155156e-07   -1.2016464398e-07    1.5197474630e-07   -8.5380817147e-09   -6.6251096690e-08
  42.4600000    4.4882281622e-07   -1.0706065864e-07   -1.2237333612e-09   -6.0534668003e-07   -1.1873718225e-07    1.4992929476e-07   -8.3162410609e-09   -6.6752488052e-08
  42.4700000    4.7115264391e-07   -1.1276850429e-07   -1.2408689181e-08   -5.9796047463e-07   -1.1734802359e-07    1.4848944173e-07   -8.0975739252e-09   -6.7259779930e-08
  42.4800000    4.8738710728e-07   -1.1712176941e-07   -2.3342783456e-08   -5.8779988753e-07   -1.1601098088e-07    1.4767379843e-07   -7.8833079438e-09   -6.7773067806e-08
  42.4900000    4.9718620541e-07   -1.2001576227e-07   -3.3858904666e-08   -5.7507034352e-07   -1.1473712680e-07    1.4748888782e-07   -7.6746437476e-09   -6.8292390741e-08
  42.5000000    5.0029738384e-07   -1.2137495485e-07   -4.3793649698e-08   -5.6001243516e-07   -1.1353441932e-07    1.4792893098e-07   -7.4727375056e-09   -6.8817750511e-08
  42.5100000    4.9655980142e-07   -1.2115395871e-07   -5.2990513660e-08   -5.4289809876e-07   -1.1240743566e-07    1.4897588279e-07   -7.2786850239e-09   -6.9349097625e-08
  42.5200000    4.8590737154e-07   -1.1933782634e-07   -6.1302997829e-08   -5.2402638897e-07   -1.1135714298e-07    1.5059968735e-07   -7.0935190938e-09   -6.9886327003e-08
  42.5300000    4.6837068920e-07   -1.1594177055e-07   -6.8597591010e-08   -5.0371885125e-07   -1.1038073698e-07    1.5275874504e-07   -6.9181864272e-09   -7.0429292278e-08
  42.5400000    4.4407745032e-07   -1.1101035015e-07   -7.4756571616e-08   -4.8231467523e-07   -1.0947164049e-07    1.5540063258e-07   -6.7535530493e-09   -7.0977795103e-08
  42.5500000    4.1325181800e-07   -1.0461623228e-07   -7.9680522259e-08   -4.6016552675e-07   -1.0861949457e-07    1.5846297610e-07   -6.6003843909e-09   -7.1531604845e-08
  42.5600000    3.7621242041e-07   -9.6858484917e-08   -8.3290596692e-08   -4.3763038825e-07   -1.0781032806e-07    1.6187456187e-07   -6.4593504093e-09   -7.2090435191e-08
  42.5700000    3.3336892554e-07   -8.7860492545e-08   -8.5530378144e-08   -4.1507024355e-07   -1.0702678779e-07    1.6555659696e-07   -6.3310035878e-09   -7.2653964933e-08
  42.5800000    2.8521747452e-07   -7.7767507603e-08   -8.6367386998e-08   -3.9284275330e-07   -1.0624846255e-07    1.6942412653e-07   -6.2157898009e-09   -7.3221835727e-08
  42.5900000    2.3233468146e-07   -6.6744153700e-08   -8.5794179299e-08   -3.7129718291e-07   -1.0545230991e-07    1.7338759439e-07   -6.1140374596e-09   -7.3793650262e-08
  42.6000000    1.7537061133e-07   -5.4971386688e-08   -8.3828903742e-08   -3.5076936276e-07   -1.0461316883e-07    1.7735448067e-07   -6.0259584982e-09   -7.4368980097e-08
  42.6100000    1.1504043611e-07   -4.2643512327e-08   -8.0515506193e-08   -3.3157696237e-07   -1.0370432945e-07    1.8123104510e-07   -5.9516439865e-09   -7.4947376749e-08
  42.6200000    5.2115140828e-08   -2.9964950402e-08   -7.5923372786e-08   -3.1401508445e-07   -1.0269821717e-07    1.8492408169e-07   -5.8910769998e-09   -7.5528364728e-08
  42.6300000   -1.2588865157e-08   -1.7146903497e-08   -7.0146520161e-08   -2.9835219976e-07   -1.0156706484e-07    1.8834272570e-07   -5.8441201032e-09   -7.6111443731e-08
  42.6400000   -7.8220768915e-08   -4.4039431252e-09   -6.3302335667e-08   -2.8482654740e-07   -1.0028365283e-07    1.9140018135e-07   -5.8105331749e-09   -7.6696107464e-08
  42.6500000   -1.4390722806e-07    8.0494428205e-09   -5.5529827132e-08   -2.7364301905e-07   -9.8822102052e-08    1.9401547045e-07   -5.7899660143e-09   -7.7281834057e-08
  42.6600000   -2.0876469268e-07    2.0002350719e-08   -4.6987477053e-08   -2.6497052076e-07   -9.7158614637e-08    1.9611502441e-07   -5.7819802598e-09   -7.7868091989e-08
  42.6700000   -2.7191207537e-07    3.1250975125e-08   -3.7850676508e-08   -2.5893993038e-07   -9.5272240806e-08    1.9763422352e-07   -5.7860410522e-09   -7.8454353124e-08
  42.6800000   -3.3248362722e-07    4.1602018329e-08   -2.8308865008e-08   -2.5564260861e-07   -9.3145603751e-08    1.9851874102e-07   -5.8015423121e-09   -7.9040086712e-08
  42.6900000   -3.8964162826e-07    5.0876093754e-08   -1.8562309741e-08   -2.5512948810e-07   -9.0765579836e-08    1.9872576892e-07   -5.8278013491e-09   -7.9624776939e-08
  42.7000000   -4.4258901543e-07    5.8910948368e-08   -8.8186755380e-09   -2.5741078722e-07   -8.8123882853e-08    1.9822500364e-07   -5.8640770709e-09   -8.0207910116e-08
  42.7100000   -4.9058140312e-07    6.5564559944e-08    7.1058613094e-10   -2.6245627945e-07   -8.5217639683e-08    1.9699944009e-07   -5.9095894184e-09   -8.0788994917e-08
  42.7200000   -5.3293858331e-07    7.0717864543e-08    9.8140019847e-09   -2.7019615856e-07   -8.2049753977e-08    1.9504592394e-07   -5.9635116125e-09   -8.1367557082e-08
  42.7300000   -5.6905494262e-07    7.4277454289e-08    1.8283849198e-08   -2.8052245945e-07   -7.8629302151e-08    1.9237547637e-07   -6.0249969465e-09   -8.1943133079e-08
  42.7400000   -5.9840911394e-07    7.6177570005e-08    2.5919931675e-08   -2.9329101161e-07   -7.4971657812e-08    1.8901333036e-07   -6.0931826825e-09   -8.2515309877e-08
  42.7500000   -6.2057215901e-07    7.6382019941e-08    3.2533297152e-08   -3.0832386603e-07   -7.1098596666e-08    1.8499875600e-07   -6.1672038971e-09   -8.3083682731e-08
  42.7600000   -6.3521452506e-07    7.4885272054e-08    3.7949771682e-08   -3.2541221183e-07   -6.7038228121e-08    1.8038457015e-07   -6.2462104816e-09   -8.3647889221e-08
  42.7700000   -6.4211147512e-07    7.1713295362e-08    4.2013291628e-08   -3.4431965641e-07   -6.2824767701e-08    1.7523644035e-07   -6.3293650870e-09   -8.4207603383e-08
  42.7800000   -6.4114678005e-07    6.6923657899e-08    4.4588969312e-08   -3.6478589179e-07   -5.8498198332e-08    1.6963190836e-07   -6.4158649449e-09   -8.4762525863e-08
  42.7900000   -6.3231489457e-07    6.0604984897e-08    4.5565805026e-08   -3.8653061428e-07   -5.4103780135e-08    1.6365920674e-07   -6.5049431040e-09   -8.5312403341e-08
  42.8000000   -6.1572122723e-07    5.2875833781e-08    4.4859023886e-08   -4.0925772183e-07   -4.9691450917e-08    1.5741583452e-07   -6.5958896101e-09   -8.5857023971e-08
  42.8100000   -5.9158074950e-07    4.3882856934e-08    4.2412003169e-08   -4.3265967253e-07   -4.5315064518e-08    1.5100696312e-07   -6.6880362573e-09   -8.6396222194e-08
  42.8200000   -5.6021478484e-07    3.3798299988e-08    3.8197700618e-08   -4.5642191664e-07   -4.1031569378e-08    1.4454369519e-07   -6.7807886937e-09   -8.6929872488e-08
  42.8300000   -5.2204612318e-07    2.2816871580e-08    3.2219611422e-08   -4.8022742078e-07   -3.6900049455e-08    1.3814110837e-07   -6.8736035139e-09   -8.7457888564e-08
  42.8400000   -4.7759250214e-07    1.1152053350e-08    2.4512178171e-08   -5.0376111837e-07   -3.2980726992e-08    1.3191628543e-07   -6.9660229455e-09   -8.7980231601e-08
  42.8500000   -4.2745852313e-07   -9.6814500500e-10    1.5140734149e-08   -5.2671434311e-07   -2.9333867691e-08    1.2598623965e-07   -7.0576536010e-09   -8.8496907612e-08
  42.8600000   -3.7232630013e-07   -1.3305840030e-08    4.2008422716e-09   -5.4878902519e-07   -2.6018692300e-08    1.2046576001e-07   -7.1481765150e-09   -8.9007960473e-08
  42.8700000   -3.1294468949e-07   -2.5618239253e-08   -8.1828560800e-09   -5.6970180267e-07   -2.3092223816e-08    1.1546535191e-07   -7.2373436575e-09   -8.9513493157e-08
  42.8800000   -2.5011772453e-07   -3.7662908636e-08   -2.1858280838e-08   -5.8918775880e-07   -2.0608204508e-08    1.1108912411e-07   -7.3249769251e-09   -9.0013631506e-08
  42.8900000   -1.8469201927e-07   -4.9203055269e-08   -3.6648083974e-08   -6.0700391742e-07   -1.8615957437e-08    1.0743282177e-07   -7.4109718257e-09   -9.0508556831e-08
  42.9000000   -1.1754374304e-07   -6.0012753295e-08   -5.2352247042e-08   -6.2293240224e-07   -1.7159407513e-08    1.0458194144e-07   -7.4952809708e-09   -9.0998476462e-08
  42.9100000   -4.9565058474e-08   -6.9882029623e-08   -6.8751071718e-08   -6.3678315704e-07   -1.6276095803e-08    1.0261002489e-07   -7.5779208338e-09   -9.1483645292e-08
  42.9200000    1.8349421294e-08   -7.8621669390e-08   -8.5608568841e-08   -6.4839628384e-07   -1.5996316727e-08    1.0157706121e-07   -7.6589548780e-09   -9.1964352770e-08
  42.9300000    8.5316141859e-08   -8.6067448630e-08   -1.0267613790e-07   -6.5764392031e-07   -1.6342365656e-08    1.0152822805e-07   -7.7384930385e-09   -9.2440913434e-08
  42.9400000    1.5047571744e-07   -9.2083957929e-08   -1.1969650498e-07   -6.6443164080e-07   -1.7327958339e-08    1.0249275822e-07   -7.8166841369e-09   -9.2913680236e-08
  42.9500000    2.1300547617e-07   -9.6567596347e-08   -1.3640782605e-07   -6.6869939885e-07   -1.8957728256e-08    1.0448310752e-07   -7.8937007034e-09   -9.3383027401e-08
  42.9600000    2.7213129411e-07   -9.9449008130e-08   -1.5254795354e-07   -6.7042196167e-07   -2.1226949942e-08    1.0749444285e-07   -7.9697436091e-09   -9.3849356368e-08
  42.9700000    3.2713830436e-07   -1.0069446496e-07   -1.6785868464e-07   -6.6960887245e-07   -2.4121371974e-08    1.1150435733e-07   -8.0450154907e-09   -9.4313089730e-08
  42.9800000    3.7738048553e-07   -1.0030659925e-07   -1.8209005379e-07   -6.6630391775e-07   -2.7617291100e-08    1.1647295975e-07   -8.1197226308e-09   -9.4774669603e-08
  42.9900000    4.2228901270e-07   -9.8324135290e-08   -1.9500447588e-07   -6.6058415412e-07   -3.1681731522e-08    1.2234320795e-07   -8.1940565437e-09   -9.5234552735e-08
  43.0000000    4.6137906521e-07   -9.4820776219e-08   -2.0638076908e-07   -6.5255845099e-07   -3.6272838811e-08    1.2904158239e-07   -8.2682062434e-09   -9.5693200954e-08
  43.0100000    4.9425527966e-07   -8.9903298070e-08   -2.1601794848e-07   -6.4236566978e-07   -4.1340435800e-08    1.3647906594e-07   -8.3423185989e-09   -9.6151097069e-08
  43.0200000    5.2061545128e-07   -8.3708792584e-08   -2.2373869878e-07   -6.3017239410e-07   -4.6826719081e-08    1.4455237461e-07   -8.4165155061e-09   -9.6608713366e-08
  43.0300000    5.4025276255e-07   -7.6401285727e-08   -2.2939248820e-07   -6.1617033798e-07   -5.2667122576e-08    1.5314549248e-07   -8.4908713331e-09   -9.7066538833e-08
  43.0400000    5.5305645780e-07   -6.8167696174e-08   -2.3285837080e-07   -6.0057343221e-07   -5.8791306494e-08    1.6213142832e-07   -8.5654184904e-09   -9.7525045023e-08
  43.0500000    5.5901089130e-07   -5.9213347505e-08   -2.3404720291e-07   -5.8361465686e-07   -6.5124256510e-08    1.7137417510e-07   -8.6401320800e-09   -9.7984709758e-08
  43.0600000    5.5819316066e-07   -4.9757083502e-08   -2.3290347363e-07   -5.6554261036e-07   -7.1587465871e-08    1.8073090537e-07   -8.7149281436e-09   -9.8445993917e-08
  43.0700000    5.5076941851e-07   -4.0026151599e-08   -2.2940658585e-07   -5.4661796748e-07   -7.8100206286e-08    1.9005425544e-07   -8.7896706018e-09   -9.8909348664e-08
  43.0800000    5.3698982746e-07   -3.0250999421e-08   -2.2357157897e-07   -5.2710973131e-07   -8.4580831721e-08    1.9919478079e-07   -8.8641471510e-09   -9.9375209839e-08
  43.0900000    5.1718254605e-07   -2.0660089706e-08   -2.1544929149e-07   -5.0729149015e-07   -9.0948113856e-08    2.0800339489e-07   -8.9380927314e-09   -9.9843998501e-08
  43.1000000    4.9174667090e-07   -1.1474901496e-08   -2.0512600222e-07   -4.8743759901e-07   -9.7122540701e-08    2.1633394458e-07   -9.0111758281e-09   -1.0031610572e-07
  43.1100000    4.6114443938e-07   -2.9052163558e-09   -1.9272245696e-07   -4.6781944496e-07   -1.0302764331e-07    2.2404565297e-07   -9.0830062533e-09   -1.0079190002e-07
  43.1200000    4.2589272705e-07    4.8553123260e-09   -1.7839236460e-07   -4.4870175521e-07   -1.0859121649e-07    2.3100560696e-07   -9.1531335563e-09   -1.0127172760e-07
  43.1300000    3.8655424151e-07    1.1632939377e-08   -1.6232039234e-07   -4.3033904558e-07   -1.1374646881e-07    2.3709106434e-07   -9.2210641860e-09   -1.0175590341e-07
  43.1400000    3.4372828477e-07    1.7277171932e-08   -1.4471961704e-07   -4.1297225984e-07   -1.1843311224e-07    2.4219164368e-07   -9.2862500019e-09   -1.0224470846e-07
  43.1500000    2.9804147894e-07    2.1663449371e-08   -1.2582855898e-07   -3.9682564459e-07   -1.2259826130e-07    2.4621133165e-07   -9.3481081344e-09   -1.0273838970e-07
  43.1600000    2.5013847960e-07    2.4695233018e-08   -1.0590774941e-07   -3.8210383785e-07   -1.2619727012e-07    2.4907025567e-07   -9.4060311703e-09   -1.0323715947e-07
  43.1700000    2.0067280537e-07    2.6305294004e-08   -8.5235979946e-08   -3.6898934720e-07   -1.2919435373e-07    2.5070619987e-07   -9.4593815487e-09   -1.0374119079e-07
  43.1800000    1.5029808958e-07    2.6456472462e-08   -6.4106229705e-08   -3.5764025911e-07   -1.3156308169e-07    2.5107584534e-07   -9.5075214973e-09   -1.0425062522e-07
  43.1900000    9.9659516222e-08    2.5141669440e-08   -4.2821286494e-08   -3.4818839813e-07   -1.3328668474e-07    2.5015568873e-07   -9.5498071616e-09   -1.0476556128e-07
  43.2000000    4.9385866021e-08    2.2383236529e-08   -2.1689301470e-08   -3.4073780998e-07   -1.3435819723e-07    2.4794263974e-07   -9.5856091663e-09   -1.0528605124e-07
  43.2100000    8.2061036919e-11    1.8231836534e-08   -1.0191105845e-09   -3.3536368853e-07   -1.3478039224e-07    2.4445424610e-07   -9.6143216055e-09   -1.0581211849e-07
  43.2200000   -4.7677684355e-08    1.2764629086e-08    1.8884407698e-08   -3.3211169567e-07   -1.3456559213e-07    2.3972863795e-07   -9.6353735060e-09   -1.0634373974e-07
  43.2300000   -9.3356039982e-08    6.0831288572e-09    3.7724992606e-08   -3.3099769273e-07   -1.3373523922e-07    2.3382403432e-07   -9.6482409222e-09   -1.0688084620e-07
  43.2400000   -1.3645813443e-07   -1.6893930686e-09    5.5219536617e-08   -3.3200792051e-07   -1.3231937710e-07    2.2681796214e-07   -9.6524614103e-09   -1.0742334323e-07
  43.2500000   -1.7653630580e-07   -1.0410859593e-08    7.1102434854e-08   -3.3509956689e-07   -1.3035594533e-07    2.1880611159e-07   -9.6476335480e-09   -1.0797108640e-07
  43.2600000   -2.1319428900e-07   -1.9923532756e-08    8.5129792302e-08   -3.4020174489e-07   -1.2788996226e-07    2.0990087991e-07   -9.6334388054e-09   -1.0852389319e-07
  43.2700000   -2.4609053596e-07   -3.0057391391e-08    9.7083175631e-08   -3.4721686349e-07   -1.2497256783e-07    2.0022962786e-07   -9.6096531887e-09   -1.0908155398e-07
  43.2800000   -2.7494089504e-07   -4.0633605455e-08    1.0677315733e-07   -3.5602236782e-07   -1.2166001527e-07    1.8993263736e-07   -9.5761388932e-09   -1.0964381120e-07
  43.2900000   -2.9952054477e-07   -5.1467950548e-08    1.1404234898e-07   -3.6647280798e-07   -1.1801255134e-07    1.7916088282e-07   -9.5328741512e-09   -1.1021039027e-07
  43.3000000   -3.1966522980e-07   -6.2374299910e-08    1.1876802312e-07   -3.7840221063e-07   -1.1409327133e-07    1.6807355290e-07   -9.4799427424e-09   -1.1078097025e-07
  43.3100000   -3.3527172257e-07   -7.3167997375e-08    1.2086419967e-07   -3.9162672304e-07   -1.0996696145e-07    1.5683546584e-07   -9.4175390697e-09   -1.1135521565e-07
  43.3200000   -3.4629759906e-07   -8.3669026586e-08    1.2028320087e-07   -4.0594752561e-07   -1.0569889550e-07    1.4561432796e-07   -9.3459824744e-09   -1.1193275703e-07
  43.3300000   -3.5276032009e-07   -9.3705020683e-08    1.1701666546e-07   -4.2115387304e-07   -1.0135371370e-07    1.3457797576e-07   -9.2657062998e-09   -1.1251320739e-07
  43.3400000   -3.5473558448e-07   -1.0311404729e-07    1.1109594331e-07   -4.3702632204e-07   -9.6994304477e-08    1.2389153969e-07   -9.1772658814e-09   -1.1309615434e-07
  43.3500000   -3.5235498622e-07   -1.1174710226e-07    1.0259193828e-07   -4.5334006186e-07   -9.2680774112e-08    1.1371472936e-07   -9.0813358905e-09   -1.1368117526e-07
  43.3600000   -3.4580304276e-07   -1.1947033985e-07    9.1614316067e-08   -4.6986824676e-07   -8.8469487814e-08    1.0419908874e-07   -8.9786978646e-09   -1.1426783027e-07
  43.3700000   -3.3531351204e-07   -1.2616691042e-07    7.8310170932e-08   -4.8638539327e-07   -8.4412230268e-08    9.5485477344e-08   -8.8702529719e-09   -1.1485567453e-07
  43.3800000   -3.2116513459e-07   -1.3173858065e-07    6.2862091079e-08   -5.0267069701e-07   -8.0555471597e-08    8.7701664761e-08   -8.7569913954e-09   -1.1544425065e-07
  43.3900000   -3.0367676812e-07   -1.3610685220e-07    4.5485674590e-08   -5.1851124792e-07   -7.6939775259e-08    8.0960192607e-08   -8.6400090761e-09   -1.1603310481e-07
  43.4000000   -2.8320205570e-07   -1.3921394015e-07    2.6426596168e-08   -5.3370510660e-07   -7.3599316722e-08    7.5356420388e-08   -8.5204749613e-09   -1.1662178410e-07
  43.4100000   -2.6012354399e-07   -1.4102317142e-07    5.9571486452e-09   -5.4806421771e-07   -7.0561586049e-08    7.0966937912e-08   -8.3996367266e-09   -1.1720983667e-07
  43.4200000   -2.3484651740e-07   -1.4151925711e-07   -1.5627654466e-08   -5.6141706591e-07   -6.7847215284e-08    6.7848223011e-08   -8.2787969098e-09   -1.1779681998e-07
  43.4300000   -2.0779244000e-07   -1.4070807553e-07   -3.8014224804e-08   -5.7361110236e-07   -6.5469928858e-08    6.6035709591e-08   -8.1593072035e-09   -1.1838231004e-07
  43.4400000   -1.7939233136e-07   -1.3861619957e-07   -6.0875003777e-08   -5.8451480326e-07   -6.3436682737e-08    6.5543164450e-08   -8.0425481619e-09   -1.1896588478e-07
  43.4500000   -1.5007995006e-07   -1.3529016501e-07   -8.3873200401e-08   -5.9401947110e-07   -6.1747899189e-08    6.6362471935e-08   -7.9299208877e-09   -1.1954714853e-07
  43.4600000   -1.2028506659e-07   -1.3079532293e-07   -1.0666774500e-07   -6.0204063694e-07   -6.0397831254e-08    6.8463750143e-08   -7.8228146158e-09   -1.2012573391e-07
  43.4700000   -9.0426962234e-08   -1.2521459135e-07   -1.2891831174e-07   -6.0851907306e-07   -5.9375082499e-08    7.1795900578e-08   -7.7226135080e-09   -1.2070128869e-07
  43.4800000   -6.0908091124e-08   -1.1864686239e-07   -1.5029040360e-07   -6.1342148527e-07   -5.8663123726e-08    7.6287470908e-08   -7.6306659259e-09   -1.2127348508e-07
  43.4900000   -3.2108276123e-08   -1.1120526212e-07   -1.7046034235e-07   -6.1674072450e-07   -5.8241013620e-08    8.1847908378e-08   -7.5482684253e-09   -1.2184203728e-07
  43.5000000   -4.3793795882e-09   -1.0301516697e-07   -1.8912017296e-07   -6.1849564229e-07   -5.8084077442e-08    8.8369116144e-08   -7.4766547240e-09   -1.2240667377e-07
  43.5100000    2.1959377427e-08   -9.4212185802e-08   -2.0598235040e-07   -6.1873051849e-07   -5.8164713532e-08    9.5727316781e-08   -7.4169776769e-09   -1.2296717926e-07
  43.5200000    4.6625263975e-08   -8.4939963714e-08   -2.2078416718e-07   -6.1751413819e-07   -5.8453146737e-08    1.0378520900e-07   -7.3703012293e-09   -1.2352334815e-07
  43.5300000    6.9375251479e-08   -7.5347902891e-08   -2.3329182192e-07   -6.1493846665e-07   -5.8918250104e-08    1.1239433952e-07   -7.3375656113e-09   -1.2407503209e-07
  43.5400000    9.0008207611e-08   -6.5588914460e-08   -2.4330411384e-07   -6.1111697724e-07   -5.9528342903e-08    1.2139764220e-07   -7.3196092403e-09   -1.2462210715e-07
  43.5500000    1.0836619220e-07   -5.5817050458e-08   -2.5065564927e-07   -6.0618266165e-07   -6.0251923417e-08    1.3063218188e-07   -7.3171220225e-09   -1.2516449384e-07
  43.5600000    1.2433493593e-07   -4.6185344692e-08   -2.5521961524e-07   -6.0028575256e-07   -6.1058387782e-08    1.3993194690e-07   -7.3306633747e-09   -1.2570214463e-07
  43.5700000    1.3784329242e-07   -3.6843484939e-08   -2.5690985954e-07   -5.9359115464e-07   -6.1918682179e-08    1.4913071188e-07   -7.3606295071e-09   -1.2623505562e-07
  43.5800000    1.4886192511e-07   -2.7935810149e-08   -2.5568251043e-07   -5.8627570209e-07   -6.2805881019e-08    1.5806489298e-07   -7.4072781912e-09   -1.2676325958e-07
  43.5900000    1.5740113656e-07   -1.9599187323e-08   -2.5153693098e-07   -5.7852522126e-07   -6.3695669306e-08    1.6657635557e-07   -7.4706894953e-09   -1.2728682815e-07
  43.6000000    1.6350801295e-07   -1.1961253942e-08   -2.4451599504e-07   -5.7053147922e-07   -6.4566743896e-08    1.7451512190e-07   -7.5507857964e-09   -1.2780585914e-07
  43.6100000    1.6726301614e-07   -5.1386319113e-09   -2.3470579252e-07   -5.6248901797e-07   -6.5401106668e-08    1.8174193182e-07   -7.6473259888e-09   -1.2832049603e-07
  43.6200000    1.6877597792e-07    7.6456228562e-10   -2.2223459748e-07   -5.5459201665e-07   -6.6184263683e-08    1.8813061030e-07   -7.7599034869e-09   -1.2883090958e-07
  43.6300000    1.6818186792e-07    5.6581313651e-09   -2.0727128164e-07   -5.4703112939e-07   -6.6905335188e-08    1.9357018476e-07   -7.8879533483e-09   -1.2933729571e-07
  43.6400000    1.6563626404e-07    9.4669003694e-09   -1.9002301381e-07   -5.3999041596e-07   -6.7557019457e-08    1.9796676819e-07   -8.0307537991e-09   -1.2983989134e-07
  43.6500000    1.6131078152e-07    1.2131692438e-08   -1.7073244990e-07   -5.3364438034e-07   -6.8135529266e-08    2.0124511285e-07   -8.1874343864e-09   -1.3033894022e-07
  43.6600000    1.5538860382e-07    1.3610138914e-08   -1.4967431165e-07   -5.2815521215e-07   -6.8640375010e-08    2.0334982331e-07   -8.3569784879e-09   -1.3083473344e-07
  43.6700000    1.4806009845e-07    1.3877125910e-08   -1.2715146916e-07   -5.2367016179e-07   -6.9074110558e-08    2.0424624596e-07   -8.5382515510e-09   -1.3132756211e-07
  43.6800000    1.3951883495e-07    1.2925281284e-08   -1.0349055895e-07   -5.2031927192e-07   -6.9441997503e-08    2.0392100061e-07   -8.7299924758e-09   -1.3181774713e-07
  43.6900000    1.2995794583e-07    1.0765001450e-08   -7.9037225818e-08   -5.1821330849e-07   -6.9751615305e-08    2.0238209974e-07   -8.9308435444e-09   -1.3230561300e-07
  43.7000000    1.1956699468e-07    7.4244829777e-09   -5.4150982729e-08   -5.1744204045e-07   -7.0012437260e-08    1.9965870579e-07   -9.1393481767e-09   -1.3279150136e-07
  43.7100000    1.0852927109e-07    2.9494480088e-09   -2.9199903206e-08   -5.1807289318e-07   -7.0235339813e-08    1.9580057997e-07   -9.3539755687e-09   -1.3327575818e-07
  43.7200000    9.7019803346e-08   -2.5972990162e-09   -4.5550487544e-09   -5.2014992616e-07   -7.0432158172e-08    1.9087708190e-07   -9.5731480331e-09   -1.3375873757e-07
  43.7300000    8.5203736597e-08   -9.1365075044e-09    1.9415151841e-08   -5.2369322695e-07   -7.0615202022e-08    1.8497588779e-07   -9.7952333671e-09   -1.3424079087e-07
  43.7400000    7.3235414248e-08   -1.6573281615e-08    4.2350524581e-08   -5.2869864984e-07   -7.0796783221e-08    1.7820139873e-07   -1.0018582896e-08   -1.3472226608e-07
  43.7500000    6.1257809986e-08   -2.4798095774e-08    6.3904735959e-08   -5.3513802498e-07   -7.0988798483e-08    1.7067283554e-07   -1.0241533662e-08   -1.3520350900e-07
  43.7600000    4.9402542780e-08   -3.3687968961e-08    8.3750686431e-08   -5.4295966071e-07   -7.1202328593e-08    1.6252209605e-07   -1.0462436180e-08   -1.3568485217e-07
  43.7700000    3.7790131794e-08   -4.3107846361e-08    1.0158566626e-07   -5.5208929479e-07   -7.1447285393e-08    1.5389143265e-07   -1.0679672948e-08   -1.3616661862e-07
  43.7800000    2.6530590440e-08   -5.2912155687e-08    1.1713617307e-07   -5.6243136027e-07   -7.1732133940e-08    1.4493088593e-07   -1.0891665120e-08   -1.3664912357e-07
  43.7900000    1.5724273880e-08   -6.2946515924e-08    1.3016236636e-07   -5.7387060789e-07   -7.2063655323e-08    1.3579568650e-07   -1.1096898744e-08   -1.3713265866e-07
  43.8000000    5.4626498693e-09   -7.3049628002e-08    1.4046200800e-07   -5.8627405743e-07   -7.2446807753e-08    1.2664352034e-07   -1.1293931162e-08   -1.3761748423e-07
  43.8100000   -4.1706963968e-09   -8.3055319021e-08    1.4787383797e-07   -5.9949315708e-07   -7.2884632497e-08    1.1763179863e-07   -1.1481411122e-08   -1.3810385910e-07
  43.8200000   -1.3099361699e-08   -9.2794727658e-08    1.5228043192e-07   -6.1336625819e-07   -7.3378257822e-08    1.0891490411e-07   -1.1658092442e-08   -1.3859201037e-07
  43.8300000   -2.1253347600e-08   -1.0209865724e-07    1.5361030938e-07   -6.2772118893e-07   -7.3926934261e-08    1.0064157225e-07   -1.1822831252e-08   -1.3908214137e-07
  43.8400000   -2.8568694895e-08   -1.1079995838e-07    1.5183943675e-07   -6.4237809334e-07   -7.4528169405e-08    9.2952326647e-08   -1.1974618875e-08   -1.3957442729e-07
  43.8500000   -3.4987211606e-08   -1.1873610325e-07    1.4699194945e-07   -6.5715226787e-07   -7.5177911224e-08    8.5977100889e-08   -1.2112577544e-08   -1.4006901743e-07
  43.8600000   -4.0456579028e-08   -1.2575169296e-07    1.3914014371e-07   -6.7185708395e-07   -7.5870760595e-08    7.9833063806e-08   -1.2235963072e-08   -1.4056603057e-07
  43.8700000   -4.4930653629e-08   -1.3170112640e-07    1.2840376791e-07   -6.8630694234e-07   -7.6600300994e-08    7.4622660024e-08   -1.2344179688e-08   -1.4106556039e-07
  43.8800000   -4.8370123859e-08   -1.3645106128e-07    1.1494848691e-07   -7.0032014852e-07   -7.7359323588e-08    7.0431944153e-08   -1.2436772943e-08   -1.4156767453e-07
  43.8900000   -5.0743319010e-08   -1.3988305289e-07    9.8983690740e-08   -7.1372168613e-07   -7.8140227901e-08    6.7329175693e-08   -1.2513441832e-08   -1.4207240497e-07
  43.9000000   -5.2027314712e-08   -1.4189586330e-07    8.0759549900e-08   -7.2634589002e-07   -7.8935303868e-08    6.5363761325e-08   -1.2574031469e-08   -1.4257976037e-07
  43.9100000   -5.2209080328e-08   -1.4240775303e-07    6.0563420908e-08   -7.3803890388e-07   -7.9737089141e-08    6.4565513266e-08   -1.2618526806e-08   -1.4308972418e-07
  43.9200000   -5.1286711182e-08   -1.4135850110e-07    3.8715630194e-08   -7.4866090460e-07   -8.0538659516e-08    6.4944278107e-08   -1.2647065658e-08   -1.4360224700e-07
  43.9300000   -4.9270697812e-08   -1.3871119011e-07    1.5564701058e-08   -7.5808812257e-07   -8.1333917756e-08    6.6489854375e-08   -1.2659914262e-08   -1.4411726377e-07
  43.9400000   -4.6185105725e-08   -1.3445368577e-07   -8.5178900923e-09   -7.6621451064e-07   -8.2117847333e-08    6.9172316079e-08   -1.2657465144e-08   -1.4463468208e-07
  43.9500000   -4.2068550274e-08   -1.2859973223e-07   -3.3143434798e-08   -7.7295313574e-07   -8.2886692447e-08    7.2942638124e-08   -1.2640247932e-08   -1.4515439462e-07
  43.9600000   -3.6974994518e-08   -1.2118969640e-07   -5.7911964309e-08   -7.7823723649e-07   -8.3638100149e-08    7.7733652854e-08   -1.2608888635e-08   -1.4567626209e-07
  43.9700000   -3.0974201032e-08   -1.1229089413e-07   -8.2418490888e-08   -7.8202092329e-07   -8.4371199008e-08    8.3461311526e-08   -1.2564117925e-08   -1.4620013816e-07
  43.9800000   -2.4151908530e-08   -1.0199733360e-07   -1.0625942776e-07   -7.8427954804e-07   -8.5086603197e-08    9.0026210387e-08   -1.2506761749e-08   -1.4672585994e-07
  43.9900000   -1.6609592666e-08   -9.0429104384e-08   -1.2903899748e-07   -7.8500968278e-07   -8.5786358498e-08    9.7315363604e-08   -1.2437720418e-08   -1.4725325467e-07
  44.0000000   -8.4637719884e-09   -7.7731223655e-08   -1.5037559939e-07   -7.8422879032e-07   -8.6473813994e-08    1.0520423796e-07   -1.2357960246e-08   -1.4778213525e-07
  44.0100000    1.5500066694e-10   -6.4071950743e-08   -1.6990804818e-07   -7.8197454490e-07   -8.7153426190e-08    1.1355889055e-07   -1.2268500804e-08   -1.4831230468e-07
  44.0200000    9.1035858680e-09   -4.9640674133e-08   -1.8730149265e-07   -7.7830384498e-07   -8.7830492497e-08    1.2223827445e-07   -1.2170403433e-08   -1.4884357021e-07
  44.0300000    1.8228167606e-08   -3.4645218054e-08   -2.0225303847e-07   -7.7329150406e-07   -8.8510865351e-08    1.3109668102e-07   -1.2064747255e-08   -1.4937573228e-07
  44.0400000    2.7366415299e-08   -1.9308834467e-08   -2.1449687931e-07   -7.6702872119e-07   -8.9200578127e-08    1.3998616734e-07   -1.1952637738e-08   -1.4990859129e-07
  44.0500000    3.6349981288e-08   -3.8667104551e-09   -2.2380890008e-07   -7.5962128480e-07   -8.9905469123e-08    1.4875903431e-07   -1.1835173749e-08   -1.5044195362e-07
  44.0600000    4.5007183109e-08    1.1437829686e-08   -2.3001068139e-07   -7.5118760285e-07   -9.0630762215e-08    1.5727028500e-07   -1.1713443287e-08   -1.5097563607e-07
  44.0700000    5.3165995971e-08    2.6357409220e-08   -2.3297276794e-07   -7.4185654253e-07   -9.1380646209e-08    1.6537995577e-07   -1.1588518050e-08   -1.5150945171e-07
  44.0800000    6.0656990480e-08    4.0644992794e-08   -2.3261727105e-07   -7.3176522761e-07   -9.2157847974e-08    1.7295539321e-07   -1.1461431704e-08   -1.5204323430e-07
  44.0900000    6.7316395387e-08    5.4058202202e-08   -2.2891956501e-07   -7.2105668491e-07   -9.2963262572e-08    1.7987334932e-07   -1.1333181087e-08   -1.5257682594e-07
  44.1000000    7.2989077925e-08    6.6363921109e-08   -2.2190925417e-07   -7.0987747886e-07   -9.3795555055e-08    1.8602187353e-07   -1.1204706415e-08   -1.5311008347e-07
  44.1100000    7.7531449899e-08    7.7342661876e-08   -2.1167021239e-07   -6.9837544643e-07   -9.4650851495e-08    1.9130205339e-07   -1.1076894366e-08   -1.5364287584e-07
  44.1200000    8.0814143436e-08    8.6792918829e-08   -1.9833975005e-07   -6.8669736008e-07   -9.5522477730e-08    1.9562944919e-07   -1.0950572889e-08   -1.5417510162e-07
  44.1300000    8.2724496263e-08    9.4535247333e-08   -1.8210698991e-07   -6.7498677593e-07   -9.6400787541e-08    1.9893529407e-07   -1.0826495376e-08   -1.5470666595e-07
  44.1400000    8.3168806032e-08    1.0041605369e-07   -1.6321028478e-07   -6.6338199949e-07   -9.7273046455e-08    2.0116741055e-07   -1.0705343177e-08   -1.5523750587e-07
  44.1500000    8.2074176191e-08    1.0431093154e-07   -1.4193389446e-07   -6.5201421901e-07   -9.8123420938e-08    2.0229086987e-07   -1.0587734606e-08   -1.5576756716e-07
  44.1600000    7.9390055424e-08    1.0612757806e-07   -1.1860386808e-07   -6.4100581422e-07   -9.8933045217e-08    2.0228828639e-07   -1.0474198049e-08   -1.5629682638e-07
  44.1700000    7.5089474003e-08    1.0580812069e-07   -9.3583183577e-08   -6.3046892976e-07   -9.9680238666e-08    2.0115988193e-07   -1.0365198412e-08   -1.5682527995e-07
  44.1800000    6.9169843683e-08    1.0333084249e-07   -6.7266275080e-08   -6.2050429312e-07   -1.0034077865e-07    1.9892322636e-07   -1.0261123550e-08   -1.5735294090e-07
  44.1900000    6.1653367952e-08    9.8711201335e-08   -4.0072956153e-08   -6.1120023579e-07   -1.0088827107e-07    1.9561270099e-07   -1.0162291512e-08   -1.5787984864e-07
  44.2000000    5.2587185202e-08    9.2002208796e-08   -1.2441917523e-08   -6.0263205973e-07   -1.0129466318e-07    1.9127868123e-07   -1.0068955006e-08   -1.5840606066e-07
  44.2100000    4.2043048429e-08    8.3294014587e-08    1.5176221513e-08   -5.9486162166e-07   -1.0153079125e-07    1.8598651701e-07   -9.9813024063e-09   -1.5893166032e-07
  44.2200000    3.0116716706e-08    7.2712840727e-08    4.2326074264e-08   -5.8793720936e-07   -1.0156703043e-07    1.7981522782e-07   -9.8994606309e-09   -1.5945674672e-07
  44.2300000    1.6926978288e-08    6.0419079068e-08    6.8554834820e-08   -5.8189370740e-07   -1.0137403843e-07    1.7285601344e-07   -9.8235110715e-09   -1.5998143335e-07
  44.2400000    2.6144701756e-09    4.6604765902e-08    9.3419662971e-08   -5.7675296161e-07   -1.0092349604e-07    1.6521061204e-07   -9.7534897271e-09   -1.6050585580e-07
  44.2500000   -1.2659912386e-08    3.1490384301e-08    1.1649497435e-07   -5.7252441279e-07   -1.0018891014e-07    1.5698952009e-07   -9.6893856151e-09   -1.6103015867e-07
  44.2600000   -2.8716837513e-08    1.5320995923e-08    1.3737957216e-07   -5.6920594419e-07   -9.9146441469e-08    1.4831006807e-07   -9.6311608036e-09   -1.6155449706e-07
  44.2700000   -4.5360506612e-08   -1.6380413839e-09    1.5570345965e-07   -5.6678487643e-07   -9.7775711852e-08    1.3929447038e-07   -9.5787556063e-09   -1.6207904567e-07
  44.2800000   -6.2381035737e-08   -1.9105933619e-08    1.7113419619e-07   -5.6523917022e-07   -9.6060580727e-08    1.3006780197e-07   -9.5320845544e-09   -1.6260397937e-07
  44.2900000   -7.9556812461e-08   -3.6791603431e-08    1.8338275311e-07   -5.6453869957e-07   -9.3989907761e-08    1.2075599054e-07   -9.4910575859e-09   -1.6312948052e-07
  44.3000000   -9.6657221153e-08   -5.4399126690e-08    1.9220874912e-07   -5.6464666440e-07   -9.1558210381e-08    1.1148383824e-07   -9.4555700080e-09   -1.6365573405e-07
  44.3100000   -1.1344549117e-07   -7.1633234682e-08    1.9742494111e-07   -5.6552100140e-07   -8.8766251403e-08    1.0237311216e-07   -9.4255235205e-09   -1.6418292142e-07
  44.3200000   -1.2968159811e-07   -8.8204966318e-08    1.9890091696e-07   -5.6711583177e-07   -8.5621549111e-08    9.3540724321e-08   -9.4008251910e-09   -1.6471122579e-07
  44.3300000   -1.4512542013e-07   -1.0383710923e-07    1.9656594767e-07   -5.6938295219e-07   -8.2138695706e-08    8.5097019273e-08   -9.3813939103e-09   -1.6524081816e-07
  44.3400000   -1.5953981655e-07   -1.1826948816e-07    1.9041087630e-07   -5.7227315660e-07   -7.8339626658e-08    7.7144261574e-08   -9.3671517480e-09   -1.6577186263e-07
  44.3500000   -1.7269392838e-07   -1.3126394202e-07    1.8048906934e-07   -5.7573755963e-07   -7.4253682214e-08    6.9775223618e-08   -9.3580487124e-09   -1.6630451983e-07
  44.3600000   -1.8436638801e-07   -1.4260878326e-07    1.6691638716e-07   -5.7972878973e-07   -6.9917525136e-08    6.3072041117e-08   -9.3540530400e-09   -1.6683892190e-07
  44.3700000   -1.9434858415e-07   -1.5212280326e-07    1.4987011262e-07   -5.8420199967e-07   -6.5374902688e-08    5.7105213059e-08   -9.3551481015e-09   -1.6737518762e-07
  44.3800000   -2.0244772568e-07   -1.5965865526e-07    1.2958693266e-07   -5.8911577129e-07   -6.0676246191e-08    5.1932844967e-08   -9.3613405935e-09   -1.6791342450e-07
  44.3900000   -2.0848994208e-07   -1.6510545239e-07    1.0635992953e-07   -5.9443280647e-07   -5.5878096201e-08    4.7600115059e-08   -9.3726543193e-09   -1.6845370393e-07
  44.4000000   -2.1232321877e-07   -1.6839073063e-07    8.0534627748e-08   -6.0012043402e-07   -5.1042382345e-08    4.4138956329e-08   -9.3891335345e-09   -1.6899608344e-07
  44.4100000   -2.1381990955e-07   -1.6948156241e-07    5.2504170635e-08   -6.0615087299e-07   -4.6235544238e-08    4.1567994736e-08   -9.4108356392e-09   -1.6954058556e-07
  44.4200000   -2.1287927201e-07   -1.6838486327e-07    2.2703683641e-08   -6.1250137268e-07   -4.1527555876e-08    3.9892633453e-08   -9.4378391121e-09   -1.7008720712e-07
  44.4300000   -2.0942946458e-07   -1.6514688068e-07   -8.3960914085e-09   -6.1915406716e-07   -3.6990735028e-08    3.9105451629e-08   -9.4702234581e-09   -1.7063591574e-07
  44.4400000   -2.0342923159e-07   -1.5985190359e-07   -4.0295823328e-08   -6.2609566303e-07   -3.2698593828e-08    3.9186699701e-08   -9.5080756494e-09   -1.7118664280e-07
  44.4500000   -1.9486923849e-07   -1.5262026701e-07   -7.2475134185e-08   -6.3331696504e-07   -2.8724484171e-08    4.0105045737e-08   -9.5514857792e-09   -1.7173928618e-07
  44.4600000   -1.8377289143e-07   -1.4360552232e-07   -1.0440058174e-07   -6.4081219004e-07   -2.5140272465e-08    4.1818452969e-08   -9.6005304804e-09   -1.7229371920e-07
  44.4700000   -1.7019671747e-07   -1.3299110161e-07   -1.3553391454e-07   -6.4857815067e-07   -2.2014965432e-08    4.4275206860e-08   -9.6552797087e-09   -1.7284976654e-07
  44.4800000   -1.5423024018e-07   -1.2098639737e-07   -1.6534053833e-07   -6.5661333660e-07   -1.9413325550e-08    4.7415071564e-08   -9.7157883796e-09   -1.7340723198e-07
  44.4900000   -1.3599539393e-07   -1.0782237121e-07   -1.9329800104e-07   -6.6491685012e-07   -1.7394551709e-08    5.1170502720e-08   -9.7820816468e-09   -1.7396587923e-07
  44.5000000   -1.1564538314e-07   -9.3746852463e-08   -2.1890437915e-07   -6.7348735206e-07   -1.6010994021e-08    5.5468010724e-08   -9.8541575179e-09   -1.7452544276e-07
  44.5100000   -9.3363132941e-08   -7.9019554872e-08   -2.4168648242e-07   -6.8232186878e-07   -1.5306969791e-08    6.0229481495e-08   -9.9319809947e-09   -1.7508562486e-07
  44.5200000   -6.9359283951e-08   -6.3907082482e-08   -2.6120765325e-07   -6.9141472421e-07   -1.5317704839e-08    6.5373571398e-08   -1.0015480672e-08   -1.7564608837e-07
  44.5300000   -4.3869747897e-08   -4.8677810833e-08   -2.7707513370e-07   -7.0075640284e-07   -1.6068399238e-08    7.0817082354e-08   -1.0104528262e-08   -1.7620648171e-07
  44.5400000   -1.7152927915e-08   -3.3596930028e-08   -2.8894679945e-07   -7.1033252919e-07   -1.7573479921e-08    7.6476290943e-08   -1.0198952022e-08   -1.7676642607e-07
  44.5500000    1.0513305498e-08   -1.8921768964e-08   -2.9653721919e-07   -7.2012297904e-07   -1.9836020954e-08    8.2268288179e-08   -1.0298527748e-08   -1.7732551241e-07
  44.5600000    3.8834995633e-08   -4.8973131130e-09   -2.9962288302e-07   -7.3010103008e-07   -2.2847383848e-08    8.8112137445e-08   -1.0402973454e-08   -1.7788331840e-07
  44.5700000    6.7505582334e-08    8.2477998585e-09   -2.9804651929e-07   -7.4023273691e-07   -2.6587043243e-08    9.3930072161e-08   -1.0511949134e-08   -1.7843940212e-07
  44.5800000    9.6209459210e-08    2.0304858896e-08   -2.9172048679e-07   -7.5047650694e-07   -3.1022686922e-08    9.9648473323e-08   -1.0625050884e-08   -1.7899331280e-07
  44.5900000    1.2462567851e-07    3.1088090147e-08   -2.8062907519e-07   -7.6078280972e-07   -3.6110488066e-08    1.0519880520e-07   -1.0741819906e-08   -1.7954458993e-07
  44.6000000    1.5243157737e-07    4.0437125455e-08   -2.6482978478e-07   -7.7109414758e-07   -4.1795627970e-08    1.1051839308e-07   -1.0861741526e-08   -1.8009276761e-07
  44.6100000    1.7930638260e-07    4.8218935517e-08   -2.4445343368e-07   -7.8134527049e-07   -4.8013041059e-08    1.1555104099e-07   -1.0984230228e-08   -1.8063738335e-07
  44.6200000    2.0493465666e-07    5.4329090906e-08   -2.1970322586e-07   -7.9146356987e-07   -5.4688349385e-08    1.2024754354e-07   -1.1108663991e-08   -1.8117797715e-07
  44.6300000    2.2900966628e-07    5.8692467844e-08   -1.9085261188e-07   -8.0136977961e-07   -6.1739013032e-08    1.2456603101e-07   -1.1234362722e-08   -1.8171410114e-07
  44.6400000    2.5123648932e-07    6.1263399624e-08   -1.5824212964e-07   -8.1097883450e-07   -6.9075636748e-08    1.2847217820e-07   -1.1360595015e-08   -1.8224532156e-07
  44.6500000    2.7133507539e-07    6.2025279401e-08   -1.2227518187e-07   -8.2020100416e-07   -7.6603431588e-08    1.3193926530e-07   -1.1486597515e-08   -1.8277122464e-07
  44.6600000    2.8904297994e-07    6.0989733089e-08   -8.3412770934e-08   -8.2894318100e-07   -8.4223786524e-08    1.3494812235e-07   -1.1611568069e-08   -1.8329142513e-07
  44.6700000    3.0411798405e-07    5.8195223476e-08   -4.2167370081e-08   -8.3711041347e-07   -9.1835959096e-08    1.3748691260e-07   -1.1734684354e-08   -1.8380555952e-07
  44.6800000    3.1634046836e-07    5.3705522282e-08    9.0408721892e-10   -8.4460751229e-07   -9.9338796812e-08    1.3955085731e-07   -1.1855099552e-08   -1.8431330494e-07
  44.6900000    3.2551568337e-07    4.7607639517e-08    4.5207948301e-08   -8.5134085885e-07   -1.0663248349e-07    1.4114180724e-07   -1.1971968476e-08   -1.8481437067e-07
  44.7000000    3.3147581434e-07    4.0009639214e-08    9.0122180226e-08   -8.5722025992e-07   -1.1362030384e-07    1.4226773416e-07   -1.2084436807e-08   -1.8530851814e-07
  44.7100000    3.3408190922e-07    3.1038314954e-08    1.3500527680e-07   -8.6216086898e-07   -1.2021032873e-07    1.4294218902e-07   -1.2191662395e-08   -1.8579554347e-07
  44.7200000    3.3322570819e-07    2.0836639727e-08    1.7920547949e-07   -8.6608513197e-07   -1.2631702740e-07    1.4318364786e-07   -1.2292824159e-08   -1.8627530065e-07
  44.7300000    3.2883129855e-07    9.5612732361e-09    2.2207027443e-07   -8.6892470368e-07   -1.3186278549e-07    1.4301486698e-07   -1.2387122136e-08   -1.8674769300e-07
  44.7400000    3.2085669416e-07   -2.6200157261e-09    2.6295598586e-07   -8.7062227446e-07   -1.3677924714e-07    1.4246217161e-07   -1.2473806196e-08   -1.8721268153e-07
  44.7500000    3.0929527764e-07   -1.5530870573e-08    3.0123732954e-07   -8.7113332690e-07   -1.4100848354e-07    1.4155476544e-07   -1.2552163196e-08   -1.8767027751e-07
  44.7600000    2.9417710967e-07   -2.8988741871e-08    3.3631676774e-07   -8.7042771563e-07   -1.4450399712e-07    1.4032402400e-07   -1.2621542507e-08   -1.8812057015e-07
  44.7700000    2.7557004371e-07   -4.2807261814e-08    3.6763353899e-07   -8.6849109811e-07   -1.4723146842e-07    1.3880282222e-07   -1.2681353982e-08   -1.8856368626e-07
  44.7800000    2.5358061511e-07   -5.6798474028e-08    3.9467224301e-07   -8.6532606413e-07   -1.4916927654e-07    1.3702492071e-07   -1.2731076308e-08   -1.8899982460e-07
  44.7900000    2.2835482049e-07   -7.0774936298e-08    4.1697083799e-07   -8.6095312693e-07   -1.5030876682e-07    1.3502431712e-07   -1.2770268074e-08   -1.8942924235e-07
  44.8000000    2.0007839786e-07   -8.4551761960e-08    4.3412788277e-07   -8.5541130483e-07   -1.5065425567e-07    1.3283475053e-07   -1.2798577875e-08   -1.8985225495e-07
  44.8100000    1.6897685481e-07   -9.7948411971e-08    4.4580900427e-07   -8.4875850834e-07   -1.5022282550e-07    1.3048919801e-07   -1.2815730618e-08   -1.9026923870e-07
  44.8200000    1.3531508118e-07   -1.1079056445e-07    4.5175241200e-07   -8.4107153152e-07   -1.4904378351e-07    1.2801947639e-07   -1.2821552073e-08   -1.9068062190e-07
  44.8300000    9.9396401250e-08   -1.2291169980e-07    4.5177340004e-07   -8.3244570055e-07   -1.4715793926e-07    1.2545589313e-07   -1.2815958035e-08   -1.9108687999e-07
  44.8400000    6.1561144639e-08   -1.3415475820e-07    4.4576777656e-07   -8.2299424149e-07   -1.4461666950e-07    1.2282698953e-07   -1.2798964251e-08   -1.9148855016e-07
  44.8500000    2.2184521003e-08   -1.4437362793e-07    4.3371415563e-07   -8.1284725251e-07   -1.4148070829e-07    1.2015936048e-07   -1.2770680996e-08   -1.9188621146e-07
  44.8600000   -1.8326049024e-08   -1.5343454227e-07    4.1567506554e-07   -8.0215035325e-07   -1.3781881383e-07    1.1747752265e-07   -1.2731312143e-08   -1.9228047538e-07
  44.8700000   -5.9534382225e-08   -1.6121752231e-07    3.9179684297e-07   -7.9106298470e-07   -1.3370626116e-07    1.1480386295e-07   -1.2681146973e-08   -1.9267199776e-07
  44.8800000   -1.0097962443e-07   -1.6761767743e-07    3.6230834708e-07   -7.7975646757e-07   -1.2922320610e-07    1.1215866689e-07   -1.2620578489e-08   -1.9306146070e-07
  44.8900000   -1.4218102290e-07   -1.7254645792e-07    3.2751850006e-07   -7.6841170959e-07   -1.2445299440e-07    1.0956018478e-07   -1.2550064815e-08   -1.9344957216e-07
  44.9000000   -1.8264342340e-07   -1.7593283987e-07    2.8781257924e-07   -7.5721670210e-07   -1.1948037877e-07    1.0702473003e-07   -1.2470162825e-08   -1.9383705228e-07
  44.9100000   -2.2186332856e-07   -1.7772437737e-07    2.4364749478e-07   -7.4636382395e-07   -1.1438975559e-07    1.0456686972e-07   -1.2381486588e-08   -1.9422463425e-07
  44.9200000   -2.5933551214e-07   -1.7788820593e-07    1.9554599030e-07   -7.3604690384e-07   -1.0926342635e-07    1.0219957663e-07   -1.2284713089e-08   -1.9461305885e-07
  44.9300000   -2.9456009163e-07   -1.7641184854e-07    1.4408981011e-07   -7.2645825045e-07   -1.0417989626e-07    9.9934445022e-08   -1.2180582859e-08   -1.9500305396e-07
  44.9400000   -3.2704992921e-07   -1.7330384270e-07    8.9912108069e-08   -7.1778553357e-07   -9.9212321767e-08    9.7781902184e-08   -1.2069878640e-08   -1.9539534380e-07
  44.9500000   -3.5633828658e-07   -1.6859420886e-07    3.3688971856e-08   -7.1020865770e-07   -9.4427063573e-08    9.5751401292e-08   -1.1953417837e-08   -1.9579063494e-07
  44.9600000   -3.8198644105e-07   -1.6233465594e-07   -2.3869631727e-08   -7.0389670915e-07   -8.9882411532e-08    9.3851645153e-08   -1.1832048879e-08   -1.9618960893e-07
  44.9700000   -4.0359125907e-07   -1.5459851378e-07   -8.2029464597e-08   -6.9900490780e-07   -8.5627484058e-08    9.2090734505e-08   -1.1706637629e-08   -1.9659290907e-07
  44.9800000   -4.2079252763e-07   -1.4548035861e-07   -1.4004200892e-07   -6.9567175418e-07   -8.1701400220e-08    9.0476320314e-08   -1.1578049645e-08   -1.9700114833e-07
  44.9900000   -4.3327979301e-07   -1.3509533445e-07   -1.9715470521e-07   -6.9401631566e-07   -7.8132627330e-08    8.9015717582e-08   -1.1447159345e-08   -1.9741487954e-07
  45.0000000   -4.4079860764e-07   -1.2357811705e-07   -2.5262131080e-07   -6.9413581193e-07   -7.4938622508e-08    8.7715979454e-08   -1.1314812353e-08   -1.9783461507e-07
  45.0100000   -4.4315609530e-07   -1.1108154785e-07   -3.0571217582e-07   -6.9610339311e-07   -7.2125707209e-08    8.6583904092e-08   -1.1181847692e-08   -1.9826080599e-07
  45.0200000   -4.4022552947e-07   -9.7774912148e-08   -3.5572438729e-07   -6.9996633391e-07   -6.9689206090e-08    8.5626019101e-08   -1.1049061991e-08   -1.9869384767e-07
  45.0300000   -4.3194996203e-07   -8.3841815695e-08   -4.0199152820e-07   -7.0574452066e-07   -6.7613819937e-08    8.4848503094e-08   -1.0917223723e-08   -1.9913405248e-07
  45.0400000   -4.1834465962e-07   -6.9477820611e-08   -4.4389301266e-07   -7.1342937179e-07   -6.5874320133e-08    8.4257078079e-08   -1.0787051581e-08   -1.9958167854e-07
  45.0500000   -3.9949838372e-07   -5.4887646467e-08   -4.8086278251e-07   -7.2298316529e-07   -6.4436351426e-08    8.3856822679e-08   -1.0659212279e-08   -2.0003689540e-07
  45.0600000   -3.7557348096e-07   -4.0282300631e-08   -5.1239731730e-07   -7.3433881785e-07   -6.3257543706e-08    8.3651985039e-08   -1.0534313200e-08   -2.0049980945e-07
  45.0700000   -3.4680455090e-07   -2.5875793036e-08   -5.3806275941e-07   -7.4740010394e-07   -6.2288758169e-08    8.3645736923e-08   -1.0412904033e-08   -2.0097043795e-07
  45.0800000   -3.1349598674e-07   -1.1881794288e-08   -5.5750114929e-07   -7.6204235003e-07   -6.1475507472e-08    8.3839910058e-08   -1.0295478201e-08   -2.0144872724e-07
  45.0900000   -2.7601823607e-07    1.4898290894e-09   -5.7043560723e-07   -7.7811358039e-07   -6.0759498055e-08    8.4234703678e-08   -1.0182444032e-08   -2.0193453641e-07
  45.1000000   -2.3480286338e-07    1.4036491141e-08   -5.7667442294e-07   -7.9543611393e-07   -6.0080223368e-08    8.4828413645e-08   -1.0074163391e-08   -2.0242765192e-07
  45.1100000   -1.9033666497e-07    2.5566423394e-08   -5.7611398142e-07   -8.1380859090e-07   -5.9376631904e-08    8.5617111870e-08   -9.9709252949e-09   -2.0292778338e-07
  45.1200000   -1.4315472650e-07    3.5901974692e-08   -5.6874048629e-07   -8.3300842124e-07   -5.8588846716e-08    8.6594398939e-08   -9.8729574442e-09   -2.0343456478e-07
  45.1300000   -9.3832648358e-08    4.4882821154e-08   -5.5463047400e-07   -8.5279458103e-07   -5.7659747368e-08    8.7751140203e-08   -9.7804266662e-09   -2.0394756448e-07
  45.1400000   -4.2978260827e-08    5.2368870607e-08   -5.3395007082e-07   -8.7291081465e-07   -5.6536580126e-08    8.9075234047e-08   -9.6934419378e-09   -2.0446628293e-07
  45.1500000    8.7773475674e-09    5.8242893739e-08   -5.0695306045e-07   -8.9308903261e-07   -5.5172429129e-08    9.0551463245e-08   -9.6120707437e-09   -2.0499015409e-07
  45.1600000    6.0789039281e-08    6.2412756643e-08   -4.7397771649e-07   -9.1305304292e-07   -5.3527537674e-08    9.2161358852e-08   -9.5363196241e-09   -2.0551856584e-07
  45.1700000    1.1240696318e-07    6.4813241925e-08   -4.3544249204e-07   -9.3252244500e-07   -5.1570477054e-08    9.3883148805e-08   -9.4661774604e-09   -2.0605085226e-07
  45.1800000    1.6298599544e-07    6.5407394157e-08   -3.9184063731e-07   -9.5121666780e-07   -4.9279114461e-08    9.5691796171e-08   -9.4015797445e-09   -2.0658630137e-07
  45.1900000    2.1189489775e-07    6.4187329802e-08   -3.4373375156e-07   -9.6885908866e-07   -4.6641336976e-08    9.7559070695e-08   -9.3424518090e-09   -2.0712416537e-07
  45.2000000    2.5852520292e-07    6.1174583444e-08   -2.9174444821e-07   -9.8518114124e-07   -4.3655591754e-08    9.9453731535e-08   -9.2887075190e-09   -2.0766367901e-07
  45.2100000    3.0229965878e-07    5.6419880749e-08   -2.3654813621e-07   -9.9992640817e-07   -4.0331110900e-08    1.0134179874e-07   -9.2402398123e-09   -2.0820405238e-07
  45.2200000    3.4267994284e-07    5.0002426603e-08   -1.7886412697e-07   -1.0128546075e-06   -3.6687948066e-08    1.0318691787e-07   -9.1969493630e-09   -2.0874448346e-07
  45.2300000    3.7917394372e-07    4.2028546013e-08   -1.1944608467e-07   -1.0237454022e-06   -3.2756699471e-08    1.0495075604e-07   -9.1587530659e-09   -2.0928416668e-07
  45.2400000    4.1134193714e-07    3.2630023300e-08   -5.9072068969e-08   -1.0324019266e-06   -2.8578019320e-08    1.0659353147e-07   -9.1255664427e-09   -2.0982230136e-07
  45.2500000    4.3880207188e-07    2.1961852789e-08    1.4657922927e-09   -1.0386541039e-06   -2.4201866279e-08    1.0807461325e-07   -9.0973403918e-09   -2.1035810271e-07
  45.2600000    4.6123495643e-07    1.0199535000e-08    6.1371838200e-08   -1.0423616019e-06   -1.9686557281e-08    1.0935316269e-07   -9.0740515938e-09   -2.1089080951e-07
  45.2700000    4.7838714848e-07   -2.4638204839e-09    1.1985744424e-07   -1.0434163434e-06   -1.5097586062e-08    1.1038883926e-07   -9.0557027872e-09   -2.1141968859e-07
  45.2800000    4.9007384227e-07   -1.5820893490e-08    1.7615148870e-07   -1.0417446556e-06   -1.0506298496e-08    1.1114255953e-07   -9.0423501227e-09   -2.1194404098e-07
  45.2900000    4.9618042557e-07   -2.9653645352e-08    2.2951063102e-07   -1.0373089078e-06   -5.9884315932e-09    1.1157728421e-07   -9.0340752870e-09   -2.1246321960e-07
  45.3000000    4.9666313717e-07   -4.3737118929e-08    2.7922915757e-07   -1.0301086661e-06   -1.6224663376e-09    1.1165881548e-07   -9.0310072825e-09   -2.1297661531e-07
  45.3100000    4.9154883141e-07   -5.7843264637e-08    3.2464839492e-07   -1.0201813267e-06    2.5119575113e-09    1.1135658623e-07   -9.0333235896e-09   -2.1348368703e-07
  45.3200000    4.8093369257e-07   -7.1744763973e-08    3.6516542600e-07   -1.0076022038e-06    6.3357863897e-09    1.1064447089e-07   -9.0412456863e-09   -2.1398395441e-07
  45.3300000    4.6498123106e-07   -8.5218939660e-08    4.0024113436e-07   -9.9248407327e-07    9.7722421181e-09    1.0950149905e-07   -9.0550248767e-09   -2.1447699989e-07
  45.3400000    4.4391934461e-07   -9.8051495919e-08    4.2940730297e-07   -9.7497618844e-07    1.2748455629e-08    1.0791257872e-07   -9.0749619678e-09   -2.1496248054e-07
  45.3500000    4.1803674269e-07   -1.1004011855e-07    4.5227287730e-07   -9.5526271989e-07    1.5197050638e-08    1.0586909831e-07   -9.1013817583e-09   -2.1544012728e-07
  45.3600000    3.8767854332e-07   -1.2099780940e-07    4.6852910489e-07   -9.3356074868e-07    1.7057604219e-08    1.0336949821e-07   -9.1346417945e-09   -2.1590973621e-07
  45.3700000    3.5324131311e-07   -1.3075597274e-07    4.7795359704e-07   -9.1011767967e-07    1.8277958191e-08    1.0041967320e-07   -9.1751189616e-09   -2.1637119547e-07
  45.3800000    3.1516757984e-07   -1.3916717772e-07    4.8041330388e-07   -8.8520829762e-07    1.8815348873e-08    9.7033333030e-08   -9.2231915425e-09   -2.1682445750e-07
  45.3900000    2.7393973043e-07   -1.4610753625e-07    4.7586621513e-07   -8.5913127134e-07    1.8637369760e-08    9.3232158976e-08   -9.2792545995e-09   -2.1726956455e-07
  45.4000000    2.3007370066e-07   -1.5147865280e-07    4.6436189735e-07   -8.3220541363e-07    1.7722641811e-08    8.9045893998e-08   -9.3436835647e-09   -2.1770662403e-07
  45.4100000    1.8411206279e-07   -1.5520913802e-07    4.4604080759e-07   -8.0476552745e-07    1.6061333058e-08    8.4512231837e-08   -9.4168389373e-09   -2.1813581790e-07
  45.4200000    1.3661712815e-07   -1.5725565570e-07    4.2113240085e-07   -7.7715801071e-07    1.3655379134e-08    7.9676584179e-08   -9.4990452525e-09   -2.1855740170e-07
  45.4300000    8.8163666195e-08   -1.5760354984e-07    3.8995203469e-07   -7.4973628488e-07    1.0518471733e-08    7.4591670829e-08   -9.5905933108e-09   -2.1897169676e-07
  45.4400000    3.9331673206e-08   -1.5626683141e-07    3.5289678939e-07   -7.2285602197e-07    6.6757942418e-09    6.9316986941e-08   -9.6917144025e-09   -2.1937909016e-07
  45.4500000   -9.3009542591e-09   -1.5328785603e-07    3.1044017355e-07   -6.9687034785e-07    2.1635188375e-09    6.3918106653e-08   -9.8025680076e-09   -2.1978001704e-07
  45.4600000   -5.7165629070e-08   -1.4873634879e-07    2.6312581254e-07   -6.7212499514e-07   -2.9719013038e-09    5.8465809172e-08   -9.9232400968e-09   -2.2017498069e-07
  45.4700000   -1.0371009479e-07   -1.4270810925e-07    2.1156025441e-07   -6.4895355014e-07   -8.6746806875e-09    5.3035129789e-08   -1.0053734530e-08   -2.2056451174e-07
  45.4800000   -1.4840524168e-07   -1.3532323094e-07    1.5640491387e-07   -6.2767281126e-07   -1.4880819508e-08    4.7704246140e-08   -1.0193944109e-08   -2.2094919181e-07
  45.4900000   -1.9075151352e-07   -1.2672377952e-07    9.8367329108e-08   -6.0857834188e-07   -2.1519364394e-08    4.2553279370e-08   -1.0343659194e-08   -2.2132963584e-07
  45.5000000   -2.3028496116e-07   -1.1707131549e-07    3.8191794737e-08   -5.9194029671e-07   -2.8513821149e-08    3.7662993261e-08   -1.0502554765e-08   -2.2170647714e-07
  45.5100000   -2.6658276570e-07   -1.0654386626e-07   -2.3350457090e-08   -5.7799954946e-07   -3.5783644351e-08    3.3113467331e-08   -1.0670183404e-08   -2.2208037648e-07
  45.5200000   -2.9926816772e-07   -9.5332769472e-08   -8.5471424439e-08   -5.6696420489e-07   -4.3245787590e-08    2.8982652290e-08   -1.0845960916e-08   -2.2245200041e-07
  45.5300000   -3.2801474167e-07   -8.3639185910e-08   -1.4737672844e-07   -5.5900655125e-07   -5.0816273718e-08    2.5344977722e-08   -1.1029189827e-08   -2.2282202296e-07
  45.5400000   -3.5255006823e-07   -7.1670496956e-08   -2.0827603581e-07   -5.5426047033e-07   -5.8411763525e-08    2.2269933960e-08   -1.1219023090e-08   -2.2319111679e-07
  45.5500000   -3.7265847984e-07   -5.9636549729e-08   -2.6739343210e-07   -5.5281935692e-07   -6.5951069933e-08    1.9820698351e-08   -1.1414491022e-08   -2.2355994399e-07
  45.5600000   -3.8818311650e-07   -4.7745842546e-08   -3.2397761567e-07   -5.5473463416e-07   -7.3356572646e-08    1.8052794206e-08   -1.1614491139e-08   -2.2392915202e-07
  45.5700000   -3.9902720178e-07   -3.6201834889e-08   -3.7731167894e-07   -5.6001473734e-07   -8.0555540584e-08    1.7012873482e-08   -1.1817805031e-08   -2.2429936986e-07
  45.5800000   -4.0515436986e-07   -2.5199162993e-08   -4.2672246957e-07   -5.6862479533e-07   -8.7481299463e-08    1.6737594431e-08   -1.2023085466e-08   -2.2467119381e-07
  45.5900000   -4.0658823662e-07   -1.4920243794e-08   -4.7158932018e-07   -5.8048684461e-07   -9.4074242620e-08    1.7252628863e-08   -1.2228885259e-08   -2.2504519109e-07
  45.6000000   -4.0341111801e-07   -5.5318990436e-09   -5.1135210078e-07   -5.9548064167e-07   -1.0028262751e-07    1.8571840433e-08   -1.2433658028e-08   -2.2542189531e-07
  45.6100000   -3.9576186964e-07    2.8176604936e-09   -5.4551842811e-07   -6.1344509830e-07   -1.0606321758e-07    2.0696620897e-08   -1.2635775661e-08   -2.2580179924e-07
  45.6200000   -3.8383316383e-07    1.0001430495e-08   -5.7366992177e-07   -6.3418022183e-07   -1.1138166312e-07    2.3615474906e-08   -1.2833537010e-08   -2.2618535173e-07
  45.6300000   -3.6786784991e-07    1.5915912519e-08   -5.9546755426e-07   -6.5744967841e-07   -1.1621268948e-07    2.7303749899e-08   -1.3025196665e-08   -2.2657296442e-07
  45.6400000   -3.4815473716e-07    2.0482930662e-08   -6.1065582340e-07   -6.8298379788e-07   -1.2054009261e-07    3.1723636835e-08   -1.3208972999e-08   -2.2696498377e-07
  45.6500000   -3.2502388633e-07    2.3650929728e-08   -6.1906592259e-07   -7.1048311003e-07   -1.2435644059e-07    3.6824383210e-08   -1.3383068382e-08   -2.2736171925e-07
  45.6600000   -2.9884122563e-07    2.5395756082e-08   -6.2061762613e-07   -7.3962227272e-07   -1.2766271259e-07    4.2542749905e-08   -1.3545701877e-08   -2.2776342976e-07
  45.6700000   -2.7000295527e-07    2.5721025256e-08   -6.1532005662e-07   -7.7005439168e-07   -1.3046761760e-07    4.8803680956e-08   -1.3695108551e-08   -2.2817032408e-07
  45.6800000   -2.3892946536e-07    2.4657676605e-08   -6.0327128991e-07   -8.0141561314e-07   -1.3278683358e-07    5.5521215767e-08   -1.3829591200e-08   -2.2858256010e-07
  45.6900000   -2.0605914164e-07    2.2263308297e-08   -5.8465667129e-07   -8.3333003143e-07   -1.3464210153e-07    6.2599643768e-08   -1.3947521005e-08   -2.2900025286e-07
  45.7000000   -1.7184201276e-07    1.8620706102e-08   -5.5974606662e-07   -8.6541473189e-07   -1.3606018103e-07    6.9934800789e-08   -1.4047360706e-08   -2.2942347077e-07
  45.7100000   -1.3673335023e-07    1.3836045423e-08   -5.2888993717e-07   -8.9728499922e-07   -1.3707173734e-07    7.7415611595e-08   -1.4127700404e-08   -2.2985223515e-07
  45.7200000   -1.0118734244e-07    8.0365350861e-09   -4.9251437584e-07   -9.2855949146e-07   -1.3771021019e-07    8.4925763544e-08   -1.4187270692e-08   -2.3028653163e-07
  45.7300000   -6.5650923882e-08    1.3676413005e-09   -4.5111511276e-07   -9.5886548613e-07   -1.3801061147e-07    9.2345529315e-08   -1.4224963236e-08   -2.3072630443e-07
  45.7400000   -3.0557846290e-08   -6.0099888885e-09   -4.0525065018e-07   -9.8784390714e-07   -1.3800841361e-07    9.9553714478e-08   -1.4239845254e-08   -2.3117146490e-07
  45.7500000    3.6769771030e-09   -1.3924000384e-08   -3.5553453353e-07   -1.0151543062e-06   -1.3773837695e-07    1.0642962510e-07   -1.4231192936e-08   -2.3162189540e-07
  45.7600000    3.6662667506e-08   -2.2193918026e-08   -3.0262693744e-07   -1.0404794829e-06   -1.3723358207e-07    1.1285515903e-07   -1.4198494064e-08   -2.3207745000e-07
  45.7700000    6.8037168347e-08   -3.0635023727e-08   -2.4722564967e-07   -1.0635299109e-06   -1.3652445890e-07    1.1871686603e-07   -1.4141456531e-08   -2.3253796059e-07
  45.7800000    9.7471580246e-08   -3.9062138835e-08   -1.9005658239e-07   -1.0840476741e-06   -1.3563800782e-07    1.2390795568e-07   -1.4060028888e-08   -2.3300323570e-07
  45.7900000    1.2467386620e-07   -4.7293566499e-08   -1.3186395432e-07   -1.1018100700e-06   -1.3459714010e-07    1.2833029531e-07   -1.3954406638e-08   -2.3347306727e-07
  45.8000000    1.4939194411e-07   -5.5154786755e-08   -7.3400238848e-08   -1.1166326925e-06   -1.3342020519e-07    1.3189625783e-07   -1.3825042377e-08   -2.3394724618e-07
  45.8100000    1.7141620218e-07   -6.2482090998e-08   -1.5416079523e-08   -1.1283720086e-06   -1.3212064490e-07    1.3453045739e-07   -1.3672634919e-08   -2.3442554396e-07
  45.8200000    1.9058141367e-07   -6.9125827111e-08    4.1349728780e-08   -1.1369273506e-06   -1.3070689163e-07    1.3617130942e-07   -1.3498135032e-08   -2.3490772767e-07
  45.8300000    2.0676786889e-07   -7.4953526089e-08    9.6180089703e-08   -1.1422423176e-06   -1.2918239973e-07    1.3677237525e-07   -1.3302747086e-08   -2.3539356002e-07
  45.8400000    2.1990189283e-07   -7.9852428086e-08    1.4838901453e-07   -1.1443055879e-06   -1.2754586500e-07    1.3630349524e-07   -1.3087908771e-08   -2.3588280503e-07
  45.8500000    2.2995573825e-07   -8.3731667410e-08    1.9733065579e-07   -1.1431511025e-06   -1.2579163055e-07    1.3475164036e-07   -1.2855293159e-08   -2.3637523294e-07
  45.8600000    2.3694664908e-07   -8.6523994867e-08    2.4240769459e-07   -1.1388575707e-06   -1.2391021361e-07    1.3212150557e-07   -1.2606785064e-08   -2.3687060535e-07
  45.8700000    2.4093550970e-07   -8.8186955780e-08    2.8307901564e-07   -1.1315473751e-06   -1.2188899497e-07    1.2843578034e-07   -1.2344469287e-08   -2.3736869647e-07
  45.8800000    2.4202463156e-07   -8.8703482336e-08    3.1886655483e-07   -1.1213849224e-06   -1.1971300560e-07    1.2373513200e-07   -1.2070607696e-08   -2.3786928496e-07
  45.8900000    2.4035508949e-07   -8.8082046266e-08    3.4936129031e-07   -1.1085742732e-06   -1.1736582253e-07    1.1807788667e-07   -1.1787611319e-08   -2.3837215082e-07
  45.9000000    2.3610344531e-07   -8.6356170515e-08    3.7422816790e-07   -1.0933563266e-06   -1.1483047154e-07    1.1153933697e-07   -1.1498029306e-08   -2.3887708015e-07
  45.9100000    2.2947801642e-07   -8.3583501505e-08    3.9321002821e-07   -1.0760054096e-06   -1.1209041916e-07    1.0421080542e-07   -1.1204515779e-08   -2.3938386083e-07
  45.9200000    2.2071453664e-07   -7.9844297668e-08    4.0613042488e-07   -1.0568254142e-06   -1.0913054422e-07    9.6198365515e-08   -1.0909783317e-08   -2.3989228951e-07
  45.9300000    2.1007158779e-07   -7.5239548712e-08    4.1289525939e-07   -1.0361455274e-06   -1.0593805245e-07    8.7621302279e-08   -1.0616600721e-08   -2.4040215940e-07
  45.9400000    1.9782562378e-07   -6.9888619149e-08    4.1349335187e-07   -1.0143155337e-06   -1.0250336927e-07    7.8610270889e-08   -1.0327740972e-08   -2.4091327067e-07
  45.9500000    1.8426576030e-07   -6.3926580477e-08    4.0799575403e-07   -9.9170087756e-07   -9.8820905363e-08    6.9305278760e-08   -1.0045954711e-08   -2.4142542004e-07
  45.9600000    1.6968841082e-07   -5.7501215447e-08    3.9655401494e-07   -9.6867747920e-07   -9.4889727667e-08    5.9853406221e-08   -9.7739381847e-09   -2.4193839382e-07
  45.9700000    1.5439181422e-07   -5.0769803956e-08    3.7939728315e-07   -9.4562636387e-07   -9.0714122520e-08    5.0406384566e-08   -9.5142952515e-09   -2.4245198343e-07
  45.9800000    1.3867060343e-07   -4.3895807467e-08    3.5682836708e-07   -9.2292821025e-07   -8.6303919197e-08    4.1118049219e-08   -9.2695129340e-09   -2.4296596393e-07
  45.9900000    1.2281050388e-07   -3.7045362966e-08    3.2921881901e-07   -9.0095793311e-07   -8.1674721894e-08    3.2141685883e-08   -9.0419233272e-09   -2.4348010991e-07
  46.0000000    1.0708319427e-07   -3.0383880863e-08    2.9700309071e-07   -8.8007928428e-07   -7.6847944082e-08    2.3627367554e-08   -8.8336818438e-09   -2.4399418237e-07
  46.0100000    9.1741476882e-08   -2.4072604691e-08    2.6067189486e-07   -8.6063965677e-07   -7.1850619775e-08    1.5719270464e-08   -8.6467291314e-09   -2.4450792203e-07
  46.0200000    7.7014917104e-08   -1.8265313340e-08    2.2076478869e-07   -8.4296501862e-07   -6.6715082492e-08    8.5530420109e-09   -8.4827747203e-09   -2.4502106332e-07
  46.0300000    6.3105885879e-08   -1.3105334705e-08    1.7786221621e-07   -8.2735524920e-07   -6.1478427713e-08    2.2533063364e-09   -8.3432708663e-09   -2.4553331949e-07
  46.0400000    5.0186221549e-08   -8.7225598459e-09    1.3257702730e-07   -8.1407976704e-07   -5.6181838380e-08   -3.0687180492e-09   -8.2293881305e-09   -2.4604439543e-07
  46.0500000    3.8394507035e-08   -5.2310390675e-09    8.5545655287e-08   -8.0337361215e-07   -5.0869726553e-08   -7.3173822781e-09   -8.1420090885e-09   -2.4655396604e-07
  46.0600000    2.7834045468e-08   -2.7266528178e-09    3.7419063919e-08   -7.9543398854e-07   -4.5588801276e-08   -1.0414568479e-08   -8.0817036365e-09   -2.4706169679e-07
  46.0700000    1.8571644959e-08   -1.2853425571e-09   -1.1146382073e-08   -7.9041735855e-07   -4.0386983946e-08   -1.2301303731e-08   -8.0487315973e-09   -2.4756723693e-07
  46.0800000    1.0637090081e-08   -9.6163405572e-10   -5.9498014322e-08   -7.8843712898e-07   -3.5312259299e-08   -1.2939155185e-08   -8.0430242616e-09   -2.4807020553e-07
  46.0900000    4.0235033613e-09   -1.7876743772e-09   -1.0699579312e-07   -7.8956191343e-07   -3.0411513733e-08   -1.2311216066e-08   -8.0642072585e-09   -2.4857022820e-07
  46.1000000   -1.3115554575e-09   -3.7726316861e-09   -1.5302088075e-07   -7.9381445628e-07   -2.5729318933e-08   -1.0422751789e-08   -8.1115757849e-09   -2.4906690217e-07
  46.1100000   -5.4441365490e-09   -6.9025304101e-09   -1.9698385855e-07   -8.0117121825e-07   -2.1306778861e-08   -7.3014565082e-09   -8.1841228094e-09   -2.4955982328e-07
  46.1200000   -8.4813480437e-09   -1.1140611029e-08   -2.3833233176e-07   -8.1156261019e-07   -1.7180417761e-08   -2.9973164088e-09   -8.2805385976e-09   -2.5004856665e-07
  46.1300000   -1.0557873475e-08   -1.6427969419e-08   -2.7655791107e-07   -8.2487392798e-07   -1.3381169225e-08    2.4179167767e-09   -8.3992350499e-09   -2.5053271675e-07
  46.1400000   -1.1832148238e-08   -2.2684736994e-08   -3.1120245855e-07   -8.4094686461e-07   -9.9334684116e-09    8.8516868991e-09   -8.5383627205e-09   -2.5101185199e-07
  46.1500000   -1.2481757940e-08   -2.9811563143e-08   -3.4186349902e-07   -8.5958172985e-07   -6.8545181800e-09    1.6191898524e-08   -8.6958275211e-09   -2.5148555340e-07
  46.1600000   -1.2698491328e-08   -3.7691433612e-08   -3.6819871471e-07   -8.8054025795e-07   -4.1537312996e-09    2.4308677881e-08   -8.8693321224e-09   -2.5195341691e-07
  46.1700000   -1.2683157415e-08   -4.6191864237e-08   -3.8992953124e-07   -9.0354893812e-07   -1.8323625779e-09    3.3056355579e-08   -9.0563903215e-09   -2.5241504259e-07
  46.1800000   -1.2640007456e-08   -5.5167297501e-08   -4.0684368106e-07   -9.2830290896e-07    1.1664228053e-10    4.2275846129e-08   -9.2543707428e-09   -2.5287005392e-07
  46.1900000   -1.2771224214e-08   -6.4461780103e-08   -4.1879678865e-07   -9.5447027578e-07    1.7085695223e-09    5.1797266460e-08   -9.4605294721e-09   -2.5331809982e-07
  46.2000000   -1.3271335115e-08   -7.3911826632e-08   -4.2571293952e-07   -9.8169684975e-07    2.9666158148e-09    6.1442803291e-08   -9.6720409369e-09   -2.5375885850e-07
  46.2100000   -1.4321897001e-08   -8.3349331423e-08   -4.2758422913e-07   -1.0096112324e-06    3.9213945671e-09    7.1029798231e-08   -9.8860426344e-09   -2.5419203717e-07
  46.2200000   -1.6086364996e-08   -9.2604626438e-08   -4.2446937089e-07   -1.0378301336e-06    4.6101467098e-09    8.0373886050e-08   -1.0099660845e-08   -2.5461738659e-07
  46.2300000   -1.8705497328e-08   -1.0150961915e-07   -4.1649134903e-07   -1.0659638633e-06    5.0757916959e-09    8.9292321061e-08   -1.0310065501e-08   -2.5503470157e-07
  46.2400000   -2.2293182315e-08   -1.0990074858e-07   -4.0383421232e-07   -1.0936219814e-06    5.3657770490e-09    9.7607247556e-08   -1.0514505868e-08   -2.5544382803e-07
  46.2500000   -2.6932870860e-08   -1.1762201661e-07   -3.8673904601e-07   -1.1204189067e-06    5.5307849806e-09    1.0514895229e-07   -1.0710335606e-08   -2.5584465718e-07
  46.2600000   -3.2674796495e-08   -1.2452783439e-07   -3.6549923845e-07   -1.1459794926e-06    5.6232787055e-09    1.1175903780e-07   -1.0895055571e-08   -2.5623714456e-07
  46.2700000   -3.9533855497e-08   -1.3048565199e-07   -3.4045512282e-07   -1.1699444840e-06    5.6959910132e-09    1.1729345354e-07   -1.1066360204e-08   -2.5662130247e-07
  46.2800000   -4.7488380505e-08   -1.3537840642e-07   -3.1198805087e-07   -1.1919757018e-06    5.8003092069e-09    1.2162526301e-07   -1.1222152523e-08   -2.5699720320e-07
  46.2900000   -5.6479756579e-08   -1.3910669727e-07   -2.8051407299e-07   -1.2117609791e-06    5.9846978926e-09    1.2464721216e-07   -1.1360569159e-08   -2.5736498095e-07
  46.3000000   -6.6412819256e-08   -1.4159064078e-07   -2.4647727610e-07   -1.2290187060e-06    6.2931002157e-09    1.2627392076e-07   -1.1480029243e-08   -2.5772482956e-07
  46.3100000   -7.7157241899e-08   -1.4277137188e-07   -2.1034294596e-07   -1.2435019213e-06    6.7634459117e-09    1.2644376152e-07   -1.1579235286e-08   -2.5807701239e-07
  46.3200000   -8.8549628529e-08   -1.4261218822e-07   -1.7259062601e-07   -1.2550019643e-06    7.4262268230e-09    1.2512031570e-07   -1.1657203328e-08   -2.5842185309e-07
  46.3300000   -1.0039649485e-07   -1.4109927831e-07   -1.3370720237e-07   -1.2633514930e-06    8.3032771075e-09    1.2229340859e-07   -1.1713267364e-08   -2.5875973032e-07
  46.3400000   -1.1247785323e-07   -1.3824206633e-07   -9.4180110506e-08   -1.2684269886e-06    9.4067136422e-09    1.1797968037e-07   -1.1747089256e-08   -2.5909108688e-07
  46.3500000   -1.2455159669e-07   -1.3407312003e-07   -5.4490811435e-08   -1.2701505651e-06    1.0738090058e-08    1.1222268467e-07   -1.1758670597e-08   -2.5941641146e-07
  46.3600000   -1.3635837226e-07   -1.2864758953e-07   -1.5108547579e-08   -1.2684911788e-06    1.2287839161e-08    1.0509251271e-07   -1.1748343829e-08   -2.5973623810e-07
  46.3700000   -1.4762685967e-07   -1.2204231583e-07    2.3515435998e-08   -1.2634650745e-06    1.4034950890e-08    9.6684908177e-08   -1.1716773763e-08   -2.6005114733e-07
  46.3800000   -1.5807953002e-07   -1.1435446915e-07    6.0953190667e-08   -1.2551356549e-06    1.5946978070e-08    8.7119950168e-08   -1.1664938763e-08   -2.6036175664e-07
  46.3900000   -1.6743848370e-07   -1.0569986418e-07    9.6804810505e-08   -1.2436125653e-06    1.7980325242e-08    7.6540234567e-08   -1.1594130684e-08   -2.6066870228e-07
  46.4000000   -1.7543153238e-07   -9.6210844898e-08    1.3070254424e-07   -1.2290501806e-06    2.0080854663e-08    6.5108668928e-08   -1.1505918124e-08   -2.6097265356e-07
  46.4100000   -1.8179821717e-07   -8.6033993754e-08    1.6231424231e-07   -1.2116453993e-06    2.2184783978e-08    5.3005807603e-08   -1.1402128911e-08   -2.6127427040e-07
  46.4200000   -1.8629562728e-07   -7.5327425828e-08    1.9134615818e-07   -1.1916348447e-06    2.4219876515e-08    4.0426909417e-08   -1.1284833296e-08   -2.6157424423e-07
  46.4300000   -1.8870400693e-07   -6.4257991405e-08    2.1754500791e-07   -1.1692914749e-06    2.6106915633e-08    2.7578627594e-08   -1.1156297960e-08   -2.6187323059e-07
  46.4400000   -1.8883197649e-07   -5.2998306892e-08    2.4069934342e-07   -1.1449206943e-06    2.7761383344e-08    1.4675470152e-08   -1.1018960733e-08   -2.6217188695e-07
  46.4500000   -1.8652127099e-07   -4.1723645251e-08    2.6064024198e-07   -1.1188559498e-06    2.9095396275e-08    1.9360788697e-09   -1.0875400389e-08   -2.6247083408e-07
  46.4600000   -1.8165081782e-07   -3.0608834734e-08    2.7724134730e-07   -1.0914539659e-06    3.0019738410e-08   -1.0420629732e-08   -1.0728269989e-08   -2.6277066157e-07
  46.4700000   -1.7414022052e-07   -1.9825240388e-08    2.9041823647e-07   -1.0630896175e-06    3.0446098411e-08   -2.2179354017e-08   -1.0580303871e-08   -2.6307191940e-07
  46.4800000   -1.6395246821e-07   -9.5377012996e-09    3.0012726113e-07   -1.0341505692e-06    3.0289313919e-08   -3.3132346333e-08   -1.0434223930e-08   -2.6337509110e-07
  46.4900000   -1.5109573051e-07    9.8175273353e-11    3.0636383172e-07   -1.0050316861e-06    2.9469646978e-08   -4.3083189135e-08   -1.0292744971e-08   -2.6368060786e-07
  46.5000000   -1.3562446138e-07    8.9386651197e-09    3.0916024667e-07   -9.7612940900e-07    2.7915057741e-08   -5.1850474298e-08   -1.0158499573e-08   -2.6398882960e-07
  46.5100000   -1.1763947376e-07    1.6854197777e-08    3.0858315002e-07   -9.4783604312e-07    2.5563322167e-08   -5.9271226669e-08   -1.0034020458e-08   -2.6430003463e-07
  46.5200000   -9.7287201307e-08    2.3731387741e-08    3.0473063960e-07   -9.2053418156e-07    2.2364091490e-08   -6.5204060398e-08   -9.9216888932e-09   -2.6461442718e-07
  46.5300000   -7.4758047845e-08    2.9474648933e-08    2.9772915338e-07   -8.9459123110e-07    1.8280642127e-08   -6.9531967545e-08   -9.8237020402e-09   -2.6493211915e-07
  46.5400000   -5.0283913370e-08    3.4007472987e-08    2.8773017177e-07   -8.7035413057e-07    1.3291486102e-08   -7.2164719762e-08   -9.7420394954e-09   -2.6525313262e-07
  46.5500000   -2.4134877147e-08    3.7273318006e-08    2.7490688304e-07   -8.4814447497e-07    7.3916271592e-09   -7.3040822933e-08   -9.6784394590e-09   -2.6557739318e-07
  46.5600000    3.3848598652e-09    3.9235955256e-08    2.5945076285e-07   -8.2825393042e-07    5.9349442622e-10   -7.2128936549e-08   -9.6343558885e-09   -2.6590473828e-07
  46.5700000    3.1941681347e-08    3.9879635990e-08    2.4156825113e-07   -8.1094007177e-07   -7.0724762020e-09   -6.9428830595e-08   -9.6109472966e-09   -2.6623490603e-07
  46.5800000    6.1177833839e-08    3.9208669026e-08    2.2147754662e-07   -7.9642281238e-07   -1.5557635392e-08   -6.4971735380e-08   -9.6090580002e-09   -2.6656753900e-07
  46.5900000    9.0717199935e-08    3.7246710302e-08    1.9940556477e-07   -7.8488128214e-07   -2.4795352110e-08   -5.8820166020e-08   -9.6292018015e-09   -2.6690219786e-07
  46.6000000    1.2017139322e-07    3.4035696720e-08    1.7558510690e-07   -7.7645137667e-07   -3.4701592482e-08   -5.1067181056e-08   -9.6715516653e-09   -2.6723835659e-07
  46.6100000    1.4914613563e-07    2.9634512152e-08    1.5025234069e-07   -7.7122384562e-07   -4.5175986481e-08   -4.1835052734e-08   -9.7359381456e-09   -2.6757540394e-07
  46.6200000    1.7724768080e-07    2.4117283888e-08    1.2364449433e-07   -7.6924313136e-07   -5.6103192310e-08   -3.1273441281e-08   -9.8218477022e-09   -2.6791265984e-07
  46.6300000    2.0408926846e-07    1.7571646538e-08    9.5997924505e-08   -7.7050679782e-07   -6.7354700794e-08   -1.9557020773e-08   -9.9284324092e-09   -2.6824938334e-07
  46.6400000    2.2929738007e-07    1.0096698813e-08    6.7546507855e-08   -7.7496568841e-07   -7.8790946684e-08   -6.8826438033e-09   -1.0054524911e-08   -2.6858477526e-07
  46.6500000    2.5251778903e-07    1.8009509291e-09    3.8520283183e-08   -7.8252468318e-07   -9.0263738183e-08    6.5339010418e-09   -1.0198650102e-08   -2.6891799575e-07
  46.6600000    2.7342116385e-07   -7.1997814490e-09    9.1444969258e-09   -7.9304420591e-07   -1.0161890526e-07    2.0461570911e-08   -1.0359041425e-08   -2.6924817436e-07
  46.6700000    2.9170821699e-07   -1.6784538657e-08   -2.0361125812e-08   -8.0634228216e-07   -1.1269916877e-07    3.4657968482e-08   -1.0533679269e-08   -2.6957442115e-07
  46.6800000    3.0711421374e-07   -2.6829156964e-08   -4.9782829689e-08   -8.2219722958e-07   -1.2334716732e-07    4.8873574409e-08   -1.0720314077e-08   -2.6989583845e-07
  46.6900000    3.1941288552e-07   -3.7208321971e-08   -7.8913031155e-08   -8.4035092086e-07   -1.3340850526e-07    6.2856080782e-08   -1.0916501798e-08   -2.7021153326e-07
  46.7000000    3.2841953450e-07   -4.7797231763e-08   -1.0755037155e-07   -8.6051252289e-07   -1.4273485265e-07    7.6354871294e-08   -1.1119630575e-08   -2.7052064442e-07
  46.7100000    3.3399348156e-07   -5.8473321011e-08   -1.3549961005e-07   -8.8236273517e-07   -1.5118697723e-07    8.9125471182e-08   -1.1326972314e-08   -2.7082233480e-07
  46.7200000    3.3603954693e-07   -6.9117563129e-08   -1.6257139872e-07   -9.0555838477e-07   -1.5863761300e-07    1.0093394376e-07   -1.1535728104e-08   -2.7111582585e-07
  46.7300000    3.3450883714e-07   -7.9615766595e-08   -1.8858207874e-07   -9.2973736841e-07   -1.6497418938e-07    1.1156114601e-07   -1.1743046755e-08   -2.7140039346e-07
  46.7400000    3.2939873162e-07   -8.9859500636e-08   -2.1335345337e-07   -9.5452385608e-07   -1.7010125565e-07    1.2080675096e-07   -1.1946093348e-08   -2.7167539458e-07
  46.7500000    3.2075202604e-07   -9.9746837583e-08   -2.3671258734e-07   -9.7953365033e-07   -1.7394260374e-07    1.2849296131e-07   -1.2142079169e-08   -2.7194027553e-07
  46.7600000    3.0865545776e-07   -1.0918294958e-07   -2.5849179505e-07   -1.0043796858e-06   -1.7644302604e-07    1.3446786359e-07   -1.2328311888e-08   -2.7219457336e-07
  46.7700000    2.9323744678e-07   -1.1808047112e-07   -2.7852870752e-07   -1.0286775305e-06   -1.7756965705e-07    1.3860833161e-07   -1.2502228556e-08   -2.7243793974e-07
  46.7800000    2.7466538589e-07   -1.2635966860e-07   -2.9666656272e-07   -1.0520508473e-06   -1.7731287152e-07    1.4082242157e-07   -1.2661439921e-08   -2.7267014929e-07
  46.7900000    2.5314229930e-07   -1.3394856009e-07   -3.1275470020e-07   -1.0741367408e-06   -1.7568668591e-07    1.4105128626e-07   -1.2803757867e-08   -2.7289109156e-07
  46.8000000    2.2890319994e-07   -1.4078283305e-07   -3.2664929123e-07   -1.0945908934e-06   -1.7272869025e-07    1.3927044010e-07   -1.2927251526e-08   -2.7310079420e-07
  46.8100000    2.0221112994e-07   -1.4680575116e-07   -3.3821434041e-07   -1.1130924159e-06   -1.6849948349e-07    1.3549046596e-07   -1.3030256919e-08   -2.7329941453e-07
  46.8200000    1.7335293851e-07   -1.5196801223e-07   -3.4732286876e-07   -1.1293484348e-06   -1.6308159352e-07    1.2975705914e-07   -1.3111405530e-08   -2.7348725269e-07
  46.8300000    1.4263497694e-07   -1.5622753672e-07   -3.5385843784e-07   -1.1430981696e-06   -1.5657795345e-07    1.2215050216e-07   -1.3169653212e-08   -2.7366474927e-07
  46.8400000    1.1037878374e-07   -1.5954933722e-07   -3.5771682828e-07   -1.1541166858e-06   -1.4910992549e-07    1.1278441593e-07   -1.3204288707e-08   -2.7383247305e-07
  46.8500000    7.6916890611e-08   -1.6190536064e-07   -3.5880794861e-07   -1.1622180465e-06   -1.4081488896e-07    1.0180400838e-07   -1.3214950560e-08   -2.7399112895e-07
  46.8600000    4.2588656069e-08   -1.6327447257e-07   -3.5705789998e-07   -1.1672579746e-06   -1.3184352491e-07    8.9383692814e-08   -1.3201636389e-08   -2.7414155615e-07
  46.8700000    7.7364775749e-09   -1.6364239148e-07   -3.5241115013e-07   -1.1691359465e-06   -1.2235673707e-07    7.5724155285e-08   -1.3164684084e-08   -2.7428470655e-07
  46.8800000   -2.7297844264e-08   -1.6300173842e-07   -3.4483280585e-07   -1.1677966737e-06   -1.1252238264e-07    6.1048968697e-08   -1.3104791101e-08   -2.7442164691e-07
  46.8900000   -6.2176423246e-08   -1.6135219150e-07   -3.3431084132e-07   -1.1632309783e-06   -1.0251181594e-07    4.5600742779e-08   -1.3022991460e-08   -2.7455354078e-07
  46.9000000   -9.6568194782e-08   -1.5870061124e-07   -3.2085830704e-07   -1.1554760066e-06   -9.2496336555e-08    2.9636929489e-08   -1.2920635982e-08   -2.7468164483e-07
  46.9100000   -1.3015158053e-07   -1.5506125009e-07   -3.0451542015e-07   -1.1446148928e-06   -8.2643613394e-08    1.3425342804e-08   -1.2799377794e-08   -2.7480728773e-07
  46.9200000   -1.6261673926e-07   -1.5045600131e-07   -2.8535141417e-07   -1.1307757418e-06   -7.3114217788e-08   -2.7605527231e-09   -1.2661147847e-08   -2.7493185552e-07
  46.9300000   -1.9366751445e-07   -1.4491465687e-07   -2.6346616886e-07   -1.1141300560e-06   -6.4058237330e-08   -1.8646479482e-08   -1.2508120753e-08   -2.7505677439e-07
  46.9400000   -2.2302309418e-07   -1.3847503943e-07   -2.3899149498e-07   -1.0948905353e-06   -5.5612134250e-08   -3.3962176946e-08   -1.2342679015e-08   -2.7518350907e-07
  46.9500000   -2.5041946806e-07   -1.3118319485e-07   -2.1209201457e-07   -1.0733084001e-06   -4.7895909514e-08   -4.8446271065e-08   -1.2167378340e-08   -2.7531351705e-07
  46.9600000   -2.7561052081e-07   -1.2309344890e-07   -1.8296558330e-07   -1.0496701551e-06   -4.1010586111e-08   -6.1850915407e-08   -1.1984914019e-08   -2.7544824590e-07
  46.9700000   -2.9836911955e-07   -1.1426842319e-07   -1.5184321725e-07   -1.0242939163e-06   -3.5036133589e-08   -7.3946274906e-08   -1.1798058176e-08   -2.7558912276e-07
  46.9800000   -3.1848793764e-07   -1.0477879364e-07   -1.1898846911e-07   -9.9752530909e-07   -3.0029850957e-08   -8.4524679928e-08   -1.1609642349e-08   -2.7573751529e-07
  46.9900000   -3.3578029868e-07   -9.4703102723e-08   -8.4696206740e-08   -9.6973299892e-07   -2.6025228432e-08   -9.3404389359e-08   -1.1422491406e-08   -2.7589472494e-07
  47.0000000   -3.5008096032e-07   -8.4127266262e-08   -4.9290780065e-08   -9.4130399135e-07   -2.3031356323e-08   -1.0043296500e-07   -1.1239391770e-08   -2.7606197478e-07
  47.0100000   -3.6124689186e-07   -7.3143973067e-08   -1.3123587402e-08   -9.1263858350e-07   -2.1032890290e-08   -1.0549004032e-07   -1.1063030682e-08   -2.7624038392e-07
  47.0200000   -3.6915801193e-07   -6.1851966442e-08    2.3429972001e-08   -8.8414524907e-07   -1.9990540739e-08   -1.0848960236e-07   -1.0895973552e-08   -2.7643094781e-07
  47.0300000   -3.7371812563e-07   -5.0355078066e-08    5.9974158928e-08   -8.5623531006e-07   -1.9842121477e-08   -1.0938164172e-07   -1.0740614661e-08   -2.7663453552e-07
  47.0400000   -3.7485578293e-07   -3.8761263477e-08    9.6097115807e-08   -8.2931765910e-07   -2.0504124926e-08   -1.0815314741e-07   -1.0599132688e-08   -2.7685186599e-07
  47.0500000   -3.7252523313e-07   -2.7181419722e-08    1.3137560449e-07   -8.0379345738e-07   -2.1873770746e-08   -1.0482847455e-07   -1.0473457961e-08   -2.7708350080e-07
  47.0600000   -3.6670738963e-07   -1.5728112126e-08    1.6538019498e-07   -7.8005094415e-07   -2.3831526224e-08   -9.9469003678e-08   -1.0365256353e-08   -2.7732983988e-07
  47.0700000   -3.5741087961e-07   -4.5143257020e-09    1.9768092191e-07   -7.5846036981e-07   -2.6243970310e-08   -9.2172191791e-08   -1.0275876680e-08   -2.7759110033e-07
  47.0800000   -3.4467296706e-07    6.3479592497e-09    2.2785312316e-07   -7.3936916952e-07   -2.8967062457e-08   -8.3069931577e-08   -1.0206347977e-08   -2.7786732531e-07
  47.0900000   -3.2856043748e-07    1.6749056630e-08    2.5548365779e-07   -7.2309740725e-07   -3.1849587410e-08   -7.2326298519e-08   -1.0157359512e-08   -2.7815837300e-07
  47.1000000   -3.0917041485e-07    2.6582941228e-08    2.8017710550e-07   -7.0993355390e-07   -3.4736842379e-08   -6.0134754632e-08   -1.0129240530e-08   -2.7846391884e-07
  47.1100000   -2.8663086749e-07    3.5748423594e-08    3.0156209038e-07   -7.0013063970e-07   -3.7474377945e-08   -4.6714751094e-08   -1.0121968618e-08   -2.7878345361e-07
  47.1200000   -2.6110102859e-07    4.4150459989e-08    3.1929748229e-07   -6.9390281270e-07   -3.9911790259e-08   -3.2307950378e-08   -1.0135158290e-08   -2.7911629063e-07
  47.1300000   -2.3277135241e-07    5.1701081349e-08    3.3307832554e-07   -6.9142239655e-07   -4.1906415902e-08   -1.7173967897e-08   -1.0168070725e-08   -2.7946157591e-07
  47.1400000   -2.0186325318e-07    5.8320428134e-08    3.4264154720e-07   -6.9281745455e-07   -4.3326846720e-08   -1.5858457002e-09   -1.0219629485e-08   -2.7981828266e-07
  47.1500000   -1.6862837642e-07    6.3937467899e-08    3.4777116591e-07   -6.9816983840e-07   -4.4056273683e-08    1.4174772402e-08   -1.0288430492e-08   -2.8018523853e-07
  47.1600000   -1.3334736787e-07    6.8490629370e-08    3.4830300166e-07   -7.0751383447e-07   -4.3995447962e-08    2.9822572090e-08   -1.0372778582e-08   -2.8056112527e-07
  47.1700000   -9.6328309435e-08    7.1928334246e-08    3.4412869933e-07   -7.2083538630e-07   -4.3065296242e-08    4.5073587965e-08   -1.0470699206e-08   -2.8094451216e-07
  47.1800000   -5.7904477030e-08    7.4209284520e-08    3.3519906696e-07   -7.3807184370e-07   -4.1209056956e-08    5.9650225012e-08   -1.0579982310e-08   -2.8133384405e-07
  47.1900000   -1.8431689789e-08    7.5302672681e-08    3.2152657588e-07   -7.5911237857e-07   -3.8393938237e-08    7.3286135709e-08   -1.0698207369e-08   -2.8172748721e-07
  47.2000000    2.1714826254e-08    7.5188257646e-08    3.0318696615e-07   -7.8379890770e-07   -3.4612234549e-08    8.5730915054e-08   -1.0822797281e-08   -2.8212373473e-07
  47.2100000    6.2144163165e-08    7.3856314081e-08    2.8031995726e-07   -8.1192764143e-07   -2.9881876021e-08    9.6754514423e-08   -1.0951055771e-08   -2.8252081790e-07
  47.2200000    1.0245370772e-07    7.1307545938e-08    2.5312891097e-07   -8.4325114980e-07   -2.4246365272e-08    1.0615126570e-07   -1.1080204839e-08   -2.8291695508e-07
  47.2300000    1.4223374482e-07    6.7552952820e-08    2.2187959336e-07   -8.7748099924e-07   -1.7774159130e-08    1.1374352903e-07   -1.1207443890e-08   -2.8331034999e-07
  47.2400000    1.8107220488e-07    6.2613522095e-08    1.8689782155e-07   -9.1429087074e-07   -1.0557470837e-08    1.1938476372e-07   -1.1329987808e-08   -2.8369921833e-07
  47.2500000    2.1855977374e-07    5.6520111270e-08    1.4856623419e-07   -9.5332017306e-07   -2.7104953295e-09    1.2296213259e-07   -1.1445112193e-08   -2.8408181258e-07
  47.2600000    2.5429498884e-07    4.9313184465e-08    1.0732000901e-07   -9.9417805198e-07    5.6328719546e-09    1.2439842271e-07   -1.1550214969e-08   -2.8445644409e-07
  47.2700000    2.8788966893e-07    4.1042636108e-08    6.3641749132e-08   -1.0364478424e-06    1.4321784631e-08    1.2365339418e-07   -1.1642835381e-08   -2.8482150562e-07
  47.2800000    3.1897402819e-07    3.1767632653e-08    1.8055460242e-08   -1.0796918194e-06    2.3191590133e-08    1.2072445243e-07   -1.1720721801e-08   -2.8517548014e-07
  47.2900000    3.4720182106e-07    2.1556449018e-08   -2.8880189481e-08   -1.1234562644e-06    3.2067341251e-08    1.1564665205e-07   -1.1781863642e-08   -2.8551696912e-07
  47.3000000    3.7225521427e-07    1.0486369087e-08   -7.6579256616e-08   -1.1672767330e-06    4.0767563588e-08    1.0849204372e-07   -1.1824505731e-08   -2.8584471245e-07
  47.3100000    3.9384922582e-07   -1.3564458882e-09   -1.2443654016e-07   -1.2106835415e-06    4.9108190692e-08    9.9368354903e-08   -1.1847213601e-08   -2.8615760088e-07
  47.3200000    4.1173584230e-07   -1.3876984365e-08   -1.7183590883e-07   -1.2532073103e-06    5.6906603833e-08    8.8417083297e-08   -1.1848874430e-08   -2.8645468422e-07
  47.3300000    4.2570750033e-07   -2.6971627883e-08   -2.1815903175e-07   -1.2943846046e-06    6.3985685148e-08    7.5810953310e-08   -1.1828729344e-08   -2.8673518712e-07
  47.3400000    4.3560004087e-07   -4.0528289464e-08   -2.6279419622e-07   -1.3337635285e-06    7.0177765140e-08    6.1750870189e-08   -1.1786376253e-08   -2.8699851973e-07
  47.3500000    4.4129496920e-07   -5.4426674219e-08   -3.0514520723e-07   -1.3709092322e-06    7.5328395778e-08    4.6462375860e-08   -1.1721803934e-08   -2.8724428163e-07
  47.3600000    4.4272095669e-07   -6.8538739798e-08   -3.4464009296e-07   -1.4054092897e-06    7.9299870423e-08    3.0191681404e-08   -1.1635367041e-08   -2.8747227200e-07
  47.3700000    4.3985474329e-07   -8.2729223718e-08   -3.8073955281e-07   -1.4368788604e-06    8.1974384219e-08    1.3201359465e-08   -1.1527801950e-08   -2.8768248564e-07
  47.3800000    4.3272111975e-07   -9.6856407320e-08   -4.1294506311e-07   -1.4649655636e-06    8.3256811861e-08   -4.2342317726e-09   -1.1400192657e-08   -2.8787511017e-07
  47.3900000    4.2139226478e-07   -1.1077308203e-07   -4.4080631647e-07   -1.4893540170e-06    8.3076968613e-08   -2.1833712742e-08   -1.1254008972e-08   -2.8805054067e-07
  47.4000000    4.0598631071e-07   -1.2432772923e-07   -4.6392808561e-07   -1.5097699991e-06    8.1391356250e-08   -3.9313538137e-08   -1.1091012676e-08   -2.8820934661e-07
  47.4100000    3.8666526340e-07   -1.3736603604e-07   -4.8197626415e-07   -1.5259841330e-06    7.8184348992e-08   -5.6392866974e-08   -1.0913284339e-08   -2.8835228189e-07
  47.4200000    3.6363226657e-07   -1.4973252507e-07   -4.9468302221e-07   -1.5378151066e-06    7.3468740170e-08   -7.2798380172e-08   -1.0723168132e-08   -2.8848028090e-07
  47.4300000    3.3712831169e-07   -1.6127260038e-07   -5.0185094181e-07   -1.5451323096e-06    6.7285732229e-08   -8.8268895982e-08   -1.0523237733e-08   -2.8859442545e-07
  47.4400000    3.0742844120e-07   -1.7183467926e-07   -5.0335619563e-07   -1.5478579418e-06    5.9704240763e-08   -1.0255978881e-07   -1.0316263783e-08   -2.8869595159e-07
  47.4500000    2.7483766506e-07   -1.8127264409e-07   -4.9915053208e-07   -1.5459684235e-06    5.0819650873e-08   -1.1544704246e-07   -1.0105148454e-08   -2.8878621260e-07
  47.4600000    2.3968643526e-07   -1.8944839379e-07   -4.8926220066e-07   -1.5394952631e-06    4.0751936161e-08   -1.2673096515e-07   -9.8929099369e-09   -2.8886668538e-07
  47.4700000    2.0232605718e-07   -1.9623451130e-07   -4.7379564376e-07   -1.5285251717e-06    2.9643324625e-08   -1.3623944423e-07   -9.6826007426e-09   -2.8893893544e-07
  47.4800000    1.6312400466e-07   -2.0151701976e-07   -4.5293012665e-07   -1.5131995472e-06    1.7655392396e-08   -1.4383065793e-07   -9.4772716822e-09   -2.8900459836e-07
  47.4900000    1.2245916227e-07   -2.0519810700e-07   -4.2691718214e-07   -1.4937133018e-06    4.9657663899e-09   -1.4939527242e-07   -9.2799280722e-09   -2.8906536578e-07
  47.5000000    8.0717294393e-08   -2.0719873135e-07   -3.9607701555e-07   -1.4703129485e-06   -8.2355121297e-09   -1.5285806322e-07   -9.0934673814e-09   -2.8912295504e-07
  47.5100000    3.8286618028e-08   -2.0746107006e-07   -3.6079387180e-07   -1.4432940877e-06   -2.1749905034e-08   -1.5417890016e-07   -8.9206286756e-09   -2.8917910435e-07
  47.5200000   -4.4462523696e-09   -2.0595074158e-07   -3.2151044167e-07   -1.4129982386e-06   -3.5374491922e-08   -1.5335313871e-07   -8.7639568409e-09   -2.8923553799e-07
  47.5300000   -4.7100120131e-08   -2.0265856427e-07   -2.7872149620e-07   -1.3798090297e-06   -4.8906168065e-08   -1.5041138335e-07   -8.6257474022e-09   -2.8929393598e-07
  47.5400000   -8.9302509006e-08   -1.9760213886e-07   -2.3296666520e-07   -1.3441478482e-06   -6.2145823558e-08   -1.4541862214e-07   -8.5080099376e-09   -2.8935596089e-07
  47.5500000   -1.3069266478e-07   -1.9082666769e-07   -1.8482270117e-07   -1.3064689433e-06   -7.4902467202e-08   -1.3847282651e-07   -8.4124390084e-09   -2.8942316485e-07
  47.5600000   -1.7092403215e-07   -1.8240539712e-07   -1.3489519795e-07   -1.2672540623e-06   -8.6997123858e-08   -1.2970292815e-07   -8.3403665998e-09   -2.8949704403e-07
  47.5700000   -2.0966629415e-07   -1.7243950939e-07   -8.3809970273e-08   -1.2270066592e-06   -9.8266490587e-08   -1.1926632819e-07   -8.2927477037e-09   -2.8957897632e-07
  47.5800000   -2.4660698404e-07   -1.6105716488e-07   -3.2204177874e-08   -1.1862457769e-06   -1.0856622891e-07   -1.0734592435e-07   -8.2701545345e-09   -2.8967022809e-07
  47.5900000   -2.8145270467e-07   -1.4841218519e-07    1.9282568702e-08   -1.1454996160e-06   -1.1777381864e-07   -9.4146706421e-08   -8.2727167278e-09   -2.8977193648e-07
  47.6000000   -3.1392996636e-07   -1.3468190054e-07    7.0017072751e-08   -1.1052989524e-06   -1.2579093059e-07   -7.9892071538e-08   -8.3001748903e-09   -2.8988508678e-07
  47.6100000   -3.4378574201e-07   -1.2006449027e-07    1.1938119297e-07   -1.0661703668e-06   -1.3254524048e-07   -6.4819798205e-08   -8.3518339743e-09   -2.9001052713e-07
  47.6200000   -3.7078773183e-07   -1.0477570481e-07    1.6678017360e-07   -1.0286295488e-06   -1.3799168039e-07   -4.9177862230e-08   -8.4265943670e-09   -2.9014893496e-07
  47.6300000   -3.9472455277e-07   -8.9045116575e-08    2.1165045509e-07   -9.9317452762e-07   -1.4211306757e-07   -3.3220118470e-08   -8.5229549080e-09   -2.9030083926e-07
  47.6400000   -4.1540565221e-07   -7.3111831772e-08    2.5346697614e-07   -9.6027914810e-07   -1.4492008011e-07   -1.7201931934e-08   -8.6390428664e-09   -2.9046660078e-07
  47.6500000   -4.3266136696e-07   -5.7220012648e-08    2.9174972308e-07   -9.3038674498e-07   -1.4645066003e-07   -1.3758544500e-09   -8.7726302246e-09   -2.9064641607e-07
  47.6600000   -4.4634295798e-07   -4.1614047776e-08    3.2606955977e-07   -9.0390409299e-07   -1.4676874597e-07    1.4012578793e-08   -8.9211757511e-09   -2.9084032422e-07
  47.6700000   -4.5632269651e-07   -2.6533671491e-08    3.5605317754e-07   -8.8119583801e-07   -1.4596247272e-07    2.8728910953e-08   -9.0818486569e-09   -2.9104819914e-07
  47.6800000   -4.6249411600e-07   -1.2208978312e-08    3.8138710234e-07   -8.6257932711e-07   -1.4414178446e-07    4.2553529876e-08   -9.2516030119e-09   -2.9126978480e-07
  47.6900000   -4.6477251647e-07    1.1442914765e-09    4.0182084038e-07   -8.4832004594e-07   -1.4143560532e-07    5.5285132076e-08   -9.4271816763e-09   -2.9150466055e-07
  47.7000000   -4.6309562345e-07    1.3329362283e-08    4.1716893465e-07   -8.3862770680e-07   -1.3798854082e-07    6.6743830321e-08   -9.6052065750e-09   -2.9175228880e-07
  47.7100000   -4.5742451525e-07    2.4172553864e-08    4.2731211408e-07   -8.3365293799e-07   -1.3395728686e-07    7.6773807181e-08   -9.7822093708e-09   -2.9201201161e-07
  47.7200000   -4.4774468931e-07    3.3526952648e-08    4.3219739131e-07   -8.3348481897e-07   -1.2950671812e-07    8.5245543964e-08   -9.9546903830e-09   -2.9228306156e-07
  47.7300000   -4.3406737635e-07    4.1275534254e-08    4.3183726219e-07   -8.3814912466e-07   -1.2480582811e-07    9.2057531851e-08   -1.0119190688e-08   -2.9256458179e-07
  47.7400000   -4.1643110692e-07    4.7333604034e-08    4.2630796051e-07   -8.4760741049e-07   -1.2002359836e-07    9.7137472294e-08   -1.0272329083e-08   -2.9285563532e-07
  47.7500000   -3.9490308565e-07    5.1650412465e-08    4.1574684526e-07   -8.6175701197e-07   -1.1532484723e-07    1.0044294333e-07   -1.0410863239e-08   -2.9315523497e-07
  47.7600000   -3.6958093812e-07    5.4210067526e-08    4.0034896373e-07   -8.8043177698e-07   -1.1086619542e-07    1.0196155706e-07   -1.0531750245e-08   -2.9346233135e-07
  47.7700000   -3.4059413448e-07    5.5031577976e-08    3.8036296376e-07   -9.0340378183e-07   -1.0679224619e-07    1.0171055998e-07   -1.0632196824e-08   -2.9377586535e-07
  47.7800000   -3.0810538218e-07    5.4168061110e-08    3.5608632234e-07   -9.3038579810e-07   -1.0323203832e-07    9.9735925219e-08   -1.0709696205e-08   -2.9409474916e-07
  47.7900000   -2.7231172739e-07    5.1705130175e-08    3.2786004123e-07   -9.6103466696e-07   -1.0029584848e-07    9.6111003296e-08   -1.0762088026e-08   -2.9441791230e-07
  47.8000000   -2.3344539308e-07    4.7758535802e-08    2.9606293710e-07   -9.9495540621e-07   -9.8072472024e-08    9.0934674988e-08   -1.0787589073e-08   -2.9474428793e-07
  47.8100000   -1.9177410290e-07    4.2470979424e-08    2.6110560306e-07   -1.0317060810e-06   -9.6626972875e-08    8.4329121757e-08   -1.0784818066e-08   -2.9507286086e-07
  47.8200000   -1.4760087690e-07    3.6008450203e-08    2.2342411600e-07   -1.0708033887e-06   -9.5998990204e-08    7.6437224035e-08   -1.0752835940e-08   -2.9540264735e-07
  47.8300000   -1.0126334298e-07    2.8555863472e-08    1.8347368574e-07   -1.1117287840e-06   -9.6201694987e-08    6.7419657809e-08   -1.0691170723e-08   -2.9573273337e-07
  47.8400000   -5.3132318277e-08    2.0312260523e-08    1.4172226497e-07   -1.1539352612e-06   -9.7221270310e-08    5.7451725792e-08   -1.0599799456e-08   -2.9606225876e-07
  47.8500000   -3.6096681859e-09    1.1485909017e-08    9.8644275722e-08   -1.1968544833e-06   -9.9017113061e-08    4.6720032049e-08   -1.0479193004e-08   -2.9639046396e-07
  47.8600000    4.6874482507e-08    2.2889474725e-09    5.4714504507e-08   -1.2399043040e-06   -1.0152262566e-07    3.5418980633e-08   -1.0330279035e-08   -2.9671666315e-07
  47.8700000    9.7865276000e-08   -7.0678438588e-09    1.0402291833e-08   -1.2824965901e-06   -1.0464662342e-07    2.3747286742e-08   -1.0154463386e-08   -2.9704026251e-07
  47.8800000    1.4888734905e-07   -1.6380247492e-08   -3.3833905596e-08   -1.3240451248e-06   -1.0827535397e-07    1.1904409195e-08   -9.9535861664e-09   -2.9736076966e-07
  47.8900000    1.9944967113e-07   -2.5455530986e-08   -7.7551567186e-08   -1.3639736332e-06   -1.1227500275e-07    8.7119850318e-11   -9.7299196357e-09   -2.9767779195e-07
  47.9000000    2.4905099693e-07   -3.4117062249e-08   -1.2032863975e-07   -1.4017236389e-06   -1.1649476122e-07   -1.1513834723e-08   -9.4861148540e-09   -2.9799103441e-07
  47.9100000    2.9718580971e-07   -4.2208432160e-08   -1.6176756525e-07   -1.4367622428e-06   -1.2077024036e-07   -2.2716871251e-08   -9.2251872725e-09   -2.9830030282e-07
  47.9200000    3.4335056046e-07   -4.9596993064e-08   -2.0149871974e-07   -1.4685895369e-06   -1.2492729123e-07   -3.3352508780e-08   -8.9504579021e-09   -2.9860549725e-07
  47.9300000    3.8705018460e-07   -5.6176732746e-08   -2.3918329520e-07   -1.4967456687e-06   -1.2878602708e-07   -4.3265957492e-08   -8.6655045760e-09   -2.9890661660e-07
  47.9400000    4.2780484521e-07   -6.1870343801e-08   -2.7451555709e-07   -1.5208173642e-06   -1.3216506632e-07   -5.2319431444e-08   -8.3741195590e-09   -2.9920373769e-07
  47.9500000    4.6515644645e-07   -6.6630688941e-08   -3.0722454669e-07   -1.5404438847e-06   -1.3488582726e-07   -6.0394097152e-08   -8.0802389840e-09   -2.9949702941e-07
  47.9600000    4.9867511469e-07   -7.0441208820e-08   -3.3707518173e-07   -1.5553222722e-06   -1.3677681083e-07   -6.7391613257e-08   -7.7878958927e-09   -2.9978671798e-07
  47.9700000    5.2796530671e-07   -7.3315694219e-08   -3.6386879320e-07   -1.5652118465e-06   -1.3767774132e-07   -7.3235308754e-08   -7.5011470972e-09   -3.0007310312e-07
  47.9800000    5.5267148012e-07   -7.5297113811e-08   -3.8744314960e-07   -1.5699378404e-06   -1.3744355894e-07   -7.7870893308e-08   -7.2240202575e-09   -3.0035653383e-07
  47.9900000    5.7248308658e-07   -7.6455742579e-08   -4.0767203940e-07   -1.5693941938e-06   -1.3594807690e-07   -8.1266815552e-08   -6.9604509947e-09   -3.0063739924e-07
  48.0000000    5.8713909671e-07   -7.6886521912e-08   -4.2446431614e-07   -1.5635453269e-06   -1.3308725568e-07   -8.3414143336e-08   -6.7142085644e-09   -3.0091611417e-07
  48.0100000    5.9643142208e-07   -7.6705874292e-08   -4.3776268672e-07   -1.5524270228e-06   -1.2878204995e-07   -8.4326085065e-08   -6.4888506439e-09   -3.0119312834e-07
  48.0200000    6.0020786865e-07   -7.6047771859e-08   -4.4754209816e-07   -1.5361462416e-06   -1.2298073304e-07   -8.4037125838e-08   -6.2876642199e-09   -3.0146888781e-07
  48.0300000    5.9837382921e-07   -7.5059490917e-08   -4.5380787944e-07   -1.5148800090e-06   -1.1566063549e-07   -8.2601802247e-08   -6.1136078902e-09   -3.0174383650e-07
  48.0400000    5.9089337530e-07   -7.3897048009e-08   -4.5659368817e-07   -1.4888732498e-06   -1.0682930113e-07   -8.0093151660e-08   -5.9692708377e-09   -3.0201841476e-07
  48.0500000    5.7778930328e-07   -7.2720277244e-08   -4.5595931896e-07   -1.4584357499e-06   -9.6525001925e-08   -7.6600889370e-08   -5.8568296494e-09   -3.0229302737e-07
  48.0600000    5.5914238190e-07   -7.1687957184e-08   -4.5198839250e-07   -1.4239380806e-06   -8.4816584851e-08   -7.2229323159e-08   -5.7780046976e-09   -3.0256806177e-07
  48.0700000    5.3508974191e-07   -7.0952914822e-08   -4.4478607872e-07   -1.3858067584e-06   -7.1802687451e-08   -6.7095082878e-08   -5.7340416187e-09   -3.0284385503e-07
  48.0800000    5.0582264088e-07   -7.0657333933e-08   -4.3447677881e-07   -1.3445185723e-06   -5.7610333943e-08   -6.1324697702e-08   -5.7256837130e-09   -3.0312070588e-07
  48.0900000    4.7158354933e-07   -7.0928246208e-08   -4.2120191332e-07   -1.3005941101e-06   -4.2392876263e-08   -5.5052067761e-08   -5.7531572115e-09   -3.0339885421e-07
  48.1000000    4.3266269823e-07   -7.1873579048e-08   -4.0511779835e-07   -1.2545907627e-06   -2.6327428041e-08   -4.8415852065e-08   -5.8161695517e-09   -3.0367847648e-07
  48.1100000    3.8939429440e-07   -7.3578616455e-08   -3.8639368297e-07   -1.2070950935e-06   -9.6117539974e-09   -4.1556926433e-08   -5.9139038104e-09   -3.0395970548e-07
  48.1200000    3.4215235922e-07   -7.6103047473e-08   -3.6520992208e-07   -1.1587148576e-06    7.5392786925e-09   -3.4615786195e-08   -6.0450377986e-09   -3.0424259943e-07
  48.1300000    2.9134649845e-07   -7.9478764310e-08   -3.4175634346e-07   -1.1100706230e-06    2.4897612490e-08   -2.7730122009e-08   -6.2077528002e-09   -3.0452715793e-07
  48.1400000    2.3741754724e-07   -8.3708279292e-08   -3.1623082551e-07   -1.0617872188e-06    4.2226229641e-08   -2.1032447857e-08   -6.3997719282e-09   -3.0481331860e-07
  48.1500000    1.8083319688e-07   -8.8764033655e-08   -2.8883803030e-07   -1.0144851424e-06    5.9283549240e-08   -1.4647975824e-08   -6.6183758449e-09   -3.0510095932e-07
  48.1600000    1.2208386140e-07   -9.4588407395e-08   -2.5978836215e-07   -9.6877196634e-07    7.5827954142e-08   -8.6926366588e-09   -6.8604557841e-09   -3.0538990278e-07
  48.1700000    6.1678576406e-08   -1.0109453184e-07   -2.2929706222e-07   -9.2523389130e-07    9.1622320393e-08   -3.2713352232e-09   -7.1225477507e-09   -3.0567991267e-07
  48.1800000    1.4116397354e-10   -1.0816796743e-07   -1.9758350391e-07   -8.8442768394e-07    1.0643850717e-07    1.5235062873e-09   -7.4009073556e-09   -3.0597071780e-07
  48.1900000   -6.1993308572e-08   -1.1566894078e-07   -1.6487058452e-07   -8.4687290783e-07    1.2006164419e-07    5.6131599626e-09   -7.6915319177e-09   -3.0626200882e-07
  48.2000000   -1.2418199990e-07   -1.2343544510e-07   -1.3138424947e-07   -8.1304472372e-07    1.3229412988e-07    8.9334990557e-09   -7.9902409465e-09   -3.0655343226e-07
  48.2100000   -1.8587744384e-07   -1.3128684022e-07   -9.7353065095e-08   -7.8336733470e-07    1.4295937998e-07    1.1435650726e-08   -8.2927453112e-09   -3.0684462619e-07
  48.2200000   -2.4653056439e-07   -1.3902802577e-07   -6.3007869109e-08   -7.5820808756e-07    1.5190507086e-07    1.3086293750e-08   -8.5946962654e-09   -3.0713520688e-07
  48.2300000   -3.0559361432e-07   -1.4645398069e-07   -2.8581364474e-08   -7.3787241708e-07    1.5900594164e-07    1.3867723004e-08   -8.8917544884e-09   -3.0742478481e-07
  48.2400000   -3.6252311519e-07   -1.5335474195e-07    5.6922392087e-09   -7.2259965632e-07    1.6416605910e-07    1.3777604062e-08   -9.1796644854e-09   -3.0771297162e-07
  48.2500000   -4.1678277021e-07   -1.5952038680e-07    3.9577706195e-08   -7.1255978306e-07    1.6732049408e-07    1.2828484459e-08   -9.4543066278e-09   -3.0799939646e-07
  48.2600000   -4.6784656622e-07   -1.6474633688e-07    7.2839333134e-08   -7.0785112104e-07    1.6843639281e-07    1.1047033079e-08   -9.7117774637e-09   -3.0828370122e-07
  48.2700000   -5.1520206647e-07   -1.6883837970e-07    1.0524163377e-07   -7.0849909359e-07    1.6751339686e-07    8.4730982463e-09   -9.9484244327e-09   -3.0856556198e-07
  48.2800000   -5.5835392889e-07   -1.7161772324e-07    1.3655014646e-07   -7.1445598665e-07    1.6458346701e-07    5.1585344297e-09   -1.0160922991e-08   -3.0884469203e-07
  48.2900000   -5.9682778729e-07   -1.7292559810e-07    1.6653245246e-07   -7.2560175378e-07    1.5971002081e-07    1.1658885054e-09   -1.0346314375e-08   -3.0912083815e-07
  48.3000000   -6.3017453386e-07   -1.7262763676e-07    1.9495933860e-07   -7.4174583430e-07    1.5298654064e-07   -3.4330501697e-09   -1.0502059438e-08   -3.0939380856e-07
  48.3100000   -6.5797477488e-07   -1.7061756138e-07    2.2160614919e-07   -7.6262996651e-07    1.4453452708e-07   -8.5588068479e-09   -1.0626065939e-08   -3.0966345018e-07
  48.3200000   -6.7984395572e-07   -1.6682049416e-07    2.4625433799e-07   -7.8793198478e-07    1.3450099551e-07   -1.4125831453e-08   -1.0716728552e-08   -3.0992967330e-07
  48.3300000   -6.9543747029e-07   -1.6119540554e-07    2.6869320450e-07   -8.1727047681e-07    1.2305546174e-07   -2.0044163442e-08   -1.0772954037e-08   -3.1019244104e-07
  48.3400000   -7.0445628285e-07   -1.5373701723e-07    2.8872174357e-07   -8.5021029181e-07    1.1038652360e-07   -2.6221081871e-08   -1.0794165677e-08   -3.1045178059e-07
  48.3500000   -7.0665249532e-07   -1.4447678197e-07    3.0615072696e-07   -8.8626879469e-07    9.6698151512e-08   -3.2562723295e-08   -1.0780320996e-08   -3.1070777289e-07
  48.3600000   -7.0183508219e-07   -1.3348314300e-07    3.2080483095e-07   -9.2492276690e-07    8.2205674413e-08   -3.8975641979e-08   -1.0731914039e-08   -3.1096055971e-07
  48.3700000   -6.8987549696e-07   -1.2086102888e-07    3.3252485311e-07   -9.6561590423e-07    6.7131626960e-08   -4.5368301773e-08   -1.0649961105e-08   -3.1121033084e-07
  48.3800000   -6.7071298297e-07   -1.0675045244e-07    3.4117001806e-07   -1.0077667323e-06    5.1701525766e-08   -5.1652447379e-08   -1.0535981754e-08   -3.1145732182e-07
  48.3900000   -6.4435942538e-07   -9.1324437113e-08    3.4662023502e-07   -1.0507768612e-06    3.6139609293e-08   -5.7744325843e-08   -1.0391989111e-08   -3.1170182326e-07
  48.4000000   -6.1090366055e-07   -7.4786175916e-08    3.4877833896e-07   -1.0940394773e-06    2.0664760005e-08   -6.3565820704e-08   -1.0220431897e-08   -3.1194414692e-07
  48.4100000   -5.7051493894e-07   -5.7365514286e-08    3.4757225583e-07   -1.1369479436e-06    5.4864903463e-09   -6.9045364734e-08   -1.0024188373e-08   -3.1218464228e-07
  48.4200000   -5.2344539804e-07   -3.9314921151e-08    3.4295695598e-07   -1.1789042946e-06   -9.1987350969e-09   -7.4118730085e-08   -9.8064979432e-09   -3.1242367900e-07
  48.4300000   -4.7003148496e-07   -2.0904889716e-08    3.3491630030e-07   -1.2193277287e-06   -2.3210870598e-08   -7.8729635305e-08   -9.5709181603e-09   -3.1266162573e-07
  48.4400000   -4.1069403312e-07   -2.4190317162e-09    3.2346455297e-07   -1.2576626758e-06   -3.6389276485e-08   -8.2830171900e-08   -9.3212764815e-09   -3.1289885836e-07
  48.4500000   -3.4593699893e-07    1.5851243825e-08    3.0864769537e-07   -1.2933865896e-06   -4.8595236519e-08   -8.6381098071e-08   -9.0616018579e-09   -3.1313575121e-07
  48.4600000   -2.7634475055e-07    3.3612086589e-08    2.9054431839e-07   -1.3260172222e-06   -5.9714009173e-08   -8.9351906166e-08   -8.7960658981e-09   -3.1337264185e-07
  48.4700000   -2.0257780028e-07    5.0572683492e-08    2.6926619201e-07   -1.3551192827e-06   -6.9656311416e-08   -9.1720828213e-08   -8.5289224643e-09   -3.1360985114e-07
  48.4800000   -1.2536704216e-07    6.6450755440e-08    2.4495841297e-07   -1.3803104529e-06   -7.8359306557e-08   -9.3474595522e-08   -8.2644442240e-09   -3.1384765816e-07
  48.4900000   -4.5506528194e-08    8.0977718891e-08    2.1779910649e-07   -1.4012665799e-06   -8.5786944899e-08   -9.4608174883e-08   -8.0068472971e-09   -3.1408628474e-07
  48.5000000    3.6155232433e-08    9.3903756147e-08    1.8799867160e-07   -1.4177260852e-06   -9.1929831945e-08   -9.5124331563e-08   -7.7602426060e-09   -3.1432589605e-07
  48.5100000    1.1872515958e-07    1.0500235593e-07    1.5579858405e-07   -1.4294934341e-06   -9.6804496892e-08   -9.5033114629e-08   -7.5285664162e-09   -3.1456660040e-07
  48.5200000    2.0127674185e-07    1.1407449077e-07    1.2146967652e-07   -1.4364416747e-06   -1.0045212695e-07   -9.4351279719e-08   -7.3155262901e-09   -3.1480842288e-07
  48.5300000    2.8286209347e-07    1.2095222989e-07    8.5310021378e-08   -1.4385140056e-06   -1.0293686297e-07   -9.3101662308e-08   -7.1245344359e-09   -3.1505131803e-07
  48.5400000    3.6252475635e-07    1.2550173964e-07    4.7642284018e-08   -1.4357243155e-06   -1.0434358795e-07   -9.1312474185e-08   -6.9586828212e-09   -3.1529515008e-07
  48.5500000    4.3931294224e-07    1.2762564785e-07    8.8107204952e-09   -1.4281568006e-06   -1.0477537002e-07   -8.9016635546e-08   -6.8206675364e-09   -3.1553969925e-07
  48.5600000    5.1229315970e-07    1.2726470169e-07   -3.0822271805e-08   -1.4159644612e-06   -1.0435055959e-07   -8.6251090200e-08   -6.7127821318e-09   -3.1578466535e-07
  48.5700000    5.8056368970e-07    1.2439865451e-07   -7.0879926188e-08   -1.3993667695e-06   -1.0319962191e-07   -8.3056105785e-08   -6.6368607580e-09   -3.1602965137e-07
  48.5800000    6.4326782890e-07    1.1904665527e-07   -1.1097520781e-07   -1.3786462756e-06   -1.0146177677e-07   -7.9474636721e-08   -6.5942726497e-09   -3.1627418047e-07
  48.5900000    6.9960656620e-07    1.1126662113e-07   -1.5071514548e-07   -1.3541444617e-06   -9.9281521281e-08   -7.5551726584e-08   -6.5858890959e-09   -3.1651769384e-07
  48.6000000    7.4885045393e-07    1.0115422616e-07   -1.8970536505e-07   -1.3262566884e-06   -9.6805125456e-08   -7.1333934317e-08   -6.6120932159e-09   -3.1675955472e-07
  48.6100000    7.9035051513e-07    8.8841041914e-08   -2.2755474193e-07   -1.2954264098e-06   -9.4177149588e-08   -6.6868844829e-08   -6.6727593720e-09   -3.1699906084e-07
  48.6200000    8.2354778678e-07    7.4492226436e-08   -2.6388011045e-07   -1.2621387519e-06   -9.1537079315e-08   -6.2204624837e-08   -6.7672788242e-09   -3.1723544430e-07
  48.6300000    8.4798154353e-07    5.8303569076e-08   -2.9831094083e-07   -1.2269135324e-06   -8.9016137235e-08   -5.7389631557e-08   -6.8945560557e-09   -3.1746788265e-07
  48.6400000    8.6329600214e-07    4.0498165963e-08   -3.3049392642e-07   -1.1902977524e-06   -8.6734333938e-08   -5.2472138051e-08   -7.0530471680e-09   -3.1769552565e-07
  48.6500000    8.6924527834e-07    2.1322674112e-08   -3.6009743301e-07   -1.1528578088e-06   -8.4797831886e-08   -4.7500033509e-08   -7.2407680642e-09   -3.1791747285e-07
  48.6600000    8.6569670488e-07    1.0432130609e-09   -3.8681565769e-07   -1.1151713579e-06   -8.3296662507e-08   -4.2520649251e-08   -7.4553562282e-09   -3.1813282208e-07
  48.6700000    8.5263244630e-07   -2.0058885499e-08   -4.1037252657e-07   -1.0778191574e-06   -8.2302849196e-08   -3.7580611651e-08   -7.6940899068e-09   -3.1834066648e-07
  48.6800000    8.3014931081e-07   -4.1691583224e-08   -4.3052521066e-07   -1.0413767812e-06   -8.1868945073e-08   -3.2725708766e-08   -7.9539418236e-09   -3.1854011124e-07
  48.6900000    7.9845703254e-07   -6.3556549026e-08   -4.4706718681e-07   -1.0064065018e-06   -8.2027053729e-08   -2.8000829163e-08   -8.2316195784e-09   -3.1873027788e-07
  48.7000000    7.5787481698e-07   -8.5353747256e-08   -4.5983087884e-07   -9.7344931512e-07   -8.2788302013e-08   -2.3449885509e-08   -8.5236439760e-09   -3.1891033518e-07
  48.7100000    7.0882660708e-07   -1.0678579711e-07   -4.6868972260e-07   -9.4301734018e-07   -8.4142800131e-08   -1.9115779071e-08   -8.8263737500e-09   -3.1907950189e-07
  48.7200000    6.5183492618e-07   -1.2756226975e-07   -4.7355968987e-07   -9.1558661382e-07   -8.6060059139e-08   -1.5040318431e-08   -9.1360884781e-09   -3.1923706418e-07
  48.7300000    5.8751355815e-07   -1.4740370635e-07   -4.7440028372e-07   -8.9159040266e-07   -8.8489886112e-08   -1.1264185690e-08   -9.4490315716e-09   -3.1938238918e-07
  48.7400000    5.1655931673e-07   -1.6604550548e-07   -4.7121484938e-07   -8.7141313021e-07   -9.1363684963e-08   -7.8268032509e-09   -9.7614745772e-09   -3.1951493629e-07
  48.7500000    4.3974288752e-07   -1.8324127960e-07   -4.6405036286e-07   -8.5538500141e-07   -9.4596142771e-08   -4.7662575770e-09   -1.0069775279e-08   -3.1963426604e-07
  48.7600000    3.5789911070e-07   -1.9876604741e-07   -4.5299658739e-07   -8.4377742507e-07   -9.8087316040e-08   -2.1191109256e-09   -1.0370433854e-08   -3.1974005108e-07
  48.7700000    2.7191678714e-07   -2.1241896952e-07   -4.3818468270e-07   -8.3679917764e-07   -1.0172494892e-07    7.9798243383e-11   -1.0660141443e-08   -3.1983208742e-07
  48.7800000    1.8272815285e-07   -2.2402572595e-07   -4.1978526926e-07   -8.3459356273e-07   -1.0538710664e-07    1.7976061375e-09   -1.0935829443e-08   -3.1991029075e-07
  48.7900000    9.1298186783e-08   -2.3344042049e-07   -3.9800594055e-07   -8.3723639105e-07   -1.0894494149e-07    3.0037191068e-09   -1.1194711068e-08   -3.1997471313e-07
  48.8000000   -1.3860645778e-09   -2.4054709805e-07   -3.7308837256e-07   -8.4473496567e-07   -1.1226562582e-07    3.6701702532e-09   -1.1434323198e-08   -3.2002554474e-07
  48.8100000   -9.4326049442e-08   -2.4526086473e-07   -3.4530493512e-07   -8.5702800253e-07   -1.1521534543e-07    3.7720129048e-09   -1.1652562614e-08   -3.2006309583e-07
  48.8200000   -1.8652216928e-07   -2.4752849064e-07   -3.1495505461e-07   -8.7398647317e-07   -1.1766226806e-07    3.2877520166e-09   -1.1847708333e-08   -3.2008782341e-07
  48.8300000   -2.7698380501e-07   -2.4732871040e-07   -2.8236121956e-07   -8.9541546377e-07   -1.1947946979e-07    2.1998198906e-09   -1.2018444414e-08   -3.2010031160e-07
  48.8400000   -3.6473915085e-07   -2.4467207267e-07   -2.4786476781e-07   -9.2105687111e-07   -1.2054772982e-07    4.9505187448e-10   -1.2163865456e-08   -3.2010125852e-07
  48.8500000   -4.4884459754e-07   -2.3960043135e-07   -2.1182156417e-07   -9.5059303366e-07   -1.2075815512e-07   -1.8347852466e-09   -1.2283495918e-08   -3.2009149187e-07
  48.8600000   -5.2839361627e-07   -2.3218604485e-07   -1.7459757574e-07   -9.8365115060e-07   -1.2001456600e-07   -4.7925289193e-09   -1.2377281469e-08   -3.2007193632e-07
  48.8700000   -6.0252530362e-07   -2.2253036445e-07   -1.3656446876e-07   -1.0198084474e-06   -1.1823559341e-07   -8.3751174478e-09   -1.2445579329e-08   -3.2004361926e-07
  48.8800000   -6.7043244860e-07   -2.1076248768e-07   -9.8095250046e-08   -1.0585981115e-06   -1.1535647990e-07   -1.2573147768e-08   -1.2489158309e-08   -3.2000765364e-07
  48.8900000   -7.3136897877e-07   -1.9703738309e-07   -5.9560059039e-08   -1.0995157159e-06   -1.1133052842e-07   -1.7370480144e-08   -1.2509160783e-08   -3.1996521696e-07
  48.9000000   -7.8465721385e-07   -1.8153376344e-07   -2.1322190823e-08   -1.1420263153e-06   -1.0613014955e-07   -2.2743900114e-08   -1.2507081414e-08   -3.1991754012e-07
  48.9100000   -8.2969425634e-07   -1.6445176050e-07    1.6265647917e-08   -1.1855717751e-06   -9.9747564520e-08   -2.8662855615e-08   -1.2484746113e-08   -3.1986589669e-07
  48.9200000   -8.6595815666e-07   -1.4601043352e-07    5.2864783412e-08   -1.2295785999e-06   -9.2195071363e-08   -3.5089310445e-08   -1.2444266202e-08   -3.1981158023e-07
  48.9300000   -8.9301339557e-07   -1.2644498297e-07    8.8153636289e-08   -1.2734658506e-06   -8.3504937461e-08   -4.1977676991e-08   -1.2387993110e-08   -3.1975588722e-07
  48.9400000   -9.1051583138e-07   -1.0600396520e-07    1.2183038138e-07   -1.3166532255e-06   -7.3728898376e-08   -4.9274920594e-08   -1.2318483387e-08   -3.1970010518e-07
  48.9500000   -9.1821708955e-07   -8.4946172151e-08    1.5361525334e-07   -1.3585691085e-06   -6.2937282840e-08   -5.6920734038e-08   -1.2238449258e-08   -3.1964547733e-07
  48.9600000   -9.1596812306e-07   -6.3537630590e-08    1.8325235667e-07   -1.3986585284e-06   -5.1217803685e-08   -6.4847883726e-08   -1.2150702728e-08   -3.1959321352e-07
  48.9700000   -9.0372225533e-07   -4.2048364183e-08    2.1051105344e-07   -1.4363908359e-06   -3.8674019026e-08   -7.2982717227e-08   -1.2058116268e-08   -3.1954445811e-07
  48.9800000   -8.8153725060e-07   -2.0749196057e-08    2.3518697596e-07   -1.4712671128e-06   -2.5423539041e-08   -8.1245764657e-08   -1.1963570992e-08   -3.1950026452e-07
  48.9900000   -8.4957665879e-07    9.1506017710e-11    2.5710253392e-07   -1.5028271065e-06   -1.1595956060e-08   -8.9552537705e-08   -1.1869896208e-08   -3.1946159322e-07
  49.0000000   -8.0811013305e-07    2.0211039100e-08    2.7610710515e-07   -1.5306556277e-06    2.6693552160e-09   -9.7814442596e-08   -1.1779830811e-08   -3.1942929799e-07
  49.0100000   -7.5751282633e-07    3.9355555055e-08    2.9207682102e-07   -1.5543883839e-06    1.7225664557e-08   -1.0593980125e-07   -1.1695983317e-08   -3.1940411929e-07
  49.0200000   -6.9826354726e-07    5.7283142456e-08    3.0491402046e-07   -1.5737170399e-06    3.1921295487e-08   -1.1383507432e-07   -1.1620773748e-08   -3.1938665191e-07
  49.0300000   -6.3094192950e-07    7.3766761406e-08    3.1454647258e-07   -1.5883935867e-06    4.6602174932e-08   -1.2140605793e-07   -1.1556409241e-08   -3.1937736451e-07
  49.0400000   -5.5622433324e-07    8.8597138237e-08    3.2092628872e-07   -1.5982338136e-06    6.1114336582e-08   -1.2855932502e-07   -1.1504840271e-08   -3.1937658179e-07
  49.0500000   -4.7487848419e-07    1.0158535900e-07    3.2402876704e-07   -1.6031199748e-06    7.5306328246e-08   -1.3520355588e-07   -1.1467733178e-08   -3.1938447215e-07
  49.0600000   -3.8775696251e-07    1.1256532269e-07    3.2385096533e-07   -1.6030024674e-06    8.9031583368e-08   -1.4125109163e-07   -1.1446445889e-08   -3.1940105775e-07
  49.0700000   -2.9578935673e-07    1.2139591207e-07    3.2041038332e-07   -1.5979006287e-06    1.0215057451e-07   -1.4661935663e-07   -1.1442008656e-08   -3.1942621735e-07
  49.0800000   -1.9997321179e-07    1.2796286606e-07    3.1374346600e-07   -1.5879025706e-06    1.1453285287e-07   -1.5123236819e-07   -1.1455114504e-08   -3.1945967551e-07
  49.0900000   -1.0136386410e-07    1.3218039229e-07    3.0390425758e-07   -1.5731640686e-06    1.2605879888e-07   -1.5502217430e-07   -1.1486104822e-08   -3.1950101470e-07
  49.1000000   -1.0631170508e-09    1.3399245799e-07    2.9096310061e-07   -1.5539064902e-06    1.3662116747e-07   -1.5793020507e-07   -1.1534965927e-08   -3.1954969267e-07
  49.1100000    9.9792956798e-08    1.3337355235e-07    2.7500545356e-07   -1.5304138509e-06    1.4612635302e-07   -1.5990855521e-07   -1.1601351187e-08   -3.1960503895e-07
  49.1200000    2.0004714603e-07    1.3032929889e-07    2.5613092462e-07   -1.5030290006e-06    1.5449536061e-07   -1.6092116053e-07   -1.1684567191e-08   -3.1966626896e-07
  49.1300000    2.9853494998e-07    1.2489652179e-07    2.3445243217e-07   -1.4721489525e-06    1.6166448703e-07   -1.6094478462e-07   -1.1783614759e-08   -3.1973249695e-07
  49.1400000    3.9409880385e-07    1.1714289692e-07    2.1009564835e-07   -1.4382195435e-06    1.6758571446e-07   -1.5996986243e-07   -1.1897186246e-08   -3.1980275166e-07
  49.1500000    4.8560269520e-07    1.0716625840e-07    1.8319860367e-07   -1.4017293066e-06    1.7222677605e-07   -1.5800112574e-07   -1.2023714231e-08   -3.1987598302e-07
  49.1600000    5.7194693223e-07    9.5093410577e-08    1.5391160307e-07   -1.3632028316e-06    1.7557098864e-07   -1.5505803517e-07   -1.2161376229e-08   -3.1995110274e-07
  49.1700000    6.5208273027e-07    8.1078605201e-08    1.2239723971e-07   -1.3231935964e-06    1.7761678830e-07   -1.5117495965e-07   -1.2308147059e-08   -3.2002697466e-07
  49.1800000    7.2502640846e-07    6.5301571788e-08    8.8830745851e-08   -1.2822763646e-06    1.7837701405e-07   -1.4640112805e-07   -1.2461836753e-08   -3.2010243814e-07
  49.1900000    7.8987308469e-07    4.7965125094e-08    5.3400395855e-08   -1.2410392837e-06    1.7787797421e-07   -1.4080031540e-07   -1.2620116052e-08   -3.2017634503e-07
  49.2000000    8.4580950917e-07    2.9292526532e-08    1.6308128379e-08   -1.2000758244e-06    1.7615833665e-07   -1.3445028328e-07   -1.2780568205e-08   -3.2024755501e-07
  49.2100000    8.9212586959e-07    9.5244523123e-09   -2.2229809415e-08   -1.1599765739e-06    1.7326783355e-07   -1.2744196665e-07   -1.2940727291e-08   -3.2031495682e-07
  49.2200000    9.2822636747e-07   -1.1084320127e-08   -6.1982130054e-08   -1.1213211022e-06    1.6926587264e-07   -1.1987839078e-07   -1.3098118510e-08   -3.2037750247e-07
  49.2300000    9.5363832411e-07   -3.2268392347e-08   -1.0270181976e-07   -1.0846699381e-06    1.6422002758e-07   -1.1187337252e-07   -1.3250303420e-08   -3.2043419704e-07
  49.2400000    9.6801970753e-07   -5.3755521950e-08   -1.4412554139e-07   -1.0505568120e-06    1.5820450224e-07   -1.0355000116e-07   -1.3394915919e-08   -3.2048413067e-07
  49.2500000    9.7116492317e-07   -7.5270408391e-08   -1.8597318350e-07   -1.0194812342e-06    1.5129856376e-07   -9.5038875341e-08   -1.3529697807e-08   -3.2052648293e-07
  49.2600000    9.6300874734e-07   -9.6538577597e-08   -2.2794761499e-07   -9.9190153342e-07    1.4358499156e-07   -8.6476239106e-08   -1.3652548790e-08   -3.2056054564e-07
  49.2700000    9.4362824288e-07   -1.1729035855e-07   -2.6973472950e-07   -9.6822846672e-07    1.3514862042e-07   -7.8001886532e-08   -1.3761548571e-08   -3.2058572376e-07
  49.2800000    9.1324273986e-07   -1.3726468850e-07   -3.1100384965e-07   -9.4881946087e-07    1.2607490394e-07   -6.9756988660e-08   -1.3854977067e-08   -3.2060153321e-07
  49.2900000    8.7221182773e-07   -1.5621276297e-07   -3.5140849421e-07   -9.3397356782e-07    1.1644862888e-07   -6.1881849810e-08   -1.3931359678e-08   -3.2060763111e-07
  49.3000000    8.2103117113e-07   -1.7390173102e-07   -3.9058763080e-07   -9.2392721923e-07    1.0635277138e-07   -5.4513575835e-08   -1.3989473388e-08   -3.2060379524e-07
  49.3100000    7.6032665929e-07   -1.9011782844e-07   -4.2816740003e-07   -9.1885084256e-07    9.5867476212e-08   -4.7783787773e-08   -1.4028370325e-08   -3.2058993352e-07
  49.3200000    6.9084632180e-07   -2.0466942247e-07   -4.6376337073e-07   -9.1884637249e-07    8.5069226190e-08   -4.1816310674e-08   -1.4047378975e-08   -3.2056609239e-07
  49.3300000    6.1345080686e-07   -2.1738966291e-07   -4.9698334545e-07   -9.2394567568e-07    7.4030198451e-08   -3.6725001831e-08   -1.4046125348e-08   -3.2053244360e-07
  49.3400000    5.2910201049e-07   -2.2813859733e-07   -5.2743071817e-07   -9.3410997578e-07    6.2817765628e-08   -3.2611622048e-08   -1.4024524029e-08   -3.2048927666e-07
  49.3500000    4.3885033869e-07   -2.3680500617e-07   -5.5470831758e-07   -9.4923022455e-07    5.1494213927e-08   -2.9563935780e-08   -1.3982772963e-08   -3.2043699701e-07
  49.3600000    3.4382070033e-07   -2.4330769156e-07   -5.7842291802e-07   -9.6912838860e-07    4.0116638605e-08   -2.7653923450e-08   -1.3921354206e-08   -3.2037610841e-07
  49.3700000    2.4519740463e-07   -2.4759624286e-07   -5.9819006895e-07   -9.9355979483e-07    2.8737000747e-08   -2.6936283770e-08   -1.3841014594e-08   -3.2030722124e-07
  49.3800000    1.4420831392e-07   -2.4965132968e-07   -6.1363948286e-07   -1.0222162874e-06    1.7402314044e-08   -2.7447152196e-08   -1.3742749989e-08   -3.2023101168e-07
  49.3900000    4.2108237559e-08   -2.4948444400e-07   -6.2442071398e-07   -1.0547302950e-06    6.1550207697e-09   -2.9203132288e-08   -1.3627787429e-08   -3.2014822953e-07
  49.4000000   -5.9837813144e-08   -2.4713717763e-07   -6.3020918353e-07   -1.0906797143e-06   -4.9665485254e-09   -3.2200607629e-08   -1.3497548845e-08   -3.2005967709e-07
  49.4100000   -1.6037166094e-07   -2.4267995877e-07   -6.3071239414e-07   -1.1295935549e-06   -1.5927648125e-08   -3.6415376030e-08   -1.3353648248e-08   -3.1996619218e-07
  49.4200000   -2.5825872094e-07   -2.3621038140e-07   -6.2567620516e-07   -1.1709582410e-06   -2.6696431630e-08   -4.1802645588e-08   -1.3197837137e-08   -3.1986862652e-07
  49.4300000   -3.5230438932e-07   -2.2785109001e-07   -6.1489109164e-07   -1.2142244921e-06   -3.7243333968e-08   -4.8297365463e-08   -1.3031988055e-08   -3.1976784197e-07
  49.4400000   -4.4136987584e-07   -2.1774725141e-07   -5.9819829823e-07   -1.2588146965e-06   -4.7540346468e-08   -5.5814883703e-08   -1.2858063143e-08   -3.1966468497e-07
  49.4500000   -5.2438703673e-07   -2.0606377510e-07   -5.7549570134e-07   -1.3041307359e-06   -5.7560356400e-08   -6.4251966860e-08   -1.2678072629e-08   -3.1955996513e-07
  49.4600000   -6.0037219887e-07   -1.9298219005e-07   -5.4674322114e-07   -1.3495619649e-06   -6.7276489105e-08   -7.3488119927e-08   -1.2494046004e-08   -3.1945446131e-07
  49.4700000   -6.6843880077e-07   -1.7869737755e-07   -5.1196776322e-07   -1.3944935187e-06   -7.6661554287e-08   -8.3387264453e-08   -1.2308005866e-08   -3.1934888219e-07
  49.4800000   -7.2780841169e-07   -1.6341421871e-07   -4.7126744696e-07   -1.4383145512e-06   -8.5687516140e-08   -9.3799654850e-08   -1.2121933323e-08   -3.1924385404e-07
  49.4900000   -7.7782028558e-07   -1.4734401626e-07   -4.2481505925e-07   -1.4804264951e-06   -9.4325103053e-08   -1.0456408557e-07   -1.1937736343e-08   -3.1913993472e-07
  49.5000000   -8.1793917954e-07   -1.3070114298e-07   -3.7286055050e-07   -1.5202511259e-06   -1.0254352661e-07   -1.1551031896e-07   -1.1757221869e-08   -3.1903757973e-07
  49.5100000   -8.4776133413e-07   -1.1369958564e-07   -3.1573258190e-07   -1.5572383449e-06   -1.1031031494e-07   -1.2646170673e-07   -1.1582084211e-08   -3.1893714542e-07
  49.5200000   -8.6701855755e-07   -9.6549747156e-08   -2.5383889081e-07   -1.5908736040e-06   -1.1759132018e-07   -1.3723794965e-07   -1.1413863861e-08   -3.1883886480e-07
  49.5300000   -8.7558039714e-07   -7.9455477558e-08   -1.8766546803e-07   -1.6206848155e-06   -1.2435081347e-07   -1.4765797122e-07   -1.1253953642e-08   -3.1874286204e-07
  49.5400000   -8.7345436947e-07   -6.2611207509e-08   -1.1777453661e-07   -1.6462487433e-06   -1.3055175526e-07   -1.5754286122e-07   -1.1103564841e-08   -3.1864914591e-07
  49.5500000   -8.6078427192e-07   -4.6199575039e-08   -4.4801115740e-08   -1.6671966170e-06   -1.3615622244e-07   -1.6671881774e-07   -1.0963721491e-08   -3.1855760481e-07
  49.5600000   -8.3784665318e-07   -3.0389276748e-08    3.0551618103e-08   -1.6832191286e-06   -1.4112588372e-07   -1.7502003270e-07   -1.0835262385e-08   -3.1846800313e-07
  49.5700000   -8.0504536434e-07   -1.5333361166e-08    1.0751834775e-07   -1.6940705684e-06   -1.4542270878e-07   -1.8229154406e-07   -1.0718833271e-08   -3.1838000288e-07
  49.5800000   -7.6290456361e-07   -1.1678468719e-09    1.8527891316e-07   -1.6995720849e-06   -1.4900966466e-07   -1.8839188528e-07   -1.0614875859e-08   -3.1829315479e-07
  49.5900000   -7.1206001016e-07    1.1989174629e-08    2.6296682286e-07   -1.6996140730e-06   -1.5185156675e-07   -1.9319560675e-07   -1.0523655049e-08   -3.1820690915e-07
  49.6000000   -6.5324901750e-07    2.4038116836e-08    3.3967894515e-07   -1.6941576134e-06   -1.5391595402e-07   -1.9659555234e-07   -1.0445251811e-08   -3.1812062892e-07
  49.6100000   -5.8729911138e-07    3.4898067530e-08    4.1448624012e-07   -1.6832349677e-06   -1.5517400296e-07   -1.9850485852e-07   -1.0379574530e-08   -3.1803361083e-07
  49.6200000   -5.1511559765e-07    4.4506561786e-08    4.8644540258e-07   -1.6669491406e-06   -1.5560147585e-07   -1.9885868556e-07   -1.0326376629e-08   -3.1794506854e-07
  49.6300000   -4.3766826086e-07    5.2819032034e-08    5.5461133315e-07   -1.6454724168e-06   -1.5517961100e-07   -1.9761555755e-07   -1.0285278607e-08   -3.1785418564e-07
  49.6400000   -3.5597740212e-07    5.9808075199e-08    6.1805017253e-07   -1.6190441205e-06   -1.5389599718e-07   -1.9475840358e-07   -1.0255769245e-08   -3.1776009922e-07
  49.6500000   -2.7109941723e-07    6.5462236487e-08    6.7585278134e-07   -1.5879673358e-06   -1.5174536879e-07   -1.9029519126e-07   -1.0237244155e-08   -3.1766193305e-07
  49.6600000   -1.8411214821e-07    6.9784869857e-08    7.2714843777e-07   -1.5526049046e-06   -1.4873030438e-07   -1.8425915764e-07   -1.0229012020e-08   -3.1755881162e-07
  49.6700000   -9.6100190209e-08    7.2792569616e-08    7.7111857281e-07   -1.5133745500e-06   -1.4486181299e-07   -1.7670864016e-07   -1.0230330493e-08   -3.1744987795e-07
  49.6800000   -8.1404513335e-09    7.4513707153e-08    8.0701027311e-07   -1.4707433592e-06   -1.4015976533e-07   -1.6772652807e-07   -1.0240413158e-08   -3.1733430152e-07
  49.6900000    7.8711890861e-08    7.4986835797e-08    8.3414933532e-07   -1.4252216020e-06   -1.3465318045e-07   -1.5741925231e-07   -1.0258459040e-08   -3.1721130832e-07
  49.7000000    1.6343683932e-07    7.4259055963e-08    8.5195266809e-07   -1.3773559742e-06   -1.2838032627e-07   -1.4591547301e-07   -1.0283666491e-08   -3.1708018750e-07
  49.7100000    2.4506216993e-07    7.2384499713e-08    8.5993983275e-07   -1.3277224431e-06   -1.2138866028e-07   -1.3336432954e-07   -1.0315264944e-08   -3.1694030536e-07
  49.7200000    3.2267513261e-07    6.9422852447e-08    8.5774342165e-07   -1.2769186728e-06   -1.1373454450e-07   -1.1993337510e-07   -1.0352513730e-08   -3.1679112400e-07
  49.7300000    3.9543293597e-07    6.5437990534e-08    8.4511817017e-07   -1.2255562386e-06   -1.0548280047e-07   -1.0580617205e-07   -1.0394737331e-08   -3.1663220782e-07
  49.7400000    4.6257205140e-07    6.0496797645e-08    8.2194852460e-07   -1.1742526636e-06   -9.6706065699e-08   -9.1179653378e-08   -1.0441311324e-08   -3.1646324373e-07
  49.7500000    5.2341608779e-07    5.4668137528e-08    7.8825457843e-07   -1.1236234394e-06   -8.7483936943e-08   -7.6261217964e-08   -1.0491707230e-08   -3.1628403117e-07
  49.7600000    5.7738232255e-07    4.8021947929e-08    7.4419608921e-07   -1.0742740780e-06   -7.7902000802e-08   -6.1265610952e-08   -1.0545460252e-08   -3.1609451398e-07
  49.7700000    6.2398660933e-07    4.0628619250e-08    6.9007468729e-07   -1.0267923541e-06   -6.8050659875e-08   -4.6411707268e-08   -1.0602206035e-08   -3.1589476162e-07
  49.7800000    6.6284684651e-07    3.2558495699e-08    6.2633386137e-07   -9.8174080728e-07   -5.8023841362e-08   -3.1919162556e-08   -1.0661661430e-08   -3.1568499047e-07
  49.7900000    6.9368488313e-07    2.3881555922e-08    5.5355696564e-07   -9.3964962059e-07   -4.7917608794e-08   -1.8005049165e-08   -1.0723628127e-08   -3.1546554173e-07
  49.8000000    7.1632685606e-07    1.4667263467e-08    4.7246301375e-07   -9.0100994449e-07   -3.7828656261e-08   -4.8804889431e-09   -1.0788000224e-08   -3.1523689584e-07
  49.8100000    7.3070217062e-07    4.9844932737e-09    3.8390033714e-07   -8.6626777011e-07   -2.7852799479e-08    7.2526486747e-09   -1.0854724753e-08   -3.1499966911e-07
  49.8200000    7.3684097793e-07   -5.0982389919e-09    2.8883815313e-07   -8.3581843328e-07   -1.8083383244e-08    1.8204920855e-08   -1.0923822738e-08   -3.1475459478e-07
  49.8300000    7.3487040220e-07   -1.5512759243e-08    1.8835607499e-07   -8.1000175342e-07   -8.6097379307e-09    2.7802312370e-08   -1.0995367425e-08   -3.1450251839e-07
  49.8400000    7.2500950828e-07   -2.6190878373e-08    8.3631703164e-08   -7.8909801357e-07    4.8430093487e-10    3.5889031278e-08   -1.1069450276e-08   -3.1424440118e-07
  49.8500000    7.0756326144e-07   -3.7064173624e-08   -2.4073525020e-08   -7.7332463295e-07    9.1218673722e-09    4.2330026831e-08   -1.1146190273e-08   -3.1398128151e-07
  49.8600000    6.8291547899e-07   -4.8063750357e-08   -1.3343018722e-07   -7.6283373959e-07    1.7234349825e-08    4.7013193295e-08   -1.1225710096e-08   -3.1371428299e-07
  49.8700000    6.5152106855e-07   -5.9120024665e-08   -2.4305803538e-07   -7.5771051666e-07    2.4762595219e-08    4.9851264207e-08   -1.1308097710e-08   -3.1344458373e-07
  49.8800000    6.1389761084e-07   -7.0162499477e-08   -3.5154436814e-07   -7.5797254185e-07    3.1657900575e-08    5.0783275083e-08   -1.1393414586e-08   -3.1317340762e-07
  49.8900000    5.7061641071e-07   -8.1119728844e-08   -4.5746331488e-07   -7.6356987138e-07    3.7882852612e-08    4.9775703877e-08   -1.1481651227e-08   -3.1290200458e-07
  49.9000000    5.2229335880e-07   -9.1919341880e-08   -5.5939576034e-07   -7.7438603358e-07    4.3411927422e-08    4.6823102896e-08   -1.1572741332e-08   -3.1263164226e-07
  49.9100000    4.6957956855e-07   -1.0248809290e-07   -6.5594960261e-07   -7.9023989641e-07    4.8231863044e-08    4.1948357466e-08   -1.1666509931e-08   -3.1236356277e-07
  49.9200000    4.1315207478e-07   -1.1275214170e-07   -7.4578001898e-07   -8.1088829613e-07    5.2341784234e-08    3.5202500653e-08   -1.1762681579e-08   -3.1209898731e-07
  49.9300000    3.5370465094e-07   -1.2263735251e-07   -8.2760955243e-07   -8.3602945820e-07    5.5753086375e-08    2.6664077935e-08   -1.1860855691e-08   -3.1183910056e-07
  49.9400000    2.9193892781e-07   -1.3206976440e-07   -9.0024747171e-07   -8.6530712541e-07    5.8489062484e-08    1.6438063592e-08   -1.1960506589e-08   -3.1158500419e-07
  49.9500000    2.2855599295e-07   -1.4097611626e-07   -9.6260835206e-07   -8.9831537424e-07    6.0584271107e-08    4.6544323171e-09   -1.2060968543e-08   -3.1133774015e-07
  49.9600000    1.6424839580e-07   -1.4928450429e-07   -1.0137293895e-06   -9.3460398171e-07    6.2083679151e-08   -8.5337693607e-09   -1.2161429665e-08   -3.1109823398e-07
  49.9700000    9.9692868606e-08   -1.5692507631e-07   -1.0527862532e-06   -9.7368437941e-07    6.3041569348e-08   -2.2952603308e-08   -1.2260929415e-08   -3.1086731979e-07
  49.9800000    3.5543710638e-08   -1.6383075641e-07   -1.0791071564e-06   -1.0150359668e-06    6.3520241827e-08   -3.8409806498e-08   -1.2358376472e-08   -3.1064569946e-07
  49.9900000   -2.7573165391e-08   -1.6993805275e-07   -1.0921849581e-06   -1.0581128696e-06    6.3588536412e-08   -5.4697663160e-08   -1.2452533874e-08   -3.1043394961e-07
  50.0000000   -8.9065313339e-08   -1.7518786267e-07   -1.0916869860e-06   -1.1023508985e-06    6.3320201910e-08   -7.1596083841e-08   -1.2542037397e-08   -3.1023250131e-07
  50.0100000   -1.4837812098e-07   -1.7952621746e-07   -1.0774625185e-06   -1.1471747361e-06    6.2792124729e-08   -8.8875907092e-08   -1.2625422226e-08   -3.1004163968e-07
  50.0200000   -2.0499837714e-07   -1.8290508702e-07   -1.0495476187e-06   -1.1920051989e-06    6.2082541788e-08   -1.0630233713e-07   -1.2701112710e-08   -3.0986149893e-07
  50.0300000   -2.5845707001e-07   -1.8528301576e-07   -1.0081673775e-06   -1.2362665044e-06    6.1269088805e-08   -1.2363849024e-07   -1.2767467851e-08   -3.0969206564e-07
  50.0400000   -3.0833149717e-07   -1.8662582350e-07   -9.5373532940e-07   -1.2793934670e-06    6.0426979777e-08   -1.4064897908e-07   -1.2822790962e-08   -3.0953316976e-07
  50.0500000   -3.5424671295e-07   -1.8690708080e-07   -8.8685016222e-07   -1.3208384696e-06    5.9627099160e-08   -1.5710344064e-07   -1.2865360026e-08   -3.0938449293e-07
  50.0600000   -3.9587623230e-07   -1.8610864737e-07   -8.0828955947e-07   -1.3600782504e-06    5.8934258852e-08   -1.7278002763e-07   -1.2893454956e-08   -3.0924557026e-07
  50.0700000   -4.3294240159e-07   -1.8422098842e-07   -7.1900142223e-07   -1.3966202865e-06    5.8405510908e-08   -1.8746879334e-07   -1.2905387384e-08   -3.0911580795e-07
  50.0800000   -4.6521614099e-07   -1.8124348748e-07   -6.2009238683e-07   -1.4300087948e-06    5.8088659772e-08   -2.0097482069e-07   -1.2899534394e-08   -3.0899447719e-07
  50.0900000   -4.9251629658e-07   -1.7718460384e-07   -5.1281393872e-07   -1.4598302362e-06    5.8020928922e-08   -2.1312120498e-07   -1.2874370354e-08   -3.0888073707e-07
  50.1000000   -5.1470877396e-07   -1.7206197915e-07   -3.9854618044e-07   -1.4857182954e-06    5.8227849920e-08   -2.2375168326e-07   -1.2828491311e-08   -3.0877364503e-07
  50.1100000   -5.3170529958e-07   -1.6590235189e-07   -2.7877951278e-07   -1.5073581988e-06    5.8722453152e-08   -2.3273299044e-07   -1.2760661616e-08   -3.0867217345e-07
  50.1200000   -5.4346209868e-07   -1.5874161197e-07   -1.5509454009e-07   -1.5244904667e-06    5.9504639243e-08   -2.3995685301e-07   -1.2669827294e-08   -3.0857520800e-07
  50.1300000   -5.4997837493e-07   -1.5062453940e-07   -2.9140382906e-08   -1.5369139199e-06    6.0560916886e-08   -2.4534156016e-07   -1.2555158746e-08   -3.0848159969e-07
  50.1400000   -5.5129477977e-07   -1.4160460349e-07    9.7388242934e-08   -1.5444879455e-06    6.1864408866e-08   -2.4883316216e-07   -1.2416064003e-08   -3.0839014742e-07
  50.1500000   -5.4749178103e-07   -1.3174368001e-07    2.2277479705e-07   -1.5471340608e-06    6.3375164168e-08   -2.5040621249e-07   -1.2252231040e-08   -3.0829964046e-07
  50.1600000   -5.3868811083e-07   -1.2111180407e-07    3.4530530689e-07   -1.5448367054e-06    6.5040786200e-08   -2.5006406277e-07   -1.2063635127e-08   -3.0820886038e-07
  50.1700000   -5.2503909924e-07   -1.0978676000e-07    4.6329286502e-07   -1.5376432401e-06    6.6797354072e-08   -2.4783872148e-07   -1.1850544289e-08   -3.0811660907e-07
  50.1800000   -5.0673517780e-07   -9.7853700249e-08    5.7510203979e-07   -1.5256631945e-06    6.8570598978e-08   -2.4379024641e-07   -1.1613554429e-08   -3.0802172732e-07
  50.1900000   -4.8400023156e-07   -8.5404751004e-08    6.7917264790e-07   -1.5090668019e-06    7.0277401798e-08   -2.3800570713e-07   -1.1353577816e-08   -3.0792310187e-07
  50.2000000   -4.5709004694e-07   -7.2538528353e-08    7.7404268844e-07   -1.4880827355e-06    7.1827480374e-08   -2.3059772481e-07   -1.1071851736e-08   -3.0781969457e-07
  50.2100000   -4.2629068250e-07   -5.9359696770e-08    8.5836995135e-07   -1.4629951841e-06    7.3125314128e-08   -2.2170262272e-07   -1.0769936843e-08   -3.0771055433e-07
  50.2200000   -3.9191669045e-07   -4.5978375553e-08    9.3095209201e-07   -1.4341402571e-06    7.4072182449e-08   -2.1147817499e-07   -1.0449705185e-08   -3.0759482106e-07
  50.2300000   -3.5430928966e-07   -3.2509659777e-08    9.9074473386e-07   -1.4019017436e-06    7.4568408432e-08   -2.0010107242e-07   -1.0113319874e-08   -3.0747175733e-07
  50.2400000   -3.1383445109e-07   -1.9072953860e-08    1.0368774190e-06   -1.3667063496e-06    7.4515623614e-08   -1.8776402876e-07   -9.7632181208e-09   -3.0734073986e-07
  50.2500000   -2.7088056555e-07   -5.7912541040e-09    1.0686670635e-06   -1.3290183283e-06    7.3819111876e-08   -1.7467271402e-07   -9.4020980295e-09   -3.0720127776e-07
  50.2600000   -2.2585604249e-07    7.2096429570e-09    1.0856288136e-06   -1.2893337635e-06    7.2390116485e-08   -1.6104243953e-07   -9.0328629398e-09   -3.0705302368e-07
  50.2700000   -1.7918656404e-07    1.9801888801e-08    1.0874839577e-06   -1.2481743886e-06    7.0148109363e-08   -1.4709470540e-07   -8.6586151140e-09   -3.0689576298e-07
  50.2800000   -1.3131202757e-07    3.1856711742e-08    1.0741649298e-06   -1.2060811115e-06    6.7022923767e-08   -1.3305367853e-07   -8.2825897861e-09   -3.0672943568e-07
  50.2900000   -8.2683210677e-08    4.3245331439e-08    1.0458172042e-06   -1.1636073135e-06    6.2956776854e-08   -1.1914263999e-07   -7.9081334883e-09   -3.0655412560e-07
  50.3000000   -3.3757998416e-08    5.3840228629e-08    1.0027980763e-06   -1.1213119668e-06    5.7906050543e-08   -1.0558041673e-07   -7.5386413245e-09   -3.0637005875e-07
  50.3100000    1.5002554225e-08    6.3516418263e-08    9.4567230781e-07   -1.0797526738e-06    5.1842875559e-08   -9.2577962219e-08   -7.1775178076e-09   -3.0617759929e-07
  50.3200000    6.3138563544e-08    7.2152833578e-08    8.7520473593e-07   -1.0394787277e-06    4.4756412968e-08   -8.0335017444e-08   -6.8281247193e-09   -3.0597724916e-07
  50.3300000    1.1019587611e-07    7.9633840728e-08    7.9234986254e-07   -1.0010242103e-06    3.6653820054e-08   -6.9036995131e-08   -6.4937259647e-09   -3.0576963654e-07
  50.3400000    1.5573082357e-07    8.5850824871e-08    6.9823865972e-07   -9.6490126937e-07    2.7560924397e-08   -5.8852121491e-08   -6.1774379723e-09   -3.0555550240e-07
  50.3500000    1.9931515865e-07    9.0703849371e-08    5.9416268033e-07   -9.3159366565e-07    1.7522523949e-08   -4.9928828084e-08   -5.8821791187e-09   -3.0533570111e-07
  50.3600000    2.4054093608e-07    9.4103353788e-08    4.8155580741e-07   -9.0155061312e-07    6.6023125694e-09   -4.2393495618e-08   -5.6106237626e-09   -3.0511116783e-07
  50.3700000    2.7902549349e-07    9.5971882966e-08    3.6197381413e-07   -8.7518097376e-07   -5.1175397000e-09   -3.6348591572e-08   -5.3651501647e-09   -3.0488292884e-07
  50.3800000    3.1441618733e-07    9.6245783945e-08    2.3707208041e-07   -8.5284801116e-07   -1.7537196079e-08   -3.1871158321e-08   -5.1478041898e-09   -3.0465206845e-07
  50.3900000    3.4639498011e-07    9.4876858835e-08    1.0858175136e-07   -8.3486457077e-07   -3.0540285884e-08   -2.9011778479e-08   -4.9602473877e-09   -3.0441971696e-07
  50.4000000    3.7468263157e-07    9.1833921295e-08   -2.1715212672e-08   -8.2148894177e-07   -4.3995413342e-08   -2.7793941969e-08   -4.8037327825e-09   -3.0418704641e-07
  50.4100000    3.9904242865e-07    8.7104181112e-08   -1.5201184071e-07   -8.1292131133e-07   -5.7757969575e-08   -2.8213859605e-08   -4.6790686451e-09   -3.0395523532e-07
  50.4200000    4.1928347789e-07    8.0694572029e-08   -2.8050236150e-07   -8.0930090304e-07   -7.1672223260e-08   -3.0240770714e-08   -4.5865921830e-09   -3.0372546352e-07
  50.4300000    4.3526328689e-07    7.2632658321e-08   -4.0540842322e-07   -8.1070392632e-07   -8.5573653064e-08   -3.3817670396e-08   -4.5261692456e-09   -3.0349889781e-07
  50.4400000    4.4688956966e-07    6.2967486054e-08   -5.2500498619e-07   -8.1714222324e-07   -9.9291528917e-08   -3.8862461267e-08   -4.4971650630e-09   -3.0327666805e-07
  50.4500000    4.5412148502e-07    5.1769945926e-08   -6.3764542637e-07   -8.2856271975e-07   -1.1265159875e-07   -4.5269540086e-08   -4.4984444171e-09   -3.0305985256e-07
  50.4600000    4.5696990481e-07    3.9132999088e-08   -7.4178549674e-07   -8.4484773446e-07   -1.2547893127e-07   -5.2911771549e-08   -4.5283923890e-09   -3.0284947220e-07
  50.4700000    4.5549677359e-07    2.5171358821e-08   -8.3600584211e-07   -8.6581605496e-07   -1.3760080839e-07   -6.1642798286e-08   -4.5849007168e-09   -3.0264646871e-07
  50.4800000    4.4981385269e-07    1.0020900115e-08   -9.1903262327e-07   -8.9122485491e-07   -1.4884961580e-07   -7.1299682627e-08   -4.6654009108e-09   -3.0245169488e-07
  50.4900000    4.4008040710e-07   -6.1623574521e-09   -9.8975602806e-07   -9.2077239178e-07   -1.5906567322e-07   -8.1705820544e-08   -4.7669054018e-09   -3.0226590532e-07
  50.5000000    4.2650021291e-07   -2.3203586606e-08   -1.0472463163e-06   -9.5410151012e-07   -1.6810001290e-07   -9.2674054343e-08   -4.8860043116e-09   -3.0208974041e-07
  50.5100000    4.0931772575e-07   -4.0911054821e-08   -1.0907672286e-06   -9.9080385697e-07   -1.7581693747e-07   -1.0400997866e-07   -5.0189567649e-09   -3.0192372826e-07
  50.5200000    3.8881370172e-07   -5.9078229085e-08   -1.1197864855e-06   -1.0304248285e-06   -1.8209643610e-07   -1.1551534614e-07   -5.1616919874e-09   -3.0176827039e-07
  50.5300000    3.6530016977e-07   -7.7486273292e-08   -1.1339832728e-06   -1.0724691760e-06   -1.8683631014e-07   -1.2699150960e-07   -5.3098862043e-09   -3.0162364354e-07
  50.5400000    3.3911490076e-07   -9.5906979592e-08   -1.1332525362e-06   -1.1164071561e-06   -1.8995402930e-07   -1.3824288747e-07   -5.4590135738e-09   -3.0148998776e-07
  50.5500000    3.1061567495e-07   -1.1410578533e-07   -1.1177060703e-06   -1.1616812360e-06   -1.9138825286e-07   -1.4908034889e-07   -5.6044206769e-09   -3.0136731459e-07
  50.5600000    2.8017415589e-07   -1.3184517173e-07   -1.0876703662e-06   -1.2077132666e-06   -1.9110002514e-07   -1.5932447190e-07   -5.7413663457e-09   -3.0125549891e-07
  50.5700000    2.4816984238e-07   -1.4888815284e-07   -1.0436812388e-06   -1.2539119516e-06   -1.8907353982e-07   -1.6880862121e-07   -5.8651238968e-09   -3.0115429074e-07
  50.5800000    2.1498399332e-07   -1.6500192699e-07   -9.8647535026e-07   -1.2996806320e-06   -1.8531655824e-07   -1.7738181764e-07   -5.9710234285e-09   -3.0106330636e-07
  50.5900000    1.8099377199e-07   -1.7996150690e-07   -9.1697866569e-07   -1.3444252511e-06   -1.7986043082e-07   -1.8491127518e-07   -6.0545390679e-09   -3.0098205081e-07
  50.6000000    1.4656672654e-07   -1.9355339045e-07   -8.3629213710e-07   -1.3875623138e-06   -1.7275967152e-07   -1.9128467651e-07   -6.1113478480e-09   -3.0090990099e-07
  50.6100000    1.1205569711e-07   -2.0557909596e-07   -7.4567476922e-07   -1.4285269194e-06   -1.6409120647e-07   -1.9641200863e-07   -6.1374010208e-09   -3.0084613128e-07
  50.6200000    7.7794244365e-08   -2.1585849120e-07   -6.4652426605e-07   -1.4667805671e-06   -1.5395317165e-07   -2.0022709268e-07   -6.1289990534e-09   -3.0078991433e-07
  50.6300000    4.4092732429e-08   -2.2423305618e-07   -5.4035570218e-07   -1.5018187497e-06   -1.4246341808e-07   -2.0268860347e-07   -6.0828443087e-09   -3.0074033125e-07
  50.6400000    1.1235123013e-08   -2.3056858864e-07   -4.2877840504e-07   -1.5331782008e-06   -1.2975766040e-07   -2.0378069009e-07   -5.9960978083e-09   -3.0069638757e-07
  50.6500000   -2.0523525603e-08   -2.3475784423e-07   -3.1347144425e-07   -1.5604436599e-06   -1.1598733065e-07   -2.0351314455e-07   -5.8664341593e-09   -3.0065700700e-07
  50.6600000   -5.0958762495e-08   -2.3672249236e-07   -1.9615812806e-07   -1.5832541092e-06   -1.0131719110e-07   -2.0192110138e-07   -5.6920912414e-09   -3.0062106048e-07
  50.6700000   -7.9877654990e-08   -2.3641485147e-07   -7.8579886266e-08   -1.6013083334e-06   -8.5922748587e-08   -1.9906429630e-07   -5.4718957556e-09   -3.0058737762e-07
  50.6800000   -1.0711899713e-07   -2.3381900761e-07    3.7530091708e-08   -1.6143697443e-06   -6.9987464917e-08   -1.9502589531e-07   -5.2053159441e-09   -3.0055473526e-07
  50.6900000   -1.3255269146e-07   -2.2895144545e-07    1.5047301628e-07   -1.6222704165e-06   -5.3699929100e-08   -1.8991088201e-07   -4.8924601247e-09   -3.0052189507e-07
  50.7000000   -1.5607862817e-07   -2.2186122058e-07    2.5861008290e-07   -1.6249141729e-06   -3.7250891851e-08   -1.8384408224e-07   -4.5341067308e-09   -3.0048760707e-07
  50.7100000   -1.7762480928e-07   -2.1262944682e-07    3.6038708914e-07   -1.6222787637e-06   -2.0830393776e-08   -1.7696782923e-07   -4.1317077018e-09   -3.0045060492e-07
  50.7200000   -1.9714506329e-07   -2.0136843285e-07    4.5435768016e-07   -1.6144170299e-06   -4.6248327870e-09   -1.6943930471e-07   -3.6873621377e-09   -3.0040963641e-07
  50.7300000   -2.1461633134e-07   -1.8822019309e-07    5.3920490464e-07   -1.6014570332e-06    1.1185782650e-08   -1.6142762669e-07   -3.2038380033e-09   -3.0036346998e-07
  50.7400000   -2.3003567427e-07   -1.7335449471e-07    6.1376068834e-07   -1.5836011190e-06    2.6430463870e-08   -1.5311073430e-07   -2.6845133863e-09   -3.0031088939e-07
  50.7500000   -2.4341708208e-07   -1.5696649838e-07    6.7702301556e-07   -1.5611239313e-06    4.0949691411e-08   -1.4467208310e-07   -2.1333759472e-09   -3.0025072769e-07
  50.7600000   -2.5478818382e-07   -1.3927384109e-07    7.2817046345e-07   -1.5343693544e-06    5.4597613666e-08   -1.3629726884e-07   -1.5549500285e-09   -3.0018184525e-07
  50.7700000   -2.6418704106e-07   -1.2051354528e-07    7.6657391259e-07   -1.5037464099e-06    6.7243978609e-08   -1.2817060462e-07   -9.5426907912e-10   -3.0010316347e-07
  50.7800000   -2.7165906060e-07   -1.0093849416e-07    7.9180526257e-07   -1.4697241786e-06    7.8775799304e-08   -1.2047173699e-07   -3.3681782138e-10   -3.0001365349e-07
  50.7900000   -2.7725416094e-07   -8.0813665534e-08    8.0364300545e-07   -1.4328257767e-06    8.9098632860e-08   -1.1337229297e-07    2.9155656855e-10   -2.9991235460e-07
  50.8000000   -2.8102423509e-07   -6.0412193001e-08    8.0207451286e-07   -1.3936214375e-06    9.8137592011e-08   -1.0703273207e-07    9.2468272460e-10   -2.9979836976e-07
  50.8100000   -2.8302096910e-07   -4.0011364475e-08    7.8729513734e-07   -1.3527208042e-06    1.0583796526e-07   -1.0159938297e-07    1.5561587978e-09   -2.9967087638e-07
  50.8200000   -2.8329421376e-07   -1.9888434675e-08    7.5970402837e-07   -1.3107645311e-06    1.1216549929e-07   -9.7201693811e-08    2.1794229719e-09   -2.9952912670e-07
  50.8300000   -2.8189065121e-07   -3.1658490533e-10    7.1989676038e-07   -1.2684152819e-06    1.1710633619e-07   -9.3949851893e-08    2.7878559046e-09   -2.9937244779e-07
  50.8400000   -2.7885311597e-07    1.8439136648e-08    6.6865492338e-07   -1.2263482929e-06    1.2066660733e-07   -9.1932676748e-08    3.3748411548e-09   -2.9920025983e-07
  50.8500000   -2.7422037930e-07    3.6125662991e-08    6.0693279955e-07   -1.1852415339e-06    1.2287169657e-07   -9.1215985985e-08    3.9338576478e-09   -2.9901205408e-07
  50.8600000   -2.6802726315e-07    5.2505560520e-08    5.3584137968e-07   -1.1457657195e-06    1.2376521778e-07   -9.1841291470e-08    4.4585772481e-09   -2.9880742116e-07
  50.8700000   -2.6030540947e-07    6.7360493259e-08    4.5662991334e-07   -1.1085742245e-06    1.2340772014e-07   -9.3824995548e-08    4.9429395923e-09   -2.9858602535e-07
  50.8800000   -2.5108429663e-07    8.0494262071e-08    3.7066537202e-07   -1.0742931296e-06    1.2187514521e-07   -9.7158006500e-08    5.3812273752e-09   -2.9834762365e-07
  50.8900000   -2.4039264927e-07    9.1735563544e-08    2.7941004958e-07   -1.0435114382e-06    1.1925706769e-07   -1.0180585680e-07    5.7681538835e-09   -2.9809206763e-07
  50.9000000   -2.2826007570e-07    1.0094032416e-07    1.8439777705e-07   -1.0167717315e-06    1.1565477660e-07   -1.0770923551e-07    6.0989296077e-09   -2.9781928961e-07
  50.9100000   -2.1471890807e-07    1.0799361253e-07    8.7208991316e-08   -9.9456132707e-07    1.1117922747e-07   -1.1478500724e-07    6.3693273572e-09   -2.9752931539e-07
  50.9200000   -1.9980618125e-07    1.1281108988e-07   -1.0554812932e-08   -9.7730412907e-07    1.0594891686e-07   -1.2292767425e-07    6.5757497323e-09   -2.9722225332e-07
  50.9300000   -1.8356556177e-07    1.1533992645e-07   -1.0729694209e-07   -9.6535327467e-07    1.0008769173e-07   -1.3201120839e-07    6.7152694755e-09   -2.9689831038e-07
  50.9400000   -1.6604924666e-07    1.1555936309e-07   -2.0145116942e-07   -9.5898472437e-07    9.3722562935e-08   -1.4189129853e-07    6.7856772828e-09   -2.9655777655e-07
  50.9500000   -1.4731972481e-07    1.1348065186e-07   -2.9150687932e-07   -9.5839188519e-07    8.6981520953e-08   -1.5240792262e-07    6.7855221910e-09   -2.9620102589e-07
  50.9600000   -1.2745128743e-07    1.0914657356e-07   -3.7603323779e-07   -9.6368139417e-07    7.9991500115e-08   -1.6338821822e-07    6.7141212065e-09   -2.9582853130e-07
  50.9700000   -1.0653129677e-07    1.0263041497e-07   -4.5370201315e-07   -9.7487014513e-07    7.2876364025e-08   -1.7464957426e-07    6.5715923170e-09   -2.9544084129e-07
  50.9800000   -8.4661044499e-08    9.4034639411e-08   -5.2330867335e-07   -9.9188360163e-07    6.5755076252e-08   -1.8600291646e-07    6.3588308962e-09   -2.9503859829e-07
  50.9900000   -6.1956295251e-08    8.3488926216e-08   -5.8379143706e-07   -1.0145554776e-06    5.8739990485e-08   -1.9725614182e-07    6.0775360189e-09   -2.9462252268e-07
  51.0000000   -3.8547350076e-08    7.1147966237e-08   -6.3424792753e-07   -1.0426287680e-06    5.1935389102e-08   -2.0821757490e-07    5.7301776655e-09   -2.9419342388e-07
  51.0100000   -1.4578779028e-08    5.7188821294e-08   -6.7394925654e-07   -1.0757582254e-06    4.5436181221e-08   -2.1869944679e-07    5.3199499619e-09   -2.9375218866e-07
  51.0200000    9.7913887562e-09    4.1808041549e-08   -7.0235117041e-07   -1.1135141727e-06    3.9326813265e-08   -2.2852132240e-07    4.8507682343e-09   -2.9329979000e-07
  51.0300000    3.4392837704e-08    2.5218400792e-08   -7.1910220009e-07   -1.1553876989e-06    3.3680411635e-08   -2.3751336573e-07    4.3272076560e-09   -2.9283726886e-07
  51.0400000    5.9044524143e-08    7.6455157742e-09   -7.2404862673e-07   -1.2007970952e-06    2.8558186791e-08   -2.4551944903e-07    3.7544435359e-09   -2.9236574393e-07
  51.0500000    8.3556589535e-08   -1.0675616716e-08   -7.1723614555e-07   -1.2490955628e-06    2.4009010392e-08   -2.5240001685e-07    3.1382042075e-09   -2.9188640116e-07
  51.0600000    1.0773260433e-07   -2.9504398795e-08   -6.9890833421e-07   -1.2995800250e-06    2.0069240565e-08   -2.5803463546e-07    2.4846772689e-09   -2.9140050243e-07
  51.0700000    1.3137201916e-07   -4.8598154726e-08   -6.6950175550e-07   -1.3515009322e-06    1.6762776840e-08   -2.6232422370e-07    1.8004485364e-09   -2.9090935316e-07
  51.0800000    1.5427285633e-07   -6.7715818021e-08   -6.2963795225e-07   -1.4040729398e-06    1.4101281621e-08   -2.6519286553e-07    1.0924210995e-09   -2.9041432082e-07
  51.0900000    1.7623435203e-07   -8.6621416347e-08   -5.8011237525e-07   -1.4564863479e-06    1.2084607063e-08   -2.6658926435e-07    3.6772919064e-10   -2.8991683272e-07
  51.1000000    1.9705987662e-07   -1.0508741736e-07   -5.2188039380e-07   -1.5079190599e-06    1.0701371573e-08   -2.6648767750e-07   -3.6635774976e-10   -2.8941834010e-07
  51.1100000    2.1655958581e-07   -1.2289782247e-07   -4.5604073647e-07   -1.5575489297e-06    9.9296916103e-09   -2.6488845362e-07   -1.1025170705e-09   -2.8892033718e-07
  51.1200000    2.3455316116e-07   -1.3985102891e-07   -3.8381652724e-07   -1.6045663414e-06    9.7380388652e-09   -2.6181804349e-07   -1.8334697519e-09   -2.8842433794e-07
  51.1300000    2.5087215113e-07   -1.5576226333e-07   -3.0653426219e-07   -1.6481867891e-06    1.0086187052e-08   -2.5732858391e-07   -2.5520642574e-09   -2.8793186668e-07
  51.1400000    2.6536233211e-07   -1.7046579480e-07   -2.2560106885e-07   -1.6876632555e-06    1.0926239260e-08   -2.5149698421e-07   -3.2513755229e-09   -2.8744445771e-07
  51.1500000    2.7788559073e-07   -1.8381650208e-07   -1.4248066674e-07   -1.7222982328e-06    1.2203725574e-08   -2.4442354813e-07   -3.9247834820e-09   -2.8696363437e-07
  51.1600000    2.8832161030e-07   -1.9569126045e-07   -5.8668365214e-08   -1.7514551911e-06    1.3858712425e-08   -2.3623024349e-07   -4.5660522074e-09   -2.8649089497e-07
  51.1700000    2.9656913054e-07   -2.0598968130e-07    2.4334447771e-08   -1.7745692317e-06    1.5826940082e-08   -2.2705846608e-07   -5.1694116267e-09   -2.8602770569e-07
  51.1800000    3.0254689960e-07   -2.1463448092e-07    1.0504591519e-07   -1.7911568966e-06    1.8040961191e-08   -2.1706654428e-07   -5.7296224124e-09   -2.8557549149e-07
  51.1900000    3.0619421809e-07   -2.2157138266e-07    1.8202898253e-07   -1.8008247730e-06    2.0431257372e-08   -2.0642688408e-07   -6.2420369248e-09   -2.8513561561e-07
  51.2000000    3.0747119986e-07   -2.2676855710e-07    2.5391592780e-07   -1.8032769521e-06    2.2927305839e-08   -1.9532287541e-07   -6.7026733133e-09   -2.8470936596e-07
  51.2100000    3.0635854419e-07   -2.3021567300e-07    3.1943169443e-07   -1.7983210332e-06    2.5458629535e-08   -1.8394558599e-07   -7.1082282744e-09   -2.8429794734e-07
  51.2200000    3.0285724104e-07   -2.3192255296e-07    3.7741570825e-07   -1.7858726428e-06    2.7955772396e-08   -1.7249032620e-07   -7.4561388825e-09   -2.8390245489e-07
  51.2300000    2.9698776258e-07   -2.3191753179e-07    4.2684169968e-07   -1.7659583600e-06    3.0351217613e-08   -1.6115312774e-07   -7.7446077818e-09   -2.8352387610e-07
  51.2400000    2.8878919641e-07   -2.3024551789e-07    4.6683533972e-07   -1.7387169893e-06    3.2580263901e-08   -1.5012722494e-07   -7.9726132876e-09   -2.8316307153e-07
  51.2500000    2.7831818400e-07   -2.2696587402e-07    4.9668924628e-07   -1.7043991312e-06    3.4581793115e-08   -1.3959956335e-07   -8.1399068794e-09   -2.8282075521e-07
  51.2600000    2.6564774038e-07   -2.2215013942e-07    5.1587519518e-07   -1.6633649643e-06    3.6298997241e-08   -1.2974746818e-07   -8.2470412095e-09   -2.8249749618e-07
  51.2700000    2.5086600047e-07   -2.1587969424e-07    5.2405329719e-07   -1.6160804192e-06    3.7680037107e-08   -1.2073542248e-07   -8.2953222255e-09   -2.8219369209e-07
  51.2800000    2.3407501447e-07   -2.0824348362e-07    5.2107797380e-07   -1.5631115344e-06    3.8678636034e-08   -1.1271215615e-07   -8.2868013685e-09   -2.8190958467e-07
  51.2900000    2.1538959304e-07   -1.9933572179e-07    5.0700061908e-07   -1.5051173235e-06    3.9254593783e-08   -1.0580796843e-07   -8.2242486397e-09   -2.8164521859e-07
  51.3000000    1.9493621821e-07   -1.8925389838e-07    4.8206893502e-07   -1.4428410153e-06    3.9374256586e-08   -1.0013243594e-07   -8.1110975449e-09   -2.8140046011e-07
  51.3100000    1.7285210630e-07   -1.7809691432e-07    4.4672287499e-07   -1.3770999222e-06    3.9010919384e-08   -9.5772470619e-08   -7.9513971654e-09   -2.8117498696e-07
  51.3200000    1.4928445949e-07   -1.6596351168e-07    4.0158733081e-07   -1.3087740173e-06    3.8145187142e-08   -9.2790817831e-08   -7.7497639141e-09   -2.8096827679e-07
  51.3300000    1.2438988511e-07   -1.5295101402e-07    3.4746163602e-07   -1.2387933813e-06    3.6765267014e-08   -9.1224978710e-08   -7.5113025234e-09   -2.8077961368e-07
  51.3400000    9.8333943000e-08   -1.3915454667e-07    2.8530602332e-07   -1.1681247723e-06    3.4867226450e-08   -9.1086609661e-08   -7.2415501613e-09   -2.8060809410e-07
  51.3500000    7.1290893540e-08   -1.2466652102e-07    2.1622535237e-07   -1.0977573427e-06    3.2455184310e-08   -9.2361436138e-08   -6.9463804718e-09   -2.8045260835e-07
  51.3600000    4.3443643395e-08   -1.0957656588e-07    1.4145030312e-07   -1.0286879583e-06    2.9541457641e-08   -9.5009563220e-08   -6.6319403897e-09   -2.8031187702e-07
  51.3700000    1.4983665672e-08   -9.3971861798e-08    6.2316308422e-08   -9.6190610468e-07    2.6146640260e-08   -9.8966329297e-08   -6.3045573526e-09   -2.8018443427e-07
  51.3800000   -1.3888874738e-08   -7.7937842118e-08   -1.9759256875e-08   -8.9837878591e-07    2.2299659497e-08   -1.0414361175e-07   -5.9706586853e-09   -2.8006864111e-07
  51.3900000   -4.2965102752e-08   -6.1559192274e-08   -1.0330147489e-07   -8.3903555457e-07    1.8037697628e-08   -1.1043151813e-07   -5.6366759616e-09   -2.7996271231e-07
  51.4000000   -7.2027405170e-08   -4.4921158955e-08   -1.8680328103e-07   -7.8475393769e-07    1.3406116795e-08   -1.1770051409e-07   -5.3089820915e-09   -2.7986470818e-07
  51.4100000   -1.0084954152e-07   -2.8111049700e-08   -2.6875149255e-07   -7.3634551449e-07    8.4582512869e-09   -1.2580391703e-07   -4.9937844326e-09   -2.7977256914e-07
  51.4200000   -1.2919693252e-07   -1.1219877091e-08   -3.4765306481e-07   -6.9454281570e-07    3.2551437908e-09   -1.3458070141e-07   -4.6970471245e-09   -2.7968411705e-07
  51.4300000   -1.5682726432e-07    5.6559921075e-09   -4.2206108725e-07   -6.5998729591e-07   -2.1348467193e-09   -1.4385852991e-07   -4.4244338881e-09   -2.7959709254e-07
  51.4400000   -1.8349132569e-07    2.2413149927e-08   -4.9060004708e-07   -6.3321859292e-07   -7.6365028022e-09   -1.5345704925e-07   -4.1812063732e-09   -2.7950916008e-07
  51.4500000   -2.0893423167e-07    3.8939766074e-08   -5.5199002485e-07   -6.1466520471e-07   -1.3168348756e-08   -1.6319128207e-07   -3.9721835751e-09   -2.7941793717e-07
  51.4600000   -2.3289710958e-07    5.5114269561e-08   -6.0506930263e-07   -6.0463679548e-07   -1.8643372489e-08   -1.7287513042e-07   -3.8016589643e-09   -2.7932100413e-07
  51.4700000   -2.5511920362e-07    7.0804514746e-08   -6.4881503773e-07   -6.0331823501e-07   -2.3969825390e-08   -1.8232486559e-07   -3.6733729829e-09   -2.7921596165e-07
  51.4800000   -2.7534040137e-07    8.5867343766e-08   -6.8236168923e-07   -6.1076553830e-07   -2.9052224375e-08   -1.9136260401e-07   -3.5904365125e-09   -2.7910041207e-07
  51.4900000   -2.9330419689e-07    1.0014857985e-07   -7.0501676729e-07   -6.2690365270e-07   -3.3792400733e-08   -1.9981963622e-07   -3.5553261094e-09   -2.7897201264e-07
  51.5000000   -3.0876116380e-07    1.1348367913e-07   -7.1627373178e-07   -6.5152634276e-07   -3.8090750180e-08   -2.0753958966e-07   -3.5698321008e-09   -2.7882849112e-07
  51.5100000   -3.2147277106e-07    1.2569894987e-07   -7.1582176100e-07   -6.8429801925e-07   -4.1847527620e-08   -2.1438135581e-07   -3.6350531928e-09   -2.7866767106e-07
  51.5200000   -3.3121551479e-07    1.3661340680e-07   -7.0355218229e-07   -7.2475765026e-07   -4.4964321101e-08   -2.2022174660e-07   -3.7513782839e-09   -2.7848748360e-07
  51.5300000   -3.3778526714e-07    1.4604127967e-07   -6.7956151802e-07   -7.7232455179e-07   -4.7345565424e-08   -2.2495774163e-07   -3.9185037681e-09   -2.7828601457e-07
