#       time         integral Re         integral Im         integral Re         integral Im         integral Re         integral Im
#       r =            10.000000           10.000000           14.000000           14.000000           18.000000           18.000000
   0.0100000   -1.6895668916e-03    1.4269334890e-11   -2.5385360143e-04    1.6281542387e-14   -5.7246141715e-05   -1.5783390627e-13
   0.0200000   -1.6888560783e-03    1.4190015759e-11   -2.5369602905e-04    1.5525068183e-14   -5.7233346722e-05   -1.5945155847e-13
   0.0300000   -1.6881548574e-03    1.3979880899e-11   -2.5355119708e-04    1.5407283376e-14   -5.7220689274e-05   -1.6229973210e-13
   0.0400000   -1.6874511657e-03    1.3653109580e-11   -2.5341730512e-04    1.7976501993e-14   -5.7208168021e-05   -1.6640481799e-13
   0.0500000   -1.6867308120e-03    1.3232489631e-11   -2.5329188748e-04    1.6506956808e-14   -5.7195775717e-05   -1.7157643098e-13
   0.0600000   -1.6859795918e-03    1.2739843501e-11   -2.5317191463e-04    1.6230386199e-14   -5.7183499963e-05   -1.7770465062e-13
   0.0700000   -1.6851854096e-03    1.2198980187e-11   -2.5305395077e-04    1.7088803616e-14   -5.7171323375e-05   -1.8443488863e-13
   0.0800000   -1.6843401467e-03    1.1648990550e-11   -2.5293432294e-04    1.6652361359e-14   -5.7159223936e-05   -1.9151141087e-13
   0.0900000   -1.6834410462e-03    1.1127697386e-11   -2.5280929537e-04    1.6881597707e-14   -5.7147175306e-05   -1.9867433156e-13
   0.1000000   -1.6824914464e-03    1.0684325620e-11   -2.5267524143e-04    1.6652216739e-14   -5.7135147320e-05   -2.0528983890e-13
   0.1100000   -1.6815007730e-03    1.0354616293e-11   -2.5252880657e-04    1.6729181817e-14   -5.7123106397e-05   -2.1027255905e-13
   0.1200000   -1.6804837902e-03    1.0190288340e-11   -2.5236705521e-04    1.5146764135e-14   -5.7111016181e-05   -2.1410113633e-13
   0.1300000   -1.6794591978e-03    1.0208719328e-11   -2.5218759843e-04    1.6858750507e-14   -5.7098837999e-05   -2.1538205907e-13
   0.1400000   -1.6784477380e-03    1.0420294184e-11   -2.5198869573e-04    1.6210607971e-14   -5.7086531602e-05   -2.1385672829e-13
   0.1500000   -1.6774700341e-03    1.0815569373e-11   -2.5176932917e-04    1.5383699167e-14   -5.7074055699e-05   -2.1028067189e-13
   0.1600000   -1.6765444100e-03    1.1351315556e-11   -2.5152924764e-04    1.4470368270e-14   -5.7061368680e-05   -2.0285839773e-13
   0.1700000   -1.6756849426e-03    1.1968498230e-11   -2.5126898065e-04    1.6713981360e-14   -5.7048429203e-05   -1.9225443409e-13
   0.1800000   -1.6748999645e-03    1.2601372087e-11   -2.5098982218e-04    1.5682057919e-14   -5.7035196898e-05   -1.7944511530e-13
   0.1900000   -1.6741911837e-03    1.3162431968e-11   -2.5069378582e-04    1.4624711081e-14   -5.7021633033e-05   -1.6495958853e-13
   0.2000000   -1.6735535123e-03    1.3588691222e-11   -2.5038353464e-04    1.4715227242e-14   -5.7007701127e-05   -1.4869444344e-13
   0.2100000   -1.6729756106e-03    1.3819188755e-11   -2.5006228868e-04    1.6917319673e-14   -5.6993367631e-05   -1.3163833327e-13
   0.2200000   -1.6724410791e-03    1.3832887452e-11   -2.4973371449e-04    1.8590728148e-14   -5.6978602543e-05   -1.1577431120e-13
   0.2300000   -1.6719301523e-03    1.3624784153e-11   -2.4940180136e-04    1.5552529011e-14   -5.6963380064e-05   -1.0140392658e-13
   0.2400000   -1.6714217026e-03    1.3228128792e-11   -2.4907072936e-04    1.3891993847e-14   -5.6947679169e-05   -9.0173115401e-14
   0.2500000   -1.6708953311e-03    1.2693952911e-11   -2.4874473375e-04    1.6216398828e-14   -5.6931484254e-05   -8.2561410155e-14
   0.2600000   -1.6703333188e-03    1.2092562896e-11   -2.4842797132e-04    1.6693818178e-14   -5.6914785615e-05   -7.9637005293e-14
   0.2700000   -1.6697222360e-03    1.1504692002e-11   -2.4812439260e-04    1.4200257763e-14   -5.6897580061e-05   -8.0717706004e-14
   0.2800000   -1.6690540489e-03    1.1011053719e-11   -2.4783762445e-04    1.4996402622e-14   -5.6879871337e-05   -8.4537178126e-14
   0.2900000   -1.6683266228e-03    1.0655798399e-11   -2.4757086671e-04    1.6939407645e-14   -5.6861670666e-05   -9.2880177623e-14
   0.3000000   -1.6675435880e-03    1.0486896207e-11   -2.4732680518e-04    1.5572436804e-14   -5.6842997031e-05   -1.0131203834e-13
   0.3100000   -1.6667136047e-03    1.0519230475e-11   -2.4710754362e-04    1.8450201028e-14   -5.6823877502e-05   -1.0869742971e-13
   0.3200000   -1.6658491257e-03    1.0741090513e-11   -2.4691455612e-04    1.6026863281e-14   -5.6804347482e-05   -1.1370172784e-13
   0.3300000   -1.6649648061e-03    1.1116966970e-11   -2.4674865972e-04    1.8787976837e-14   -5.6784450804e-05   -1.1324003037e-13
   0.3400000   -1.6640757451e-03    1.1608472111e-11   -2.4661000807e-04    1.9058438825e-14   -5.6764239666e-05   -1.0491033080e-13
   0.3500000   -1.6631957573e-03    1.2170173908e-11   -2.4649810457e-04    1.7774547941e-14   -5.6743774491e-05   -8.5334003636e-14
   0.3600000   -1.6623358615e-03    1.2731945276e-11   -2.4641183380e-04    1.9305823704e-14   -5.6723123587e-05   -5.4631908459e-14
   0.3700000   -1.6615031535e-03    1.3247837217e-11   -2.4634950954e-04    1.4601776036e-14   -5.6702362645e-05   -1.0857124008e-14
   0.3800000   -1.6607001748e-03    1.3675318458e-11   -2.4630893666e-04    1.6203888114e-14   -5.6681574000e-05    4.7492986454e-14
   0.3900000   -1.6599248391e-03    1.3998700713e-11   -2.4628748445e-04    1.4829463896e-14   -5.6660845669e-05    1.1590681812e-13
   0.4000000   -1.6591709096e-03    1.4191246768e-11   -2.4628216894e-04    1.8147823854e-14   -5.6640270328e-05    1.9455844183e-13
   0.4100000   -1.6584289575e-03    1.4251862692e-11   -2.4628974082e-04    2.3439868642e-14   -5.6619943825e-05    2.7858719186e-13
   0.4200000   -1.6576876780e-03    1.4202369905e-11   -2.4630677677e-04    1.8940209297e-14   -5.6599963668e-05    3.6379279557e-13
   0.4300000   -1.6569353993e-03    1.4037085636e-11   -2.4632977116e-04    2.2925522361e-14   -5.6580427258e-05    4.4569874770e-13
   0.4400000   -1.6561615989e-03    1.3791871800e-11   -2.4635522592e-04    2.5136742362e-14   -5.6561429909e-05    5.1894093774e-13
   0.4500000   -1.6553582468e-03    1.3478380669e-11   -2.4637973621e-04    2.5918260058e-14   -5.6543062771e-05    5.7445548195e-13
   0.4600000   -1.6545208176e-03    1.3119587365e-11   -2.4640006981e-04    2.7925355425e-14   -5.6525410586e-05    6.0771571221e-13
   0.4700000   -1.6536488596e-03    1.2737215550e-11   -2.4641323893e-04    2.0576433794e-14   -5.6508549378e-05    6.1642909588e-13
   0.4800000   -1.6527460658e-03    1.2359830314e-11   -2.4641656276e-04    2.6504664225e-14   -5.6492544131e-05    5.9395281438e-13
   0.4900000   -1.6518198552e-03    1.1996253300e-11   -2.4640771990e-04    2.5277564917e-14   -5.6477446614e-05    5.3952855139e-13
   0.5000000   -1.6508805312e-03    1.1669083197e-11   -2.4638478960e-04    1.8057573531e-14   -5.6463293092e-05    4.5404781020e-13
   0.5100000   -1.6499401352e-03    1.1385715131e-11   -2.4634628177e-04    2.5980884576e-14   -5.6450102424e-05    3.3530703519e-13
   0.5200000   -1.6490111413e-03    1.1162138132e-11   -2.4629115482e-04    1.9075783948e-14   -5.6437874273e-05    1.8928600573e-13
   0.5300000   -1.6481051506e-03    1.1014041274e-11   -2.4621882230e-04    2.1973365729e-14   -5.6426587726e-05    1.9134873272e-14
   0.5400000   -1.6472317315e-03    1.0940032650e-11   -2.4612914750e-04    2.2270956928e-14   -5.6416200268e-05   -1.6652427759e-13
   0.5500000   -1.6463975240e-03    1.0943551906e-11   -2.4602242702e-04    2.4856344839e-14   -5.6406647196e-05   -3.6427124421e-13
   0.5600000   -1.6456056838e-03    1.1041467742e-11   -2.4589936396e-04    2.1469028902e-14   -5.6397841592e-05   -5.6593127423e-13
   0.5700000   -1.6448556968e-03    1.1197177869e-11   -2.4576103155e-04    2.0615448888e-14   -5.6389674795e-05   -7.6340970303e-13
   0.5800000   -1.6441435460e-03    1.1420725710e-11   -2.4560882780e-04    2.6191976815e-14   -5.6382017521e-05   -9.5153835390e-13
   0.5900000   -1.6434621820e-03    1.1696868968e-11   -2.4544442344e-04    2.4050796273e-14   -5.6374721593e-05   -1.1260653836e-12
   0.6000000   -1.6428022165e-03    1.2012039968e-11   -2.4526970317e-04    2.2044706156e-14   -5.6367622248e-05   -1.2822121145e-12
   0.6100000   -1.6421527547e-03    1.2328689778e-11   -2.4508670316e-04    2.1939404791e-14   -5.6360541091e-05   -1.4160918307e-12
   0.6200000   -1.6415022773e-03    1.2634574818e-11   -2.4489754559e-04    1.9536070611e-14   -5.6353289536e-05   -1.5278799060e-12
   0.6300000   -1.6408395001e-03    1.2906866659e-11   -2.4470437251e-04    2.9382247768e-14   -5.6345672854e-05   -1.6124125468e-12
   0.6400000   -1.6401541525e-03    1.3116883742e-11   -2.4450928091e-04    2.9987571253e-14   -5.6337494588e-05   -1.6740127969e-12
   0.6500000   -1.6394376340e-03    1.3259069810e-11   -2.4431426099e-04    2.8286237076e-14   -5.6328561239e-05   -1.7053023055e-12
   0.6600000   -1.6386835244e-03    1.3311970211e-11   -2.4412113897e-04    2.3824790959e-14   -5.6318687302e-05   -1.7097237005e-12
   0.6700000   -1.6378879325e-03    1.3273614124e-11   -2.4393152731e-04    2.4871524419e-14   -5.6307700243e-05   -1.6828098010e-12
   0.6800000   -1.6370496747e-03    1.3141805992e-11   -2.4374678280e-04    1.9423928154e-14   -5.6295445505e-05   -1.6215437676e-12
   0.6900000   -1.6361702798e-03    1.2930835568e-11   -2.4356797492e-04    2.2765620670e-14   -5.6281791173e-05   -1.5209226126e-12
   0.7000000   -1.6352538192e-03    1.2669488191e-11   -2.4339586469e-04    2.7482431788e-14   -5.6266632443e-05   -1.3743935956e-12
   0.7100000   -1.6343065652e-03    1.2387217674e-11   -2.4323089545e-04    2.2250808838e-14   -5.6249895283e-05   -1.1777461562e-12
   0.7200000   -1.6333364936e-03    1.2097288160e-11   -2.4307319516e-04    2.8893229348e-14   -5.6231539674e-05   -9.2886983285e-13
   0.7300000   -1.6323526579e-03    1.1839965745e-11   -2.4292259064e-04    3.0410452309e-14   -5.6211561808e-05   -6.2350147294e-13
   0.7400000   -1.6313644768e-03    1.1636474662e-11   -2.4277863288e-04    2.8730849797e-14   -5.6189995404e-05   -2.6547632191e-13
   0.7500000   -1.6303809959e-03    1.1522211929e-11   -2.4264063207e-04    2.8409659545e-14   -5.6166911923e-05    1.4172673250e-13
   0.7600000   -1.6294101918e-03    1.1493725168e-11   -2.4250770130e-04    2.6647741917e-14   -5.6142419744e-05    5.8644760391e-13
   0.7700000   -1.6284583915e-03    1.1564697881e-11   -2.4237880698e-04    2.9401823453e-14   -5.6116662039e-05    1.0518771561e-12
   0.7800000   -1.6275298709e-03    1.1723012185e-11   -2.4225282326e-04    3.4832734425e-14   -5.6089813616e-05    1.5136717199e-12
   0.7900000   -1.6266266796e-03    1.1969234236e-11   -2.4212858884e-04    3.7148908962e-14   -5.6062076545e-05    1.9451048007e-12
   0.8000000   -1.6257487082e-03    1.2273928329e-11   -2.4200496318e-04    4.5722133851e-14   -5.6033674886e-05    2.3141919574e-12
   0.8100000   -1.6248939843e-03    1.2623934158e-11   -2.4188087977e-04    4.2960696440e-14   -5.6004848411e-05    2.5822229394e-12
   0.8200000   -1.6240591480e-03    1.2993048922e-11   -2.4175539421e-04    4.5543494832e-14   -5.5975845721e-05    2.7175380082e-12
   0.8300000   -1.6232400336e-03    1.3346659159e-11   -2.4162772493e-04    4.7115926509e-14   -5.5946916812e-05    2.6841256085e-12
   0.8400000   -1.6224322670e-03    1.3659826565e-11   -2.4149728475e-04    4.9774684019e-14   -5.5918305456e-05    2.4607555924e-12
   0.8500000   -1.6216317901e-03    1.3913762592e-11   -2.4136370218e-04    4.5510726346e-14   -5.5890241539e-05    2.0274765908e-12
   0.8600000   -1.6208352378e-03    1.4080216096e-11   -2.4122683117e-04    4.9703516331e-14   -5.5862933732e-05    1.3784809238e-12
   0.8700000   -1.6200401199e-03    1.4165702214e-11   -2.4108674976e-04    4.3329904373e-14   -5.5836562803e-05    5.2162874930e-13
   0.8800000   -1.6192448006e-03    1.4139858965e-11   -2.4094374718e-04    4.2588296628e-14   -5.5811275682e-05   -5.2321941453e-13
   0.8900000   -1.6184482990e-03    1.4009217076e-11   -2.4079830064e-04    3.5666459023e-14   -5.5787180775e-05   -1.7109991848e-12
   0.9000000   -1.6176499728e-03    1.3769037803e-11   -2.4065104287e-04    2.2922549278e-14   -5.5764344523e-05   -2.9936562385e-12
   0.9100000   -1.6168491618e-03    1.3402452262e-11   -2.4050272239e-04    1.2093932703e-14   -5.5742789522e-05   -4.3043889783e-12
   0.9200000   -1.6160448752e-03    1.2958858496e-11   -2.4035415853e-04    3.2647377257e-15   -5.5722494248e-05   -5.5698885324e-12
   0.9300000   -1.6152355934e-03    1.2431652708e-11   -2.4020619321e-04    6.5730524049e-16   -5.5703394578e-05   -6.7125878634e-12
   0.9400000   -1.6144192312e-03    1.1852747193e-11   -2.4005964230e-04   -1.4580836089e-14   -5.5685386776e-05   -7.6535975873e-12
   0.9500000   -1.6135932726e-03    1.1262600331e-11   -2.3991524901e-04   -1.6774528451e-14   -5.5668332359e-05   -8.3188676861e-12
   0.9600000   -1.6127550541e-03    1.0689246621e-11   -2.3977364105e-04   -1.9523024554e-14   -5.5652064218e-05   -8.6539140711e-12
   0.9700000   -1.6119021398e-03    1.0167773643e-11   -2.3963529433e-04   -2.3993105877e-14   -5.5636393939e-05   -8.6146150301e-12
   0.9800000   -1.6110327151e-03    9.7367637944e-12   -2.3950050463e-04   -2.1920689451e-14   -5.5621120290e-05   -8.1768365381e-12
   0.9900000   -1.6101459187e-03    9.4337700277e-12   -2.3936936823e-04   -2.0186273227e-14   -5.5606038037e-05   -7.3426132072e-12
   1.0000000   -1.6092420459e-03    9.2853038612e-12   -2.3924177316e-04   -1.2248566878e-14   -5.5590947228e-05   -6.1363025571e-12
   1.0100000   -1.6083225798e-03    9.3097166199e-12   -2.3911740032e-04    2.2835779267e-15   -5.5575662204e-05   -4.6077460321e-12
   1.0200000   -1.6073900402e-03    9.5229118176e-12   -2.3899573540e-04    1.2848175327e-14   -5.5560020090e-05   -2.8254529202e-12
   1.0300000   -1.6064476753e-03    9.9108391739e-12   -2.3887609009e-04    2.2374369268e-14   -5.5543888391e-05   -8.7507809703e-13
   1.0400000   -1.6054990497e-03    1.0467634759e-11   -2.3875763209e-04    2.7877340484e-14   -5.5527171293e-05    1.1509098017e-12
   1.0500000   -1.6045476023e-03    1.1163850492e-11   -2.3863942184e-04    4.4390284624e-14   -5.5509814436e-05    3.1466341676e-12
   1.0600000   -1.6035962516e-03    1.1949899102e-11   -2.3852045482e-04    5.8729984462e-14   -5.5491807785e-05    5.0274089951e-12
   1.0700000   -1.6026471155e-03    1.2795211709e-11   -2.3839970685e-04    6.6370071509e-14   -5.5473186617e-05    6.7039136484e-12
   1.0800000   -1.6017013901e-03    1.3648200905e-11   -2.3827618101e-04    7.3741105774e-14   -5.5454030437e-05    8.1089881570e-12
   1.0900000   -1.6007594011e-03    1.4457211546e-11   -2.3814895284e-04    8.4236219912e-14   -5.5434459860e-05    9.2034923857e-12
   1.1000000   -1.5998208074e-03    1.5174380969e-11   -2.3801721350e-04    8.2355359795e-14   -5.5414631585e-05    9.9644244390e-12
   1.1100000   -1.5988849114e-03    1.5754169155e-11   -2.3788030753e-04    8.5505853098e-14   -5.5394731625e-05    1.0398465568e-11
   1.1200000   -1.5979510069e-03    1.6191873982e-11   -2.3773776457e-04    8.0975303320e-14   -5.5374967041e-05    1.0531035280e-11
   1.1300000   -1.5970186951e-03    1.6445380583e-11   -2.3758932315e-04    7.4363088578e-14   -5.5355556693e-05    1.0409660855e-11
   1.1400000   -1.5960881029e-03    1.6512701140e-11   -2.3743494617e-04    5.9590421188e-14   -5.5336721105e-05    1.0097976577e-11
   1.1500000   -1.5951599615e-03    1.6404553056e-11   -2.3727482720e-04    4.4687874863e-14   -5.5318672211e-05    9.6546213400e-12
   1.1600000   -1.5942355268e-03    1.6116263921e-11   -2.3710938736e-04    4.3508351550e-14   -5.5301603148e-05    9.1459420755e-12
   1.1700000   -1.5933163573e-03    1.5678304104e-11   -2.3693926333e-04    2.1478470619e-14   -5.5285678700e-05    8.6190014996e-12
   1.1800000   -1.5924039893e-03    1.5109791009e-11   -2.3676528680e-04    5.7497256867e-15   -5.5271026787e-05    8.1083348204e-12
   1.1900000   -1.5914995685e-03    1.4437957432e-11   -2.3658845616e-04   -7.0201631240e-15   -5.5257731370e-05    7.6213406698e-12
   1.2000000   -1.5906035066e-03    1.3698500165e-11   -2.3640990207e-04   -1.8846793030e-14   -5.5245827035e-05    7.1427519634e-12
   1.2100000   -1.5897152256e-03    1.2919313690e-11   -2.3623084749e-04   -2.7882759429e-14   -5.5235295530e-05    6.6254752839e-12
   1.2200000   -1.5888330375e-03    1.2158872060e-11   -2.3605256446e-04   -3.3957018631e-14   -5.5226064501e-05    6.0038283826e-12
   1.2300000   -1.5879541847e-03    1.1441151391e-11   -2.3587632866e-04   -2.5455859071e-14   -5.5218008372e-05    5.2034614059e-12
   1.2400000   -1.5870750403e-03    1.0786793971e-11   -2.3570337383e-04   -2.0834785113e-14   -5.5210951428e-05    4.1290856419e-12
   1.2500000   -1.5861914403e-03    1.0228400925e-11   -2.3553484707e-04   -1.6105724300e-14   -5.5204672810e-05    2.6999097930e-12
   1.2600000   -1.5852991019e-03    9.7863558119e-12   -2.3537176750e-04   -1.1751848769e-14   -5.5198913572e-05    8.5377503300e-13
   1.2700000   -1.5843940694e-03    9.4903845799e-12   -2.3521498853e-04    5.9602473564e-15   -5.5193385165e-05   -1.4493141433e-12
   1.2800000   -1.5834731267e-03    9.3233576921e-12   -2.3506516608e-04    8.6458848780e-15   -5.5187779197e-05   -4.2050283980e-12
   1.2900000   -1.5825341238e-03    9.2987891666e-12   -2.3492273304e-04    2.4268725477e-14   -5.5181778074e-05   -7.3657605783e-12
   1.3000000   -1.5815761789e-03    9.4152836271e-12   -2.3478788135e-04    3.3247998982e-14   -5.5175066076e-05   -1.0826087396e-11
   1.3100000   -1.5805997369e-03    9.6440061883e-12   -2.3466055190e-04    4.3733083526e-14   -5.5167340429e-05   -1.4431155863e-11
   1.3200000   -1.5796064849e-03    9.9788606429e-12   -2.3454043285e-04    4.9757762692e-14   -5.5158322075e-05   -1.7978900401e-11
   1.3300000   -1.5785991460e-03    1.0386303579e-11   -2.3442696644e-04    5.5365356800e-14   -5.5147765518e-05   -2.1230740973e-11
   1.3400000   -1.5775811821e-03    1.0856258981e-11   -2.3431936375e-04    5.8789778789e-14   -5.5135467670e-05   -2.3926347526e-11
   1.3500000   -1.5765564491e-03    1.1354562470e-11   -2.3421662757e-04    6.5466336065e-14   -5.5121275095e-05   -2.5801427978e-11
   1.3600000   -1.5755288438e-03    1.1869396408e-11   -2.3411758224e-04    6.6656836866e-14   -5.5105089701e-05   -2.6610765841e-11
   1.3700000   -1.5745019810e-03    1.2360230674e-11   -2.3402090945e-04    5.8056375811e-14   -5.5086872370e-05   -2.6151692853e-11
   1.3800000   -1.5734789294e-03    1.2827889397e-11   -2.3392518941e-04    5.3336307602e-14   -5.5066644727e-05   -2.4275607286e-11
   1.3900000   -1.5724620214e-03    1.3239100575e-11   -2.3382894534e-04    3.7054843421e-14   -5.5044488789e-05   -2.0917766598e-11
   1.4000000   -1.5714527467e-03    1.3574407684e-11   -2.3373069048e-04    2.5430699254e-14   -5.5020544599e-05   -1.6108249725e-11
   1.4100000   -1.5704517219e-03    1.3841947830e-11   -2.3362897556e-04    7.7727296377e-15   -5.4995005956e-05   -9.9788309586e-12
   1.4200000   -1.5694587298e-03    1.4012341657e-11   -2.3352243556e-04   -7.9235689877e-15   -5.4968114383e-05   -2.7632787478e-12
   1.4300000   -1.5684728104e-03    1.4112958222e-11   -2.3340983374e-04   -2.1524891090e-14   -5.4940151604e-05    5.2124449278e-12
   1.4400000   -1.5674923902e-03    1.4128026328e-11   -2.3329010175e-04   -3.2037131223e-14   -5.4911430638e-05    1.3534436756e-11
   1.4500000   -1.5665154340e-03    1.4094803547e-11   -2.3316237421e-04   -4.2468743316e-14   -5.4882286044e-05    2.1744228188e-11
   1.4600000   -1.5655396073e-03    1.4017096924e-11   -2.3302601665e-04   -5.8174713024e-14   -5.4853063460e-05    2.9339131232e-11
   1.4700000   -1.5645624389e-03    1.3923516336e-11   -2.3288064559e-04   -6.6854238937e-14   -5.4824108873e-05    3.5824027883e-11
   1.4800000   -1.5635814770e-03    1.3804070236e-11   -2.3272614035e-04   -8.3961195759e-14   -5.4795757866e-05    4.0748606739e-11
   1.4900000   -1.5625944321e-03    1.3686824899e-11   -2.3256264563e-04   -9.1979741969e-14   -5.4768325432e-05    4.3720203375e-11
   1.5000000   -1.5615993016e-03    1.3580460067e-11   -2.3239056533e-04   -9.4240648246e-14   -5.4742096367e-05    4.4457386027e-11
   1.5100000   -1.5605944704e-03    1.3498326130e-11   -2.3221054741e-04   -9.2046541455e-14   -5.4717316849e-05    4.2795190240e-11
   1.5200000   -1.5595787834e-03    1.3416370298e-11   -2.3202346048e-04   -9.1898428826e-14   -5.4694187198e-05    3.8721190791e-11
   1.5300000   -1.5585515833e-03    1.3354302956e-11   -2.3183036313e-04   -8.5132064031e-14   -5.4672856335e-05    3.2363358447e-11
   1.5400000   -1.5575127125e-03    1.3293452596e-11   -2.3163246693e-04   -8.9103685717e-14   -5.4653417903e-05    2.4006289888e-11
   1.5500000   -1.5564624765e-03    1.3238262000e-11   -2.3143109478e-04   -8.5267126367e-14   -5.4635908275e-05    1.4063592400e-11
   1.5600000   -1.5554015737e-03    1.3181697459e-11   -2.3122763604e-04   -8.1658918782e-14   -5.4620306481e-05    3.0549451439e-12
   1.5700000   -1.5543309964e-03    1.3110545569e-11   -2.3102350027e-04   -7.1265186872e-14   -5.4606536058e-05   -8.4157834326e-12
   1.5800000   -1.5532519161e-03    1.3029476079e-11   -2.3082007138e-04   -6.5422619837e-14   -5.4594468847e-05   -1.9701778790e-11
   1.5900000   -1.5521655648e-03    1.2936371679e-11   -2.3061866376e-04   -5.2022333598e-14   -5.4583930425e-05   -3.0168034762e-11
   1.6000000   -1.5510731300e-03    1.2824107724e-11   -2.3042048240e-04   -2.2955645753e-14   -5.4574707047e-05   -3.9213727813e-11
   1.6100000   -1.5499756762e-03    1.2699061858e-11   -2.3022658806e-04   -3.2985017272e-15   -5.4566553973e-05   -4.6324588765e-11
   1.6200000   -1.5488741041e-03    1.2536073317e-11   -2.3003786889e-04    2.9520162053e-14   -5.4559204667e-05   -5.1104362707e-11
   1.6300000   -1.5477691549e-03    1.2381038931e-11   -2.2985501966e-04    5.9569220513e-14   -5.4552380625e-05   -5.3297157437e-11
   1.6400000   -1.5466614571e-03    1.2218964560e-11   -2.2967852877e-04    9.6943337920e-14   -5.4545801500e-05   -5.2810904376e-11
   1.6500000   -1.5455516082e-03    1.2054249462e-11   -2.2950867356e-04    1.3978715459e-13   -5.4539194948e-05   -4.9712328153e-11
   1.6600000   -1.5444402760e-03    1.1914639118e-11   -2.2934552383e-04    1.8564026777e-13   -5.4532306020e-05   -4.4230682635e-11
   1.6700000   -1.5433283001e-03    1.1775506572e-11   -2.2918895278e-04    2.4074220337e-13   -5.4524905564e-05   -3.6727734358e-11
   1.6800000   -1.5422167725e-03    1.1684775088e-11   -2.2903865503e-04    2.9512452968e-13   -5.4516797464e-05   -2.7677009375e-11
   1.6900000   -1.5411070749e-03    1.1621444900e-11   -2.2889417032e-04    3.6057251928e-13   -5.4507824120e-05   -1.7626231168e-11
   1.7000000   -1.5400008611e-03    1.1602711407e-11   -2.2875491163e-04    4.2593847522e-13   -5.4497870365e-05   -7.1489647294e-12
   1.7100000   -1.5388999742e-03    1.1617118881e-11   -2.2862019642e-04    4.8480206864e-13   -5.4486865291e-05    3.1781658306e-12
   1.7200000   -1.5378063034e-03    1.1684425160e-11   -2.2848927939e-04    5.3730016516e-13   -5.4474782124e-05    1.2838038153e-11
   1.7300000   -1.5367215914e-03    1.1799503260e-11   -2.2836138520e-04    5.9821692074e-13   -5.4461636139e-05    2.1388116634e-11
   1.7400000   -1.5356472159e-03    1.1937886249e-11   -2.2823573957e-04    6.3817084662e-13   -5.4447480656e-05    2.8494328912e-11
   1.7500000   -1.5345839716e-03    1.2104450455e-11   -2.2811159773e-04    6.7954274934e-13   -5.4432401408e-05    3.3955161639e-11
   1.7600000   -1.5335318847e-03    1.2284167858e-11   -2.2798826883e-04    7.0293206695e-13   -5.4416509562e-05    3.7697148035e-11
   1.7700000   -1.5324900881e-03    1.2487192020e-11   -2.2786513543e-04    7.2207125134e-13   -5.4399933728e-05    3.9768802920e-11
   1.7800000   -1.5314567798e-03    1.2683069397e-11   -2.2774166761e-04    7.2831587220e-13   -5.4382811207e-05    4.0326091419e-11
   1.7900000   -1.5304292781e-03    1.2873210921e-11   -2.2761743116e-04    7.1271259798e-13   -5.4365279288e-05    3.9614506355e-11
   1.8000000   -1.5294041729e-03    1.3025997346e-11   -2.2749208994e-04    6.7436191368e-13   -5.4347466636e-05    3.7931137732e-11
   1.8100000   -1.5283775634e-03    1.3158751997e-11   -2.2736540273e-04    6.1756183811e-13   -5.4329485457e-05    3.5584104859e-11
   1.8200000   -1.5273453571e-03    1.3250815411e-11   -2.2723721488e-04    5.3204783584e-13   -5.4311424793e-05    3.2870032759e-11
   1.8300000   -1.5263035987e-03    1.3307940196e-11   -2.2710744589e-04    4.2424883281e-13   -5.4293345197e-05    3.0033564855e-11
   1.8400000   -1.5252487935e-03    1.3338839498e-11   -2.2697607331e-04    3.0184943263e-13   -5.4275275274e-05    2.7240534943e-11
   1.8500000   -1.5241781898e-03    1.3320703328e-11   -2.2684311466e-04    1.4442849237e-13   -5.4257210088e-05    2.4569097153e-11
   1.8600000   -1.5230899873e-03    1.3272105254e-11   -2.2670860803e-04   -2.5459275372e-14   -5.4239111559e-05    2.2006456071e-11
   1.8700000   -1.5219834539e-03    1.3200711888e-11   -2.2657259287e-04   -2.2295331023e-13   -5.4220910971e-05    1.9434493110e-11
   1.8800000   -1.5208589363e-03    1.3100592635e-11   -2.2643509174e-04   -4.4464414302e-13   -5.4202513312e-05    1.6666140261e-11
   1.8900000   -1.5197177721e-03    1.2986329445e-11   -2.2629609431e-04   -6.7325557898e-13   -5.4183803322e-05    1.3464271051e-11
   1.9000000   -1.5185621130e-03    1.2863665720e-11   -2.2615554455e-04   -9.1433498928e-13   -5.4164652985e-05    9.5657407050e-12
   1.9100000   -1.5173946874e-03    1.2743530131e-11   -2.2601333161e-04   -1.1592632046e-12   -5.4144929930e-05    4.7374861713e-12
   1.9200000   -1.5162185291e-03    1.2630198038e-11   -2.2586928510e-04   -1.4110742637e-12   -5.4124506493e-05   -1.2143409003e-12
   1.9300000   -1.5150367053e-03    1.2538043238e-11   -2.2572317493e-04   -1.6542988138e-12   -5.4103268815e-05   -8.3716987411e-12
   1.9400000   -1.5138520728e-03    1.2457189016e-11   -2.2557471590e-04   -1.8911587784e-12   -5.4081125704e-05   -1.6722579429e-11
   1.9500000   -1.5126670853e-03    1.2420575882e-11   -2.2542357696e-04   -2.1133307218e-12   -5.4058016515e-05   -2.6103396562e-11
   1.9600000   -1.5114836663e-03    1.2410977926e-11   -2.2526939438e-04   -2.3037246914e-12   -5.4033917893e-05   -3.6220417005e-11
   1.9700000   -1.5103031525e-03    1.2436781591e-11   -2.2511178871e-04   -2.4766412119e-12   -5.4008848853e-05   -4.6638475775e-11
   1.9800000   -1.5091263049e-03    1.2499188451e-11   -2.2495038470e-04   -2.5987434912e-12   -5.3982873950e-05   -5.6814748619e-11
   1.9900000   -1.5079533724e-03    1.2581657036e-11   -2.2478483298e-04   -2.6764346882e-12   -5.3956104380e-05   -6.6113782881e-11
   2.0000000   -1.5067841945e-03    1.2698988901e-11   -2.2461483299e-04   -2.7010498687e-12   -5.3928696771e-05   -7.3866506589e-11
   2.0100000   -1.5056183209e-03    1.2817366455e-11   -2.2444015581e-04   -2.6647686883e-12   -5.3900849906e-05   -7.9423158756e-11
   2.0200000   -1.5044551306e-03    1.2951174570e-11   -2.2426066576e-04   -2.5615338345e-12   -5.3872799210e-05   -8.2183932220e-11
   2.0300000   -1.5032939346e-03    1.3080411601e-11   -2.2407634006e-04   -2.3845346979e-12   -5.3844809377e-05   -8.1668138841e-11
   2.0400000   -1.5021340532e-03    1.3176808462e-11   -2.2388728519e-04   -2.1449729428e-12   -5.3817165441e-05   -7.7559402256e-11
   2.0500000   -1.5009748620e-03    1.3265355729e-11   -2.2369374925e-04   -1.8227731066e-12   -5.3790162510e-05   -6.9729252085e-11
   2.0600000   -1.4998158089e-03    1.3305544176e-11   -2.2349612947e-04   -1.4145157932e-12   -5.3764094707e-05   -5.8274466800e-11
   2.0700000   -1.4986564079e-03    1.3330803004e-11   -2.2329497433e-04   -9.4486412464e-13   -5.3739243686e-05   -4.3523853285e-11
   2.0800000   -1.4974962177e-03    1.3309703228e-11   -2.2309097953e-04   -3.9551865611e-13   -5.3715867341e-05   -2.6016993618e-11
   2.0900000   -1.4963348165e-03    1.3247315444e-11   -2.2288497830e-04    2.2394600632e-13   -5.3694188945e-05   -6.4945443751e-12
   2.1000000   -1.4951717786e-03    1.3175156652e-11   -2.2267792514e-04    8.9394869507e-13   -5.3674387392e-05    1.4150126656e-11
   2.1100000   -1.4940066634e-03    1.3072360413e-11   -2.2247087404e-04    1.6205730590e-12   -5.3656588712e-05    3.4925398996e-11
   2.1200000   -1.4928390168e-03    1.2943155977e-11   -2.2226495113e-04    2.4017105767e-12   -5.3640859500e-05    5.4795432799e-11
   2.1300000   -1.4916683861e-03    1.2809254934e-11   -2.2206132261e-04    3.2058894194e-12   -5.3627202145e-05    7.2751080664e-11
   2.1400000   -1.4904943469e-03    1.2688250216e-11   -2.2186115902e-04    4.0104231913e-12   -5.3615552409e-05    8.7878486624e-11
   2.1500000   -1.4893165347e-03    1.2564607045e-11   -2.2166559686e-04    4.8218540218e-12   -5.3605779265e-05    9.9410543516e-11
   2.1600000   -1.4881346783e-03    1.2453113817e-11   -2.2147569858e-04    5.6112538070e-12   -5.3597687018e-05    1.0678396049e-10
   2.1700000   -1.4869486270e-03    1.2366801905e-11   -2.2129241291e-04    6.3515456296e-12   -5.3591019752e-05    1.0967895480e-10
   2.1800000   -1.4857583704e-03    1.2285813863e-11   -2.2111653632e-04    7.0280408263e-12   -5.3585467819e-05    1.0802415413e-10
   2.1900000   -1.4845640460e-03    1.2250247964e-11   -2.2094867789e-04    7.6240357097e-12   -5.3580676243e-05    1.0201329209e-10
   2.2000000   -1.4833659350e-03    1.2230512005e-11   -2.2078922821e-04    8.0960655851e-12   -5.3576254724e-05    9.2081494772e-11
   2.2100000   -1.4821644475e-03    1.2234277440e-11   -2.2063833442e-04    8.4372151163e-12   -5.3571788881e-05    7.8880043002e-11
   2.2200000   -1.4809600987e-03    1.2256046209e-11   -2.2049588221e-04    8.6263900932e-12   -5.3566852429e-05    6.3212667562e-11
   2.2300000   -1.4797534777e-03    1.2294207540e-11   -2.2036148601e-04    8.6408793417e-12   -5.3561019740e-05    4.5999739111e-11
   2.2400000   -1.4785452120e-03    1.2352778072e-11   -2.2023448809e-04    8.4588804636e-12   -5.3553878529e-05    2.8199112375e-11
   2.2500000   -1.4773359286e-03    1.2421191414e-11   -2.2011396698e-04    8.0577662201e-12   -5.3545042206e-05    1.0741995517e-11
   2.2600000   -1.4761262120e-03    1.2495834998e-11   -2.1999875561e-04    7.4358276724e-12   -5.3534161364e-05   -5.5179898851e-12
   2.2700000   -1.4749165612e-03    1.2572433432e-11   -2.1988746861e-04    6.5845182805e-12   -5.3520934254e-05   -1.9873990741e-11
   2.2800000   -1.4737073463e-03    1.2651244121e-11   -2.1977853857e-04    5.4959021465e-12   -5.3505115750e-05   -3.1786595630e-11
   2.2900000   -1.4724987652e-03    1.2732741468e-11   -2.1967025989e-04    4.1617278666e-12   -5.3486524507e-05   -4.0933878100e-11
   2.3000000   -1.4712908049e-03    1.2801441096e-11   -2.1956083938e-04    2.6044166971e-12   -5.3465048283e-05   -4.7196606128e-11
   2.3100000   -1.4700832101e-03    1.2881331579e-11   -2.1944845177e-04    8.5238739037e-13   -5.3440646965e-05   -5.0663490709e-11
   2.3200000   -1.4688754643e-03    1.2922637923e-11   -2.1933129822e-04   -1.0936675479e-12   -5.3413353473e-05   -5.1609644235e-11
   2.3300000   -1.4676667876e-03    1.2952838552e-11   -2.1920766601e-04   -3.1786777203e-12   -5.3383272460e-05   -5.0455924750e-11
   2.3400000   -1.4664561556e-03    1.2970211012e-11   -2.1907598701e-04   -5.3771011518e-12   -5.3350576635e-05   -4.7728713093e-11
   2.3500000   -1.4652423416e-03    1.2975747020e-11   -2.1893489297e-04   -7.6372817459e-12   -5.3315501267e-05   -4.4000721548e-11
   2.3600000   -1.4640239811e-03    1.2970483545e-11   -2.1878326544e-04   -9.8930172165e-12   -5.3278336672e-05   -3.9842816499e-11
   2.3700000   -1.4627996556e-03    1.2967128713e-11   -2.1862027799e-04   -1.2093912726e-11   -5.3239419140e-05   -3.5786797579e-11
   2.3800000   -1.4615679890e-03    1.2934057260e-11   -2.1844542957e-04   -1.4182190116e-11   -5.3199120616e-05   -3.2258094725e-11
   2.3900000   -1.4603277476e-03    1.2908942895e-11   -2.1825856685e-04   -1.6086609729e-11   -5.3157837363e-05   -2.9573229285e-11
   2.4000000   -1.4590779336e-03    1.2879031329e-11   -2.1805989505e-04   -1.7724687678e-11   -5.3115978206e-05   -2.7900305936e-11
   2.4100000   -1.4578178610e-03    1.2859968204e-11   -2.1784997634e-04   -1.9047971771e-11   -5.3073952569e-05   -2.7266060126e-11
   2.4200000   -1.4565472078e-03    1.2846030989e-11   -2.1762971545e-04   -2.0000675258e-11   -5.3032158776e-05   -2.7560493808e-11
   2.4300000   -1.4552660361e-03    1.2844292194e-11   -2.1740033296e-04   -2.0511242652e-11   -5.2990973097e-05   -2.8553866315e-11
   2.4400000   -1.4539747796e-03    1.2844112355e-11   -2.1716332716e-04   -2.0567384121e-11   -5.2950739859e-05   -2.9941771401e-11
   2.4500000   -1.4526742021e-03    1.2857417561e-11   -2.1692042529e-04   -2.0131836406e-11   -5.2911762832e-05   -3.1364915149e-11
   2.4600000   -1.4513653307e-03    1.2879925103e-11   -2.1667352632e-04   -1.9190228749e-11   -5.2874298400e-05   -3.2462655265e-11
   2.4700000   -1.4500493737e-03    1.2898365214e-11   -2.1642463683e-04   -1.7743099694e-11   -5.2838550544e-05   -3.2910129827e-11
   2.4800000   -1.4487276334e-03    1.2911491525e-11   -2.1617580256e-04   -1.5821220868e-11   -5.2804667834e-05   -3.2440955015e-11
   2.4900000   -1.4474014224e-03    1.2926403945e-11   -2.1592903790e-04   -1.3463280509e-11   -5.2772742488e-05   -3.0892253754e-11
   2.5000000   -1.4460719909e-03    1.2946528487e-11   -2.1568625617e-04   -1.0722636226e-11   -5.2742811508e-05   -2.8208773661e-11
   2.5100000   -1.4447404720e-03    1.2944624416e-11   -2.1544920312e-04   -7.6617524015e-12   -5.2714859650e-05   -2.4448577809e-11
   2.5200000   -1.4434078438e-03    1.2926637931e-11   -2.1521939604e-04   -4.3777008094e-12   -5.2688824213e-05   -1.9776814694e-11
   2.5300000   -1.4420749090e-03    1.2906227489e-11   -2.1499807104e-04   -9.3990323296e-13   -5.2664601234e-05   -1.4444269741e-11
   2.5400000   -1.4407422882e-03    1.2868363095e-11   -2.1478614029e-04    2.5314061112e-12   -5.2642052940e-05   -8.7711472418e-12
   2.5500000   -1.4394104216e-03    1.2838382071e-11   -2.1458416088e-04    5.9736097141e-12   -5.2621015899e-05   -3.0943108870e-12
   2.5600000   -1.4380795744e-03    1.2781074442e-11   -2.1439231670e-04    9.2567900476e-12   -5.2601309650e-05    2.2575912933e-12
   2.5700000   -1.4367498433e-03    1.2737615221e-11   -2.1421041366e-04    1.2298199130e-11   -5.2582745382e-05    7.0024221938e-12
   2.5800000   -1.4354211622e-03    1.2694301853e-11   -2.1403788895e-04    1.5036262026e-11   -5.2565134191e-05    1.0931251847e-11
   2.5900000   -1.4340933068e-03    1.2640497289e-11   -2.1387383370e-04    1.7385398359e-11   -5.2548294623e-05    1.3942346728e-11
   2.6000000   -1.4327659018e-03    1.2610691988e-11   -2.1371702824e-04    1.9334738818e-11   -5.2532059209e-05    1.6054657921e-11
   2.6100000   -1.4314384327e-03    1.2594739137e-11   -2.1356598881e-04    2.0847690746e-11   -5.2516279623e-05    1.7397410960e-11
   2.6200000   -1.4301102668e-03    1.2591319229e-11   -2.1341902396e-04    2.1946847545e-11   -5.2500830398e-05    1.8215593887e-11
   2.6300000   -1.4287806831e-03    1.2594447509e-11   -2.1327429855e-04    2.2649353170e-11   -5.2485610959e-05    1.8837435288e-11
   2.6400000   -1.4274489142e-03    1.2611174230e-11   -2.1312990287e-04    2.2991230623e-11   -5.2470546021e-05    1.9646869101e-11
   2.6500000   -1.4261141956e-03    1.2636646603e-11   -2.1298392463e-04    2.3050997046e-11   -5.2455584356e-05    2.1051242127e-11
   2.6600000   -1.4247758191e-03    1.2665987147e-11   -2.1283452064e-04    2.2879972639e-11   -5.2440696003e-05    2.3432415462e-11
   2.6700000   -1.4234331843e-03    1.2690374552e-11   -2.1267998608e-04    2.2593229631e-11   -5.2425868254e-05    2.7096980906e-11
   2.6800000   -1.4220858406e-03    1.2733426586e-11   -2.1251881846e-04    2.2243631220e-11   -5.2411100530e-05    3.2256156925e-11
   2.6900000   -1.4207335153e-03    1.2766459870e-11   -2.1234977393e-04    2.1906572536e-11   -5.2396398498e-05    3.8979160972e-11
   2.7000000   -1.4193761220e-03    1.2805721613e-11   -2.1217191376e-04    2.1660093414e-11   -5.2381767805e-05    4.7178683517e-11
   2.7100000   -1.4180137486e-03    1.2853770894e-11   -2.1198463960e-04    2.1523374884e-11   -5.2367207733e-05    5.6597749451e-11
   2.7200000   -1.4166466251e-03    1.2882033475e-11   -2.1178771558e-04    2.1523570768e-11   -5.2352705196e-05    6.6821108728e-11
   2.7300000   -1.4152750773e-03    1.2914168574e-11   -2.1158127706e-04    2.1637289918e-11   -5.2338229359e-05    7.7293304151e-11
   2.7400000   -1.4138994706e-03    1.2935150814e-11   -2.1136582503e-04    2.1816175765e-11   -5.2323727234e-05    8.7341430438e-11
   2.7500000   -1.4125201535e-03    1.2930063508e-11   -2.1114220674e-04    2.1979833675e-11   -5.2309120484e-05    9.6230395269e-11
   2.7600000   -1.4111374082e-03    1.2917887479e-11   -2.1091158314e-04    2.2040711533e-11   -5.2294303725e-05    1.0319916529e-10
   2.7700000   -1.4097514141e-03    1.2888758991e-11   -2.1067538411e-04    2.1862054712e-11   -5.2279144358e-05    1.0751915643e-10
   2.7800000   -1.4083622313e-03    1.2857699682e-11   -2.1043525332e-04    2.1274717413e-11   -5.2263484107e-05    1.0854729252e-10
   2.7900000   -1.4069698029e-03    1.2800751158e-11   -2.1019298456e-04    2.0168899766e-11   -5.2247142148e-05    1.0576782984e-10
   2.8000000   -1.4055739785e-03    1.2741534531e-11   -2.0995045191e-04    1.8378063654e-11   -5.2229919906e-05    9.8836807941e-11
   2.8100000   -1.4041745528e-03    1.2686968631e-11   -2.0970953661e-04    1.5775102993e-11   -5.2211607195e-05    8.7611517598e-11
   2.8200000   -1.4027713155e-03    1.2619508431e-11   -2.0947205276e-04    1.2251415189e-11   -5.2191989612e-05    7.2160930933e-11
   2.8300000   -1.4013641047e-03    1.2568818726e-11   -2.0923967547e-04    7.7300575423e-12   -5.2170856819e-05    5.2762855186e-11
   2.8400000   -1.3999528582e-03    1.2507844617e-11   -2.0901387332e-04    2.1926941107e-12   -5.2148011489e-05    2.9910822250e-11
   2.8500000   -1.3985376552e-03    1.2478456775e-11   -2.0879584867e-04   -4.3268451169e-12   -5.2123278415e-05    4.2654619710e-12
   2.8600000   -1.3971187446e-03    1.2457333065e-11   -2.0858648741e-04   -1.1724775133e-11   -5.2096513618e-05   -2.3360097821e-11
   2.8700000   -1.3956965557e-03    1.2438917895e-11   -2.0838632063e-04   -1.9842063886e-11   -5.2067612876e-05   -5.2075237606e-11
   2.8800000   -1.3942716909e-03    1.2450361038e-11   -2.0819549964e-04   -2.8489538792e-11   -5.2036519356e-05   -8.0918980229e-11
   2.8900000   -1.3928449005e-03    1.2474975243e-11   -2.0801378557e-04   -3.7385741869e-11   -5.2003230104e-05   -1.0893782232e-10
   2.9000000   -1.3914170411e-03    1.2508859676e-11   -2.0784055409e-04   -4.6205005279e-11   -5.1967800941e-05   -1.3522463824e-10
   2.9100000   -1.3899890207e-03    1.2556758097e-11   -2.0767481516e-04   -5.4635128826e-11   -5.1930349610e-05   -1.5896203502e-10
   2.9200000   -1.3885617356e-03    1.2620043911e-11   -2.0751524748e-04   -6.2321374788e-11   -5.1891056935e-05   -1.7943757165e-10
   2.9300000   -1.3871360012e-03    1.2686834916e-11   -2.0736024638e-04   -6.8907835902e-11   -5.1850165782e-05   -1.9609236388e-10
   2.9400000   -1.3857124836e-03    1.2755211607e-11   -2.0720798338e-04   -7.4060002840e-11   -5.1807978006e-05   -2.0850534192e-10
   2.9500000   -1.3842916356e-03    1.2816821981e-11   -2.0705647553e-04   -7.7498888840e-11   -5.1764849072e-05   -2.1641197060e-10
   2.9600000   -1.3828736416e-03    1.2884589220e-11   -2.0690366179e-04   -7.9019708657e-11   -5.1721180666e-05   -2.1969403693e-10
   2.9700000   -1.3814583761e-03    1.2929115131e-11   -2.0674748352e-04   -7.8472569015e-11   -5.1677411485e-05   -2.1834138649e-10
   2.9800000   -1.3800453799e-03    1.2968742838e-11   -2.0658596627e-04   -7.5811283559e-11   -5.1634006369e-05   -2.1245405388e-10
   2.9900000   -1.3786338566e-03    1.2997166041e-11   -2.0641729932e-04   -7.1057682922e-11   -5.1591444027e-05   -2.0221489827e-10
   3.0000000   -1.3772226909e-03    1.3011050697e-11   -2.0623991015e-04   -6.4362674195e-11   -5.1550203915e-05   -1.8784508882e-10
   3.0100000   -1.3758104912e-03    1.3015231753e-11   -2.0605253054e-04   -5.5959110036e-11   -5.1510752502e-05   -1.6960942375e-10
   3.0200000   -1.3743956534e-03    1.2991269292e-11   -2.0585425185e-04   -4.6143679394e-11   -5.1473529509e-05   -1.4778106810e-10
   3.0300000   -1.3729764447e-03    1.2963348767e-11   -2.0564456701e-04   -3.5311000344e-11   -5.1438934442e-05   -1.2263877842e-10
   3.0400000   -1.3715511023e-03    1.2925058599e-11   -2.0542339717e-04   -2.3857047159e-11   -5.1407313950e-05   -9.4468898069e-11
   3.0500000   -1.3701179419e-03    1.2893181852e-11   -2.0519110215e-04   -1.2250489755e-11   -5.1378950472e-05   -6.3551649857e-11
   3.0600000   -1.3686754679e-03    1.2855841427e-11   -2.0494847366e-04   -9.0661816194e-13   -5.1354052539e-05   -3.0196576404e-11
   3.0700000   -1.3672224786e-03    1.2824353721e-11   -2.0469671148e-04    9.7823112918e-12   -5.1332747022e-05    5.2614379677e-12
   3.0800000   -1.3657581582e-03    1.2785986098e-11   -2.0443738313e-04    1.9445753011e-11   -5.1315073821e-05    4.2437873942e-11
   3.0900000   -1.3642821488e-03    1.2769548943e-11   -2.0417236872e-04    2.7830611798e-11   -5.1300982977e-05    8.0880901690e-11
   3.1000000   -1.3627945958e-03    1.2745970850e-11   -2.0390379247e-04    3.4774862562e-11   -5.1290334470e-05    1.2005356696e-10
   3.1100000   -1.3612961632e-03    1.2733197970e-11   -2.0363394369e-04    4.0239156915e-11   -5.1282900815e-05    1.5933955968e-10
   3.1200000   -1.3597880160e-03    1.2719189167e-11   -2.0336519024e-04    4.4269695821e-11   -5.1278372209e-05    1.9801180223e-10
   3.1300000   -1.3582717704e-03    1.2702974891e-11   -2.0309988753e-04    4.7059967876e-11   -5.1276364320e-05    2.3526985541e-10
   3.1400000   -1.3567494127e-03    1.2683904614e-11   -2.0284028682e-04    4.8884631391e-11   -5.1276428274e-05    2.7022777021e-10
   3.1500000   -1.3552231933e-03    1.2646302782e-11   -2.0258844613e-04    5.0113454400e-11   -5.1278062757e-05    3.0194599399e-10
   3.1600000   -1.3536955004e-03    1.2624803080e-11   -2.0234614759e-04    5.1157670378e-11   -5.1280727614e-05    3.2947277636e-10
   3.1700000   -1.3521687218e-03    1.2591542520e-11   -2.0211482411e-04    5.2443736835e-11   -5.1283858756e-05    3.5185738782e-10
   3.1800000   -1.3506451035e-03    1.2561376955e-11   -2.0189549892e-04    5.4404535194e-11   -5.1286883631e-05    3.6821270359e-10
   3.1900000   -1.3491266139e-03    1.2514066548e-11   -2.0168873986e-04    5.7411189463e-11   -5.1289237014e-05    3.7773595114e-10
   3.2000000   -1.3476148232e-03    1.2463261487e-11   -2.0149463080e-04    6.1743302229e-11   -5.1290376433e-05    3.7976930765e-10
   3.2100000   -1.3461108045e-03    1.2423609381e-11   -2.0131276117e-04    6.7563824994e-11   -5.1289796818e-05    3.7382315607e-10
   3.2200000   -1.3446150658e-03    1.2372924683e-11   -2.0114223437e-04    7.4877618497e-11   -5.1287043912e-05    3.5959904969e-10
   3.2300000   -1.3431275155e-03    1.2328155940e-11   -2.0098169466e-04    8.3533140165e-11   -5.1281725960e-05    3.3701862879e-10
   3.2400000   -1.3416474657e-03    1.2297559096e-11   -2.0082937203e-04    9.3200559945e-11   -5.1273523381e-05    3.0624047532e-10
   3.2500000   -1.3401736737e-03    1.2279195071e-11   -2.0068314307e-04    1.0339381472e-10   -5.1262196179e-05    2.6764405618e-10
   3.2600000   -1.3387044174e-03    1.2267672727e-11   -2.0054060584e-04    1.1343117549e-10   -5.1247588796e-05    2.2183689110e-10
   3.2700000   -1.3372376026e-03    1.2275917376e-11   -2.0039916593e-04    1.2249239920e-10   -5.1229632437e-05    1.6961827060e-10
   3.2800000   -1.3357708921e-03    1.2302386275e-11   -2.0025613029e-04    1.2974045021e-10   -5.1208344652e-05    1.1196419669e-10
   3.2900000   -1.3343018497e-03    1.2340525567e-11   -2.0010880596e-04    1.3421290908e-10   -5.1183826505e-05    4.9988584053e-11
   3.3000000   -1.3328280881e-03    1.2390873504e-11   -1.9995459880e-04    1.3501945021e-10   -5.1156257277e-05   -1.5086107737e-11
   3.3100000   -1.3313474093e-03    1.2459848476e-11   -1.9979110992e-04    1.3131169968e-10   -5.1125887037e-05   -8.1974725341e-11
   3.3200000   -1.3298579295e-03    1.2546390617e-11   -1.9961622489e-04    1.2236713997e-10   -5.1093027403e-05   -1.4935600690e-10
   3.3300000   -1.3283581774e-03    1.2638963850e-11   -1.9942819317e-04    1.0767569454e-10   -5.1058040784e-05   -2.1591500283e-10
   3.3400000   -1.3268471602e-03    1.2729002258e-11   -1.9922569430e-04    8.6941161428e-11   -5.1021328573e-05   -2.8036582796e-10
   3.3500000   -1.3253243937e-03    1.2825782195e-11   -1.9900788855e-04    6.0149920524e-11   -5.0983318590e-05   -3.4147323367e-10
   3.3600000   -1.3237898933e-03    1.2924702898e-11   -1.9877444999e-04    2.7626589689e-11   -5.0944452410e-05   -3.9807301773e-10
   3.3700000   -1.3222441303e-03    1.3019232565e-11   -1.9852558098e-04   -1.0021224560e-11   -5.0905172768e-05   -4.4908066908e-10
   3.3800000   -1.3206879565e-03    1.3101676272e-11   -1.9826200686e-04   -5.1850862397e-11   -5.0865911609e-05   -4.9350253539e-10
   3.3900000   -1.3191225040e-03    1.3163611277e-11   -1.9798495199e-04   -9.6614068486e-11   -5.0827079002e-05   -5.3043994056e-10
   3.4000000   -1.3175490705e-03    1.3200405366e-11   -1.9769609713e-04   -1.4281025044e-10   -5.0789053395e-05   -5.5908998208e-10
   3.4100000   -1.3159689990e-03    1.3186917751e-11   -1.9739752031e-04   -1.8875224453e-10   -5.0752173311e-05   -5.7874563793e-10
   3.4200000   -1.3143835614e-03    1.3154879762e-11   -1.9709162310e-04   -2.3259479438e-10   -5.0716730741e-05   -5.8879945104e-10
   3.4300000   -1.3127938566e-03    1.3077924696e-11   -1.9678104518e-04   -2.7245632145e-10   -5.0682966415e-05   -5.8875667847e-10
   3.4400000   -1.3112007283e-03    1.2973752796e-11   -1.9646857034e-04   -3.0648326514e-10   -5.0651066873e-05   -5.7823308943e-10
   3.4500000   -1.3096047105e-03    1.2836945509e-11   -1.9615702722e-04   -3.3294065948e-10   -5.0621163435e-05   -5.5697777783e-10
   3.4600000   -1.3080060016e-03    1.2696112379e-11   -1.9584918875e-04   -3.5030307033e-10   -5.0593332920e-05   -5.2488099297e-10
   3.4700000   -1.3064044682e-03    1.2528070960e-11   -1.9554767378e-04   -3.5732954111e-10   -5.0567599963e-05   -4.8199864520e-10
   3.4800000   -1.3047996764e-03    1.2337088286e-11   -1.9525485453e-04   -3.5315580778e-10   -5.0543940838e-05   -4.2857045903e-10
   3.4900000   -1.3031909455e-03    1.2165806512e-11   -1.9497277332e-04   -3.3730744746e-10   -5.0522288336e-05   -3.6503273977e-10
   3.5000000   -1.3015774193e-03    1.1985701513e-11   -1.9470307152e-04   -3.0978575958e-10   -5.0502537670e-05   -2.9204298862e-10
   3.5100000   -1.2999581463e-03    1.1813005836e-11   -1.9444693329e-04   -2.7104771050e-10   -5.0484552916e-05   -2.1048652552e-10
   3.5200000   -1.2983321633e-03    1.1690584197e-11   -1.9420504622e-04   -2.2199916878e-10   -5.0468173759e-05   -1.2148660479e-10
   3.5300000   -1.2966985739e-03    1.1594843680e-11   -1.9397757999e-04   -1.6401778223e-10   -5.0453222287e-05   -2.6387032543e-11
   3.5400000   -1.2950566164e-03    1.1556329307e-11   -1.9376418412e-04   -9.8840880200e-11   -5.0439509436e-05    7.3234585676e-11
   3.5500000   -1.2934057172e-03    1.1559730004e-11   -1.9356400440e-04   -2.8539536292e-11   -5.0426840954e-05    1.7561373746e-10
   3.5600000   -1.2917455251e-03    1.1618056897e-11   -1.9337571754e-04    4.4565876342e-11   -5.0415022552e-05    2.7881032259e-10
   3.5700000   -1.2900759277e-03    1.1729200251e-11   -1.9319758269e-04    1.1804092161e-10   -5.0403864139e-05    3.8076168586e-10
   3.5800000   -1.2883970480e-03    1.1892546869e-11   -1.9302750760e-04    1.8934990855e-10   -5.0393182985e-05    4.7931912876e-10
   3.5900000   -1.2867092259e-03    1.2083973012e-11   -1.9286312721e-04    2.5606936404e-10   -5.0382805768e-05    5.7231802737e-10
   3.6000000   -1.2850129856e-03    1.2329809950e-11   -1.9270189136e-04    3.1587786054e-10   -5.0372569483e-05    6.5760697889e-10
   3.6100000   -1.2833089956e-03    1.2597239142e-11   -1.9254115873e-04    3.6671292270e-10   -5.0362321310e-05    7.3314287667e-10
   3.6200000   -1.2815980228e-03    1.2863100945e-11   -1.9237829297e-04    4.0687335117e-10   -5.0351917510e-05    7.9701679963e-10
   3.6300000   -1.2798808878e-03    1.3120173296e-11   -1.9221075804e-04    4.3500248990e-10   -5.0341221506e-05    8.4752015567e-10
   3.6400000   -1.2781584232e-03    1.3354673500e-11   -1.9203620881e-04    4.5022624990e-10   -5.0330101443e-05    8.8318845656e-10
   3.6500000   -1.2764314385e-03    1.3561417322e-11   -1.9185257364e-04    4.5209323022e-10   -5.0318427385e-05    9.0284516577e-10
   3.6600000   -1.2747006932e-03    1.3694294639e-11   -1.9165812606e-04    4.4063688582e-10   -5.0306068494e-05    9.0562865327e-10
   3.6700000   -1.2729668786e-03    1.3776216915e-11   -1.9145154307e-04    4.1637599583e-10   -5.0292890293e-05    8.9101704633e-10
   3.6800000   -1.2712306083e-03    1.3777606951e-11   -1.9123194762e-04    3.8023729366e-10   -5.0278752573e-05    8.5883453769e-10
   3.6900000   -1.2694924151e-03    1.3708472831e-11   -1.9099893415e-04    3.3351007739e-10   -5.0263507879e-05    8.0926345147e-10
   3.7000000   -1.2677527528e-03    1.3576971872e-11   -1.9075257626e-04    2.7782130992e-10   -5.0247001001e-05    7.4282488650e-10
   3.7100000   -1.2660120003e-03    1.3359980434e-11   -1.9049341636e-04    2.1500893402e-10   -5.0229069531e-05    6.6037786326e-10
   3.7200000   -1.2642704663e-03    1.3090658524e-11   -1.9022243790e-04    1.4709289319e-10   -5.0209545639e-05    5.6310351516e-10
   3.7300000   -1.2625283900e-03    1.2788296086e-11   -1.8994102144e-04    7.6155538916e-11   -5.0188259073e-05    4.5245835271e-10
   3.7400000   -1.2607859403e-03    1.2456551321e-11   -1.8965088614e-04    4.2866215061e-12   -5.0165041345e-05    3.3017752404e-10
   3.7500000   -1.2590432085e-03    1.2117995049e-11   -1.8935401935e-04   -6.6494510041e-11   -5.0139731018e-05    1.9822357722e-10
   3.7600000   -1.2573001985e-03    1.1800989326e-11   -1.8905259689e-04   -1.3432066525e-10   -5.0112179956e-05    5.8767312421e-11
   3.7700000   -1.2555568133e-03    1.1503042904e-11   -1.8874889719e-04   -1.9750407297e-10   -5.0082260177e-05   -8.5849147902e-11
   3.7800000   -1.2538128400e-03    1.1246758151e-11   -1.8844521276e-04   -2.5457366383e-10   -5.0049871102e-05   -2.3313084095e-10
   3.7900000   -1.2520679377e-03    1.1041681901e-11   -1.8814376196e-04   -3.0433903933e-10   -5.0014946846e-05   -3.8048635191e-10
   3.8000000   -1.2503216283e-03    1.0907178111e-11   -1.8784660523e-04   -3.4585795598e-10   -4.9977463103e-05   -5.2524350207e-10
   3.8100000   -1.2485732955e-03    1.0863107896e-11   -1.8755556817e-04   -3.7843629070e-10   -4.9937443392e-05   -6.6469085941e-10
   3.8200000   -1.2468221919e-03    1.0889566744e-11   -1.8727217481e-04   -4.0165114135e-10   -4.9894964077e-05   -7.9611961387e-10
   3.8300000   -1.2450674580e-03    1.1008566933e-11   -1.8699759339e-04   -4.1528065521e-10   -4.9850158024e-05   -9.1685635105e-10
   3.8400000   -1.2433081520e-03    1.1207962301e-11   -1.8673259671e-04   -4.1934650089e-10   -4.9803216432e-05   -1.0243233360e-09
   3.8500000   -1.2415432900e-03    1.1471878653e-11   -1.8647753827e-04   -4.1399837519e-10   -4.9754388715e-05   -1.1160768206e-09
   3.8600000   -1.2397718960e-03    1.1811551494e-11   -1.8623234516e-04   -3.9954031382e-10   -4.9703980186e-05   -1.1898504551e-09
   3.8700000   -1.2379930573e-03    1.2186142421e-11   -1.8599652761e-04   -3.7638185761e-10   -4.9652347521e-05   -1.2436231374e-09
   3.8800000   -1.2362059827e-03    1.2601069870e-11   -1.8576920483e-04   -3.4501834982e-10   -4.9599892042e-05   -1.2756671189e-09
   3.8900000   -1.2344100596e-03    1.2998579768e-11   -1.8554914568e-04   -3.0604432803e-10   -4.9547050885e-05   -1.2845937162e-09
   3.9000000   -1.2326049042e-03    1.3383177536e-11   -1.8533482293e-04   -2.6010143409e-10   -4.9494286336e-05   -1.2694062274e-09
   3.9100000   -1.2307904030e-03    1.3715322525e-11   -1.8512447824e-04   -2.0787414241e-10   -4.9442073630e-05   -1.2295452231e-09
   3.9200000   -1.2289667395e-03    1.3983277101e-11   -1.8491619565e-04   -1.5017001854e-10   -4.9390887557e-05   -1.1649256000e-09
   3.9300000   -1.2271344062e-03    1.4147717399e-11   -1.8470798038e-04   -8.7843014527e-11   -4.9341188464e-05   -1.0759533666e-09
   3.9400000   -1.2252941980e-03    1.4201964447e-11   -1.8449783988e-04   -2.1870805602e-11   -4.9293407982e-05   -9.6355227289e-10
   3.9500000   -1.2234471887e-03    1.4144315990e-11   -1.8428386406e-04    4.6659321046e-11   -4.9247935139e-05   -8.2916186998e-10
   3.9600000   -1.2215946908e-03    1.3943678983e-11   -1.8406430108e-04    1.1651028959e-10   -4.9205103383e-05   -6.7472305444e-10
   3.9700000   -1.2197382003e-03    1.3631599651e-11   -1.8383762629e-04    1.8630922350e-10   -4.9165178904e-05   -5.0265899151e-10
   3.9800000   -1.2178793315e-03    1.3196231952e-11   -1.8360260134e-04    2.5452518519e-10   -4.9128350901e-05   -3.1583685017e-10
   3.9900000   -1.2160197434e-03    1.2663017957e-11   -1.8335832132e-04    3.1947706619e-10   -4.9094724063e-05   -1.1750508657e-10
   4.0000000   -1.2141610636e-03    1.2035318193e-11   -1.8310424808e-04    3.7938232678e-10   -4.9064313580e-05    8.8742757017e-11
   4.0100000   -1.2123048135e-03    1.1380947172e-11   -1.8284022867e-04    4.3237077552e-10   -4.9037043059e-05    2.9907355353e-10
   4.0200000   -1.2104523380e-03    1.0706837091e-11   -1.8256649813e-04    4.7652398802e-10   -4.9012745272e-05    5.0945963288e-10
   4.0300000   -1.2086047444e-03    1.0053754169e-11   -1.8228366677e-04    5.0999704040e-10   -4.8991165831e-05    7.1579451230e-10
   4.0400000   -1.2067628524e-03    9.4803472279e-12   -1.8199269236e-04    5.3100527417e-10   -4.8971969745e-05    9.1394534883e-10
   4.0500000   -1.2049271576e-03    9.0074816651e-12   -1.8169483876e-04    5.3799437279e-10   -4.8954750528e-05    1.0998622479e-09
   4.0600000   -1.2030978088e-03    8.6401738810e-12   -1.8139162247e-04    5.2965240763e-10   -4.8939041616e-05    1.2696456436e-09
   4.0700000   -1.2012746008e-03    8.4450807547e-12   -1.8108474940e-04    5.0510780848e-10   -4.8924329643e-05    1.4196439971e-09
   4.0800000   -1.1994569806e-03    8.4282008792e-12   -1.8077604435e-04    4.6391697333e-10   -4.8910069232e-05    1.5465062237e-09
   4.0900000   -1.1976440678e-03    8.6015969206e-12   -1.8046737638e-04    4.0615972906e-10   -4.8895698608e-05    1.6472596411e-09
   4.1000000   -1.1958346861e-03    8.9752832536e-12   -1.8016058248e-04    3.3255403034e-10   -4.8880655658e-05    1.7193682826e-09
   4.1100000   -1.1940274057e-03    9.5561774857e-12   -1.7985739322e-04    2.4440972362e-10   -4.8864393742e-05    1.7607752237e-09
   4.1200000   -1.1922205942e-03    1.0328578937e-11   -1.7955936301e-04    1.4372540161e-10   -4.8846396884e-05    1.7699635545e-09
   4.1300000   -1.1904124735e-03    1.1284561106e-11   -1.7926780774e-04    3.3076660668e-11   -4.8826193729e-05    1.7459728595e-09
   4.1400000   -1.1886011823e-03    1.2412197316e-11   -1.7898375236e-04   -8.4334889084e-11   -4.8803369810e-05    1.6884240132e-09
   4.1500000   -1.1867848407e-03    1.3678989022e-11   -1.7870789045e-04   -2.0486369970e-10   -4.8777577901e-05    1.5975544822e-09
   4.1600000   -1.1849616158e-03    1.5069177897e-11   -1.7844055720e-04   -3.2443764361e-10   -4.8748545984e-05    1.4742109026e-09
   4.1700000   -1.1831297864e-03    1.6511815758e-11   -1.7818171716e-04   -4.3875988220e-10   -4.8716082803e-05    1.3198551186e-09
   4.1800000   -1.1812878030e-03    1.7995882153e-11   -1.7793096670e-04   -5.4345704620e-10   -4.8680080800e-05    1.1365587393e-09
   4.1900000   -1.1794343434e-03    1.9473793345e-11   -1.7768755156e-04   -6.3422234304e-10   -4.8640516432e-05    9.2698102291e-10
   4.2000000   -1.1775683596e-03    2.0919616450e-11   -1.7745039836e-04   -7.0705319993e-10   -4.8597448055e-05    6.9433541079e-10
   4.2100000   -1.1756891147e-03    2.2285578524e-11   -1.7721815888e-04   -7.5839274520e-10   -4.8551011449e-05    4.4236748073e-10
   4.2200000   -1.1737962080e-03    2.3549540683e-11   -1.7698926527e-04   -7.8533786002e-10   -4.8501413252e-05    1.7528576525e-10
   4.2300000   -1.1718895861e-03    2.4678602772e-11   -1.7676199399e-04   -7.8575394911e-10   -4.8448922739e-05   -1.0228165520e-10
   4.2400000   -1.1699695401e-03    2.5648639289e-11   -1.7653453581e-04   -7.5848901160e-10   -4.8393862116e-05   -3.8537230477e-10
   4.2500000   -1.1680366872e-03    2.6444417777e-11   -1.7630506886e-04   -7.0334873722e-10   -4.8336595885e-05   -6.6875668750e-10
   4.2600000   -1.1660919387e-03    2.7039832980e-11   -1.7607183227e-04   -6.2128094591e-10   -4.8277519618e-05   -9.4705572877e-10
   4.2700000   -1.1641364550e-03    2.7437396799e-11   -1.7583319683e-04   -5.1428685712e-10   -4.8217048614e-05   -1.2148034359e-09
   4.2800000   -1.1621715896e-03    2.7628982717e-11   -1.7558773021e-04   -3.8544523674e-10   -4.8155606730e-05   -1.4665854312e-09
   4.2900000   -1.1601988259e-03    2.7610170116e-11   -1.7533425385e-04   -2.3877317880e-10   -4.8093615877e-05   -1.6971388028e-09
   4.3000000   -1.1582197099e-03    2.7387428993e-11   -1.7507188973e-04   -7.9176448938e-11   -4.8031486372e-05   -1.9014573658e-09
   4.3100000   -1.1562357825e-03    2.6963323158e-11   -1.7480009451e-04    8.7808557946e-11   -4.7969608542e-05   -2.0749221390e-09
   4.3200000   -1.1542485152e-03    2.6335307201e-11   -1.7451868013e-04    2.5617578574e-10   -4.7908345705e-05   -2.2133777547e-09
   4.3300000   -1.1522592534e-03    2.5496042548e-11   -1.7422782014e-04    4.1966723112e-10   -4.7848028636e-05   -2.3132649167e-09
   4.3400000   -1.1502691692e-03    2.4484205438e-11   -1.7392804115e-04    5.7206706962e-10   -4.7788951654e-05   -2.3716892784e-09
   4.3500000   -1.1482792265e-03    2.3261562013e-11   -1.7362020025e-04    7.0742934803e-10   -4.7731370295e-05   -2.3865049552e-09
   4.3600000   -1.1462901594e-03    2.1842642232e-11   -1.7330544920e-04    8.2033075517e-10   -4.7675500460e-05   -2.3563727866e-09
   4.3700000   -1.1443024635e-03    2.0211873076e-11   -1.7298518666e-04    9.0610533430e-10   -4.7621519004e-05   -2.2808048704e-09
   4.3800000   -1.1423164001e-03    1.8362328722e-11   -1.7266100097e-04    9.6101663376e-10   -4.7569565460e-05   -2.1602039516e-09
   4.3900000   -1.1403320102e-03    1.6264302519e-11   -1.7233460529e-04    9.8248869365e-10   -4.7519744786e-05   -1.9958455552e-09
   4.4000000   -1.1383491373e-03    1.3876522825e-11   -1.7200776806e-04    9.6918864706e-10   -4.7472130793e-05   -1.7898930381e-09
   4.4100000   -1.1363674551e-03    1.1172354100e-11   -1.7168224166e-04    9.2110078751e-10   -4.7426770040e-05   -1.5453531231e-09
   4.4200000   -1.1343864979e-03    8.1266593104e-12   -1.7135969179e-04    8.3952651653e-10   -4.7383685925e-05   -1.2660292169e-09
   4.4300000   -1.1324056912e-03    4.6788193071e-12   -1.7104163072e-04    7.2709458114e-10   -4.7342882653e-05   -9.5646851935e-10
   4.4400000   -1.1304243801e-03    8.0253722484e-13   -1.7072935700e-04    5.8759530041e-10   -4.7304348896e-05   -6.2188366799e-10
   4.4500000   -1.1284418544e-03   -3.5527474038e-12   -1.7042390379e-04    4.2591063242e-10   -4.7268060918e-05   -2.6804844732e-10
   4.4600000   -1.1264573705e-03   -8.4157862021e-12   -1.7012599807e-04    2.4776309099e-10   -4.7233984952e-05    9.8784175604e-11
   4.4700000   -1.1244701687e-03   -1.3827896621e-11   -1.6983603210e-04    5.9577039636e-11   -4.7202078839e-05    4.7200825143e-10
   4.4800000   -1.1224794882e-03   -1.9825749823e-11   -1.6955404818e-04   -1.3186704491e-10   -4.7172292713e-05    8.4477016064e-10
   4.4900000   -1.1204845802e-03   -2.6397365057e-11   -1.6927973719e-04   -3.1962564646e-10   -4.7144568861e-05    1.2100934920e-09
   4.5000000   -1.1184847205e-03   -3.3547818963e-11   -1.6901245094e-04   -4.9690049880e-10   -4.7118840665e-05    1.5610041962e-09
   4.5100000   -1.1164792233e-03   -4.1240682112e-11   -1.6875122756e-04   -6.5726344571e-10   -4.7095030939e-05    1.8906656088e-09
   4.5200000   -1.1144674561e-03   -4.9436412094e-11   -1.6849482902e-04   -7.9494059841e-10   -4.7073049653e-05    2.1924878673e-09
   4.5300000   -1.1124488574e-03   -5.8039773255e-11   -1.6824178889e-04   -9.0499978620e-10   -4.7052791257e-05    2.4602709236e-09
   4.5400000   -1.1104229557e-03   -6.6958285712e-11   -1.6799046887e-04   -9.8355578573e-10   -4.7034131944e-05    2.6883172551e-09
   4.5500000   -1.1083893898e-03   -7.6029557678e-11   -1.6773912114e-04   -1.0278713295e-09   -4.7016926953e-05    2.8715351197e-09
   4.5600000   -1.1063479275e-03   -8.5068644221e-11   -1.6748595484e-04   -1.0364901047e-09   -4.7001008256e-05    3.0055657259e-09
   4.5700000   -1.1042984829e-03   -9.3841352445e-11   -1.6722920354e-04   -1.0092515931e-09   -4.6986182870e-05    3.0868596762e-09
   4.5800000   -1.1022411285e-03   -1.0206868432e-10   -1.6696719135e-04   -9.4730037408e-10   -4.6972231927e-05    3.1127860384e-09
   4.5900000   -1.1001761008e-03   -1.0941442819e-10   -1.6669839518e-04   -8.5302983653e-10   -4.6958910787e-05    3.0816802631e-09
   4.6000000   -1.0981037973e-03   -1.1551321660e-10   -1.6642150086e-04   -7.2995302077e-10   -4.6945950259e-05    2.9929070056e-09
   4.6100000   -1.0960247656e-03   -1.1994487213e-10   -1.6613545124e-04   -5.8258311367e-10   -4.6933059059e-05    2.8469069481e-09
   4.6200000   -1.0939396821e-03   -1.2227914909e-10   -1.6583948442e-04   -4.1627080532e-10   -4.6919927473e-05    2.6452006002e-09
   4.6300000   -1.0918493232e-03   -1.2200578560e-10   -1.6553316103e-04   -2.3695955184e-10   -4.6906232254e-05    2.3903911709e-09
   4.6400000   -1.0897545283e-03   -1.1862777297e-10   -1.6521637955e-04   -5.1015530179e-11   -4.6891642591e-05    2.0861418180e-09
   4.6500000   -1.0876561596e-03   -1.1165424718e-10   -1.6488937961e-04    1.3508688638e-10   -4.6875826967e-05    1.7371326326e-09
   4.6600000   -1.0855550582e-03   -1.0060443502e-10   -1.6455273306e-04    3.1491839559e-10   -4.6858460774e-05    1.3489745628e-09
   4.6700000   -1.0834520023e-03   -8.5027548959e-11   -1.6420732352e-04    4.8233915004e-10   -4.6839234324e-05    9.2815618670e-10
   4.6800000   -1.0813476681e-03   -6.4568696632e-11   -1.6385431541e-04    6.3171572582e-10   -4.6817860931e-05    4.8189978323e-10
   4.6900000   -1.0792425976e-03   -3.8972202509e-11   -1.6349511336e-04    7.5814637193e-10   -4.6794084892e-05    1.8054490446e-11
   4.7000000   -1.0771371742e-03   -8.0965714235e-12   -1.6313131431e-04    8.5755069263e-10   -4.6767688855e-05   -4.5504021351e-10
   4.7100000   -1.0750316073e-03    2.8026107908e-11   -1.6276465346e-04    9.2684666016e-10   -4.6738500346e-05   -9.2873125918e-10
   4.7200000   -1.0729259268e-03    6.9132094048e-11   -1.6239694631e-04    9.6401880628e-10   -4.6706397187e-05   -1.3941870764e-09
   4.7300000   -1.0708199872e-03    1.1480248049e-10   -1.6203002913e-04    9.6820664054e-10   -4.6671311461e-05   -1.8425811049e-09
   4.7400000   -1.0687134794e-03    1.6429979009e-10   -1.6166569937e-04    9.3967330943e-10   -4.6633231895e-05   -2.2652565799e-09
   4.7500000   -1.0666059498e-03    2.1669356119e-10   -1.6130565867e-04    8.7977736630e-10   -4.6592204491e-05   -2.6538980488e-09
   4.7600000   -1.0644968236e-03    2.7073704113e-10   -1.6095145989e-04    7.9094962910e-10   -4.6548331366e-05   -3.0006962638e-09
   4.7700000   -1.0623854319e-03    3.2495574884e-10   -1.6060445994e-04    6.7657183868e-10   -4.6501767727e-05   -3.2985039856e-09
   4.7800000   -1.0602710402e-03    3.7762551131e-10   -1.6026578008e-04    5.4084913239e-10   -4.6452717219e-05   -3.5409697513e-09
   4.7900000   -1.0581528757e-03    4.2683015911e-10   -1.5993627443e-04    3.8863890279e-10   -4.6401425611e-05   -3.7226943280e-09
   4.8000000   -1.0560301558e-03    4.7048525956e-10   -1.5961650796e-04    2.2530927153e-10   -4.6348173201e-05   -3.8393173834e-09
   4.8100000   -1.0539021127e-03    5.0641895763e-10   -1.5930674392e-04    5.6541994367e-11   -4.6293266187e-05   -3.8876354057e-09
   4.8200000   -1.0517680184e-03    5.3245360830e-10   -1.5900694142e-04   -1.1186887589e-10   -4.6237027256e-05   -3.8656512326e-09
   4.8300000   -1.0496272071e-03    5.4648328406e-10   -1.5871676243e-04   -2.7424134051e-10   -4.6179785877e-05   -3.7726531425e-09
   4.8400000   -1.0474790961e-03    5.4657187288e-10   -1.5843558797e-04   -4.2512599374e-10   -4.6121868563e-05   -3.6092344812e-09
   4.8500000   -1.0453232067e-03    5.3107647830e-10   -1.5816254260e-04   -5.5955923697e-10   -4.6063589589e-05   -3.3772964326e-09
   4.8600000   -1.0431591825e-03    4.9870896620e-10   -1.5789652611e-04   -6.7317906105e-10   -4.6005242397e-05   -3.0800356871e-09
   4.8700000   -1.0409868081e-03    4.4869442273e-10   -1.5763625111e-04   -7.6238154095e-10   -4.5947092146e-05   -2.7219077361e-09
   4.8800000   -1.0388060241e-03    3.8082519014e-10   -1.5738028506e-04   -8.2445774400e-10   -4.5889369584e-05   -2.3085577592e-09
   4.8900000   -1.0366169404e-03    2.9554304513e-10   -1.5712709529e-04   -8.5758429954e-10   -4.5832266528e-05   -1.8467365891e-09
   4.9000000   -1.0344198450e-03    1.9400429083e-10   -1.5687509532e-04   -8.6100878618e-10   -4.5775933027e-05   -1.3441961170e-09
   4.9100000   -1.0322152071e-03    7.8082118076e-11   -1.5662269083e-04   -8.3494783787e-10   -4.5720476388e-05   -8.0955619002e-10
   4.9200000   -1.0300036736e-03   -4.9586849334e-11   -1.5636832415e-04   -7.8065298899e-10   -4.5665961936e-05   -2.5216530147e-10
   4.9300000   -1.0277860573e-03   -1.8569793740e-10   -1.5611051532e-04   -7.0028018841e-10   -4.5612415535e-05    3.1806287711e-10
   4.9400000   -1.0255633167e-03   -3.2626590557e-10   -1.5584789903e-04   -5.9687818107e-10   -4.5559827645e-05    8.9082726380e-10
   4.9500000   -1.0233365268e-03   -4.6680587368e-10   -1.5557925611e-04   -4.7422666141e-10   -4.5508158693e-05    1.4556115439e-09
   4.9600000   -1.0211068410e-03   -6.0241252984e-10   -1.5530353902e-04   -3.3672073964e-10   -4.5457345553e-05    2.0018979530e-09
   4.9700000   -1.0188754459e-03   -7.2797422032e-10   -1.5501989069e-04   -1.8924265791e-10   -4.5407308703e-05    2.5193465460e-09
   4.9800000   -1.0166435106e-03   -8.3836267210e-10   -1.5472765668e-04   -3.6902017862e-11   -4.5357959862e-05    2.9980019807e-09
   4.9900000   -1.0144121327e-03   -9.2864431921e-10   -1.5442639032e-04    1.1500720585e-10   -4.5309209578e-05    3.4284787107e-09
   5.0000000   -1.0121822837e-03   -9.9428375268e-10   -1.5411585173e-04    2.6130261853e-10   -4.5260974552e-05    3.8021508986e-09
   5.0100000   -1.0099547570e-03   -1.0314252090e-09   -1.5379600059e-04    3.9704145452e-10   -4.5213184313e-05    4.1113351715e-09
   5.0200000   -1.0077301215e-03   -1.0370302058e-09   -1.5346698383e-04    5.1767185621e-10   -4.5165786901e-05    4.3494349665e-09
   5.0300000   -1.0055086838e-03   -1.0091615902e-09   -1.5312911893e-04    6.1920546720e-10   -4.5118753420e-05    4.5110901521e-09
   5.0400000   -1.0032904606e-03   -9.4707720447e-10   -1.5278287375e-04    6.9832610619e-10   -4.5072081139e-05    4.5923087221e-09
   5.0500000   -1.0010751635e-03   -8.5136855495e-10   -1.5242884424e-04    7.5251813351e-10   -4.5025795074e-05    4.5905407047e-09
   5.0600000   -9.9886219784e-04   -7.2404129110e-10   -1.5206773063e-04    7.8016044850e-10   -4.4979948012e-05    4.5047538527e-09
   5.0700000   -9.9665067413e-04   -5.6846994889e-10   -1.5170031343e-04    7.8050941943e-10   -4.4934618943e-05    4.3354828371e-09
   5.0800000   -9.9443943319e-04   -3.8938557481e-10   -1.5132743018e-04    7.5376812003e-10   -4.4889909996e-05    4.0848328916e-09
   5.0900000   -9.9222708261e-04   -1.9268294734e-10   -1.5094995333e-04    7.0105618463e-10   -4.4845942092e-05    3.7564559751e-09
   5.1000000   -9.9001204291e-04    1.4720924800e-11   -1.5056877059e-04    6.2435285907e-10   -4.4802849371e-05    3.3554994401e-09
   5.1100000   -9.8779260119e-04    2.2517407879e-10   -1.5018476738e-04    5.2644038818e-10   -4.4760772823e-05    2.8885336834e-09
   5.1200000   -9.8556696921e-04    4.3056091681e-10   -1.4979881236e-04    4.1079608915e-10   -4.4719853334e-05    2.3634255101e-09
   5.1300000   -9.8333334366e-04    6.2269233234e-10   -1.4941174575e-04    2.8148708076e-10   -4.4680224426e-05    1.7892272765e-09
   5.1400000   -9.8108996572e-04    7.9364123499e-10   -1.4902437016e-04    1.4297308341e-10   -4.4642005100e-05    1.1759979900e-09
   5.1500000   -9.7883517739e-04    9.3606486275e-10   -1.4863744418e-04    5.9114403720e-14   -4.4605293035e-05    5.3462679510e-10
   5.1600000   -9.7656747298e-04    1.0436703537e-09   -1.4825167784e-04   -1.4237740582e-10   -4.4570158512e-05   -1.2335338323e-10
   5.1700000   -9.7428554380e-04    1.1114608385e-09   -1.4786772969e-04   -2.7945589713e-10   -4.4536639253e-05   -7.8598729687e-10
   5.1800000   -9.7198831509e-04    1.1360223498e-09   -1.4748620496e-04   -4.0650925384e-10   -4.4504736470e-05   -1.4411111467e-09
   5.1900000   -9.6967497457e-04    1.1157585083e-09   -1.4710765401e-04   -5.1922018118e-10   -4.4474412236e-05   -2.0765764110e-09
   5.2000000   -9.6734499226e-04    1.0509897634e-09   -1.4673257100e-04   -6.1375461316e-10   -4.4445588360e-05   -2.6804895343e-09
   5.2100000   -9.6499813159e-04    9.4403445544e-10   -1.4636139187e-04   -6.8694373397e-10   -4.4418146715e-05   -3.2414136254e-09
   5.2200000   -9.6263445241e-04    7.9912030444e-10   -1.4599449159e-04   -7.3625786516e-10   -4.4391931113e-05   -3.7485953687e-09
   5.2300000   -9.6025430622e-04    6.2224674053e-10   -1.4563218058e-04   -7.6003249454e-10   -4.4366750561e-05   -4.1921823837e-09
   5.2400000   -9.5785832440e-04    4.2096402957e-10   -1.4527469984e-04   -7.5743921564e-10   -4.4342383727e-05   -4.5633891154e-09
   5.2500000   -9.5544740024e-04    2.0399091035e-10   -1.4492221545e-04   -7.2852599951e-10   -4.4318584574e-05   -4.8546765138e-09
   5.2600000   -9.5302266544e-04   -1.9128162993e-11   -1.4457481241e-04   -6.7422272142e-10   -4.4295088722e-05   -5.0599167789e-09
   5.2700000   -9.5058546185e-04   -2.3849230542e-10   -1.4423248831e-04   -5.9633548408e-10   -4.4271620418e-05   -5.1744960494e-09
   5.2800000   -9.4813730894e-04   -4.4432419327e-10   -1.4389514739e-04   -4.9745141078e-10   -4.4247899752e-05   -5.1954494940e-09
   5.2900000   -9.4567986843e-04   -6.2743230890e-10   -1.4356259559e-04   -3.8086272784e-10   -4.4223649825e-05   -5.1214783995e-09
   5.3000000   -9.4321490648e-04   -7.7967225832e-10   -1.4323453718e-04   -2.5051295845e-10   -4.4198603620e-05   -4.9530307094e-09
   5.3100000   -9.4074425332e-04   -8.9438721156e-10   -1.4291057382e-04   -1.1079060346e-10   -4.4172510287e-05   -4.6923096005e-09
   5.3200000   -9.3826976239e-04   -9.6672557815e-10   -1.4259020628e-04    3.3536092643e-11   -4.4145140572e-05   -4.3432334098e-09
   5.3300000   -9.3579326798e-04   -9.9392679737e-10   -1.4227283946e-04    1.7753019840e-10   -4.4116291340e-05   -3.9113910178e-09
   5.3400000   -9.3331654608e-04   -9.7542820594e-10   -1.4195779110e-04    3.1622314350e-10   -4.4085788798e-05   -3.4039488243e-09
   5.3500000   -9.3084127174e-04   -9.1293280227e-10   -1.4164430425e-04    4.4477454622e-10   -4.4053490655e-05   -2.8295440987e-09
   5.3600000   -9.2836897885e-04   -8.1034300647e-10   -1.4133156329e-04    5.5865001083e-10   -4.4019286955e-05   -2.1981375401e-09
   5.3700000   -9.2590103022e-04   -6.7351653218e-10   -1.4101871343e-04    6.5375772400e-10   -4.3983099728e-05   -1.5208288393e-09
   5.3800000   -9.2343858002e-04   -5.0999991411e-10   -1.4070488309e-04    7.2662861710e-10   -4.3944881559e-05   -8.0968644188e-10
   5.3900000   -9.2098254651e-04   -3.2859326585e-10   -1.4038920849e-04    7.7447583181e-10   -4.3904613162e-05   -7.7509052566e-11
   5.4000000   -9.1853358829e-04   -1.3892950311e-10   -1.4007085945e-04    7.9539327549e-10   -4.3862300254e-05    6.6240279339e-10
   5.4100000   -9.1609207816e-04    4.9083280312e-11   -1.3974906569e-04    7.8834060306e-10   -4.3817969832e-05    1.3964721856e-09
   5.4200000   -9.1365808757e-04    2.2576788875e-10   -1.3942314224e-04    7.5325934656e-10   -4.3771666163e-05    2.1111300936e-09
   5.4300000   -9.1123137578e-04    3.8219691172e-10   -1.3909251286e-04    6.9105374907e-10   -4.3723446749e-05    2.7930345003e-09
   5.4400000   -9.0881138932e-04    5.1066974844e-10   -1.3875673067e-04    6.0360844020e-10   -4.3673378450e-05    3.4293444312e-09
   5.4500000   -9.0639726841e-04    6.0515947915e-10   -1.3841549437e-04    4.9370911947e-10   -4.3621534031e-05    4.0079706868e-09
   5.4600000   -9.0398786173e-04    6.6154818270e-10   -1.3806865996e-04    3.6498546803e-10   -4.3567989292e-05    4.5177898874e-09
   5.4700000   -9.0158175034e-04    6.7792403882e-10   -1.3771624629e-04    2.2177663218e-10   -4.3512820967e-05    4.9488736570e-09
   5.4800000   -8.9917727842e-04    6.5456109715e-10   -1.3735843486e-04    6.9065694369e-11   -4.3456105475e-05    5.2926847875e-09
   5.4900000   -8.9677259679e-04    5.9397266419e-10   -1.3699556321e-04   -8.7803592508e-11   -4.3397918563e-05    5.5422355711e-09
   5.5000000   -8.9436571257e-04    5.0065694841e-10   -1.3662811178e-04   -2.4319654172e-10   -4.3338335798e-05    5.6922343633e-09
   5.5100000   -8.9195454442e-04    3.8081743619e-10   -1.3625668521e-04   -3.9147497255e-10   -4.3277433931e-05    5.7392046899e-09
   5.5200000   -8.8953698543e-04    2.4205869608e-10   -1.3588198800e-04   -5.2714295131e-10   -4.3215292986e-05    5.6815483578e-09
   5.5300000   -8.8711096924e-04    9.2799122608e-11   -1.3550479611e-04   -6.4503210307e-10   -4.3151998783e-05    5.5195875064e-09
   5.5400000   -8.8467453743e-04   -5.8110301417e-11   -1.3512592490e-04   -7.4056076037e-10   -4.3087645936e-05    5.2555709594e-09
   5.5500000   -8.8222590480e-04   -2.0200730938e-10   -1.3474619542e-04   -8.0988870677e-10   -4.3022340859e-05    4.8936467025e-09
   5.5600000   -8.7976352067e-04   -3.3085200096e-10   -1.3436639987e-04   -8.5006150578e-10   -4.2956204704e-05    4.4397821119e-09
   5.5700000   -8.7728612400e-04   -4.3772402003e-10   -1.3398726802e-04   -8.5915768410e-10   -4.2889375908e-05    3.9016825615e-09
   5.5800000   -8.7479278849e-04   -5.1719958884e-10   -1.3360943586e-04   -8.3638213406e-10   -4.2822012152e-05    3.2886343684e-09
   5.5900000   -8.7228295665e-04   -5.6561064824e-10   -1.3323341811e-04   -7.8213219514e-10   -4.2754291518e-05    2.6113604377e-09
   5.6000000   -8.6975646109e-04   -5.8128405799e-10   -1.3285958546e-04   -6.9798357206e-10   -4.2686412669e-05    1.8818155819e-09
   5.6100000   -8.6721353156e-04   -5.6451987657e-10   -1.3248814798e-04   -5.8667172926e-10   -4.2618593965e-05    1.1129921704e-09
   5.6200000   -8.6465478755e-04   -5.1757630494e-10   -1.3211914520e-04   -4.5205257001e-10   -4.2551071348e-05    3.1867004236e-10
   5.6300000   -8.6208121726e-04   -4.4443252604e-10   -1.3175244354e-04   -2.9889828753e-10   -4.2484095199e-05   -4.8682565511e-10
   5.6400000   -8.5949414298e-04   -3.5052806641e-10   -1.3138774126e-04   -1.3279320284e-10   -4.2417925910e-05   -1.2888736868e-09
   5.6500000   -8.5689517512e-04   -2.4239548220e-10   -1.3102458094e-04    4.0071214457e-11   -4.2352828590e-05   -2.0728439139e-09
   5.6600000   -8.5428615769e-04   -1.2718301869e-10   -1.3066236894e-04    2.1311748019e-10   -4.2289066791e-05   -2.8243463661e-09
   5.6700000   -8.5166910699e-04   -1.2208808369e-11   -1.3030040119e-04    3.7968473418e-10   -4.2226895748e-05   -3.5294977292e-09
   5.6800000   -8.4904614611e-04    9.5466042653e-11   -1.2993789436e-04    5.3321926979e-10   -4.2166555155e-05   -4.1751925058e-09
   5.6900000   -8.4641943892e-04    1.8955231813e-10   -1.2957402111e-04    6.6760564779e-10   -4.2108261833e-05   -4.7493340733e-09
   5.7000000   -8.4379112457e-04    2.6484492873e-10   -1.2920794814e-04    7.7735509431e-10   -4.2052202688e-05   -5.2410629634e-09
   5.7100000   -8.4116325648e-04    3.1754543280e-10   -1.2883887535e-04    8.5787628663e-10   -4.1998528077e-05   -5.6409658802e-09
   5.7200000   -8.3853774730e-04    3.4541444496e-10   -1.2846607453e-04    9.0563873013e-10   -4.1947346016e-05   -5.9412663040e-09
   5.7300000   -8.3591632226e-04    3.4793324003e-10   -1.2808892611e-04    9.1841829278e-10   -4.1898717438e-05   -6.1359700689e-09
   5.7400000   -8.3330048167e-04    3.2620722743e-10   -1.2770695227e-04    8.9530659481e-10   -4.1852652735e-05   -6.2209818327e-09
   5.7500000   -8.3069147288e-04    2.8287232052e-10   -1.2731984490e-04    8.3684684633e-10   -4.1809109734e-05   -6.1941951624e-09
   5.7600000   -8.2809027224e-04    2.2180432301e-10   -1.2692748730e-04    7.4498573823e-10   -4.1767993285e-05   -6.0555392157e-09
   5.7700000   -8.2549757747e-04    1.4788618976e-10   -1.2652996839e-04    6.2305466922e-10   -4.1729156503e-05   -5.8069996583e-09
   5.7800000   -8.2291380917e-04    6.6589869225e-11   -1.2612758892e-04    4.7564584600e-10   -4.1692403632e-05   -5.4525831963e-09
   5.7900000   -8.2033912109e-04   -1.6401519324e-11   -1.2572085894e-04    3.0844248120e-10   -4.1657494471e-05   -4.9982450687e-09
   5.8000000   -8.1777341779e-04   -9.5589838756e-11   -1.2531048644e-04    1.2798489045e-10   -4.1624150289e-05   -4.4518003339e-09
   5.8100000   -8.1521637836e-04   -1.6603261287e-10   -1.2489735738e-04   -5.8598809751e-11   -4.1592060953e-05   -3.8227734893e-09
   5.8200000   -8.1266748442e-04   -2.2365442354e-10   -1.2448250778e-04   -2.4381105413e-10   -4.1560893070e-05   -3.1222324738e-09
   5.8300000   -8.1012605140e-04   -2.6551519542e-10   -1.2406708831e-04   -4.2018582120e-10   -4.1530298887e-05   -2.3625904295e-09
   5.8400000   -8.0759126105e-04   -2.8989735613e-10   -1.2365232299e-04   -5.8051316093e-10   -4.1499925578e-05   -1.5573699338e-09
   5.8500000   -8.0506219451e-04   -2.9645391811e-10   -1.2323946312e-04   -7.1822398124e-10   -4.1469424641e-05   -7.2096492986e-10
   5.8600000   -8.0253786443e-04   -2.8609272359e-10   -1.2282973811e-04   -8.2759086890e-10   -4.1438461107e-05    1.3163077095e-10
   5.8700000   -8.0001724555e-04   -2.6087312678e-10   -1.2242430517e-04   -9.0401434184e-10   -4.1406722142e-05    9.8510231916e-10
   5.8800000   -7.9749930287e-04   -2.2381227371e-10   -1.2202419965e-04   -9.4425837242e-10   -4.1373924866e-05    1.8240849777e-09
   5.8900000   -7.9498301733e-04   -1.7857060294e-10   -1.2163028777e-04   -9.4650665989e-10   -4.1339823052e-05    2.6334451954e-09
   5.9000000   -7.9246740858e-04   -1.2919521947e-10   -1.2124322422e-04   -9.1052998016e-10   -4.1304212549e-05    3.3985701629e-09
   5.9100000   -7.8995155504e-04   -7.9753534386e-11   -1.2086341590e-04   -8.3769015685e-10   -4.1266935216e-05    4.1056257385e-09
   5.9200000   -7.8743461068e-04   -3.4024820964e-11   -1.2049099368e-04   -7.3084367488e-10   -4.1227881372e-05    4.7418017156e-09
   5.9300000   -7.8491581950e-04    4.7695933830e-12   -1.2012579356e-04   -5.9427819514e-10   -4.1186990593e-05    5.2955700829e-09
   5.9400000   -7.8239452649e-04    3.4180454071e-11   -1.1976734832e-04   -4.3350839671e-10   -4.1144250968e-05    5.7568646698e-09
   5.9500000   -7.7987018611e-04    5.2752952575e-11   -1.1941489053e-04   -2.5508115547e-10   -4.1099696919e-05    6.1172780959e-09
   5.9600000   -7.7734236757e-04    6.0011756927e-11   -1.1906736680e-04   -6.6254841125e-11   -4.1053405646e-05    6.3702110073e-09
   5.9700000   -7.7481075681e-04    5.6509047635e-11   -1.1872346381e-04    1.2523202092e-10   -4.1005492474e-05    6.5109940214e-09
   5.9800000   -7.7227515516e-04    4.3748720583e-11   -1.1838164515e-04    3.1158605437e-10   -4.0956105258e-05    6.5369715145e-09
   5.9900000   -7.6973547423e-04    2.3953446070e-11   -1.1804019803e-04    4.8519303649e-10   -4.0905418124e-05    6.4475517654e-09
   6.0000000   -7.6719172774e-04   -5.0422249831e-14   -1.1769728860e-04    6.3899232516e-10   -4.0853624874e-05    6.2442032081e-09
   6.0100000   -7.6464401956e-04   -2.5204496968e-11   -1.1735102400e-04    7.6674728757e-10   -4.0800932193e-05    5.9304513869e-09
   6.0200000   -7.6209252892e-04   -4.8402920469e-11   -1.1699951885e-04    8.6328454874e-10   -4.0747553071e-05    5.5117990402e-09
   6.0300000   -7.5953749289e-04   -6.6808800687e-11   -1.1664096406e-04    9.2477099447e-10   -4.0693700590e-05    4.9956313556e-09
   6.0400000   -7.5697918733e-04   -7.8130244527e-11   -1.1627369518e-04    9.4879873233e-10   -4.0639582319e-05    4.3911002869e-09
   6.0500000   -7.5441790712e-04   -8.0727372950e-11   -1.1589625767e-04    9.3452178115e-10   -4.0585395428e-05    3.7089309597e-09
   6.0600000   -7.5185394662e-04   -7.3823119644e-11   -1.1550746652e-04    8.8265968341e-10   -4.0531322809e-05    2.9612410682e-09
   6.0700000   -7.4928758187e-04   -5.7571345064e-11   -1.1510645754e-04    7.9546134039e-10   -4.0477530079e-05    2.1613326961e-09
   6.0800000   -7.4671905508e-04   -3.2986042916e-11   -1.1469272822e-04    6.7662061341e-10   -4.0424163647e-05    1.3234351835e-09
   6.0900000   -7.4414856312e-04   -1.9114138023e-12   -1.1426616611e-04    5.3109164406e-10   -4.0371349726e-05    4.6244739107e-10
   6.1000000   -7.4157625019e-04    3.3157848804e-11   -1.1382706341e-04    3.6488343333e-10   -4.0319194286e-05   -4.0632183051e-10
   6.1100000   -7.3900220526e-04    6.9280918187e-11   -1.1337611647e-04    1.8479344171e-10   -4.0267783758e-05   -1.2674413573e-09
   6.1200000   -7.3642646459e-04    1.0334838223e-10   -1.1291441006e-04   -1.8289140084e-12   -4.0217186394e-05   -2.1056379517e-09
   6.1300000   -7.3384901874e-04    1.3224970248e-10   -1.1244338659e-04   -1.8746501821e-10   -4.0167454152e-05   -2.9060671585e-09
   6.1400000   -7.3126982377e-04    1.5328257615e-10   -1.1196480093e-04   -3.6471777717e-10   -4.0118624778e-05   -3.6546017053e-09
   6.1500000   -7.2868881533e-04    1.6425428717e-10   -1.1148066258e-04   -5.2651820458e-10   -4.0070724029e-05   -4.3380604023e-09
   6.1600000   -7.2610592465e-04    1.6372048418e-10   -1.1099316677e-04   -6.6653655032e-10   -4.0023767790e-05   -4.9444746853e-09
   6.1700000   -7.2352109537e-04    1.5114038955e-10   -1.1050461736e-04   -7.7934173172e-10   -3.9977763888e-05   -5.4632753292e-09
   6.1800000   -7.2093429911e-04    1.2689169945e-10   -1.1001734429e-04   -8.6066788757e-10   -3.9932713559e-05   -5.8855047531e-09
   6.1900000   -7.1834554940e-04    9.2260449366e-11   -1.0953361892e-04   -9.0753251163e-10   -3.9888612320e-05   -6.2039648248e-09
   6.2000000   -7.1575491207e-04    4.9416244809e-11   -1.0905557031e-04   -9.1831932117e-10   -3.9845450285e-05   -6.4133284231e-09
   6.2100000   -7.1316251204e-04    1.1828487236e-12   -1.0858510606e-04   -8.9290522543e-10   -3.9803211859e-05   -6.5102516566e-09
   6.2200000   -7.1056853513e-04   -4.9152084442e-11   -1.0812384106e-04   -8.3256353863e-10   -3.9761874812e-05   -6.4934053363e-09
   6.2300000   -7.0797322537e-04   -9.8007676126e-11   -1.0767303677e-04   -7.3995186478e-10   -3.9721408826e-05   -6.3635053965e-09
   6.2400000   -7.0537687776e-04   -1.4190705237e-10   -1.0723355400e-04   -6.1895707298e-10   -3.9681773588e-05   -6.1232670000e-09
   6.2500000   -7.0277982672e-04   -1.7764596562e-10   -1.0680582090e-04   -4.7453032832e-10   -3.9642916619e-05   -5.7773807023e-09
   6.2600000   -7.0018243135e-04   -2.0252991119e-10   -1.0638981782e-04   -3.1250908843e-10   -3.9604770906e-05   -5.3323821546e-09
   6.2700000   -6.9758505827e-04   -2.1462528559e-10   -1.0598507961e-04   -1.3934121256e-10   -3.9567252640e-05   -4.7965453845e-09
   6.2800000   -6.9498806286e-04   -2.1289584268e-10   -1.0559071549e-04    3.8159990899e-11   -3.9530259125e-05   -4.1797151265e-09
   6.2900000   -6.9239177054e-04   -1.9723001818e-10   -1.0520544565e-04    2.1304140955e-10   -3.9493667175e-05   -3.4931320958e-09
   6.3000000   -6.8979645860e-04   -1.6852071607e-10   -1.0482765305e-04    3.7857448413e-10   -3.9457332091e-05   -2.7492071889e-09
   6.3100000   -6.8720233988e-04   -1.2855463533e-10   -1.0445544851e-04    5.2840065758e-10   -3.9421087356e-05   -1.9613094358e-09
   6.3200000   -6.8460954908e-04   -7.9867495161e-11   -1.0408674610e-04    6.5684382773e-10   -3.9384745264e-05   -1.1435112481e-09
   6.3300000   -6.8201813213e-04   -2.5604401546e-11   -1.0371934603e-04    7.5907946092e-10   -3.9348098442e-05   -3.1033536759e-10
   6.3400000   -6.7942803891e-04    3.0762333447e-11   -1.0335102121e-04    8.3135461730e-10   -3.9310922432e-05    5.2349899184e-10
   6.3500000   -6.7683911993e-04    8.5651641388e-11   -1.0297960413e-04    8.7105364638e-10   -3.9272979165e-05    1.3433583567e-09
   6.3600000   -6.7425112613e-04    1.3562858493e-10   -1.0260307038e-04    8.7684461448e-10   -3.9234021474e-05    2.1349357696e-09
   6.3700000   -6.7166371352e-04    1.7768768504e-10   -1.0221961534e-04    8.4867446124e-10   -3.9193798277e-05    2.8845069879e-09
   6.3800000   -6.6907644995e-04    2.0939098667e-10   -1.0182772077e-04    7.8780066058e-10   -3.9152060523e-05    3.5791972351e-09
   6.3900000   -6.6648882433e-04    2.2907594126e-10   -1.0142620886e-04    6.9670993801e-10   -3.9108567548e-05    4.2071801476e-09
   6.4000000   -6.6390025813e-04    2.3596933922e-10   -1.0101428147e-04    5.7901480068e-10   -3.9063093686e-05    4.7578744647e-09
   6.4100000   -6.6131011864e-04    2.3018960900e-10   -1.0059154310e-04    4.3934857224e-10   -3.9015434860e-05    5.2221570917e-09
   6.4200000   -6.5871773554e-04    2.1267478177e-10   -1.0015800689e-04    2.8311272688e-10   -3.8965414970e-05    5.5925022908e-09
   6.4300000   -6.5612241227e-04    1.8516773796e-10   -9.9714083637e-05    1.1639173258e-10   -3.8912891718e-05    5.8631004987e-09
   6.4400000   -6.5352343929e-04    1.5002989300e-10   -9.9260554591e-05   -5.4408601733e-11   -3.8857761702e-05    6.0299552968e-09
   6.4500000   -6.5092010975e-04    1.1002863935e-10   -9.8798529428e-05   -2.2268374176e-10   -3.8799964598e-05    6.0909415019e-09
   6.4600000   -6.4831173406e-04    6.8151994542e-11   -9.8329391555e-05   -3.8197388754e-10   -3.8739486123e-05    6.0458333903e-09
   6.4700000   -6.4569764743e-04    2.7363061478e-11   -9.7854733053e-05   -5.2610906422e-10   -3.8676359789e-05    5.8962893502e-09
   6.4800000   -6.4307722717e-04   -9.5816097284e-12   -9.7376282664e-05   -6.4954341135e-10   -3.8610667216e-05    5.6458043040e-09
   6.4900000   -6.4044989504e-04   -4.0364511399e-11   -9.6895829411e-05   -7.4746242998e-10   -3.8542537072e-05    5.2996379397e-09
   6.5000000   -6.3781512665e-04   -6.3203604929e-11   -9.6415145908e-05   -8.1604783738e-10   -3.8472142602e-05    4.8646986670e-09
   6.5100000   -6.3517246127e-04   -7.7043260934e-11   -9.5935914046e-05   -8.5257855319e-10   -3.8399697788e-05    4.3494068285e-09
   6.5200000   -6.3252150511e-04   -8.1484321029e-11   -9.5459656465e-05   -8.5555397529e-10   -3.8325452336e-05    3.7635332370e-09
   6.5300000   -6.2986192579e-04   -7.6870112578e-11   -9.4987676389e-05   -8.2477151857e-10   -3.8249685576e-05    3.1179927448e-09
   6.5400000   -6.2719346176e-04   -6.4171757502e-11   -9.4521008381e-05   -7.6133755854e-10   -3.8172699549e-05    2.4246593213e-09
   6.5500000   -6.2451592066e-04   -4.4920261807e-11   -9.4060381718e-05   -6.6759115677e-10   -3.8094811452e-05    1.6961309818e-09
   6.5600000   -6.2182918318e-04   -2.0998557543e-11   -9.3606197527e-05   -5.4713276631e-10   -3.8016345720e-05    9.4549120046e-10
   6.5700000   -6.1913320265e-04    5.4539828329e-12   -9.3158520564e-05   -4.0456557008e-10   -3.7937626116e-05    1.8608135454e-10
   6.5800000   -6.1642800339e-04    3.2273781114e-11   -9.2717085204e-05   -2.4545333327e-10   -3.7858967844e-05   -5.6874724401e-10
   6.5900000   -6.1371368067e-04    5.7419720943e-11   -9.2281315303e-05   -7.6025505143e-11   -3.7780670270e-05   -1.3058620974e-09
   6.6000000   -6.1099041056e-04    7.9141825343e-11   -9.1850356724e-05    9.7047499195e-11   -3.7703010191e-05   -2.0125976248e-09
   6.6100000   -6.0825845120e-04    9.6078318954e-11   -9.1423120415e-05    2.6682420996e-10   -3.7626236062e-05   -2.6769503046e-09
   6.6200000   -6.0551813565e-04    1.0739574135e-10   -9.0998334468e-05    4.2647223876e-10   -3.7550563189e-05   -3.2878100215e-09
   6.6300000   -6.0276987479e-04    1.1269855252e-10   -9.0574602286e-05    5.6951985337e-10   -3.7476170165e-05   -3.8351244178e-09
   6.6400000   -6.0001415810e-04    1.1222502025e-10   -9.0150464598e-05    6.9003768426e-10   -3.7403196476e-05   -4.3100754688e-09
   6.6500000   -5.9725155578e-04    1.0658543398e-10   -8.9724462158e-05    7.8297611991e-10   -3.7331741369e-05   -4.7052072471e-09
   6.6600000   -5.9448270983e-04    9.6801528061e-11   -8.9295197019e-05    8.4434895857e-10   -3.7261863999e-05   -5.0145622087e-09
   6.6700000   -5.9170832861e-04    8.4177561852e-11   -8.8861389491e-05    8.7141656267e-10   -3.7193584644e-05   -5.2337422316e-09
   6.6800000   -5.8892917765e-04    7.0180391027e-11   -8.8421928704e-05    8.6277788148e-10   -3.7126887013e-05   -5.3599918617e-09
   6.6900000   -5.8614606159e-04    5.6214697360e-11   -8.7975914870e-05    8.1849696829e-10   -3.7061721428e-05   -5.3921910344e-09
   6.7000000   -5.8335980362e-04    4.3634160882e-11   -8.7522691569e-05    7.4011879339e-10   -3.6998008692e-05   -5.3309039879e-09
   6.7100000   -5.8057122105e-04    3.3533636820e-11   -8.7061867435e-05    6.3059445126e-10   -3.6935644456e-05   -5.1783115673e-09
   6.7200000   -5.7778110109e-04    2.6735885037e-11   -8.6593325896e-05    4.9420333776e-10   -3.6874503893e-05   -4.9381595561e-09
   6.7300000   -5.7499017143e-04    2.3657795829e-11   -8.6117223759e-05    3.3641622076e-10   -3.6814446486e-05   -4.6156820321e-09
   6.7400000   -5.7219907052e-04    2.4362007727e-11   -8.5633978358e-05    1.6361494945e-10   -3.6755320655e-05   -4.2174946371e-09
   6.7500000   -5.6940831847e-04    2.8525628989e-11   -8.5144244346e-05   -1.7095341812e-11   -3.6696968123e-05   -3.7514432709e-09
   6.7600000   -5.6661828940e-04    3.5546962726e-11   -8.4648881319e-05   -1.9822774301e-10   -3.6639227874e-05   -3.2264633573e-09
   6.7700000   -5.6382918729e-04    4.4575267365e-11   -8.4148913745e-05   -3.7215542722e-10   -3.6581939516e-05   -2.6524033906e-09
   6.7800000   -5.6104102198e-04    5.4598465333e-11   -8.3645485054e-05   -5.3149125715e-10   -3.6524946038e-05   -2.0398509319e-09
   6.7900000   -5.5825359089e-04    6.4574380965e-11   -8.3139807922e-05   -6.6938954707e-10   -3.6468095867e-05   -1.3999153781e-09
   6.8000000   -5.5546646677e-04    7.3504477194e-11   -8.2633112689e-05   -7.7986293901e-10   -3.6411244293e-05   -7.4404051699e-10
   6.8100000   -5.5267899374e-04    8.0531626229e-11   -8.2126596172e-05   -8.5800715782e-10   -3.6354254227e-05   -8.3787748413e-11
   6.8200000   -5.4989029104e-04    8.5022307864e-11   -8.1621372754e-05   -9.0026115980e-10   -3.6296996389e-05    5.6937120060e-10
   6.8300000   -5.4709926680e-04    8.6638430123e-11   -8.1118430086e-05   -9.0458191396e-10   -3.6239349064e-05    1.2042405971e-09
   6.8400000   -5.4430464195e-04    8.5281391983e-11   -8.0618590423e-05   -8.7050033906e-10   -3.6181197499e-05    1.8101145633e-09
   6.8500000   -5.4150498424e-04    8.1194994331e-11   -8.0122479718e-05   -7.9923063551e-10   -3.6122433144e-05    2.3769435295e-09
   6.8600000   -5.3869875134e-04    7.4861372883e-11   -7.9630505178e-05   -6.9355315213e-10   -3.6062952783e-05    2.8955206836e-09
   6.8700000   -5.3588434055e-04    6.6934864417e-11   -7.9142842300e-05   -5.5778971947e-10   -3.6002657858e-05    3.3576139819e-09
   6.8800000   -5.3306014411e-04    5.8231655080e-11   -7.8659431784e-05   -3.9757008597e-10   -3.5941453929e-05    3.7561012891e-09
   6.8900000   -5.3022460687e-04    4.9610577066e-11   -7.8179986130e-05   -2.1963518030e-10   -3.5879250542e-05    4.0850852719e-09
   6.9000000   -5.2737628463e-04    4.1892874169e-11   -7.7704005930e-05   -3.1527557170e-11   -3.5815961518e-05    4.3399648527e-09
   6.9100000   -5.2451389973e-04    3.5766416009e-11   -7.7230804814e-05    1.5871519147e-10   -3.5751505770e-05    4.5174979979e-09
   6.9200000   -5.2163639144e-04    3.1781968073e-11   -7.6759542257e-05    3.4293791208e-10   -3.5685808559e-05    4.6158288695e-09
   6.9300000   -5.1874296006e-04    3.0232637850e-11   -7.6289262690e-05    5.1318913467e-10   -3.5618803340e-05    4.6345072318e-09
   6.9400000   -5.1583310183e-04    3.1186338839e-11   -7.5818939336e-05    6.6208429600e-10   -3.5550433990e-05    4.5744637792e-09
   6.9500000   -5.1290663451e-04    3.4442200149e-11   -7.5347521308e-05    7.8313483292e-10   -3.5480657424e-05    4.4379570211e-09
   6.9600000   -5.0996371200e-04    3.9606089749e-11   -7.4873981419e-05    8.7103754387e-10   -3.5409446432e-05    4.2285207574e-09
   6.9700000   -5.0700482782e-04    4.6065657152e-11   -7.4397363322e-05    9.2191182800e-10   -3.5336792595e-05    3.9508746753e-09
   6.9800000   -5.0403080718e-04    5.3117512357e-11   -7.3916825890e-05    9.3348546873e-10   -3.5262709147e-05    3.6108146035e-09
   6.9900000   -5.0104278791e-04    5.9996655481e-11   -7.3431682539e-05    9.0520517518e-10   -3.5187233550e-05    3.2150927785e-09
   7.0000000   -4.9804219156e-04    6.5968383061e-11   -7.2941434484e-05    8.3820629862e-10   -3.5110429647e-05    2.7712887737e-09
   7.0100000   -4.9503068306e-04    7.0389617010e-11   -7.2445796004e-05    7.3534655151e-10   -3.5032389198e-05    2.2876522351e-09
   7.0200000   -4.9201012188e-04    7.2764141021e-11   -7.1944710696e-05    6.0101719768e-10   -3.4953232652e-05    1.7729537086e-09
   7.0300000   -4.8898250697e-04    7.2808658778e-11   -7.1438357747e-05    4.4101053225e-10   -3.4873109053e-05    1.2363292119e-09
   7.0400000   -4.8594991548e-04    7.0470887778e-11   -7.0927148128e-05    2.6221328890e-10   -3.4792194944e-05    6.8709932852e-10
   7.0500000   -4.8291443778e-04    6.5951219837e-11   -7.0411710234e-05    7.2315577304e-11   -3.4710692235e-05    1.3462638876e-10
   7.0600000   -4.7987811130e-04    5.9588830111e-11   -6.9892865751e-05   -1.2047803810e-10   -3.4628825040e-05   -4.1185006548e-10
   7.0700000   -4.7684285539e-04    5.1993359460e-11   -6.9371596300e-05   -3.0791012591e-10   -3.4546835509e-05   -9.4336647265e-10
   7.0800000   -4.7381040957e-04    4.3852076857e-11   -6.8849002126e-05   -4.8191232136e-10   -3.4464978726e-05   -1.4513926306e-09
   7.0900000   -4.7078227707e-04    3.5933417801e-11   -6.8326254350e-05   -6.3507676332e-10   -3.4383516806e-05   -1.9279415374e-09
   7.1000000   -4.6775967627e-04    2.8980459809e-11   -6.7804542961e-05   -7.6088540353e-10   -3.4302712381e-05   -2.3657102299e-09
   7.1100000   -4.6474350059e-04    2.3673227363e-11   -6.7285022019e-05   -8.5401516465e-10   -3.4222821693e-05   -2.7581879858e-09
   7.1200000   -4.6173428972e-04    2.0542717893e-11   -6.6768754934e-05   -9.1060096023e-10   -3.4144087420e-05   -3.0997238875e-09
   7.1300000   -4.5873221246e-04    1.9978085073e-11   -6.6256661830e-05   -9.2834976624e-10   -3.4066731658e-05   -3.3856329157e-09
   7.1400000   -4.5573706062e-04    2.2074018007e-11   -6.5749471388e-05   -9.0669012152e-10   -3.3990949108e-05   -3.6122324925e-09
   7.1500000   -4.5274825610e-04    2.6751802558e-11   -6.5247679290e-05   -8.4669398909e-10   -3.3916900902e-05   -3.7768888396e-09
   7.1600000   -4.4976486930e-04    3.3677234473e-11   -6.4751515512e-05   -7.5111190123e-10   -3.3844709183e-05   -3.8780386862e-09
   7.1700000   -4.4678564881e-04    4.2331755073e-11   -6.4260921649e-05   -6.2420381787e-10   -3.3774452729e-05   -3.9151843353e-09
   7.1800000   -4.4380906130e-04    5.2019225163e-11   -6.3775539997e-05   -4.7154218469e-10   -3.3706163708e-05   -3.8888845526e-09
   7.1900000   -4.4083334001e-04    6.1951119651e-11   -6.3294715121e-05   -2.9975954470e-10   -3.3639825794e-05   -3.8007113145e-09
   7.2000000   -4.3785654046e-04    7.1305226183e-11   -6.2817508193e-05   -1.1627947377e-10   -3.3575373672e-05   -3.6532185080e-09
   7.2100000   -4.3487660184e-04    7.9291860213e-11   -6.2342723971e-05    7.1060098447e-11   -3.3512693993e-05   -3.4498594388e-09
   7.2200000   -4.3189141159e-04    8.5220269425e-11   -6.1868949679e-05    2.5426955431e-10   -3.3451627734e-05   -3.1949253640e-09
   7.2300000   -4.2889887163e-04    8.8516327481e-11   -6.1394604638e-05    4.2564284764e-10   -3.3391973900e-05   -2.8934380067e-09
   7.2400000   -4.2589696418e-04    8.8849081279e-11   -6.0917998752e-05    5.7799501986e-10   -3.3333494515e-05   -2.5510757100e-09
   7.2500000   -4.2288381515e-04    8.6097134519e-11   -6.0437397978e-05    7.0504995029e-10   -3.3275920597e-05   -2.1740372552e-09
   7.2600000   -4.1985775301e-04    8.0339066150e-11   -5.9951094003e-05    8.0160402432e-10   -3.3218959005e-05   -1.7689530354e-09
   7.2700000   -4.1681736174e-04    7.1895770647e-11   -5.9457475433e-05    8.6383079316e-10   -3.3162299950e-05   -1.3427546915e-09
   7.2800000   -4.1376152586e-04    6.1266484933e-11   -5.8955097609e-05    8.8935536182e-10   -3.3105624802e-05   -9.0256953876e-10
   7.2900000   -4.1068946631e-04    4.9109561455e-11   -5.8442748317e-05    8.7738615210e-10   -3.3048613999e-05   -4.5558479155e-10
   7.3000000   -4.0760076595e-04    3.6167727719e-11   -5.7919506067e-05    8.2872149342e-10   -3.2990954857e-05   -8.9354409128e-12
   7.3100000   -4.0449538392e-04    2.3212699942e-11   -5.7384788737e-05    7.4566959624e-10   -3.2932348849e-05    4.3039181717e-10
   7.3200000   -4.0137365843e-04    1.1014353209e-11   -5.6838390149e-05    6.3200538462e-10   -3.2872518331e-05    8.5569205154e-10
   7.3300000   -3.9823629761e-04    2.4875920978e-13   -5.6280502567e-05    4.9271846463e-10   -3.2811212349e-05    1.2606204877e-09
   7.3400000   -3.9508435919e-04   -8.4963783028e-12   -5.5711724072e-05    3.3383126465e-10   -3.2748211468e-05    1.6393039715e-09
   7.3500000   -3.9191921873e-04   -1.4847525346e-11   -5.5133049625e-05    1.6217695278e-10   -3.2683331519e-05    1.9864044134e-09
   7.3600000   -3.8874252794e-04   -1.8555183321e-11   -5.4545846366e-05   -1.4987752584e-11   -3.2616426096e-05    2.2972046092e-09
   7.3700000   -3.8555616354e-04   -1.9579160942e-11   -5.3951813023e-05   -1.9020460138e-10   -3.2547387889e-05    2.5676605749e-09
   7.3800000   -3.8236216885e-04   -1.8053153267e-11   -5.3352925162e-05   -3.5616887659e-10   -3.2476148857e-05    2.7944506434e-09
   7.3900000   -3.7916268935e-04   -1.4262519629e-11   -5.2751367788e-05   -5.0601857474e-10   -3.2402679278e-05    2.9750090347e-09
   7.4000000   -3.7595990403e-04   -8.6265264993e-12   -5.2149457805e-05   -6.3360066812e-10   -3.2326985875e-05    3.1075576732e-09
   7.4100000   -3.7275595528e-04   -1.6093323013e-12   -5.1549559264e-05   -7.3376076633e-10   -3.2249109070e-05    3.1910874336e-09
   7.4200000   -3.6955287935e-04    6.2243635361e-12   -5.0953994423e-05   -8.0250375405e-10   -3.2169119614e-05    3.2253820180e-09
   7.4300000   -3.6635253980e-04    1.4371444312e-11   -5.0364954173e-05   -8.3717142305e-10   -3.2087114777e-05    3.2109883248e-09
   7.4400000   -3.6315656680e-04    2.2316798262e-11   -4.9784411292e-05   -8.3653477658e-10   -3.2003214201e-05    3.1491808059e-09
   7.4500000   -3.5996630422e-04    2.9632804598e-11   -4.9214040118e-05   -8.0086511344e-10   -3.1917555767e-05    3.0419295548e-09
   7.4600000   -3.5678276701e-04    3.6004026616e-11   -4.8655145731e-05   -7.3185086641e-10   -3.1830291474e-05    2.8918433900e-09
   7.4700000   -3.5360661032e-04    4.1221979189e-11   -4.8108605871e-05   -6.3256637994e-10   -3.1741583610e-05    2.7021222046e-09
   7.4800000   -3.5043811177e-04    4.5188988572e-11   -4.7574827705e-05   -5.0734937150e-10   -3.1651601305e-05    2.4764675153e-09
   7.4900000   -3.4727716777e-04    4.7911540250e-11   -4.7053722005e-05   -3.6157484481e-10   -3.1560517506e-05    2.2190316804e-09
   7.5000000   -3.4412330344e-04    4.9504088290e-11   -4.6544695123e-05   -2.0146479246e-10   -3.1468506488e-05    1.9343186054e-09
   7.5100000   -3.4097569670e-04    5.0137393693e-11   -4.6046660319e-05   -3.3789376166e-11   -3.1375741901e-05    1.6271280261e-09
   7.5200000   -3.3783321442e-04    5.0015032474e-11   -4.5558067659e-05    1.3437996920e-10   -3.1282395314e-05    1.3024475311e-09
   7.5300000   -3.3469446001e-04    4.9363118108e-11   -4.5076951844e-05    2.9596283782e-10   -3.1188635216e-05    9.6538508395e-10
   7.5400000   -3.3155782994e-04    4.8404317654e-11   -4.4600996275e-05    4.4421092037e-10   -3.1094626408e-05    6.2108382675e-10
   7.5500000   -3.2842157715e-04    4.7323135916e-11   -4.4127611244e-05    5.7292221504e-10   -3.1000529623e-05    2.7464679886e-10
   7.5600000   -3.2528387903e-04    4.6216312391e-11   -4.3654023369e-05    6.7675429785e-10   -3.0906501351e-05   -6.8934324604e-11
   7.5700000   -3.2214290691e-04    4.5179434451e-11   -4.3177373050e-05    7.5139071202e-10   -3.0812693659e-05   -4.0486397918e-10
   7.5800000   -3.1899689492e-04    4.4185801788e-11   -4.2694816262e-05    7.9378342416e-10   -3.0719253949e-05   -7.2857764527e-10
   7.5900000   -3.1584420518e-04    4.3168571693e-11   -4.2203627120e-05    8.0224466371e-10   -3.0626324529e-05   -1.0358221347e-09
   7.6000000   -3.1268338736e-04    4.2036600115e-11   -4.1701297118e-05    7.7650034788e-10   -3.0534041880e-05   -1.3226825710e-09
   7.6100000   -3.0951323015e-04    4.0640202844e-11   -4.1185627471e-05    7.1772531989e-10   -3.0442535651e-05   -1.5856478140e-09
   7.6200000   -3.0633280295e-04    3.8845167124e-11   -4.0654811213e-05    6.2851969418e-10   -3.0351927239e-05   -1.8216294057e-09
   7.6300000   -3.0314148654e-04    3.6508015162e-11   -4.0107501538e-05    5.1273771630e-10   -3.0262328018e-05   -2.0279854431e-09
   7.6400000   -2.9993899160e-04    3.3545132239e-11   -3.9542864231e-05    3.7540387850e-10   -3.0173837294e-05   -2.2025470175e-09
   7.6500000   -2.9672536476e-04    2.9870696512e-11   -3.8960611777e-05    2.2242106823e-10   -3.0086539975e-05   -2.3436288964e-09
   7.6600000   -2.9350098220e-04    2.5512767174e-11   -3.8361018294e-05    6.0399235746e-11   -3.0000504110e-05   -2.4500365613e-09
   7.6700000   -2.9026653122e-04    2.0500744646e-11   -3.7744914031e-05   -1.0368816948e-10   -2.9915778429e-05   -2.5210588006e-09
   7.6800000   -2.8702298096e-04    1.4967155667e-11   -3.7113660013e-05   -2.6278184764e-10   -2.9832389937e-05   -2.5564793765e-09
   7.6900000   -2.8377154330e-04    9.0897261008e-12   -3.6469103571e-05   -4.1001893217e-10   -2.9750341848e-05   -2.5565420279e-09
   7.7000000   -2.8051362566e-04    3.0692208272e-12   -3.5813516298e-05   -5.3906956291e-10   -2.9669611905e-05   -2.5219571893e-09
   7.7100000   -2.7725077783e-04   -2.8492224442e-12   -3.5149516541e-05   -6.4436257797e-10   -2.9590151266e-05   -2.4538648891e-09
   7.7200000   -2.7398463428e-04   -8.4361472938e-12   -3.4479979251e-05   -7.2136512470e-10   -2.9511884029e-05   -2.3538254631e-09
   7.7300000   -2.7071685470e-04   -1.3433714870e-11   -3.3807936429e-05   -7.6677244115e-10   -2.9434707610e-05   -2.2237707412e-09
   7.7400000   -2.6744906432e-04   -1.7620021509e-11   -3.3136471673e-05   -7.7866993135e-10   -2.9358493856e-05   -2.0659959986e-09
   7.7500000   -2.6418279661e-04   -2.0862385033e-11   -3.2468612534e-05   -7.5657140510e-10   -2.9283091112e-05   -1.8831040968e-09
   7.7600000   -2.6091943992e-04   -2.3037440955e-11   -3.1807224619e-05   -7.0150031943e-10   -2.9208327067e-05   -1.6779803428e-09
   7.7700000   -2.5766019018e-04   -2.4056890101e-11   -3.1154911189e-05   -6.1593192475e-10   -2.9134012428e-05   -1.4537457494e-09
   7.7800000   -2.5440601106e-04   -2.3967957712e-11   -3.0513921702e-05   -5.0366678330e-10   -2.9059945264e-05   -1.2137179279e-09
   7.7900000   -2.5115760297e-04   -2.2798262975e-11   -2.9886072636e-05   -3.6966820559e-10   -2.8985915933e-05   -9.6136034534e-10
   7.8000000   -2.4791538151e-04   -2.0649174652e-11   -2.9272683454e-05   -2.1987814738e-10   -2.8911712382e-05   -7.0023857920e-10
   7.8100000   -2.4467946639e-04   -1.7640129680e-11   -2.8674529866e-05   -6.0922565094e-11   -2.8837125683e-05   -4.3397013380e-10
   7.8200000   -2.4144968054e-04   -1.3952440870e-11   -2.8091816147e-05    1.0016538565e-10   -2.8761955550e-05   -1.6618538599e-10
   7.8300000   -2.3822555925e-04   -9.7410424940e-12   -2.7524167285e-05    2.5629578991e-10   -2.8686015679e-05    9.9528666848e-11
   7.8400000   -2.3500636877e-04   -5.1879884523e-12   -2.6970641618e-05    4.0057174217e-10   -2.8609138679e-05    3.5967343034e-10
   7.8500000   -2.3179113354e-04   -4.5214730475e-13   -2.6429763111e-05    5.2664791391e-10   -2.8531180402e-05    6.1088555910e-10
   7.8600000   -2.2857867048e-04    4.3102055863e-12   -2.5899572394e-05    6.2901023519e-10   -2.8452023540e-05    8.4997164814e-10
   7.8700000   -2.2536762948e-04    8.9636325286e-12   -2.5377694750e-05    7.0319418392e-10   -2.8371580260e-05    1.0739591863e-09
   7.8800000   -2.2215653846e-04    1.3424915183e-11   -2.4861422513e-05    7.4601519598e-10   -2.8289793926e-05    1.2801218095e-09
   7.8900000   -2.1894385148e-04    1.7614526312e-11   -2.4347809305e-05    7.5569767343e-10   -2.8206639699e-05    1.4660178033e-09
   7.9000000   -2.1572799852e-04    2.1423964069e-11   -2.3833772379e-05    7.3192769070e-10   -2.8122124081e-05    1.6295161516e-09
   7.9100000   -2.1250743560e-04    2.4821985909e-11   -2.3316199883e-05    6.7590933795e-10   -2.8036283390e-05    1.7688207099e-09
   7.9200000   -2.0928069377e-04    2.7772440939e-11   -2.2792059092e-05    5.9027530625e-10   -2.7949181304e-05    1.8824811584e-09
   7.9300000   -2.0604642578e-04    3.0190350752e-11   -2.2258501806e-05    4.7897605468e-10   -2.7860905480e-05    1.9694102561e-09
   7.9400000   -2.0280344905e-04    3.2077935041e-11   -2.1712963249e-05    3.4707930686e-10   -2.7771563453e-05    2.0288938103e-09
   7.9500000   -1.9955078422e-04    3.3383163650e-11   -2.1153251096e-05    2.0054623272e-10   -2.7681277985e-05    2.0605763066e-09
   7.9600000   -1.9628768773e-04    3.4069851823e-11   -2.0577621314e-05    4.5988359375e-11   -2.7590182001e-05    2.0644793486e-09
   7.9700000   -1.9301367816e-04    3.4070448799e-11   -1.9984838233e-05   -1.0968056925e-10   -2.7498413356e-05    2.0409849722e-09
   7.9800000   -1.8972855519e-04    3.3363901802e-11   -1.9374216952e-05   -2.5954794373e-10   -2.7406109581e-05    1.9908038894e-09
   7.9900000   -1.8643241078e-04    3.1929854257e-11   -1.8745646176e-05   -3.9697128019e-10   -2.7313402870e-05    1.9149886162e-09
   8.0000000   -1.8312563252e-04    2.9764062551e-11   -1.8099590983e-05   -5.1596235535e-10   -2.7220415353e-05    1.8148982860e-09
   8.0100000   -1.7980889877e-04    2.6865267898e-11   -1.7437075456e-05   -6.1134988246e-10   -2.7127254950e-05    1.6921736786e-09
   8.0200000   -1.7648316593e-04    2.3278405279e-11   -1.6759645610e-05   -6.7907832128e-10   -2.7034011828e-05    1.5487181026e-09
   8.0300000   -1.7314964816e-04    1.9082397184e-11   -1.6069314077e-05   -7.1638227300e-10   -2.6940755600e-05    1.3866672876e-09
   8.0400000   -1.6980979020e-04    1.4375336996e-11   -1.5368488552e-05   -7.2181597650e-10   -2.6847533341e-05    1.2083549345e-09
   8.0500000   -1.6646523405e-04    9.2932856387e-12   -1.4659886318e-05   -6.9540799064e-10   -2.6754368372e-05    1.0162983937e-09
   8.0600000   -1.6311778024e-04    3.9956932119e-12   -1.3946438315e-05   -6.3861322880e-10   -2.6661259930e-05    8.1313907049e-10
   8.0700000   -1.5976934498e-04   -1.3470189744e-12   -1.3231185830e-05   -5.5421763612e-10   -2.6568183572e-05    6.0163500413e-10
   8.0800000   -1.5642191408e-04   -6.5755968315e-12   -1.2517173451e-05   -4.4616739861e-10   -2.6475092343e-05    3.8461646219e-10
   8.0900000   -1.5307749476e-04   -1.1507047236e-11   -1.1807342572e-05   -3.1948097663e-10   -2.6381918571e-05    1.6495382446e-10
   8.1000000   -1.4973806682e-04   -1.5984982452e-11   -1.1104428564e-05   -1.7991261552e-10   -2.6288576204e-05   -5.4479170327e-11
   8.1100000   -1.4640553389e-04   -1.9859188079e-11   -1.0410865887e-05   -3.3706401830e-11   -2.6194963614e-05   -2.7082290410e-10
   8.1200000   -1.4308167630e-04   -2.3037573458e-11   -9.7287041615e-06    1.1260333821e-10   -2.6100966707e-05   -4.8129444469e-10
   8.1300000   -1.3976810641e-04   -2.5462120577e-11   -9.0595382487e-06    2.5261737146e-10   -2.6006462277e-05   -6.8319329728e-10
   8.1400000   -1.3646622769e-04   -2.7116469964e-11   -8.4044547746e-06    3.8027448255e-10   -2.5911321416e-05   -8.7394663615e-10
   8.1500000   -1.3317719840e-04   -2.8001650634e-11   -7.7639970771e-06    4.9011074732e-10   -2.5815412966e-05   -1.0511356729e-09
   8.1600000   -1.2990190056e-04   -2.8172051746e-11   -7.1381495249e-06    5.7752696045e-10   -2.5718606910e-05   -1.2125262997e-09
   8.1700000   -1.2664091532e-04   -2.7723383073e-11   -6.5263418932e-06    6.3897482677e-10   -2.5620777562e-05   -1.3561002562e-09
   8.1800000   -1.2339450493e-04   -2.6752342236e-11   -5.9274735151e-06    6.7206318338e-10   -2.5521806572e-05   -1.4800698549e-09
   8.1900000   -1.2016260223e-04   -2.5369943222e-11   -5.3399560900e-06    6.7572647414e-10   -2.5421585665e-05   -1.5829081686e-09
   8.2000000   -1.1694480747e-04   -2.3709815557e-11   -4.7617735560e-06    6.5013182367e-10   -2.5320019111e-05   -1.6633733763e-09
   8.2100000   -1.1374039321e-04   -2.1871692278e-11   -4.1905569793e-06    5.9678308539e-10   -2.5217025887e-05   -1.7205227101e-09
   8.2200000   -1.1054831688e-04   -1.9937892352e-11   -3.6236711706e-06    5.1833844215e-10   -2.5112541561e-05   -1.7537165082e-09
   8.2300000   -1.0736724125e-04   -1.7973699892e-11   -3.0583102400e-06    4.1851412770e-10   -2.5006519890e-05   -1.7626425561e-09
   8.2400000   -1.0419556241e-04   -1.6032071803e-11   -2.4915984491e-06    3.0192346661e-10   -2.4898934103e-05   -1.7473076477e-09
   8.2500000   -1.0103144493e-04   -1.4108225179e-11   -1.9206923469e-06    1.7380055475e-10   -2.4789778017e-05   -1.7080516147e-09
   8.2600000   -9.7872863685e-05   -1.2185950292e-11   -1.3428808331e-06    3.9843536043e-11   -2.4679066841e-05   -1.6455327373e-09
   8.2700000   -9.4717651671e-05   -1.0219436035e-11   -7.5567927673e-07   -9.4112775319e-11   -2.4566837800e-05   -1.5607242985e-09
   8.2800000   -9.1563552995e-05   -8.1697888921e-12   -1.5691433664e-07   -2.2230063229e-10   -2.4453150564e-05   -1.4548994652e-09
   8.2900000   -8.8408279638e-05   -5.9532201958e-12    4.5520361781e-07   -3.3931103791e-10   -2.4338087486e-05   -1.3296163279e-09
   8.3000000   -8.5249571500e-05   -3.5230389597e-12    1.0820228035e-06   -4.4025288418e-10   -2.4221753618e-05   -1.1867041758e-09
   8.3100000   -8.2085257424e-05   -8.4225537031e-13    1.7244093755e-06   -5.2106131677e-10   -2.4104276541e-05   -1.0282190401e-09
   8.3200000   -7.8913316214e-05    2.1441595041e-12    2.3827248044e-06   -5.7853587521e-10   -2.3985806001e-05   -8.5643453950e-10
   8.3300000   -7.5731935725e-05    5.3984095063e-12    3.0568221941e-06   -6.1058570594e-10   -2.3866513273e-05   -6.7379266072e-10
   8.3400000   -7.2539568305e-05    8.8866044293e-12    3.7460611650e-06   -6.1620766160e-10   -2.3746590253e-05   -4.8288911363e-10
   8.3500000   -6.9334980429e-05    1.2548513128e-11    4.4493408225e-06   -5.9555238959e-10   -2.3626248280e-05   -2.8642232011e-10
   8.3600000   -6.6117295299e-05    1.6297818496e-11    5.1651489849e-06   -5.4990206173e-10   -2.3505716564e-05   -8.7154701625e-11
   8.3700000   -6.2886026120e-05    2.0004032398e-11    5.8916258737e-06   -4.8158040607e-10   -2.3385240282e-05    1.1211509877e-10
   8.3800000   -5.9641098923e-05    2.3524313232e-11    6.6266394955e-06   -3.9383663844e-10   -2.3265078245e-05    3.0859902165e-10
   8.3900000   -5.6382863756e-05    2.6702954359e-11    7.3678695630e-06   -2.9072526797e-10   -2.3145500121e-05    4.9956729538e-10
   8.4000000   -5.3112093070e-05    2.9426402095e-11    8.1128969588e-06   -1.7686857360e-10   -2.3026783247e-05    6.8236280680e-10
   8.4100000   -4.9829967156e-05    3.1521166378e-11    8.8592947862e-06   -5.7276149358e-11   -2.2909208910e-05    8.5446408815e-10
   8.4200000   -4.6538046583e-05    3.2901939249e-11    9.6047177469e-06    6.2877387799e-11   -2.2793058314e-05    1.0134980711e-09
   8.4300000   -4.3238232019e-05    3.3489753331e-11    1.0346986474e-05    1.7845398256e-10   -2.2678607994e-05    1.1572954449e-09
   8.4400000   -3.9932712417e-05    3.3258197942e-11    1.1084163332e-05    2.8458870302e-10   -2.2566124965e-05    1.2838922003e-09
   8.4500000   -3.6623903232e-05    3.2182128771e-11    1.1814617212e-05    3.7693092308e-10   -2.2455861548e-05    1.3915874591e-09
   8.4600000   -3.3314376241e-05    3.0296717003e-11    1.2537074870e-05    4.5175008539e-10   -2.2348050012e-05    1.4789469900e-09
   8.4700000   -3.0006783573e-05    2.7688726262e-11    1.3250657137e-05    5.0611440335e-10   -2.2242897075e-05    1.5448259282e-09
   8.4800000   -2.6703778125e-05    2.4467020136e-11    1.3954898784e-05    5.3803548144e-10   -2.2140578473e-05    1.5883861451e-09
   8.4900000   -2.3407933529e-05    2.0778525766e-11    1.4649751787e-05    5.4650791448e-10   -2.2041233661e-05    1.6091106006e-09
   8.5000000   -2.0121666210e-05    1.6741274543e-11    1.5335572344e-05    5.3152552592e-10   -2.1944960818e-05    1.6068021264e-09
   8.5100000   -1.6847162571e-05    1.2542658042e-11    1.6013092293e-05    4.9408282313e-10   -2.1851812346e-05    1.5815949170e-09
   8.5200000   -1.3586313835e-05    8.3102292613e-12    1.6683376798e-05    4.3614036366e-10   -2.1761790908e-05    1.5339435032e-09
   8.5300000   -1.0340661251e-05    4.1803046035e-12    1.7347770256e-05    3.6048129746e-10   -2.1674846285e-05    1.4646201731e-09
   8.5400000   -7.1113531860e-06    2.9094316207e-13    1.8007833051e-05    2.7060806022e-10   -2.1590873051e-05    1.3747096903e-09
   8.5500000   -3.8991164474e-06   -3.2811935608e-12    1.8665272059e-05    1.7056587553e-10   -2.1509709300e-05    1.2655817291e-09
   8.5600000   -7.0424184336e-07   -6.4395223248e-12    1.9321867839e-05    6.4801180535e-11   -2.1431136460e-05    1.1388827561e-09
   8.5700000    2.4734142862e-06   -9.1596879595e-12    1.9979401778e-05   -4.2075914609e-11   -2.1354880233e-05    9.9650314395e-10
   8.5800000    5.6344141372e-06   -1.1386542488e-11    2.0639586258e-05   -1.4545314743e-10   -2.1280612784e-05    8.4056232205e-10
   8.5900000    8.7797077569e-06   -1.3133144893e-11    2.1304000578e-05   -2.4096478787e-10   -2.1207956096e-05    6.7336818911e-10
   8.6000000    1.1910589572e-05   -1.4371394937e-11    2.1974035209e-05   -3.2461239955e-10   -2.1136486566e-05    4.9738118183e-10
   8.6100000    1.5028643906e-05   -1.5114298972e-11    2.2650846384e-05   -3.9299175398e-10   -2.1065740640e-05    3.1518643991e-10
   8.6200000    1.8135681554e-05   -1.5362083296e-11    2.3335322624e-05   -4.4336013747e-10   -2.0995221527e-05    1.2945594612e-10
   8.6300000    2.1233670357e-05   -1.5134041800e-11    2.4028064024e-05   -4.7381162278e-10   -2.0924406790e-05   -5.7088818524e-11
   8.6400000    2.4324662252e-05   -1.4420814853e-11    2.4729374671e-05   -4.8330584785e-10   -2.0852756659e-05   -2.4173456509e-10
   8.6500000    2.7410719963e-05   -1.3257644098e-11    2.5439268149e-05   -4.7171028878e-10   -2.0779722938e-05   -4.2179998062e-10
   8.6600000    3.0493846134e-05   -1.1597173823e-11    2.6157484740e-05   -4.3979611465e-10   -2.0704758238e-05   -5.9467140074e-10
   8.6700000    3.3575917425e-05   -9.4819954668e-12    2.6883519490e-05   -3.8920917583e-10   -2.0627325449e-05   -7.5785940518e-10
   8.6800000    3.6658626264e-05   -6.9080137133e-12    2.7616658904e-05   -3.2236858601e-10   -2.0546907069e-05   -9.0902554325e-10
   8.6900000    3.9743432043e-05   -3.8774033544e-12    2.8356024367e-05   -2.4234509736e-10   -2.0463014408e-05   -1.0460158847e-09
   8.7000000    4.2831523513e-05   -4.2015924244e-13    2.9100619736e-05   -1.5273735196e-10   -2.0375196251e-05   -1.1669050098e-09
   8.7100000    4.5923793186e-05    3.4262590702e-12    2.9849380576e-05   -5.7536148086e-11   -2.0283046972e-05   -1.2700048190e-09
   8.7200000    4.9020824567e-05    7.6399599791e-12    3.0601222840e-05    3.9091491536e-11   -2.0186213836e-05   -1.3539229744e-09
   8.7300000    4.7326740167e-05   -2.0491795801e-11    3.1355088330e-05    1.3298159310e-10   -2.0084403407e-05   -1.4175331643e-09
   8.7400000    5.0247132766e-05   -1.5156474428e-11    3.2109985181e-05    2.2009375254e-10   -1.9977386904e-05   -1.4600477365e-09
   8.7500000    5.3129402337e-05   -9.4035595821e-12    3.2865021522e-05    2.9676081273e-10   -1.9865004486e-05   -1.4809883986e-09
   8.7600000    5.5979218426e-05   -3.3425691118e-12    3.3619431194e-05    3.5977903687e-10   -1.9747168343e-05   -1.4802020109e-09
   8.7700000    5.8803604765e-05    2.8933622777e-12    3.4372590641e-05    4.0656639352e-10   -1.9623864598e-05   -1.4578617474e-09
   8.7800000    6.1610478211e-05    9.1594668631e-12    3.5124026739e-05    4.3525301748e-10   -1.9495154040e-05   -1.4144597312e-09
   8.7900000    6.4408170286e-05    1.5307447481e-11    3.5873416067e-05    4.4476452657e-10   -1.9361171638e-05   -1.3508137671e-09
   8.8000000    6.7204970336e-05    2.1172560658e-11    3.6620575921e-05    4.3486587662e-10   -1.9222124959e-05   -1.2680153687e-09
   8.8100000    7.0008723494e-05    2.6595192396e-11    3.7365448591e-05    4.0613146744e-10   -1.9078291464e-05   -1.1674497180e-09
   8.8200000    7.2826507463e-05    3.1424745025e-11    3.8108080113e-05    3.5992937090e-10   -1.8930014839e-05   -1.0507508623e-09
   8.8300000    7.5664401507e-05    3.5504647442e-11    3.8848595404e-05    2.9838404135e-10   -1.8777700330e-05   -9.1976475681e-10
   8.8400000    7.8527349519e-05    3.8714564360e-11    3.9587171536e-05    2.2422256152e-10   -1.8621809277e-05   -7.7654756572e-10
   8.8500000    8.1419108456e-05    4.0930189984e-11    4.0324010970e-05    1.4070809313e-10   -1.8462852859e-05   -6.2330571252e-10
   8.8600000    8.4342265227e-05    4.2059413311e-11    4.1059316671e-05    5.1457040342e-11   -1.8301385154e-05   -4.6236820270e-10
   8.8700000    8.7298299572e-05    4.2041052819e-11    4.1793270642e-05   -3.9690646210e-11   -1.8137995690e-05   -2.9616714547e-10
   8.8800000    9.0287669446e-05    4.0852790028e-11    4.2526017165e-05   -1.2885711310e-10   -1.7973301434e-05   -1.2717677464e-10
   8.8900000    9.3309896882e-05    3.8491721619e-11    4.3257651694e-05   -2.1226617278e-10   -1.7807938459e-05    4.2111329656e-11
   8.9000000    9.6363638357e-05    3.5013683322e-11    4.3988216129e-05   -2.8640623324e-10   -1.7642553297e-05    2.0922576621e-10
   8.9100000    9.9446731323e-05    3.0484184472e-11    4.4717700453e-05   -3.4818680215e-10   -1.7477794145e-05    3.7174639454e-10
   8.9200000    1.0255621692e-04    2.5036136056e-11    4.5446050476e-05   -3.9505142651e-10   -1.7314301952e-05    5.2734103242e-10
   8.9300000    1.0568834784e-04    1.8822796803e-11    4.6173181120e-05   -4.2510268607e-10   -1.7152701587e-05    6.7380621005e-10
   8.9400000    1.0883859635e-04    1.2007872830e-11    4.6898994009e-05   -4.3712510152e-10   -1.6993593129e-05    8.0908101475e-10
   8.9500000    1.1200168191e-04    4.8160857128e-12    4.7623398263e-05   -4.3068659574e-10   -1.6837543409e-05    9.3129087745e-10
   8.9600000    1.1517163768e-04   -2.5420212454e-12    4.8346332732e-05   -4.0612794818e-10   -1.6685077904e-05    1.0387554735e-09
   8.9700000    1.1834193284e-04   -9.8136477249e-12    4.9067788181e-05   -3.6451265656e-10   -1.6536673203e-05    1.1300422746e-09
   8.9800000    1.2150566077e-04   -1.6749312026e-11    4.9787827773e-05   -3.0762408120e-10   -1.6392749928e-05    1.2039339216e-09
   8.9900000    1.2465579571e-04   -2.3128117406e-11    5.0506604070e-05   -2.3786153462e-10   -1.6253666548e-05    1.2594894834e-09
   9.0000000    1.2778550989e-04   -2.8728652463e-11    5.1224371498e-05   -1.5817191057e-10   -1.6119713815e-05    1.2960364984e-09
   9.0100000    1.3088853476e-04   -3.3339557868e-11    5.1941492715e-05   -7.1828977202e-11   -1.5991110213e-05    1.3131824359e-09
   9.0200000    1.3395954044e-04   -3.6799007013e-11    5.2658438739e-05    1.7574002109e-11   -1.5867998348e-05    1.3108187104e-09
   9.0300000    1.3699450314e-04   -3.8988934694e-11    5.3375781528e-05    1.0637855215e-10   -1.5750442376e-05    1.2891269423e-09
   9.0400000    1.3999102544e-04   -3.9814740365e-11    5.4094179983e-05    1.9094874224e-10   -1.5638426492e-05    1.2485590718e-09
   9.0500000    1.4294857662e-04   -3.9250552271e-11    5.4814358904e-05    2.6784260060e-10   -1.5531854581e-05    1.1898492260e-09
   9.0600000    1.4586862320e-04   -3.7304730975e-11    5.5537082586e-05    3.3397950153e-10   -1.5430550896e-05    1.1139985499e-09
   9.0700000    1.4875462799e-04   -3.4033357794e-11    5.6263123306e-05    3.8665829163e-10   -1.5334261899e-05    1.0222460434e-09
   9.0800000    1.5161190644e-04   -2.9562069990e-11    5.6993226896e-05    4.2381108793e-10   -1.5242659137e-05    9.1607048362e-10
   9.0900000    1.5444734137e-04   -2.4043738813e-11    5.7728076727e-05    4.4399375293e-10   -1.5155343161e-05    7.9713477037e-10
   9.1000000    1.5726897158e-04   -1.7680952151e-11    5.8468258007e-05    4.4642681514e-10   -1.5071848351e-05    6.6730905430e-10
   9.1100000    1.6008548231e-04   -1.0700964012e-11    5.9214224337e-05    4.3105953607e-10   -1.4991648706e-05    5.2859560441e-10
   9.1200000    1.6290563792e-04   -3.3514036003e-12    5.9966268125e-05    3.9854942181e-10   -1.4914164300e-05    3.8311708140e-10
   9.1300000    1.6573770536e-04    4.1007984170e-12    6.0724496751e-05    3.5026657730e-10   -1.4838768583e-05    2.3308951653e-10
   9.1400000    1.6858892058e-04    1.1380262163e-11    6.1488815676e-05    2.8816923849e-10   -1.4764796207e-05    8.0764151474e-11
   9.1500000    1.7146504904e-04    1.8238297437e-11    6.2258919753e-05    2.1475661802e-10   -1.4691551403e-05   -7.1581647297e-11
   9.1600000    1.7437008319e-04    2.4414225022e-11    6.3034293368e-05    1.3298325614e-10   -1.4618316774e-05   -2.2169543130e-10
   9.1700000    1.7730610730e-04    2.9692622266e-11    6.3814219743e-05    4.6113256241e-11   -1.4544362427e-05   -3.6738433126e-10
   9.1800000    1.8027334230e-04    3.3869389432e-11    6.4597799335e-05   -4.2418218583e-11   -1.4468955341e-05   -5.0653578413e-10
   9.1900000    1.8327036317e-04    3.6797611626e-11    6.5383976605e-05   -1.2913188376e-10   -1.4391368870e-05   -6.3716960696e-10
   9.2000000    1.8629446154e-04    3.8393341531e-11    6.6171574514e-05   -2.1064218685e-10   -1.4310892336e-05   -7.5744574211e-10
   9.2100000    1.8934210867e-04    3.8595082823e-11    6.6959334865e-05   -2.8377580531e-10   -1.4226840556e-05   -8.6570248739e-10
   9.2200000    1.9240946181e-04    3.7409484102e-11    6.7745963639e-05   -3.4570384506e-10   -1.4138563197e-05   -9.6048786091e-10
   9.2300000    1.9549285167e-04    3.4883127780e-11    6.8530178524e-05   -3.9407570110e-10   -1.4045453977e-05   -1.0405416589e-09
   9.2400000    1.9858919210e-04    3.1115665178e-11    6.9310757461e-05   -4.2706719673e-10   -1.3946959432e-05   -1.1048533818e-09
   9.2500000    2.0169626378e-04    2.6246958862e-11    7.0086585602e-05   -4.4348428123e-10   -1.3842587226e-05   -1.1526350922e-09
   9.2600000    2.0481284175e-04    2.0449771718e-11    7.0856698813e-05   -4.4276630885e-10   -1.3731913878e-05   -1.1833575038e-09
   9.2700000    2.0793865753e-04    1.3960905771e-11    7.1620321802e-05   -4.2505579736e-10   -1.3614591753e-05   -1.1967270072e-09
   9.2800000    2.1107421012e-04    7.0030215163e-12    7.2376899290e-05   -3.9112898296e-10   -1.3490355149e-05   -1.1926991974e-09
   9.2900000    2.1422045934e-04   -1.7046936607e-13    7.3126118720e-05   -3.4239259271e-10   -1.3359025408e-05   -1.1714603500e-09
   9.3000000    2.1737845022e-04   -7.3224019788e-12    7.3867923450e-05   -2.8085312444e-10   -1.3220514867e-05   -1.1334375464e-09
   9.3100000    2.2054892396e-04   -1.4191697443e-11    7.4602516047e-05   -2.0895511504e-10   -1.3074829529e-05   -1.0792675633e-09
   9.3200000    2.2373196976e-04   -2.0556538636e-11    7.5330351214e-05   -1.2955504144e-10   -1.2922070365e-05   -1.0097902066e-09
   9.3300000    2.2692676275e-04   -2.6217410832e-11    7.6052118832e-05   -4.5796266461e-11   -1.2762433139e-05   -9.2603834611e-10
   9.3400000    2.3013141762e-04   -3.0988356955e-11    7.6768717730e-05    3.9050802184e-11   -1.2596206692e-05   -8.2921363989e-10
   9.3500000    2.3334296983e-04   -3.4724395936e-11    7.7481221091e-05    1.2168785888e-10   -1.2423769671e-05   -7.2068008433e-10
   9.3600000    2.3655747667e-04   -3.7321565149e-11    7.8190835234e-05    1.9892877375e-10   -1.2245585681e-05   -6.0192072686e-10
   9.3700000    2.3977021589e-04   -3.8714727952e-11    7.8898853278e-05    2.6779616549e-10   -1.2062196951e-05   -4.7453840252e-10
   9.3800000    2.4297594826e-04   -3.8887341608e-11    7.9606605553e-05    3.2568661557e-10   -1.1874216540e-05   -3.4023680740e-10
   9.3900000    2.4616920752e-04   -3.7843794091e-11    8.0315409026e-05    3.7041028542e-10   -1.1682319237e-05   -2.0078775915e-10
   9.4000000    2.4934458344e-04   -3.5658922165e-11    8.1026517604e-05    4.0033508615e-10   -1.1487231387e-05   -5.8011890858e-11
   9.4100000    2.5249697201e-04   -3.2415104451e-11    8.1741075354e-05    4.1442065630e-10   -1.1289719725e-05    8.6231924408e-11
   9.4200000    2.5562177823e-04   -2.8217336732e-11    8.2460074426e-05    4.1223997622e-10   -1.1090579524e-05    2.3008201684e-10
   9.4300000    2.5871506834e-04   -2.3226632724e-11    8.3184319425e-05    3.9403763926e-10   -1.0890622330e-05    3.7167376744e-10
   9.4400000    2.6177367917e-04   -1.7614708135e-11    8.3914399545e-05    3.6065907706e-10   -1.0690663459e-05    5.0918737657e-10
   9.4500000    2.6479529767e-04   -1.1551035249e-11    8.4650669363e-05    3.1356061502e-10   -1.0491509636e-05    6.4084599232e-10
   9.4600000    2.6777852591e-04   -5.2295227242e-12    8.5393238939e-05    2.5475245221e-10   -1.0293946939e-05    7.6494457465e-10
   9.4700000    2.7072294286e-04    1.1562149908e-12    8.6141973491e-05    1.8665502731e-10   -1.0098729342e-05    8.7987821986e-10
   9.4800000    2.7362916823e-04    7.4358978799e-12    8.6896502241e-05    1.1211134829e-10   -9.9065680962e-06    9.8414220292e-10
   9.4900000    2.7649892469e-04    1.3432477665e-11    8.7656236220e-05    3.4141854277e-11   -9.7181221090e-06    1.0763587170e-09
   9.5000000    2.7933508705e-04    1.8990283413e-11    8.8420393645e-05   -4.4054867035e-11   -9.5339894743e-06    1.1553010352e-09
   9.5100000    2.8214170118e-04    2.3966761962e-11    8.9188032185e-05   -1.1934301779e-10   -9.3547002743e-06    1.2198922847e-09
   9.5200000    2.8492395392e-04    2.8251093394e-11    8.9958086127e-05   -1.8868147961e-10   -9.1807107245e-06    1.2692308913e-09
   9.5300000    2.8768807785e-04    3.1749119535e-11    9.0729407164e-05   -2.4931570057e-10   -9.0123986948e-06    1.3025974566e-09
   9.5400000    2.9044118122e-04    3.4392285950e-11    9.1500807165e-05   -2.9883548006e-10   -8.8500605767e-06    1.3194619713e-09
   9.5500000    2.9319100327e-04    3.6134242454e-11    9.2271100952e-05   -3.3533764500e-10   -8.6939094497e-06    1.3194913418e-09
   9.5600000    2.9594560523e-04    3.6955384808e-11    9.3039147645e-05   -3.5745356314e-10   -8.5440744560e-06    1.3025544631e-09
   9.5700000    2.9871301686e-04    3.6862403019e-11    9.3803889213e-05   -3.6439810103e-10   -8.4006013755e-06    1.2687275333e-09
   9.5800000    3.0150086565e-04    3.5875819399e-11    9.4564384666e-05   -3.5604725640e-10   -8.2634541009e-06    1.2182830191e-09
   9.5900000    3.0431601829e-04    3.4046848052e-11    9.5319839176e-05   -3.3291586519e-10   -8.1325170858e-06    1.1516939431e-09
   9.6000000    3.0716426317e-04    3.1440721898e-11    9.6069626731e-05   -2.9613307991e-10   -8.0075985267e-06    1.0696252182e-09
   9.6100000    3.1005005757e-04    2.8138350636e-11    9.6813306725e-05   -2.4740359819e-10   -7.8884341930e-06    9.7293193410e-10
   9.6200000    3.1297635545e-04    2.4240229980e-11    9.7550633606e-05   -1.8894164592e-10   -7.7746918120e-06    8.6263351106e-10
   9.6300000    3.1594452292e-04    1.9840542936e-11    9.8281560145e-05   -1.2336355785e-10   -7.6659759113e-06    7.3993192390e-10
   9.6400000    3.1895433943e-04    1.5073352813e-11    9.9006234348e-05   -5.3569977270e-11   -7.5618330638e-06    6.0615953668e-10
   9.6500000    3.2200407623e-04    1.0048691632e-11    9.9724990913e-05    1.7351143562e-11   -7.4617574872e-06    4.6280689981e-10
   9.6600000    3.2509063863e-04    4.8952667712e-12    1.0043833763e-04    8.6262853337e-11   -7.3651969749e-06    3.1147017458e-10
   9.6700000    3.2820975685e-04   -2.7507923555e-13    1.0114693784e-04    1.5017244700e-10   -7.2715591111e-06    1.5386853813e-10
   9.6800000    3.3135621081e-04   -5.3313050608e-12    1.0185158994e-04    2.0626440405e-10   -7.1802177934e-06   -8.2018530848e-12
   9.6900000    3.3452407586e-04   -1.0142457134e-11    1.0255320479e-04    2.5210841023e-10   -7.0905201193e-06   -1.7287211415e-10
   9.7000000    3.3770697932e-04   -1.4621465094e-11    1.0325278195e-04    2.8571226946e-10   -7.0017934865e-06   -3.3821971931e-10
   9.7100000    3.4089835917e-04   -1.8642737260e-11    1.0395138564e-04    3.0565303519e-10   -6.9133530944e-06   -5.0228572347e-10
   9.7200000    3.4409171817e-04   -2.2122443638e-11    1.0465012090e-04    3.1110458112e-10   -6.8245096414e-06   -6.6310441325e-10
   9.7300000    3.4728086556e-04   -2.4992558754e-11    1.0535011124e-04    3.0189284439e-10   -6.7345773664e-06   -8.1870498105e-10
   9.7400000    3.5046013832e-04   -2.7185261651e-11    1.0605247716e-04    2.7850493189e-10   -6.6428822012e-06   -9.6716311436e-10
   9.7500000    3.5362459236e-04   -2.8639387732e-11    1.0675831692e-04    2.4208840703e-10   -6.5487700946e-06   -1.1065909890e-09
   9.7600000    3.5677015274e-04   -2.9333326441e-11    1.0746868898e-04    1.9438907017e-10   -6.4516153663e-06   -1.2351764950e-09
   9.7700000    3.5989371336e-04   -2.9238319396e-11    1.0818459674e-04    1.3766702924e-10   -6.3508288931e-06   -1.3511983195e-09
   9.7800000    3.6299317791e-04   -2.8380042161e-11    1.0890697496e-04    7.4559777413e-11   -6.2458661296e-06   -1.4530611158e-09
   9.7900000    3.6606743869e-04   -2.6764228359e-11    1.0963667802e-04    8.0849250277e-12   -6.1362346483e-06   -1.5392949564e-09
   9.8000000    3.6911629485e-04   -2.4445905569e-11    1.1037446998e-04   -5.8593635787e-11   -6.0215011962e-06   -1.6085917997e-09
   9.8100000    3.7214031819e-04   -2.1482561532e-11    1.1112101615e-04   -1.2230989448e-10   -5.9012979199e-06   -1.6598230832e-09
   9.8200000    3.7514068041e-04   -1.7945122568e-11    1.1187687622e-04   -1.7998333278e-10   -5.7753277894e-06   -1.6920547692e-09
   9.8300000    3.7811896047e-04   -1.3923228459e-11    1.1264249868e-04   -2.2878934981e-10   -5.6433688827e-06   -1.7045657907e-09
   9.8400000    3.8107695203e-04   -9.5254301340e-12    1.1341821666e-04   -2.6632276885e-10   -5.5052775962e-06   -1.6968677696e-09
   9.8500000    3.8401649162e-04   -4.8623485528e-12    1.1420424541e-04   -2.9065974210e-10   -5.3609904423e-06   -1.6687117042e-09
   9.8600000    3.8693932335e-04   -5.6969870982e-14    1.1500068115e-04   -3.0047154281e-10   -5.2105246132e-06   -1.6200885367e-09
   9.8700000    3.8984701102e-04    4.7651526381e-12    1.1580750200e-04   -2.9514307013e-10   -5.0539770657e-06   -1.5512560009e-09
   9.8800000    3.9274090072e-04    9.4730127240e-12    1.1662457055e-04   -2.7469908338e-10   -4.8915222789e-06   -1.4627325909e-09
   9.8900000    3.9562212937e-04    1.3956969448e-11    1.1745163917e-04   -2.3993898360e-10   -4.7234086075e-06   -1.3552794014e-09
   9.9000000    3.9849166790e-04    1.8091519633e-11    1.1828835741e-04   -1.9231135290e-10   -4.5499534112e-06   -1.2299218193e-09
   9.9100000    4.0135038281e-04    2.1767173382e-11    1.1913428206e-04   -1.3389992983e-10   -4.3715369781e-06   -1.0879197295e-09
   9.9200000    4.0419909781e-04    2.4880150991e-11    1.1998888983e-04   -6.7346789044e-11   -4.1885955076e-06   -9.3077407345e-10
   9.9300000    4.0703863793e-04    2.7333254822e-11    1.2085159306e-04    4.2770979054e-12   -4.0016131795e-06   -7.6019578440e-10
   9.9400000    4.0986984210e-04    2.9079790220e-11    1.2172175754e-04    7.7610842219e-11   -3.8111136355e-06   -5.7808775245e-10
   9.9500000    4.1269353616e-04    3.0068177467e-11    1.2259872276e-04    1.4913911580e-10   -3.6176510055e-06   -3.8653978060e-10
   9.9600000    4.1551046504e-04    3.0260962685e-11    1.2348182380e-04    2.1536189829e-10   -3.4218006767e-06   -1.8777774353e-10
   9.9700000    4.1832119073e-04    2.9645148159e-11    1.2437041433e-04    2.7298956220e-10   -3.2241500360e-06    1.5843226831e-11
   9.9800000    4.2112596851e-04    2.8238002576e-11    1.2526389011e-04    3.1901884443e-10   -3.0252894451e-06    2.2187691094e-10
   9.9900000    4.2392461890e-04    2.6073220536e-11    1.2616171233e-04    3.5095226682e-10   -2.8258034652e-06    4.2782122274e-10
  10.0000000    4.2671641475e-04    2.3207938539e-11    1.2706342937e-04    3.6690001299e-10   -2.6262626447e-06    6.3114150503e-10
  10.0100000    4.2950000244e-04    1.9716677011e-11    1.2796869701e-04    3.6568123827e-10   -2.4272159445e-06    8.2930496057e-10
  10.0200000    4.3227337229e-04    1.5686474639e-11    1.2887729530e-04    3.4686541674e-10   -2.2291838740e-06    1.0198159414e-09
  10.0300000    4.3503388852e-04    1.1221588129e-11    1.2978914130e-04    3.1086022435e-10   -2.0326524475e-06    1.2002503048e-09
  10.0400000    4.3777838140e-04    6.4568887371e-12    1.3070430356e-04    2.5886909434e-10   -1.8380680445e-06    1.3682825193e-09
  10.0500000    4.4050329678e-04    1.5064130197e-12    1.3162299811e-04    1.9285047471e-10   -1.6458330808e-06    1.5217336226e-09
  10.0600000    4.4320489133e-04   -3.4900141884e-12    1.3254558311e-04    1.1550543412e-10   -1.4563025543e-06    1.6585736858e-09
  10.0700000    4.4587945649e-04   -8.3905515989e-12    1.3347256852e-04    3.0072527855e-11   -1.2697815237e-06    1.7769668243e-09
  10.0800000    4.4852354988e-04   -1.3054139272e-11    1.3440459708e-04   -5.9740740815e-11   -1.0865232123e-06    1.8752984153e-09
  10.0900000    4.5113421323e-04   -1.7349166981e-11    1.3534242722e-04   -1.4994206845e-10   -9.0672800333e-07    1.9521994864e-09
  10.1000000    4.5370915728e-04   -2.1145370629e-11    1.3628691275e-04   -2.3641368579e-10   -7.3054299028e-07    2.0065608673e-09
  10.1100000    4.5624689847e-04   -2.4315683797e-11    1.3723897837e-04   -3.1513311153e-10   -5.5806214545e-07    2.0375529406e-09
  10.1200000    4.5874683884e-04   -2.6753293549e-11    1.3819959328e-04   -3.8232035047e-10   -3.8932702720e-07    2.0446421333e-09
  10.1300000    4.6120928674e-04   -2.8375328081e-11    1.3916974253e-04   -4.3464376927e-10   -2.2432793948e-07    2.0276106463e-09
  10.1400000    4.6363542306e-04   -2.9125067264e-11    1.4015039764e-04   -4.6936121971e-10   -6.3005480584e-08    1.9865388491e-09
  10.1500000    4.6602722349e-04   -2.8942805476e-11    1.4114248719e-04   -4.8444561762e-10    9.4747518582e-08    1.9218332682e-09
  10.1600000    4.6838734979e-04   -2.7827349184e-11    1.4214686860e-04   -4.7876731266e-10    2.4908379057e-07    1.8342050371e-09
  10.1700000    4.7071902589e-04   -2.5779264619e-11    1.4316430069e-04   -4.5204177077e-10    4.0019905175e-07    1.7246835922e-09
  10.1800000    4.7302591187e-04   -2.2827128639e-11    1.4419542061e-04   -4.0495510200e-10    5.4832916467e-07    1.5945852497e-09
  10.1900000    4.7531198703e-04   -1.9040192465e-11    1.4524072361e-04   -3.3912397593e-10    6.9374702435e-07    1.4455084764e-09
  10.2000000    4.7758144787e-04   -1.4492777954e-11    1.4630054666e-04   -2.5698935334e-10    8.3675908118e-07    1.2793119433e-09
  10.2100000    4.7983862257e-04   -9.3261254898e-12    1.4737505534e-04   -1.6181947760e-10    9.7770159611e-07    1.0980923169e-09
  10.2200000    4.8208789857e-04   -3.6710073463e-12    1.4846423502e-04   -5.7484510441e-11    1.1169366196e-06    9.0414407671e-10
  10.2300000    4.8433365711e-04    2.3214200640e-12    1.4956788593e-04    5.1650918448e-11    1.2548475447e-06    6.9995045857e-10
  10.2400000    4.8658020687e-04    8.4835738858e-12    1.5068562211e-04    1.6093732330e-10    1.3918344232e-06    4.8812620726e-10
  10.2500000    4.8883170956e-04    1.4621371268e-11    1.5181687307e-04    2.6565229768e-10    1.5283089434e-06    2.7138422785e-10
  10.2600000    4.9109209249e-04    2.0554881063e-11    1.5296088886e-04    3.6120762718e-10    1.6646891152e-06    5.2509874851e-11
  10.2700000    4.9336494671e-04    2.6076399731e-11    1.5411674745e-04    4.4330613990e-10    1.8013937370e-06   -1.6568967154e-10
  10.2800000    4.9565341367e-04    3.1001180204e-11    1.5528336415e-04    5.0822915327e-10    1.9388366831e-06   -3.8044576335e-10
  10.2900000    4.9796006673e-04    3.5171286951e-11    1.5645950328e-04    5.5293987304e-10    2.0774210692e-06   -5.8902634656e-10
  10.3000000    5.0028679791e-04    3.8420600995e-11    1.5764379119e-04    5.7523117083e-10    2.2175334253e-06   -7.8881758909e-10
  10.3100000    5.0263472097e-04    4.0609120691e-11    1.5883473052e-04    5.7386011284e-10    2.3595379193e-06   -9.7733845410e-10
  10.3200000    5.0500410303e-04    4.1638169035e-11    1.6003071636e-04    5.4858744262e-10    2.5037708753e-06   -1.1522832759e-09
  10.3300000    5.0739433504e-04    4.1425846542e-11    1.6123005352e-04    5.0026275610e-10    2.6505355250e-06   -1.3115579478e-09
  10.3400000    5.0980394865e-04    3.9936224114e-11    1.6243097636e-04    4.3066713493e-10    2.8000973256e-06   -1.4533029198e-09
  10.3500000    5.1223068371e-04    3.7176862677e-11    1.6363166980e-04    3.4257828962e-10    2.9526797681e-06   -1.5759322370e-09
  10.3600000    5.1467160605e-04    3.3194451280e-11    1.6483029270e-04    2.3955574530e-10    3.1084609671e-06   -1.6781329753e-09
  10.3700000    5.1712327105e-04    2.8053614071e-11    1.6602500354e-04    1.2588143917e-10    3.2675710575e-06   -1.7588965875e-09
  10.3800000    5.1958192497e-04    2.1897269840e-11    1.6721398852e-04    6.2949805794e-12    3.4300904429e-06   -1.8175338517e-09
  10.3900000    5.2204373200e-04    1.4878311640e-11    1.6839549211e-04   -1.1418008407e-10    3.5960491007e-06   -1.8536672097e-09
  10.4000000    5.2450501324e-04    7.1784599126e-12    1.6956784972e-04   -2.3045198668e-10    3.7654268363e-06   -1.8672354384e-09
  10.4100000    5.2696248207e-04   -9.8106123208e-13    1.7072952215e-04   -3.3758655244e-10    3.9381546211e-06   -1.8584952902e-09
  10.4200000    5.2941345947e-04   -9.3545469843e-12    1.7187913104e-04   -4.3102023446e-10    4.1141168967e-06   -1.8280139475e-09
  10.4300000    5.3185605413e-04   -1.7675461672e-11    1.7301549464e-04   -5.0678789559e-10    4.2931549258e-06   -1.7766446254e-09
  10.4400000    5.3428929300e-04   -2.5677353705e-11    1.7413766253e-04   -5.6164493036e-10    4.4750709521e-06   -1.7055125592e-09
  10.4500000    5.3671319152e-04   -3.3105294363e-11    1.7524494809e-04   -5.9326666556e-10    4.6596332328e-06   -1.6160068989e-09
  10.4600000    5.3912875581e-04   -3.9707461939e-11    1.7633695721e-04   -6.0030770468e-10    4.8465816927e-06   -1.5097358957e-09
  10.4700000    5.4153791422e-04   -4.5239372405e-11    1.7741361165e-04   -5.8247924471e-10    5.0356341084e-06   -1.3885034162e-09
  10.4800000    5.4394338101e-04   -4.9515993434e-11    1.7847516534e-04   -5.4057841385e-10    5.2264926397e-06   -1.2542923526e-09
  10.4900000    5.4634846012e-04   -5.2361191937e-11    1.7952221236e-04   -4.7641810977e-10    5.4188505366e-06   -1.1092162459e-09
  10.5000000    5.4875680217e-04   -5.3653271781e-11    1.8055568497e-04   -3.9277087113e-10    5.6123988600e-06   -9.5548922516e-10
  10.5100000    5.5117213283e-04   -5.3305757271e-11    1.8157684074e-04   -2.9322097482e-10    5.8068329957e-06   -7.9539327318e-10
  10.5200000    5.5359797246e-04   -5.1312420109e-11    1.8258723798e-04   -1.8204811827e-10    6.0018588449e-06   -6.3124209706e-10
  10.5300000    5.5603736898e-04   -4.7690916606e-11    1.8358869926e-04   -6.3970531112e-11    6.1971984966e-06   -4.6534562904e-10
  10.5400000    5.5849266435e-04   -4.2522556997e-11    1.8458326302e-04    5.5982002249e-11    6.3925953005e-06   -2.9997743863e-10
  10.5500000    5.6096531203e-04   -3.5942149190e-11    1.8557312404e-04    1.7271968880e-10    6.5878181158e-06   -1.3732427351e-10
  10.5600000    5.6345575830e-04   -2.8146372309e-11    1.8656056416e-04    2.8133989498e-10    6.7826648255e-06    2.0508996592e-11
  10.5700000    5.6596339389e-04   -1.9355026529e-11    1.8754787503e-04    3.7734025120e-10    6.9769649076e-06    1.7157788697e-10
  10.5800000    5.6848657628e-04   -9.8460198153e-12    1.8853727515e-04    4.5673933441e-10    7.1705811042e-06    3.1408472415e-10
  10.5900000    5.7102271680e-04    7.8665306515e-14    1.8953082426e-04    5.1636653442e-10    7.3634102073e-06    4.4642906281e-10
  10.6000000    5.7356842150e-04    1.0102323653e-11    1.9053033788e-04    5.5385662900e-10    7.5553829560e-06    5.6720985213e-10
  10.6100000    5.7611967097e-04    1.9912203333e-11    1.9153730537e-04    5.6785517566e-10    7.7464631138e-06    6.7525491674e-10
  10.6200000    5.7867202304e-04    2.9158407514e-11    1.9255281514e-04    5.5802183926e-10    7.9366458056e-06    7.6964403886e-10
  10.6300000    5.8122082194e-04    3.7547471039e-11    1.9357749036e-04    5.2506647501e-10    8.1259552429e-06    8.4968964324e-10
  10.6400000    5.8376139954e-04    4.4778219384e-11    1.9461143821e-04    4.7065454119e-10    8.3144419075e-06    9.1497617117e-10
  10.6500000    5.8628925743e-04    5.0593101091e-11    1.9565421579e-04    3.9738884481e-10    8.5021792487e-06    9.6533021561e-10
  10.6600000    5.8880022168e-04    5.4786746850e-11    1.9670481476e-04    3.0862894285e-10    8.6892601772e-06    1.0008340427e-09
  10.6700000    5.9129056670e-04    5.7197913645e-11    1.9776166631e-04    2.0841282281e-10    8.8757933122e-06    1.0218198927e-09
  10.6800000    5.9375710681e-04    5.7735063048e-11    1.9882266761e-04    1.0117843986e-10    9.0618991338e-06    1.0288383968e-09
  10.6900000    5.9619725764e-04    5.6352394155e-11    1.9988522950e-04   -8.3641015052e-12    9.2477061838e-06    1.0226661195e-09
  10.7000000    5.9860907054e-04    5.3077431235e-11    2.0094634469e-04   -1.1542479079e-10    9.4333473453e-06    1.0042633831e-09
  10.7100000    6.0099124369e-04    4.8006477472e-11    2.0200267516e-04   -2.1545048662e-10    9.6189562777e-06    9.7477221362e-10
  10.7200000    6.0334311409e-04    4.1300072015e-11    2.0305065569e-04   -3.0419059518e-10    9.8046640680e-06    9.3546833436e-10
  10.7300000    6.0566463366e-04    3.3163527326e-11    2.0408661042e-04   -3.7797150945e-10    9.9905961621e-06    8.8774886156e-10
  10.7400000    6.0795633210e-04    2.3865563054e-11    2.0510687833e-04   -4.3382539214e-10    1.0176869529e-05    8.3309012182e-10
  10.7500000    6.1021926845e-04    1.3721707840e-11    2.0610794338e-04   -4.6960660908e-10    1.0363590112e-05    7.7303217225e-10
  10.7600000    6.1245497306e-04    3.0495678553e-12    2.0708656421e-04   -4.8408118663e-10    1.0550850610e-05    7.0912495974e-10
  10.7700000    6.1466538126e-04   -7.7776725232e-12    2.0803989853e-04   -4.7695837120e-10    1.0738728499e-05    6.4291765707e-10
  10.7800000    6.1685275989e-04   -1.8393614153e-11    2.0896561722e-04   -4.4893331713e-10    1.0927284282e-05    5.7592239128e-10
  10.7900000    6.1901962881e-04   -2.8442066111e-11    2.0986200349e-04   -4.0160241951e-10    1.1116560088e-05    5.0957618125e-10
  10.8000000    6.2116867875e-04   -3.7581554096e-11    2.1072803214e-04   -3.3741451666e-10    1.1306578429e-05    4.4522183922e-10
  10.8100000    6.2330268788e-04   -4.5504667821e-11    2.1156342672e-04   -2.5952383237e-10    1.1497341216e-05    3.8409310908e-10
  10.8200000    6.2542443885e-04   -5.1932152039e-11    2.1236869037e-04   -1.7165950649e-10    1.1688829048e-05    3.2727485571e-10
  10.8300000    6.2753663863e-04   -5.6660266421e-11    2.1314510924e-04   -7.7972906846e-11    1.1881000702e-05    2.7569725841e-10
  10.8400000    6.2964184262e-04   -5.9510425569e-11    2.1389472738e-04    1.7211777094e-11    1.2073792922e-05    2.3011891460e-10
  10.8500000    6.3174238482e-04   -6.0410816460e-11    2.1462029369e-04    1.0953349960e-10    1.2267120469e-05    1.9111281422e-10
  10.8600000    6.3384031546e-04   -5.9344267889e-11    2.1532518245e-04    1.9479722964e-10    1.2460876510e-05    1.5906625881e-10
  10.8700000    6.3593734783e-04   -5.6351489444e-11    2.1601328932e-04    2.6919678072e-10    1.2654933351e-05    1.3417337714e-10
  10.8800000    6.3803481554e-04   -5.1565947008e-11    2.1668890672e-04    3.2945429312e-10    1.2849143551e-05    1.1643307995e-10
  10.8900000    6.4013364242e-04   -4.5147241929e-11    2.1735658317e-04    3.7295071218e-10    1.3043341457e-05    1.0566375444e-10
  10.9000000    6.4223432679e-04   -3.7361548777e-11    2.1802097113e-04    3.9789506319e-10    1.3237345216e-05    1.0150254090e-10
  10.9100000    6.4433694199e-04   -2.8491615187e-11    2.1868666936e-04    4.0334730940e-10    1.3430959233e-05    1.0341386511e-10
  10.9200000    6.4644115482e-04   -1.8845170179e-11    2.1935806525e-04    3.8923536278e-10    1.3623977108e-05    1.1070572211e-10
  10.9300000    6.4854626254e-04   -8.7970221476e-12    2.2003918372e-04    3.5641220826e-10    1.3816185085e-05    1.2256121132e-10
  10.9400000    6.5065124837e-04    1.3155337695e-12    2.2073354774e-04    3.0657179240e-10    1.4007365922e-05    1.3803596811e-10
  10.9500000    6.5275485344e-04    1.1107098358e-11    2.2144405616e-04    2.4216230480e-10    1.4197303187e-05    1.5608509244e-10
  10.9600000    6.5485566204e-04    2.0252160911e-11    2.2217288365e-04    1.6628911083e-10    1.4385785949e-05    1.7560215694e-10
  10.9700000    6.5695219510e-04    2.8430342514e-11    2.2292140683e-04    8.2564282355e-11    1.4572613681e-05    1.9541468025e-10
  10.9800000    6.5904300571e-04    3.5374717286e-11    2.2369015941e-04   -5.0944353624e-12    1.4757601429e-05    2.1433553196e-10
  10.9900000    6.6112676973e-04    4.0836949932e-11    2.2447881825e-04   -9.2586327860e-11    1.4940584988e-05    2.3117444281e-10
  11.0000000    6.6320236420e-04    4.4669965516e-11    2.2528622118e-04   -1.7584612607e-10    1.5121426080e-05    2.4476819763e-10
  11.0100000    6.6526892746e-04    4.6761082129e-11    2.2611041613e-04   -2.5103685791e-10    1.5300017307e-05    2.5400340780e-10
  11.0200000    6.6732589600e-04    4.7071859365e-11    2.2694873976e-04   -3.1472449677e-10    1.5476286815e-05    2.5784084814e-10
  11.0300000    6.6937301521e-04    4.5629439511e-11    2.2779792303e-04   -3.6400612576e-10    1.5650202447e-05    2.5534923355e-10
  11.0400000    6.7141032378e-04    4.2540968848e-11    2.2865422010e-04   -3.9663359515e-10    1.5821775355e-05    2.4570586177e-10
  11.0500000    6.7343811415e-04    3.7950501538e-11    2.2951355516e-04   -4.1116755859e-10    1.5991062815e-05    2.2823975367e-10
  11.0600000    6.7545687354e-04    3.2055063905e-11    2.3037168257e-04   -4.0696019570e-10    1.6158170229e-05    2.0243110318e-10
  11.0700000    6.7746721219e-04    2.5105391807e-11    2.3122435411e-04   -3.8419638896e-10    1.6323252188e-05    1.6793605847e-10
  11.0800000    6.7946978642e-04    1.7392127501e-11    2.3206748718e-04   -3.4395093535e-10    1.6486512488e-05    1.2458552158e-10
  11.0900000    6.8146522443e-04    9.2054737848e-12    2.3289732815e-04   -2.8803392396e-10    1.6648203103e-05    7.2410533290e-11
  11.1000000    6.8345406207e-04    8.6430627726e-13    2.3371060416e-04   -2.1895286860e-10    1.6808622047e-05    1.1641279677e-11
  11.1100000    6.8543669448e-04   -7.3227201138e-12    2.3450465862e-04   -1.3977011921e-10    1.6968110148e-05   -5.7310386530e-11
  11.1200000    6.8741334740e-04   -1.5064281009e-11    2.3527756507e-04   -5.4015166142e-11    1.7127046789e-05   -1.3383174503e-10
  11.1300000    6.8938406996e-04   -2.2092383865e-11    2.3602821531e-04    3.4547820260e-11    1.7285844639e-05   -2.1712487218e-10
  11.1400000    6.9134874774e-04   -2.8178730275e-11    2.3675637874e-04    1.2206273144e-10    1.7444943513e-05   -3.0621484610e-10
  11.1500000    6.9330713384e-04   -3.3140666067e-11    2.3746273038e-04    2.0472434524e-10    1.7604803437e-05   -3.9997855663e-10
  11.1600000    6.9525889274e-04   -3.6824442449e-11    2.3814884756e-04    2.7897900450e-10    1.7765897068e-05   -4.9713946858e-10
  11.1700000    6.9720365186e-04   -3.9134629018e-11    2.3881717448e-04    3.4166836734e-10    1.7928701675e-05   -5.9630106557e-10
  11.1800000    6.9914105445e-04   -4.0057576991e-11    2.3947095658e-04    3.9016558938e-10    1.8093690793e-05   -6.9597098787e-10
  11.1900000    7.0107080816e-04   -3.9603307695e-11    2.4011414719e-04    4.2244637703e-10    1.8261325723e-05   -7.9457931992e-10
  11.2000000    7.0299272431e-04   -3.7851385912e-11    2.4075128928e-04    4.3720514766e-10    1.8432047170e-05   -8.9051227232e-10
  11.2100000    7.0490674395e-04   -3.4908104505e-11    2.4037331540e-04    4.1134350668e-10    1.8638989940e-05   -9.3494244913e-10
  11.2200000    7.0681294845e-04   -3.0927762804e-11    2.4119537293e-04    3.9328267238e-10    1.8814106267e-05   -1.0105481410e-09
  11.2300000    7.0871155415e-04   -2.6109111316e-11    2.4203839606e-04    3.5893541175e-10    1.8991661229e-05   -1.0802509237e-09
  11.2400000    7.1060289127e-04   -2.0653196284e-11    2.4290217974e-04    3.0983028648e-10    1.9171876158e-05   -1.1427786359e-09
  11.2500000    7.1248736983e-04   -1.4772339366e-11    2.4378603940e-04    2.4809381059e-10    1.9354969139e-05   -1.1968963290e-09
  11.2600000    7.1436543519e-04   -8.7097849721e-12    2.4468889614e-04    1.7629410847e-10    1.9541156350e-05   -1.2413953920e-09
  11.2700000    7.1623751718e-04   -2.6734447123e-12    2.4560937082e-04    9.7393743853e-11    1.9730653703e-05   -1.2751481099e-09
  11.2800000    7.1810397700e-04    3.1206301790e-12    2.4654588538e-04    1.4566631605e-11    1.9923678546e-05   -1.2970957211e-09
  11.2900000    7.1996505591e-04    8.5171769094e-12    2.4749676734e-04   -6.8892642426e-11    2.0120451389e-05   -1.3062868865e-09
  11.3000000    7.2182082945e-04    1.3345950056e-11    2.4846035202e-04   -1.4972249869e-10    2.0321197518e-05   -1.3018863729e-09
  11.3100000    7.2367117036e-04    1.7487087757e-11    2.4943507912e-04   -2.2480809282e-10    2.0526148329e-05   -1.2832074703e-09
  11.3200000    7.2551572268e-04    2.0835655921e-11    2.5041957891e-04   -2.9132224933e-10    2.0735542297e-05   -1.2497206335e-09
  11.3300000    7.2735388842e-04    2.3351105518e-11    2.5141274428e-04   -3.4673366815e-10    2.0949625466e-05   -1.2010582407e-09
  11.3400000    7.2918482747e-04    2.5010986304e-11    2.5241378635e-04   -3.8900439189e-10    2.1168651395e-05   -1.1370429388e-09
  11.3500000    7.3100747054e-04    2.5813552966e-11    2.5342227055e-04   -4.1654660861e-10    2.1392880384e-05   -1.0577005784e-09
  11.3600000    7.3282054382e-04    2.5813532172e-11    2.5443813214e-04   -4.2832287891e-10    2.1622578072e-05   -9.6326158339e-10
  11.3700000    7.3462260431e-04    2.5053140346e-11    2.5546167017e-04   -4.2384502783e-10    2.1858013165e-05   -8.5416125329e-10
  11.3800000    7.3641208341e-04    2.3615033706e-11    2.5649352034e-04   -4.0317006205e-10    2.2099454537e-05   -7.3105407175e-10
  11.3900000    7.3818733701e-04    2.1605746607e-11    2.5753460745e-04   -3.6690525083e-10    2.2347167415e-05   -5.9480274680e-10
  11.4000000    7.3994670021e-04    1.9130812366e-11    2.5858608016e-04   -3.1614223609e-10    2.2601408948e-05   -4.4649025119e-10
  11.4100000    7.4168854457e-04    1.6297455837e-11    2.5964923038e-04   -2.5246677112e-10    2.2862423064e-05   -2.8738935935e-10
  11.4200000    7.4341133699e-04    1.3208278749e-11    2.6072540151e-04   -1.7788674856e-10    2.3130434721e-05   -1.1897424351e-10
  11.4300000    7.4511369859e-04    9.9906815400e-12    2.6181588928e-04   -9.4762090763e-11    2.3405643698e-05    5.7109410662e-11
  11.4400000    7.4679446338e-04    6.7449878253e-12    2.6292184066e-04   -5.8024062962e-12    2.3688218020e-05    2.3905661451e-10
  11.4500000    7.4845273541e-04    3.5412895902e-12    2.6404415537e-04    8.6072986772e-11    2.3978287202e-05    4.2491322824e-10
  11.4600000    7.5008794412e-04    4.6922699745e-13    2.6518339549e-04    1.7775292583e-10    2.4275935370e-05    6.1261445541e-10
  11.4700000    7.5169989654e-04   -2.4175953655e-12    2.6633970857e-04    2.6604654325e-10    2.4581194571e-05    8.0000127554e-10
  11.4800000    7.5328882509e-04   -5.0678571484e-12    2.6751276756e-04    3.4775122400e-10    2.4894038364e-05    9.8484570820e-10
  11.4900000    7.5485542890e-04   -7.4356764835e-12    2.6870173292e-04    4.1972773116e-10    2.5214375876e-05    1.1648865940e-09
  11.5000000    7.5640090620e-04   -9.5070819502e-12    2.6990523900e-04    4.7898929932e-10    2.5542046531e-05    1.3378619853e-09
  11.5100000    7.5792697478e-04   -1.1259025570e-11    2.7112140767e-04    5.2288722272e-10    2.5876815654e-05    1.5015216357e-09
  11.5200000    7.5943587731e-04   -1.2690137005e-11    2.7234788861e-04    5.4907208719e-10    2.6218371010e-05    1.6536807376e-09
  11.5300000    7.6093036830e-04   -1.3786191254e-11    2.7358192695e-04    5.5571912148e-10    2.6566320579e-05    1.7922393898e-09
  11.5400000    7.6241368019e-04   -1.4568036249e-11    2.7482045559e-04    5.4158559968e-10    2.6920191567e-05    1.9152132687e-09
  11.5500000    7.6388946639e-04   -1.5026067956e-11    2.7606021099e-04    5.0608299400e-10    2.7279430838e-05    2.0207655102e-09
  11.5600000    7.6536172078e-04   -1.5170262713e-11    2.7729786482e-04    4.4939753123e-10    2.7643406827e-05    2.1072310392e-09
  11.5700000    7.6683467436e-04   -1.5003581720e-11    2.7853016787e-04    3.7255807050e-10    2.8011412989e-05    2.1731531622e-09
  11.5800000    7.6831267188e-04   -1.4521221783e-11    2.7975410084e-04    2.7744242747e-10    2.8382672788e-05    2.2172839395e-09
  11.5900000    7.6980003243e-04   -1.3734469840e-11    2.8096702406e-04    1.6678680192e-10    2.8756346284e-05    2.2386201150e-09
  11.6000000    7.7130090014e-04   -1.2655908173e-11    2.8216681770e-04    4.4208573510e-11    2.9131538129e-05    2.2364233461e-09
  11.6100000    7.7281909236e-04   -1.1281569260e-11    2.8335200806e-04   -8.5939199679e-11    2.9507307095e-05    2.2102279004e-09
  11.6200000    7.7435795322e-04   -9.6171568860e-12    2.8452187087e-04   -2.1865672516e-10    2.9882676811e-05    2.1598355585e-09
  11.6300000    7.7592022127e-04   -7.6905541900e-12    2.8567650682e-04   -3.4838565826e-10    3.0256647733e-05    2.0853533823e-09
  11.6400000    7.7750791885e-04   -5.5234449358e-12    2.8681688388e-04   -4.6937847145e-10    3.0628210026e-05    1.9871604077e-09
  11.6500000    7.7912227068e-04   -3.1401599333e-12    2.8794484327e-04   -5.7574716085e-10    3.0996357296e-05    1.8659334906e-09
  11.6600000    7.8076365649e-04   -5.6224217196e-13    2.8906306498e-04   -6.6194073309e-10    3.1360100836e-05    1.7226344334e-09
  11.6700000    7.8243160124e-04    2.1549355342e-12    2.9017499514e-04   -7.2283943710e-10    3.1718484155e-05    1.5584838628e-09
  11.6800000    7.8412480381e-04    4.9649120992e-12    2.9128473510e-04   -7.5418733044e-10    3.2070597590e-05    1.3749724999e-09
  11.6900000    7.8584120202e-04    7.7900986459e-12    2.9239689540e-04   -7.5280814059e-10    3.2415592664e-05    1.1738313738e-09
  11.7000000    7.8757807058e-04    1.0568333536e-11    2.9351641801e-04   -7.1685535537e-10    3.2752695927e-05    9.5700289301e-10
  11.7100000    7.8933214551e-04    1.3206219418e-11    2.9464837716e-04   -6.4603801561e-10    3.3081222035e-05    7.2664504269e-10
  11.7200000    7.9109976752e-04    1.5626805570e-11    2.9579776199e-04   -5.4174263400e-10    3.3400585760e-05    4.8508517863e-10
  11.7300000    7.9287703619e-04    1.7754093668e-11    2.9696925288e-04   -4.0710272122e-10    3.3710312680e-05    2.3480172044e-10
  11.7400000    7.9465996600e-04    1.9500218732e-11    2.9816700288e-04   -2.4699837293e-10    3.4010048356e-05   -2.1608300726e-11
  11.7500000    7.9644463627e-04    2.0787907213e-11    2.9939442774e-04   -6.7884015233e-11    3.4299565757e-05   -2.8145468928e-10
  11.7600000    7.9822732782e-04    2.1552737802e-11    3.0065401787e-04    1.2240240351e-10    3.4578770697e-05   -5.4198949732e-10
  11.7700000    8.0000464052e-04    2.1735637754e-11    3.0194718108e-04    3.1491090363e-10    3.4847705239e-05   -8.0042499553e-10
  11.7800000    8.0177358792e-04    2.1298679694e-11    3.0327412376e-04    5.0006357802e-10    3.5106548879e-05   -1.0539905052e-09
  11.7900000    8.0353166650e-04    2.0208730176e-11    3.0463377681e-04    6.6804229324e-10    3.5355617448e-05   -1.2999313911e-09
  11.8000000    8.0527689920e-04    1.8484454712e-11    3.0602377193e-04    8.0927711896e-10    3.5595359733e-05   -1.5355661641e-09
  11.8100000    8.0700785410e-04    1.6133005323e-11    3.0744047397e-04    9.1505547218e-10    3.5826351779e-05   -1.7582939497e-09
  11.8200000    8.0872364022e-04    1.3192800462e-11    3.0887905830e-04    9.7793109830e-10    3.6049288995e-05   -1.9656508839e-09
  11.8300000    8.1042388340e-04    9.7472535341e-12    3.1033364746e-04    9.9228958202e-10    3.6264976100e-05   -2.1552904033e-09
  11.8400000    8.1210868563e-04    5.8672328359e-12    3.1179749325e-04    9.5472319637e-10    3.6474315089e-05   -2.3250538666e-09
  11.8500000    8.1377857097e-04    1.6550365158e-12    3.1326320068e-04    8.6433088444e-10    3.6678291432e-05   -2.4729779283e-09
  11.8600000    8.1543442171e-04   -2.7563850446e-12    3.1472298485e-04    7.2293363452e-10    3.6877958631e-05   -2.5972933288e-09
  11.8700000    8.1707740759e-04   -7.2354235708e-12    3.1616895018e-04    5.3513945263e-10    3.7074421471e-05   -2.6964752829e-09
  11.8800000    8.1870891091e-04   -1.1621552572e-11    3.1759338611e-04    3.0822904164e-10    3.7268818251e-05   -2.7692405180e-09
  11.8900000    8.2033045009e-04   -1.5778377520e-11    3.1898906521e-04    5.1932769387e-11    3.7462302222e-05   -2.8145621811e-09
  11.9000000    8.2194360385e-04   -1.9555056778e-11    3.2034952987e-04   -2.2196616719e-10    3.7656022645e-05   -2.8316899516e-09
  11.9100000    8.2354993810e-04   -2.2825746108e-11    3.2166935777e-04   -5.0015197905e-10    3.7851105727e-05   -2.8201418370e-09
  11.9200000    8.2515093772e-04   -2.5416403437e-11    3.2294438738e-04   -7.6841304351e-10    3.8048635823e-05   -2.7797303904e-09
  11.9300000    8.2674794511e-04   -2.7243343377e-11    3.2417190404e-04   -1.0122971333e-09    3.8249637200e-05   -2.7105497215e-09
  11.9400000    8.2834210747e-04   -2.8209142998e-11    3.2535077226e-04   -1.2179621593e-09    3.8455056751e-05   -2.6129803818e-09
  11.9500000    8.2993433472e-04   -2.8257966155e-11    3.2648151252e-04   -1.3728480393e-09    3.8665747867e-05   -2.4876936026e-09
  11.9600000    8.3152526954e-04   -2.7341200613e-11    3.2756631036e-04   -1.4664046347e-09    3.8882455877e-05   -2.3356386946e-09
  11.9700000    8.3311527096e-04   -2.5451029345e-11    3.2860896257e-04   -1.4907507820e-09    3.9105805217e-05   -2.1580430770e-09
  11.9800000    8.3470441214e-04   -2.2629252418e-11    3.2961475690e-04   -1.4411289329e-09    3.9336288650e-05   -1.9564035868e-09
  11.9900000    8.3629249250e-04   -1.8923623952e-11    3.3059029195e-04   -1.3163261293e-09    3.9574258668e-05   -1.7324781901e-09
  12.0000000    8.3787906358e-04   -1.4439792954e-11    3.3154324291e-04   -1.1188674909e-09    3.9819921246e-05   -1.4882512411e-09
  12.0100000    8.3946346735e-04   -9.2791581553e-12    3.3248207886e-04   -8.5493123449e-10    4.0073332088e-05   -1.2259534155e-09
  12.0200000    8.4104488487e-04   -3.6160230184e-12    3.3341574355e-04   -5.3421582061e-10    4.0334395399e-05   -9.4801203195e-10
  12.0300000    8.4262239232e-04    2.3892717142e-12    3.3435331173e-04   -1.6952867679e-10    4.0602865226e-05   -6.5704968237e-10
  12.0400000    8.4419502160e-04    8.5359604930e-12    3.3530363667e-04    2.2377604130e-10    4.0878349367e-05   -3.5586033204e-10
  12.0500000    8.4576182129e-04    1.4631907194e-11    3.3627499766e-04    6.2852745598e-10    4.1160315708e-05   -4.7380613644e-11
  12.0600000    8.4732191487e-04    2.0478792111e-11    3.3727476340e-04    1.0264958295e-09    4.1448100948e-05    2.6533491717e-10
  12.0700000    8.4887455241e-04    2.5862843593e-11    3.3830908607e-04    1.3993496331e-09    4.1740921504e-05    5.7914212161e-10
  12.0800000    8.5041915251e-04    3.0588203639e-11    3.3938263455e-04    1.7295162320e-09    4.2037886455e-05    8.9081847419e-10
  12.0900000    8.5195533227e-04    3.4485209478e-11    3.4049838491e-04    2.0010060252e-09    4.2338012224e-05    1.1971263014e-09
  12.1000000    8.5348292331e-04    3.7405376819e-11    3.4165746825e-04    2.2002627670e-09    4.2640238815e-05    1.4948166454e-09
  12.1100000    8.5500197305e-04    3.9229107900e-11    3.4285908654e-04    2.3167915489e-09    4.2943447274e-05    1.7806790252e-09
  12.1200000    8.5651273135e-04    3.9860466410e-11    3.4410050250e-04    2.3436784403e-09    4.3246478063e-05    2.0515560591e-09
  12.1300000    8.5801562335e-04    3.9245804670e-11    3.4537710281e-04    2.2779007284e-09    4.3548150103e-05    2.3044037037e-09
  12.1400000    8.5951121056e-04    3.7384231873e-11    3.4668253407e-04    2.1204131677e-09    4.3847280065e-05    2.5362931201e-09
  12.1500000    8.6100014259e-04    3.4316718044e-11    3.4800890464e-04    1.8761424837e-09    4.4142701659e-05    2.7444770152e-09
  12.1600000    8.6248310246e-04    3.0112249396e-11    3.4934704546e-04    1.5536215412e-09    4.4433284564e-05    2.9263983258e-09
  12.1700000    8.6396074919e-04    2.4890892165e-11    3.5068682652e-04    1.1645484483e-09    4.4717952704e-05    3.0797433739e-09
  12.1800000    8.6543366091e-04    1.8811953720e-11    3.5201751261e-04    7.2318244271e-10    4.4995701537e-05    3.2024524927e-09
  12.1900000    8.6690228209e-04    1.2055216030e-11    3.5332814799e-04    2.4561613014e-10    4.5265614197e-05    3.2927625425e-09
  12.2000000    8.6836687780e-04    4.8520530846e-12    3.5460795511e-04   -2.5102130598e-10    4.5526876082e-05    3.3492340578e-09
  12.2100000    8.6982749773e-04   -2.5675181160e-12    3.5584672772e-04   -7.4934550335e-10    4.5778787803e-05    3.3707697716e-09
  12.2200000    8.7128395209e-04   -9.9609288432e-12    3.5703521382e-04   -1.2325194088e-09    4.6020776244e-05    3.3566357142e-09
  12.2300000    8.7273580043e-04   -1.7059331070e-11    3.5816546797e-04   -1.6849668648e-09    4.6252403598e-05    3.3064876647e-09
  12.2400000    8.7418235409e-04   -2.3616214158e-11    3.5923116064e-04   -2.0929458588e-09    4.6473374273e-05    3.2203792895e-09
  12.2500000    8.7562269203e-04   -2.9395014646e-11    3.6022783248e-04   -2.4450170584e-09    4.6683539591e-05    3.0987690675e-09
  12.2600000    8.7705568908e-04   -3.4188915298e-11    3.6115308452e-04   -2.7323243382e-09    4.6882900252e-05    2.9425244005e-09
  12.2700000    8.7848005515e-04   -3.7817195906e-11    3.6200669897e-04   -2.9487202623e-09    4.7071606534e-05    2.7529283926e-09
  12.2800000    8.7989438310e-04   -4.0131417968e-11    3.6279067983e-04   -3.0906989639e-09    4.7249956328e-05    2.5316716165e-09
  12.2900000    8.8129720311e-04   -4.1041143933e-11    3.6350921446e-04   -3.1572275499e-09    4.7418391025e-05    2.2808369227e-09
  12.3000000    8.8268704065e-04   -4.0493714203e-11    3.6416855685e-04   -3.1494089672e-09    4.7577489409e-05    2.0028792186e-09
  12.3100000    8.8406247536e-04   -3.8485256849e-11    3.6477683593e-04   -3.0700343109e-09    4.7727959640e-05    1.7006178216e-09
  12.3200000    8.8542219784e-04   -3.5094252323e-11    3.6534379514e-04   -2.9230983500e-09    4.7870629569e-05    1.3772028967e-09
  12.3300000    8.8676506204e-04   -3.0393491416e-11    3.6588046981e-04   -2.7133487899e-09    4.8006435470e-05    1.0360716812e-09
  12.3400000    8.8809013051e-04   -2.4559926752e-11    3.6639881596e-04   -2.4458100661e-09    4.8136409496e-05    6.8092099435e-10
  12.3500000    8.8939671058e-04   -1.7777777742e-11    3.6691130204e-04   -2.1253801898e-09    4.8261665990e-05    3.1567481094e-10
  12.3600000    8.9068437973e-04   -1.0280731815e-11    3.6743047874e-04   -1.7565329834e-09    4.8383386920e-05   -5.5580145907e-11
  12.3700000    8.9195299865e-04   -2.3404742214e-12    3.6796854177e-04   -1.3432050163e-09    4.8502806693e-05   -4.2862804308e-10
  12.3800000    8.9320271137e-04    5.7743625891e-12    3.6853690358e-04   -8.8877990456e-10    4.8621196480e-05   -7.9917965626e-10
  12.3900000    8.9443393190e-04    1.3778635050e-11    3.6914578877e-04   -3.9620795945e-10    4.8739848434e-05   -1.1629437503e-09
  12.4000000    8.9564731754e-04    2.1371428567e-11    3.6980386983e-04    1.3166978655e-10    4.8860059843e-05   -1.5156514411e-09
  12.4100000    8.9684372968e-04    2.8284593685e-11    3.7051795477e-04    6.9174365653e-10    4.8983117577e-05   -1.8531341463e-09
  12.4200000    8.9802418317e-04    3.4256693058e-11    3.7129274209e-04    1.2801258841e-09    4.9110282969e-05   -2.1713734705e-09
  12.4300000    8.9918978622e-04    3.9087975203e-11    3.7213064925e-04    1.8916238755e-09    4.9242777233e-05   -2.4665608437e-09
  12.4400000    9.0034167322e-04    4.2583943996e-11    3.7303172257e-04    2.5192105004e-09    4.9381767755e-05   -2.7351341651e-09
  12.4500000    9.0148093335e-04    4.4621643525e-11    3.7399363550e-04    3.1535394075e-09    4.9528355211e-05   -2.9738369443e-09
  12.4600000    9.0260853842e-04    4.5107914842e-11    3.7501177207e-04    3.7826005994e-09    4.9683561750e-05   -3.1797760074e-09
  12.4700000    9.0372527362e-04    4.4031933456e-11    3.7607939740e-04    4.3915063008e-09    4.9848320295e-05   -3.3504305159e-09
  12.4800000    9.0483167508e-04    4.1412173017e-11    3.7718790686e-04    4.9624617264e-09    5.0023465076e-05   -3.4837274188e-09
  12.4900000    9.0592797797e-04    3.7351002385e-11    3.7832714841e-04    5.4750464151e-09    5.0209723369e-05   -3.5780466764e-09
  12.5000000    9.0701407896e-04    3.1971386639e-11    3.7948580610e-04    5.9066622344e-09    5.0407708616e-05   -3.6322439159e-09
  12.5100000    9.0808951573e-04    2.5489806249e-11    3.8065182813e-04    6.2332481220e-09    5.0617914780e-05   -3.6456760934e-09
  12.5200000    9.0915346624e-04    1.8131788285e-11    3.8181288866e-04    6.4302499066e-09    5.0840712098e-05   -3.6182171901e-09
  12.5300000    9.1020476883e-04    1.0148363020e-11    3.8295686512e-04    6.4738235499e-09    5.1076344093e-05   -3.5502383952e-09
  12.5400000    9.1124196347e-04    1.8437497533e-12    3.8407230926e-04    6.3421385439e-09    5.1324925903e-05   -3.4426276832e-09
  12.5500000    9.1226335321e-04   -6.4968031361e-12    3.8514890006e-04    6.0167667214e-09    5.1586443856e-05   -3.2967560608e-09
  12.5600000    9.1326708354e-04   -1.4572414970e-11    3.8617785952e-04    5.4841597072e-09    5.1860756239e-05   -3.1144724595e-09
  12.5700000    9.1425123632e-04   -2.2095261267e-11    3.8715231191e-04    4.7370575469e-09    5.2147595263e-05   -2.8980666592e-09
  12.5800000    9.1521393379e-04   -2.8803622652e-11    3.8806757678e-04    3.7756328991e-09    5.2446570093e-05   -2.6502516897e-09
  12.5900000    9.1615344755e-04   -3.4470903636e-11    3.8892138045e-04    2.6085993465e-09    5.2757170954e-05   -2.3741027975e-09
  12.6000000    9.1706830675e-04   -3.8903541226e-11    3.8971398170e-04    1.2538219549e-09    5.3078774248e-05   -2.0730257352e-09
  12.6100000    9.1795739977e-04   -4.1953884976e-11    3.9044819919e-04   -2.6135033525e-10    5.3410648586e-05   -1.7507115710e-09
  12.6200000    9.1882006366e-04   -4.3533773215e-11    3.9112934334e-04   -1.9001922246e-09    5.3751961702e-05   -1.4110719000e-09
  12.6300000    9.1965615628e-04   -4.3606809668e-11    3.9176505434e-04   -3.6172278077e-09    5.4101788229e-05   -1.0581936288e-09
  12.6400000    9.2046610696e-04   -4.2184682065e-11    3.9236504858e-04   -5.3592444543e-09    5.4459118205e-05   -6.9627424932e-10
  12.6500000    9.2125094235e-04   -3.9321532299e-11    3.9294078306e-04   -7.0669153082e-09    5.4822866394e-05   -3.2956907778e-10
  12.6600000    9.2201228574e-04   -3.5165056347e-11    3.9350505154e-04   -8.6766940853e-09    5.5191882190e-05    3.7670932373e-11
  12.6700000    9.2275232923e-04   -2.9863324882e-11    3.9407152402e-04   -1.0123219985e-08    5.5564960247e-05    4.0124870560e-10
  12.6800000    9.2347377947e-04   -2.3616374620e-11    3.9465424641e-04   -1.1341896999e-08    5.5940851620e-05    7.5708919872e-10
  12.6900000    9.2417977938e-04   -1.6640806783e-11    3.9526712324e-04   -1.2271701839e-08    5.6318275523e-05    1.1012820195e-09
  12.7000000    9.2487380892e-04   -9.2049544961e-12    3.9592339462e-04   -1.2858079485e-08    5.6695931489e-05    1.4301264719e-09
  12.7100000    9.2555956955e-04   -1.5503295844e-12    3.9663513283e-04   -1.3055699635e-08    5.7072512023e-05    1.7401875853e-09
  12.7200000    9.2624085730e-04    6.0485490259e-12    3.9741277639e-04   -1.2831051539e-08    5.7446715568e-05    2.0283296698e-09
  12.7300000    9.2692143029e-04    1.3333107182e-11    3.9826471698e-04   -1.2164678409e-08    5.7817259793e-05    2.2917360598e-09
  12.7400000    9.2760487649e-04    2.0079559312e-11    3.9919695576e-04   -1.1052954415e-08    5.8182895070e-05    2.5279569281e-09
  12.7500000    9.2829448794e-04    2.6057151908e-11    4.0021284270e-04   -9.5092588018e-09    5.8542418047e-05    2.7349241330e-09
  12.7600000    9.2899314669e-04    3.1109174754e-11    4.0131290814e-04   -7.5645357761e-09    5.8894685256e-05    2.9109573084e-09
  12.7700000    9.2970322792e-04    3.5073084116e-11    4.0249479356e-04   -5.2670742157e-09    5.9238626610e-05    3.0547774630e-09
  12.7800000    9.3042652431e-04    3.7873276371e-11    4.0375328475e-04   -2.6815695437e-09    5.9573258625e-05    3.1655146976e-09
  12.7900000    9.3116419534e-04    3.9431803820e-11    4.0508044845e-04    1.1260716215e-10    5.9897697319e-05    3.2426905592e-09
  12.8000000    9.3191674351e-04    3.9750912188e-11    4.0646586228e-04    3.0237929804e-09    6.0211170531e-05    3.2862099746e-09
  12.8100000    9.3268401882e-04    3.8844884508e-11    4.0789693767e-04    5.9511349511e-09    6.0513029578e-05    3.2963655063e-09
  12.8200000    9.3346525079e-04    3.6802391616e-11    4.0935932053e-04    8.7881584482e-09    6.0802760059e-05    3.2737867436e-09
  12.8300000    9.3425910707e-04    3.3712812707e-11    4.1083735553e-04    1.1426779429e-08    6.1079991607e-05    3.2194359516e-09
  12.8400000    9.3506377529e-04    2.9721851760e-11    4.1231459925e-04    1.3761561964e-08    6.1344506439e-05    3.1345724015e-09
  12.8500000    9.3587706450e-04    2.4975627285e-11    4.1377436483e-04    1.5694052277e-08    6.1596246533e-05    3.0207329463e-09
  12.8600000    9.3669652130e-04    1.9654377263e-11    4.1520027736e-04    1.7136950131e-08    6.1835319210e-05    2.8796719177e-09
  12.8700000    9.3751955491e-04    1.3953105364e-11    4.1657681995e-04    1.8018074598e-08    6.2062001059e-05    2.7133625729e-09
  12.8800000    9.3834356541e-04    8.0698915427e-12    4.1788985466e-04    1.8283760747e-08    6.2276739925e-05    2.5239344523e-09
  12.8900000    9.3916606849e-04    2.1677039184e-12    4.1912710006e-04    1.7901702047e-08    6.2480154922e-05    2.3136527114e-09
  12.9000000    9.3998481121e-04   -3.5672064985e-12    4.2027854459e-04    1.6862978104e-08    6.2673034293e-05    2.0848914184e-09
  12.9100000    9.4079787274e-04   -8.9811793148e-12    4.2133678551e-04    1.5183212368e-08    6.2856331089e-05    1.8400799187e-09
  12.9200000    9.4160374558e-04   -1.3919572718e-11    4.2229728273e-04    1.2902782063e-08    6.3031156539e-05    1.5816961239e-09
  12.9300000    9.4240139322e-04   -1.8278436495e-11    4.2315851174e-04    1.0086037589e-08    6.3198771109e-05    1.3122243158e-09
  12.9400000    9.4319028184e-04   -2.1957068366e-11    4.2392201919e-04    6.8195517963e-09    6.3360573257e-05    1.0341451608e-09
  12.9500000    9.4397038459e-04   -2.4904468230e-11    4.2459237617e-04    3.2094262014e-09    6.3518085931e-05    7.4990226604e-10
  12.9600000    9.4474215867e-04   -2.7079755608e-11    4.2517703037e-04   -6.2227142267e-10    6.3672940849e-05    4.6189190374e-10
  12.9700000    9.4550649653e-04   -2.8467435578e-11    4.2568605911e-04   -4.5416619630e-09    6.3826860751e-05    1.7245295093e-10
  12.9800000    9.4626465414e-04   -2.9080822211e-11    4.2613183929e-04   -8.4079506421e-09    6.3981639713e-05   -1.1615548861e-10
  12.9900000    9.4701816012e-04   -2.8962514486e-11    4.2652863940e-04   -1.2078491836e-08    6.4139121789e-05   -4.0175438627e-10
  13.0000000    9.4776871041e-04   -2.8155104354e-11    4.2689215144e-04   -1.5414201231e-08    6.4301178148e-05   -6.8224658660e-10
  13.0100000    9.4851805418e-04   -2.6726040053e-11    4.2723897653e-04   -1.8284825551e-08    6.4469683092e-05   -9.5562702441e-10
  13.0200000    9.4926787707e-04   -2.4753385817e-11    4.2758608297e-04   -2.0573999969e-08    6.4646489150e-05   -1.2199708204e-09
  13.0300000    9.5001968725e-04   -2.2309077753e-11    4.2795025523e-04   -2.2183858442e-08    6.4833401681e-05   -1.4734455094e-09
  13.0400000    9.5077471082e-04   -1.9488556183e-11    4.2834755240e-04   -2.3039006226e-08    6.5032153292e-05   -1.7143033824e-09
  13.0500000    9.5153380167e-04   -1.6370584872e-11    4.2879279496e-04   -2.3089723906e-08    6.5244378508e-05   -1.9408717946e-09
  13.0600000    9.5229737057e-04   -1.3028498630e-11    4.2929909851e-04   -2.2314233874e-08    6.5471589053e-05   -2.1515600854e-09
  13.0700000    9.5306533744e-04   -9.5557783892e-12    4.2987746762e-04   -2.0719969300e-08    6.5715150158e-05   -2.3448492102e-09
  13.0800000    9.5383710937e-04   -6.0164291349e-12    4.3053646576e-04   -1.8343768129e-08    6.5976258320e-05   -2.5193038384e-09
  13.0900000    9.5461158590e-04   -2.4606829977e-12    4.3128197169e-04   -1.5250997048e-08    6.6255920891e-05   -2.6735510613e-09
  13.1000000    9.5538719185e-04    1.0423005708e-12    4.3211703040e-04   -1.1533639232e-08    6.6554937840e-05   -2.8062996174e-09
  13.1100000    9.5616193615e-04    4.4626879282e-12    4.3304180278e-04   -7.3073375936e-09    6.6873886136e-05   -2.9163463525e-09
  13.1200000    9.5693349454e-04    7.7472896721e-12    4.3405361668e-04   -2.7076619738e-09    6.7213106951e-05   -3.0025653997e-09
  13.1300000    9.5769931220e-04    1.0872160810e-11    4.3514711536e-04    2.1144494805e-09    6.7572696087e-05   -3.0639362371e-09
  13.1400000    9.5845672161e-04    1.3805369360e-11    4.3631449716e-04    6.9978102941e-09    6.7952497742e-05   -3.0995391924e-09
  13.1500000    9.5920307013e-04    1.6505339748e-11    4.3754583796e-04    1.1776514821e-08    6.8352101929e-05   -3.1085910699e-09
  13.1600000    9.5993585096e-04    1.8962445864e-11    4.3882948384e-04    1.6285632187e-08    6.8770845554e-05   -3.0904357929e-09
  13.1700000    9.6065283132e-04    2.1147746481e-11    4.4015249886e-04    2.0366964811e-08    6.9207817330e-05   -3.0445815672e-09
  13.1800000    9.6135217138e-04    2.3028828692e-11    4.4150115084e-04    2.3874605327e-08    6.9661866418e-05   -2.9707138945e-09
  13.1900000    9.6203252751e-04    2.4586340627e-11    4.4286141734e-04    2.6680059443e-08    7.0131614836e-05   -2.8687177269e-09
  13.2000000    9.6269313494e-04    2.5769927796e-11    4.4421949205e-04    2.8676849371e-08    7.0615473460e-05   -2.7387027550e-09
  13.2100000    9.6333386494e-04    2.6574324159e-11    4.4556227329e-04    2.9784378100e-08    7.1111661419e-05   -2.5810106886e-09
  13.2200000    9.6395525320e-04    2.6938293210e-11    4.4687781541e-04    2.9950937858e-08    7.1618228621e-05   -2.3962502247e-09
  13.2300000    9.6455849750e-04    2.6852393896e-11    4.4815572717e-04    2.9155750427e-08    7.2133081145e-05   -2.1853067584e-09
  13.2400000    9.6514542370e-04    2.6261968756e-11    4.4938750198e-04    2.7410010240e-08    7.2654009050e-05   -1.9493560269e-09
  13.2500000    9.6571842138e-04    2.5150006709e-11    4.5056676783e-04    2.4756815052e-08    7.3178716260e-05   -1.6898871209e-09
  13.2600000    9.6628035097e-04    2.3493415024e-11    4.5168944820e-04    2.1269996588e-08    7.3704851967e-05   -1.4086995062e-09
  13.2700000    9.6683442652e-04    2.1277316234e-11    4.5275382904e-04    1.7051995501e-08    7.4230043150e-05   -1.1079085143e-09
  13.2800000    9.6738407878e-04    1.8517474405e-11    4.5376053014e-04    1.2230662237e-08    7.4751927619e-05   -7.8994867742e-10
  13.2900000    9.6793280449e-04    1.5211970968e-11    4.5471238349e-04    6.9552200778e-09    7.5268187069e-05   -4.5755476852e-10
  13.3000000    9.6848400887e-04    1.1387601061e-11    4.5561422469e-04    1.3914802452e-09    7.5776579573e-05   -1.1375908994e-10
  13.3100000    9.6904084792e-04    7.1066931836e-12    4.5647260719e-04   -4.2836006030e-09    7.6274971009e-05    2.3813050248e-10
  13.3200000    9.6960607817e-04    2.4432669178e-12    4.5729545261e-04   -9.8876850605e-09    7.6761364863e-05    5.9455589460e-10
  13.3300000    9.7018192053e-04   -2.5039613170e-12    4.5809165226e-04   -1.5239241492e-08    7.7233929881e-05    9.5175437017e-10
  13.3400000    9.7076994483e-04   -7.6485790560e-12    4.5887063712e-04   -2.0163569173e-08    7.7691025127e-05    1.3057765693e-09
  13.3500000    9.7137098063e-04   -1.2869014878e-11    4.5964193520e-04   -2.4498806249e-08    7.8131222056e-05    1.6525551820e-09
  13.3600000    9.7198505857e-04   -1.8006369819e-11    4.6041473480e-04   -2.8101494585e-08    7.8553323106e-05    1.9879304344e-09
  13.3700000    9.7261138579e-04   -2.2932123074e-11    4.6119747254e-04   -3.0851649069e-08    7.8956376625e-05    2.3077190607e-09
  13.3800000    9.7324835657e-04   -2.7489353817e-11    4.6199746292e-04   -3.2656997545e-08    7.9339687757e-05    2.6077780608e-09
  13.3900000    9.7389359898e-04   -3.1533456346e-11    4.6282058528e-04   -3.3456399250e-08    7.9702825224e-05    2.8840496727e-09
  13.4000000    9.7454405548e-04   -3.4889212539e-11    4.6367104033e-04   -3.3222254762e-08    8.0045623791e-05    3.1326354822e-09
  13.4100000    9.7519609497e-04   -3.7418790604e-11    4.6455118576e-04   -3.1961634370e-08    8.0368182433e-05    3.3498649714e-09
  13.4200000    9.7584565181e-04   -3.9010298839e-11    4.6546145679e-04   -2.9716415271e-08    8.0670858258e-05    3.5323497779e-09
  13.4300000    9.7648838608e-04   -3.9562109634e-11    4.6640037385e-04   -2.6562094872e-08    8.0954256287e-05    3.6770371223e-09
  13.4400000    9.7711985891e-04   -3.8983369908e-11    4.6736463541e-04   -2.2605389707e-08    8.1219215303e-05    3.7812960834e-09
  13.4500000    9.7773571529e-04   -3.7249742608e-11    4.6834929037e-04   -1.7980776437e-08    8.1466790030e-05    3.8429482838e-09
  13.4600000    9.7833186692e-04   -3.4336822368e-11    4.6934798118e-04   -1.2845966543e-08    8.1698229989e-05    3.8603197336e-09
  13.4700000    9.7890466735e-04   -3.0294362017e-11    4.7035324547e-04   -7.3764891937e-09    8.1914955445e-05    3.8322943829e-09
  13.4800000    9.7945107175e-04   -2.5191350211e-11    4.7135686204e-04   -1.7596245412e-09    8.2118530852e-05    3.7583386033e-09
  13.4900000    9.7996877472e-04   -1.9148653294e-11    4.7235022484e-04    3.8122472379e-09    8.2310636317e-05    3.6385239219e-09
  13.5000000    9.8045631969e-04   -1.2313204736e-11    4.7332472815e-04    9.1484835111e-09    8.2493037634e-05    3.4735657258e-09
  13.5100000    9.8091317517e-04   -4.8874615306e-12    4.7427214565e-04    1.4067018404e-08    8.2667555378e-05    3.2648019461e-09
  13.5200000    9.8133977411e-04    2.9190491826e-12    4.7518498692e-04    1.8401028846e-08    8.2836033733e-05    3.0142095864e-09
  13.5300000    9.8173751401e-04    1.0861965565e-11    4.7605681655e-04    2.2005092655e-08    8.3000309454e-05    2.7243766927e-09
  13.5400000    9.8210871745e-04    1.8689519157e-11    4.7688252251e-04    2.4760548972e-08    8.3162181698e-05    2.3984929691e-09
  13.5500000    9.8245655382e-04    2.6127607204e-11    4.7765852385e-04    2.6580021117e-08    8.3323383191e-05    2.0403020382e-09
  13.5600000    9.8278492480e-04    3.2923781915e-11    4.7838291026e-04    2.7410753185e-08    8.3485553194e-05    1.6540558967e-09
  13.5700000    9.8309831784e-04    3.8811146608e-11    4.7905550982e-04    2.7236662696e-08    8.3650212818e-05    1.2444674392e-09
  13.5800000    9.8340163306e-04    4.3579510576e-11    4.7967788436e-04    2.6079125122e-08    8.3818743091e-05    8.1664430750e-10
  13.5900000    9.8369999016e-04    4.7036552994e-11    4.8025325554e-04    2.3996212412e-08    8.3992366114e-05    3.7601396363e-10
  13.6000000    9.8399852275e-04    4.9021297788e-11    4.8078636713e-04    2.1080654303e-08    8.4172129645e-05   -7.1753384579e-11
  13.6100000    9.8430216874e-04    4.9444288839e-11    4.8128329298e-04    1.7456401068e-08    8.4358895331e-05   -5.2082099171e-10
  13.6200000    9.8461546465e-04    4.8225190985e-11    4.8175120076e-04    1.3273977146e-08    8.4553330785e-05   -9.6528653398e-10
  13.6300000    9.8494235274e-04    4.5379098094e-11    4.8219808428e-04    8.7047858952e-09    8.4755905523e-05   -1.3992488544e-09
  13.6400000    9.8528600869e-04    4.0987031484e-11    4.8263247764e-04    3.9345926706e-09    8.4966890864e-05   -1.8169332602e-09
  13.6500000    9.8564869744e-04    3.5163395782e-11    4.8306316459e-04   -8.4365785941e-10    8.5186363678e-05   -2.2127459892e-09
  13.6600000    9.8603166306e-04    2.8076937484e-11    4.8349889595e-04   -5.4372788706e-09    8.5414213847e-05   -2.5813735291e-09
  13.6700000    9.8643505791e-04    1.9973805117e-11    4.8394812700e-04   -9.6613603700e-09    8.5650155288e-05   -2.9178837570e-09
  13.6800000    9.8685791424e-04    1.1103856635e-11    4.8441878495e-04   -1.3345983770e-08    8.5893740175e-05   -3.2177745344e-09
  13.6900000    9.8729816002e-04    1.7658471156e-12    4.8491807404e-04   -1.6342960216e-08    8.6144376138e-05   -3.4770579580e-09
  13.7000000    9.8775267875e-04   -7.6819607861e-12    4.8545232414e-04   -1.8531714818e-08    8.6401345959e-05   -3.6923290073e-09
  13.7100000    9.8821741130e-04   -1.6915048180e-11    4.8602688536e-04   -1.9824135669e-08    8.6663829417e-05   -3.8608050575e-09
  13.7200000    9.8868749608e-04   -2.5596111605e-11    4.8664606884e-04   -2.0168162045e-08    8.6930926790e-05   -3.9803759285e-09
  13.7300000    9.8915744222e-04   -3.3395820654e-11    4.8731313161e-04   -1.9550010851e-08    8.7201683512e-05   -4.0496394273e-09
  13.7400000    9.8962132890e-04   -4.0028368829e-11    4.8803030054e-04   -1.7994886330e-08    8.7475115530e-05   -4.0679066008e-09
  13.7500000    9.9007302309e-04   -4.5231190303e-11    4.8879882924e-04   -1.5566165019e-08    8.7750234810e-05   -4.0352217569e-09
  13.7600000    9.9050640710e-04   -4.8792635809e-11    4.8961908002e-04   -1.2363047614e-08    8.8026074514e-05   -3.9523543216e-09
  13.7700000    9.9091560676e-04   -5.0579927351e-11    4.9049062211e-04   -8.5168212251e-09    8.8301713366e-05   -3.8207745064e-09
  13.7800000    9.9129521108e-04   -5.0499183671e-11    4.9141233747e-04   -4.1858176454e-09    8.8576298739e-05   -3.6426413268e-09
  13.7900000    9.9164047487e-04   -4.8552323402e-11    4.9238252538e-04    4.5067168215e-10    8.8849067996e-05   -3.4207471236e-09
  13.8000000    9.9194749580e-04   -4.4802158359e-11    4.9339899807e-04    5.1994817079e-09    8.9119367783e-05   -3.1584740788e-09
  13.8100000    9.9221335922e-04   -3.9362203619e-11    4.9445916099e-04    9.8610777324e-09    8.9386670816e-05   -2.8597319681e-09
  13.8200000    9.9243624470e-04   -3.2427339854e-11    4.9556007299e-04    1.4237437895e-08    8.9650589997e-05   -2.5288975710e-09
  13.8300000    9.9261549028e-04   -2.4275311463e-11    4.9669848326e-04    1.8139976927e-08    8.9910889511e-05   -2.1707359709e-09
  13.8400000    9.9275161185e-04   -1.5178358339e-11    4.9787084468e-04    2.1397001011e-08    9.0167492793e-05   -1.7903121914e-09
  13.8500000    9.9284627715e-04   -5.4993150800e-12    4.9907330450e-04    2.3860666869e-08    9.0420487304e-05   -1.3929241579e-09
  13.8600000    9.9290223536e-04    4.4045317498e-12    5.0030167600e-04    2.5413022584e-08    9.0670125946e-05   -9.8400239418e-10
  13.8700000    9.9292320566e-04    1.4143624500e-11    5.0155139578e-04    2.5970850986e-08    9.0916825290e-05   -5.6902945267e-10
  13.8800000    9.9291372926e-04    2.3358713839e-11    5.0281747344e-04    2.5489230202e-08    9.1161160587e-05   -1.5346242096e-10
  13.8900000    9.9287899112e-04    3.1678870105e-11    5.0409444097e-04    2.3963664645e-08    9.1403857736e-05    2.5736972027e-10
  13.9000000    9.9282461902e-04    3.8795513823e-11    5.0537630949e-04    2.1430538623e-08    9.1645782457e-05    6.5833378923e-10
  13.9100000    9.9275646826e-04    4.4431764053e-11    5.0665654173e-04    1.7966070343e-08    9.1887926886e-05    1.0445544948e-09
  13.9200000    9.9268040100e-04    4.8367025108e-11    5.0792804719e-04    1.3683698036e-08    9.2131393821e-05    1.4115158785e-09
  13.9300000    9.9260206954e-04    5.0449782303e-11    5.0918320634e-04    8.7299262659e-09    9.2377379076e-05    1.7550821037e-09
  13.9400000    9.9252671239e-04    5.0593981491e-11    5.1041392920e-04    3.2789922348e-09    9.2627152199e-05    2.0715658179e-09
  13.9500000    9.9245897183e-04    4.8797968371e-11    5.1161175094e-04   -2.4736644206e-09    9.2882035985e-05    2.3577776652e-09
  13.9600000    9.9240274005e-04    4.5136542515e-11    5.1276796573e-04   -8.3187406327e-09    9.3143385167e-05    2.6110462475e-09
  13.9700000    9.9236104030e-04    3.9753545354e-11    5.1387379777e-04   -1.4041063538e-08    9.3412564684e-05    2.8292428658e-09
  13.9800000    9.9233594760e-04    3.2856334879e-11    5.1492060590e-04   -1.9427683332e-08    9.3690927932e-05    3.0107921669e-09
  13.9900000    9.9232855151e-04    2.4702174995e-11    5.1590011648e-04   -2.4276131214e-08    9.3979795388e-05    3.1546709072e-09
  14.0000000    9.9233896216e-04    1.5635652896e-11    5.1680467659e-04   -2.8402125371e-08    9.4280433970e-05    3.2604035507e-09
  14.0100000    9.9236635825e-04    5.9832473133e-12    5.1762751888e-04   -3.1646744877e-08    9.4594037461e-05    3.3280423709e-09
  14.0200000    9.9240907388e-04   -3.8647375055e-12    5.1836302704e-04   -3.3882542873e-08    9.4921708328e-05    3.3581400197e-09
  14.0300000    9.9246471965e-04   -1.3537001110e-11    5.1900699093e-04   -3.5018650618e-08    9.5264441262e-05    3.3517017945e-09
  14.0400000    9.9253033148e-04   -2.2658934379e-11    5.1955683958e-04   -3.5004241801e-08    9.5623108564e-05    3.3101715737e-09
  14.0500000    9.9260253979e-04   -3.0886694949e-11    5.2001184067e-04   -3.3830771281e-08    9.5998447714e-05    3.2353677331e-09
  14.0600000    9.9267775031e-04   -3.7906159620e-11    5.2037325592e-04   -3.1532299775e-08    9.6391051139e-05    3.1294295595e-09
  14.0700000    9.9275232808e-04   -4.3470318300e-11    5.2064444295e-04   -2.8184415688e-08    9.6801358367e-05    2.9947635510e-09
  14.0800000    9.9282277533e-04   -4.7356774348e-11    5.2083089581e-04   -2.3901495884e-08    9.7229650598e-05    2.8340060003e-09
  14.0900000    9.9288589491e-04   -4.9450482724e-11    5.2094021904e-04   -1.8832370529e-08    9.7676047660e-05    2.6499348714e-09
  14.1000000    9.9293893163e-04   -4.9686525844e-11    5.2098203186e-04   -1.3154819429e-08    9.8140507380e-05    2.4454412611e-09
  14.1100000    9.9297968489e-04   -4.8064372456e-11    5.2096780213e-04   -7.0688567057e-09    9.8622827234e-05    2.2234634750e-09
  14.1200000    9.9300658745e-04   -4.4667113487e-11    5.2091061247e-04   -7.8915848670e-10    9.9122648189e-05    1.9869300763e-09
  14.1300000    9.9301874731e-04   -3.9646425303e-11    5.2082486354e-04    5.4630630198e-09    9.9639460548e-05    1.7387328395e-09
  14.1400000    9.9301595083e-04   -3.3207270024e-11    5.2072592222e-04    1.1468434774e-08    1.0017261164e-04    1.4816676808e-09
  14.1500000    9.9299862789e-04   -2.5597064953e-11    5.2062972469e-04    1.7017748807e-08    1.0072131518e-04    1.2184112657e-09
  14.1600000    9.9296778103e-04   -1.7142363172e-11    5.2055234651e-04    2.1919864660e-08    1.0128466193e-04    9.5148062095e-10
  14.1700000    9.9292488312e-04   -8.1573161370e-12    5.2050955336e-04    2.6008916138e-08    1.0186163163e-04    6.8322279532e-10
  14.1800000    9.9287174872e-04    1.0210207938e-12    5.2051634735e-04    2.9150526730e-08    1.0245110572e-04    4.1578271269e-10
  14.1900000    9.9281038661e-04    1.0053867347e-11    5.2058652425e-04    3.1246865350e-08    1.0305188087e-04    1.5111987557e-10
  14.2000000    9.9274284098e-04    1.8613728590e-11    5.2073225689e-04    3.2240117358e-08    1.0366268275e-04   -1.0902114127e-10
  14.2100000    9.9267102993e-04    2.6395915087e-11    5.2096371967e-04    3.2114528037e-08    1.0428218011e-04   -3.6309423727e-10
  14.2200000    9.9259658997e-04    3.3146526884e-11    5.2128876769e-04    3.0896713332e-08    1.0490899875e-04   -6.0973785750e-10
  14.2300000    9.9252073478e-04    3.8640037468e-11    5.2171268213e-04    2.8654347371e-08    1.0554173523e-04   -8.4776918177e-10
  14.2400000    9.9244413596e-04    4.2715151056e-11    5.2223799215e-04    2.5493212053e-08    1.0617897016e-04   -1.0761566326e-09
  14.2500000    9.9236683252e-04    4.5288152131e-11    5.2286437966e-04    2.1552797429e-08    1.0681928093e-04   -1.2940101986e-09
  14.2600000    9.9228817415e-04    4.6307209729e-11    5.2358867186e-04    1.7000514756e-08    1.0746125362e-04   -1.5005410511e-09
  14.2700000    9.9220680200e-04    4.5782997800e-11    5.2440492207e-04    1.2024827416e-08    1.0810349411e-04   -1.6950440449e-09
  14.2800000    9.9212066871e-04    4.3805191999e-11    5.2530457752e-04    6.8276715222e-09    1.0874463827e-04   -1.8768768985e-09
  14.2900000    9.9202709735e-04    4.0511628899e-11    5.2627672824e-04    1.6162598114e-09    1.0938336124e-04   -2.0454187185e-09
  14.3000000    9.9192287721e-04    3.6064553240e-11    5.2730842975e-04   -3.4052554183e-09    1.1001838562e-04   -2.2000645316e-09
  14.3100000    9.9180439221e-04    3.0682698143e-11    5.2838508839e-04   -8.0439203260e-09    1.1064848877e-04   -2.3401903938e-09
  14.3200000    9.9166777637e-04    2.4598991184e-11    5.2949089660e-04   -1.2125688707e-08    1.1127250910e-04   -2.4651473158e-09
  14.3300000    9.9150908897e-04    1.8047183771e-11    5.3060930326e-04   -1.5502283617e-08    1.1188935139e-04   -2.5742351418e-09
  14.3400000    9.9132450132e-04    1.1292754102e-11    5.3172350340e-04   -1.8056951431e-08    1.1249799135e-04   -2.6667096686e-09
  14.3500000    9.9111048592e-04    4.5906549787e-12    5.3281693043e-04   -1.9708937430e-08    1.1309747924e-04   -2.7417704289e-09
  14.3600000    9.9086399916e-04   -1.8527627492e-12    5.3387373455e-04   -2.0416460256e-08    1.1368694293e-04   -2.7985564194e-09
  14.3700000    9.9058264826e-04   -7.8300375316e-12    5.3487923118e-04   -2.0178047065e-08    1.1426559019e-04   -2.8361771022e-09
  14.3800000    9.9026483420e-04   -1.3169915777e-11    5.3582030464e-04   -1.9032145386e-08    1.1483271059e-04   -2.8537074049e-09
  14.3900000    9.8990986330e-04   -1.7737747819e-11    5.3668575406e-04   -1.7055223144e-08    1.1538767673e-04   -2.8502247930e-09
  14.4000000    9.8951802156e-04   -2.1455293469e-11    5.3746657067e-04   -1.4358089451e-08    1.1592994523e-04   -2.8248143068e-09
  14.4100000    9.8909060744e-04   -2.4263604390e-11    5.3815613823e-04   -1.1081000979e-08    1.1645905735e-04   -2.7766122582e-09
  14.4200000    9.8862992092e-04   -2.6163623423e-11    5.3875035114e-04   -7.3873909349e-09    1.1697463930e-04   -2.7048414914e-09
  14.4300000    9.8813920828e-04   -2.7189563482e-11    5.3924764799e-04   -3.4567644468e-09    1.1747640235e-04   -2.6088392647e-09
  14.4400000    9.8762256464e-04   -2.7409850504e-11    5.3964896125e-04    5.2312194670e-10    1.1796414273e-04   -2.4880986599e-09
  14.4500000    9.8708479767e-04   -2.6894026299e-11    5.3995758687e-04    4.3643342054e-09    1.1843774134e-04   -2.3423178342e-09
  14.4600000    9.8653125808e-04   -2.5790443686e-11    5.4017898029e-04    7.8869232465e-09    1.1889716319e-04   -2.1714181592e-09
  14.4700000    9.8596764397e-04   -2.4196773921e-11    5.4032048801e-04    1.0926585312e-08    1.1934245674e-04   -1.9756002392e-09
  14.4800000    9.8539978712e-04   -2.2245914371e-11    5.4039102601e-04    1.3341711282e-08    1.1977375278e-04   -1.7553694318e-09
  14.4900000    9.8483343038e-04   -2.0079450062e-11    5.4040071774e-04    1.5019466792e-08    1.2019126313e-04   -1.5115611826e-09
  14.5000000    9.8427400550e-04   -1.7794563089e-11    5.4036050591e-04    1.5880534635e-08    1.2059527889e-04   -1.2453802110e-09
  14.5100000    9.8372642114e-04   -1.5502689157e-11    5.4028175276e-04    1.5882533291e-08    1.2098616817e-04   -9.5840541467e-10
  14.5200000    9.8319486970e-04   -1.3282818381e-11    5.4017584352e-04    1.5021734776e-08    1.2136437345e-04   -6.5260752627e-10
  14.5300000    9.8268266156e-04   -1.1178102415e-11    5.4005380742e-04    1.3333215788e-08    1.2173040825e-04   -3.3034992416e-10
  14.5400000    9.8219209323e-04   -9.2264006820e-12    5.3992596948e-04    1.0889273746e-08    1.2208485319e-04    5.6151327009e-12
  14.5500000    9.8172435530e-04   -7.4278887422e-12    5.3980164500e-04    7.7963412227e-09    1.2242835122e-04    3.5214913109e-10
  14.5600000    9.8127948358e-04   -5.7443671293e-12    5.3968888672e-04    4.1902812853e-09    1.2276160212e-04    7.0577545713e-10
  14.5700000    9.8007516868e-04   -4.1590140001e-12    5.3959429256e-04    2.3065529302e-10    1.2308535638e-04    1.0626830408e-09
  14.5800000    9.7962780728e-04   -2.6089515805e-12    5.3952287922e-04   -3.9062493353e-09    1.2340040805e-04    1.4188022063e-09
  14.5900000    9.7919856189e-04   -1.0136624817e-12    5.3947802468e-04   -8.0350126271e-09    1.2370758679e-04    1.7698172775e-09
  14.6000000    9.7878329953e-04    6.7073834856e-13    5.3946147974e-04   -1.1968982360e-08    1.2400774906e-04    2.1112536703e-09
  14.6100000    9.7837717610e-04    2.5419338142e-12    5.3947344628e-04   -1.5528404614e-08    1.2430176872e-04    2.4385174094e-09
  14.6200000    9.7797481655e-04    4.6245240100e-12    5.3951271748e-04   -1.8548089031e-08    1.2459052701e-04    2.7469969676e-09
  14.6300000    9.7757051081e-04    6.9703026494e-12    5.3957687307e-04   -2.0884630200e-08    1.2487490191e-04    3.0321064360e-09
  14.6400000    9.7715841779e-04    9.5940303096e-12    5.3966252051e-04   -2.2422548100e-08    1.2515575690e-04    3.2893829575e-09
  14.6500000    9.7673276891e-04    1.2485227727e-11    5.3976557140e-04   -2.3079342997e-08    1.2543392972e-04    3.5145685908e-09
  14.6600000    9.7628806354e-04    1.5614478368e-11    5.3988154137e-04   -2.2809172920e-08    1.2571022080e-04    3.7036792415e-09
  14.6700000    9.7581924882e-04    1.8921242212e-11    5.4000586073e-04   -2.1604863649e-08    1.2598538192e-04    3.8530928941e-09
  14.6800000    9.7532187717e-04    2.2303500002e-11    5.4013418273e-04   -1.9498446252e-08    1.2626010506e-04    3.9596250952e-09
  14.6900000    9.7479223652e-04    2.5664138696e-11    5.4026267659e-04   -1.6559943716e-08    1.2653501196e-04    4.0205916990e-09
  14.7000000    9.7422744894e-04    2.8860233251e-11    5.4038829266e-04   -1.2894593587e-08    1.2681064420e-04    4.0338795877e-09
  14.7100000    9.7362553524e-04    3.1738261658e-11    5.4050898868e-04   -8.6385358897e-09    1.2708745421e-04    3.9980077020e-09
  14.7200000    9.7298544484e-04    3.4139330690e-11    5.4062390690e-04   -3.9533206083e-09    1.2736579805e-04    3.9121619789e-09
  14.7300000    9.7230705142e-04    3.5898727849e-11    5.4073349414e-04    9.8072654156e-10    1.2764592893e-04    3.7762402572e-09
  14.7400000    9.7159111647e-04    3.6878322068e-11    5.4083955872e-04    5.9719302106e-09    1.2792799254e-04    3.5908798131e-09
  14.7500000    9.7083922432e-04    3.6928211119e-11    5.4094526072e-04    1.0825130354e-08    1.2821202405e-04    3.3574520754e-09
  14.7600000    9.7005369304e-04    3.5921219510e-11    5.4105503486e-04    1.5349654354e-08    1.2849794720e-04    3.0780836210e-09
  14.7700000    9.6923746651e-04    3.3783454391e-11    5.4117444736e-04    1.9367226115e-08    1.2878557501e-04    2.7556366811e-09
  14.7800000    9.6839399339e-04    3.0469122332e-11    5.4130999158e-04    2.2719199269e-08    1.2907461287e-04    2.3936544038e-09
  14.7900000    9.6752709881e-04    2.5978342002e-11    5.4146882927e-04    2.5273048425e-08    1.2936466382e-04    1.9963632321e-09
  14.8000000    9.6664085478e-04    2.0352256505e-11    5.4165848702e-04    2.6927786371e-08    1.2965523572e-04    1.5685841672e-09
  14.8100000    9.6573945398e-04    1.3673619205e-11    5.4188651925e-04    2.7618023027e-08    1.2994575062e-04    1.1156885179e-09
  14.8200000    9.6482709193e-04    6.0812406878e-12    5.4216015126e-04    2.7316622246e-08    1.3023555609e-04    6.4350677423e-10
  14.8300000    9.6390786080e-04   -2.2552183318e-12    5.4248591649e-04    2.6035699613e-08    1.3052393802e-04    1.5825104934e-10
  14.8400000    9.6298565741e-04   -1.1109847515e-11    5.4286930341e-04    2.3826041805e-08    1.3081013513e-04   -3.3358076621e-10
  14.8500000    9.6206410675e-04   -2.0245887660e-11    5.4331442701e-04    2.0774961487e-08    1.3109335517e-04   -8.2531164792e-10
  14.8600000    9.6114650131e-04   -2.9383485239e-11    5.4382373984e-04    1.7002676516e-08    1.3137279189e-04   -1.3101770441e-09
  14.8700000    9.6023575547e-04   -3.8233337723e-11    5.4439779591e-04    1.2657229987e-08    1.3164764299e-04   -1.7814433484e-09
  14.8800000    9.5933437323e-04   -4.6506468007e-11    5.4503507929e-04    7.9085098955e-09    1.3191712823e-04   -2.2325124653e-09
  14.8900000    9.5844442718e-04   -5.3897752595e-11    5.4573190698e-04    2.9411494055e-09    1.3218050818e-04   -2.6570371810e-09
  14.9000000    9.5756754580e-04   -6.0136481890e-11    5.4648241247e-04   -2.0529553165e-09    1.3243710238e-04   -3.0490112675e-09
  14.9100000    9.5670490659e-04   -6.4945744510e-11    5.4727861372e-04   -6.8824247498e-09    1.3268630670e-04   -3.4028650498e-09
  14.9200000    9.5585723212e-04   -6.8132624838e-11    5.4811056566e-04   -1.1364211456e-08    1.3292760990e-04   -3.7135845442e-09
  14.9300000    9.5502478668e-04   -6.9513010277e-11    5.4896659371e-04   -1.5330890878e-08    1.3316060871e-04   -3.9767548641e-09
  14.9400000    9.5420737201e-04   -6.8966080445e-11    5.4983360180e-04   -1.8637409629e-08    1.3338502132e-04   -4.1886624493e-09
  14.9500000    9.5340432088e-04   -6.6430675369e-11    5.5069744437e-04   -2.1166716600e-08    1.3360069879e-04   -4.3463366485e-09
  14.9600000    9.5261448875e-04   -6.1893705697e-11    5.5154335031e-04   -2.2834389696e-08    1.3380763418e-04   -4.4476070794e-09
  14.9700000    9.5183624386e-04   -5.5432294217e-11    5.5235638242e-04   -2.3591723586e-08    1.3400596907e-04   -4.4911308530e-09
  14.9800000    9.5106745780e-04   -4.7162099738e-11    5.5312191632e-04   -2.3427383228e-08    1.3419599753e-04   -4.4764165508e-09
  14.9900000    9.5030549866e-04   -3.7268977143e-11    5.5382612004e-04   -2.2367576337e-08    1.3437816670e-04   -4.4038151493e-09
  15.0000000    9.4954722975e-04   -2.5997310055e-11    5.5445641617e-04   -2.0474555307e-08    1.3455307480e-04   -4.2745329423e-09
  15.0100000    9.4878901726e-04   -1.3631584215e-11    5.5500190837e-04   -1.7843675548e-08    1.3472146604e-04   -4.0905817533e-09
  15.0200000    9.4802675007e-04   -4.9783821243e-13    5.5545375580e-04   -1.4599117551e-08    1.3488422254e-04   -3.8547624358e-09
  15.0300000    9.4725587507e-04    1.3024192764e-11    5.5580548038e-04   -1.0888469103e-08    1.3504235337e-04   -3.5705955271e-09
  15.0400000    9.4647145051e-04    2.6558492214e-11    5.5605319516e-04   -6.8762280037e-09    1.3519698090e-04   -3.2422763983e-09
  15.0500000    9.4566821935e-04    3.9703504315e-11    5.5619574467e-04   -2.7368394658e-09    1.3534932473e-04   -2.8745856263e-09
  15.0600000    9.4484070362e-04    5.2073062632e-11    5.5623475182e-04    1.3527770982e-09    1.3550068343e-04   -2.4728129348e-09
  15.0700000    9.4398331957e-04    6.3280955120e-11    5.5617456983e-04    5.2206849748e-09    1.3565241444e-04   -2.0426806970e-09
  15.0800000    9.4309051209e-04    7.2971161933e-11    5.5602214148e-04    8.7071724126e-09    1.3580591241e-04   -1.5902266753e-09
  15.0900000    9.4215690569e-04    8.0851026366e-11    5.5578677119e-04    1.1671338843e-08    1.3596258673e-04   -1.1217181930e-09
  15.1000000    9.4117746776e-04    8.6642743547e-11    5.5547981975e-04    1.3996991968e-08    1.3612383848e-04   -6.4355555383e-10
  15.1100000    9.4014767933e-04    9.0148532349e-11    5.5511433344e-04    1.5597252932e-08    1.3629103670e-04   -1.6216471174e-10
  15.1200000    9.3906370657e-04    9.1215172014e-11    5.5470462271e-04    1.6418058542e-08    1.3646549570e-04    3.1610307011e-10
  15.1300000    9.3792256663e-04    8.9780981948e-11    5.5426580602e-04    1.6440130902e-08    1.3664845304e-04    7.8505614044e-10
  15.1400000    9.3672228025e-04    8.5829997710e-11    5.5381333714e-04    1.5679509403e-08    1.3684104881e-04    1.2387567476e-09
  15.1500000    9.3546200404e-04    7.9459736521e-11    5.5336253262e-04    1.4186507225e-08    1.3704430640e-04    1.6716077926e-09
  15.1600000    9.3414213518e-04    7.0804690803e-11    5.5292811688e-04    1.2043261107e-08    1.3725911600e-04    2.0784220463e-09
  15.1700000    9.3276438269e-04    6.0078487820e-11    5.5252380080e-04    9.3598408913e-09    1.3748622025e-04    2.4544871194e-09
  15.1800000    9.3133179968e-04    4.7551302436e-11    5.5216190740e-04    6.2692988088e-09    1.3772620324e-04    2.7956184790e-09
  15.1900000    9.2984877286e-04    3.3571490716e-11    5.5185305648e-04    2.9216050865e-09    1.3797948244e-04    3.0982099214e-09
  15.2000000    9.2832096734e-04    1.8498931211e-11    5.5160591696e-04   -5.2302063518e-10    1.3824630406e-04    3.3592674143e-09
  15.2100000    9.2675522582e-04    2.7569806148e-12    5.5142703267e-04   -3.9012449208e-09    1.3852674205e-04    3.5764284350e-09
  15.2200000    9.2515942422e-04   -1.3217768089e-11    5.5132072435e-04   -7.0538046498e-09    1.3882070064e-04    3.7479659536e-09
  15.2300000    9.2354228651e-04   -2.8967164883e-11    5.5128906740e-04   -9.8325703152e-09    1.3912792052e-04    3.8727988203e-09
  15.2400000    9.2191316449e-04   -4.4040536329e-11    5.5133194242e-04   -1.2107014082e-08    1.3944798853e-04    3.9504839427e-09
  15.2500000    9.2028178906e-04   -5.8001313307e-11    5.5144715220e-04   -1.3769922492e-08    1.3978035073e-04    3.9811767384e-09
  15.2600000    9.1865800115e-04   -7.0421020701e-11    5.5163059782e-04   -1.4742069816e-08    1.4012432844e-04    3.9656305203e-09
  15.2700000    9.1705147185e-04   -8.0954583109e-11    5.5187650353e-04   -1.4975710468e-08    1.4047913718e-04    3.9051388441e-09
  15.2800000    9.1547142131e-04   -8.9243019633e-11    5.5217767990e-04   -1.4456555426e-08    1.4084390801e-04    3.8015017872e-09
  15.2900000    9.1392634716e-04   -9.5030032578e-11    5.5252581340e-04   -1.3204375888e-08    1.4121771086e-04    3.6569753768e-09
  15.3000000    9.1242377181e-04   -9.8125449015e-11    5.5291177083e-04   -1.1272146691e-08    1.4159957939e-04    3.4742122861e-09
  15.3100000    9.1097001869e-04   -9.8402909902e-11    5.5332590707e-04   -8.7436053918e-09    1.4198853661e-04    3.2562201877e-09
  15.3200000    9.0957002536e-04   -9.5822191469e-11    5.5375836540e-04   -5.7295961094e-09    1.4238362087e-04    3.0062925706e-09
  15.3300000    9.0822720080e-04   -9.0424496716e-11    5.5419936093e-04   -2.3631604823e-09    1.4278391176e-04    2.7279592499e-09
  15.3400000    9.0694333213e-04   -8.2323665891e-11    5.5463943895e-04    1.2063040281e-09    1.4318855535e-04    2.4249179008e-09
  15.3500000    9.0571854405e-04   -7.1745425293e-11    5.5506970131e-04    4.8196083717e-09    1.4359678799e-04    2.1009966540e-09
  15.3600000    9.0455131251e-04   -5.8962155072e-11    5.5548199650e-04    8.3147486576e-09    1.4400795812e-04    1.7600818513e-09
  15.3700000    9.0343853187e-04   -4.4315739395e-11    5.5586906933e-04    1.1534018984e-08    1.4442154574e-04    1.4060850109e-09
  15.3800000    9.0237563246e-04   -2.8224881675e-11    5.5622466941e-04    1.4330908162e-08    1.4483717905e-04    1.0428825241e-09
  15.3900000    9.0135674410e-04   -1.1156691973e-11    5.5654361803e-04    1.6576490465e-08    1.4525464766e-04    6.7428868828e-10
  15.4000000    9.0037489882e-04    6.3938538597e-12    5.5682183490e-04    1.8165116089e-08    1.4567391219e-04    3.0401496212e-10
  15.4100000    8.9942226491e-04    2.3907067762e-11    5.5705632740e-04    1.9019027687e-08    1.4609511000e-04   -6.4364197995e-11
  15.4200000    8.9849040316e-04    4.0853876687e-11    5.5724514602e-04    1.9091717114e-08    1.4651855688e-04   -4.2743025949e-10
  15.4300000    8.9757053573e-04    5.6714931987e-11    5.5738731042e-04    1.8370072066e-08    1.4694474434e-04   -7.8194710933e-10
  15.4400000    8.9665381728e-04    7.0992812578e-11    5.5748271119e-04    1.6874935178e-08    1.4737433265e-04   -1.1248691949e-09
  15.4500000    8.9573159874e-04    8.3236542811e-11    5.5753199271e-04    1.4660288523e-08    1.4780813977e-04   -1.4533607988e-09
  15.4600000    8.9479567400e-04    9.3057085337e-11    5.5753642297e-04    1.1810986009e-08    1.4824712610e-04   -1.7647932310e-09
  15.4700000    8.9383850127e-04    1.0013372557e-10    5.5749775584e-04    8.4390754296e-09    1.4869237569e-04   -2.0567662601e-09
  15.4800000    8.9285339159e-04    1.0422300075e-10    5.5741809160e-04    4.6791684638e-09    1.4914507402e-04   -2.3270882004e-09
  15.4900000    8.9183465906e-04    1.0518002243e-10    5.5729974095e-04    6.8261731087e-10    1.4960648269e-04   -2.5737835109e-09
  15.5000000    8.9077772818e-04    1.0296189476e-10    5.5714509757e-04   -3.3888223857e-09    1.5007791184e-04   -2.7950973065e-09
  15.5100000    8.8967919658e-04    9.7597674363e-11    5.5695652373e-04   -7.3698883550e-09    1.5056069040e-04   -2.9894768531e-09
  15.5200000    8.8853685242e-04    8.9259334521e-11    5.5673625267e-04   -1.1098755033e-08    1.5105613506e-04   -3.1555868567e-09
  15.5300000    8.8734964801e-04    7.8188947753e-11    5.5648631112e-04   -1.4423897932e-08    1.5156551864e-04   -3.2922763163e-09
  15.5400000    8.8611763272e-04    6.4732059456e-11    5.5620846428e-04   -1.7210367039e-08    1.5209003866e-04   -3.3986108888e-09
  15.5500000    8.8484184981e-04    4.9296555767e-11    5.5590418468e-04   -1.9345464190e-08    1.5263078649e-04   -3.4738419582e-09
  15.5600000    8.8352420324e-04    3.2366120126e-11    5.5557464566e-04   -2.0743430450e-08    1.5318871785e-04   -3.5174070135e-09
  15.5700000    8.8216730115e-04    1.4469201043e-11    5.5522073899e-04   -2.1348866194e-08    1.5376462561e-04   -3.5289525780e-09
  15.5800000    8.8077428378e-04   -3.8265477731e-12    5.5484311500e-04   -2.1139034365e-08    1.5435911499e-04   -3.5083147046e-09
  15.5900000    8.7934864348e-04   -2.1945073939e-11    5.5444224339e-04   -2.0124608912e-08    1.5497258236e-04   -3.4555261946e-09
  15.6000000    8.7789404483e-04   -3.9323911296e-11    5.5401849049e-04   -1.8349156539e-08    1.5560519773e-04   -3.3708244183e-09
  15.6100000    8.7641415218e-04   -5.5432116036e-11    5.5357220972e-04   -1.5887101836e-08    1.5625689162e-04   -3.2546572088e-09
  15.6200000    8.7491247148e-04   -6.9759172140e-11    5.5310383941e-04   -1.2840527832e-08    1.5692734663e-04   -3.1076783149e-09
  15.6300000    8.7339221214e-04   -8.1881756317e-11    5.5261400314e-04   -9.3347057955e-09    1.5761599388e-04   -2.9307708574e-09
  15.6400000    8.7185617360e-04   -9.1448130820e-11    5.5210360635e-04   -5.5128915978e-09    1.5832201481e-04   -2.7250486388e-09
  15.6500000    8.7030666001e-04   -9.8183971164e-11    5.5157392342e-04   -1.5300680773e-09    1.5904434803e-04   -2.4918528953e-09
  15.6600000    8.6874542490e-04   -1.0191165068e-10    5.5102666963e-04    2.4534057324e-09    1.5978170161e-04   -2.2327647924e-09
  15.6700000    8.6717364626e-04   -1.0259030098e-10    5.5046405251e-04    6.2785597976e-09    1.6053257041e-04   -1.9496066082e-09
  15.6800000    8.6559193111e-04   -1.0020732198e-10    5.4988879833e-04    9.7943982376e-09    1.6129525823e-04   -1.6444519001e-09
  15.6900000    8.6400034744e-04   -9.4912633591e-11    5.4930415023e-04    1.2864086036e-08    1.6206790411e-04   -1.3196065537e-09
  15.7000000    8.6239848003e-04   -8.6895680711e-11    5.4871383584e-04    1.5370560928e-08    1.6284851310e-04   -9.7762230509e-10
  15.7100000    8.6078550574e-04   -7.6466588983e-11    5.4812200388e-04    1.7221147625e-08    1.6363499027e-04   -6.2128878248e-10
  15.7200000    8.5916028344e-04   -6.3970719488e-11    5.4753313065e-04    1.8351266433e-08    1.6442517784e-04   -2.5359649413e-10
  15.7300000    8.5752145311e-04   -4.9821365100e-11    5.4695189893e-04    1.8726825789e-08    1.6521689424e-04    1.2224071640e-10
  15.7400000    8.5586753831e-04   -3.4481897211e-11    5.4638305358e-04    1.8345335613e-08    1.6600797485e-04    5.0283241543e-10
  15.7500000    8.5419704686e-04   -1.8396593327e-11    5.4583123958e-04    1.7235741600e-08    1.6679631278e-04    8.8461584152e-10
  15.7600000    8.5250856447e-04   -2.0468702234e-12    5.4530082924e-04    1.5456860575e-08    1.6757990002e-04    1.2639018765e-09
  15.7700000    8.5080083698e-04    1.4110874558e-11    5.4479574662e-04    1.3094599016e-08    1.6835686724e-04    1.6368909769e-09
  15.7800000    8.4907283762e-04    2.9636230081e-11    5.4431929749e-04    1.0258099474e-08    1.6912552186e-04    1.9997165591e-09
  15.7900000    8.4732381664e-04    4.4130685236e-11    5.4387401347e-04    7.0748687467e-09    1.6988438326e-04    2.3484771855e-09
  15.8000000    8.4555333193e-04    5.7235173511e-11    5.4346151874e-04    3.6852327421e-09    1.7063221465e-04    2.6792889373e-09
  15.8100000    8.4376126015e-04    6.8642492592e-11    5.4308242669e-04    2.3623560667e-10    1.7136805081e-04    2.9883161322e-09
  15.8200000    8.4194778909e-04    7.8122506344e-11    5.4273627316e-04   -3.1246274301e-09    1.7209122085e-04    3.2718290103e-09
  15.8300000    8.4011339299e-04    8.5482661044e-11    5.4242149111e-04   -6.2556908270e-09    1.7280136562e-04    3.5262410009e-09
  15.8400000    8.3825879368e-04    9.0601294941e-11    5.4213542951e-04   -9.0270927743e-09    1.7349844928e-04    3.7481606487e-09
  15.8500000    8.3638491055e-04    9.3415249941e-11    5.4187441766e-04   -1.1326189526e-08    1.7418276488e-04    3.9344393788e-09
  15.8600000    8.3449280371e-04    9.3913815126e-11    5.4163387360e-04   -1.3062151921e-08    1.7485493351e-04    4.0822157355e-09
  15.8700000    8.3258361419e-04    9.2160575735e-11    5.4140845302e-04   -1.4169715141e-08    1.7551589708e-04    4.1889780619e-09
  15.8800000    8.3065850546e-04    8.8219610276e-11    5.4119223321e-04   -1.4611653142e-08    1.7616690391e-04    4.2525680665e-09
  15.8900000    8.2871861051e-04    8.2228159741e-11    5.4097892477e-04   -1.4380132577e-08    1.7680948886e-04    4.2712693689e-09
  15.9000000    8.2676498782e-04    7.4345696838e-11    5.4076210188e-04   -1.3496788366e-08    1.7744544711e-04    4.2438099913e-09
  15.9100000    8.2479858936e-04    6.4795819935e-11    5.4053544143e-04   -1.2011490418e-08    1.7807680238e-04    4.1694103419e-09
  15.9200000    8.2282024266e-04    5.3781603570e-11    5.4029296010e-04   -9.9999388041e-09    1.7870576999e-04    4.0477901166e-09
  15.9300000    8.2083064813e-04    4.1555462000e-11    5.4002923896e-04   -7.5601306624e-09    1.7933471553e-04    3.8792176737e-09
  15.9400000    8.1883039197e-04    2.8377589434e-11    5.3973962509e-04   -4.8079322245e-09    1.7996610968e-04    3.6645066177e-09
  15.9500000    8.1681997378e-04    1.4536068263e-11    5.3942040115e-04   -1.8718504531e-09    1.8060248004e-04    3.4050349899e-09
  15.9600000    8.1479984703e-04    3.0255389318e-13    5.3906891505e-04    1.1126542972e-09    1.8124636122e-04    3.1027337632e-09
  15.9700000    8.1277047002e-04   -1.3994773933e-11    5.3868366368e-04    4.0091708872e-09    1.8190024352e-04    2.7601020588e-09
  15.9800000    8.1073236348e-04   -2.8071714582e-11    5.3826432691e-04    6.6863601463e-09    1.8256652171e-04    2.3801820348e-09
  15.9900000    8.0868617142e-04   -4.1585254351e-11    5.3781175053e-04    9.0236078596e-09    1.8324744444e-04    1.9665316033e-09
  16.0000000    8.0663272084e-04   -5.4255059252e-11    5.3732787887e-04    1.0916358466e-08    1.8394506575e-04    1.5232233572e-09
  16.0100000    8.0457307578e-04   -6.5765803112e-11    5.3681564060e-04    1.2280585000e-08    1.8466119908e-04    1.0547849496e-09
  16.0200000    8.0250858189e-04   -7.5807586263e-11    5.3627879302e-04    1.3056374418e-08    1.8539737534e-04    5.6617517417e-10
  16.0300000    8.0044089788e-04   -8.4150772136e-11    5.3572173247e-04    1.3210513614e-08    1.8615480513e-04    6.2727850693e-11
  16.0400000    7.9837201048e-04   -9.0510455682e-11    5.3514927953e-04    1.2737765969e-08    1.8693434687e-04   -4.4988714142e-10
  16.0500000    7.9630423096e-04   -9.4708782931e-11    5.3456644922e-04    1.1661043315e-08    1.8773648084e-04   -9.6575172046e-10
  16.0600000    7.9424017192e-04   -9.6546320728e-11    5.3397821675e-04    1.0030227618e-08    1.8856128968e-04   -1.4787314627e-09
  16.0700000    7.9218270404e-04   -9.5944303541e-11    5.3338928930e-04    7.9198878990e-09    1.8940844569e-04   -1.9825730742e-09
  16.0800000    7.9013489385e-04   -9.2833471372e-11    5.3280389429e-04    5.4259546064e-09    1.9027720599e-04   -2.4709560108e-09
  16.0900000    7.8809992456e-04   -8.7236349160e-11    5.3222559332e-04    2.6613119256e-09    1.9116641521e-04   -2.9375884595e-09
  16.1000000    7.8608100282e-04   -7.9240755155e-11    5.3165712979e-04   -2.4919316503e-10    1.9207451550e-04   -3.3762848995e-09
  16.1100000    7.8408125550e-04   -6.8983990042e-11    5.3110031655e-04   -3.1742773679e-09    1.9299956461e-04   -3.7810277102e-09
  16.1200000    7.8210362104e-04   -5.6733080403e-11    5.3055596802e-04   -5.9821200763e-09    1.9393926096e-04   -4.1460808513e-09
  16.1300000    7.8015074043e-04   -4.2761030325e-11    5.3002387902e-04   -8.5461584244e-09    1.9489097556e-04   -4.4660494901e-09
  16.1400000    7.7822485308e-04   -2.7461141982e-11    5.2950285085e-04   -1.0750688771e-08    1.9585179053e-04   -4.7359636631e-09
  16.1500000    7.7632770316e-04   -1.1239719678e-11    5.2899076266e-04   -1.2495942141e-08    1.9681854339e-04   -4.9513703181e-09
  16.1600000    7.7446046093e-04    5.4283089246e-12    5.2848468446e-04   -1.3702501305e-08    1.9778787606e-04   -5.1083951869e-09
  16.1700000    7.7262366382e-04    2.2042853396e-11    5.2798102660e-04   -1.4314774984e-08    1.9875628834e-04   -5.2038184835e-09
  16.1800000    7.7081718070e-04    3.8111587495e-11    5.2747571884e-04   -1.4303391026e-08    1.9972019455e-04   -5.2351233750e-09
  16.1900000    7.6904020203e-04    5.3120535769e-11    5.2696441156e-04   -1.3666517696e-08    2.0067598206e-04   -5.2005930639e-09
  16.2000000    7.6729125737e-04    6.6579673935e-11    5.2644269042e-04   -1.2429789833e-08    2.0162007125e-04   -5.0993042147e-09
  16.2100000    7.6556826025e-04    7.8071235921e-11    5.2590629586e-04   -1.0645310955e-08    2.0254897510e-04   -4.9312073979e-09
  16.2200000    7.6386857972e-04    8.7207989856e-11    5.2535133901e-04   -8.3891406396e-09    2.0345935823e-04   -4.6971376510e-09
  16.2300000    7.6218913592e-04    9.3681942378e-11    5.2477450534e-04   -5.7580835440e-09    2.0434809352e-04   -4.3988320376e-09
  16.2400000    7.6052651628e-04    9.7282077750e-11    5.2417323894e-04   -2.8652904831e-09    2.0521231544e-04   -4.0389403248e-09
  16.2500000    7.5887710780e-04    9.7869023657e-11    5.2354590017e-04    1.6468765747e-10    2.0604946926e-04   -3.6210144026e-09
  16.2600000    7.5723723996e-04    9.5438131110e-11    5.2289189179e-04    3.2013635476e-09    2.0685735528e-04   -3.1494930505e-09
  16.2700000    7.5560333236e-04    9.0062894469e-11    5.2221174870e-04    6.1140686433e-09    2.0763416679e-04   -2.6296459256e-09
  16.2800000    7.5397204039e-04    8.1922704064e-11    5.2150718861e-04    8.7776734496e-09    2.0837852152e-04   -2.0675562011e-09
  16.2900000    7.5234039285e-04    7.1295413864e-11    5.2078112194e-04    1.1077999780e-08    2.0908948569e-04   -1.4700352799e-09
  16.3000000    7.5070591496e-04    5.8565087041e-11    5.2003762054e-04    1.2916820036e-08    2.0976659038e-04   -8.4455640859e-10
  16.3100000    7.4906673115e-04    4.4166141602e-11    5.1928184635e-04    1.4216089991e-08    2.1040983983e-04   -1.9915673740e-10
  16.3200000    7.4742164252e-04    2.8582044624e-11    5.1851994205e-04    1.4921261363e-08    2.1101971117e-04    4.5764634505e-10
  16.3300000    7.4577017497e-04    1.2352712404e-11    5.1775888708e-04    1.5003609940e-08    2.1159714604e-04    1.1169736751e-09
  16.3400000    7.4411259519e-04   -3.9790292567e-12    5.1700632283e-04    1.4461378032e-08    2.1214353392e-04    1.7697189469e-09
  16.3500000    7.4244989291e-04   -1.9847668256e-11    5.1627035258e-04    1.3319725602e-08    2.1266068747e-04    2.4066585168e-09
  16.3600000    7.4078372927e-04   -3.4726792808e-11    5.1555932139e-04    1.1629567340e-08    2.1315081042e-04    3.0185830753e-09
  16.3700000    7.3911635272e-04   -4.8156492320e-11    5.1488158228e-04    9.4651649575e-09    2.1361645851e-04    3.5964649814e-09
  16.3800000    7.3745048483e-04   -5.9693241017e-11    5.1424525531e-04    6.9208559792e-09    2.1406049401e-04    4.1315730378e-09
  16.3900000    7.3578918052e-04   -6.8990093897e-11    5.1365798635e-04    4.1068346859e-09    2.1448603502e-04    4.6156286513e-09
  16.4000000    7.3413566730e-04   -7.5787581055e-11    5.1312671235e-04    1.1442179633e-09    2.1489640000e-04    5.0409299650e-09
  16.4100000    7.3249317002e-04   -7.9900437500e-11    5.1265744020e-04   -1.8401988966e-09    2.1529504876e-04    5.4005109420e-09
  16.4200000    7.3086472775e-04   -8.1247904271e-11    5.1225504543e-04   -4.7195387969e-09    2.1568552100e-04    5.6882404443e-09
  16.4300000    7.2925301021e-04   -7.9838163846e-11    5.1192309732e-04   -7.3723220180e-09    2.1607137334e-04    5.8989542315e-09
  16.4400000    7.2766014112e-04   -7.5796402596e-11    5.1166371609e-04   -9.6877555292e-09    2.1645611608e-04    6.0285575085e-09
  16.4500000    7.2608753585e-04   -6.9301442198e-11    5.1147746704e-04   -1.1570400245e-08    2.1684315105e-04    6.0741038699e-09
  16.4600000    7.2453576022e-04   -6.0620834613e-11    5.1136329622e-04   -1.2944270721e-08    2.1723571116e-04    6.0338847824e-09
  16.4700000    7.2300441670e-04   -5.0112690533e-11    5.1131851042e-04   -1.3755941009e-08    2.1763680298e-04    5.9074673971e-09
  16.4800000    7.2149206331e-04   -3.8145186475e-11    5.1133880391e-04   -1.3976721667e-08    2.1804915364e-04    5.6957425471e-09
  16.4900000    7.1999616922e-04   -2.5167728809e-11    5.1141833256e-04   -1.3603699563e-08    2.1847516258e-04    5.4009094959e-09
  16.5000000    7.1851310992e-04   -1.1606740276e-11    5.1154983474e-04   -1.2659631798e-08    2.1891685933e-04    5.0265083149e-09
  16.5100000    7.1703820321e-04    2.0782146738e-12    5.1172479728e-04   -1.1191726277e-08    2.1937586797e-04    4.5773498665e-09
  16.5200000    7.1556578575e-04    1.5445501783e-11    5.1193366267e-04   -9.2694182479e-09    2.1985337876e-04    4.0594790278e-09
  16.5300000    7.1408932861e-04    2.8094063950e-11    5.1216607297e-04   -6.9810857326e-09    2.2035012772e-04    3.4800812783e-09
  16.5400000    7.1260158843e-04    3.9625909430e-11    5.1241114391e-04   -4.4300258094e-09    2.2086638445e-04    2.8473971545e-09
  16.5500000    7.1109478974e-04    4.9724458119e-11    5.1265776170e-04   -1.7298185482e-09    2.2140194789e-04    2.1705988435e-09
  16.5600000    7.0956083258e-04    5.8104484140e-11    5.1289489414e-04    1.0007069671e-09    2.2195615088e-04    1.4596463189e-09
  16.5700000    7.0799151881e-04    6.4563233623e-11    5.1311190624e-04    3.6427793916e-09    2.2252787295e-04    7.2512607824e-10
  16.5800000    7.0637878931e-04    6.8970314108e-11    5.1329887060e-04    6.0828049222e-09    2.2311556120e-04   -2.1905124156e-11
  16.5900000    7.0471496454e-04    7.1227070977e-11    5.1344686232e-04    8.2173227437e-09    2.2371725896e-04   -7.7010238162e-10
  16.6000000    7.0299297961e-04    7.1342273760e-11    5.1354822800e-04    9.9574528800e-09    2.2433064149e-04   -1.5080376511e-09
  16.6100000    7.0120660627e-04    6.9391897607e-11    5.1359681950e-04    1.1232585895e-08    2.2495305824e-04   -2.2243818648e-09
  16.6200000    6.9935065396e-04    6.5481622138e-11    5.1358818325e-04    1.1993318576e-08    2.2558158080e-04   -2.9080992631e-09
  16.6300000    6.9742114273e-04    5.9793547877e-11    5.1351969800e-04    1.2213399802e-08    2.2621305580e-04   -3.5486463140e-09
  16.6400000    6.9541544204e-04    5.2557337869e-11    5.1339065438e-04    1.1890616357e-08    2.2684416185e-04   -4.1361420033e-09
  16.6500000    6.9333237025e-04    4.4035253784e-11    5.1320227259e-04    1.1046626648e-08    2.2747146915e-04   -4.6615647875e-09
  16.6600000    6.9117225124e-04    3.4524749731e-11    5.1295765567e-04    9.7257815079e-09    2.2809150121e-04   -5.1168908051e-09
  16.6700000    6.8893692567e-04    2.4338342280e-11    5.1266167900e-04    7.9929360995e-09    2.2870079708e-04   -5.4952565885e-09
  16.6800000    6.8662971605e-04    1.3784911070e-11    5.1232081793e-04    5.9302962299e-09    2.2929597340e-04   -5.7910689096e-09
  16.6900000    6.8425534648e-04    3.1831436374e-12    5.1194291898e-04    3.6336755196e-09    2.2987378498e-04   -6.0001176097e-09
  16.7000000    6.8181981887e-04   -7.1591129900e-12    5.1153692133e-04    1.2081154384e-09    2.3043118279e-04   -6.1196469703e-09
  16.7100000    6.7933024960e-04   -1.6965393666e-11    5.1111253784e-04   -1.2368846154e-09    2.3096536848e-04   -6.1483971742e-09
  16.7200000    6.7679467095e-04   -2.5954138280e-11    5.1067990661e-04   -3.5922173388e-09    2.3147384440e-04   -6.0866436104e-09
  16.7300000    6.7422180371e-04   -3.3916109682e-11    5.1024922536e-04   -5.7539925891e-09    2.3195445854e-04   -5.9361769180e-09
  16.7400000    6.7162080733e-04   -4.0686696347e-11    5.0983038179e-04   -7.6280758084e-09    2.3240544309e-04   -5.7002658634e-09
  16.7500000    6.6900101555e-04   -4.6127353031e-11    5.0943259406e-04   -9.1341600187e-09    2.3282544640e-04   -5.3835932572e-09
  16.7600000    6.6637166508e-04   -5.0162874485e-11    5.0906407462e-04   -1.0209150787e-08    2.3321355779e-04   -4.9921624505e-09
  16.7700000    6.6374162571e-04   -5.2733464374e-11    5.0873173074e-04   -1.0809768833e-08    2.3356932473e-04   -4.5331923573e-09
  16.7800000    6.6111913986e-04   -5.3860996296e-11    5.0844091372e-04   -1.0914327548e-08    2.3389276220e-04   -4.0149618798e-09
  16.7900000    6.5851157950e-04   -5.3611234298e-11    5.0819522666e-04   -1.0523380484e-08    2.3418435375e-04   -3.4466494359e-09
  16.8000000    6.5592522738e-04   -5.2056191922e-11    5.0799639928e-04   -9.6595243360e-09    2.3444504485e-04   -2.8381694733e-09
  16.8100000    6.5336508979e-04   -4.9321614657e-11    5.0784423505e-04   -8.3661898564e-09    2.3467622848e-04   -2.1999645788e-09
  16.8200000    6.5083474566e-04   -4.5566863533e-11    5.0773663338e-04   -6.7054798016e-09    2.3487972311e-04   -1.5428093651e-09
  16.8300000    6.4833623741e-04   -4.0953401889e-11    5.0766968662e-04   -4.7552633815e-09    2.3505774371e-04   -8.7760602041e-10
  16.8400000    6.4587000655e-04   -3.5677095146e-11    5.0763784844e-04   -2.6055504766e-09    2.3521286611e-04   -2.1518379723e-10
  16.8500000    6.4343487629e-04   -2.9921845987e-11    5.0763416724e-04   -3.5439901981e-10    2.3534798571e-04    4.3391398205e-10
  16.8600000    6.4102808206e-04   -2.3880469589e-11    5.0765057530e-04    1.8964523282e-09    2.3546627095e-04    1.0596332780e-09
  16.8700000    6.3864534938e-04   -1.7735569367e-11    5.0767822211e-04    4.0461960365e-09    2.3557111256e-04    1.6525737646e-09
  16.8800000    6.3628101742e-04   -1.1635379195e-11    5.0770783829e-04    5.9993739235e-09    2.3566606938e-04    2.2041667836e-09
  16.8900000    6.3392820499e-04   -5.7350433551e-12    5.0773011475e-04    7.6699980043e-09    2.3575481189e-04    2.7068255448e-09
  16.9000000    6.3157901469e-04   -1.4022036100e-13    5.0773608130e-04    8.9853712912e-09    2.3584106401e-04    3.1540758334e-09
  16.9100000    6.2922476984e-04    5.0479544917e-12    5.0771746867e-04    9.8890986953e-09    2.3592854460e-04    3.5406430806e-09
  16.9200000    6.2685627765e-04    9.7515625450e-12    5.0766703818e-04    1.0343457309e-08    2.3602090937e-04    3.8625220569e-09
  16.9300000    6.2446411170e-04    1.3935641048e-11    5.0757886491e-04    1.0330918723e-08    2.3612169434e-04    4.1170523098e-09
  16.9400000    6.2203890532e-04    1.7569700993e-11    5.0744856205e-04    9.8547665633e-09    2.3623426168e-04    4.3029016689e-09
  16.9500000    6.1957164803e-04    2.0648071855e-11    5.0727343637e-04    8.9387358772e-09    2.3636174857e-04    4.4200676066e-09
  16.9600000    6.1705397618e-04    2.3198370683e-11    5.0705256802e-04    7.6258674677e-09    2.3650702049e-04    4.4698292958e-09
  16.9700000    6.1447844913e-04    2.5227611251e-11    5.0678681101e-04    5.9764167812e-09    2.3667262903e-04    4.4546819615e-09
  16.9800000    6.1183880283e-04    2.6778405453e-11    5.0647871439e-04    4.0650921294e-09    2.3686077528e-04    4.3782362795e-09
  16.9900000    6.0913017263e-04    2.7863797322e-11    5.0613236756e-04    1.9776695877e-09    2.3707327906e-04    4.2451027609e-09
  17.0000000    6.0634927819e-04    2.8510276316e-11    5.0575317662e-04   -1.9286495263e-10    2.3731155456e-04    4.0607547166e-09
  17.0100000    6.0349456428e-04    2.8751913893e-11    5.0534758212e-04   -2.3504009792e-09    2.3757659266e-04    3.8313690404e-09
  17.0200000    6.0056629223e-04    2.8592661001e-11    5.0492273071e-04   -4.3999966250e-09    2.3786895025e-04    3.5636573036e-09
  17.0300000    5.9756657817e-04    2.8041997595e-11    5.0448611606e-04   -6.2519916032e-09    2.3818874646e-04    3.2647064413e-09
  17.0400000    5.9449937606e-04    2.7089817889e-11    5.0404520538e-04   -7.8258458014e-09    2.3853566601e-04    2.9417703911e-09
  17.0500000    5.9137040443e-04    2.5731110825e-11    5.0360706878e-04   -9.0536591002e-09    2.3890896925e-04    2.6021277151e-09
  17.0600000    5.8818701837e-04    2.3932748299e-11    5.0317802848e-04   -9.8829903759e-09    2.3930750892e-04    2.2528794322e-09
  17.0700000    5.8495802903e-04    2.1684993539e-11    5.0276334448e-04   -1.0279099604e-08    2.3972975297e-04    1.9007970387e-09
  17.0800000    5.8169347559e-04    1.8973389277e-11    5.0236695103e-04   -1.0226270901e-08    2.4017381333e-04    1.5521694823e-09
  17.0900000    5.7840435561e-04    1.5783804648e-11    5.0199125624e-04   -9.7284197878e-09    2.4063747994e-04    1.2126729784e-09
  17.1000000    5.7510232126e-04    1.2117300156e-11    5.0163701433e-04   -8.8087718016e-09    2.4111825946e-04    8.8725534017e-10
  17.1100000    5.7179935061e-04    8.0022993929e-12    5.0130327642e-04   -7.5087595004e-09    2.4161341767e-04    5.8004599285e-10
  17.1200000    5.6850740357e-04    3.4786196901e-12    5.0098742218e-04   -5.8860727478e-09    2.4212002553e-04    2.9429315606e-10
  17.1300000    5.6523807331e-04   -1.3921405475e-12    5.0068527120e-04   -4.0121204557e-09    2.4263500764e-04    3.2319418190e-11
  17.1400000    5.6200224402e-04   -6.5070122900e-12    5.0039126849e-04   -1.9687820743e-09    2.4315519222e-04   -2.0448409686e-10
  17.1500000    5.5880976612e-04   -1.1739075250e-11    5.0009873617e-04    1.5510553686e-10    2.4367736210e-04   -4.1564728165e-10
  17.1600000    5.5566915941e-04   -1.6958129719e-11    4.9980017914e-04    2.2677444294e-09    2.4419830584e-04   -6.0157224730e-10
  17.1700000    5.5258735426e-04   -2.1987405133e-11    4.9948763105e-04    4.2782201241e-09    2.4471486811e-04   -7.6347044372e-10
  17.1800000    5.4956947942e-04   -2.6647977876e-11    4.9915302438e-04    6.1005221909e-09    2.4522399847e-04   -9.0328642067e-10
  17.1900000    5.4661870394e-04   -3.0732684724e-11    4.9878856795e-04    7.6571659047e-09    2.4572279806e-04   -1.0235587235e-09
  17.2000000    5.4373613877e-04   -3.4049618913e-11    4.9838711413e-04    8.8825227204e-09    2.4620856315e-04   -1.1273265489e-09
  17.2100000    5.4092080177e-04   -3.6393548974e-11    4.9794249948e-04    9.7255549217e-09    2.4667882514e-04   -1.2179666891e-09
  17.2200000    5.3816964782e-04   -3.7598859050e-11    4.9744984317e-04    1.0151895318e-08    2.4713138652e-04   -1.2990554223e-09
  17.2300000    5.3547766314e-04   -3.7539730018e-11    4.9690578976e-04    1.0145295460e-08    2.4756435206e-04   -1.3742208368e-09
  17.2400000    5.3283802156e-04   -3.6081073340e-11    4.9630868561e-04    9.7081714030e-09    2.4797615492e-04   -1.4469765003e-09
  17.2500000    5.3024229739e-04   -3.3168781013e-11    4.9565868126e-04    8.8614565763e-09    2.4836557725e-04   -1.5205797355e-09
  17.2600000    5.2768072836e-04   -2.8776651565e-11    4.9495775530e-04    7.6435229077e-09    2.4873176522e-04   -1.5978962142e-09
  17.2700000    5.2514252023e-04   -2.2955951864e-11    4.9420965918e-04    6.1084897533e-09    2.4907423812e-04   -1.6812630551e-09
  17.2800000    5.2261618286e-04   -1.5796067481e-11    4.9341978564e-04    4.3237644687e-09    2.4939289167e-04   -1.7723832091e-09
  17.2900000    5.2008988709e-04   -7.4819151517e-12    4.9259496695e-04    2.3671367252e-09    2.4968799539e-04   -1.8722425650e-09
  17.3000000    5.1755183066e-04    1.7638226663e-12    4.9174321216e-04    3.2329826183e-10    2.4996018434e-04   -1.9810273791e-09
  17.3100000    5.1499060147e-04    1.1681044673e-11    4.9087339512e-04   -1.7197953658e-09    2.5021044525e-04   -2.0980874704e-09
  17.3200000    5.1239552619e-04    2.1926734187e-11    4.8999490718e-04   -3.6747345361e-09    2.5044009749e-04   -2.2219330907e-09
  17.3300000    5.0975699367e-04    3.2146142973e-11    4.8911728943e-04   -5.4584059258e-09    2.5065076925e-04   -2.3502307196e-09
  17.3400000    5.0706674229e-04    4.1961669945e-11    4.8824986056e-04   -6.9955701528e-09    2.5084436943e-04   -2.4798530976e-09
  17.3500000    5.0431810309e-04    5.0973578527e-11    4.8740135592e-04   -8.2220829288e-09    2.5102305547e-04   -2.6069548580e-09
  17.3600000    5.0150619108e-04    5.8810149633e-11    4.8657959274e-04   -9.0875568451e-09    2.5118919816e-04   -2.7270455935e-09
  17.3700000    4.9862803923e-04    6.5101584389e-11    4.8579117533e-04   -9.5574964909e-09    2.5134534367e-04   -2.8351249728e-09
  17.3800000    4.9568267212e-04    6.9522091374e-11    4.8504125179e-04   -9.6147182064e-09    2.5149417348e-04   -2.9258151722e-09
  17.3900000    4.9267111728e-04    7.1817627497e-11    4.8433333143e-04   -9.2599602830e-09    2.5163846316e-04   -2.9935185846e-09
  17.4000000    4.8959635525e-04    7.1798478821e-11    4.8366916970e-04   -8.5117852257e-09    2.5178104027e-04   -3.0325873515e-09
  17.4100000    4.8646321100e-04    6.9322653386e-11    4.8304872406e-04   -7.4056900292e-09    2.5192474237e-04   -3.0374995489e-09
  17.4200000    4.8327819077e-04    6.4408170319e-11    4.8247018139e-04   -5.9924613537e-09    2.5207237566e-04   -3.0030420863e-09
  17.4300000    4.8004927098e-04    5.7086298086e-11    4.8193005443e-04   -4.3359094046e-09    2.5222667485e-04   -2.9245032296e-09
  17.4400000    4.7678564631e-04    4.7532509199e-11    4.8142334227e-04   -2.5099914197e-09    2.5239026502e-04   -2.7978307256e-09
  17.4500000    4.7349744576e-04    3.6027571211e-11    4.8094374687e-04   -5.9558785008e-10    2.5256562570e-04   -2.6198169401e-09
  17.4600000    4.7019542601e-04    2.2911886387e-11    4.8048393583e-04    1.3230840547e-09    2.5275505810e-04   -2.3882344883e-09
  17.4700000    4.6689065198e-04    8.6020198000e-12    4.8003583995e-04    3.1621932659e-09    2.5296065558e-04   -2.1019759586e-09
  17.4800000    4.6359417450e-04   -6.4202080769e-12    4.7959097258e-04    4.8419019677e-09    2.5318427792e-04   -1.7611573793e-09
  17.4900000    4.6031671498e-04   -2.1610640027e-11    4.7914075755e-04    6.2898679386e-09    2.5342752965e-04   -1.3672025239e-09
  17.5000000    4.5706836628e-04   -3.6436509727e-11    4.7867685230e-04    7.4443726260e-09    2.5369174258e-04   -9.2288017989e-10
  17.5100000    4.5385831811e-04   -5.0346643185e-11    4.7819145291e-04    8.2570052053e-09    2.5397796291e-04   -4.3232200224e-10
  17.5200000    4.5069461487e-04   -6.2808912998e-11    4.7767756922e-04    8.6946992601e-09    2.5428694280e-04    9.8975118565e-11
  17.5300000    4.4758395161e-04   -7.3344784612e-11    4.7712925940e-04    8.7411229430e-09    2.5461913657e-04    6.6423394318e-10
  17.5400000    4.4453151344e-04   -8.1539007499e-11    4.7654181514e-04    8.3973126758e-09    2.5497470126e-04    1.2554628570e-09
  17.5500000    4.4154086154e-04   -8.7056863929e-11    4.7591189043e-04    7.6815649263e-09    2.5535350169e-04    1.8635784655e-09
  17.5600000    4.3861386768e-04   -8.9669993950e-11    4.7523757017e-04    6.6285458443e-09    2.5575511952e-04    2.4785726029e-09
  17.5700000    4.3575069763e-04   -8.9262923830e-11    4.7451837616e-04    5.2876844357e-09    2.5617886643e-04    3.0896690477e-09
  17.5800000    4.3294984229e-04   -8.5854031857e-11    4.7375521131e-04    3.7209095270e-09    2.5662380083e-04    3.6855457607e-09
  17.5900000    4.3020819387e-04   -7.9549445909e-11    4.7295024516e-04    1.9998559241e-09    2.5708874788e-04    4.2545586446e-09
  17.6000000    4.2752116347e-04   -7.0613900420e-11    4.7210674609e-04    2.0265655994e-10    2.5757232235e-04    4.7849690411e-09
  17.6100000    4.2488283475e-04   -5.9391940988e-11    4.7122886738e-04   -1.5895861066e-09    2.5807295399e-04    5.2652146663e-09
  17.6200000    4.2228614805e-04   -4.6347405139e-11    4.7032139705e-04   -3.2963729590e-09    2.5858891479e-04    5.6841570910e-09
  17.6300000    4.1972310811e-04   -3.1982498719e-11    4.6938948140e-04   -4.8414302002e-09    2.5911834779e-04    6.0313331096e-09
  17.6400000    4.1718500818e-04   -1.6896912092e-11    4.6843833443e-04   -6.1560759657e-09    2.5965929700e-04    6.2972174702e-09
  17.6500000    4.1466266301e-04   -1.6834908249e-12    4.6747294537e-04   -7.1822350616e-09    2.6020973771e-04    6.4734352866e-09
  17.6600000    4.1214664339e-04    1.3048807451e-11    4.6649779643e-04   -7.8750566926e-09    2.6076760703e-04    6.5530075789e-09
  17.6700000    4.0962750448e-04    2.6709818894e-11    4.6551660300e-04   -8.2047667565e-09    2.6133083384e-04    6.5305247913e-09
  17.6800000    4.0709600151e-04    3.8771150481e-11    4.6453208732e-04   -8.1580167243e-09    2.6189736793e-04    6.4023163433e-09
  17.6900000    4.0454328599e-04    4.8789517723e-11    4.6354579544e-04   -7.7383713395e-09    2.6246520775e-04    6.1665816992e-09
  17.7000000    4.0196107746e-04    5.6390582421e-11    4.6255796575e-04   -6.9661847897e-09    2.6303242650e-04    5.8234933890e-09
  17.7100000    3.9934180591e-04    6.1354622582e-11    4.6156745517e-04   -5.8774887902e-09    2.6359719599e-04    5.3752479964e-09
  17.7200000    3.9667872184e-04    6.3555952317e-11    4.6057172681e-04   -4.5224377471e-09    2.6415780816e-04    4.8260719912e-09
  17.7300000    3.9396597145e-04    6.2993860908e-11    4.5956690065e-04   -2.9629561284e-09    2.6471269362e-04    4.1822061176e-09
  17.7400000    3.9119863650e-04    5.9803793778e-11    4.5854786610e-04   -1.2699622179e-09    2.6526043734e-04    3.4518300316e-09
  17.7500000    3.8837273898e-04    5.4249224100e-11    4.5750845269e-04    4.7987771411e-10    2.6579979110e-04    2.6449498157e-09
  17.7600000    3.8548521263e-04    4.6667013245e-11    4.5644165296e-04    2.2075450654e-09    2.6632968268e-04    1.7732450486e-09
  17.7700000    3.8253384388e-04    3.7500984771e-11    4.5533988911e-04    3.8352828335e-09    2.6684922160e-04    8.4988128882e-10
  17.7800000    3.7951718672e-04    2.7254423324e-11    4.5419531325e-04    5.2900209685e-09    2.6735770142e-04   -1.1071116751e-10
  17.7900000    3.7643445605e-04    1.6464383523e-11    4.5300012966e-04    6.5066299093e-09    2.6785459871e-04   -1.0930931264e-09
  17.8000000    3.7328540550e-04    5.6686874039e-12    4.5174692601e-04    7.4308778574e-09    2.6833956882e-04   -2.0810810950e-09
  17.8100000    3.7007019590e-04   -4.6042072425e-12    4.5042900037e-04    8.0217480390e-09    2.6881243843e-04   -3.0580628578e-09
  17.8200000    3.6678926100e-04   -1.3878362387e-11    4.4904067062e-04    8.2532509446e-09    2.6927319528e-04   -4.0072884685e-09
  17.8300000    3.6344317698e-04   -2.1742684771e-11    4.4757755326e-04    8.1155435720e-09    2.6972197528e-04   -4.9121941783e-09
  17.8400000    3.6003254193e-04   -2.7886106390e-11    4.4603680010e-04    7.6153350428e-09    2.7015904736e-04   -5.7567118490e-09
  17.8500000    3.5655787163e-04   -3.2071565657e-11    4.4441728236e-04    6.7754675769e-09    2.7058479628e-04   -6.5255873676e-09
  17.8600000    3.5301951605e-04   -3.4214235676e-11    4.4271971450e-04    5.6339188628e-09    2.7099970403e-04   -7.2046591443e-09
  17.8700000    3.4941760134e-04   -3.4314458626e-11    4.4094671148e-04    4.2420115679e-09    2.7140433002e-04   -7.7811469005e-09
  17.8800000    3.4575199979e-04   -3.2477150536e-11    4.3910277664e-04    2.6620486553e-09    2.7179929061e-04   -8.2439110415e-09
  17.8900000    3.4202232992e-04   -2.8925087001e-11    4.3719422016e-04    9.6453067375e-10    2.7218523842e-04   -8.5836575674e-09
  17.9000000    3.3822798660e-04   -2.3932181377e-11    4.3522901032e-04   -7.7501820633e-10    2.7256284177e-04   -8.7931361943e-09
  17.9100000    3.3436820044e-04   -1.7866104989e-11    4.3321656300e-04   -2.4794502833e-09    2.7293276480e-04   -8.8672920419e-09
  17.9200000    3.3044212378e-04   -1.1136183692e-11    4.3116747756e-04   -4.0734782532e-09    2.7329564866e-04   -8.8033783338e-09
  17.9300000    3.2644893940e-04   -4.1224117206e-12    4.2909322891e-04   -5.4869387462e-09    2.7365209414e-04   -8.6010062860e-09
  17.9400000    3.2238798718e-04    2.7594022428e-12    4.2700582774e-04   -6.6579774364e-09    2.7400264604e-04   -8.2621788622e-09
  17.9500000    3.1825890256e-04    9.1327062481e-12    4.2491746239e-04   -7.5357356077e-09    2.7434777974e-04   -7.7912613972e-09
  17.9600000    3.1406176005e-04    1.4697058274e-11    4.2284013564e-04   -8.0825529388e-09    2.7468789018e-04   -7.1949152598e-09
  17.9700000    3.0979721455e-04    1.9184462776e-11    4.2078531092e-04   -8.2756481129e-09    2.7502328331e-04   -6.4819831474e-09
  17.9800000    3.0546663324e-04    2.2442804129e-11    4.1876358100e-04   -8.1079641569e-09    2.7535417046e-04   -5.6633322884e-09
  17.9900000    3.0107221048e-04    2.4403451013e-11    4.1678437162e-04   -7.5885336975e-09    2.7568066546e-04   -4.7516669224e-09
  18.0000000    2.9661705909e-04    2.5070531490e-11    4.1485569082e-04   -6.7418685756e-09    2.7600278481e-04   -3.7613085400e-09
  18.0100000    2.9210527179e-04    2.4541305151e-11    4.1298393237e-04   -5.6069244052e-09    2.7632045061e-04   -2.7079391932e-09
  18.0200000    2.8754194784e-04    2.2976333603e-11    4.1117373948e-04   -4.2351842975e-09    2.7663349635e-04   -1.6083174131e-09
  18.0300000    2.8293318118e-04    2.0606853714e-11    4.0942793237e-04   -2.6883517178e-09    2.7694167535e-04   -4.7998409880e-10
  18.0400000    2.7828600749e-04    1.7676976214e-11    4.0774750018e-04   -1.0355823117e-09    2.7724467171e-04    6.5903931052e-10
  18.0500000    2.7360830980e-04    1.4487603437e-11    4.0613165520e-04    6.4971343795e-10    2.7754211344e-04    1.7905766117e-09
  18.0600000    2.6890868375e-04    1.1306303019e-11    4.0457794452e-04    2.2931018768e-09    2.7783358764e-04    2.8966072038e-09
  18.0700000    2.6419626497e-04    8.3756132472e-12    4.0308241239e-04    3.8224771280e-09    2.7811865721e-04    3.9595839000e-09
  18.0800000    2.5948052324e-04    5.9216814487e-12    4.0163980378e-04    5.1712631570e-09    2.7839687877e-04    4.9627282982e-09
  18.0900000    2.5477102935e-04    4.0934711403e-12    4.0024379907e-04    6.2813659812e-09    2.7866782159e-04    5.8903125837e-09
  18.1000000    2.5007720210e-04    2.9698356533e-12    3.9888726827e-04    7.1056735806e-09    2.7893108689e-04    6.7279310467e-09
  18.1100000    2.4540804362e-04    2.5774573689e-12    3.9756253305e-04    7.6101334344e-09    2.7918632722e-04    7.4627296156e-09
  18.1200000    2.4077187260e-04    2.8544054175e-12    3.9626162496e-04    7.7751877233e-09    2.7943326550e-04    8.0836028090e-09
  18.1300000    2.3617606476e-04    3.6603165857e-12    3.9497652914e-04    7.5965544223e-09    2.7967171308e-04    8.5813938137e-09
  18.1400000    2.3162681080e-04    4.8321241322e-12    3.9369940419e-04    7.0853396066e-09    2.7990158677e-04    8.9489868384e-09
  18.1500000    2.2712890113e-04    6.1357657823e-12    3.9242277012e-04    6.2673922569e-09    2.8012292416e-04    9.1814489452e-09
  18.1600000    2.2268554638e-04    7.3222019297e-12    3.9113965897e-04    5.1821136881e-09    2.8033589688e-04    9.2760490630e-09
  18.1700000    2.1829824177e-04    8.1557588673e-12    3.8984372458e-04    3.8805611512e-09    2.8054082168e-04    9.2323087800e-09
  18.1800000    2.1396668184e-04    8.3823795334e-12    3.8852931036e-04    2.4230721110e-09    2.8073816865e-04    9.0519635959e-09
  18.1900000    2.0968873070e-04    7.8367568685e-12    3.8719147630e-04    8.7653293045e-10    2.8092856657e-04    8.7389063799e-09
  18.2000000    2.0546045103e-04    6.3757170872e-12    3.8582598884e-04   -6.8876348811e-10    2.8111280506e-04    8.2990908283e-09
  18.2100000    2.0127641556e-04    3.9427397359e-12    3.8442927862e-04   -2.2022004305e-09    2.8129183340e-04    7.7404197598e-09
  18.2200000    1.9712917868e-04    5.3183489877e-13    3.8299837317e-04   -3.5961539669e-09    2.8146675578e-04    7.0725544087e-09
  18.2300000    1.9301015022e-04   -3.7523973917e-12    3.8153081244e-04   -4.8089218389e-09    2.8163882327e-04    6.3067657318e-09
  18.2400000    1.8890962989e-04   -8.7231997858e-12    3.8002455574e-04   -5.7875328940e-09    2.8180942189e-04    5.4556948420e-09
  18.2500000    1.8481710705e-04   -1.4157431464e-11    3.7847788865e-04   -6.4901128740e-09    2.8198005737e-04    4.5331281333e-09
  18.2600000    1.8072159692e-04   -1.9724770908e-11    3.7688933824e-04   -6.8876425874e-09    2.8215233655e-04    3.5537783966e-09
  18.2700000    1.7661200357e-04   -2.5089611263e-11    3.7525760387e-04   -6.9652603512e-09    2.8232794553e-04    2.5330064936e-09
  18.2800000    1.7247749783e-04   -2.9894593829e-11    3.7358150970e-04   -6.7227869550e-09    2.8250862500e-04    1.4865665301e-09
  18.2900000    1.6830789839e-04   -3.3764271296e-11    3.7185998295e-04   -6.1746693474e-09    2.8269614300e-04    4.3036713125e-10
  18.3000000    1.6409404339e-04   -3.6404452207e-11    3.7009206080e-04   -5.3492239209e-09    2.8289226512e-04   -6.1980565983e-10
  18.3100000    1.5982813994e-04   -3.7517541320e-11    3.6827692585e-04   -4.2872262424e-09    2.8309872342e-04   -1.6485295981e-09
  18.3200000    1.5550407913e-04   -3.6931681298e-11    3.6641396886e-04   -3.0399608853e-09    2.8331718403e-04   -2.6409716564e-09
  18.3300000    1.5111770551e-04   -3.4543635161e-11    3.6450287500e-04   -1.6668693446e-09    2.8354921391e-04   -3.5831131300e-09
  18.3400000    1.4666703068e-04   -3.0357339093e-11    3.6254372817e-04   -2.3267135929e-10    2.8379624733e-04   -4.4619550377e-09
  18.3500000    1.4215238275e-04   -2.4481123845e-11    3.6053712666e-04    1.1955995154e-09    2.8405955309e-04   -5.2656872589e-09
  18.3600000    1.3757648500e-04   -1.7144923521e-11    3.5848430231e-04    2.5516581086e-09    2.8434020284e-04   -5.9838518358e-09
  18.3700000    1.3294445970e-04   -8.6669964168e-12    3.5638723458e-04    3.7731016096e-09    2.8463904100e-04   -6.6074647165e-09
  18.3800000    1.2826375517e-04    5.4084823821e-13    3.5424875103e-04    4.8041664740e-09    2.8495665718e-04   -7.1291283007e-09
  18.3900000    1.2354399691e-04    1.0006848157e-11    3.5207260589e-04    5.5983739105e-09    2.8529336148e-04   -7.5430926348e-09
  18.4000000    1.1879676602e-04    1.9219046256e-11    3.4986352958e-04    6.1205136414e-09    2.8564916342e-04   -7.8453218821e-09
  18.4100000    1.1403531089e-04    2.7642766398e-11    3.4762724263e-04    6.3483092221e-09    2.8602375506e-04   -8.0334889681e-09
  18.4200000    1.0927419995e-04    3.4790612069e-11    3.4537043010e-04    6.2733079045e-09    2.8641649854e-04   -8.1069869697e-09
  18.4300000    1.0452892608e-04    4.0215341272e-11    3.4310067377e-04    5.9012699410e-09    2.8682641881e-04   -8.0668936483e-09
  18.4400000    9.9815474333e-05    4.3535643652e-11    3.4082634161e-04    5.2517266415e-09    2.8725220179e-04   -7.9159054641e-09
  18.4500000    9.5149866442e-05    4.4477436481e-11    3.3855643666e-04    4.3571091005e-09    2.8769219817e-04   -7.6582646488e-09
  18.4600000    9.0547696269e-05    4.2901301995e-11    3.3630040908e-04    3.2611302238e-09    2.8814443290e-04   -7.2996501295e-09
  18.4700000    8.6023670873e-05    3.8771532336e-11    3.3406793765e-04    2.0167223803e-09    2.8860662075e-04   -6.8470602902e-09
  18.4800000    8.1591171899e-05    3.2218440434e-11    3.3186868813e-04    6.8346293126e-10    2.8907618770e-04   -6.3086894497e-09
  18.4900000    7.7261851229e-05    2.3498201745e-11    3.2971205787e-04   -6.7511673625e-10    2.8955029811e-04   -5.6937525848e-09
  18.5000000    7.3045273791e-05    1.2994583682e-11    3.2760691687e-04   -1.9945822386e-09    2.9002588731e-04   -5.0123527486e-09
  18.5100000    6.8948619276e-05    1.1961707566e-12    3.2556135543e-04   -3.2125826982e-09    2.9049969943e-04   -4.2752966647e-09
  18.5200000    6.4976452115e-05   -1.1334175035e-11    3.2358244971e-04   -4.2717436863e-09    2.9096832995e-04   -3.4939322960e-09
  18.5300000    6.1130567092e-05   -2.3975375429e-11    3.2167605440e-04   -5.1223510266e-09    2.9142827230e-04   -2.6799592881e-09
  18.5400000    5.7409915528e-05   -3.6070411557e-11    3.1984663228e-04   -5.7246019823e-09    2.9187596814e-04   -1.8452731496e-09
  18.5500000    5.3810614149e-05   -4.6975902432e-11    3.1809712756e-04   -6.0504736279e-09    2.9230786040e-04   -1.0017762287e-09
  18.5600000    5.0326036292e-05   -5.6117529870e-11    3.1642888930e-04   -6.0849452048e-09    2.9272044826e-04   -1.6122575995e-10
  18.5700000    4.6946981920e-05   -6.2966881822e-11    3.1484164802e-04   -5.8267243800e-09    2.9311034333e-04    6.6495351837e-10
  18.5800000    4.3661921051e-05   -6.7111550542e-11    3.1333354690e-04   -5.2882749619e-09    2.9347432620e-04    1.4657842419e-09
  18.5900000    4.0457302067e-05   -6.8242402818e-11    3.1190122646e-04   -4.4951405549e-09    2.9380940213e-04    2.2309025082e-09
  18.6000000    3.7317915029e-05   -6.6232172634e-11    3.1053995931e-04   -3.4847844350e-09    2.9411285527e-04    2.9506821878e-09
  18.6100000    3.4227297686e-05   -6.1055245485e-11    3.0924382907e-04   -2.3048497061e-09    2.9438230034e-04    3.6163458972e-09
  18.6200000    3.1168171376e-05   -5.2858740784e-11    3.0800594602e-04   -1.0108888648e-09    2.9461573072e-04    4.2200595204e-09
  18.6300000    2.8122892413e-05   -4.1920351051e-11    3.0681869037e-04    3.3622178647e-10    2.9481156229e-04    4.7550302035e-09
  18.6400000    2.5073904912e-05   -2.8648566486e-11    3.0567397247e-04    1.6731150867e-09    2.9496867190e-04    5.2155647096e-09
  18.6500000    2.2004180593e-05   -1.3556026892e-11    3.0456349950e-04    2.9368419784e-09    2.9508642999e-04    5.5971151852e-09
  18.6600000    1.8897632119e-05    2.7750919006e-12    3.0347903715e-04    4.0678038109e-09    2.9516472628e-04    5.8963258532e-09
  18.6700000    1.5739487649e-05    1.9707309506e-11    3.0241265545e-04    5.0125557334e-09    2.9520398822e-04    6.1110441124e-09
  18.6800000    1.2516615398e-05    3.6563246658e-11    3.0135694924e-04    5.7261847068e-09    2.9520519151e-04    6.2403211935e-09
  18.6900000    9.2177893563e-06    5.2682064478e-11    3.0030522431e-04    6.1744436233e-09    2.9516986241e-04    6.2843955424e-09
  18.7000000    5.8338891762e-06    6.7453672341e-11    2.9925164266e-04    6.3353168238e-09    2.9510007141e-04    6.2446540027e-09
  18.7100000    2.3580297184e-06    8.0333815547e-11    2.9819132185e-04    6.2000325035e-09    2.9499841822e-04    6.1236131794e-09
  18.7200000   -1.2143820363e-06    9.0844498761e-11    2.9712038590e-04    5.7734407967e-09    2.9486800808e-04    5.9248182149e-09
  18.7300000   -4.8856619570e-06    9.8632492227e-11    2.9603596720e-04    5.0738651044e-09    2.9471241942e-04    5.6528042288e-09
  18.7400000   -8.6559331303e-06    1.0344872148e-10    2.9493616196e-04    4.1321622888e-09    2.9453566327e-04    5.3129914533e-09
  18.7500000   -1.2523274272e-05    1.0515374370e-10    2.9381994248e-04    2.9903999735e-09    2.9434213478e-04    4.9116008608e-09
  18.7600000   -1.6483925122e-05    1.0373351854e-10    2.9268703317e-04    1.6998899886e-09    2.9413655739e-04    4.4555430063e-09
  18.7700000   -2.0532539668e-05    9.9305485357e-11    2.9153775742e-04    3.1886808655e-10    2.9392392039e-04    3.9523117961e-09
  18.7800000   -2.4662477157e-05    9.2064601850e-11    2.9037286448e-04   -1.0901529997e-09    2.9370941069e-04    3.4098609459e-09
  18.7900000   -2.8866118924e-05    8.2277373353e-11    2.8919334571e-04   -2.4632567600e-09    2.9349833968e-04    2.8364864662e-09
  18.8000000   -3.3135199739e-05    7.0308050198e-11    2.8800025057e-04   -3.7380038089e-09    2.9329606625e-04    2.2407068872e-09
  18.8100000   -3.7461140851e-05    5.6556087611e-11    2.8679451182e-04   -4.8562615242e-09    2.9310791721e-04    1.6311301337e-09
  18.8200000   -4.1835373258e-05    4.1441769652e-11    2.8557678874e-04   -5.7668387128e-09    2.9293910600e-04    1.0163335242e-09
  18.8300000   -4.6249639917e-05    2.5418462407e-11    2.8434733699e-04   -6.4278482790e-09    2.9279465133e-04    4.0475202562e-10
  18.8400000   -5.0696266713e-05    8.9191282930e-12    2.8310591080e-04   -6.8085227529e-09    2.9267929674e-04   -1.9545647375e-10
  18.8500000   -5.5168393691e-05   -7.6393100060e-12    2.8185170275e-04   -6.8906535618e-09    2.9259743258e-04   -7.7649510454e-10
  18.8600000   -5.9660159650e-05   -2.3869911070e-11    2.8058332366e-04   -6.6693929919e-09    2.9255302151e-04   -1.3310620525e-09
  18.8700000   -6.4166834879e-05   -3.9427050615e-11    2.7929882325e-04   -6.1534469521e-09    2.9254952900e-04   -1.8524153641e-09
  18.8800000   -6.8684899554e-05   -5.3990694894e-11    2.7799575035e-04   -5.3647334084e-09    2.9258985982e-04   -2.3344714862e-09
  18.8900000   -7.3212066685e-05   -6.7310875488e-11    2.7667124901e-04   -4.3372924253e-09    2.9267630183e-04   -2.7718738533e-09
  18.9000000   -7.7747251099e-05   -7.9158409247e-11    2.7532218578e-04   -3.1158566088e-09    2.9281047809e-04   -3.1600518255e-09
  18.9100000   -8.2290488084e-05   -8.9362549151e-11    2.7394530118e-04   -1.7537394504e-09    2.9299330813e-04   -3.4952620220e-09
  18.9200000   -8.6842806751e-05   -9.7749686176e-11    2.7253737792e-04   -3.1051947113e-10    2.9322497924e-04   -3.7746272646e-09
  18.9300000   -9.1406064990e-05   -1.0421343680e-10    2.7109541725e-04    1.1507010874e-09    2.9350492850e-04   -3.9961515992e-09
  18.9400000   -9.5982754478e-05   -1.0863757608e-10    2.6961681474e-04    2.5660647422e-09    2.9383183595e-04   -4.1587275135e-09
  18.9500000   -1.0057578465e-04   -1.1096923977e-10    2.6809952654e-04    3.8738434190e-09    2.9420362929e-04   -4.2621219130e-09
  18.9600000   -1.0518825572e-04   -1.1113350069e-10    2.6654221832e-04    5.0171790461e-09    2.9461750014e-04   -4.3069602146e-09
  18.9700000   -1.0982323036e-04   -1.0908425786e-10    2.6494438925e-04    5.9465594539e-09    2.9506993209e-04   -4.2946843651e-09
  18.9800000   -1.1448351433e-04   -1.0482035829e-10    2.6330646499e-04    6.6220659803e-09    2.9555673994e-04   -4.2274961191e-09
  18.9900000   -1.1917145475e-04   -9.8327410064e-11    2.6162985514e-04    7.0150632385e-09    2.9607312001e-04   -4.1083202894e-09
  19.0000000   -1.2388876470e-04   -8.9652203488e-11    2.5991697223e-04    7.1094425009e-09    2.9661371070e-04   -3.9407025299e-09
  19.0100000   -1.2863638083e-04   -7.8860227636e-11    2.5817121066e-04    6.9022789557e-09    2.9717266276e-04   -3.7287687956e-09
  19.0200000   -1.3341435979e-04   -6.6055797475e-11    2.5639688651e-04    6.4039301024e-09    2.9774371804e-04   -3.4771119736e-09
  19.0300000   -1.3822181690e-04   -5.1421324931e-11    2.5459914013e-04    5.6374581791e-09    2.9832029579e-04   -3.1907071514e-09
  19.0400000   -1.4305690931e-04   -3.5150622136e-11    2.5278380532e-04    4.6375891800e-09    2.9889558527e-04   -2.8748263863e-09
  19.0500000   -1.4791686346e-04   -1.7563861890e-11    2.5095725024e-04    3.4490751628e-09    2.9946264314e-04   -2.5349328631e-09
  19.0600000   -1.5279804501e-04    1.0164318716e-12    2.4912619598e-04    2.1246294215e-09    3.0001449435e-04   -2.1765899228e-09
  19.0700000   -1.5769606782e-04    2.0195326453e-11    2.4729751990e-04    7.2257482832e-10    3.0054423489e-04   -1.8053628907e-09
  19.0800000   -1.6260593659e-04    3.9494528393e-11    2.4547805101e-04   -6.9581109371e-10    3.0104513484e-04   -1.4267319251e-09
  19.0900000   -1.6752221674e-04    5.8426397902e-11    2.4367436480e-04   -2.0690640814e-09    3.0151074000e-04   -1.0460054415e-09
  19.1000000   -1.7243922401e-04    7.6456743874e-11    2.4189258498e-04   -3.3382509999e-09    3.0193497061e-04   -6.6824886615e-10
  19.1100000   -1.7735122531e-04    9.3031120735e-11    2.4013819885e-04   -4.4495623790e-09    3.0231221547e-04   -2.9819685438e-10
  19.1200000   -1.8225264236e-04    1.0759525843e-10    2.3841589249e-04   -5.3566637155e-09    3.0263741997e-04    5.9793560175e-11
  19.1300000   -1.8713824936e-04    1.1964207591e-10    2.3672941086e-04   -6.0227705052e-09    3.0290616655e-04    4.0178889106e-10
  19.1400000   -1.9200335652e-04    1.2869348835e-10    2.3508144731e-04   -6.4220962189e-09    3.0311474618e-04    7.2433986992e-10
  19.1500000   -1.9684397198e-04    1.3436443099e-10    2.3347356484e-04   -6.5409851629e-09    3.0326021981e-04    1.0244955155e-09
  19.1600000   -2.0165693537e-04    1.3632727727e-10    2.3190615146e-04   -6.3783264126e-09    3.0334046846e-04    1.2998141425e-09
  19.1700000   -2.0644001818e-04    1.3438049765e-10    2.3037840995e-04   -5.9455421282e-09    3.0335423130e-04    1.5483899638e-09
  19.1800000   -2.1119198685e-04    1.2845879707e-10    2.2888838134e-04   -5.2658936373e-09    3.0330113082e-04    1.7688259947e-09
  19.1900000   -2.1591262695e-04    1.1861558250e-10    2.2743300065e-04   -4.3733257042e-09    3.0318168476e-04    1.9602205082e-09
  19.2000000   -2.2060272747e-04    1.0504682902e-10    2.2600818225e-04   -3.3107688575e-09    3.0299730429e-04    2.1221537009e-09
  19.2100000   -2.2526402705e-04    8.8073332273e-11    2.2460893136e-04   -2.1281356226e-09    3.0275027862e-04    2.2546439000e-09
  19.2200000   -2.2989912464e-04    6.8179738200e-11    2.2322947803e-04   -8.7999493814e-10    3.0244374593e-04    2.3581003820e-09
  19.2300000   -2.3451135892e-04    4.5926379556e-11    2.2186342880e-04    3.7704958497e-10    3.0208165120e-04    2.4332918178e-09
  19.2400000   -2.3910466204e-04    2.2021326527e-11    2.2050393177e-04    1.5868886213e-09    3.0166869138e-04    2.4812723158e-09
  19.2500000   -2.4368339402e-04   -2.8056537530e-12    2.1914384989e-04    2.6964693948e-09    3.0121024880e-04    2.5033463019e-09
  19.2600000   -2.4825216484e-04   -2.7735196560e-11    2.1777593784e-04    3.6581855605e-09    3.0071231376e-04    2.5009957345e-09
  19.2700000   -2.5281565183e-04   -5.1935722465e-11    2.1639301794e-04    4.4319763592e-09    3.0018139742e-04    2.4758264583e-09
  19.2800000   -2.5737841938e-04   -7.4605668907e-11    2.1498815032e-04    4.9870685770e-09    2.9962443648e-04    2.4295259984e-09
  19.2900000   -2.6194474845e-04   -9.4988649355e-11    2.1355479371e-04    5.3032576402e-09    2.9904869094e-04    2.3638035609e-09
  19.3000000   -2.6651848222e-04   -1.1241159693e-10    2.1208695268e-04    5.3716778458e-09    2.9846163669e-04    2.2803415784e-09
  19.3100000   -2.7110289345e-04   -1.2627346459e-10    2.1057930876e-04    5.1950745317e-09    2.9787085451e-04    2.1807650087e-09
  19.3200000   -2.7570057824e-04   -1.3613533472e-10    2.0902733185e-04    4.7874694379e-09    2.9728391727e-04    2.0666044308e-09
  19.3300000   -2.8031337957e-04   -1.4167238645e-10    2.0742737066e-04    4.1733484788e-09    2.9670827709e-04    1.9392637689e-09
  19.3400000   -2.8494234261e-04   -1.4273437128e-10    2.0577672003e-04    3.3864348340e-09    2.9615115428e-04    1.8000213003e-09
  19.3500000   -2.8958770253e-04   -1.3934165538e-10    2.0407366411e-04    2.4678531653e-09    2.9561942983e-04    1.6500093610e-09
  19.3600000   -2.9424890445e-04   -1.3165828789e-10    2.0231749533e-04    1.4641956651e-09    2.9511954302e-04    1.4902192088e-09
  19.3700000   -2.9935590130e-04   -6.2698058046e-10    1.9855161533e-04    1.1476973639e-09    2.9465802119e-04    1.3215163259e-09
  19.3800000   -3.0409402627e-04   -6.2023667472e-10    1.9640952418e-04    2.3456546459e-10    2.9423953618e-04    1.1446562815e-09
  19.3900000   -3.0883697485e-04   -6.0666712965e-10    1.9408672074e-04   -7.3911072363e-10    2.9386866865e-04    9.6029483644e-10
  19.4000000   -3.1358218027e-04   -5.8682852881e-10    1.9160336202e-04   -1.7677373959e-09    2.9354924127e-04    7.6904535448e-10
  19.4100000   -3.1832687298e-04   -5.6135731137e-10    1.8898148160e-04   -2.8438559952e-09    2.9328425215e-04    5.7149298229e-10
  19.4200000   -3.2306816555e-04   -5.3096950996e-10    1.8624439739e-04   -3.9583194604e-09    2.9307583233e-04    3.6824591828e-10
  19.4300000   -3.2780314200e-04   -4.9642567245e-10    1.8341610653e-04   -5.1003460441e-09    2.9292521682e-04    1.5996004886e-10
  19.4400000   -3.3252894918e-04   -4.5850288061e-10    1.8052071134e-04   -6.2578248234e-09    2.9283272968e-04   -5.2598938980e-11
  19.4500000   -3.3724288799e-04   -4.1797944844e-10    1.7758189203e-04   -7.4174436814e-09    2.9279778329e-04   -2.6853571059e-10
  19.4600000   -3.4194250268e-04   -3.7559725866e-10    1.7462243845e-04   -8.5649685167e-09    2.9281889179e-04   -4.8677814955e-10
  19.4700000   -3.4662566616e-04   -3.3205688628e-10    1.7166384943e-04   -9.6855161498e-09    2.9289369852e-04   -7.0605158288e-10
  19.4800000   -3.5129065939e-04   -2.8798956755e-10    1.6872600444e-04   -1.0763794472e-08    2.9301901687e-04   -9.2485798271e-10
  19.4900000   -3.5593624244e-04   -2.4395246898e-10    1.6582690889e-04   -1.1784434809e-08    2.9319088400e-04   -1.1414532230e-09
  19.5000000   -3.6056171568e-04   -2.0042284074e-10    1.6298251133e-04   -1.2732251660e-08    2.9340462635e-04   -1.3538473949e-09
  19.5100000   -3.6516696865e-04   -1.5776667529e-10    1.6020658727e-04   -1.3592507787e-08    2.9365493607e-04   -1.5597930207e-09
  19.5200000   -3.6975251480e-04   -1.1628443287e-10    1.5751068305e-04   -1.4351238408e-08    2.9393595684e-04   -1.7568186113e-09
  19.5300000   -3.7431951035e-04   -7.6163472170e-11    1.5490411099e-04   -1.4995473677e-08    2.9424137793e-04   -1.9422309465e-09
  19.5400000   -3.7886975569e-04   -3.7517915134e-11    1.5239398638e-04   -1.5513487058e-08    2.9456453476e-04   -2.1131696623e-09
  19.5500000   -3.8340567821e-04   -4.0138825248e-13    1.4998529684e-04   -1.5895022250e-08    2.9489851440e-04   -2.2666319040e-09
  19.5600000   -3.8793029550e-04    3.5207647139e-11    1.4768099461e-04   -1.6131505635e-08    2.9523626431e-04   -2.3995408326e-09
  19.5700000   -3.9244715898e-04    6.9389146067e-11    1.4548210404e-04   -1.6216156732e-08    2.9557070244e-04   -2.5088082108e-09
  19.5800000   -3.9696027805e-04    1.0225407760e-10    1.4338783716e-04   -1.6144159217e-08    2.9589482708e-04   -2.5913934400e-09
  19.5900000   -4.0147402584e-04    1.3392140771e-10    1.4139571245e-04   -1.5912721898e-08    2.9620182449e-04   -2.6444011191e-09
  19.6000000   -4.0599302832e-04    1.6452397967e-10    1.3950167381e-04   -1.5521150944e-08    2.9648517274e-04   -2.6651421815e-09
  19.6100000   -4.1052203918e-04    1.9419467040e-10    1.3770020819e-04   -1.4970889883e-08    2.9673874005e-04   -2.6512278742e-09
  19.6200000   -4.1506580384e-04    2.2300152948e-10    1.3598446216e-04   -1.4265453014e-08    2.9695687600e-04   -2.6006486002e-09
  19.6300000   -4.1962891619e-04    2.5104538333e-10    1.3434635962e-04   -1.3410441507e-08    2.9713449433e-04   -2.5118570893e-09
  19.6400000   -4.2421567302e-04    2.7830994766e-10    1.3277672291e-04   -1.2413403234e-08    2.9726714588e-04   -2.3838438503e-09
  19.6500000   -4.2882993060e-04    3.0476941514e-10    1.3126540123e-04   -1.1283749813e-08    2.9735108060e-04   -2.2162067834e-09
  19.6600000   -4.3347496913e-04    3.3031031471e-10    1.2980140956e-04   -1.0032654076e-08    2.9738329781e-04   -2.0092145007e-09
  19.6700000   -4.3815337010e-04    3.5479310539e-10    1.2837308155e-04   -8.6727849015e-09    2.9736158377e-04   -1.7638392946e-09
  19.6800000   -4.4286691187e-04    3.7800577593e-10    1.2696823889e-04   -7.2182094807e-09    2.9728453618e-04   -1.4818179830e-09
  19.6900000   -4.4761648839e-04    3.9967668022e-10    1.2557437827e-04   -5.6841377444e-09    2.9715157537e-04   -1.1656471295e-09
  19.7000000   -4.5240205526e-04    4.1949976753e-10    1.2417887620e-04   -4.0866887555e-09    2.9696294181e-04   -8.1861136040e-10
  19.7100000   -4.5722260633e-04    4.3713174003e-10    1.2276920990e-04   -2.4427250746e-09    2.9671968050e-04   -4.4474491306e-10
  19.7200000   -4.6207618342e-04    4.5221962878e-10    1.2133319119e-04   -7.6951378537e-10    2.9642361221e-04   -4.8820065859e-11
  19.7300000   -4.6695991990e-04    4.6437794050e-10    1.1985920878e-04    9.1547529772e-10    2.9607729245e-04    3.6371323375e-10
  19.7400000   -4.7187011810e-04    4.7328152136e-10    1.1833647240e-04    2.5948320923e-09    2.9568395879e-04    7.8678994686e-10
  19.7500000   -4.7680235851e-04    4.7857073612e-10    1.1675525234e-04    4.2514600359e-09    2.9524746755e-04    1.2138192279e-09
  19.7600000   -4.8175163779e-04    4.7995468917e-10    1.1510710598e-04    5.8688289047e-09    2.9477222097e-04    1.6377807902e-09
  19.7700000   -4.8671253092e-04    4.7717131113e-10    1.1338508347e-04    7.4311830429e-09    2.9426308623e-04    2.0513487102e-09
  19.7800000   -4.9167937173e-04    4.7003510995e-10    1.1158390460e-04    8.9237622122e-09    2.9372530767e-04    2.4470120852e-09
  19.7900000   -4.9664644495e-04    4.5841916220e-10    1.0970009945e-04    1.0333060883e-08    2.9316441376e-04    2.8172189198e-09
  19.8000000   -5.0160818237e-04    4.4229558322e-10    1.0773210644e-04    1.1646910319e-08    2.9258612038e-04    3.1545177868e-09
  19.8100000   -5.0655935507e-04    4.2169731936e-10    1.0568032316e-04    1.2854746025e-08    2.9199623218e-04    3.4517278975e-09
  19.8200000   -5.1149525374e-04    3.9674442395e-10    1.0354710645e-04    1.3947634393e-08    2.9140054352e-04    3.7020705057e-09
  19.8300000   -5.1641184943e-04    3.6763910421e-10    1.0133672061e-04    1.4918425058e-08    2.9080474077e-04    3.8993365797e-09
  19.8400000   -5.2130592769e-04    3.3467356258e-10    9.9055234417e-05    1.5761830103e-08    2.9021430756e-04    4.0380247206e-09
  19.8500000   -5.2617519008e-04    2.9818608324e-10    9.6710369541e-05    1.6474426206e-08    2.8963443459e-04    4.1134828964e-09
  19.8600000   -5.3101831861e-04    2.5860228630e-10    9.4311305016e-05    1.7054648725e-08    2.8906993527e-04    4.1220397442e-09
  19.8700000   -5.3583499983e-04    2.1638596548e-10    9.1868443909e-05    1.7502829593e-08    2.8852516891e-04    4.0611210745e-09
  19.8800000   -5.4062590746e-04    1.7203599967e-10    8.9393149860e-05    1.7821047950e-08    2.8800397228e-04    3.9293185838e-09
  19.8900000   -5.4539264412e-04    1.2609787124e-10    8.6897462229e-05    1.8013101321e-08    2.8750960087e-04    3.7264963624e-09
  19.9000000   -5.5013764464e-04    7.9123915512e-11    8.4393798954e-05    1.8084350724e-08    2.8704468062e-04    3.4538180148e-09
  19.9100000   -5.5486404511e-04    3.1682009108e-11    8.1894656851e-05    1.8041588338e-08    2.8661117086e-04    3.1137818747e-09
  19.9200000   -5.5957552368e-04   -1.5687184108e-11    7.9412318515e-05    1.7892870707e-08    2.8621033893e-04    2.7102154413e-09
  19.9300000   -5.6427612003e-04   -6.2441143032e-11    7.6958574762e-05    1.7647298031e-08    2.8584274682e-04    2.2482551918e-09
  19.9400000   -5.6897004193e-04   -1.0806791624e-10    7.4544470306e-05    1.7314902200e-08    2.8550824983e-04    1.7342810374e-09
  19.9500000   -5.7366146752e-04   -1.5209323331e-10    7.2180079361e-05    1.6906312927e-08    2.8520600721e-04    1.1758447965e-09
  19.9600000   -5.7835435238e-04   -1.9407295233e-10    6.9874316233e-05    1.6432678784e-08    2.8493450450e-04    5.8154876824e-10
  19.9700000   -5.8305225020e-04   -2.3360401355e-10    6.7634784817e-05    1.5905350351e-08    2.8469158684e-04   -3.9080458818e-11
  19.9800000   -5.8775815511e-04   -2.7031064232e-10    6.5467668669e-05    1.5335730614e-08    2.8447450287e-04   -6.7574105699e-10
  19.9900000   -5.9247437287e-04   -3.0390080347e-10    6.3377662243e-05    1.4735078086e-08    2.8427995799e-04   -1.3175474517e-09
  20.0000000   -5.9720242663e-04   -3.3407375035e-10    6.1367942206e-05    1.4114320668e-08    2.8410417629e-04   -1.9532105329e-09
  20.0100000   -6.0194300150e-04   -3.6062375290e-10    5.9440176376e-05    1.3483886399e-08    2.8394296976e-04   -2.5712417347e-09
  20.0200000   -6.0669593008e-04   -3.8334201176e-10    5.7594566829e-05    1.2853541863e-08    2.8379181362e-04   -3.1601913488e-09
  20.0300000   -6.1146021957e-04   -4.0209292710e-10    5.5829922770e-05    1.2232341633e-08    2.8364592638e-04   -3.7088354508e-09
  20.0400000   -6.1623411876e-04   -4.1673250065e-10    5.4143758261e-05    1.1628477591e-08    2.8350035329e-04   -4.2064315175e-09
  20.0500000   -6.2101522191e-04   -4.2718957240e-10    5.2532409554e-05    1.1049211251e-08    2.8335005158e-04   -4.6429032406e-09
  20.0600000   -6.2580060420e-04   -4.3341040675e-10    5.0991166855e-05    1.0500848911e-08    2.8318997618e-04   -5.0090727272e-09
  20.0700000   -6.3058698260e-04   -4.3536636482e-10    4.9514415304e-05    9.9887089231e-09    2.8301516440e-04   -5.2968603647e-09
  20.0800000   -6.3537089490e-04   -4.3309055144e-10    4.8095780692e-05    9.5171305506e-09    2.8282081819e-04   -5.4994464803e-09
  20.0900000   -6.4014888826e-04   -4.2663273597e-10    4.6728276017e-05    9.0894518663e-09    2.8260238260e-04   -5.6114386487e-09
  20.1000000   -6.4491770930e-04   -4.1606379799e-10    4.5404445076e-05    8.7081231441e-09    2.8235561923e-04   -5.6290079832e-09
  20.1100000   -6.4967448693e-04   -4.0151247537e-10    4.4116501109e-05    8.3746968763e-09    2.8207667349e-04   -5.5499952189e-09
  20.1200000   -6.5441690009e-04   -3.8314037039e-10    4.2856458077e-05    8.0899311612e-09    2.8176213465e-04   -5.3739772671e-09
  20.1300000   -6.5914332293e-04   -3.6116333659e-10    4.1616253856e-05    7.8538193697e-09    2.8140908787e-04   -5.1023188482e-09
  20.1400000   -6.6385294148e-04   -3.3583491797e-10    4.0387864508e-05    7.6657031073e-09    2.8101515728e-04   -4.7381698321e-09
  20.1500000   -6.6854583657e-04   -3.0744695911e-10    3.9163409807e-05    7.5243242189e-09    2.8057853986e-04   -4.2864431616e-09
  20.1600000   -6.7322302993e-04   -2.7637600676e-10    3.7935250133e-05    7.4279283280e-09    2.8009802937e-04   -3.7537524558e-09
  20.1700000   -6.7788649143e-04   -2.4299378021e-10    3.6696075462e-05    7.3743513752e-09    2.7957303038e-04   -3.1483116630e-09
  20.1800000   -6.8253910732e-04   -2.0775267201e-10    3.5438986787e-05    7.3610469348e-09    2.7900356227e-04   -2.4798060445e-09
  20.1900000   -6.8718461091e-04   -1.7113876108e-10    3.4157570724e-05    7.3851826787e-09    2.7839025319e-04   -1.7592276246e-09
  20.2000000   -6.9182747826e-04   -1.3366568858e-10    3.2845967391e-05    7.4437031276e-09    2.7773432449e-04   -9.9868074479e-10
  20.2100000   -6.9647279359e-04   -9.5867783524e-11    3.1498931765e-05    7.5333541215e-09    2.7703756589e-04   -2.1118014384e-10
  20.2200000   -7.0112608908e-04   -5.8309677100e-11    3.0111888252e-05    7.6507435812e-09    2.7630230205e-04    5.8960000561e-10
  20.2300000   -7.0579316569e-04   -2.1556526522e-11    2.8680977721e-05    7.7924132969e-09    2.7553135128e-04    1.3895696650e-09
  20.2400000   -7.1047990150e-04    1.3857726570e-11    2.7203096382e-05    7.9547885791e-09    2.7472797716e-04    2.1744885016e-09
  20.2500000   -7.1519205477e-04    4.7385161196e-11    2.5675925283e-05    8.1342840619e-09    2.7389583398e-04    2.9302430696e-09
  20.2600000   -7.1993506890e-04    7.8565984336e-11    2.4097949184e-05    8.3272873209e-09    2.7303890721e-04    3.6431064935e-09
  20.2700000   -7.2471388624e-04    1.0694680574e-10    2.2468463624e-05    8.5301594212e-09    2.7216144981e-04    4.3000167446e-09
  20.2800000   -7.2953277732e-04    1.3214527225e-10    2.0787569005e-05    8.7392672849e-09    2.7126791569e-04    4.8888183055e-09
  20.2900000   -7.3439519153e-04    1.5387717520e-10    1.9056150815e-05    8.9510375009e-09    2.7036289130e-04    5.3985172454e-09
  20.3000000   -7.3930363412e-04    1.7194262730e-10    1.7275845328e-05    9.1619222694e-09    2.6945102667e-04    5.8195011731e-09
  20.3100000   -7.4425957408e-04    1.8622025552e-10    1.5448990726e-05    9.3684176695e-09    2.6853696684e-04    6.1437159151e-09
  20.3200000   -7.4926338561e-04    1.9671975554e-10    1.3578563900e-05    9.5671237556e-09    2.6762528483e-04    6.3648577551e-09
  20.3300000   -7.5431432549e-04    2.0353163067e-10    1.1668103991e-05    9.7547640912e-09    2.6672041719e-04    6.4784841931e-09
  20.3400000   -7.5941054712e-04    2.0685518101e-10    9.7216239490e-06    9.9281906699e-09    2.6582660303e-04    6.4821289260e-09
  20.3500000   -7.6454915082e-04    2.0697514260e-10    7.7435121717e-06    1.0084397391e-08    2.6494782747e-04    6.3753445076e-09
  20.3600000   -7.6972626915e-04    2.0426728849e-10    5.7384266479e-06    1.0220630426e-08    2.6408777015e-04    6.1597378042e-09
  20.3700000   -7.7493718472e-04    1.9919967462e-10    3.7111843915e-06    1.0334357325e-08    2.6324975964e-04    5.8389310134e-09
  20.3800000   -7.8017647693e-04    1.9226730572e-10    1.6666489806e-06    1.0423336475e-08    2.6243673406e-04    5.4185112283e-09
  20.3900000   -7.8543819333e-04    1.8402299855e-10   -3.9038048456e-07    1.0485613396e-08    2.6165120867e-04    4.9059274356e-09
  20.4000000   -7.9071604068e-04    1.7503077464e-10   -2.4552762037e-06    1.0519623072e-08    2.6089525033e-04    4.3103407489e-09
  20.4100000   -7.9600358961e-04    1.6583775677e-10   -4.5236813488e-06    1.0524179406e-08    2.6017045938e-04    3.6424769796e-09
  20.4200000   -8.0129448702e-04    1.5699442817e-10   -6.5916001040e-06    1.0498490050e-08    2.5947795876e-04    2.9143866891e-09
  20.4300000   -8.0658266930e-04    1.4896917747e-10   -8.6554761260e-06    1.0442218278e-08    2.5881839043e-04    2.1392358242e-09
  20.4400000   -8.1186257008e-04    1.4218426460e-10   -1.0712257715e-05    1.0355464910e-08    2.5819191888e-04    1.3310464466e-09
  20.4500000   -8.1712931535e-04    1.3697711422e-10   -1.2759448757e-05    1.0238795257e-08    2.5759824147e-04    5.0441910477e-10
  20.4600000   -8.2237889998e-04    1.3356799868e-10   -1.4795145008e-05    1.0093226299e-08    2.5703660517e-04   -3.2574778632e-10
  20.4700000   -8.2760833913e-04    1.3208214837e-10   -1.6818055469e-05    9.9201986750e-09    2.5650582942e-04   -1.1445530691e-09
  20.4800000   -8.3281578932e-04    1.3251328889e-10   -1.8827509737e-05    9.7216310009e-09    2.5600433432e-04   -1.9373877682e-09
  20.4900000   -8.3800063432e-04    1.3473744245e-10   -2.0823451571e-05    9.4997700333e-09    2.5553017378e-04   -2.6902142343e-09
  20.5000000   -8.4316353205e-04    1.3852605177e-10   -2.2806420409e-05    9.2572298275e-09    2.5508107287e-04   -3.3898425822e-09
  20.5100000   -8.4830641987e-04    1.4353639173e-10   -2.4777521137e-05    8.9969460904e-09    2.5465446874e-04   -4.0241884016e-09
  20.5200000   -8.5343247647e-04    1.4932935097e-10   -2.6738384173e-05    8.7220615190e-09    2.5424755437e-04   -4.5825090866e-09
  20.5300000   -8.5854604059e-04    1.5538621866e-10   -2.8691116262e-05    8.4359187419e-09    2.5385732445e-04   -5.0556018179e-09
  20.5400000   -8.6365248727e-04    1.6113483003e-10   -3.0638243467e-05    8.1419663078e-09    2.5348062268e-04   -5.4359872525e-09
  20.5500000   -8.6875806465e-04    1.6598317771e-10   -3.2582646758e-05    7.8436987954e-09    2.5311418972e-04   -5.7180417246e-09
  20.5600000   -8.7386969489e-04    1.6931973494e-10   -3.4527491060e-05    7.5445611055e-09    2.5275471128e-04   -5.8980991297e-09
  20.5700000   -8.7899474487e-04    1.7055539502e-10   -3.6476148056e-05    7.2479067037e-09    2.5239886540e-04   -5.9745108169e-09
  20.5800000   -8.8414077298e-04    1.6915938242e-10   -3.8432113212e-05    6.9569328538e-09    2.5204336858e-04   -5.9476533771e-09
  20.5900000   -8.8931525973e-04    1.6466224380e-10   -4.0398917289e-05    6.6745557222e-09    2.5168502007e-04   -5.8199227322e-09
  20.6000000   -8.9452533039e-04    1.5669268475e-10   -4.2380032805e-05    6.4034426925e-09    2.5132074377e-04   -5.5956434949e-09
  20.6100000   -8.9977747896e-04    1.4501920626e-10   -4.4378776323e-05    6.1458828559e-09    2.5094762725e-04   -5.2809779259e-09
  20.6200000   -9.0507730267e-04    1.2951720002e-10   -4.6398207454e-05    5.9038068064e-09    2.5056295769e-04   -4.8837667848e-09
  20.6300000   -9.1042925639e-04    1.1019984293e-10   -4.8441026211e-05    5.6786936128e-09    2.5016425414e-04   -4.4133740088e-09
  20.6400000   -9.1583643609e-04    8.7217772662e-11   -5.0509470648e-05    5.4716159593e-09    2.4974929589e-04   -3.8804369347e-09
  20.6500000   -9.2130039956e-04    6.0893389697e-11   -5.2605217562e-05    5.2831792937e-09    2.4931614680e-04   -3.2966715089e-09
  20.6600000   -9.2682103225e-04    3.1642733136e-11   -5.4729289152e-05    5.1135667115e-09    2.4886317541e-04   -2.6745799167e-09
  20.6700000   -9.3239646384e-04    2.6184185053e-14   -5.6881969357e-05    4.9624871433e-09    2.4838907058e-04   -2.0271940659e-09
  20.6800000   -9.3802304062e-04   -3.3296093639e-11   -5.9062733909e-05    4.8292656901e-09    2.4789285282e-04   -1.3677934844e-09
  20.6900000   -9.4369535644e-04   -6.7611050493e-11   -6.1270197773e-05    4.7128625910e-09    2.4737388118e-04   -7.0960491258e-10
  20.7000000   -9.4940634306e-04   -1.0210818773e-10   -6.3502084361e-05    4.6118607757e-09    2.4683185569e-04   -6.5546298153e-11
  20.7100000   -9.5514741899e-04   -1.3598272998e-10   -6.5755219844e-05    4.5246071381e-09    2.4626681566e-04    5.5207721734e-10
  20.7200000   -9.6090869353e-04   -1.6842639425e-10   -6.8025555925e-05    4.4491799073e-09    2.4567913372e-04    1.1318158245e-09
  20.7300000   -9.6667922105e-04   -1.9866348406e-10   -7.0308222947e-05    4.3835100523e-09    2.4506950593e-04    1.6633081137e-09
  20.7400000   -9.7244729812e-04   -2.2596975645e-10   -7.2597614697e-05    4.3253770496e-09    2.4443893811e-04    2.1374998158e-09
  20.7500000   -9.7820079515e-04   -2.4970033530e-10   -7.4887504566e-05    4.2725600783e-09    2.4378872861e-04    2.5468321989e-09
  20.7600000   -9.8392751197e-04   -2.6933198331e-10   -7.7171191483e-05    4.2228041424e-09    2.4312044776e-04    2.8853655817e-09
  20.7700000   -9.8961554633e-04   -2.8445578539e-10   -7.9441672502e-05    4.1739609731e-09    2.4243591425e-04    3.1489044805e-09
  20.7800000   -9.9525366300e-04   -2.9478190308e-10   -8.1691837368e-05    4.1239586194e-09    2.4173716891e-04    3.3350655131e-09
  20.7900000   -1.0008316513e-03   -3.0018338737e-10   -8.3914679309e-05    4.0709334929e-09    2.4102644582e-04    3.4432936893e-09
  20.8000000   -1.0063406586e-03   -3.0064236194e-10   -8.6103514631e-05    4.0132112467e-09    2.4030614150e-04    3.4748439887e-09
  20.8100000   -1.0117734887e-03   -2.9631042098e-10   -8.8252203312e-05    3.9493417391e-09    2.3957878217e-04    3.4327475246e-09
  20.8200000   -1.0171248528e-03   -2.8741536133e-10   -9.0355362091e-05    3.8781832688e-09    2.3884698961e-04    3.3216824956e-09
  20.8300000   -1.0223915655e-03   -2.7433225564e-10   -9.2408561163e-05    3.7988331769e-09    2.3811344588e-04    3.1478613589e-09
  20.8400000   -1.0275726772e-03   -2.5752307662e-10   -9.4408496349e-05    3.7106935689e-09    2.3738085733e-04    2.9188504827e-09
  20.8500000   -1.0326695371e-03   -2.3751068702e-10   -9.6353128936e-05    3.6134685083e-09    2.3665191814e-04    2.6433651361e-09
  20.8600000   -1.0376857835e-03   -2.1485776243e-10   -9.8241786881e-05    3.5071125561e-09    2.3592927387e-04    2.3310594804e-09
  20.8700000   -1.0426272614e-03   -1.9016896522e-10   -1.0007522221e-04    3.3918429960e-09    2.3521548536e-04    1.9922630793e-09
  20.8800000   -1.0475018673e-03   -1.6405177806e-10   -1.0185562172e-04    3.2681190976e-09    2.3451299332e-04    1.6377197323e-09
  20.8900000   -1.0523193258e-03   -1.3707780091e-10   -1.0358656962e-04    3.1365947012e-09    2.3382408401e-04    1.2783336133e-09
  20.9000000   -1.0570909048e-03   -1.0981384243e-10   -1.0527296323e-04    2.9980775959e-09    2.3315085639e-04    9.2486018146e-10
  20.9100000   -1.0618290769e-03   -8.2717829285e-11   -1.0692088484e-04    2.8535295980e-09    2.3249519108e-04    5.8768134870e-10
  20.9200000   -1.0665471372e-03   -5.6230396698e-11   -1.0853743477e-04    2.7039777191e-09    2.3185872154e-04    2.7650920549e-10
  20.9300000   -1.0712587898e-03   -3.0688773928e-11   -1.1013053215e-04    2.5505066687e-09    2.3124280784e-04    1.5750989121e-13
  20.9400000   -1.0759777159e-03   -6.3615504865e-12   -1.1170869206e-04    2.3942104125e-09    2.3064851320e-04   -2.3367931822e-10
  20.9500000   -1.0807171363e-03    1.6561493164e-11   -1.1328078754e-04    2.2361448517e-09    2.3007658391e-04   -4.1862040794e-10
  20.9600000   -1.0854893835e-03    3.7968480803e-11   -1.1485580655e-04    2.0773218286e-09    2.2952743269e-04   -5.4976188504e-10
  20.9700000   -1.0903054954e-03    5.7792765719e-11   -1.1644261310e-04    1.9186837400e-09    2.2900112591e-04   -6.2380260643e-10
  20.9800000   -1.0951748462e-03    7.6046006860e-11   -1.1804972182e-04    1.7610532260e-09    2.2849737482e-04   -6.3913524124e-10
  20.9900000   -1.1001048233e-03    9.2804797771e-11   -1.1968509386e-04    1.6051619568e-09    2.2801553117e-04   -5.9587863384e-10
  21.0000000   -1.1051005639e-03    1.0810852566e-10   -1.2135596098e-04    1.4515823232e-09    2.2755458717e-04   -4.9590329643e-10
  21.0100000   -1.1101647580e-03    1.2207319357e-10   -1.2306868286e-04    1.3008295767e-09    2.2711318009e-04   -3.4276509610e-10
  21.0200000   -1.1152975255e-03    1.3477195713e-10   -1.2482864048e-04    1.1532525271e-09    2.2668960159e-04   -1.4165072609e-10
  21.0300000   -1.1204963717e-03    1.4630632286e-10   -1.2664016705e-04    1.0091704496e-09    2.2628181160e-04    1.0076900217e-10
  21.0400000   -1.1257562240e-03    1.5671457499e-10   -1.2850651555e-04    8.6879709965e-10    2.2588745697e-04    3.7648253072e-10
  21.0500000   -1.1310695479e-03    1.6601940234e-10   -1.3042985993e-04    7.3234564096e-10    2.2550389466e-04    6.7633675579e-10
  21.0600000   -1.1364265417e-03    1.7420875330e-10   -1.3241132621e-04    5.9998312779e-10    2.2512821924e-04    9.9026617181e-10
  21.0700000   -1.1418154031e-03    1.8123684771e-10   -1.3445104754e-04    4.7195678926e-10    2.2475729466e-04    1.3075258442e-09
  21.0800000   -1.1472226623e-03    1.8700102110e-10   -1.3654823733e-04    3.4856485122e-10    2.2438778979e-04    1.6169806199e-09
  21.0900000   -1.1526335703e-03    1.9136502802e-10   -1.3870127338e-04    2.3023561424e-10    2.2401621753e-04    1.9073768437e-09
  21.1000000   -1.1580325335e-03    1.9418830137e-10   -1.4090778673e-04    1.1746607323e-10    2.2363897692e-04    2.1676251679e-09
  21.1100000   -1.1634035817e-03    1.9529794924e-10   -1.4316474889e-04    1.0999781600e-11    2.2325239789e-04    2.3870978985e-09
  21.1200000   -1.1687308556e-03    1.9450900553e-10   -1.4546855250e-04   -8.8260394333e-11    2.2285278796e-04    2.5559038318e-09
  21.1300000   -1.1739991007e-03    1.9162432002e-10   -1.4781508124e-04   -1.7922227525e-10    2.2243648052e-04    2.6651689784e-09
  21.1400000   -1.1791941531e-03    1.8652036712e-10   -1.5019976668e-04   -2.6053764829e-10    2.2199988369e-04    2.7072590545e-09
  21.1500000   -1.1843034028e-03    1.7906912153e-10   -1.5261763105e-04   -3.3070924985e-10    2.2153952949e-04    2.6760306774e-09
  21.1600000   -1.1893162206e-03    1.6917021870e-10   -1.5506331667e-04   -3.8799857962e-10    2.2105212227e-04    2.5670087409e-09
  21.1700000   -1.1942243364e-03    1.5680835588e-10   -1.5753110414e-04   -4.3051188976e-10    2.2053458593e-04    2.3775379896e-09
  21.1800000   -1.1990221564e-03    1.4203799362e-10   -1.6001492287e-04   -4.5622051726e-10    2.1998410902e-04    2.1068993681e-09
  21.1900000   -1.2037070086e-03    1.2495913564e-10   -1.6250835841e-04   -4.6300716198e-10    2.1939818717e-04    1.7563859999e-09
  21.2000000   -1.2082793101e-03    1.0576564390e-10   -1.6500466152e-04   -4.4869175289e-10    2.1877466198e-04    1.3293310844e-09
  21.2100000   -1.2127426462e-03    8.4713629024e-11   -1.6749676458e-04   -4.1111512218e-10    2.1811175583e-04    8.3108124518e-10
  21.2200000   -1.2171037611e-03    6.2133202250e-11   -1.6997731032e-04   -3.4822089873e-10    2.1740810200e-04    2.6892705179e-10
  21.2300000   -1.2213724554e-03    3.8421783346e-11   -1.7243869739e-04   -2.5806713883e-10    2.1666276940e-04   -3.4800323666e-10
  21.2400000   -1.2255613919e-03    1.4020661263e-11   -1.7487314675e-04   -1.3893712788e-10    2.1587528152e-04   -1.0089114589e-09
  21.2500000   -1.2296858140e-03   -1.0572835011e-11   -1.7727279042e-04    1.0592688905e-11    2.1504562921e-04   -1.7015177928e-09
  21.2600000   -1.2337631808e-03   -3.4840793158e-11   -1.7962978430e-04    1.9166019972e-10    2.1417427687e-04   -2.4123044139e-09
  21.2700000   -1.2378127285e-03   -5.8239848566e-11   -1.8193644336e-04    4.0495927529e-10    2.1326216183e-04   -3.1267834932e-09
  21.2800000   -1.2418549686e-03   -8.0267775087e-11   -1.8418539707e-04    6.5075688564e-10    2.1231068690e-04   -3.8297956883e-09
  21.2900000   -1.2459111341e-03   -1.0040836527e-10   -1.8636976092e-04    9.2888243201e-10    2.1132170586e-04   -4.5058189203e-09
  21.3000000   -1.2500025912e-03   -1.1819286704e-10   -1.8848331801e-04    1.2386338088e-09    2.1029750228e-04   -5.1393128597e-09
  21.3100000   -1.2541502292e-03   -1.3321365997e-10   -1.9052070438e-04    1.5788519685e-09    2.0924076152e-04   -5.7150485151e-09
  21.3200000   -1.2583738486e-03   -1.4512526886e-10   -1.9247759007e-04    1.9478567389e-09    2.0815453652e-04   -6.2184578872e-09
  21.3300000   -1.2626915638e-03   -1.5366972280e-10   -1.9435084803e-04    2.3434996331e-09    2.0704220768e-04   -6.6359512041e-09
  21.3400000   -1.2671192384e-03   -1.5866954482e-10   -1.9613870275e-04    2.7632190819e-09    2.0590743734e-04   -6.9552371874e-09
  21.3500000   -1.2716699714e-03   -1.6003979238e-10   -1.9784085083e-04    3.2040380104e-09    2.0475411960e-04   -7.1656363845e-09
  21.3600000   -1.2763536504e-03   -1.5779036554e-10   -1.9945854680e-04    3.6626597071e-09    2.0358632603e-04   -7.2583252674e-09
  21.3700000   -1.2811765870e-03   -1.5205309902e-10   -2.0099464835e-04    4.1355254922e-09    2.0240824828e-04   -7.2265775996e-09
  21.3800000   -1.2861412484e-03   -1.4304982609e-10   -2.0245361701e-04    4.6188840807e-09    2.0122413826e-04   -7.0659681283e-09
  21.3900000   -1.2912460946e-03   -1.3105346848e-10   -2.0384147175e-04    5.1088823404e-09    2.0003824690e-04   -6.7745013223e-09
  21.4000000   -1.2964855300e-03   -1.1646066935e-10   -2.0516569513e-04    5.6016395250e-09    1.9885476249e-04   -6.3527196717e-09
  21.4100000   -1.3018499740e-03   -9.9714650858e-11   -2.0643509318e-04    6.0933090255e-09    1.9767774945e-04   -5.8037659924e-09
  21.4200000   -1.3073260506e-03   -8.1327969238e-11   -2.0765961267e-04    6.5801723764e-09    1.9651108861e-04   -5.1333572106e-09
  21.4300000   -1.3128968950e-03   -6.1838966291e-11   -2.0885012053e-04    7.0586762496e-09    1.9535841994e-04   -4.3497509218e-09
  21.4400000   -1.3185425709e-03   -4.1824779310e-11   -2.1001815218e-04    7.5255443559e-09    1.9422308868e-04   -3.4636179043e-09
  21.4500000   -1.3242405870e-03   -2.1845757584e-11   -2.1117563673e-04    7.9777534482e-09    1.9310809567e-04   -2.4878855513e-09
  21.4600000   -1.3299665006e-03   -2.4734872332e-12   -2.1233460765e-04    8.4125983294e-09    1.9201605286e-04   -1.4375385522e-09
  21.4700000   -1.3356945899e-03    1.5764613858e-11   -2.1350690838e-04    8.8277298061e-09    1.9094914467e-04   -3.2935907427e-10
  21.4800000   -1.3413985769e-03    3.2370730300e-11   -2.1470390239e-04    9.2211127123e-09    1.8990909579e-04    8.1836785434e-10
  21.4900000   -1.3470523778e-03    4.6916258120e-11   -2.1593619698e-04    9.5910568690e-09    1.8889714613e-04    1.9861794529e-09
  21.5000000   -1.3526308590e-03    5.9010638767e-11   -2.1721338957e-04    9.9361642919e-09    1.8791403318e-04    3.1537888497e-09
  21.5100000   -1.3581105739e-03    6.8383463866e-11   -2.1854384434e-04    1.0255342145e-08    1.8695998232e-04    4.3004754587e-09
  21.5200000   -1.3634704579e-03    7.4808656404e-11   -2.1993450592e-04    1.0547705515e-08    1.8603470502e-04    5.4054543463e-09
  21.5300000   -1.3686924571e-03    7.8166974312e-11   -2.2139075557e-04    1.0812596775e-08    1.8513740514e-04    6.4482950664e-09
  21.5400000   -1.3737620720e-03    7.8437682391e-11   -2.2291631358e-04    1.1049455651e-08    1.8426679324e-04    7.4092930918e-09
  21.5500000   -1.3786687948e-03    7.5652981724e-11   -2.2451319006e-04    1.1257865792e-08    1.8342110857e-04    8.2698862979e-09
  21.5600000   -1.3834064276e-03    6.9963300559e-11   -2.2618168502e-04    1.1437477485e-08    1.8259814859e-04    9.0129970286e-09
  21.5700000   -1.3879732678e-03    6.1607790546e-11   -2.2792043637e-04    1.1587899354e-08    1.8179530528e-04    9.6233939371e-09
  21.5800000   -1.3923721543e-03    5.0862267756e-11   -2.2972651374e-04    1.1708800283e-08    1.8100960796e-04    1.0087982036e-08
  21.5900000   -1.3966103723e-03    3.8077597936e-11   -2.3159555408e-04    1.1799795661e-08    1.8023777156e-04    1.0396103504e-08
  21.6000000   -1.4006994170e-03    2.3659308279e-11   -2.3352193431e-04    1.1860448165e-08    1.7947624993e-04    1.0539752816e-08
  21.6100000   -1.4046546251e-03    8.0415291279e-12   -2.3549897481e-04    1.1890288963e-08    1.7872129300e-04    1.0513755760e-08
  21.6200000   -1.4084946845e-03   -8.3065972509e-12   -2.3751916721e-04    1.1888884530e-08    1.7796900703e-04    1.0315902811e-08
  21.6300000   -1.4122410374e-03   -2.4913563151e-11   -2.3957441945e-04    1.1855795767e-08    1.7721541691e-04    9.9470221511e-09
  21.6400000   -1.4159171980e-03   -4.1306148375e-11   -2.4165631023e-04    1.1790628735e-08    1.7645652942e-04    9.4110083215e-09
  21.6500000   -1.4195480054e-03   -5.7021380775e-11   -2.4375634562e-04    1.1693109151e-08    1.7568839654e-04    8.7147515256e-09
  21.6600000   -1.4231588389e-03   -7.1631362503e-11   -2.4586621027e-04    1.1563152321e-08    1.7490717774e-04    7.8680786575e-09
  21.6700000   -1.4267748195e-03   -8.4752181239e-11   -2.4797800609e-04    1.1400885945e-08    1.7410920016e-04    6.8835578458e-09
  21.6800000   -1.4304200271e-03   -9.6021836793e-11   -2.5008447190e-04    1.1206713784e-08    1.7329101577e-04    5.7763380550e-09
  21.6900000   -1.4341167580e-03   -1.0515244119e-10   -2.5217917803e-04    1.0981388623e-08    1.7244945471e-04    4.5638504601e-09
  21.7000000   -1.4378848486e-03   -1.1190227931e-10   -2.5425669080e-04    1.0726062680e-08    1.7158167377e-04    3.2655454838e-09
  21.7100000   -1.4417410886e-03   -1.1610540947e-10   -2.5631270249e-04    1.0442286752e-08    1.7068519941e-04    1.9025259547e-09
  21.7200000   -1.4456987417e-03   -1.1766432015e-10   -2.5834412375e-04    1.0132125803e-08    1.6975796464e-04    4.9719528975e-10
  21.7300000   -1.4497671912e-03   -1.1651582422e-10   -2.6034913582e-04    9.7980444635e-09    1.6879833921e-04   -9.2714116948e-10
  21.7400000   -1.4539517208e-03   -1.1269062732e-10   -2.6232720188e-04    9.4430064598e-09    1.6780515267e-04   -2.3466952764e-09
  21.7500000   -1.4582534375e-03   -1.0626786237e-10   -2.6427903710e-04    9.0703820298e-09    1.6677771005e-04   -3.7376206171e-09
  21.7600000   -1.4626693377e-03   -9.7383307682e-11   -2.6620653846e-04    8.6839442252e-09    1.6571580004e-04   -5.0764286874e-09
  21.7700000   -1.4671925125e-03   -8.6232908276e-11   -2.6811267670e-04    8.2877608739e-09    1.6461969547e-04   -6.3404177131e-09
  21.7800000   -1.4718124836e-03   -7.3051787586e-11   -2.7000135322e-04    7.8861710427e-09    1.6349014641e-04   -7.5080821740e-09
  21.7900000   -1.4765156570e-03   -5.8087563892e-11   -2.7187722611e-04    7.4836783291e-09    1.6232836592e-04   -8.5594900374e-09
  21.8000000   -1.4812858749e-03   -4.1645730219e-11   -2.7374551058e-04    7.0847866868e-09    1.6113600893e-04   -9.4766433928e-09
  21.8100000   -1.4861050475e-03   -2.4029523417e-11   -2.7561175895e-04    6.6939566860e-09    1.5991514466e-04   -1.0243800615e-08
  21.8200000   -1.4909538379e-03   -5.5810587693e-12   -2.7748162699e-04    6.3154876521e-09    1.5866822307e-04   -1.0847769253e-08
  21.8300000   -1.4958123776e-03    1.3369232475e-11   -2.7936063344e-04    5.9533756530e-09    1.5739803616e-04   -1.1278112116e-08
  21.8400000   -1.5006609836e-03    3.2457886875e-11   -2.8125391959e-04    5.6112205396e-09    1.5610767468e-04   -1.1527371379e-08
  21.8500000   -1.5054808524e-03    5.1368199406e-11   -2.8316601663e-04    5.2921033989e-09    1.5480048117e-04   -1.1591173257e-08
  21.8600000   -1.5102547058e-03    6.9757279875e-11   -2.8510062767e-04    4.9985652755e-09    1.5348000008e-04   -1.1468300016e-08
  21.8700000   -1.5149673650e-03    8.7313095966e-11   -2.8706043174e-04    4.7324620674e-09    1.5214992591e-04   -1.1160733533e-08
  21.8800000   -1.5196062331e-03    1.0372869525e-10   -2.8904691618e-04    4.4949775826e-09    1.5081405026e-04   -1.0673595114e-08
  21.8900000   -1.5241616700e-03    1.1872586791e-10   -2.9106024346e-04    4.2865567291e-09    1.4947620867e-04   -1.0015064806e-08
  21.9000000   -1.5286272472e-03    1.3202603721e-10   -2.9309915756e-04    4.1069575406e-09    1.4814022806e-04   -9.1962145575e-09
  21.9100000   -1.5329998752e-03    1.4340841455e-10   -2.9516093405e-04    3.9552169908e-09    1.4680987580e-04   -8.2308347577e-09
  21.9200000   -1.5372798004e-03    1.5266352721e-10   -2.9724137670e-04    3.8297468440e-09    1.4548881097e-04   -7.1351636203e-09
  21.9300000   -1.5414704748e-03    1.5959005499e-10   -2.9933486271e-04    3.7283451620e-09    1.4418053880e-04   -5.9275992734e-09
  21.9400000   -1.5455783051e-03    1.6405294868e-10   -3.0143443643e-04    3.6483626936e-09    1.4288836869e-04   -4.6283951674e-09
  21.9500000   -1.5496122919e-03    1.6593956445e-10   -3.0353195078e-04    3.5867278316e-09    1.4161537665e-04   -3.2592756550e-09
  21.9600000   -1.5535835771e-03    1.6517347985e-10   -3.0561825366e-04    3.5400833911e-09    1.4036437252e-04   -1.8430654694e-09
  21.9700000   -1.5575049151e-03    1.6169764192e-10   -3.0768341533e-04    3.5049328875e-09    1.3913787233e-04   -4.0328921876e-10
  21.9800000   -1.5613900920e-03    1.5553398697e-10   -3.0971699128e-04    3.4777052018e-09    1.3793807621e-04    1.0362376700e-09
  21.9900000   -1.5652533155e-03    1.4674335898e-10   -3.1170831394e-04    3.4549483518e-09    1.3676685198e-04    2.4518259185e-09
  22.0000000   -1.5691085976e-03    1.3541135223e-10   -3.1364680521e-04    3.4333717231e-09    1.3562572449e-04    3.8203039194e-09
  22.0100000   -1.5729691567e-03    1.2170024210e-10   -3.1552230106e-04    3.4099611573e-09    1.3451587067e-04    5.1194338916e-09
  22.0200000   -1.5768468602e-03    1.0581652696e-10   -3.1732537863e-04    3.3821041520e-09    1.3343812024e-04    6.3282701841e-09
  22.0300000   -1.5807517287e-03    8.8002068436e-11   -3.1904767559e-04    3.3475609442e-09    1.3239296178e-04    7.4275169650e-09
  22.0400000   -1.5846915210e-03    6.8573990649e-11   -3.2068219187e-04    3.3045990066e-09    1.3138055394e-04    8.3998402412e-09
  22.0500000   -1.5886714124e-03    4.7900562776e-11   -3.2222356341e-04    3.2519895070e-09    1.3040074125e-04    9.2301524087e-09
  22.0600000   -1.5926937804e-03    2.6353288919e-11   -3.2366829839e-04    3.1889689222e-09    1.2945307416e-04    9.9058567832e-09
  22.0700000   -1.5967581017e-03    4.3854481426e-12   -3.2501496734e-04    3.1152874147e-09    1.2853683289e-04    1.0417034426e-08
  22.0800000   -1.6008609638e-03   -1.7542718517e-11   -3.2626433935e-04    3.0310970043e-09    1.2765105427e-04    1.0756585736e-08
  22.0900000   -1.6049961886e-03   -3.8934847585e-11   -3.2741945811e-04    2.9369470748e-09    1.2679456113e-04    1.0920335485e-08
  22.1000000   -1.6091550621e-03   -5.9328545310e-11   -3.2848565356e-04    2.8337250366e-09    1.2596599356e-04    1.0907068072e-08
  22.1100000   -1.6133266581e-03   -7.8202795873e-11   -3.2947048645e-04    2.7225477465e-09    1.2516384144e-04    1.0718523440e-08
  22.1200000   -1.6174982435e-03   -9.5106472576e-11   -3.3038362547e-04    2.6047018223e-09    1.2438647745e-04    1.0359334946e-08
  22.1300000   -1.6216557466e-03   -1.0961914425e-10   -3.3123665871e-04    2.4816116922e-09    1.2363219011e-04    9.8369284923e-09
  22.1400000   -1.6257842710e-03   -1.2134157708e-10   -3.3204284366e-04    2.3546523869e-09    1.2289921611e-04    9.1613543412e-09
  22.1500000   -1.6298686330e-03   -1.2995765473e-10   -3.3281680184e-04    2.2252184183e-09    1.2218577143e-04    8.3451010661e-09
  22.1600000   -1.6338939032e-03   -1.3524675096e-10   -3.3357416660e-04    2.0946140885e-09    1.2149008070e-04    7.4028508874e-09
  22.1700000   -1.6378459303e-03   -1.3705300429e-10   -3.3433119406e-04    1.9639685650e-09    1.2081040430e-04    6.3512089666e-09
  22.1800000   -1.6417118290e-03   -1.3532173332e-10   -3.3510434889e-04    1.8343083632e-09    1.2014506289e-04    5.2084000750e-09
  22.1900000   -1.6454804140e-03   -1.3012772928e-10   -3.3590987810e-04    1.7065016286e-09    1.1949245889e-04    3.9939519210e-09
  22.2000000   -1.6491425653e-03   -1.2162681458e-10   -3.3676338591e-04    1.5812689498e-09    1.1885109477e-04    2.7283423908e-09
  22.2100000   -1.6526915138e-03   -1.1008596242e-10   -3.3767942395e-04    1.4592230215e-09    1.1821958791e-04    1.4326414502e-09
  22.2200000   -1.6561230376e-03   -9.5884898368e-11   -3.3867110994e-04    1.3409020820e-09    1.1759668183e-04    1.2816554226e-10
  22.2300000   -1.6594355671e-03   -7.9480452763e-11   -3.3974978791e-04    1.2268130907e-09    1.1698125397e-04   -1.1638926693e-09
  22.2400000   -1.6626301956e-03   -6.1434175310e-11   -3.4092474099e-04    1.1174685197e-09    1.1637231978e-04   -2.4228009262e-09
  22.2500000   -1.6657106011e-03   -4.2335308105e-11   -3.4220296685e-04    1.0135365746e-09    1.1576903339e-04   -3.6286438848e-09
  22.2600000   -1.6686828846e-03   -2.2843366961e-11   -3.4358902274e-04    9.1574783825e-10    1.1517068505e-04   -4.7626253124e-09
  22.2700000   -1.6715553345e-03   -3.6286060800e-12   -3.4508494555e-04    8.2507132477e-10    1.1457669542e-04   -5.8073711635e-09
  22.2800000   -1.6743381308e-03    1.4629919239e-11   -3.4669024874e-04    7.4268513163e-10    1.1398660716e-04   -6.7472067234e-09
  22.2900000   -1.6770430023e-03    3.1293443398e-11   -3.4840199558e-04    6.7001763514e-10    1.1340007400e-04   -7.5683600695e-09
  22.3000000   -1.6796828517e-03    4.5756680425e-11   -3.5021494538e-04    6.0875569392e-10    1.1281684782e-04   -8.2591864230e-09
  22.3100000   -1.6822713663e-03    5.7516086330e-11   -3.5212176605e-04    5.6085651851e-10    1.1223676389e-04   -8.8103162947e-09
  22.3200000   -1.6848226286e-03    6.6137991869e-11   -3.5411330474e-04    5.2846857767e-10    1.1165972496e-04   -9.2147733002e-09
  22.3300000   -1.6873507417e-03    7.1304191536e-11   -3.5617890544e-04    5.1393773362e-10    1.1108568439e-04   -9.4680579357e-09
  22.3400000   -1.6898694836e-03    7.2823408589e-11   -3.5830676075e-04    5.1974430667e-10    1.1051462887e-04   -9.5681662250e-09
  22.3500000   -1.6923919999e-03    7.0664631520e-11   -3.6048428496e-04    5.4836652718e-10    1.0994656109e-04   -9.5155923439e-09
  22.3600000   -1.6949305459e-03    6.4892559114e-11   -3.6269849328e-04    6.0223755669e-10    1.0938148275e-04   -9.3132797221e-09
  22.3700000   -1.6974962808e-03    5.5760596677e-11   -3.6493637383e-04    6.8364660057e-10    1.0881937834e-04   -8.9665261259e-09
  22.3800000   -1.7000991202e-03    4.3629253411e-11   -3.6718523847e-04    7.9462969572e-10    1.0826019991e-04   -8.4828552774e-09
  22.3900000   -1.7027476437e-03    2.8982158989e-11   -3.6943304063e-04    9.3684873880e-10    1.0770385327e-04   -7.8718667226e-09
  22.4000000   -1.7054490574e-03    1.2414199862e-11   -3.7166864950e-04    1.1115307710e-09    1.0715018579e-04   -7.1450435557e-09
  22.4100000   -1.7082092044e-03   -5.3712838552e-12   -3.7388207241e-04    1.3193556523e-09    1.0659897599e-04   -6.3155200257e-09
  22.4200000   -1.7110326171e-03   -2.3658771634e-11   -3.7606462004e-04    1.5604424334e-09    1.0604992519e-04   -5.3978530498e-09
  22.4300000   -1.7139226011e-03   -4.1651631668e-11   -3.7820901115e-04    1.8342120709e-09    1.0550265128e-04   -4.4077634590e-09
  22.4400000   -1.7168813427e-03   -5.8569980281e-11   -3.8030941706e-04    2.1394645217e-09    1.0495668457e-04   -3.3618595386e-09
  22.4500000   -1.7199100286e-03   -7.3657662340e-11   -3.8236144843e-04    2.4743090758e-09    1.0441146589e-04   -2.2773572512e-09
  22.4600000   -1.7230089681e-03   -8.6196861417e-11   -3.8436208950e-04    2.8362297894e-09    1.0386634685e-04   -1.1717934005e-09
  22.4700000   -1.7261777089e-03   -9.5571817746e-11   -3.8630958724e-04    3.2220825653e-09    1.0332059214e-04   -6.2747366241e-11
  22.4800000   -1.7294151387e-03   -1.0127393601e-10   -3.8820330454e-04    3.6281989979e-09    1.0277338370e-04    1.0324406652e-09
  22.4900000   -1.7327195660e-03   -1.0288507258e-10   -3.9004354784e-04    4.0505210397e-09    1.0222382684e-04    2.0969472925e-09
  22.5000000   -1.7360887766e-03   -1.0018194639e-10   -3.9183138032e-04    4.4846479408e-09    1.0167095769e-04    3.1147035045e-09
  22.5100000   -1.7395200640e-03   -9.3080119382e-11   -3.9356843200e-04    4.9259772930e-09    1.0111375225e-04    4.0706409760e-09
  22.5200000   -1.7430102333e-03   -8.1634341718e-11   -3.9525671721e-04    5.3698336284e-09    1.0055113636e-04    4.9509074342e-09
  22.5300000   -1.7465555823e-03   -6.6113897417e-11   -3.9689846932e-04    5.8116181808e-09    9.9981996650e-05    5.7430650292e-09
  22.5400000   -1.7501518635e-03   -4.6895545919e-11   -3.9849600090e-04    6.2469071272e-09    9.9405191986e-05    6.4362365012e-09
  22.5500000   -1.7537942347e-03   -2.4542860327e-11   -4.0005159539e-04    6.6715620785e-09    9.8819565274e-05    7.0212608131e-09
  22.5600000   -1.7574772032e-03    2.8545744802e-13   -4.0156743467e-04    7.0818530715e-09    9.8223955291e-05    7.4907890200e-09
  22.5700000   -1.7611945754e-03    2.6780306107e-11   -4.0304556401e-04    7.4745291275e-09    9.7617208355e-05    7.8393652952e-09
  22.5800000   -1.7649394179e-03    5.4085586086e-11   -4.0448789391e-04    7.8468778444e-09    9.6998189485e-05    8.0634731982e-09
  22.5900000   -1.7687040389e-03    8.1272911613e-11   -4.0589623604e-04    8.1967304035e-09    9.6365792947e-05    8.1615464128e-09
  22.6000000   -1.7724799990e-03    1.0737550941e-10   -4.0727236813e-04    8.5225461921e-09    9.5718951921e-05    8.1339622845e-09
  22.6100000   -1.7762581557e-03    1.3145798238e-10   -4.0861812167e-04    8.8232973055e-09    9.5056647150e-05    7.9829749689e-09
  22.6200000   -1.7800287474e-03    1.5261218781e-10   -4.0993548397e-04    9.0984638068e-09    9.4377914433e-05    7.7126660342e-09
  22.6300000   -1.7837815196e-03    1.7000994528e-10   -4.1122670666e-04    9.3479924540e-09    9.3681850867e-05    7.3288445240e-09
  22.6400000   -1.7875058923e-03    1.8290658893e-10   -4.1249441105e-04    9.5721886690e-09    9.2967619709e-05    6.8389122984e-09
  22.6500000   -1.7911911687e-03    1.9068811921e-10   -4.1374168216e-04    9.7715908598e-09    9.2234453943e-05    6.2517282250e-09
  22.6600000   -1.7948267790e-03    1.9290945710e-10   -4.1497214333e-04    9.9469054520e-09    9.1481658409e-05    5.5774520778e-09
  22.6700000   -1.7984025533e-03    1.8926053588e-10   -4.1619000490e-04    1.0098880927e-08    9.0708610639e-05    4.8273608010e-09
  22.6800000   -1.8019090157e-03    1.7964171815e-10   -4.1740008162e-04    1.0228189909e-08    8.9914760384e-05    4.0136747167e-09
  22.6900000   -1.8053376889e-03    1.6411323151e-10   -4.1860777594e-04    1.0335350450e-08    8.9099627950e-05    3.1493367511e-09
  22.7000000   -1.8086813982e-03    1.4294382653e-10   -4.1981902559e-04    1.0420629623e-08    8.8262801458e-05    2.2478332444e-09
  22.7100000   -1.8119345629e-03    1.1657498401e-10   -4.2104021671e-04    1.0483950987e-08    8.7403933097e-05    1.3229741981e-09
  22.7200000   -1.8150934635e-03    8.5616456843e-11   -4.2227806524e-04    1.0524900755e-08    8.6522734595e-05    3.8869170596e-10
  22.7300000   -1.8181564721e-03    5.0847713395e-11   -4.2353947152e-04    1.0542679993e-08    8.5618972055e-05   -5.4115427162e-10
  22.7400000   -1.8211242360e-03    1.3176806526e-11   -4.2483135429e-04    1.0536123926e-08    8.4692460173e-05   -1.4529917599e-09
  22.7500000   -1.8239998046e-03   -2.6397748158e-11   -4.2616047181e-04    1.0503750746e-08    8.3743056225e-05   -2.3337052471e-09
  22.7600000   -1.8267886923e-03   -6.6766179036e-11   -4.2753323830e-04    1.0443751577e-08    8.2770653799e-05   -3.1708255726e-09
  22.7700000   -1.8294988713e-03   -1.0679012044e-10   -4.2895554467e-04    1.0354181819e-08    8.1775176535e-05   -3.9526835491e-09
  22.7800000   -1.8321406912e-03   -1.4531646674e-10   -4.3043259164e-04    1.0232994306e-08    8.0756571926e-05   -4.6685765937e-09
  22.7900000   -1.8347267255e-03   -1.8120143741e-10   -4.3196874341e-04    1.0078162621e-08    7.9714805416e-05   -5.3088782088e-09
  22.8000000   -1.8372715456e-03   -2.1336543592e-10   -4.3356740878e-04    9.8878419079e-09    7.8649854784e-05   -5.8651730912e-09
  22.8100000   -1.8397914272e-03   -2.4084955323e-10   -4.3523095489e-04    9.6604831304e-09    7.7561705010e-05   -6.3303490017e-09
  22.8200000   -1.8423039960e-03   -2.6277194649e-10   -4.3696065753e-04    9.3949686268e-09    7.6450343648e-05   -6.6986679344e-09
  22.8300000   -1.8448278211e-03   -2.7842496214e-10   -4.3875668982e-04    9.0907285169e-09    7.5315756776e-05   -6.9658312472e-09
  22.8400000   -1.8473819660e-03   -2.8728209968e-10   -4.4061814896e-04    8.7478500761e-09    7.4157925495e-05   -7.1290137670e-09
  22.8500000   -1.8499855107e-03   -2.8901414978e-10   -4.4254311941e-04    8.3671840271e-09    7.2976823118e-05   -7.1868751873e-09
  22.8600000   -1.8526570556e-03   -2.8348054311e-10   -4.4452876809e-04    7.9504050999e-09    7.1772412879e-05   -7.1395717611e-09
  22.8700000   -1.8554142225e-03   -2.7078410085e-10   -4.4657146644e-04    7.5000301236e-09    7.0544646264e-05   -6.9887196231e-09
  22.8800000   -1.8582731650e-03   -2.5122981801e-10   -4.4866693265e-04    7.0194632065e-09    6.9293461824e-05   -6.7373657318e-09
  22.8900000   -1.8612481026e-03   -2.2532892101e-10   -4.5081038609e-04    6.5129079969e-09    6.8018784477e-05   -6.3899185615e-09
  22.9000000   -1.8643508900e-03   -1.9379185233e-10   -4.5299670619e-04    5.9854308538e-09    6.6720525228e-05   -5.9520805264e-09
  22.9100000   -1.8675906340e-03   -1.5749621976e-10   -4.5522058744e-04    5.4427687385e-09    6.5398581158e-05   -5.4307623252e-09
  22.9200000   -1.8709733682e-03   -1.1747751438e-10   -4.5747668262e-04    4.8912702818e-09    6.4052835743e-05   -4.8339595154e-09
  22.9300000   -1.8745017938e-03   -7.4871119658e-11   -4.5975972786e-04    4.3377602521e-09    6.2683159233e-05   -4.1706494052e-09
  22.9400000   -1.8781750942e-03   -3.0909270613e-11   -4.6206464332e-04    3.7894098630e-09    6.1289409245e-05   -3.4506679715e-09
  22.9500000   -1.8819888275e-03    1.3145868734e-11   -4.6438660587e-04    3.2535464700e-09    5.9871431318e-05   -2.6845535594e-09
  22.9600000   -1.8859349019e-03    5.6041002087e-11   -4.6672109082e-04    2.7374763977e-09    5.8429059454e-05   -1.8834173942e-09
  22.9700000   -1.8900016338e-03    9.6567799615e-11   -4.6906388283e-04    2.2483290312e-09    5.6962116648e-05   -1.0587765963e-09
  22.9800000   -1.8941738887e-03    1.3359862181e-10   -4.7141105696e-04    1.7929184960e-09    5.5470415262e-05   -2.2241470644e-10
  22.9900000   -1.8984333028e-03    1.6614113105e-10   -4.7375893309e-04    1.3775438896e-09    5.3953757412e-05    6.1378822297e-10
  23.0000000   -1.9027585820e-03    1.9335673848e-10   -4.7610400892e-04    1.0078483127e-09    5.2411935145e-05    1.4380150167e-09
  23.0100000   -1.9071258709e-03    2.1458628837e-10   -4.7844287736e-04    6.8868258848e-10    5.0844730723e-05    2.2386598299e-09
  23.0200000   -1.9115091872e-03    2.2940557521e-10   -4.8077213599e-04    4.2404503038e-10    4.9251916825e-05    3.0044895354e-09
  23.0300000   -1.9158809120e-03    2.3759414952e-10   -4.8308829614e-04    2.1696488118e-10    4.7633256863e-05    3.7247932109e-09
  23.0400000   -1.9202123271e-03    2.3916320485e-10   -4.8538769995e-04    6.9455961129e-11    4.5988505489e-05    4.3895195783e-09
  23.0500000   -1.9244741896e-03    2.3437362355e-10   -4.8766645298e-04   -1.7493995234e-11    4.4317409339e-05    4.9894243608e-09
  23.0600000   -1.9286373322e-03    2.2370463927e-10   -4.8992037972e-04   -4.3958135486e-11    4.2619708202e-05    5.5161736628e-09
  23.0700000   -1.9326732779e-03    2.0781326927e-10   -4.9214500754e-04   -1.1001758946e-11    4.0895136681e-05    5.9624714454e-09
  23.0800000   -1.9365548575e-03    1.8754592805e-10   -4.9433558383e-04    7.9300832102e-11    3.9143426533e-05    6.3221536974e-09
  23.0900000   -1.9402568168e-03    1.6387811652e-10   -4.9648712882e-04    2.2402066940e-10    3.7364309667e-05    6.5902802810e-09
  23.1000000   -1.9437564015e-03    1.3787425421e-10   -4.9859452450e-04    4.1936220733e-10    3.5557522124e-05    6.7631939062e-09
  23.1100000   -1.9470339066e-03    1.1067131919e-10   -5.0065263835e-04    6.6084163214e-10    3.3722809004e-05    6.8385686326e-09
  23.1200000   -1.9500731790e-03    8.3393753788e-11   -5.0265647827e-04    9.4333450067e-10    3.1859930437e-05    6.8154683022e-09
  23.1300000   -1.9528620601e-03    5.7138229540e-11   -5.0460137289e-04    1.2612075304e-09    2.9968668710e-05    6.6943336934e-09
  23.1400000   -1.9553927579e-03    3.2895337283e-11   -5.0648317023e-04    1.6084755549e-09    2.8048836598e-05    6.4769954264e-09
  23.1500000   -1.9576621376e-03    1.1542366004e-11   -5.0829844570e-04    1.9788420755e-09    2.6100286842e-05    6.1666626351e-09
  23.1600000   -1.9596719213e-03   -6.2032857047e-12   -5.1004470981e-04    2.3658501494e-09    2.4122922844e-05    5.7678644505e-09
  23.1700000   -1.9614287889e-03   -1.9839136136e-11   -5.1172060505e-04    2.7630025416e-09    2.2116710417e-05    5.2863962213e-09
  23.1800000   -1.9629443736e-03   -2.9051709138e-11   -5.1332608178e-04    3.1637824921e-09    2.0081690616e-05    4.7292494024e-09
  23.1900000   -1.9642351478e-03   -3.3769636240e-11   -5.1486254269e-04    3.5618577815e-09    1.8017993391e-05    4.1045108489e-09
  23.2000000   -1.9653221964e-03   -3.4129667920e-11   -5.1633294729e-04    3.9510761698e-09    1.5925851959e-05    3.4212507229e-09
  23.2100000   -1.9662308784e-03   -3.0518168510e-11   -5.1774186842e-04    4.3255711537e-09    1.3805617656e-05    2.6894118214e-09
  23.2200000   -1.9669903787e-03   -2.3484215288e-11   -5.1909549503e-04    4.6798183552e-09    1.1657775003e-05    1.9196426910e-09
  23.2300000   -1.9676331567e-03   -1.3790100792e-11   -5.2040157787e-04    5.0086772844e-09    9.4829567157e-06    1.1231717828e-09
  23.2400000   -1.9681942989e-03   -2.2777572864e-12   -5.2166931636e-04    5.3074574952e-09    7.2819583236e-06    3.1163020483e-10
  23.2500000   -1.9687107871e-03    1.0069464694e-11   -5.2290918827e-04    5.5719691111e-09    5.0557520861e-06   -5.0310921012e-10
  23.2600000   -1.9692206966e-03    2.2256465897e-11   -5.2413272577e-04    5.7985091475e-09    2.8054997508e-06   -1.3091046158e-09
  23.2700000   -1.9697623410e-03    3.3280126030e-11   -5.2535224398e-04    5.9839645973e-09    5.3256392786e-07   -2.0945298281e-09
  23.2800000   -1.9703733813e-03    4.2197529672e-11   -5.2658053054e-04    6.1257825840e-09   -1.7614824459e-06   -2.8478477636e-09
  23.2900000   -1.9710899227e-03    4.8141098343e-11   -5.2783050622e-04    6.2220340126e-09   -4.0748488226e-06   -3.5579780824e-09
  23.3000000   -1.9719456188e-03    5.0440978708e-11   -5.2911486804e-04    6.2713812209e-09   -6.4055223832e-06   -4.2144802913e-09
  23.3100000   -1.9729708090e-03    4.8587385900e-11   -5.3044572794e-04    6.2731722199e-09   -8.7512662139e-06   -4.8077068993e-09
  23.3200000   -1.9741917112e-03    4.2271611444e-11   -5.3183425945e-04    6.2274014392e-09   -1.1109620788e-05   -5.3289397430e-09
  23.3300000   -1.9756296943e-03    3.1438624126e-11   -5.3329036550e-04    6.1347246420e-09   -1.3477908867e-05   -5.7705490701e-09
  23.3400000   -1.9773006518e-03    1.6271283610e-11   -5.3482237963e-04    5.9965215861e-09   -1.5853244154e-05   -6.1261131843e-09
  23.3500000   -1.9792144985e-03   -2.8320906931e-12   -5.3643681144e-04    5.8147652529e-09   -1.8232543729e-05   -6.3904996857e-09
  23.3600000   -1.9813748067e-03   -2.5239306714e-11   -5.3813814593e-04    5.5922023354e-09   -2.0612544493e-05   -6.5599832001e-09
  23.3700000   -1.9837785980e-03   -5.0121800712e-11   -5.3992870393e-04    5.3321365209e-09   -2.2989823547e-05   -6.6322746082e-09
  23.3800000   -1.9864163009e-03   -7.6458439675e-11   -5.4180856883e-04    5.0385222738e-09   -2.5360822482e-05   -6.6065768378e-09
  23.3900000   -1.9892718816e-03   -1.0314553859e-10   -5.4377558244e-04    4.7159176725e-09   -2.7721875432e-05   -6.4836054199e-09
  23.4000000   -1.9923231490e-03   -1.2900313067e-10   -5.4582540966e-04    4.3693915568e-09   -3.0069240732e-05   -6.2655616168e-09
  23.4100000   -1.9955422316e-03   -1.5282313941e-10   -5.4795167000e-04    4.0044682223e-09   -3.2399135765e-05   -5.9561287088e-09
  23.4200000   -1.9988962182e-03   -1.7344065614e-10   -5.5014613080e-04    3.6271081353e-09   -3.4707774740e-05   -5.5603815344e-09
  23.4300000   -2.0023479486e-03   -1.8978487301e-10   -5.5239895549e-04    3.2435439693e-09   -3.6991408918e-05   -5.0847317836e-09
  23.4400000   -2.0058569365e-03   -2.0092547491e-10   -5.5469899774e-04    2.8602373629e-09   -3.9246368651e-05   -4.5368147425e-09
  23.4500000   -2.0093804020e-03   -2.0613785077e-10   -5.5703413165e-04    2.4837560679e-09   -4.1469106843e-05   -3.9253668179e-09
  23.4600000   -2.0128743885e-03   -2.0490770663e-10   -5.5939160645e-04    2.1207039398e-09   -4.3656242992e-05   -3.2600801370e-09
  23.4700000   -2.0162949322e-03   -1.9699602658e-10   -5.6175841398e-04    1.7775043774e-09   -4.5804607223e-05   -2.5514548342e-09
  23.4800000   -2.0195992540e-03   -1.8241948303e-10   -5.6412165697e-04    1.4604017107e-09   -4.7911283546e-05   -1.8106145190e-09
  23.4900000   -2.0227469406e-03   -1.6148056899e-10   -5.6646890637e-04    1.1752941064e-09   -4.9973651610e-05   -1.0491229779e-09
  23.5000000   -2.0257010794e-03   -1.3474851444e-10   -5.6878853699e-04    9.2759717825e-10   -5.1989426137e-05   -2.7880227811e-10
  23.5100000   -2.0284293161e-03   -1.0304664541e-10   -5.7107003147e-04    7.2216942634e-10   -5.3956693314e-05    4.8846249495e-10
  23.5200000   -2.0309048015e-03   -6.7395640334e-11   -5.7330424405e-04    5.6321564340e-10   -5.5873943396e-05    1.2409316953e-09
  23.5300000   -2.0331070000e-03   -2.8998789169e-11   -5.7548361749e-04    4.5419927250e-10   -5.7740098822e-05    1.9672059287e-09
  23.5400000   -2.0350223339e-03    1.0801155895e-11   -5.7760234761e-04    3.9778476199e-10   -5.9554537150e-05    2.6563935529e-09
  23.5500000   -2.0366446427e-03    5.0607665847e-11   -5.7965649255e-04    3.9574967729e-10   -6.1317108244e-05    3.2983032003e-09
  23.5600000   -2.0379754416e-03    8.9012253793e-11   -5.8164402510e-04    4.4897283232e-10   -6.3028145199e-05    3.8836284421e-09
  23.5700000   -2.0390239688e-03    1.2463227735e-10   -5.8356482832e-04    5.5746169263e-10   -6.4688468542e-05    4.4040609313e-09
  23.5800000   -2.0398070188e-03    1.5621408904e-10   -5.8542063661e-04    7.2031144252e-10   -6.6299383464e-05    4.8524507504e-09
  23.5900000   -2.0403485620e-03    1.8264757067e-10   -5.8721492575e-04    9.3571051884e-10   -6.7862669746e-05    5.2229086865e-09
  23.6000000   -2.0406791609e-03    2.0303290439e-10   -5.8895275666e-04    1.2010514003e-09   -6.9380564409e-05    5.5108865339e-09
  23.6100000   -2.0408351971e-03    2.1668583565e-10   -5.9064057887e-04    1.5129226242e-09   -7.0855737020e-05    5.7132559871e-09
  23.6200000   -2.0408579281e-03    2.2321875118e-10   -5.9228600069e-04    1.8672675433e-09   -7.2291257938e-05    5.8283309028e-09
  23.6300000   -2.0407924014e-03    2.2249496419e-10   -5.9389753346e-04    2.2593992638e-09   -7.3690559595e-05    5.8558889832e-09
  23.6400000   -2.0406862540e-03    2.1465190161e-10   -5.9548431777e-04    2.6841249396e-09   -7.5057391465e-05    5.7971571042e-09
  23.6500000   -2.0405884311e-03    2.0010879586e-10   -5.9705584022e-04    3.1358822337e-09   -7.6395769100e-05    5.6547536303e-09
  23.6600000   -2.0405478605e-03    1.7952966522e-10   -5.9862164822e-04    3.6088479786e-09   -7.7709917978e-05    5.4326431668e-09
  23.6700000   -2.0406121188e-03    1.5377675773e-10   -6.0019107134e-04    4.0970363673e-09   -7.9004212924e-05    5.1360314736e-09
  23.6800000   -2.0408261277e-03    1.2389089478e-10   -6.0177295656e-04    4.5944394287e-09   -8.0283113987e-05    4.7712555343e-09
  23.6900000   -2.0412309186e-03    9.1018336037e-11   -6.0337542431e-04    5.0951022591e-09   -8.1551099723e-05    4.3456609976e-09
  23.7000000   -2.0418624975e-03    5.6386353652e-11   -6.0500565201e-04    5.5933063505e-09   -8.2812598997e-05    3.8674319642e-09
  23.7100000   -2.0427508461e-03    2.1205497813e-11   -6.0666969039e-04    6.0835735350e-09   -8.4071922294e-05    3.3454458393e-09
  23.7200000   -2.0439190852e-03   -1.3309962210e-11   -6.0837231714e-04    6.5608064352e-09   -8.5333193771e-05    2.7890903358e-09
  23.7300000   -2.0453828243e-03   -4.6073622302e-11   -6.1011693169e-04    7.0203543506e-09   -8.6600285124e-05    2.2080842745e-09
  23.7400000   -2.0471497174e-03   -7.6118865489e-11   -6.1190549343e-04    7.4580584026e-09   -8.7876752510e-05    1.6122906851e-09
  23.7500000   -2.0492192356e-03   -1.0265858632e-10   -6.1373850445e-04    7.8703043505e-09   -8.9165777541e-05    1.0115297363e-09
  23.7600000   -2.0515826643e-03   -1.2509203383e-10   -6.1561503734e-04    8.2540253562e-09   -9.0470113545e-05    4.1539947027e-10
  23.7700000   -2.0542233239e-03   -1.4303879010e-10   -6.1753280621e-04    8.6067359965e-09   -9.1792038023e-05   -1.6688614945e-10
  23.7800000   -2.0571170073e-03   -1.5630986772e-10   -6.1948827896e-04    8.9265179153e-09   -9.3133312316e-05   -7.2668700219e-10
  23.7900000   -2.0602326228e-03   -1.6496168025e-10   -6.2147682675e-04    9.2119906786e-09   -9.4495149182e-05   -1.2560536622e-09
  23.8000000   -2.0635330223e-03   -1.6921469253e-10   -6.2349290612e-04    9.4622980346e-09   -9.5878189206e-05   -1.7478903933e-09
  23.8100000   -2.0669759910e-03   -1.6946573608e-10   -6.2553026780e-04    9.6770623938e-09   -9.7282486379e-05   -2.1960314367e-09
  23.8200000   -2.0705153714e-03   -1.6624418874e-10   -6.2758218542e-04    9.8562926696e-09   -9.8707503435e-05   -2.5953678133e-09
  23.8300000   -2.0741022877e-03   -1.6017182207e-10   -6.2964169677e-04    1.0000397700e-08   -1.0015211719e-04   -2.9418843182e-09
  23.8400000   -2.0776864378e-03   -1.5191790453e-10   -6.3170184985e-04    1.0110042326e-08   -1.0161463386e-04   -3.2327161189e-09
  23.8500000   -2.0812174138e-03   -1.4215313273e-10   -6.3375594526e-04    1.0186134255e-08   -1.0309281448e-04   -3.4661704977e-09
  23.8600000   -2.0846460154e-03   -1.3151112343e-10   -6.3579776718e-04    1.0229749303e-08   -1.0458391002e-04   -3.6417088544e-09
  23.8700000   -2.0879255190e-03   -1.2055493871e-10   -6.3782179489e-04    1.0242058275e-08   -1.0608470576e-04   -3.7599100405e-09
  23.8800000   -2.0910128670e-03   -1.0974069717e-10   -6.3982338799e-04    1.0224268143e-08   -1.0759157454e-04   -3.8224308080e-09
  23.8900000   -2.0938697442e-03   -9.9399199889e-11   -6.4179893866e-04    1.0177574795e-08   -1.0910053784e-04   -3.8319073930e-09
  23.9000000   -2.0964635130e-03   -8.9697117781e-11   -6.4374598602e-04    1.0103112571e-08   -1.1060733399e-04   -3.7918791762e-09
  23.9100000   -2.0987679806e-03   -8.0653121748e-11   -6.4566328864e-04    1.0001926510e-08   -1.1210749239e-04   -3.7066571201e-09
  23.9200000   -2.1007639816e-03   -7.2178764382e-11   -6.4755085287e-04    9.8749458044e-09   -1.1359641259e-04   -3.5812018697e-09
  23.9300000   -2.1024397576e-03   -6.3996005733e-11   -6.4940991609e-04    9.7229209155e-09   -1.1506944689e-04   -3.4209746704e-09
  23.9400000   -2.1037911291e-03   -5.5737365917e-11   -6.5124288574e-04    9.5464929482e-09   -1.1652198518e-04   -3.2317792172e-09
  23.9500000   -2.1048214557e-03   -4.6980253288e-11   -6.5305323663e-04    9.3461446208e-09   -1.1794954065e-04   -3.0196395416e-09
  23.9600000   -2.1055413892e-03   -3.7227054236e-11   -6.5484537057e-04    9.1222313886e-09   -1.1934783475e-04   -2.7906071587e-09
  23.9700000   -2.1059684299e-03   -2.6023993328e-11   -6.5662444316e-04    8.8750048591e-09   -1.2071288005e-04   -2.5506305397e-09
  23.9800000   -2.1061263011e-03   -1.2922330190e-11   -6.5839616488e-04    8.6046434403e-09   -1.2204105955e-04   -2.3053931281e-09
  23.9900000   -2.1060441644e-03    2.4377520423e-12   -6.6016658315e-04    8.3112747851e-09   -1.2332920102e-04   -2.0601824729e-09
  24.0000000   -2.1057556981e-03    2.0293025988e-11   -6.6194185375e-04    7.9950304594e-09   -1.2457464491e-04   -1.8197758653e-09
  24.0100000   -2.1052980710e-03    4.0709912524e-11   -6.6372800929e-04    7.6561052704e-09   -1.2577530482e-04   -1.5883174748e-09
  24.0200000   -2.1047108402e-03    6.3600411534e-11   -6.6553073348e-04    7.2947906109e-09   -1.2692971904e-04   -1.3692361613e-09
  24.0300000   -2.1040348078e-03    8.8684282104e-11   -6.6735514815e-04    6.9115239552e-09   -1.2803709250e-04   -1.1651747156e-09
  24.0400000   -2.1033108688e-03    1.1549453226e-10   -6.6920562068e-04    6.5069209826e-09   -1.2909732802e-04   -9.7794070391e-10
  24.0500000   -2.1025788855e-03    1.4336415050e-10   -6.7108559773e-04    6.0818695651e-09   -1.3011104628e-04   -8.0848644795e-10
  24.0600000   -2.1018766181e-03    1.7149142893e-10   -6.7299747010e-04    5.6375322047e-09   -1.3107959394e-04   -6.5689720050e-10
  24.0700000   -2.1012387424e-03    1.9888994864e-10   -6.7494247274e-04    5.1753769849e-09   -1.3200503972e-04   -5.2243218447e-10
  24.0800000   -2.1006959805e-03    2.2450722162e-10   -6.7692062205e-04    4.6972068653e-09   -1.3289015819e-04   -4.0356279125e-10
  24.0900000   -2.1002743664e-03    2.4722682575e-10   -6.7893069140e-04    4.2052188304e-09   -1.3373840152e-04   -2.9803422442e-10
  24.1000000   -2.0999946650e-03    2.6590546307e-10   -6.8097022475e-04    3.7019408264e-09   -1.3455385929e-04   -2.0296770712e-10
  24.1100000   -2.0998719556e-03    2.7949788970e-10   -6.8303558639e-04    3.1902837818e-09   -1.3534120718e-04   -1.1496501815e-10
  24.1200000   -2.0999153895e-03    2.8699910223e-10   -6.8512204456e-04    2.6735731738e-09   -1.3610564499e-04   -3.0226279724e-11
  24.1300000   -2.1001281215e-03    2.8759594349e-10   -6.8722388480e-04    2.1553794181e-09   -1.3685282503e-04    5.5308253827e-11
  24.1400000   -2.1005074136e-03    2.8068123447e-10   -6.8933454937e-04    1.6396388743e-09   -1.3758877190e-04    1.4581441500e-10
  24.1500000   -2.1010449020e-03    2.6584705051e-10   -6.9144679738e-04    1.1305545129e-09   -1.3831979500e-04    2.4543684236e-10
  24.1600000   -2.1017270139e-03    2.4298789590e-10   -6.9355288111e-04    6.3255846729e-10   -1.3905239504e-04    3.5812763626e-10
  24.1700000   -2.1025355189e-03    2.1226836614e-10   -6.9564473314e-04    1.5020753925e-10   -1.3979316612e-04    4.8749537973e-10
  24.1800000   -2.1034481934e-03    1.7416369128e-10   -6.9771415964e-04   -3.1182039534e-10   -1.4054869490e-04    6.3667370034e-10
  24.1900000   -2.1044395748e-03    1.2942640294e-10   -6.9975303504e-04   -7.4882636010e-10   -1.4132545863e-04    8.0817629775e-10
  24.2000000   -2.1054817822e-03    7.9094872668e-11   -7.0175349385e-04   -1.1561470822e-09   -1.4212972363e-04    1.0037574303e-09
  24.2100000   -2.1065453770e-03    2.4423918408e-11   -7.0370811618e-04   -1.5292427863e-09   -1.4296744602e-04    1.2243389555e-09
  24.2200000   -2.1076002381e-03   -3.3120976038e-11   -7.0561010313e-04   -1.8638112390e-09   -1.4384417621e-04    1.4699041258e-09
  24.2300000   -2.1086164258e-03   -9.1920753036e-11   -7.0745343992e-04   -2.1557675372e-09   -1.4476496906e-04    1.7394327167e-09
  24.2400000   -2.1095650122e-03   -1.5024768333e-10   -7.0923304382e-04   -2.4014633276e-09   -1.4573430103e-04    2.0308755050e-09
  24.2500000   -2.1104188552e-03   -2.0636877675e-10   -7.1094489549e-04   -2.5976117908e-09   -1.4675599589e-04    2.3411300891e-09
  24.2600000   -2.1111532982e-03   -2.5857936700e-10   -7.1258615152e-04   -2.7414505322e-09   -1.4783316026e-04    2.6660612881e-09
  24.2700000   -2.1117467792e-03   -3.0526789242e-10   -7.1415523706e-04   -2.8307600561e-09   -1.4896813025e-04    3.0005461856e-09
  24.2800000   -2.1121813372e-03   -3.4496258188e-10   -7.1565191720e-04   -2.8639182627e-09   -1.5016243004e-04    3.3385403510e-09
  24.2900000   -2.1124430067e-03   -3.7642776215e-10   -7.1707734564e-04   -2.8399476047e-09   -1.5141674338e-04    3.6731756177e-09
  24.3000000   -2.1125220958e-03   -3.9866520161e-10   -7.1843408986e-04   -2.7585240786e-09   -1.5273089840e-04    3.9968819335e-09
  24.3100000   -2.1124133458e-03   -4.1098268884e-10   -7.1972613131e-04   -2.6200308861e-09   -1.5410386633e-04    4.3015437739e-09
  24.3200000   -2.1121159739e-03   -4.1301133796e-10   -7.2095883979e-04   -2.4254951599e-09   -1.5553377402e-04    4.5786557747e-09
  24.3300000   -2.1116336040e-03   -4.0469513900e-10   -7.2213892110e-04   -2.1766612172e-09   -1.5701793042e-04    4.8195031955e-09
  24.3400000   -2.1109740939e-03   -3.8632212894e-10   -7.2327433706e-04   -1.8758978800e-09   -1.5855286645e-04    5.0153878284e-09
  24.3500000   -2.1101492661e-03   -3.5849669716e-10   -7.2437419785e-04   -1.5261903995e-09   -1.6013438797e-04    5.1578003362e-09
  24.3600000   -2.1091745570e-03   -3.2209291187e-10   -7.2544862652e-04   -1.1311312171e-09   -1.6175764072e-04    5.2386589023e-09
  24.3700000   -2.1080685942e-03   -2.7828228764e-10   -7.2650859635e-04   -6.9476928911e-10   -1.6341718663e-04    5.2505111969e-09
  24.3800000   -2.1068527178e-03   -2.2840867649e-10   -7.2756574239e-04   -2.2162558239e-10   -1.6510709003e-04    5.1867584908e-09
  24.3900000   -2.1055504573e-03   -1.7399284425e-10   -7.2863214953e-04    2.8340464201e-10   -1.6682101248e-04    5.0418393913e-09
  24.4000000   -2.1041869808e-03   -1.1665695125e-10   -7.2972011960e-04    8.1515141560e-10   -1.6855231476e-04    4.8114314969e-09
  24.4100000   -2.1027885258e-03   -5.8060651888e-11   -7.3084192188e-04    1.3682356237e-09   -1.7029416433e-04    4.4926147037e-09
  24.4200000   -2.1013818289e-03    1.4010623795e-13   -7.3200953159e-04    1.9371797468e-09   -1.7203964641e-04    4.0840247239e-09
  24.4300000   -2.0999935616e-03    5.6396229090e-11   -7.3323436181e-04    2.5164637079e-09   -1.7378187709e-04    3.5859627635e-09
  24.4400000   -2.0986497855e-03    1.0923560417e-10   -7.3452699546e-04    3.1006406550e-09   -1.7551411634e-04    3.0004965712e-09
  24.4500000   -2.0973754353e-03    1.5739602386e-10   -7.3589692394e-04    3.6844263099e-09   -1.7722987920e-04    2.3315120679e-09
  24.4600000   -2.0961938365e-03    1.9980656172e-10   -7.3735229976e-04    4.2627292793e-09   -1.7892304328e-04    1.5847352691e-09
  24.4700000   -2.0951262667e-03    2.3564748140e-10   -7.3889971065e-04    4.8307668682e-09   -1.8058795067e-04    7.6771704070e-10
  24.4800000   -2.0941915632e-03    2.6434314653e-10   -7.4054398196e-04    5.3841192561e-09   -1.8221950265e-04   -1.1022088085e-10
  24.4900000   -2.0934057849e-03    2.8559156366e-10   -7.4228801451e-04    5.9187297211e-09   -1.8381324546e-04   -1.0380834584e-09
  24.5000000   -2.0927819282e-03    2.9933862144e-10   -7.4413266362e-04    6.4310262237e-09   -1.8536544578e-04   -2.0033232084e-09
  24.5100000   -2.0923297027e-03    3.0578516295e-10   -7.4607666453e-04    6.9178504807e-09   -1.8687315454e-04   -2.9920146919e-09
  24.5200000   -2.0920553672e-03    3.0535337571e-10   -7.4811660782e-04    7.3765467889e-09   -1.8833425789e-04   -3.9890536359e-09
  24.5300000   -2.0919616280e-03    2.9866934635e-10   -7.5024696734e-04    7.8049225534e-09   -1.8974751460e-04   -4.9783937986e-09
  24.5400000   -2.0920475996e-03    2.8650336342e-10   -7.5246018139e-04    8.2012783079e-09   -1.9111257898e-04   -5.9433018587e-09
  24.5500000   -2.0923088293e-03    2.6976403610e-10   -7.5474678620e-04    8.5642937270e-09   -1.9243000900e-04   -6.8666524980e-09
  24.5600000   -2.0927373845e-03    2.4939760614e-10   -7.5709559917e-04    8.8931027222e-09   -1.9370125944e-04   -7.7312187873e-09
  24.5700000   -2.0933220027e-03    2.2639930433e-10   -7.5949394767e-04    9.1872237479e-09   -1.9492865999e-04   -8.5200014381e-09
  24.5800000   -2.0940483017e-03    2.0175439795e-10   -7.6192793761e-04    9.4464629570e-09   -1.9611537876e-04   -9.2165439426e-09
  24.5900000   -2.0948990496e-03    1.7638331660e-10   -7.6438275477e-04    9.6709413829e-09   -1.9726537158e-04   -9.8052653070e-09
  24.6000000   -2.0958544899e-03    1.5112358655e-10   -7.6684299058e-04    9.8609653667e-09   -1.9838331805e-04   -1.0271780881e-08
  24.6100000   -2.0968927188e-03    1.2667786207e-10   -7.6929298358e-04    1.0017067172e-08   -1.9947454517e-04   -1.0603205035e-08
  24.6200000   -2.0979901094e-03    1.0363473220e-10   -7.7171716692e-04    1.0139855752e-08   -2.0054493996e-04   -1.0788447823e-08
  24.6300000   -2.0991217761e-03    8.2413227926e-11   -7.7410041225e-04    1.0230053445e-08   -2.0160085238e-04   -1.0818485144e-08
  24.6400000   -2.1002620734e-03    6.3265177071e-11   -7.7642836069e-04    1.0288432631e-08   -2.0264899011e-04   -1.0686589857e-08
  24.6500000   -2.1013851181e-03    4.6279689896e-11   -7.7868773185e-04    1.0315755751e-08   -2.0369630696e-04   -1.0388555445e-08
  24.6600000   -2.1024653272e-03    3.1402346421e-11   -7.8086660267e-04    1.0312775400e-08   -2.0474988675e-04   -9.9228306706e-09
  24.6700000   -2.1034779602e-03    1.8432723807e-11   -7.8295464935e-04    1.0280226412e-08   -2.0581682458e-04   -9.2906599611e-09
  24.6800000   -2.1043996529e-03    7.0879502218e-12   -7.8494334620e-04    1.0218787463e-08   -2.0690410736e-04   -8.4961494515e-09
  24.6900000   -2.1052089319e-03   -3.0423271621e-12   -7.8682611746e-04    1.0129111596e-08   -2.0801849571e-04   -7.5462863181e-09
  24.7000000   -2.1058866966e-03   -1.2395154115e-11   -7.8859843922e-04    1.0011792798e-08   -2.0916640909e-04   -6.4509165414e-09
  24.7100000   -2.1064166549e-03   -2.1459689197e-11   -7.9025789030e-04    9.8674363162e-09   -2.1035381617e-04   -5.2226519737e-09
  24.7200000   -2.1067857022e-03   -3.0698062171e-11   -7.9180415257e-04    9.6966127178e-09   -2.1158613214e-04   -3.8767432317e-09
  24.7300000   -2.1069842304e-03   -4.0546149749e-11   -7.9323896251e-04    9.4999256807e-09   -2.1286812479e-04   -2.4308956641e-09
  24.7400000   -2.1070063573e-03   -5.1350578886e-11   -7.9456601735e-04    9.2780431939e-09   -2.1420383088e-04   -9.0500942042e-10
  24.7500000   -2.1068500676e-03   -6.3405921702e-11   -7.9579084023e-04    9.0316927503e-09   -2.1559648415e-04    6.7906394018e-10
  24.7600000   -2.1065172591e-03   -7.6859801921e-11   -7.9692060968e-04    8.7617125174e-09   -2.1704845634e-04    2.2978772527e-09
  24.7700000   -2.1060136885e-03   -9.1766732094e-11   -7.9796395962e-04    8.4690663987e-09   -2.1856121197e-04    3.9267364581e-09
  24.7800000   -2.1053488173e-03   -1.0801651421e-10   -7.9893075633e-04    8.1548362122e-09   -2.2013527793e-04    5.5400917068e-09
  24.7900000   -2.1045355564e-03   -1.2537172340e-10   -7.9983185942e-04    7.8203067645e-09   -2.2177022806e-04    7.1119489129e-09
  24.8000000   -2.1035899151e-03   -1.4348528001e-10   -8.0067887345e-04    7.4669021353e-09   -2.2346468332e-04    8.6163295140e-09
  24.8100000   -2.1025305620e-03   -1.6187204419e-10   -8.0148389707e-04    7.0962526342e-09   -2.2521632738e-04    1.0027683319e-08
  24.8200000   -2.1013783057e-03   -1.7996895234e-10   -8.0225927566e-04    6.7101322051e-09   -2.2702193733e-04    1.1321350015e-08
  24.8300000   -2.1001555104e-03   -1.9712518192e-10   -8.0301736343e-04    6.3104950677e-09   -2.2887742916e-04    1.2474013964e-08
  24.8400000   -2.0988854599e-03   -2.1262188500e-10   -8.0377029994e-04    5.8994655086e-09   -2.3077791720e-04    1.3464102675e-08
  24.8500000   -2.0975916879e-03   -2.2575542366e-10   -8.0452980531e-04    5.4792365809e-09   -2.3271778649e-04    1.4272225971e-08
  24.8600000   -2.0962972926e-03   -2.3581378786e-10   -8.0530699763e-04    5.0521626806e-09   -2.3469077701e-04    1.4881527735e-08
  24.8700000   -2.0950242558e-03   -2.4212456087e-10   -8.0611223532e-04    4.6206555914e-09   -2.3669007815e-04    1.5278033173e-08
  24.8800000   -2.0937927866e-03   -2.4409965357e-10   -8.0695498603e-04    4.1871783939e-09   -2.3870843232e-04    1.5450950536e-08
  24.8900000   -2.0926207082e-03   -2.4124998683e-10   -8.0784372347e-04    3.7542003924e-09   -2.4073824542e-04    1.5392916683e-08
  24.9000000   -2.0915229082e-03   -2.3320497896e-10   -8.0878585200e-04    3.3242289467e-09   -2.4277170279e-04    1.5100181539e-08
  24.9100000   -2.0905108691e-03   -2.1973804247e-10   -8.0978765902e-04    2.8996657857e-09   -2.4480088862e-04    1.4572756932e-08
  24.9200000   -2.0895922942e-03   -2.0083604818e-10   -8.1085429370e-04    2.4829117847e-09   -2.4681790681e-04    1.3814462670e-08
  24.9300000   -2.0887708410e-03   -1.7658637007e-10   -8.1198977070e-04    2.0762790479e-09   -2.4881500133e-04    1.2832961472e-08
  24.9400000   -2.0880459723e-03   -1.4730516731e-10   -8.1319699660e-04    1.6820008781e-09   -2.5078467426e-04    1.1639672391e-08
  24.9500000   -2.0874129314e-03   -1.1346034787e-10   -8.1447781687e-04    1.3022255289e-09   -2.5271979933e-04    1.0249665931e-08
  24.9600000   -2.0868628423e-03   -7.5705408140e-11   -8.1583307998e-04    9.3900620753e-10   -2.5461372946e-04    8.6814582952e-09
  24.9700000   -2.0863829348e-03   -3.4824117990e-11   -8.1726271611e-04    5.9431145400e-10   -2.5646039629e-04    6.9567651524e-09
  24.9800000   -2.0859568883e-03    8.2565239050e-12   -8.1876582697e-04    2.7003774110e-10   -2.5825440027e-04    5.1001817872e-09
  24.9900000   -2.0855652858e-03    5.2506160547e-11   -8.2034078321e-04   -3.1972704658e-11   -2.5999108988e-04    3.1388369332e-09
  25.0000000   -2.0851861646e-03    9.6807380776e-11   -8.2198532621e-04   -3.0996212811e-10   -2.6166662869e-04    1.1019537090e-09
  25.0100000   -2.0847956494e-03    1.3999622162e-10   -8.2369667077e-04   -5.6215892252e-10   -2.6327804925e-04   -9.7958388796e-10
  25.0200000   -2.0843686479e-03    1.8091733084e-10   -8.2547160517e-04   -7.8686255417e-10   -2.6482329297e-04   -3.0737342752e-09
  25.0300000   -2.0838795889e-03    2.1842390797e-10   -8.2730658598e-04   -9.8236303352e-10   -2.6630123553e-04   -5.1478032237e-09
  25.0400000   -2.0833031805e-03    2.5140878699e-10   -8.2919782427e-04   -1.1469633253e-09   -2.6771169728e-04   -7.1690031291e-09
  25.0500000   -2.0826151662e-03    2.7886587816e-10   -8.3114136108e-04   -1.2789734166e-09   -2.6905543875e-04   -9.1049536127e-09
  25.0600000   -2.0817930545e-03    2.9990172650e-10   -8.3313312986e-04   -1.3767242844e-09   -2.7033414127e-04   -1.0924253190e-08
  25.0700000   -2.0808168000e-03    3.1378294887e-10   -8.3516900457e-04   -1.4385429428e-09   -2.7155037317e-04   -1.2597002973e-08
  25.0800000   -2.0796694145e-03    3.1993269858e-10   -8.3724483203e-04   -1.4628901792e-09   -2.7270754217e-04   -1.4095309173e-08
  25.0900000   -2.0783374892e-03    3.1794295766e-10   -8.3935644882e-04   -1.4482440208e-09   -2.7380983483e-04   -1.5393778191e-08
  25.1000000   -2.0768116097e-03    3.0765274775e-10   -8.4149968225e-04   -1.3932344171e-09   -2.7486214411e-04   -1.6469950534e-08
  25.1100000   -2.0750866520e-03    2.8908057090e-10   -8.4367033708e-04   -1.2966977871e-09   -2.7586998625e-04   -1.7304707102e-08
  25.1200000   -2.0731619476e-03    2.6246973663e-10   -8.4586416919e-04   -1.1576638844e-09   -2.7683940839e-04   -1.7882611871e-08
  25.1300000   -2.0710413131e-03    2.2829848824e-10   -8.4807684871e-04   -9.7542105269e-10   -2.7777688859e-04   -1.8192203189e-08
  25.1400000   -2.0687329405e-03    1.8722048710e-10   -8.5030391531e-04   -7.4964868850e-10   -2.7868922972e-04   -1.8226211784e-08
  25.1500000   -2.0662491528e-03    1.4011476730e-10   -8.5254072935e-04   -4.8039815790e-10   -2.7958344908e-04   -1.7981736903e-08
  25.1600000   -2.0636060292e-03    8.8029217416e-11   -8.5478242211e-04   -1.6819094475e-10   -2.8046666564e-04   -1.7460294859e-08
  25.1700000   -2.0608229125e-03    3.2186581034e-11   -8.5702384946e-04    1.8596905169e-10   -2.8134598657e-04   -1.6667866433e-08
  25.1800000   -2.0579218127e-03   -2.6060570262e-11   -8.5925955282e-04    5.8056238852e-10   -2.8222839494e-04   -1.5614809091e-08
  25.1900000   -2.0549267255e-03   -8.5260746685e-11   -8.6148373123e-04    1.0134479839e-09   -2.8312064046e-04   -1.4315725358e-08
  25.2000000   -2.0518628857e-03   -1.4386425886e-10   -8.6369022838e-04    1.4819209316e-09   -2.8402913494e-04   -1.2789260448e-08
  25.2100000   -2.0487559813e-03   -2.0029276546e-10   -8.6587253747e-04    1.9827121474e-09   -2.8495985408e-04   -1.1057805437e-08
  25.2200000   -2.0456313510e-03   -2.5293530438e-10   -8.6802382657e-04    2.5119233147e-09   -2.8591824723e-04   -9.1471837933e-09
  25.2300000   -2.0425131937e-03   -3.0023035260e-10   -8.7013698635e-04    3.0651152681e-09   -2.8690915633e-04   -7.0862288296e-09
  25.2400000   -2.0394238137e-03   -3.4066308182e-10   -8.7220470053e-04    3.6373589283e-09   -2.8793674547e-04   -4.9063286164e-09
  25.2500000   -2.0363829298e-03   -3.7284905397e-10   -8.7421953971e-04    4.2232568621e-09   -2.8900444196e-04   -2.6409616724e-09
  25.2600000   -2.0334070689e-03   -3.9552231219e-10   -8.7617407664e-04    4.8170398152e-09   -2.9011488985e-04   -3.2512224541e-10
  25.2700000   -2.0305090681e-03   -4.0761021025e-10   -8.7806102118e-04    5.4126168824e-09   -2.9126991643e-04    2.0052162287e-09
  25.2800000   -2.0276977013e-03   -4.0822709534e-10   -8.7987337168e-04    6.0037087685e-09   -2.9247051243e-04    4.3136906855e-09
  25.2900000   -2.0249774461e-03   -3.9678674303e-10   -8.8160457874e-04    6.5839563798e-09   -2.9371682570e-04    6.5641200744e-09
  25.3000000   -2.0223483985e-03   -3.7292227227e-10   -8.8324871657e-04    7.1469756329e-09   -2.9500816876e-04    8.7211183042e-09
  25.3100000   -2.0198063425e-03   -3.3661708886e-10   -8.8480065639e-04    7.6865163252e-09   -2.9634303981e-04    1.0750641194e-08
  25.3200000   -2.0173429719e-03   -2.8815076312e-10   -8.8625623635e-04    8.1965395349e-09   -2.9771915674e-04    1.2620557193e-08
  25.3300000   -2.0149462603e-03   -2.2812334564e-10   -8.8761242165e-04    8.6713710491e-09   -2.9913350362e-04    1.4301175606e-08
  25.3400000   -2.0126009665e-03   -1.5749237148e-10   -8.8886744932e-04    9.1057353312e-09   -3.0058238860e-04    1.5765708733e-08
  25.3500000   -2.0102892605e-03   -7.7555291409e-11   -8.9002095178e-04    9.4948919896e-09   -3.0206151260e-04    1.6990734774e-08
  25.3600000   -2.0079914489e-03    1.0062605158e-11   -8.9107405417e-04    9.8347085563e-09   -3.0356604718e-04    1.7956567890e-08
  25.3700000   -2.0056867753e-03    1.0347052547e-10   -8.9202944115e-04    1.0121715057e-08   -3.0509072058e-04    1.8647587628e-08
  25.3800000   -2.0033542672e-03    2.0046691783e-10   -8.9289138956e-04    1.0353163898e-08   -3.0662991032e-04    1.9052489107e-08
  25.3900000   -2.0009736005e-03    2.9864417878e-10   -8.9366576466e-04    1.0527046887e-08   -3.0817774103e-04    1.9164475991e-08
  25.4000000   -1.9985259485e-03    3.9540243145e-10   -8.9435997849e-04    1.0642102488e-08   -3.0972818566e-04    1.8981369051e-08
  25.4100000   -1.9959947859e-03    4.8802189624e-10   -8.9498291047e-04    1.0697884487e-08   -3.1127516866e-04    1.8505654101e-08
  25.4200000   -1.9933666153e-03    5.7373578353e-10   -8.9554479108e-04    1.0694674934e-08   -3.1281266934e-04    1.7744424736e-08
  25.4300000   -1.9906315885e-03    6.4977807672e-10   -8.9605705111e-04    1.0633459228e-08   -3.1433482381e-04    1.6709295912e-08
  25.4400000   -1.9877839974e-03    7.1350317766e-10   -8.9653213955e-04    1.0515939882e-08   -3.1583602384e-04    1.5416198056e-08
  25.4500000   -1.9848226134e-03    7.6244040817e-10   -8.9698331459e-04    1.0344472262e-08   -3.1731101119e-04    1.3885133197e-08
  25.4600000   -1.9817508582e-03    7.9437459575e-10   -8.9742441255e-04    1.0121922159e-08   -3.1875496572e-04    1.2139841115e-08
  25.4700000   -1.9785767974e-03    8.0744483051e-10   -8.9786960054e-04    9.8516835929e-09   -3.2016358622e-04    1.0207444805e-08
  25.4800000   -1.9753129525e-03    8.0019782509e-10   -8.9833311875e-04    9.5376132044e-09   -3.2153316234e-04    8.1179820058e-09
  25.4900000   -1.9719759328e-03    7.7168145455e-10   -8.9882901860e-04    9.1838817818e-09   -3.2286063687e-04    5.9039544357e-09
  25.5000000   -1.9685858995e-03    7.2146545277e-10   -8.9937090292e-04    8.7949556882e-09   -3.2414365714e-04    3.5997870481e-09
  25.5100000   -1.9651658758e-03    6.4972268113e-10   -8.9997167435e-04    8.3755166395e-09   -3.2538061495e-04    1.2412965936e-09
  25.5200000   -1.9617409261e-03    5.5723438420e-10   -9.0064329727e-04    7.9303698299e-09   -3.2657067438e-04   -1.1348966169e-09
  25.5300000   -1.9583372326e-03    4.4540744104e-10   -9.0139657882e-04    7.4643823102e-09   -3.2771378697e-04   -3.4919340074e-09
  25.5400000   -1.9549811010e-03    3.1627882138e-10   -9.0224097301e-04    6.9824568352e-09   -3.2881069433e-04   -5.7933092270e-09
  25.5500000   -1.9516979315e-03    1.7244821372e-10   -9.0318441218e-04    6.4894258523e-09   -3.2986291781e-04   -8.0034528059e-09
  25.5600000   -1.9485111926e-03    1.7107742504e-11   -9.0423316846e-04    5.9900690688e-09   -3.3087273585e-04   -1.0088267665e-08
  25.5700000   -1.9454414370e-03   -1.4612076943e-10   -9.0539174773e-04    5.4890144707e-09   -3.3184314898e-04   -1.2015686534e-08
  25.5800000   -1.9425053982e-03   -3.1319391575e-10   -9.0666281722e-04    4.9907372909e-09   -3.3277783331e-04   -1.3756168201e-08
  25.5900000   -1.9397152026e-03   -4.7981827536e-10   -9.0804716776e-04    4.4995182951e-09   -3.3368108318e-04   -1.5283142788e-08
  25.6000000   -1.9370777310e-03   -6.4149934384e-10   -9.0954371041e-04    4.0194425514e-09   -3.3455774393e-04   -1.6573431579e-08
  25.6100000   -1.9345941577e-03   -7.9371370050e-10   -9.1114950664e-04    3.5543681957e-09   -3.3541313573e-04   -1.7607591535e-08
  25.6200000   -1.9322596873e-03   -9.3205222476e-10   -9.1285983130e-04    3.1078992894e-09   -3.3625296984e-04   -1.8370218641e-08
  25.6300000   -1.9300635058e-03   -1.0523204452e-09   -9.1466826599e-04    2.6834276440e-09   -3.3708325852e-04   -1.8850157708e-08
  25.6400000   -1.9279889537e-03   -1.1507152675e-09   -9.1656682087e-04    2.2840574465e-09   -3.3791022003e-04   -1.9040689708e-08
  25.6500000   -1.9260139179e-03   -1.2239277049e-09   -9.1854608247e-04    1.9126168781e-09   -3.3874018023e-04   -1.8939586429e-08
  25.6600000   -1.9241114365e-03   -1.2692710616e-09   -9.2059538421e-04    1.5716763394e-09   -3.3957947231e-04   -1.8549153557e-08
  25.6700000   -1.9222504973e-03   -1.2847872119e-09   -9.2270299665e-04    1.2635370619e-09   -3.4043433617e-04   -1.7876150854e-08
  25.6800000   -1.9203970056e-03   -1.2693487937e-09   -9.2485633414e-04    9.9015583676e-10   -3.4131081917e-04   -1.6931699819e-08
  25.6900000   -1.9185148909e-03   -1.2226913606e-09   -9.2704217410e-04    7.5326947558e-10   -3.4221467967e-04   -1.5731058564e-08
  25.7000000   -1.9165673130e-03   -1.1454336601e-09   -9.2924688534e-04    5.5420671511e-10   -3.4315129492e-04   -1.4293383577e-08
  25.7100000   -1.9145179280e-03   -1.0391383213e-09   -9.3145666152e-04    3.9406608779e-10   -3.4412557473e-04   -1.2641408625e-08
  25.7200000   -1.9123321663e-03   -9.0621025575e-10   -9.3365775593e-04    2.7354933253e-10   -3.4514188241e-04   -1.0801072711e-08
  25.7300000   -1.9099784791e-03   -7.4994835288e-10   -9.3583671334e-04    1.9302890640e-10   -3.4620396397e-04   -8.8011043411e-09
  25.7400000   -1.9074295048e-03   -5.7432362800e-10   -9.3798059542e-04    1.5252774336e-10   -3.4731488702e-04   -6.6725595419e-09
  25.7500000   -1.9046631115e-03   -3.8399542448e-10   -9.4007719538e-04    1.5173437354e-10   -3.4847699008e-04   -4.4483314872e-09
