# thinned to dt=0.05 from the every-step stream; the last 1 time units are kept whole (the death window)
  60.0100000    8.6097011054e+00    3.5156250000e+00   -2.4843750000e+00    0.0000000000e+00    4.3220385580e-01    5.0528725121e-01   -3.5156250000e+00    2.4843750000e+00    0.0000000000e+00    4.3242226499e-01    5.0534668178e-01    1.0000000000e+30    0.0000000000e+00    1.0000000000e+30    0.0000000000e+00    1.0000000000e+30    0.0000000000e+00
  60.0600000    6.1635677018e-02    3.1250000000e-02    1.4740566038e-04    0.0000000000e+00    1.0000000000e-04    1.6509294846e-02   -3.0330882353e-02   -2.4509803922e-03    0.0000000000e+00    1.0000000000e-04    1.8150429773e-02    1.0000000000e+30    0.0000000000e+00    1.0000000000e+30    0.0000000000e+00    1.0000000000e+30    0.0000000000e+00
  60.1100000    6.2466371425e-02    3.0580357143e-02    4.8363095238e-03    0.0000000000e+00    1.0000000000e-04    1.6040969586e-02   -2.9496173469e-02   -1.2276785714e-02    0.0000000000e+00    1.0000000000e-04    1.7670320367e-02    1.0000000000e+30    0.0000000000e+00    1.0000000000e+30    0.0000000000e+00    1.0000000000e+30    0.0000000000e+00
  60.1600000    6.1370310847e-02    3.0943627451e-02    3.2169117647e-03    0.0000000000e+00    1.0000000000e-04    1.5831759082e-02   -2.9592803030e-02   -6.8655303030e-03    0.0000000000e+00    1.0000000000e-04    1.7485400960e-02    1.0000000000e+30    0.0000000000e+00    1.0000000000e+30    0.0000000000e+00    1.0000000000e+30    0.0000000000e+00
  60.2100000    5.9454432989e-02    3.0156250000e-02    2.9687500000e-03    0.0000000000e+00    1.0000000000e-04    1.5863976415e-02   -2.8865131579e-02   -4.1940789474e-03    0.0000000000e+00    1.0000000000e-04    1.7557216179e-02    1.0000000000e+30    0.0000000000e+00    1.0000000000e+30    0.0000000000e+00    1.0000000000e+30    0.0000000000e+00
  60.2600000    5.9990005624e-02    3.0484068627e-02    2.1446078431e-03    0.0000000000e+00    1.0000000000e-04    1.6116115420e-02   -2.8362771739e-02   -9.5108695652e-03    0.0000000000e+00    1.0000000000e-04    1.7859300934e-02    1.0000000000e+30    0.0000000000e+00    1.0000000000e+30    0.0000000000e+00    1.0000000000e+30    0.0000000000e+00
  60.3100000    6.0019496161e-02    3.0000000000e-02    4.8437500000e-03    0.0000000000e+00    1.0000000000e-04    1.6561638216e-02   -2.8192934783e-02   -9.8505434783e-03    0.0000000000e+00    1.0000000000e-04    1.8365079842e-02    1.0000000000e+30    0.0000000000e+00    1.0000000000e+30    0.0000000000e+00    1.0000000000e+30    0.0000000000e+00
  60.3600000    6.1930267866e-02    2.8700657895e-02    1.0937500000e-02    0.0000000000e+00    1.0000000000e-04    1.6561200609e-02   -2.8477822581e-02   -1.2852822581e-02    0.0000000000e+00    1.0000000000e-04    1.8212154881e-02    1.0000000000e+30    0.0000000000e+00    1.0000000000e+30    0.0000000000e+00    1.0000000000e+30    0.0000000000e+00
  60.4100000    6.0133307599e-02    2.8872282609e-02    8.6616847826e-03    0.0000000000e+00    1.0000000000e-04    1.6215399226e-02   -2.8760302198e-02   -8.4993131868e-03    0.0000000000e+00    1.0000000000e-04    1.7887484156e-02    1.0000000000e+30    0.0000000000e+00    1.0000000000e+30    0.0000000000e+00    1.0000000000e+30    0.0000000000e+00
  60.4600000    5.9693156377e-02    2.8872282609e-02    8.6616847826e-03    0.0000000000e+00    1.0000000000e-04    1.6078632870e-02   -2.8298611111e-02   -8.5069444444e-03    0.0000000000e+00    1.0000000000e-04    1.7784425215e-02    1.0000000000e+30    0.0000000000e+00    1.0000000000e+30    0.0000000000e+00    1.0000000000e+30    0.0000000000e+00
  60.5100000    6.0678200842e-02    2.8819444444e-02    9.0277777778e-03    0.0000000000e+00    1.0000000000e-04    1.6139199628e-02   -2.8528792135e-02   -1.0797050562e-02    0.0000000000e+00    1.0000000000e-04    1.7889079582e-02    1.0000000000e+30    0.0000000000e+00    1.0000000000e+30    0.0000000000e+00    1.0000000000e+30    0.0000000000e+00
  60.5600000    5.9422937980e-02    2.8409090909e-02    8.7002840909e-03    0.0000000000e+00    1.0000000000e-04    1.6391257995e-02   -2.8409090909e-02   -8.7002840909e-03    0.0000000000e+00    1.0000000000e-04    1.8194782453e-02    1.0000000000e+30    0.0000000000e+00    1.0000000000e+30    0.0000000000e+00    1.0000000000e+30    0.0000000000e+00
  60.6100000    6.0154174906e-02    2.8941761364e-02    7.1022727273e-03    0.0000000000e+00    1.0000000000e-04    1.6825813837e-02   -2.8466235632e-02   -1.0865660920e-02    0.0000000000e+00    1.0000000000e-04    1.8690218338e-02    1.0000000000e+30    0.0000000000e+00    1.0000000000e+30    0.0000000000e+00    1.0000000000e+30    0.0000000000e+00
  60.6600000    6.1255854388e-02    2.9005028736e-02    9.2492816092e-03    0.0000000000e+00    1.0000000000e-04    1.7247897632e-02   -2.8273809524e-02   -1.2462797619e-02    0.0000000000e+00    1.0000000000e-04    1.8929018729e-02    1.0000000000e+30    0.0000000000e+00    1.0000000000e+30    0.0000000000e+00    1.0000000000e+30    0.0000000000e+00
  60.7100000    6.0934923343e-02    2.8952205882e-02    9.0992647059e-03    0.0000000000e+00    1.0000000000e-04    1.6808241456e-02   -2.8645833333e-02   -1.0788690476e-02    0.0000000000e+00    1.0000000000e-04    1.8515566263e-02    1.0000000000e+30    0.0000000000e+00    1.0000000000e+30    0.0000000000e+00    1.0000000000e+30    0.0000000000e+00
  60.7600000    6.2298029295e-02    2.8645833333e-02    1.0788690476e-02    0.0000000000e+00    1.0000000000e-04    1.6562028610e-02   -2.8896837349e-02   -1.3083584337e-02    0.0000000000e+00    1.0000000000e-04    1.8307252409e-02    1.0000000000e+30    0.0000000000e+00    1.0000000000e+30    0.0000000000e+00    1.0000000000e+30    0.0000000000e+00
  60.8100000    6.3441544367e-02    2.8896837349e-02    1.3083584337e-02    0.0000000000e+00    1.0000000000e-04    1.6507018396e-02   -2.8896837349e-02   -1.3083584337e-02    0.0000000000e+00    1.0000000000e-04    1.8300714548e-02    1.0000000000e+30    0.0000000000e+00    1.0000000000e+30    0.0000000000e+00    1.0000000000e+30    0.0000000000e+00
  60.8600000    6.3441544367e-02    2.8896837349e-02    1.3083584337e-02    0.0000000000e+00    1.0000000000e-04    1.6639599062e-02   -2.8896837349e-02   -1.3083584337e-02    0.0000000000e+00    1.0000000000e-04    1.8490963875e-02    1.0000000000e+30    0.0000000000e+00    1.0000000000e+30    0.0000000000e+00    1.0000000000e+30    0.0000000000e+00
  60.9100000    6.4261562557e-02    3.0026355422e-02    1.1389307229e-02    0.0000000000e+00    1.0000000000e-04    1.6955403886e-02   -2.8645833333e-02   -1.4823717949e-02    0.0000000000e+00    1.0000000000e-04    1.8872039207e-02    1.0000000000e+30    0.0000000000e+00    1.0000000000e+30    0.0000000000e+00    1.0000000000e+30    0.0000000000e+00
  60.9600000    6.4376487715e-02    2.9766613924e-02    1.5130537975e-02    0.0000000000e+00    1.0000000000e-04    1.7449771038e-02   -2.7960526316e-02   -1.3363486842e-02    0.0000000000e+00    1.0000000000e-04    1.9437550326e-02    1.0000000000e+30    0.0000000000e+00    1.0000000000e+30    0.0000000000e+00    1.0000000000e+30    0.0000000000e+00
  61.0100000    6.4746419144e-02    3.0273437500e-02    1.4453125000e-02    0.0000000000e+00    1.0000000000e-04    1.8114622694e-02   -2.8577302632e-02   -1.2541118421e-02    0.0000000000e+00    1.0000000000e-04    1.9841219180e-02    1.0000000000e+30    0.0000000000e+00    1.0000000000e+30    0.0000000000e+00    1.0000000000e+30    0.0000000000e+00
  61.0600000    6.8124554600e-02    3.0767746914e-02    1.5914351852e-02    0.0000000000e+00    1.0000000000e-04    1.7616903669e-02   -2.9399671053e-02   -1.6036184211e-02    0.0000000000e+00    1.0000000000e-04    1.9384531153e-02    1.0000000000e+30    0.0000000000e+00    1.0000000000e+30    0.0000000000e+00    1.0000000000e+30    0.0000000000e+00
  61.1100000    7.0387310456e-02    3.1054687500e-02    1.8164062500e-02    0.0000000000e+00    1.0000000000e-04    1.7307340390e-02   -2.9399671053e-02   -1.7886513158e-02    0.0000000000e+00    1.0000000000e-04    1.9127099944e-02    1.0000000000e+30    0.0000000000e+00    1.0000000000e+30    0.0000000000e+00    1.0000000000e+30    0.0000000000e+00
  61.1600000    7.0659437283e-02    2.9931006494e-02    1.8770292208e-02    0.0000000000e+00    1.0000000000e-04    1.7185475060e-02   -2.9931006494e-02   -1.8770292208e-02    0.0000000000e+00    1.0000000000e-04    1.9067268172e-02    1.0000000000e+30    0.0000000000e+00    1.0000000000e+30    0.0000000000e+00    1.0000000000e+30    0.0000000000e+00
  61.2100000    7.0907015460e-02    3.0742694805e-02    1.7552759740e-02    0.0000000000e+00    1.0000000000e-04    1.7250177338e-02   -3.0104166667e-02   -1.8854166667e-02    0.0000000000e+00    1.0000000000e-04    1.9202490477e-02    1.0000000000e+30    0.0000000000e+00    1.0000000000e+30    0.0000000000e+00    1.0000000000e+30    0.0000000000e+00
  61.2600000    6.9554541910e-02    3.0616554054e-02    1.5625000000e-02    0.0000000000e+00    1.0000000000e-04    1.7499921971e-02   -2.9464285714e-02   -1.9419642857e-02    0.0000000000e+00    1.0000000000e-04    1.9529702568e-02    1.0000000000e+30    0.0000000000e+00    1.0000000000e+30    0.0000000000e+00    1.0000000000e+30    0.0000000000e+00
  61.3100000    7.1060728708e-02    3.0714897260e-02    1.7872431507e-02    0.0000000000e+00    1.0000000000e-04    1.7933002746e-02   -2.9098731884e-02   -2.0493659420e-02    0.0000000000e+00    1.0000000000e-04    2.0045558173e-02    1.0000000000e+30    0.0000000000e+00    1.0000000000e+30    0.0000000000e+00    1.0000000000e+30    0.0000000000e+00
  61.3600000    7.3107793552e-02    3.0039612676e-02    2.0136443662e-02    0.0000000000e+00    1.0000000000e-04    1.8547658081e-02   -2.9325181159e-02   -2.2531702899e-02    0.0000000000e+00    1.0000000000e-04    2.0746601179e-02    1.0000000000e+30    0.0000000000e+00    1.0000000000e+30    0.0000000000e+00    1.0000000000e+30    0.0000000000e+00
  61.4100000    7.1158940628e-02    2.8952205882e-02    2.0680147059e-02    0.0000000000e+00    1.0000000000e-04    1.9263882420e-02   -2.8952205882e-02   -2.0680147059e-02    0.0000000000e+00    1.0000000000e-04    2.1049434677e-02    1.0000000000e+30    0.0000000000e+00    1.0000000000e+30    0.0000000000e+00    1.0000000000e+30    0.0000000000e+00
  61.4600000    7.4995844418e-02    2.9641544118e-02    2.3207720588e-02    0.0000000000e+00    1.0000000000e-04    1.8742304725e-02   -2.9267723881e-02   -2.3204291045e-02    0.0000000000e+00    1.0000000000e-04    2.0594052454e-02    1.0000000000e+30    0.0000000000e+00    1.0000000000e+30    0.0000000000e+00    1.0000000000e+30    0.0000000000e+00
  61.5100000    7.5741187654e-02    3.0230978261e-02    2.3663949275e-02    0.0000000000e+00    1.0000000000e-04    1.8407338950e-02   -2.9267723881e-02   -2.3204291045e-02    0.0000000000e+00    1.0000000000e-04    2.0335259294e-02    1.0000000000e+30    0.0000000000e+00    1.0000000000e+30    0.0000000000e+00    1.0000000000e+30    0.0000000000e+00
  61.5600000    7.5472095137e-02    3.0560661765e-02    2.1829044118e-02    0.0000000000e+00    1.0000000000e-04    1.8260703254e-02   -2.9829545455e-02   -2.3437500000e-02    0.0000000000e+00    1.0000000000e-04    2.0273448863e-02    1.0000000000e+30    0.0000000000e+00    1.0000000000e+30    0.0000000000e+00    1.0000000000e+30    0.0000000000e+00
  61.6100000    7.4303878296e-02    3.0408653846e-02    2.0072115385e-02    0.0000000000e+00    1.0000000000e-04    1.8303512730e-02   -3.0517578125e-02   -2.2460937500e-02    0.0000000000e+00    1.0000000000e-04    2.0408351148e-02    1.0000000000e+30    0.0000000000e+00    1.0000000000e+30    0.0000000000e+00    1.0000000000e+30    0.0000000000e+00
  61.6600000    7.5784333157e-02    3.0517578125e-02    2.2460937500e-02    0.0000000000e+00    1.0000000000e-04    1.8536553893e-02   -3.0517578125e-02   -2.2460937500e-02    0.0000000000e+00    1.0000000000e-04    2.0739263216e-02    1.0000000000e+30    0.0000000000e+00    1.0000000000e+30    0.0000000000e+00    1.0000000000e+30    0.0000000000e+00
  61.7100000    7.4389035718e-02    3.0517578125e-02    2.2460937500e-02    0.0000000000e+00    1.0000000000e-04    1.8960312484e-02   -2.9885912698e-02   -2.0957341270e-02    0.0000000000e+00    1.0000000000e-04    2.1265087290e-02    1.0000000000e+30    0.0000000000e+00    1.0000000000e+30    0.0000000000e+00    1.0000000000e+30    0.0000000000e+00
  61.7600000    7.4389035718e-02    3.0517578125e-02    2.2460937500e-02    0.0000000000e+00    1.0000000000e-04    1.9574419707e-02   -2.9885912698e-02   -2.0957341270e-02    0.0000000000e+00    1.0000000000e-04    2.1983692751e-02    1.0000000000e+30    0.0000000000e+00    1.0000000000e+30    0.0000000000e+00    1.0000000000e+30    0.0000000000e+00
  61.8100000    7.0321080671e-02    2.9485887097e-02    1.9153225806e-02    0.0000000000e+00    1.0000000000e-04    2.0378096393e-02   -2.9485887097e-02   -1.9153225806e-02    0.0000000000e+00    1.0000000000e-04    2.2240588441e-02    1.0000000000e+30    0.0000000000e+00    1.0000000000e+30    0.0000000000e+00    1.0000000000e+30    0.0000000000e+00
  61.8600000    7.4422192560e-02    3.0493951613e-02    2.1925403226e-02    0.0000000000e+00    1.0000000000e-04    2.0904401050e-02   -2.9841188525e-02   -2.1644467213e-02    0.0000000000e+00    1.0000000000e-04    2.1940548404e-02    1.0000000000e+30    0.0000000000e+00    1.0000000000e+30    0.0000000000e+00    1.0000000000e+30    0.0000000000e+00
  61.9100000    7.3884008691e-02    3.1250000000e-02    1.9909274194e-02    0.0000000000e+00    1.0000000000e-04    2.0388057117e-02   -2.9841188525e-02   -2.1644467213e-02    0.0000000000e+00    1.0000000000e-04    2.1826048312e-02    1.0000000000e+30    0.0000000000e+00    1.0000000000e+30    0.0000000000e+00    1.0000000000e+30    0.0000000000e+00
  61.9600000    7.0901435246e-02    3.1250000000e-02    1.6145833333e-02    0.0000000000e+00    1.0000000000e-04    2.0063164045e-02   -3.0711206897e-02   -1.8318965517e-02    0.0000000000e+00    1.0000000000e-04    2.1901916765e-02    1.0000000000e+30    0.0000000000e+00    1.0000000000e+30    0.0000000000e+00    1.0000000000e+30    0.0000000000e+00
  62.0100000    7.1778273370e-02    3.1117584746e-02    1.8140889831e-02    0.0000000000e+00    1.0000000000e-04    1.9933262880e-02   -3.0711206897e-02   -1.8318965517e-02    0.0000000000e+00    1.0000000000e-04    2.2090374069e-02    1.0000000000e+30    0.0000000000e+00    1.0000000000e+30    0.0000000000e+00    1.0000000000e+30    0.0000000000e+00
  62.0600000    7.4719550963e-02    3.1250000000e-02    2.0474137931e-02    0.0000000000e+00    1.0000000000e-04    1.9999706268e-02   -3.1250000000e-02   -2.0474137931e-02    0.0000000000e+00    1.0000000000e-04    2.2280472089e-02    1.0000000000e+30    0.0000000000e+00    1.0000000000e+30    0.0000000000e+00    1.0000000000e+30    0.0000000000e+00
  62.1100000    7.4719550963e-02    3.1250000000e-02    2.0474137931e-02    0.0000000000e+00    1.0000000000e-04    2.0263906758e-02   -3.1250000000e-02   -2.0474137931e-02    0.0000000000e+00    1.0000000000e-04    2.2672095895e-02    1.0000000000e+30    0.0000000000e+00    1.0000000000e+30    0.0000000000e+00    1.0000000000e+30    0.0000000000e+00
  62.1600000    7.3455464332e-02    3.1250000000e-02    2.0474137931e-02    0.0000000000e+00    1.0000000000e-04    2.0725814134e-02   -3.0838815789e-02   -1.8777412281e-02    0.0000000000e+00    1.0000000000e-04    2.3263326339e-02    1.0000000000e+30    0.0000000000e+00    1.0000000000e+30    0.0000000000e+00    1.0000000000e+30    0.0000000000e+00
  62.2100000    7.0846247668e-02    3.0838815789e-02    1.8777412281e-02    0.0000000000e+00    1.0000000000e-04    2.1384203601e-02   -3.0133928571e-02   -1.7299107143e-02    0.0000000000e+00    1.0000000000e-04    2.4050987729e-02    1.0000000000e+30    0.0000000000e+00    1.0000000000e+30    0.0000000000e+00    1.0000000000e+30    0.0000000000e+00
  62.2600000    7.1088067839e-02    3.0133928571e-02    1.7299107143e-02    0.0000000000e+00    1.0000000000e-04    2.2236617725e-02   -3.0539772727e-02   -1.9744318182e-02    0.0000000000e+00    1.0000000000e-04    2.3752036103e-02    1.0000000000e+30    0.0000000000e+00    1.0000000000e+30    0.0000000000e+00    1.0000000000e+30    0.0000000000e+00
  62.3100000    7.1242812953e-02    3.1107954545e-02    1.8039772727e-02    0.0000000000e+00    1.0000000000e-04    2.2092146205e-02   -3.0381944444e-02   -1.7939814815e-02    0.0000000000e+00    1.0000000000e-04    2.3103118727e-02    1.0000000000e+30    0.0000000000e+00    1.0000000000e+30    0.0000000000e+00    1.0000000000e+30    0.0000000000e+00
  62.3600000    6.8787624194e-02    3.1692216981e-02    1.4298349057e-02    0.0000000000e+00    1.0000000000e-04    2.1525516851e-02   -3.0949519231e-02   -1.4122596154e-02    0.0000000000e+00    1.0000000000e-04    2.2643400120e-02    1.0000000000e+30    0.0000000000e+00    1.0000000000e+30    0.0000000000e+00    1.0000000000e+30    0.0000000000e+00
  62.4100000    7.0223730719e-02    3.1692216981e-02    1.4298349057e-02    0.0000000000e+00    1.0000000000e-04    2.1137669502e-02   -3.1550480769e-02   -1.6225961538e-02    0.0000000000e+00    1.0000000000e-04    2.2378631508e-02    1.0000000000e+30    0.0000000000e+00    1.0000000000e+30    0.0000000000e+00    1.0000000000e+30    0.0000000000e+00
  62.4600000    7.0956737936e-02    3.1550480769e-02    1.6225961538e-02    0.0000000000e+00    1.0000000000e-04    2.0934683253e-02   -3.1550480769e-02   -1.6225961538e-02    0.0000000000e+00    1.0000000000e-04    2.2313453926e-02    1.0000000000e+30    0.0000000000e+00    1.0000000000e+30    0.0000000000e+00    1.0000000000e+30    0.0000000000e+00
  62.5100000    7.2181677342e-02    3.1550480769e-02    1.6225961538e-02    0.0000000000e+00    1.0000000000e-04    2.0921629449e-02   -3.1709558824e-02   -1.8535539216e-02    0.0000000000e+00    1.0000000000e-04    2.2451243355e-02    1.0000000000e+30    0.0000000000e+00    1.0000000000e+30    0.0000000000e+00    1.0000000000e+30    0.0000000000e+00
  62.5600000    7.2374176078e-02    3.2151442308e-02    1.8028846154e-02    0.0000000000e+00    1.0000000000e-04    2.1102560944e-02   -3.1250000000e-02   -1.6875000000e-02    0.0000000000e+00    1.0000000000e-04    2.2794082883e-02    1.0000000000e+30    0.0000000000e+00    1.0000000000e+30    0.0000000000e+00    1.0000000000e+30    0.0000000000e+00
  62.6100000    7.1207641706e-02    3.1709558824e-02    1.6390931373e-02    0.0000000000e+00    1.0000000000e-04    2.1480248796e-02   -3.1250000000e-02   -1.6875000000e-02    0.0000000000e+00    1.0000000000e-04    2.3342595980e-02    1.0000000000e+30    0.0000000000e+00    1.0000000000e+30    0.0000000000e+00    1.0000000000e+30    0.0000000000e+00
  62.6600000    7.0071710067e-02    3.1709558824e-02    1.6390931373e-02    0.0000000000e+00    1.0000000000e-04    2.2056129206e-02   -3.0937500000e-02   -1.5000000000e-02    0.0000000000e+00    1.0000000000e-04    2.4095926949e-02    1.0000000000e+30    0.0000000000e+00    1.0000000000e+30    0.0000000000e+00    1.0000000000e+30    0.0000000000e+00
  62.7100000    6.6993130328e-02    3.0771683673e-02    1.3233418367e-02    0.0000000000e+00    1.0000000000e-04    2.2830184534e-02   -3.0771683673e-02   -1.3233418367e-02    0.0000000000e+00    1.0000000000e-04    2.5051652155e-02    1.0000000000e+30    0.0000000000e+00    1.0000000000e+30    0.0000000000e+00    1.0000000000e+30    0.0000000000e+00
  62.7600000    6.9877124297e-02    3.1250000000e-02    1.5625000000e-02    0.0000000000e+00    1.0000000000e-04    2.3800839476e-02   -3.1250000000e-02   -1.5625000000e-02    0.0000000000e+00    1.0000000000e-04    2.6205685900e-02    1.0000000000e+30    0.0000000000e+00    1.0000000000e+30    0.0000000000e+00    1.0000000000e+30    0.0000000000e+00
  62.8100000    6.8141668674e-02    3.1929347826e-02    1.1888586957e-02    0.0000000000e+00    1.0000000000e-04    2.4965008994e-02   -3.1929347826e-02   -1.1888586957e-02    0.0000000000e+00    1.0000000000e-04    2.6540932555e-02    1.0000000000e+30    0.0000000000e+00    1.0000000000e+30    0.0000000000e+00    1.0000000000e+30    0.0000000000e+00
  62.8600000    6.9379734529e-02    3.2746010638e-02    1.1801861702e-02    0.0000000000e+00    1.0000000000e-04    2.4880220364e-02   -3.1770833333e-02   -1.3715277778e-02    0.0000000000e+00    1.0000000000e-04    2.5642500391e-02    1.0000000000e+30    0.0000000000e+00    1.0000000000e+30    0.0000000000e+00    1.0000000000e+30    0.0000000000e+00
  62.9100000    7.1908050729e-02    3.3743351064e-02    1.4128989362e-02    0.0000000000e+00    1.0000000000e-04    2.4015005474e-02   -3.2608695652e-02   -1.3586956522e-02    0.0000000000e+00    1.0000000000e-04    2.4942375333e-02    1.0000000000e+30    0.0000000000e+00    1.0000000000e+30    0.0000000000e+00    1.0000000000e+30    0.0000000000e+00
  62.9600000    7.1908050729e-02    3.3743351064e-02    1.4128989362e-02    0.0000000000e+00    1.0000000000e-04    2.3337702264e-02   -3.2608695652e-02   -1.3586956522e-02    0.0000000000e+00    1.0000000000e-04    2.4445341253e-02    1.0000000000e+30    0.0000000000e+00    1.0000000000e+30    0.0000000000e+00    1.0000000000e+30    0.0000000000e+00
  63.0100000    6.9860704122e-02    3.3288043478e-02    1.2567934783e-02    0.0000000000e+00    1.0000000000e-04    2.2853736707e-02   -3.2118055556e-02   -1.1979166667e-02    0.0000000000e+00    1.0000000000e-04    2.4154783564e-02    1.0000000000e+30    0.0000000000e+00    1.0000000000e+30    0.0000000000e+00    1.0000000000e+30    0.0000000000e+00
  63.0600000    7.2429806988e-02    3.3506944444e-02    1.4756944444e-02    0.0000000000e+00    1.0000000000e-04    2.2567039803e-02   -3.2158430233e-02   -1.5806686047e-02    0.0000000000e+00    1.0000000000e-04    2.4072424076e-02    1.0000000000e+30    0.0000000000e+00    1.0000000000e+30    0.0000000000e+00    1.0000000000e+30    0.0000000000e+00
  63.1100000    6.9785430700e-02    3.2670454545e-02    1.3494318182e-02    0.0000000000e+00    1.0000000000e-04    2.2480108072e-02   -3.1250000000e-02   -1.4508928571e-02    0.0000000000e+00    1.0000000000e-04    2.4198398603e-02    1.0000000000e+30    0.0000000000e+00    1.0000000000e+30    0.0000000000e+00    1.0000000000e+30    0.0000000000e+00
  63.1600000    6.8608475614e-02    3.2366071429e-02    1.3392857143e-02    0.0000000000e+00    1.0000000000e-04    2.2593903943e-02   -3.1059451220e-02   -1.2766768293e-02    0.0000000000e+00    1.0000000000e-04    2.4531224818e-02    1.0000000000e+30    0.0000000000e+00    1.0000000000e+30    0.0000000000e+00    1.0000000000e+30    0.0000000000e+00
  63.2100000    6.7161890465e-02    3.1059451220e-02    1.2766768293e-02    0.0000000000e+00    1.0000000000e-04    2.2907841920e-02   -3.1059451220e-02   -1.2766768293e-02    0.0000000000e+00    1.0000000000e-04    2.5067811003e-02    1.0000000000e+30    0.0000000000e+00    1.0000000000e+30    0.0000000000e+00    1.0000000000e+30    0.0000000000e+00
  63.2600000    6.6666033680e-02    3.1059451220e-02    1.2766768293e-02    0.0000000000e+00    1.0000000000e-04    2.3419780055e-02   -3.1250000000e-02   -1.0937500000e-02    0.0000000000e+00    1.0000000000e-04    2.5803498284e-02    1.0000000000e+30    0.0000000000e+00    1.0000000000e+30    0.0000000000e+00    1.0000000000e+30    0.0000000000e+00
  63.3100000    7.0321251453e-02    3.3854166667e-02    1.1818910256e-02    0.0000000000e+00    1.0000000000e-04    2.4126064410e-02   -3.2483552632e-02   -1.1513157895e-02    0.0000000000e+00    1.0000000000e-04    2.6732119833e-02    1.0000000000e+30    0.0000000000e+00    1.0000000000e+30    0.0000000000e+00    1.0000000000e+30    0.0000000000e+00
  63.3600000    7.0321251453e-02    3.3854166667e-02    1.1818910256e-02    0.0000000000e+00    1.0000000000e-04    2.5021411912e-02   -3.2483552632e-02   -1.1513157895e-02    0.0000000000e+00    1.0000000000e-04    2.7845880646e-02    1.0000000000e+30    0.0000000000e+00    1.0000000000e+30    0.0000000000e+00    1.0000000000e+30    0.0000000000e+00
  63.4100000    7.0321251453e-02    3.3854166667e-02    1.1818910256e-02    0.0000000000e+00    1.0000000000e-04    2.6099158435e-02   -3.2483552632e-02   -1.1513157895e-02    0.0000000000e+00    1.0000000000e-04    2.9135769541e-02    1.0000000000e+30    0.0000000000e+00    1.0000000000e+30    0.0000000000e+00    1.0000000000e+30    0.0000000000e+00
  63.4600000    6.9021185294e-02    3.4254807692e-02    9.8157051282e-03    0.0000000000e+00    1.0000000000e-04    2.7351335471e-02   -3.1883445946e-02   -9.9239864865e-03    0.0000000000e+00    1.0000000000e-04    3.0591616778e-02    1.0000000000e+30    0.0000000000e+00    1.0000000000e+30    0.0000000000e+00    1.0000000000e+30    0.0000000000e+00
  63.5100000    6.8837479272e-02    3.4765625000e-02    8.9843750000e-03    0.0000000000e+00    1.0000000000e-04    2.8768231161e-02   -3.1883445946e-02   -8.2347972973e-03    0.0000000000e+00    1.0000000000e-04    3.0383835306e-02    1.0000000000e+30    0.0000000000e+00    1.0000000000e+30    0.0000000000e+00    1.0000000000e+30    0.0000000000e+00
  63.5600000    6.8059923542e-02    3.3854166667e-02    7.8125000000e-03    0.0000000000e+00    1.0000000000e-04    2.9187739445e-02   -3.2483552632e-02   -7.4013157895e-03    0.0000000000e+00    1.0000000000e-04    2.9504622498e-02    1.0000000000e+30    0.0000000000e+00    1.0000000000e+30    0.0000000000e+00    1.0000000000e+30    0.0000000000e+00
  63.6100000    6.8059923542e-02    3.3854166667e-02    7.8125000000e-03    0.0000000000e+00    1.0000000000e-04    2.8263581061e-02   -3.2483552632e-02   -7.4013157895e-03    0.0000000000e+00    1.0000000000e-04    2.8832723900e-02    1.0000000000e+30    0.0000000000e+00    1.0000000000e+30    0.0000000000e+00    1.0000000000e+30    0.0000000000e+00
  63.6600000    6.5609834677e-02    3.2305743243e-02    5.7010135135e-03    0.0000000000e+00    1.0000000000e-04    2.7537223847e-02   -3.2305743243e-02   -5.7010135135e-03    0.0000000000e+00    1.0000000000e-04    2.8368454674e-02    1.0000000000e+30    0.0000000000e+00    1.0000000000e+30    0.0000000000e+00    1.0000000000e+30    0.0000000000e+00
  63.7100000    6.6250680870e-02    3.2552083333e-02    7.8125000000e-03    0.0000000000e+00    1.0000000000e-04    2.7009567070e-02   -3.2305743243e-02   -5.7010135135e-03    0.0000000000e+00    1.0000000000e-04    2.8110245970e-02    1.0000000000e+30    0.0000000000e+00    1.0000000000e+30    0.0000000000e+00    1.0000000000e+30    0.0000000000e+00
  63.7600000    6.6952917355e-02    3.2552083333e-02    7.8125000000e-03    0.0000000000e+00    1.0000000000e-04    2.6680155383e-02   -3.2552083333e-02   -7.8125000000e-03    0.0000000000e+00    1.0000000000e-04    2.8054986642e-02    1.0000000000e+30    0.0000000000e+00    1.0000000000e+30    0.0000000000e+00    1.0000000000e+30    0.0000000000e+00
  63.8100000    6.6722778788e-02    3.2812500000e-02    6.0267857143e-03    0.0000000000e+00    1.0000000000e-04    2.6547094278e-02   -3.2812500000e-02   -6.0267857143e-03    0.0000000000e+00    1.0000000000e-04    2.8198161215e-02    1.0000000000e+30    0.0000000000e+00    1.0000000000e+30    0.0000000000e+00    1.0000000000e+30    0.0000000000e+00
  63.8600000    6.6722778788e-02    3.2812500000e-02    6.0267857143e-03    0.0000000000e+00    1.0000000000e-04    2.6607180561e-02   -3.2812500000e-02   -6.0267857143e-03    0.0000000000e+00    1.0000000000e-04    2.8533964341e-02    1.0000000000e+30    0.0000000000e+00    1.0000000000e+30    0.0000000000e+00    1.0000000000e+30    0.0000000000e+00
  63.9100000    6.7834037793e-02    3.4327651515e-02    6.3920454545e-03    0.0000000000e+00    1.0000000000e-04    2.6855625673e-02   -3.2907196970e-02   -2.6041666667e-03    0.0000000000e+00    1.0000000000e-04    2.9055078495e-02    1.0000000000e+30    0.0000000000e+00    1.0000000000e+30    0.0000000000e+00    1.0000000000e+30    0.0000000000e+00
  63.9600000    6.9666507092e-02    3.5274621212e-02    4.9715909091e-03    0.0000000000e+00    1.0000000000e-04    2.7286420610e-02   -3.3691406250e-02   -4.8828125000e-03    0.0000000000e+00    1.0000000000e-04    2.9753116530e-02    1.0000000000e+30    0.0000000000e+00    1.0000000000e+30    0.0000000000e+00    1.0000000000e+30    0.0000000000e+00
  64.0100000    6.6765899824e-02    3.3691406250e-02    4.8828125000e-03    0.0000000000e+00    1.0000000000e-04    2.7892372771e-02   -3.2510080645e-02   -3.7802419355e-03    0.0000000000e+00    1.0000000000e-04    3.0598405535e-02    1.0000000000e+30    0.0000000000e+00    1.0000000000e+30    0.0000000000e+00    1.0000000000e+30    0.0000000000e+00
  64.0600000    6.5458248453e-02    3.2510080645e-02    3.7802419355e-03    0.0000000000e+00    1.0000000000e-04    2.8665116502e-02   -3.2510080645e-02   -3.7802419355e-03    0.0000000000e+00    1.0000000000e-04    3.0770111171e-02    1.0000000000e+30    0.0000000000e+00    1.0000000000e+30    0.0000000000e+00    1.0000000000e+30    0.0000000000e+00
  64.1100000    6.5458248453e-02    3.2510080645e-02    3.7802419355e-03    0.0000000000e+00    1.0000000000e-04    2.9595435291e-02   -3.2510080645e-02   -3.7802419355e-03    0.0000000000e+00    1.0000000000e-04    3.1101328922e-02    1.0000000000e+30    0.0000000000e+00    1.0000000000e+30    0.0000000000e+00    1.0000000000e+30    0.0000000000e+00
  64.1600000    6.6540664410e-02    3.3691406250e-02    2.9296875000e-03    0.0000000000e+00    1.0000000000e-04    3.0109596010e-02   -3.2510080645e-02   -3.7802419355e-03    0.0000000000e+00    1.0000000000e-04    3.1588531672e-02    1.0000000000e+30    0.0000000000e+00    1.0000000000e+30    0.0000000000e+00    1.0000000000e+30    0.0000000000e+00
  64.2100000    6.7083645050e-02    3.3518145161e-02    1.2600806452e-03    0.0000000000e+00    1.0000000000e-04    3.0490204227e-02   -3.3518145161e-02   -1.2600806452e-03    0.0000000000e+00    1.0000000000e-04    3.2227160916e-02    1.0000000000e+30    0.0000000000e+00    1.0000000000e+30    0.0000000000e+00    1.0000000000e+30    0.0000000000e+00
  64.2600000    6.7083645050e-02    3.3518145161e-02    1.2600806452e-03    0.0000000000e+00    1.0000000000e-04    3.1017017419e-02   -3.3518145161e-02   -1.2600806452e-03    0.0000000000e+00    1.0000000000e-04    3.3011841320e-02    1.0000000000e+30    0.0000000000e+00    1.0000000000e+30    0.0000000000e+00    1.0000000000e+30    0.0000000000e+00
  64.3100000    6.7996183002e-02    3.3854166667e-02    3.1250000000e-03    0.0000000000e+00    1.0000000000e-04    3.1685507326e-02   -3.3854166667e-02   -3.1250000000e-03    0.0000000000e+00    1.0000000000e-04    3.3936287213e-02    1.0000000000e+30    0.0000000000e+00    1.0000000000e+30    0.0000000000e+00    1.0000000000e+30    0.0000000000e+00
  64.3600000    6.7996183002e-02    3.3854166667e-02    3.1250000000e-03    0.0000000000e+00    1.0000000000e-04    3.2490273902e-02   -3.3854166667e-02   -3.1250000000e-03    0.0000000000e+00    1.0000000000e-04    3.4993429241e-02    1.0000000000e+30    0.0000000000e+00    1.0000000000e+30    0.0000000000e+00    1.0000000000e+30    0.0000000000e+00
  64.4100000    6.8214273418e-02    3.3854166667e-02    3.1250000000e-03    0.0000000000e+00    1.0000000000e-04    3.3425276849e-02   -3.4213362069e-02   -1.3469827586e-03    0.0000000000e+00    1.0000000000e-04    3.4779243565e-02    1.0000000000e+30    0.0000000000e+00    1.0000000000e+30    0.0000000000e+00    1.0000000000e+30    0.0000000000e+00
  64.4600000    6.5605941440e-02    3.3482142857e-02    0.0000000000e+00    0.0000000000e+00    1.0000000000e-04    3.3756416199e-02   -3.2118055556e-02    8.6805555556e-04    0.0000000000e+00    1.0000000000e-04    3.4379697038e-02    1.0000000000e+30    0.0000000000e+00    1.0000000000e+30    0.0000000000e+00    1.0000000000e+30    0.0000000000e+00
  64.5100000    6.4259567789e-02    3.2118055556e-02   -8.6805555556e-04    0.0000000000e+00    1.0000000000e-04    3.3207633988e-02   -3.2118055556e-02    8.6805555556e-04    0.0000000000e+00    1.0000000000e-04    3.4167312165e-02    1.0000000000e+30    0.0000000000e+00    1.0000000000e+30    0.0000000000e+00    1.0000000000e+30    0.0000000000e+00
  64.5600000    6.5285913584e-02    3.2118055556e-02   -8.6805555556e-04    0.0000000000e+00    1.0000000000e-04    3.2842678974e-02   -3.3052884615e-02    3.0048076923e-03    0.0000000000e+00    1.0000000000e-04    3.4134768461e-02    1.0000000000e+30    0.0000000000e+00    1.0000000000e+30    0.0000000000e+00    1.0000000000e+30    0.0000000000e+00
  64.6100000    6.6378371498e-02    3.3052884615e-02   -3.0048076923e-03    0.0000000000e+00    1.0000000000e-04    3.2655633907e-02   -3.3052884615e-02    3.0048076923e-03    0.0000000000e+00    1.0000000000e-04    3.4273850729e-02    1.0000000000e+30    0.0000000000e+00    1.0000000000e+30    0.0000000000e+00    1.0000000000e+30    0.0000000000e+00
  64.6600000    6.7309017166e-02    3.3052884615e-02   -3.0048076923e-03    0.0000000000e+00    1.0000000000e-04    3.2639515356e-02   -3.3854166667e-02    4.3402777778e-03    0.0000000000e+00    1.0000000000e-04    3.4575475687e-02    1.0000000000e+30    0.0000000000e+00    1.0000000000e+30    0.0000000000e+00    1.0000000000e+30    0.0000000000e+00
  64.7100000    6.9877124297e-02    3.4855769231e-02   -2.4038461538e-03    0.0000000000e+00    1.0000000000e-04    3.2786534436e-02   -3.4855769231e-02    2.4038461538e-03    0.0000000000e+00    1.0000000000e-04    3.5029828254e-02    1.0000000000e+30    0.0000000000e+00    1.0000000000e+30    0.0000000000e+00    1.0000000000e+30    0.0000000000e+00
  64.7600000    6.9877124297e-02    3.4855769231e-02   -2.4038461538e-03    0.0000000000e+00    1.0000000000e-04    3.3088095289e-02   -3.4855769231e-02    2.4038461538e-03    0.0000000000e+00    1.0000000000e-04    3.5626463767e-02    1.0000000000e+30    0.0000000000e+00    1.0000000000e+30    0.0000000000e+00    1.0000000000e+30    0.0000000000e+00
  64.8100000    6.9843252558e-02    3.4855769231e-02   -2.4038461538e-03    0.0000000000e+00    1.0000000000e-04    3.3534944144e-02   -3.4687500000e-02    4.0625000000e-03    0.0000000000e+00    1.0000000000e-04    3.6354532726e-02    1.0000000000e+30    0.0000000000e+00    1.0000000000e+30    0.0000000000e+00    1.0000000000e+30    0.0000000000e+00
  64.8600000    6.9849167855e-02    3.4687500000e-02   -4.0625000000e-03    0.0000000000e+00    1.0000000000e-04    3.4117292716e-02   -3.4687500000e-02    4.0625000000e-03    0.0000000000e+00    1.0000000000e-04    3.7202866009e-02    1.0000000000e+30    0.0000000000e+00    1.0000000000e+30    0.0000000000e+00    1.0000000000e+30    0.0000000000e+00
  64.9100000    6.9849167855e-02    3.4687500000e-02   -4.0625000000e-03    0.0000000000e+00    1.0000000000e-04    3.4824924205e-02   -3.4687500000e-02    4.0625000000e-03    0.0000000000e+00    1.0000000000e-04    3.8160061720e-02    1.0000000000e+30    0.0000000000e+00    1.0000000000e+30    0.0000000000e+00    1.0000000000e+30    0.0000000000e+00
  64.9600000    6.8435646934e-02    3.4687500000e-02   -4.0625000000e-03    0.0000000000e+00    1.0000000000e-04    3.5647322203e-02   -3.3203125000e-02    4.5572916667e-03    0.0000000000e+00    1.0000000000e-04    3.8042501682e-02    1.0000000000e+30    0.0000000000e+00    1.0000000000e+30    0.0000000000e+00    1.0000000000e+30    0.0000000000e+00
  65.0100000    6.6282328107e-02    3.3203125000e-02   -4.5572916667e-03    0.0000000000e+00    1.0000000000e-04    3.6573759585e-02   -3.2269021739e-02    5.7744565217e-03    0.0000000000e+00    1.0000000000e-04    3.8059336025e-02    1.0000000000e+30    0.0000000000e+00    1.0000000000e+30    0.0000000000e+00    1.0000000000e+30    0.0000000000e+00
  65.0600000    6.5563224818e-02    3.2269021739e-02   -5.7744565217e-03    0.0000000000e+00    1.0000000000e-04    3.7288556508e-02   -3.2269021739e-02    5.7744565217e-03    0.0000000000e+00    1.0000000000e-04    3.8211935007e-02    1.0000000000e+30    0.0000000000e+00    1.0000000000e+30    0.0000000000e+00    1.0000000000e+30    0.0000000000e+00
  65.1100000    6.6345617547e-02    3.2269021739e-02   -5.7744565217e-03    0.0000000000e+00    1.0000000000e-04    3.7266966269e-02   -3.2670454545e-02    7.8125000000e-03    0.0000000000e+00    1.0000000000e-04    3.8494298770e-02    1.0000000000e+30    0.0000000000e+00    1.0000000000e+30    0.0000000000e+00    1.0000000000e+30    0.0000000000e+00
  65.1600000    7.1023532819e-02    3.4307065217e-02   -9.1711956522e-03    0.0000000000e+00    1.0000000000e-04    3.7373417254e-02   -3.4307065217e-02    9.1711956522e-03    0.0000000000e+00    1.0000000000e-04    3.8899859087e-02    1.0000000000e+30    0.0000000000e+00    1.0000000000e+30    0.0000000000e+00    1.0000000000e+30    0.0000000000e+00
  65.2100000    7.1023532819e-02    3.4307065217e-02   -9.1711956522e-03    0.0000000000e+00    1.0000000000e-04    3.7602407995e-02   -3.4307065217e-02    9.1711956522e-03    0.0000000000e+00    1.0000000000e-04    3.9421581116e-02    1.0000000000e+30    0.0000000000e+00    1.0000000000e+30    0.0000000000e+00    1.0000000000e+30    0.0000000000e+00
  65.2600000    7.1023532819e-02    3.4307065217e-02   -9.1711956522e-03    0.0000000000e+00    1.0000000000e-04    3.7947876083e-02   -3.4307065217e-02    9.1711956522e-03    0.0000000000e+00    1.0000000000e-04    4.0052015508e-02    1.0000000000e+30    0.0000000000e+00    1.0000000000e+30    0.0000000000e+00    1.0000000000e+30    0.0000000000e+00
  65.3100000    7.1023532819e-02    3.4307065217e-02   -9.1711956522e-03    0.0000000000e+00    1.0000000000e-04    3.8403274279e-02   -3.4307065217e-02    9.1711956522e-03    0.0000000000e+00    1.0000000000e-04    4.0376071820e-02    1.0000000000e+30    0.0000000000e+00    1.0000000000e+30    0.0000000000e+00    1.0000000000e+30    0.0000000000e+00
  65.3600000    7.1023532819e-02    3.4307065217e-02   -9.1711956522e-03    0.0000000000e+00    1.0000000000e-04    3.8961687364e-02   -3.4307065217e-02    9.1711956522e-03    0.0000000000e+00    1.0000000000e-04    4.0130078928e-02    1.0000000000e+30    0.0000000000e+00    1.0000000000e+30    0.0000000000e+00    1.0000000000e+30    0.0000000000e+00
  65.4100000    7.2775630080e-02    3.4307065217e-02   -9.1711956522e-03    0.0000000000e+00    1.0000000000e-04    3.8553235204e-02   -3.5511363636e-02    1.1363636364e-02    0.0000000000e+00    1.0000000000e-04    4.0028408799e-02    1.0000000000e+30    0.0000000000e+00    1.0000000000e+30    0.0000000000e+00    1.0000000000e+30    0.0000000000e+00
  65.4600000    7.3368161723e-02    3.5511363636e-02   -1.1363636364e-02    0.0000000000e+00    1.0000000000e-04    3.8254935559e-02   -3.3593750000e-02    1.3281250000e-02    0.0000000000e+00    1.0000000000e-04    4.0061543679e-02    1.0000000000e+30    0.0000000000e+00    1.0000000000e+30    0.0000000000e+00    1.0000000000e+30    0.0000000000e+00
  65.5100000    7.1867624615e-02    3.3854166667e-02   -1.1532738095e-02    0.0000000000e+00    1.0000000000e-04    3.8096258995e-02   -3.3593750000e-02    1.3281250000e-02    0.0000000000e+00    1.0000000000e-04    4.0219714991e-02    1.0000000000e+30    0.0000000000e+00    1.0000000000e+30    0.0000000000e+00    1.0000000000e+30    0.0000000000e+00
  65.5600000    7.2247675136e-02    3.3593750000e-02   -1.3281250000e-02    0.0000000000e+00    1.0000000000e-04    3.8068456534e-02   -3.3593750000e-02    1.3281250000e-02    0.0000000000e+00    1.0000000000e-04    4.0492986210e-02    1.0000000000e+30    0.0000000000e+00    1.0000000000e+30    0.0000000000e+00    1.0000000000e+30    0.0000000000e+00
  65.6100000    7.2387108831e-02    3.4950657895e-02   -1.1924342105e-02    0.0000000000e+00    1.0000000000e-04    3.8162524518e-02   -3.2483552632e-02    1.4391447368e-02    0.0000000000e+00    1.0000000000e-04    4.0871335721e-02    1.0000000000e+30    0.0000000000e+00    1.0000000000e+30    0.0000000000e+00    1.0000000000e+30    0.0000000000e+00
  65.6600000    7.1778312428e-02    3.3854166667e-02   -1.3020833333e-02    0.0000000000e+00    1.0000000000e-04    3.8369275482e-02   -3.2483552632e-02    1.4391447368e-02    0.0000000000e+00    1.0000000000e-04    4.1344757147e-02    1.0000000000e+30    0.0000000000e+00    1.0000000000e+30    0.0000000000e+00    1.0000000000e+30    0.0000000000e+00
  65.7100000    7.2543688944e-02    3.3854166667e-02   -1.3020833333e-02    0.0000000000e+00    1.0000000000e-04    3.8679425424e-02   -3.3854166667e-02    1.3020833333e-02    0.0000000000e+00    1.0000000000e-04    4.1903336730e-02    1.0000000000e+30    0.0000000000e+00    1.0000000000e+30    0.0000000000e+00    1.0000000000e+30    0.0000000000e+00
  65.7600000    7.2543688944e-02    3.3854166667e-02   -1.3020833333e-02    0.0000000000e+00    1.0000000000e-04    3.9083697388e-02   -3.3854166667e-02    1.3020833333e-02    0.0000000000e+00    1.0000000000e-04    4.2537306734e-02    1.0000000000e+30    0.0000000000e+00    1.0000000000e+30    0.0000000000e+00    1.0000000000e+30    0.0000000000e+00
  65.8100000    7.2543688944e-02    3.3854166667e-02   -1.3020833333e-02    0.0000000000e+00    1.0000000000e-04    3.9572884958e-02   -3.3854166667e-02    1.3020833333e-02    0.0000000000e+00    1.0000000000e-04    4.3237123510e-02    1.0000000000e+30    0.0000000000e+00    1.0000000000e+30    0.0000000000e+00    1.0000000000e+30    0.0000000000e+00
  65.8600000    7.2543688944e-02    3.3854166667e-02   -1.3020833333e-02    0.0000000000e+00    1.0000000000e-04    4.0137901146e-02   -3.3854166667e-02    1.3020833333e-02    0.0000000000e+00    1.0000000000e-04    4.3567623819e-02    1.0000000000e+30    0.0000000000e+00    1.0000000000e+30    0.0000000000e+00    1.0000000000e+30    0.0000000000e+00
  65.9100000    7.0322344616e-02    3.3854166667e-02   -1.3020833333e-02    0.0000000000e+00    1.0000000000e-04    4.0320285963e-02   -3.1709558824e-02    1.2408088235e-02    0.0000000000e+00    1.0000000000e-04    4.3859520971e-02    1.0000000000e+30    0.0000000000e+00    1.0000000000e+30    0.0000000000e+00    1.0000000000e+30    0.0000000000e+00
  65.9600000    7.1639732800e-02    3.3854166667e-02   -1.3020833333e-02    0.0000000000e+00    1.0000000000e-04    4.0484019791e-02   -3.2226562500e-02    1.4648437500e-02    0.0000000000e+00    1.0000000000e-04    4.4214928560e-02    1.0000000000e+30    0.0000000000e+00    1.0000000000e+30    0.0000000000e+00    1.0000000000e+30    0.0000000000e+00
  66.0100000    7.0799097502e-02    3.2226562500e-02   -1.4648437500e-02    0.0000000000e+00    1.0000000000e-04    4.0722568782e-02   -3.2226562500e-02    1.4648437500e-02    0.0000000000e+00    1.0000000000e-04    4.4625020072e-02    1.0000000000e+30    0.0000000000e+00    1.0000000000e+30    0.0000000000e+00    1.0000000000e+30    0.0000000000e+00
  66.0600000    7.0799097502e-02    3.2226562500e-02   -1.4648437500e-02    0.0000000000e+00    1.0000000000e-04    4.1027291126e-02   -3.2226562500e-02    1.4648437500e-02    0.0000000000e+00    1.0000000000e-04    4.5081386071e-02    1.0000000000e+30    0.0000000000e+00    1.0000000000e+30    0.0000000000e+00    1.0000000000e+30    0.0000000000e+00
  66.1100000    7.0799097502e-02    3.2226562500e-02   -1.4648437500e-02    0.0000000000e+00    1.0000000000e-04    4.1389869984e-02   -3.2226562500e-02    1.4648437500e-02    0.0000000000e+00    1.0000000000e-04    4.4933154225e-02    1.0000000000e+30    0.0000000000e+00    1.0000000000e+30    0.0000000000e+00    1.0000000000e+30    0.0000000000e+00
  66.1600000    7.0799097502e-02    3.2226562500e-02   -1.4648437500e-02    0.0000000000e+00    1.0000000000e-04    4.1802345893e-02   -3.2226562500e-02    1.4648437500e-02    0.0000000000e+00    1.0000000000e-04    4.4470928777e-02    1.0000000000e+30    0.0000000000e+00    1.0000000000e+30    0.0000000000e+00    1.0000000000e+30    0.0000000000e+00
  66.2100000    6.9814984906e-02    3.2226562500e-02   -1.4648437500e-02    0.0000000000e+00    1.0000000000e-04    4.2257149469e-02   -3.0133928571e-02    1.6741071429e-02    0.0000000000e+00    1.0000000000e-04    4.4123750073e-02    1.0000000000e+30    0.0000000000e+00    1.0000000000e+30    0.0000000000e+00    1.0000000000e+30    0.0000000000e+00
  66.2600000    7.2430543332e-02    3.2226562500e-02   -1.4648437500e-02    0.0000000000e+00    1.0000000000e-04    4.2323810304e-02   -3.1770833333e-02    1.9270833333e-02    0.0000000000e+00    1.0000000000e-04    4.3883403010e-02    1.0000000000e+30    0.0000000000e+00    1.0000000000e+30    0.0000000000e+00    1.0000000000e+30    0.0000000000e+00
  66.3100000    7.1617433849e-02    3.0133928571e-02   -1.6741071429e-02    0.0000000000e+00    1.0000000000e-04    4.1891535276e-02   -3.1770833333e-02    1.9270833333e-02    0.0000000000e+00    1.0000000000e-04    4.3741741747e-02    1.0000000000e+30    0.0000000000e+00    1.0000000000e+30    0.0000000000e+00    1.0000000000e+30    0.0000000000e+00
  66.3600000    7.4316912424e-02    3.1770833333e-02   -1.9270833333e-02    0.0000000000e+00    1.0000000000e-04    4.1565479467e-02   -3.1770833333e-02    1.9270833333e-02    0.0000000000e+00    1.0000000000e-04    4.3690681949e-02    1.0000000000e+30    0.0000000000e+00    1.0000000000e+30    0.0000000000e+00    1.0000000000e+30    0.0000000000e+00
  66.4100000    7.1230270994e-02    3.1770833333e-02   -1.9270833333e-02    0.0000000000e+00    1.0000000000e-04    4.1338138572e-02   -2.9017857143e-02    1.7857142857e-02    0.0000000000e+00    1.0000000000e-04    4.3722262976e-02    1.0000000000e+30    0.0000000000e+00    1.0000000000e+30    0.0000000000e+00    1.0000000000e+30    0.0000000000e+00
  66.4600000    7.1017581562e-02    3.2366071429e-02   -1.7857142857e-02    0.0000000000e+00    1.0000000000e-04    4.1202136839e-02   -2.9017857143e-02    1.7857142857e-02    0.0000000000e+00    1.0000000000e-04    4.3828740984e-02    1.0000000000e+30    0.0000000000e+00    1.0000000000e+30    0.0000000000e+00    1.0000000000e+30    0.0000000000e+00
  66.5100000    7.4642170200e-02    3.2366071429e-02   -1.8973214286e-02    0.0000000000e+00    1.0000000000e-04    4.1150152957e-02   -3.0649038462e-02    2.1033653846e-02    0.0000000000e+00    1.0000000000e-04    4.4002634954e-02    1.0000000000e+30    0.0000000000e+00    1.0000000000e+30    0.0000000000e+00    1.0000000000e+30    0.0000000000e+00
  66.5600000    7.4642170200e-02    3.2366071429e-02   -1.8973214286e-02    0.0000000000e+00    1.0000000000e-04    4.1175030236e-02   -3.0649038462e-02    2.1033653846e-02    0.0000000000e+00    1.0000000000e-04    4.4236762145e-02    1.0000000000e+30    0.0000000000e+00    1.0000000000e+30    0.0000000000e+00    1.0000000000e+30    0.0000000000e+00
  66.6100000    7.4642170200e-02    3.2366071429e-02   -1.8973214286e-02    0.0000000000e+00    1.0000000000e-04    4.1269830913e-02   -3.0649038462e-02    2.1033653846e-02    0.0000000000e+00    1.0000000000e-04    4.4524255269e-02    1.0000000000e+30    0.0000000000e+00    1.0000000000e+30    0.0000000000e+00    1.0000000000e+30    0.0000000000e+00
  66.6600000    7.8004715094e-02    3.4254807692e-02   -2.2235576923e-02    0.0000000000e+00    1.0000000000e-04    4.1427864122e-02   -3.0649038462e-02    2.1033653846e-02    0.0000000000e+00    1.0000000000e-04    4.4858569118e-02    1.0000000000e+30    0.0000000000e+00    1.0000000000e+30    0.0000000000e+00    1.0000000000e+30    0.0000000000e+00
  66.7100000    7.8004715094e-02    3.4254807692e-02   -2.2235576923e-02    0.0000000000e+00    1.0000000000e-04    4.1642725110e-02   -3.0649038462e-02    2.1033653846e-02    0.0000000000e+00    1.0000000000e-04    4.5233500066e-02    1.0000000000e+30    0.0000000000e+00    1.0000000000e+30    0.0000000000e+00    1.0000000000e+30    0.0000000000e+00
  66.7600000    7.8004715094e-02    3.4254807692e-02   -2.2235576923e-02    0.0000000000e+00    1.0000000000e-04    4.1908311575e-02   -3.0649038462e-02    2.1033653846e-02    0.0000000000e+00    1.0000000000e-04    4.5643221466e-02    1.0000000000e+30    0.0000000000e+00    1.0000000000e+30    0.0000000000e+00    1.0000000000e+30    0.0000000000e+00
  66.8100000    7.2227490877e-02    3.1250000000e-02   -1.9531250000e-02    0.0000000000e+00    1.0000000000e-04    4.2218826068e-02   -2.8645833333e-02    2.0833333333e-02    0.0000000000e+00    1.0000000000e-04    4.6075240426e-02    1.0000000000e+30    0.0000000000e+00    1.0000000000e+30    0.0000000000e+00    1.0000000000e+30    0.0000000000e+00
  66.8600000    7.2227490877e-02    3.1250000000e-02   -1.9531250000e-02    0.0000000000e+00    1.0000000000e-04    4.2568787903e-02   -2.8645833333e-02    2.0833333333e-02    0.0000000000e+00    1.0000000000e-04    4.6355528585e-02    1.0000000000e+30    0.0000000000e+00    1.0000000000e+30    0.0000000000e+00    1.0000000000e+30    0.0000000000e+00
  66.9100000    7.2227490877e-02    3.1250000000e-02   -1.9531250000e-02    0.0000000000e+00    1.0000000000e-04    4.2787029356e-02   -2.8645833333e-02    2.0833333333e-02    0.0000000000e+00    1.0000000000e-04    4.6658172018e-02    1.0000000000e+30    0.0000000000e+00    1.0000000000e+30    0.0000000000e+00    1.0000000000e+30    0.0000000000e+00
  66.9600000    7.0267847519e-02    2.9119318182e-02   -1.9176136364e-02    0.0000000000e+00    1.0000000000e-04    4.3021864380e-02   -2.8645833333e-02    2.0833333333e-02    0.0000000000e+00    1.0000000000e-04    4.6827889515e-02    1.0000000000e+30    0.0000000000e+00    1.0000000000e+30    0.0000000000e+00    1.0000000000e+30    0.0000000000e+00
  67.0100000    7.2164123840e-02    2.9119318182e-02   -1.9176136364e-02    0.0000000000e+00    1.0000000000e-04    4.3283850009e-02   -2.9119318182e-02    2.3437500000e-02    0.0000000000e+00    1.0000000000e-04    4.6375809992e-02    1.0000000000e+30    0.0000000000e+00    1.0000000000e+30    0.0000000000e+00    1.0000000000e+30    0.0000000000e+00
  67.0600000    7.1782551736e-02    2.9119318182e-02   -1.9176136364e-02    0.0000000000e+00    1.0000000000e-04    4.3568480044e-02   -2.8645833333e-02    2.3437500000e-02    0.0000000000e+00    1.0000000000e-04    4.6006750314e-02    1.0000000000e+30    0.0000000000e+00    1.0000000000e+30    0.0000000000e+00    1.0000000000e+30    0.0000000000e+00
  67.1100000    7.3864744188e-02    2.9687500000e-02   -2.1875000000e-02    0.0000000000e+00    1.0000000000e-04    4.3871600419e-02   -2.8645833333e-02    2.3437500000e-02    0.0000000000e+00    1.0000000000e-04    4.5714359197e-02    1.0000000000e+30    0.0000000000e+00    1.0000000000e+30    0.0000000000e+00    1.0000000000e+30    0.0000000000e+00
  67.1600000    7.4024325018e-02    2.8645833333e-02   -2.3437500000e-02    0.0000000000e+00    1.0000000000e-04    4.3800236041e-02   -2.8645833333e-02    2.3437500000e-02    0.0000000000e+00    1.0000000000e-04    4.5492437398e-02    1.0000000000e+30    0.0000000000e+00    1.0000000000e+30    0.0000000000e+00    1.0000000000e+30    0.0000000000e+00
  67.2100000    7.4024325018e-02    2.8645833333e-02   -2.3437500000e-02    0.0000000000e+00    1.0000000000e-04    4.3417214564e-02   -2.8645833333e-02    2.3437500000e-02    0.0000000000e+00    1.0000000000e-04    4.5334966124e-02    1.0000000000e+30    0.0000000000e+00    1.0000000000e+30    0.0000000000e+00    1.0000000000e+30    0.0000000000e+00
  67.2600000    7.4024325018e-02    2.8645833333e-02   -2.3437500000e-02    0.0000000000e+00    1.0000000000e-04    4.3106527873e-02   -2.8645833333e-02    2.3437500000e-02    0.0000000000e+00    1.0000000000e-04    4.5236139880e-02    1.0000000000e+30    0.0000000000e+00    1.0000000000e+30    0.0000000000e+00    1.0000000000e+30    0.0000000000e+00
  67.3100000    7.4024325018e-02    2.8645833333e-02   -2.3437500000e-02    0.0000000000e+00    1.0000000000e-04    4.2862648071e-02   -2.8645833333e-02    2.3437500000e-02    0.0000000000e+00    1.0000000000e-04    4.5190408052e-02    1.0000000000e+30    0.0000000000e+00    1.0000000000e+30    0.0000000000e+00    1.0000000000e+30    0.0000000000e+00
  67.3600000    7.4024325018e-02    2.8645833333e-02   -2.3437500000e-02    0.0000000000e+00    1.0000000000e-04    4.2680230618e-02   -2.8645833333e-02    2.3437500000e-02    0.0000000000e+00    1.0000000000e-04    4.5192506877e-02    1.0000000000e+30    0.0000000000e+00    1.0000000000e+30    0.0000000000e+00    1.0000000000e+30    0.0000000000e+00
  67.4100000    7.4024325018e-02    2.8645833333e-02   -2.3437500000e-02    0.0000000000e+00    1.0000000000e-04    4.2554144125e-02   -2.8645833333e-02    2.3437500000e-02    0.0000000000e+00    1.0000000000e-04    4.5237479972e-02    1.0000000000e+30    0.0000000000e+00    1.0000000000e+30    0.0000000000e+00    1.0000000000e+30    0.0000000000e+00
  67.4600000    7.0270290185e-02    2.8645833333e-02   -2.3437500000e-02    0.0000000000e+00    1.0000000000e-04    4.2479495504e-02   -2.5390625000e-02    2.1484375000e-02    0.0000000000e+00    1.0000000000e-04    4.5320690936e-02    1.0000000000e+30    0.0000000000e+00    1.0000000000e+30    0.0000000000e+00    1.0000000000e+30    0.0000000000e+00
  67.5100000    7.0270290185e-02    2.8645833333e-02   -2.3437500000e-02    0.0000000000e+00    1.0000000000e-04    4.2451647376e-02   -2.5390625000e-02    2.1484375000e-02    0.0000000000e+00    1.0000000000e-04    4.5437830307e-02    1.0000000000e+30    0.0000000000e+00    1.0000000000e+30    0.0000000000e+00    1.0000000000e+30    0.0000000000e+00
  67.5600000    7.0270290185e-02    2.8645833333e-02   -2.3437500000e-02    0.0000000000e+00    1.0000000000e-04    4.2466230352e-02   -2.5390625000e-02    2.1484375000e-02    0.0000000000e+00    1.0000000000e-04    4.5584915973e-02    1.0000000000e+30    0.0000000000e+00    1.0000000000e+30    0.0000000000e+00    1.0000000000e+30    0.0000000000e+00
  67.6100000    7.0270290185e-02    2.8645833333e-02   -2.3437500000e-02    0.0000000000e+00    1.0000000000e-04    4.2519146553e-02   -2.5390625000e-02    2.1484375000e-02    0.0000000000e+00    1.0000000000e-04    4.5758287207e-02    1.0000000000e+30    0.0000000000e+00    1.0000000000e+30    0.0000000000e+00    1.0000000000e+30    0.0000000000e+00
  67.6600000    6.6521040492e-02    2.5390625000e-02   -2.1484375000e-02    0.0000000000e+00    1.0000000000e-04    4.2606568938e-02   -2.5390625000e-02    2.1484375000e-02    0.0000000000e+00    1.0000000000e-04    4.5954598572e-02    1.0000000000e+30    0.0000000000e+00    1.0000000000e+30    0.0000000000e+00    1.0000000000e+30    0.0000000000e+00
  67.7100000    6.6521040492e-02    2.5390625000e-02   -2.1484375000e-02    0.0000000000e+00    1.0000000000e-04    4.2724935867e-02   -2.5390625000e-02    2.1484375000e-02    0.0000000000e+00    1.0000000000e-04    4.6170808622e-02    1.0000000000e+30    0.0000000000e+00    1.0000000000e+30    0.0000000000e+00    1.0000000000e+30    0.0000000000e+00
  67.7600000    6.6521040492e-02    2.5390625000e-02   -2.1484375000e-02    0.0000000000e+00    1.0000000000e-04    4.2870937904e-02   -2.5390625000e-02    2.1484375000e-02    0.0000000000e+00    1.0000000000e-04    4.6404164245e-02    1.0000000000e+30    0.0000000000e+00    1.0000000000e+30    0.0000000000e+00    1.0000000000e+30    0.0000000000e+00
  67.8100000    6.8282459462e-02    2.7901785714e-02   -2.1205357143e-02    0.0000000000e+00    1.0000000000e-04    4.3041507965e-02   -2.5390625000e-02    2.1484375000e-02    0.0000000000e+00    1.0000000000e-04    4.6652186464e-02    1.0000000000e+30    0.0000000000e+00    1.0000000000e+30    0.0000000000e+00    1.0000000000e+30    0.0000000000e+00
  67.8600000    6.8282459462e-02    2.7901785714e-02   -2.1205357143e-02    0.0000000000e+00    1.0000000000e-04    4.3233810088e-02   -2.5390625000e-02    2.1484375000e-02    0.0000000000e+00    1.0000000000e-04    4.6912652787e-02    1.0000000000e+30    0.0000000000e+00    1.0000000000e+30    0.0000000000e+00    1.0000000000e+30    0.0000000000e+00
  67.9100000    6.6591222724e-02    2.7901785714e-02   -2.1205357143e-02    0.0000000000e+00    1.0000000000e-04    4.3445225156e-02   -2.3437500000e-02    2.1205357143e-02    0.0000000000e+00    1.0000000000e-04    4.7021244705e-02    1.0000000000e+30    0.0000000000e+00    1.0000000000e+30    0.0000000000e+00    1.0000000000e+30    0.0000000000e+00
  67.9600000    6.6591222724e-02    2.7901785714e-02   -2.1205357143e-02    0.0000000000e+00    1.0000000000e-04    4.3673335687e-02   -2.3437500000e-02    2.1205357143e-02    0.0000000000e+00    1.0000000000e-04    4.6731442626e-02    1.0000000000e+30    0.0000000000e+00    1.0000000000e+30    0.0000000000e+00    1.0000000000e+30    0.0000000000e+00
  68.0100000    6.6591222724e-02    2.7901785714e-02   -2.1205357143e-02    0.0000000000e+00    1.0000000000e-04    4.3915910625e-02   -2.3437500000e-02    2.1205357143e-02    0.0000000000e+00    1.0000000000e-04    4.6493664738e-02    1.0000000000e+30    0.0000000000e+00    1.0000000000e+30    0.0000000000e+00    1.0000000000e+30    0.0000000000e+00
  68.0600000    6.9151536137e-02    2.6041666667e-02   -2.0833333333e-02    0.0000000000e+00    1.0000000000e-04    4.4170893952e-02   -2.5390625000e-02    2.5390625000e-02    0.0000000000e+00    1.0000000000e-04    4.6304241611e-02    1.0000000000e+30    0.0000000000e+00    1.0000000000e+30    0.0000000000e+00    1.0000000000e+30    0.0000000000e+00
  68.1100000    7.1220943895e-02    2.6041666667e-02   -2.0833333333e-02    0.0000000000e+00    1.0000000000e-04    4.4226133020e-02   -2.7901785714e-02    2.5669642857e-02    0.0000000000e+00    1.0000000000e-04    4.6159566439e-02    1.0000000000e+30    0.0000000000e+00    1.0000000000e+30    0.0000000000e+00    1.0000000000e+30    0.0000000000e+00
  68.1600000    7.1220943895e-02    2.6041666667e-02   -2.0833333333e-02    0.0000000000e+00    1.0000000000e-04    4.3975222739e-02   -2.7901785714e-02    2.5669642857e-02    0.0000000000e+00    1.0000000000e-04    4.6056106180e-02    1.0000000000e+30    0.0000000000e+00    1.0000000000e+30    0.0000000000e+00    1.0000000000e+30    0.0000000000e+00
  68.2100000    8.8388347648e-02    2.6041666667e-02   -2.0833333333e-02    0.0000000000e+00    1.0000000000e-04    4.3772044510e-02   -3.6458333333e-02    4.1666666667e-02    0.0000000000e+00    1.0000000000e-04    4.5990431598e-02    1.0000000000e+30    0.0000000000e+00    1.0000000000e+30    0.0000000000e+00    1.0000000000e+30    0.0000000000e+00
  68.2600000    8.8388347648e-02    2.6041666667e-02   -2.0833333333e-02    0.0000000000e+00    1.0000000000e-04    4.3612964474e-02   -3.6458333333e-02    4.1666666667e-02    0.0000000000e+00    1.0000000000e-04    4.5959217711e-02    1.0000000000e+30    0.0000000000e+00    1.0000000000e+30    0.0000000000e+00    1.0000000000e+30    0.0000000000e+00
  68.3100000    8.8749505963e-02    2.7901785714e-02   -2.5669642857e-02    0.0000000000e+00    1.0000000000e-04    4.3494422724e-02   -3.2812500000e-02    3.9062500000e-02    0.0000000000e+00    1.0000000000e-04    4.5959265210e-02    1.0000000000e+30    0.0000000000e+00    1.0000000000e+30    0.0000000000e+00    1.0000000000e+30    0.0000000000e+00
  68.3600000    8.8749505963e-02    2.7901785714e-02   -2.5669642857e-02    0.0000000000e+00    1.0000000000e-04    4.3412947237e-02   -3.2812500000e-02    3.9062500000e-02    0.0000000000e+00    1.0000000000e-04    4.5987513408e-02    1.0000000000e+30    0.0000000000e+00    1.0000000000e+30    0.0000000000e+00    1.0000000000e+30    0.0000000000e+00
  68.4100000    9.5120195345e-02    3.1250000000e-02   -3.1250000000e-02    0.0000000000e+00    1.0000000000e-04    4.3365157458e-02   -3.2812500000e-02    3.9062500000e-02    0.0000000000e+00    1.0000000000e-04    4.6041041181e-02    1.0000000000e+30    0.0000000000e+00    1.0000000000e+30    0.0000000000e+00    1.0000000000e+30    0.0000000000e+00
  68.4600000    9.3386157392e-02    2.8645833333e-02   -3.1250000000e-02    0.0000000000e+00    1.0000000000e-04    4.3347809385e-02   -3.2812500000e-02    3.9062500000e-02    0.0000000000e+00    1.0000000000e-04    4.6117080205e-02    1.0000000000e+30    0.0000000000e+00    1.0000000000e+30    0.0000000000e+00    1.0000000000e+30    0.0000000000e+00
  68.5100000    9.2365353390e-02    2.8645833333e-02   -3.1250000000e-02    0.0000000000e+00    1.0000000000e-04    4.3357799862e-02   -3.1250000000e-02    3.9062500000e-02    0.0000000000e+00    1.0000000000e-04    4.6213013139e-02    1.0000000000e+30    0.0000000000e+00    1.0000000000e+30    0.0000000000e+00    1.0000000000e+30    0.0000000000e+00
  68.5600000    9.2365353390e-02    2.8645833333e-02   -3.1250000000e-02    0.0000000000e+00    1.0000000000e-04    4.3392177677e-02   -3.1250000000e-02    3.9062500000e-02    0.0000000000e+00    1.0000000000e-04    4.6326377188e-02    1.0000000000e+30    0.0000000000e+00    1.0000000000e+30    0.0000000000e+00    1.0000000000e+30    0.0000000000e+00
  68.6100000    9.3227711814e-02    3.2812500000e-02   -3.9062500000e-02    0.0000000000e+00    1.0000000000e-04    4.3448148265e-02   -2.6562500000e-02    3.2812500000e-02    0.0000000000e+00    1.0000000000e-04    4.6454862337e-02    1.0000000000e+30    0.0000000000e+00    1.0000000000e+30    0.0000000000e+00    1.0000000000e+30    0.0000000000e+00
  68.6600000    9.3227711814e-02    3.2812500000e-02   -3.9062500000e-02    0.0000000000e+00    1.0000000000e-04    4.3523081438e-02   -2.6562500000e-02    3.2812500000e-02    0.0000000000e+00    1.0000000000e-04    4.6537204302e-02    1.0000000000e+30    0.0000000000e+00    1.0000000000e+30    0.0000000000e+00    1.0000000000e+30    0.0000000000e+00
  68.7100000    8.3725072083e-02    2.7343750000e-02   -3.1250000000e-02    0.0000000000e+00    1.0000000000e-04    4.3614511214e-02   -2.6562500000e-02    3.2812500000e-02    0.0000000000e+00    1.0000000000e-04    4.6581682144e-02    1.0000000000e+30    0.0000000000e+00    1.0000000000e+30    0.0000000000e+00    1.0000000000e+30    0.0000000000e+00
  68.7600000    8.3725072083e-02    2.7343750000e-02   -3.1250000000e-02    0.0000000000e+00    1.0000000000e-04    4.3720141752e-02   -2.6562500000e-02    3.2812500000e-02    0.0000000000e+00    1.0000000000e-04    4.6650162148e-02    1.0000000000e+30    0.0000000000e+00    1.0000000000e+30    0.0000000000e+00    1.0000000000e+30    0.0000000000e+00
  68.8100000    8.3725072083e-02    2.7343750000e-02   -3.1250000000e-02    0.0000000000e+00    1.0000000000e-04    4.3837849952e-02   -2.6562500000e-02    3.2812500000e-02    0.0000000000e+00    1.0000000000e-04    4.6741034710e-02    1.0000000000e+30    0.0000000000e+00    1.0000000000e+30    0.0000000000e+00    1.0000000000e+30    0.0000000000e+00
  68.8600000    8.3725072083e-02    2.7343750000e-02   -3.1250000000e-02    0.0000000000e+00    1.0000000000e-04    4.3941012498e-02   -2.6562500000e-02    3.2812500000e-02    0.0000000000e+00    1.0000000000e-04    4.6852710347e-02    1.0000000000e+30    0.0000000000e+00    1.0000000000e+30    0.0000000000e+00    1.0000000000e+30    0.0000000000e+00
  68.9100000    8.4432850538e-02    2.6562500000e-02   -3.2812500000e-02    0.0000000000e+00    1.0000000000e-04    4.3983336996e-02   -2.6562500000e-02    3.2812500000e-02    0.0000000000e+00    1.0000000000e-04    4.6983623064e-02    1.0000000000e+30    0.0000000000e+00    1.0000000000e+30    0.0000000000e+00    1.0000000000e+30    0.0000000000e+00
  68.9600000    8.1265022650e-02    2.6562500000e-02   -3.2812500000e-02    0.0000000000e+00    1.0000000000e-04    4.4048162811e-02   -2.3437500000e-02    3.1250000000e-02    0.0000000000e+00    1.0000000000e-04    4.7132234491e-02    1.0000000000e+30    0.0000000000e+00    1.0000000000e+30    0.0000000000e+00    1.0000000000e+30    0.0000000000e+00
  69.0100000    8.1265022650e-02    2.6562500000e-02   -3.2812500000e-02    0.0000000000e+00    1.0000000000e-04    4.4133671625e-02   -2.3437500000e-02    3.1250000000e-02    0.0000000000e+00    1.0000000000e-04    4.7297034286e-02    1.0000000000e+30    0.0000000000e+00    1.0000000000e+30    0.0000000000e+00    1.0000000000e+30    0.0000000000e+00
  69.0600000    8.1265022650e-02    2.6562500000e-02   -3.2812500000e-02    0.0000000000e+00    1.0000000000e-04    4.4238080907e-02   -2.3437500000e-02    3.1250000000e-02    0.0000000000e+00    1.0000000000e-04    4.7476541366e-02    1.0000000000e+30    0.0000000000e+00    1.0000000000e+30    0.0000000000e+00    1.0000000000e+30    0.0000000000e+00
  69.1100000    8.1265022650e-02    2.6562500000e-02   -3.2812500000e-02    0.0000000000e+00    1.0000000000e-04    4.4359652041e-02   -2.3437500000e-02    3.1250000000e-02    0.0000000000e+00    1.0000000000e-04    4.7669310391e-02    1.0000000000e+30    0.0000000000e+00    1.0000000000e+30    0.0000000000e+00    1.0000000000e+30    0.0000000000e+00
  69.1600000    7.8125000000e-02    2.3437500000e-02   -3.1250000000e-02    0.0000000000e+00    1.0000000000e-04    4.4496704498e-02   -2.3437500000e-02    3.1250000000e-02    0.0000000000e+00    1.0000000000e-04    4.7634946057e-02    1.0000000000e+30    0.0000000000e+00    1.0000000000e+30    0.0000000000e+00    1.0000000000e+30    0.0000000000e+00
  69.2100000    7.5016274276e-02    2.3437500000e-02   -3.1250000000e-02    0.0000000000e+00    1.0000000000e-04    4.4647626625e-02   -2.0312500000e-02    2.9687500000e-02    0.0000000000e+00    1.0000000000e-04    4.7527559571e-02    1.0000000000e+30    0.0000000000e+00    1.0000000000e+30    0.0000000000e+00    1.0000000000e+30    0.0000000000e+00
  69.2600000    7.5016274276e-02    2.3437500000e-02   -3.1250000000e-02    0.0000000000e+00    1.0000000000e-04    4.4810881803e-02   -2.0312500000e-02    2.9687500000e-02    0.0000000000e+00    1.0000000000e-04    4.7444838579e-02    1.0000000000e+30    0.0000000000e+00    1.0000000000e+30    0.0000000000e+00    1.0000000000e+30    0.0000000000e+00
  69.3100000    7.5016274276e-02    2.3437500000e-02   -3.1250000000e-02    0.0000000000e+00    1.0000000000e-04    4.4985015512e-02   -2.0312500000e-02    2.9687500000e-02    0.0000000000e+00    1.0000000000e-04    4.7384426159e-02    1.0000000000e+30    0.0000000000e+00    1.0000000000e+30    0.0000000000e+00    1.0000000000e+30    0.0000000000e+00
  69.3600000    8.2350980734e-02    2.3437500000e-02   -3.1250000000e-02    0.0000000000e+00    1.0000000000e-04    4.5168660553e-02   -2.3437500000e-02    3.6458333333e-02    0.0000000000e+00    1.0000000000e-04    4.7344123824e-02    1.0000000000e+30    0.0000000000e+00    1.0000000000e+30    0.0000000000e+00    1.0000000000e+30    0.0000000000e+00
  69.4100000    8.2350980734e-02    2.3437500000e-02   -3.1250000000e-02    0.0000000000e+00    1.0000000000e-04    4.5360538656e-02   -2.3437500000e-02    3.6458333333e-02    0.0000000000e+00    1.0000000000e-04    4.7321885634e-02    1.0000000000e+30    0.0000000000e+00    1.0000000000e+30    0.0000000000e+00    1.0000000000e+30    0.0000000000e+00
  69.4600000    8.2350980734e-02    2.3437500000e-02   -3.1250000000e-02    0.0000000000e+00    1.0000000000e-04    4.5450104755e-02   -2.3437500000e-02    3.6458333333e-02    0.0000000000e+00    1.0000000000e-04    4.7315817469e-02    1.0000000000e+30    0.0000000000e+00    1.0000000000e+30    0.0000000000e+00    1.0000000000e+30    0.0000000000e+00
  69.5100000    8.2350980734e-02    2.3437500000e-02   -3.1250000000e-02    0.0000000000e+00    1.0000000000e-04    4.5373543569e-02   -2.3437500000e-02    3.6458333333e-02    0.0000000000e+00    1.0000000000e-04    4.7324182453e-02    1.0000000000e+30    0.0000000000e+00    1.0000000000e+30    0.0000000000e+00    1.0000000000e+30    0.0000000000e+00
  69.5600000    8.2350980734e-02    2.3437500000e-02   -3.1250000000e-02    0.0000000000e+00    1.0000000000e-04    4.5313783733e-02   -2.3437500000e-02    3.6458333333e-02    0.0000000000e+00    1.0000000000e-04    4.7345393701e-02    1.0000000000e+30    0.0000000000e+00    1.0000000000e+30    0.0000000000e+00    1.0000000000e+30    0.0000000000e+00
  69.6100000    8.2350980734e-02    2.3437500000e-02   -3.1250000000e-02    0.0000000000e+00    1.0000000000e-04    4.5269191606e-02   -2.3437500000e-02    3.6458333333e-02    0.0000000000e+00    1.0000000000e-04    4.7378009756e-02    1.0000000000e+30    0.0000000000e+00    1.0000000000e+30    0.0000000000e+00    1.0000000000e+30    0.0000000000e+00
  69.6600000    8.2350980734e-02    2.3437500000e-02   -3.1250000000e-02    0.0000000000e+00    1.0000000000e-04    4.5238291880e-02   -2.3437500000e-02    3.6458333333e-02    0.0000000000e+00    1.0000000000e-04    4.7420729149e-02    1.0000000000e+30    0.0000000000e+00    1.0000000000e+30    0.0000000000e+00    1.0000000000e+30    0.0000000000e+00
  69.7100000    8.2350980734e-02    2.3437500000e-02   -3.1250000000e-02    0.0000000000e+00    1.0000000000e-04    4.5219763131e-02   -2.3437500000e-02    3.6458333333e-02    0.0000000000e+00    1.0000000000e-04    4.7472383865e-02    1.0000000000e+30    0.0000000000e+00    1.0000000000e+30    0.0000000000e+00    1.0000000000e+30    0.0000000000e+00
  69.7600000    8.4505108019e-02    2.3437500000e-02   -3.1250000000e-02    0.0000000000e+00    1.0000000000e-04    4.5212431770e-02   -2.3437500000e-02    3.9062500000e-02    0.0000000000e+00    1.0000000000e-04    4.7531932535e-02    1.0000000000e+30    0.0000000000e+00    1.0000000000e+30    0.0000000000e+00    1.0000000000e+30    0.0000000000e+00
  69.8100000    8.1490030065e-02    2.0312500000e-02   -2.9687500000e-02    0.0000000000e+00    1.0000000000e-04    4.5215264047e-02   -2.3437500000e-02    3.9062500000e-02    0.0000000000e+00    1.0000000000e-04    4.7598453073e-02    1.0000000000e+30    0.0000000000e+00    1.0000000000e+30    0.0000000000e+00    1.0000000000e+30    0.0000000000e+00
  69.8600000    8.1490030065e-02    2.0312500000e-02   -2.9687500000e-02    0.0000000000e+00    1.0000000000e-04    4.5227354569e-02   -2.3437500000e-02    3.9062500000e-02    0.0000000000e+00    1.0000000000e-04    4.7671131368e-02    1.0000000000e+30    0.0000000000e+00    1.0000000000e+30    0.0000000000e+00    1.0000000000e+30    0.0000000000e+00
  69.9100000    8.3698743125e-02    2.0312500000e-02   -2.9687500000e-02    0.0000000000e+00    1.0000000000e-04    4.5247916191e-02   -2.3437500000e-02    4.1666666667e-02    0.0000000000e+00    1.0000000000e-04    4.7749262699e-02    1.0000000000e+30    0.0000000000e+00    1.0000000000e+30    0.0000000000e+00    1.0000000000e+30    0.0000000000e+00
  69.9600000    7.9855827120e-02    2.0312500000e-02   -2.9687500000e-02    0.0000000000e+00    1.0000000000e-04    4.5276279109e-02   -2.0312500000e-02    3.9062500000e-02    0.0000000000e+00    1.0000000000e-04    4.7832236058e-02    1.0000000000e+30    0.0000000000e+00    1.0000000000e+30    0.0000000000e+00    1.0000000000e+30    0.0000000000e+00
  70.0100000    7.4617441572e-02    2.0833333333e-02   -3.3854166667e-02    0.0000000000e+00    1.0000000000e-04    4.5311875269e-02   -1.5625000000e-02    3.1250000000e-02    0.0000000000e+00    1.0000000000e-04    4.7919527024e-02    1.0000000000e+30    0.0000000000e+00    1.0000000000e+30    0.0000000000e+00    1.0000000000e+30    0.0000000000e+00
  70.0600000    7.4617441572e-02    2.0833333333e-02   -3.3854166667e-02    0.0000000000e+00    1.0000000000e-04    4.5354229707e-02   -1.5625000000e-02    3.1250000000e-02    0.0000000000e+00    1.0000000000e-04    4.8010691819e-02    1.0000000000e+30    0.0000000000e+00    1.0000000000e+30    0.0000000000e+00    1.0000000000e+30    0.0000000000e+00
  70.1100000    7.4617441572e-02    2.0833333333e-02   -3.3854166667e-02    0.0000000000e+00    1.0000000000e-04    4.5402948880e-02   -1.5625000000e-02    3.1250000000e-02    0.0000000000e+00    1.0000000000e-04    4.8105362344e-02    1.0000000000e+30    0.0000000000e+00    1.0000000000e+30    0.0000000000e+00    1.0000000000e+30    0.0000000000e+00
  70.1600000    7.4617441572e-02    2.0833333333e-02   -3.3854166667e-02    0.0000000000e+00    1.0000000000e-04    4.5457720009e-02   -1.5625000000e-02    3.1250000000e-02    0.0000000000e+00    1.0000000000e-04    4.8203241445e-02    1.0000000000e+30    0.0000000000e+00    1.0000000000e+30    0.0000000000e+00    1.0000000000e+30    0.0000000000e+00
  70.2100000    6.9210108095e-02    1.7187500000e-02   -2.9687500000e-02    0.0000000000e+00    1.0000000000e-04    4.5518300210e-02   -1.5625000000e-02    3.1250000000e-02    0.0000000000e+00    1.0000000000e-04    4.8304094777e-02    1.0000000000e+30    0.0000000000e+00    1.0000000000e+30    0.0000000000e+00    1.0000000000e+30    0.0000000000e+00
  70.2600000    6.9210108095e-02    1.7187500000e-02   -2.9687500000e-02    0.0000000000e+00    1.0000000000e-04    4.5584508257e-02   -1.5625000000e-02    3.1250000000e-02    0.0000000000e+00    1.0000000000e-04    4.8407746064e-02    1.0000000000e+30    0.0000000000e+00    1.0000000000e+30    0.0000000000e+00    1.0000000000e+30    0.0000000000e+00
  70.3100000    6.9877124297e-02    1.5625000000e-02   -3.1250000000e-02    0.0000000000e+00    1.0000000000e-04    4.5656216725e-02   -1.5625000000e-02    3.1250000000e-02    0.0000000000e+00    1.0000000000e-04    4.8514071156e-02    1.0000000000e+30    0.0000000000e+00    1.0000000000e+30    0.0000000000e+00    1.0000000000e+30    0.0000000000e+00
  70.3600000    6.9877124297e-02    1.5625000000e-02   -3.1250000000e-02    0.0000000000e+00    1.0000000000e-04    4.5733345033e-02   -1.5625000000e-02    3.1250000000e-02    0.0000000000e+00    1.0000000000e-04    4.8622991849e-02    1.0000000000e+30    0.0000000000e+00    1.0000000000e+30    0.0000000000e+00    1.0000000000e+30    0.0000000000e+00
  70.4100000    6.9877124297e-02    1.5625000000e-02   -3.1250000000e-02    0.0000000000e+00    1.0000000000e-04    4.5815851965e-02   -1.5625000000e-02    3.1250000000e-02    0.0000000000e+00    1.0000000000e-04    4.8734469932e-02    1.0000000000e+30    0.0000000000e+00    1.0000000000e+30    0.0000000000e+00    1.0000000000e+30    0.0000000000e+00
  70.4600000    6.9877124297e-02    1.5625000000e-02   -3.1250000000e-02    0.0000000000e+00    1.0000000000e-04    4.5903728638e-02   -1.5625000000e-02    3.1250000000e-02    0.0000000000e+00    1.0000000000e-04    4.8848501892e-02    1.0000000000e+30    0.0000000000e+00    1.0000000000e+30    0.0000000000e+00    1.0000000000e+30    0.0000000000e+00
  70.5100000    6.9877124297e-02    1.5625000000e-02   -3.1250000000e-02    0.0000000000e+00    1.0000000000e-04    4.5996992434e-02   -1.5625000000e-02    3.1250000000e-02    0.0000000000e+00    1.0000000000e-04    4.8965113869e-02    1.0000000000e+30    0.0000000000e+00    1.0000000000e+30    0.0000000000e+00    1.0000000000e+30    0.0000000000e+00
  70.5600000    6.9877124297e-02    1.5625000000e-02   -3.1250000000e-02    0.0000000000e+00    1.0000000000e-04    4.6095681622e-02   -1.5625000000e-02    3.1250000000e-02    0.0000000000e+00    1.0000000000e-04    4.9084357329e-02    1.0000000000e+30    0.0000000000e+00    1.0000000000e+30    0.0000000000e+00    1.0000000000e+30    0.0000000000e+00
  70.6100000    6.9877124297e-02    1.5625000000e-02   -3.1250000000e-02    0.0000000000e+00    1.0000000000e-04    4.6199850710e-02   -1.5625000000e-02    3.1250000000e-02    0.0000000000e+00    1.0000000000e-04    4.9206305273e-02    1.0000000000e+30    0.0000000000e+00    1.0000000000e+30    0.0000000000e+00    1.0000000000e+30    0.0000000000e+00
  70.6600000    6.9877124297e-02    1.5625000000e-02   -3.1250000000e-02    0.0000000000e+00    1.0000000000e-04    4.6309566215e-02   -1.5625000000e-02    3.1250000000e-02    0.0000000000e+00    1.0000000000e-04    4.9331048786e-02    1.0000000000e+30    0.0000000000e+00    1.0000000000e+30    0.0000000000e+00    1.0000000000e+30    0.0000000000e+00
  70.7100000    6.9877124297e-02    1.5625000000e-02   -3.1250000000e-02    0.0000000000e+00    1.0000000000e-04    4.6424902644e-02   -1.5625000000e-02    3.1250000000e-02    0.0000000000e+00    1.0000000000e-04    4.9458693789e-02    1.0000000000e+30    0.0000000000e+00    1.0000000000e+30    0.0000000000e+00    1.0000000000e+30    0.0000000000e+00
  70.7600000    6.9877124297e-02    1.5625000000e-02   -3.1250000000e-02    0.0000000000e+00    1.0000000000e-04    4.6545938306e-02   -1.5625000000e-02    3.1250000000e-02    0.0000000000e+00    1.0000000000e-04    4.9589357436e-02    1.0000000000e+30    0.0000000000e+00    1.0000000000e+30    0.0000000000e+00    1.0000000000e+30    0.0000000000e+00
  70.8100000    6.9877124297e-02    1.5625000000e-02   -3.1250000000e-02    0.0000000000e+00    1.0000000000e-04    4.6672751163e-02   -1.5625000000e-02    3.1250000000e-02    0.0000000000e+00    1.0000000000e-04    4.9723164033e-02    1.0000000000e+30    0.0000000000e+00    1.0000000000e+30    0.0000000000e+00    1.0000000000e+30    0.0000000000e+00
  70.8600000    6.9877124297e-02    1.5625000000e-02   -3.1250000000e-02    0.0000000000e+00    1.0000000000e-04    4.6805414891e-02   -1.5625000000e-02    3.1250000000e-02    0.0000000000e+00    1.0000000000e-04    4.9860240686e-02    1.0000000000e+30    0.0000000000e+00    1.0000000000e+30    0.0000000000e+00    1.0000000000e+30    0.0000000000e+00
  70.9100000    7.0607022048e-02    1.5625000000e-02   -3.1250000000e-02    0.0000000000e+00    1.0000000000e-04    4.6943995351e-02   -1.4062500000e-02    3.2812500000e-02    0.0000000000e+00    1.0000000000e-04    5.0000712965e-02    1.0000000000e+30    0.0000000000e+00    1.0000000000e+30    0.0000000000e+00    1.0000000000e+30    0.0000000000e+00
  70.9600000    7.0607022048e-02    1.5625000000e-02   -3.1250000000e-02    0.0000000000e+00    1.0000000000e-04    4.7088547716e-02   -1.4062500000e-02    3.2812500000e-02    0.0000000000e+00    1.0000000000e-04    5.0044901066e-02    1.0000000000e+30    0.0000000000e+00    1.0000000000e+30    0.0000000000e+00    1.0000000000e+30    0.0000000000e+00
  71.0100000    7.0607022048e-02    1.5625000000e-02   -3.1250000000e-02    0.0000000000e+00    1.0000000000e-04    4.7239114721e-02   -1.4062500000e-02    3.2812500000e-02    0.0000000000e+00    1.0000000000e-04    5.0024526640e-02    1.0000000000e+30    0.0000000000e+00    1.0000000000e+30    0.0000000000e+00    1.0000000000e+30    0.0000000000e+00
  71.0600000    7.0607022048e-02    1.5625000000e-02   -3.1250000000e-02    0.0000000000e+00    1.0000000000e-04    4.7395724848e-02   -1.4062500000e-02    3.2812500000e-02    0.0000000000e+00    1.0000000000e-04    5.0013664486e-02    1.0000000000e+30    0.0000000000e+00    1.0000000000e+30    0.0000000000e+00    1.0000000000e+30    0.0000000000e+00
  71.1100000    7.0607022048e-02    1.5625000000e-02   -3.1250000000e-02    0.0000000000e+00    1.0000000000e-04    4.7558393129e-02   -1.4062500000e-02    3.2812500000e-02    0.0000000000e+00    1.0000000000e-04    5.0012224472e-02    1.0000000000e+30    0.0000000000e+00    1.0000000000e+30    0.0000000000e+00    1.0000000000e+30    0.0000000000e+00
  71.1600000    7.0607022048e-02    1.5625000000e-02   -3.1250000000e-02    0.0000000000e+00    1.0000000000e-04    4.7727121495e-02   -1.4062500000e-02    3.2812500000e-02    0.0000000000e+00    1.0000000000e-04    5.0020114710e-02    1.0000000000e+30    0.0000000000e+00    1.0000000000e+30    0.0000000000e+00    1.0000000000e+30    0.0000000000e+00
  71.2100000    7.0607022048e-02    1.5625000000e-02   -3.1250000000e-02    0.0000000000e+00    1.0000000000e-04    4.7901899196e-02   -1.4062500000e-02    3.2812500000e-02    0.0000000000e+00    1.0000000000e-04    5.0037239840e-02    1.0000000000e+30    0.0000000000e+00    1.0000000000e+30    0.0000000000e+00    1.0000000000e+30    0.0000000000e+00
  71.2600000    7.0607022048e-02    1.5625000000e-02   -3.1250000000e-02    0.0000000000e+00    1.0000000000e-04    4.8082702760e-02   -1.4062500000e-02    3.2812500000e-02    0.0000000000e+00    1.0000000000e-04    5.0063500109e-02    1.0000000000e+30    0.0000000000e+00    1.0000000000e+30    0.0000000000e+00    1.0000000000e+30    0.0000000000e+00
  71.3100000    7.0607022048e-02    1.5625000000e-02   -3.1250000000e-02    0.0000000000e+00    1.0000000000e-04    4.8269495775e-02   -1.4062500000e-02    3.2812500000e-02    0.0000000000e+00    1.0000000000e-04    5.0098791126e-02    1.0000000000e+30    0.0000000000e+00    1.0000000000e+30    0.0000000000e+00    1.0000000000e+30    0.0000000000e+00
  71.3600000    7.1397872867e-02    1.4062500000e-02   -3.2812500000e-02    0.0000000000e+00    1.0000000000e-04    4.8462228443e-02   -1.4062500000e-02    3.2812500000e-02    0.0000000000e+00    1.0000000000e-04    5.0143003765e-02    1.0000000000e+30    0.0000000000e+00    1.0000000000e+30    0.0000000000e+00    1.0000000000e+30    0.0000000000e+00
  71.4100000    6.2404984200e-02    1.3020833333e-02   -2.6041666667e-02    0.0000000000e+00    1.0000000000e-04    4.8660836617e-02   -1.1718750000e-02    3.1250000000e-02    0.0000000000e+00    1.0000000000e-04    5.0196024413e-02    1.0000000000e+30    0.0000000000e+00    1.0000000000e+30    0.0000000000e+00    1.0000000000e+30    0.0000000000e+00
  71.4600000    6.2404984200e-02    1.3020833333e-02   -2.6041666667e-02    0.0000000000e+00    1.0000000000e-04    4.8865243373e-02   -1.1718750000e-02    3.1250000000e-02    0.0000000000e+00    1.0000000000e-04    5.0257736201e-02    1.0000000000e+30    0.0000000000e+00    1.0000000000e+30    0.0000000000e+00    1.0000000000e+30    0.0000000000e+00
  71.5100000    6.2404984200e-02    1.3020833333e-02   -2.6041666667e-02    0.0000000000e+00    1.0000000000e-04    4.8958755620e-02   -1.1718750000e-02    3.1250000000e-02    0.0000000000e+00    1.0000000000e-04    5.0241504165e-02    1.0000000000e+30    0.0000000000e+00    1.0000000000e+30    0.0000000000e+00    1.0000000000e+30    0.0000000000e+00
  71.5600000    6.2404984200e-02    1.3020833333e-02   -2.6041666667e-02    0.0000000000e+00    1.0000000000e-04    4.9031647914e-02   -1.1718750000e-02    3.1250000000e-02    0.0000000000e+00    1.0000000000e-04    5.0060087797e-02    1.0000000000e+30    0.0000000000e+00    1.0000000000e+30    0.0000000000e+00    1.0000000000e+30    0.0000000000e+00
  71.6100000    6.2404984200e-02    1.3020833333e-02   -2.6041666667e-02    0.0000000000e+00    1.0000000000e-04    4.9113960938e-02   -1.1718750000e-02    3.1250000000e-02    0.0000000000e+00    1.0000000000e-04    4.9880730073e-02    1.0000000000e+30    0.0000000000e+00    1.0000000000e+30    0.0000000000e+00    1.0000000000e+30    0.0000000000e+00
  71.6600000    6.2404984200e-02    1.3020833333e-02   -2.6041666667e-02    0.0000000000e+00    1.0000000000e-04    4.9205470613e-02   -1.1718750000e-02    3.1250000000e-02    0.0000000000e+00    1.0000000000e-04    4.9700230675e-02    1.0000000000e+30    0.0000000000e+00    1.0000000000e+30    0.0000000000e+00    1.0000000000e+30    0.0000000000e+00
  71.7100000    6.2404984200e-02    1.3020833333e-02   -2.6041666667e-02    0.0000000000e+00    1.0000000000e-04    4.9305948789e-02   -1.1718750000e-02    3.1250000000e-02    0.0000000000e+00    1.0000000000e-04    4.9516068133e-02    1.0000000000e+30    0.0000000000e+00    1.0000000000e+30    0.0000000000e+00    1.0000000000e+30    0.0000000000e+00
  71.7600000    6.2404984200e-02    1.3020833333e-02   -2.6041666667e-02    0.0000000000e+00    1.0000000000e-04    4.9154803859e-02   -1.1718750000e-02    3.1250000000e-02    0.0000000000e+00    1.0000000000e-04    4.9331209699e-02    1.0000000000e+30    0.0000000000e+00    1.0000000000e+30    0.0000000000e+00    1.0000000000e+30    0.0000000000e+00
  71.8100000    6.2404984200e-02    1.3020833333e-02   -2.6041666667e-02    0.0000000000e+00    1.0000000000e-04    4.8983953789e-02   -1.1718750000e-02    3.1250000000e-02    0.0000000000e+00    1.0000000000e-04    4.9148280787e-02    1.0000000000e+30    0.0000000000e+00    1.0000000000e+30    0.0000000000e+00    1.0000000000e+30    0.0000000000e+00
  71.8600000    6.2404984200e-02    1.3020833333e-02   -2.6041666667e-02    0.0000000000e+00    1.0000000000e-04    4.8815067287e-02   -1.1718750000e-02    3.1250000000e-02    0.0000000000e+00    1.0000000000e-04    4.8967267485e-02    1.0000000000e+30    0.0000000000e+00    1.0000000000e+30    0.0000000000e+00    1.0000000000e+30    0.0000000000e+00
  71.9100000    6.2404984200e-02    1.3020833333e-02   -2.6041666667e-02    0.0000000000e+00    1.0000000000e-04    4.8644532044e-02   -1.1718750000e-02    3.1250000000e-02    0.0000000000e+00    1.0000000000e-04    4.8788160015e-02    1.0000000000e+30    0.0000000000e+00    1.0000000000e+30    0.0000000000e+00    1.0000000000e+30    0.0000000000e+00
  71.9600000    6.2404984200e-02    1.3020833333e-02   -2.6041666667e-02    0.0000000000e+00    1.0000000000e-04    4.8474789917e-02   -1.1718750000e-02    3.1250000000e-02    0.0000000000e+00    1.0000000000e-04    4.8610957328e-02    1.0000000000e+30    0.0000000000e+00    1.0000000000e+30    0.0000000000e+00    1.0000000000e+30    0.0000000000e+00
  72.0100000    5.9194833561e-02    1.0937500000e-02   -2.3437500000e-02    0.0000000000e+00    1.0000000000e-04    4.8304147814e-02   -1.1718750000e-02    3.1250000000e-02    0.0000000000e+00    1.0000000000e-04    4.8438165958e-02    1.0000000000e+30    0.0000000000e+00    1.0000000000e+30    0.0000000000e+00    1.0000000000e+30    0.0000000000e+00
  72.0600000    5.9194833561e-02    1.0937500000e-02   -2.3437500000e-02    0.0000000000e+00    1.0000000000e-04    4.8133499145e-02   -1.1718750000e-02    3.1250000000e-02    0.0000000000e+00    1.0000000000e-04    4.8268918849e-02    1.0000000000e+30    0.0000000000e+00    1.0000000000e+30    0.0000000000e+00    1.0000000000e+30    0.0000000000e+00
  72.1100000    5.9194833561e-02    1.0937500000e-02   -2.3437500000e-02    0.0000000000e+00    1.0000000000e-04    4.7964560207e-02   -1.1718750000e-02    3.1250000000e-02    0.0000000000e+00    1.0000000000e-04    4.8101563950e-02    1.0000000000e+30    0.0000000000e+00    1.0000000000e+30    0.0000000000e+00    1.0000000000e+30    0.0000000000e+00
  72.1600000    5.0485920067e-02    1.0937500000e-02   -2.3437500000e-02    0.0000000000e+00    1.0000000000e-04    4.7797342954e-02   -7.8125000000e-03    2.3437500000e-02    0.0000000000e+00    1.0000000000e-04    4.7929976552e-02    1.0000000000e+30    0.0000000000e+00    1.0000000000e+30    0.0000000000e+00    1.0000000000e+30    0.0000000000e+00
  72.2100000    5.0485920067e-02    1.0937500000e-02   -2.3437500000e-02    0.0000000000e+00    1.0000000000e-04    4.7632786397e-02   -7.8125000000e-03    2.3437500000e-02    0.0000000000e+00    1.0000000000e-04    4.7752533422e-02    1.0000000000e+30    0.0000000000e+00    1.0000000000e+30    0.0000000000e+00    1.0000000000e+30    0.0000000000e+00
  72.2600000    5.0485920067e-02    1.0937500000e-02   -2.3437500000e-02    0.0000000000e+00    1.0000000000e-04    4.7468774704e-02   -7.8125000000e-03    2.3437500000e-02    0.0000000000e+00    1.0000000000e-04    4.7577065877e-02    1.0000000000e+30    0.0000000000e+00    1.0000000000e+30    0.0000000000e+00    1.0000000000e+30    0.0000000000e+00
  72.3100000    5.0485920067e-02    1.0937500000e-02   -2.3437500000e-02    0.0000000000e+00    1.0000000000e-04    4.7306307149e-02   -7.8125000000e-03    2.3437500000e-02    0.0000000000e+00    1.0000000000e-04    4.7403602161e-02    1.0000000000e+30    0.0000000000e+00    1.0000000000e+30    0.0000000000e+00    1.0000000000e+30    0.0000000000e+00
  72.3600000    4.2071600056e-02    7.8125000000e-03   -1.5625000000e-02    0.0000000000e+00    1.0000000000e-04    4.7144008734e-02   -7.8125000000e-03    2.3437500000e-02    0.0000000000e+00    1.0000000000e-04    4.7233496360e-02    1.0000000000e+30    0.0000000000e+00    1.0000000000e+30    0.0000000000e+00    1.0000000000e+30    0.0000000000e+00
  72.4100000    4.2071600056e-02    7.8125000000e-03   -1.5625000000e-02    0.0000000000e+00    1.0000000000e-04    4.6977815439e-02   -7.8125000000e-03    2.3437500000e-02    0.0000000000e+00    1.0000000000e-04    4.7070695244e-02    1.0000000000e+30    0.0000000000e+00    1.0000000000e+30    0.0000000000e+00    1.0000000000e+30    0.0000000000e+00
  72.4600000    3.4938562148e-02    7.8125000000e-03   -1.5625000000e-02    0.0000000000e+00    1.0000000000e-04    4.6813418619e-02   -7.8125000000e-03    1.5625000000e-02    0.0000000000e+00    1.0000000000e-04    4.6909656229e-02    1.0000000000e+30    0.0000000000e+00    1.0000000000e+30    0.0000000000e+00    1.0000000000e+30    0.0000000000e+00
  72.5100000    3.4938562148e-02    7.8125000000e-03   -1.5625000000e-02    0.0000000000e+00    1.0000000000e-04    4.6650900504e-02   -7.8125000000e-03    1.5625000000e-02    0.0000000000e+00    1.0000000000e-04    4.6750287138e-02    1.0000000000e+30    0.0000000000e+00    1.0000000000e+30    0.0000000000e+00    1.0000000000e+30    0.0000000000e+00
  72.5600000    3.4938562148e-02    7.8125000000e-03   -1.5625000000e-02    0.0000000000e+00    1.0000000000e-04    4.6490008130e-02   -7.8125000000e-03    1.5625000000e-02    0.0000000000e+00    1.0000000000e-04    4.6592817325e-02    1.0000000000e+30    0.0000000000e+00    1.0000000000e+30    0.0000000000e+00    1.0000000000e+30    0.0000000000e+00
  72.6100000    3.4938562148e-02    7.8125000000e-03   -1.5625000000e-02    0.0000000000e+00    1.0000000000e-04    4.6330750346e-02   -7.8125000000e-03    1.5625000000e-02    0.0000000000e+00    1.0000000000e-04    4.6431673328e-02    1.0000000000e+30    0.0000000000e+00    1.0000000000e+30    0.0000000000e+00    1.0000000000e+30    0.0000000000e+00
  72.6600000    3.4938562148e-02    7.8125000000e-03   -1.5625000000e-02    0.0000000000e+00    1.0000000000e-04    4.6171618585e-02   -7.8125000000e-03    1.5625000000e-02    0.0000000000e+00    1.0000000000e-04    4.6270230282e-02    1.0000000000e+30    0.0000000000e+00    1.0000000000e+30    0.0000000000e+00    1.0000000000e+30    0.0000000000e+00
  72.7100000    3.4938562148e-02    7.8125000000e-03   -1.5625000000e-02    0.0000000000e+00    1.0000000000e-04    4.6008355166e-02   -7.8125000000e-03    1.5625000000e-02    0.0000000000e+00    1.0000000000e-04    4.6110551691e-02    1.0000000000e+30    0.0000000000e+00    1.0000000000e+30    0.0000000000e+00    1.0000000000e+30    0.0000000000e+00
  72.7600000    3.4938562148e-02    7.8125000000e-03   -1.5625000000e-02    0.0000000000e+00    1.0000000000e-04    4.5846716861e-02   -7.8125000000e-03    1.5625000000e-02    0.0000000000e+00    1.0000000000e-04    4.5952610928e-02    1.0000000000e+30    0.0000000000e+00    1.0000000000e+30    0.0000000000e+00    1.0000000000e+30    0.0000000000e+00
  72.8100000    3.4938562148e-02    7.8125000000e-03   -1.5625000000e-02    0.0000000000e+00    1.0000000000e-04    4.5686726434e-02   -7.8125000000e-03    1.5625000000e-02    0.0000000000e+00    1.0000000000e-04    4.5796380399e-02    1.0000000000e+30    0.0000000000e+00    1.0000000000e+30    0.0000000000e+00    1.0000000000e+30    0.0000000000e+00
  72.8600000    3.4938562148e-02    7.8125000000e-03   -1.5625000000e-02    0.0000000000e+00    1.0000000000e-04    4.5528400314e-02   -7.8125000000e-03    1.5625000000e-02    0.0000000000e+00    1.0000000000e-04    4.5641832277e-02    1.0000000000e+30    0.0000000000e+00    1.0000000000e+30    0.0000000000e+00    1.0000000000e+30    0.0000000000e+00
  72.9100000    3.4938562148e-02    7.8125000000e-03   -1.5625000000e-02    0.0000000000e+00    1.0000000000e-04    4.5371747200e-02   -7.8125000000e-03    1.5625000000e-02    0.0000000000e+00    1.0000000000e-04    4.5488939203e-02    1.0000000000e+30    0.0000000000e+00    1.0000000000e+30    0.0000000000e+00    1.0000000000e+30    0.0000000000e+00
  72.9600000    3.4938562148e-02    7.8125000000e-03   -1.5625000000e-02    0.0000000000e+00    1.0000000000e-04    4.5216768065e-02   -7.8125000000e-03    1.5625000000e-02    0.0000000000e+00    1.0000000000e-04    4.5337675295e-02    1.0000000000e+30    0.0000000000e+00    1.0000000000e+30    0.0000000000e+00    1.0000000000e+30    0.0000000000e+00
  73.0100000    3.4938562148e-02    7.8125000000e-03   -1.5625000000e-02    0.0000000000e+00    1.0000000000e-04    4.5063457473e-02   -7.8125000000e-03    1.5625000000e-02    0.0000000000e+00    1.0000000000e-04    4.5188017555e-02    1.0000000000e+30    0.0000000000e+00    1.0000000000e+30    0.0000000000e+00    1.0000000000e+30    0.0000000000e+00
  73.0600000    3.4938562148e-02    7.8125000000e-03   -1.5625000000e-02    0.0000000000e+00    1.0000000000e-04    4.4911805815e-02   -7.8125000000e-03    1.5625000000e-02    0.0000000000e+00    1.0000000000e-04    4.5037502367e-02    1.0000000000e+30    0.0000000000e+00    1.0000000000e+30    0.0000000000e+00    1.0000000000e+30    0.0000000000e+00
  73.1100000    3.4938562148e-02    7.8125000000e-03   -1.5625000000e-02    0.0000000000e+00    1.0000000000e-04    4.4761802039e-02   -7.8125000000e-03    1.5625000000e-02    0.0000000000e+00    1.0000000000e-04    4.4883497582e-02    1.0000000000e+30    0.0000000000e+00    1.0000000000e+30    0.0000000000e+00    1.0000000000e+30    0.0000000000e+00
  73.1600000    3.4938562148e-02    7.8125000000e-03   -1.5625000000e-02    0.0000000000e+00    1.0000000000e-04    4.4609763134e-02   -7.8125000000e-03    1.5625000000e-02    0.0000000000e+00    1.0000000000e-04    4.4730997870e-02    1.0000000000e+30    0.0000000000e+00    1.0000000000e+30    0.0000000000e+00    1.0000000000e+30    0.0000000000e+00
  73.2100000    3.4938562148e-02    7.8125000000e-03   -1.5625000000e-02    0.0000000000e+00    1.0000000000e-04    4.4455656906e-02   -7.8125000000e-03    1.5625000000e-02    0.0000000000e+00    1.0000000000e-04    4.4579990540e-02    1.0000000000e+30    0.0000000000e+00    1.0000000000e+30    0.0000000000e+00    1.0000000000e+30    0.0000000000e+00
  73.2600000    3.4938562148e-02    7.8125000000e-03   -1.5625000000e-02    0.0000000000e+00    1.0000000000e-04    4.4303084285e-02   -7.8125000000e-03    1.5625000000e-02    0.0000000000e+00    1.0000000000e-04    4.4430469956e-02    1.0000000000e+30    0.0000000000e+00    1.0000000000e+30    0.0000000000e+00    1.0000000000e+30    0.0000000000e+00
  73.3100000    3.4938562148e-02    7.8125000000e-03   -1.5625000000e-02    0.0000000000e+00    1.0000000000e-04    4.4152039516e-02   -7.8125000000e-03    1.5625000000e-02    0.0000000000e+00    1.0000000000e-04    4.4282436592e-02    1.0000000000e+30    0.0000000000e+00    1.0000000000e+30    0.0000000000e+00    1.0000000000e+30    0.0000000000e+00
  73.3600000    3.4938562148e-02    7.8125000000e-03   -1.5625000000e-02    0.0000000000e+00    1.0000000000e-04    4.4002528233e-02   -7.8125000000e-03    1.5625000000e-02    0.0000000000e+00    1.0000000000e-04    4.4135895335e-02    1.0000000000e+30    0.0000000000e+00    1.0000000000e+30    0.0000000000e+00    1.0000000000e+30    0.0000000000e+00
  73.4100000    3.4938562148e-02    7.8125000000e-03   -1.5625000000e-02    0.0000000000e+00    1.0000000000e-04    4.3854566644e-02   -7.8125000000e-03    1.5625000000e-02    0.0000000000e+00    1.0000000000e-04    4.3989790486e-02    1.0000000000e+30    0.0000000000e+00    1.0000000000e+30    0.0000000000e+00    1.0000000000e+30    0.0000000000e+00
  73.4600000    3.4938562148e-02    7.8125000000e-03   -1.5625000000e-02    0.0000000000e+00    1.0000000000e-04    4.3708178883e-02   -7.8125000000e-03    1.5625000000e-02    0.0000000000e+00    1.0000000000e-04    4.3842237033e-02    1.0000000000e+30    0.0000000000e+00    1.0000000000e+30    0.0000000000e+00    1.0000000000e+30    0.0000000000e+00
  73.5100000    3.4938562148e-02    7.8125000000e-03   -1.5625000000e-02    0.0000000000e+00    1.0000000000e-04    4.3563393331e-02   -7.8125000000e-03    1.5625000000e-02    0.0000000000e+00    1.0000000000e-04    4.3696170575e-02    1.0000000000e+30    0.0000000000e+00    1.0000000000e+30    0.0000000000e+00    1.0000000000e+30    0.0000000000e+00
  73.5600000    3.4938562148e-02    7.8125000000e-03   -1.5625000000e-02    0.0000000000e+00    1.0000000000e-04    4.3419352627e-02   -7.8125000000e-03    1.5625000000e-02    0.0000000000e+00    1.0000000000e-04    4.3551601387e-02    1.0000000000e+30    0.0000000000e+00    1.0000000000e+30    0.0000000000e+00    1.0000000000e+30    0.0000000000e+00
  73.6100000    3.4938562148e-02    7.8125000000e-03   -1.5625000000e-02    0.0000000000e+00    1.0000000000e-04    4.3274130653e-02   -7.8125000000e-03    1.5625000000e-02    0.0000000000e+00    1.0000000000e-04    4.3408536312e-02    1.0000000000e+30    0.0000000000e+00    1.0000000000e+30    0.0000000000e+00    1.0000000000e+30    0.0000000000e+00
  73.6600000    3.4938562148e-02    7.8125000000e-03   -1.5625000000e-02    0.0000000000e+00    1.0000000000e-04    4.3130482167e-02   -7.8125000000e-03    1.5625000000e-02    0.0000000000e+00    1.0000000000e-04    4.3266979495e-02    1.0000000000e+30    0.0000000000e+00    1.0000000000e+30    0.0000000000e+00    1.0000000000e+30    0.0000000000e+00
  73.7100000    3.4938562148e-02    7.8125000000e-03   -1.5625000000e-02    0.0000000000e+00    1.0000000000e-04    4.2988396788e-02   -7.8125000000e-03    1.5625000000e-02    0.0000000000e+00    1.0000000000e-04    4.3126393190e-02    1.0000000000e+30    0.0000000000e+00    1.0000000000e+30    0.0000000000e+00    1.0000000000e+30    0.0000000000e+00
  73.7600000    3.4938562148e-02    7.8125000000e-03   -1.5625000000e-02    0.0000000000e+00    1.0000000000e-04    4.2846094537e-02   -7.8125000000e-03    1.5625000000e-02    0.0000000000e+00    1.0000000000e-04    4.2984236099e-02    1.0000000000e+30    0.0000000000e+00    1.0000000000e+30    0.0000000000e+00    1.0000000000e+30    0.0000000000e+00
  73.8100000    3.4938562148e-02    7.8125000000e-03   -1.5625000000e-02    0.0000000000e+00    1.0000000000e-04    4.2703402662e-02   -7.8125000000e-03    1.5625000000e-02    0.0000000000e+00    1.0000000000e-04    4.2843583803e-02    1.0000000000e+30    0.0000000000e+00    1.0000000000e+30    0.0000000000e+00    1.0000000000e+30    0.0000000000e+00
  73.8600000    3.4938562148e-02    7.8125000000e-03   -1.5625000000e-02    0.0000000000e+00    1.0000000000e-04    4.2562274973e-02   -7.8125000000e-03    1.5625000000e-02    0.0000000000e+00    1.0000000000e-04    4.2703850421e-02    1.0000000000e+30    0.0000000000e+00    1.0000000000e+30    0.0000000000e+00    1.0000000000e+30    0.0000000000e+00
  73.9100000    3.4938562148e-02    7.8125000000e-03   -1.5625000000e-02    0.0000000000e+00    1.0000000000e-04    4.2422706218e-02   -7.8125000000e-03    1.5625000000e-02    0.0000000000e+00    1.0000000000e-04    4.2562485955e-02    1.0000000000e+30    0.0000000000e+00    1.0000000000e+30    0.0000000000e+00    1.0000000000e+30    0.0000000000e+00
  73.9600000    3.4938562148e-02    7.8125000000e-03   -1.5625000000e-02    0.0000000000e+00    1.0000000000e-04    4.2284695437e-02   -7.8125000000e-03    1.5625000000e-02    0.0000000000e+00    1.0000000000e-04    4.2422529664e-02    1.0000000000e+30    0.0000000000e+00    1.0000000000e+30    0.0000000000e+00    1.0000000000e+30    0.0000000000e+00
  74.0100000    3.4938562148e-02    7.8125000000e-03   -1.5625000000e-02    0.0000000000e+00    1.0000000000e-04    4.2148245034e-02   -7.8125000000e-03    1.5625000000e-02    0.0000000000e+00    1.0000000000e-04    4.2283995261e-02    1.0000000000e+30    0.0000000000e+00    1.0000000000e+30    0.0000000000e+00    1.0000000000e+30    0.0000000000e+00
  74.0600000    3.4938562148e-02    7.8125000000e-03   -1.5625000000e-02    0.0000000000e+00    1.0000000000e-04    4.2011575264e-02   -7.8125000000e-03    1.5625000000e-02    0.0000000000e+00    1.0000000000e-04    4.2146897520e-02    1.0000000000e+30    0.0000000000e+00    1.0000000000e+30    0.0000000000e+00    1.0000000000e+30    0.0000000000e+00
  74.1100000    3.4938562148e-02    7.8125000000e-03   -1.5625000000e-02    0.0000000000e+00    1.0000000000e-04    4.1874038375e-02   -7.8125000000e-03    1.5625000000e-02    0.0000000000e+00    1.0000000000e-04    4.2011249546e-02    1.0000000000e+30    0.0000000000e+00    1.0000000000e+30    0.0000000000e+00    1.0000000000e+30    0.0000000000e+00
  74.1600000    3.4938562148e-02    7.8125000000e-03   -1.5625000000e-02    0.0000000000e+00    1.0000000000e-04    4.1737964521e-02   -7.8125000000e-03    1.5625000000e-02    0.0000000000e+00    1.0000000000e-04    4.1877061167e-02    1.0000000000e+30    0.0000000000e+00    1.0000000000e+30    0.0000000000e+00    1.0000000000e+30    0.0000000000e+00
  74.2100000    3.4938562148e-02    7.8125000000e-03   -1.5625000000e-02    0.0000000000e+00    1.0000000000e-04    4.1603360138e-02   -7.8125000000e-03    1.5625000000e-02    0.0000000000e+00    1.0000000000e-04    4.1744338827e-02    1.0000000000e+30    0.0000000000e+00    1.0000000000e+30    0.0000000000e+00    1.0000000000e+30    0.0000000000e+00
  74.2600000    3.4938562148e-02    7.8125000000e-03   -1.5625000000e-02    0.0000000000e+00    1.0000000000e-04    4.1470227372e-02   -7.8125000000e-03    1.5625000000e-02    0.0000000000e+00    1.0000000000e-04    4.1613086863e-02    1.0000000000e+30    0.0000000000e+00    1.0000000000e+30    0.0000000000e+00    1.0000000000e+30    0.0000000000e+00
  74.3100000    3.4938562148e-02    7.8125000000e-03   -1.5625000000e-02    0.0000000000e+00    1.0000000000e-04    4.1338566637e-02   -7.8125000000e-03    1.5625000000e-02    0.0000000000e+00    1.0000000000e-04    4.1481466435e-02    1.0000000000e+30    0.0000000000e+00    1.0000000000e+30    0.0000000000e+00    1.0000000000e+30    0.0000000000e+00
  74.3600000    3.4938562148e-02    7.8125000000e-03   -1.5625000000e-02    0.0000000000e+00    1.0000000000e-04    4.1205854692e-02   -7.8125000000e-03    1.5625000000e-02    0.0000000000e+00    1.0000000000e-04    4.1349225086e-02    1.0000000000e+30    0.0000000000e+00    1.0000000000e+30    0.0000000000e+00    1.0000000000e+30    0.0000000000e+00
  74.4100000    3.4938562148e-02    7.8125000000e-03   -1.5625000000e-02    0.0000000000e+00    1.0000000000e-04    4.1073284993e-02   -7.8125000000e-03    1.5625000000e-02    0.0000000000e+00    1.0000000000e-04    4.1218465080e-02    1.0000000000e+30    0.0000000000e+00    1.0000000000e+30    0.0000000000e+00    1.0000000000e+30    0.0000000000e+00
  74.4600000    3.4938562148e-02    7.8125000000e-03   -1.5625000000e-02    0.0000000000e+00    1.0000000000e-04    4.0942185579e-02   -7.8125000000e-03    1.5625000000e-02    0.0000000000e+00    1.0000000000e-04    4.1089085015e-02    1.0000000000e+30    0.0000000000e+00    1.0000000000e+30    0.0000000000e+00    1.0000000000e+30    0.0000000000e+00
  74.5100000    3.4938562148e-02    7.8125000000e-03   -1.5625000000e-02    0.0000000000e+00    1.0000000000e-04    4.0812549700e-02   -7.8125000000e-03    1.5625000000e-02    0.0000000000e+00    1.0000000000e-04    4.0957522849e-02    1.0000000000e+30    0.0000000000e+00    1.0000000000e+30    0.0000000000e+00    1.0000000000e+30    0.0000000000e+00
  74.5600000    3.4938562148e-02    7.8125000000e-03   -1.5625000000e-02    0.0000000000e+00    1.0000000000e-04    4.0684373026e-02   -7.8125000000e-03    1.5625000000e-02    0.0000000000e+00    1.0000000000e-04    4.0827359257e-02    1.0000000000e+30    0.0000000000e+00    1.0000000000e+30    0.0000000000e+00    1.0000000000e+30    0.0000000000e+00
  74.6100000    3.4938562148e-02    7.8125000000e-03   -1.5625000000e-02    0.0000000000e+00    1.0000000000e-04    4.0557654268e-02   -7.8125000000e-03    1.5625000000e-02    0.0000000000e+00    1.0000000000e-04    4.0698620811e-02    1.0000000000e+30    0.0000000000e+00    1.0000000000e+30    0.0000000000e+00    1.0000000000e+30    0.0000000000e+00
  74.6600000    3.4938562148e-02    7.8125000000e-03   -1.5625000000e-02    0.0000000000e+00    1.0000000000e-04    4.0431529937e-02   -7.8125000000e-03    1.5625000000e-02    0.0000000000e+00    1.0000000000e-04    4.0571337349e-02    1.0000000000e+30    0.0000000000e+00    1.0000000000e+30    0.0000000000e+00    1.0000000000e+30    0.0000000000e+00
  74.7100000    3.4938562148e-02    7.8125000000e-03   -1.5625000000e-02    0.0000000000e+00    1.0000000000e-04    4.0303825402e-02   -7.8125000000e-03    1.5625000000e-02    0.0000000000e+00    1.0000000000e-04    4.0445535859e-02    1.0000000000e+30    0.0000000000e+00    1.0000000000e+30    0.0000000000e+00    1.0000000000e+30    0.0000000000e+00
  74.7600000    3.4938562148e-02    7.8125000000e-03   -1.5625000000e-02    0.0000000000e+00    1.0000000000e-04    4.0177559868e-02   -7.8125000000e-03    1.5625000000e-02    0.0000000000e+00    1.0000000000e-04    4.0321234697e-02    1.0000000000e+30    0.0000000000e+00    1.0000000000e+30    0.0000000000e+00    1.0000000000e+30    0.0000000000e+00
  74.8100000    3.4938562148e-02    7.8125000000e-03   -1.5625000000e-02    0.0000000000e+00    1.0000000000e-04    4.0052717107e-02   -7.8125000000e-03    1.5625000000e-02    0.0000000000e+00    1.0000000000e-04    4.0198244894e-02    1.0000000000e+30    0.0000000000e+00    1.0000000000e+30    0.0000000000e+00    1.0000000000e+30    0.0000000000e+00
  74.8600000    3.4938562148e-02    7.8125000000e-03   -1.5625000000e-02    0.0000000000e+00    1.0000000000e-04    3.9929269834e-02   -7.8125000000e-03    1.5625000000e-02    0.0000000000e+00    1.0000000000e-04    4.0072479009e-02    1.0000000000e+30    0.0000000000e+00    1.0000000000e+30    0.0000000000e+00    1.0000000000e+30    0.0000000000e+00
  74.9100000    3.4938562148e-02    7.8125000000e-03   -1.5625000000e-02    0.0000000000e+00    1.0000000000e-04    3.9803345531e-02   -7.8125000000e-03    1.5625000000e-02    0.0000000000e+00    1.0000000000e-04    3.9948198908e-02    1.0000000000e+30    0.0000000000e+00    1.0000000000e+30    0.0000000000e+00    1.0000000000e+30    0.0000000000e+00
  74.9600000    3.4938562148e-02    7.8125000000e-03   -1.5625000000e-02    0.0000000000e+00    1.0000000000e-04    3.9678523084e-02   -7.8125000000e-03    1.5625000000e-02    0.0000000000e+00    1.0000000000e-04    3.9825406272e-02    1.0000000000e+30    0.0000000000e+00    1.0000000000e+30    0.0000000000e+00    1.0000000000e+30    0.0000000000e+00
  75.0100000    3.4938562148e-02    7.8125000000e-03   -1.5625000000e-02    0.0000000000e+00    1.0000000000e-04    3.9555077845e-02   -7.8125000000e-03    1.5625000000e-02    0.0000000000e+00    1.0000000000e-04    3.9704089551e-02    1.0000000000e+30    0.0000000000e+00    1.0000000000e+30    0.0000000000e+00    1.0000000000e+30    0.0000000000e+00
  75.0600000    3.4938562148e-02    7.8125000000e-03   -1.5625000000e-02    0.0000000000e+00    1.0000000000e-04    3.9432977523e-02   -7.8125000000e-03    1.5625000000e-02    0.0000000000e+00    1.0000000000e-04    3.9584226007e-02    1.0000000000e+30    0.0000000000e+00    1.0000000000e+30    0.0000000000e+00    1.0000000000e+30    0.0000000000e+00
  75.1100000    2.8168369340e-02    7.8125000000e-03   -7.8125000000e-03    0.0000000000e+00    1.0000000000e-04    3.9311509664e-02   -7.8125000000e-03    1.5625000000e-02    0.0000000000e+00    1.0000000000e-04    3.9466460394e-02    1.0000000000e+30    0.0000000000e+00    1.0000000000e+30    0.0000000000e+00    1.0000000000e+30    0.0000000000e+00
  75.1600000    2.8168369340e-02    7.8125000000e-03   -7.8125000000e-03    0.0000000000e+00    1.0000000000e-04    3.9190316019e-02   -7.8125000000e-03    1.5625000000e-02    0.0000000000e+00    1.0000000000e-04    3.9351091768e-02    1.0000000000e+30    0.0000000000e+00    1.0000000000e+30    0.0000000000e+00    1.0000000000e+30    0.0000000000e+00
  75.2100000    2.8168369340e-02    7.8125000000e-03   -7.8125000000e-03    0.0000000000e+00    1.0000000000e-04    3.9070408855e-02   -7.8125000000e-03    1.5625000000e-02    0.0000000000e+00    1.0000000000e-04    3.9237075294e-02    1.0000000000e+30    0.0000000000e+00    1.0000000000e+30    0.0000000000e+00    1.0000000000e+30    0.0000000000e+00
  75.2600000    2.8168369340e-02    7.8125000000e-03   -7.8125000000e-03    0.0000000000e+00    1.0000000000e-04    3.8951792779e-02   -7.8125000000e-03    1.5625000000e-02    0.0000000000e+00    1.0000000000e-04    3.9124386980e-02    1.0000000000e+30    0.0000000000e+00    1.0000000000e+30    0.0000000000e+00    1.0000000000e+30    0.0000000000e+00
  75.3100000    2.8168369340e-02    7.8125000000e-03   -7.8125000000e-03    0.0000000000e+00    1.0000000000e-04    3.8834488861e-02   -7.8125000000e-03    1.5625000000e-02    0.0000000000e+00    1.0000000000e-04    3.9009959078e-02    1.0000000000e+30    0.0000000000e+00    1.0000000000e+30    0.0000000000e+00    1.0000000000e+30    0.0000000000e+00
  75.3600000    2.8168369340e-02    7.8125000000e-03   -7.8125000000e-03    0.0000000000e+00    1.0000000000e-04    3.8718533184e-02   -7.8125000000e-03    1.5625000000e-02    0.0000000000e+00    1.0000000000e-04    3.8892167555e-02    1.0000000000e+30    0.0000000000e+00    1.0000000000e+30    0.0000000000e+00    1.0000000000e+30    0.0000000000e+00
  75.4100000    2.8168369340e-02    7.8125000000e-03   -7.8125000000e-03    0.0000000000e+00    1.0000000000e-04    3.8603973878e-02   -7.8125000000e-03    1.5625000000e-02    0.0000000000e+00    1.0000000000e-04    3.8775328877e-02    1.0000000000e+30    0.0000000000e+00    1.0000000000e+30    0.0000000000e+00    1.0000000000e+30    0.0000000000e+00
  75.4600000    2.8168369340e-02    7.8125000000e-03   -7.8125000000e-03    0.0000000000e+00    1.0000000000e-04    3.8486838914e-02   -7.8125000000e-03    1.5625000000e-02    0.0000000000e+00    1.0000000000e-04    3.8659812602e-02    1.0000000000e+30    0.0000000000e+00    1.0000000000e+30    0.0000000000e+00    1.0000000000e+30    0.0000000000e+00
  75.5100000    2.8168369340e-02    7.8125000000e-03   -7.8125000000e-03    0.0000000000e+00    1.0000000000e-04    3.8366761799e-02   -7.8125000000e-03    1.5625000000e-02    0.0000000000e+00    1.0000000000e-04    3.8545620973e-02    1.0000000000e+30    0.0000000000e+00    1.0000000000e+30    0.0000000000e+00    1.0000000000e+30    0.0000000000e+00
  75.5600000    2.8168369340e-02    7.8125000000e-03   -7.8125000000e-03    0.0000000000e+00    1.0000000000e-04    3.8248041367e-02   -7.8125000000e-03    1.5625000000e-02    0.0000000000e+00    1.0000000000e-04    3.8432749776e-02    1.0000000000e+30    0.0000000000e+00    1.0000000000e+30    0.0000000000e+00    1.0000000000e+30    0.0000000000e+00
  75.6100000    2.8168369340e-02    7.8125000000e-03   -7.8125000000e-03    0.0000000000e+00    1.0000000000e-04    3.8130701826e-02   -7.8125000000e-03    1.5625000000e-02    0.0000000000e+00    1.0000000000e-04    3.8321188045e-02    1.0000000000e+30    0.0000000000e+00    1.0000000000e+30    0.0000000000e+00    1.0000000000e+30    0.0000000000e+00
  75.6600000    2.8168369340e-02    7.8125000000e-03   -7.8125000000e-03    0.0000000000e+00    1.0000000000e-04    3.8014766335e-02   -7.8125000000e-03    1.5625000000e-02    0.0000000000e+00    1.0000000000e-04    3.8210920294e-02    1.0000000000e+30    0.0000000000e+00    1.0000000000e+30    0.0000000000e+00    1.0000000000e+30    0.0000000000e+00
  75.7100000    2.8168369340e-02    7.8125000000e-03   -7.8125000000e-03    0.0000000000e+00    1.0000000000e-04    3.7900260359e-02   -7.8125000000e-03    1.5625000000e-02    0.0000000000e+00    1.0000000000e-04    3.8101930686e-02    1.0000000000e+30    0.0000000000e+00    1.0000000000e+30    0.0000000000e+00    1.0000000000e+30    0.0000000000e+00
  75.7600000    2.8168369340e-02    7.8125000000e-03   -7.8125000000e-03    0.0000000000e+00    1.0000000000e-04    3.7787215723e-02   -7.8125000000e-03    1.5625000000e-02    0.0000000000e+00    1.0000000000e-04    3.7994207977e-02    1.0000000000e+30    0.0000000000e+00    1.0000000000e+30    0.0000000000e+00    1.0000000000e+30    0.0000000000e+00
  75.8100000    2.8168369340e-02    7.8125000000e-03   -7.8125000000e-03    0.0000000000e+00    1.0000000000e-04    3.7675673979e-02   -7.8125000000e-03    1.5625000000e-02    0.0000000000e+00    1.0000000000e-04    3.7887749870e-02    1.0000000000e+30    0.0000000000e+00    1.0000000000e+30    0.0000000000e+00    1.0000000000e+30    0.0000000000e+00
  75.8600000    2.8168369340e-02    7.8125000000e-03   -7.8125000000e-03    0.0000000000e+00    1.0000000000e-04    3.7565687936e-02   -7.8125000000e-03    1.5625000000e-02    0.0000000000e+00    1.0000000000e-04    3.7782565614e-02    1.0000000000e+30    0.0000000000e+00    1.0000000000e+30    0.0000000000e+00    1.0000000000e+30    0.0000000000e+00
  75.9100000    2.8168369340e-02    7.8125000000e-03   -7.8125000000e-03    0.0000000000e+00    1.0000000000e-04    3.7457320707e-02   -7.8125000000e-03    1.5625000000e-02    0.0000000000e+00    1.0000000000e-04    3.7678676245e-02    1.0000000000e+30    0.0000000000e+00    1.0000000000e+30    0.0000000000e+00    1.0000000000e+30    0.0000000000e+00
  75.9600000    2.8168369340e-02    7.8125000000e-03   -7.8125000000e-03    0.0000000000e+00    1.0000000000e-04    3.7350642319e-02   -7.8125000000e-03    1.5625000000e-02    0.0000000000e+00    1.0000000000e-04    3.7576112574e-02    1.0000000000e+30    0.0000000000e+00    1.0000000000e+30    0.0000000000e+00    1.0000000000e+30    0.0000000000e+00
  76.0100000    2.2097086912e-02    7.8125000000e-03   -7.8125000000e-03    0.0000000000e+00    1.0000000000e-04    3.7245724658e-02   -7.8125000000e-03    7.8125000000e-03    0.0000000000e+00    1.0000000000e-04    3.7474911731e-02    1.0000000000e+30    0.0000000000e+00    1.0000000000e+30    0.0000000000e+00    1.0000000000e+30    0.0000000000e+00
  76.0600000    2.2097086912e-02    7.8125000000e-03   -7.8125000000e-03    0.0000000000e+00    1.0000000000e-04    3.7146198400e-02   -7.8125000000e-03    7.8125000000e-03    0.0000000000e+00    1.0000000000e-04    3.7371554533e-02    1.0000000000e+30    0.0000000000e+00    1.0000000000e+30    0.0000000000e+00    1.0000000000e+30    0.0000000000e+00
  76.1100000    2.2097086912e-02    7.8125000000e-03   -7.8125000000e-03    0.0000000000e+00    1.0000000000e-04    3.7048547029e-02   -7.8125000000e-03    7.8125000000e-03    0.0000000000e+00    1.0000000000e-04    3.7263766341e-02    1.0000000000e+30    0.0000000000e+00    1.0000000000e+30    0.0000000000e+00    1.0000000000e+30    0.0000000000e+00
  76.1600000    2.2097086912e-02    7.8125000000e-03   -7.8125000000e-03    0.0000000000e+00    1.0000000000e-04    3.6951817381e-02   -7.8125000000e-03    7.8125000000e-03    0.0000000000e+00    1.0000000000e-04    3.7154186867e-02    1.0000000000e+30    0.0000000000e+00    1.0000000000e+30    0.0000000000e+00    1.0000000000e+30    0.0000000000e+00
  76.2100000    1.7469281074e-02    7.8125000000e-03    0.0000000000e+00    0.0000000000e+00    1.0000000000e-04    3.6847141947e-02   -7.8125000000e-03    7.8125000000e-03    0.0000000000e+00    1.0000000000e-04    3.7045907128e-02    1.0000000000e+30    0.0000000000e+00    1.0000000000e+30    0.0000000000e+00    1.0000000000e+30    0.0000000000e+00
  76.2600000    1.7469281074e-02    7.8125000000e-03    0.0000000000e+00    0.0000000000e+00    1.0000000000e-04    3.6740036274e-02   -7.8125000000e-03    7.8125000000e-03    0.0000000000e+00    1.0000000000e-04    3.6943131154e-02    1.0000000000e+30    0.0000000000e+00    1.0000000000e+30    0.0000000000e+00    1.0000000000e+30    0.0000000000e+00
  76.3100000    1.7469281074e-02    7.8125000000e-03    0.0000000000e+00    0.0000000000e+00    1.0000000000e-04    3.6634732096e-02   -7.8125000000e-03    7.8125000000e-03    0.0000000000e+00    1.0000000000e-04    3.6841752786e-02    1.0000000000e+30    0.0000000000e+00    1.0000000000e+30    0.0000000000e+00    1.0000000000e+30    0.0000000000e+00
  76.3600000    1.7469281074e-02    7.8125000000e-03    0.0000000000e+00    0.0000000000e+00    1.0000000000e-04    3.6531281695e-02   -7.8125000000e-03    7.8125000000e-03    0.0000000000e+00    1.0000000000e-04    3.6741816622e-02    1.0000000000e+30    0.0000000000e+00    1.0000000000e+30    0.0000000000e+00    1.0000000000e+30    0.0000000000e+00
  76.4100000    1.7469281074e-02    7.8125000000e-03    0.0000000000e+00    0.0000000000e+00    1.0000000000e-04    3.6429726158e-02   -7.8125000000e-03    7.8125000000e-03    0.0000000000e+00    1.0000000000e-04    3.6643368482e-02    1.0000000000e+30    0.0000000000e+00    1.0000000000e+30    0.0000000000e+00    1.0000000000e+30    0.0000000000e+00
  76.4600000    1.7469281074e-02    7.8125000000e-03    0.0000000000e+00    0.0000000000e+00    1.0000000000e-04    3.6330095212e-02   -7.8125000000e-03    7.8125000000e-03    0.0000000000e+00    1.0000000000e-04    3.6546454331e-02    1.0000000000e+30    0.0000000000e+00    1.0000000000e+30    0.0000000000e+00    1.0000000000e+30    0.0000000000e+00
  76.5100000    1.7469281074e-02    7.8125000000e-03    0.0000000000e+00    0.0000000000e+00    1.0000000000e-04    3.6232406176e-02   -7.8125000000e-03    7.8125000000e-03    0.0000000000e+00    1.0000000000e-04    3.6451117673e-02    1.0000000000e+30    0.0000000000e+00    1.0000000000e+30    0.0000000000e+00    1.0000000000e+30    0.0000000000e+00
  76.5600000    1.7469281074e-02    7.8125000000e-03    0.0000000000e+00    0.0000000000e+00    1.0000000000e-04    3.6136662005e-02   -7.8125000000e-03    7.8125000000e-03    0.0000000000e+00    1.0000000000e-04    3.6357395762e-02    1.0000000000e+30    0.0000000000e+00    1.0000000000e+30    0.0000000000e+00    1.0000000000e+30    0.0000000000e+00
  76.6100000    1.7469281074e-02    7.8125000000e-03    0.0000000000e+00    0.0000000000e+00    1.0000000000e-04    3.6042849028e-02   -7.8125000000e-03    7.8125000000e-03    0.0000000000e+00    1.0000000000e-04    3.6265315533e-02    1.0000000000e+30    0.0000000000e+00    1.0000000000e+30    0.0000000000e+00    1.0000000000e+30    0.0000000000e+00
  76.6600000    1.7469281074e-02    7.8125000000e-03    0.0000000000e+00    0.0000000000e+00    1.0000000000e-04    3.5950935464e-02   -7.8125000000e-03    7.8125000000e-03    0.0000000000e+00    1.0000000000e-04    3.6174890389e-02    1.0000000000e+30    0.0000000000e+00    1.0000000000e+30    0.0000000000e+00    1.0000000000e+30    0.0000000000e+00
  76.7100000    1.7469281074e-02    7.8125000000e-03    0.0000000000e+00    0.0000000000e+00    1.0000000000e-04    3.5860871928e-02   -7.8125000000e-03    7.8125000000e-03    0.0000000000e+00    1.0000000000e-04    3.6086118869e-02    1.0000000000e+30    0.0000000000e+00    1.0000000000e+30    0.0000000000e+00    1.0000000000e+30    0.0000000000e+00
  76.7600000    1.7469281074e-02    7.8125000000e-03    0.0000000000e+00    0.0000000000e+00    1.0000000000e-04    3.5766206860e-02   -7.8125000000e-03    7.8125000000e-03    0.0000000000e+00    1.0000000000e-04    3.5998985832e-02    1.0000000000e+30    0.0000000000e+00    1.0000000000e+30    0.0000000000e+00    1.0000000000e+30    0.0000000000e+00
  76.8100000    1.7469281074e-02    7.8125000000e-03    0.0000000000e+00    0.0000000000e+00    1.0000000000e-04    3.5672292578e-02   -7.8125000000e-03    7.8125000000e-03    0.0000000000e+00    1.0000000000e-04    3.5909347478e-02    1.0000000000e+30    0.0000000000e+00    1.0000000000e+30    0.0000000000e+00    1.0000000000e+30    0.0000000000e+00
  76.8600000    1.7469281074e-02    7.8125000000e-03    0.0000000000e+00    0.0000000000e+00    1.0000000000e-04    3.5580178807e-02   -7.8125000000e-03    7.8125000000e-03    0.0000000000e+00    1.0000000000e-04    3.5818800125e-02    1.0000000000e+30    0.0000000000e+00    1.0000000000e+30    0.0000000000e+00    1.0000000000e+30    0.0000000000e+00
  76.9100000    1.7469281074e-02    7.8125000000e-03    0.0000000000e+00    0.0000000000e+00    1.0000000000e-04    3.5489825493e-02   -7.8125000000e-03    7.8125000000e-03    0.0000000000e+00    1.0000000000e-04    3.5729843235e-02    1.0000000000e+30    0.0000000000e+00    1.0000000000e+30    0.0000000000e+00    1.0000000000e+30    0.0000000000e+00
  76.9600000    1.7469281074e-02    7.8125000000e-03    0.0000000000e+00    0.0000000000e+00    1.0000000000e-04    3.5401186771e-02   -7.8125000000e-03    7.8125000000e-03    0.0000000000e+00    1.0000000000e-04    3.5642470623e-02    1.0000000000e+30    0.0000000000e+00    1.0000000000e+30    0.0000000000e+00    1.0000000000e+30    0.0000000000e+00
  77.0100000    1.7469281074e-02    7.8125000000e-03    0.0000000000e+00    0.0000000000e+00    1.0000000000e-04    3.5314215655e-02   -7.8125000000e-03    7.8125000000e-03    0.0000000000e+00    1.0000000000e-04    3.5556672261e-02    1.0000000000e+30    0.0000000000e+00    1.0000000000e+30    0.0000000000e+00    1.0000000000e+30    0.0000000000e+00
  77.0600000    1.7469281074e-02    7.8125000000e-03    0.0000000000e+00    0.0000000000e+00    1.0000000000e-04    3.5228869127e-02   -7.8125000000e-03    7.8125000000e-03    0.0000000000e+00    1.0000000000e-04    3.5472437880e-02    1.0000000000e+30    0.0000000000e+00    1.0000000000e+30    0.0000000000e+00    1.0000000000e+30    0.0000000000e+00
  77.1100000    1.5625000000e-02    7.8125000000e-03    0.0000000000e+00    0.0000000000e+00    1.0000000000e-04    3.5145931633e-02   -7.8125000000e-03    0.0000000000e+00    0.0000000000e+00    1.0000000000e-04    3.5388942217e-02    1.0000000000e+30    0.0000000000e+00    1.0000000000e+30    0.0000000000e+00    1.0000000000e+30    0.0000000000e+00
  77.1600000    1.5625000000e-02    7.8125000000e-03    0.0000000000e+00    0.0000000000e+00    1.0000000000e-04    3.5065793353e-02   -7.8125000000e-03    0.0000000000e+00    0.0000000000e+00    1.0000000000e-04    3.5303462205e-02    1.0000000000e+30    0.0000000000e+00    1.0000000000e+30    0.0000000000e+00    1.0000000000e+30    0.0000000000e+00
  77.2100000    1.5625000000e-02    7.8125000000e-03    0.0000000000e+00    0.0000000000e+00    1.0000000000e-04    3.4987211620e-02   -7.8125000000e-03    0.0000000000e+00    0.0000000000e+00    1.0000000000e-04    3.5218211580e-02    1.0000000000e+30    0.0000000000e+00    1.0000000000e+30    0.0000000000e+00    1.0000000000e+30    0.0000000000e+00
  77.2600000    1.5625000000e-02    7.8125000000e-03    0.0000000000e+00    0.0000000000e+00    1.0000000000e-04    3.4906453128e-02   -7.8125000000e-03    0.0000000000e+00    0.0000000000e+00    1.0000000000e-04    3.5134604692e-02    1.0000000000e+30    0.0000000000e+00    1.0000000000e+30    0.0000000000e+00    1.0000000000e+30    0.0000000000e+00
  77.3100000    1.5625000000e-02    7.8125000000e-03    0.0000000000e+00    0.0000000000e+00    1.0000000000e-04    3.4820736665e-02   -7.8125000000e-03    0.0000000000e+00    0.0000000000e+00    1.0000000000e-04    3.5050558896e-02    1.0000000000e+30    0.0000000000e+00    1.0000000000e+30    0.0000000000e+00    1.0000000000e+30    0.0000000000e+00
  77.3600000    1.5625000000e-02    7.8125000000e-03    0.0000000000e+00    0.0000000000e+00    1.0000000000e-04    3.4736706111e-02   -7.8125000000e-03    0.0000000000e+00    0.0000000000e+00    1.0000000000e-04    3.4963331949e-02    1.0000000000e+30    0.0000000000e+00    1.0000000000e+30    0.0000000000e+00    1.0000000000e+30    0.0000000000e+00
  77.4100000    1.5625000000e-02    7.8125000000e-03    0.0000000000e+00    0.0000000000e+00    1.0000000000e-04    3.4654317252e-02   -7.8125000000e-03    0.0000000000e+00    0.0000000000e+00    1.0000000000e-04    3.4877688893e-02    1.0000000000e+30    0.0000000000e+00    1.0000000000e+30    0.0000000000e+00    1.0000000000e+30    0.0000000000e+00
  77.4600000    1.5625000000e-02    7.8125000000e-03    0.0000000000e+00    0.0000000000e+00    1.0000000000e-04    3.4573516268e-02   -7.8125000000e-03    0.0000000000e+00    0.0000000000e+00    1.0000000000e-04    3.4793592717e-02    1.0000000000e+30    0.0000000000e+00    1.0000000000e+30    0.0000000000e+00    1.0000000000e+30    0.0000000000e+00
  77.5100000    1.5625000000e-02    7.8125000000e-03    0.0000000000e+00    0.0000000000e+00    1.0000000000e-04    3.4494240973e-02   -7.8125000000e-03    0.0000000000e+00    0.0000000000e+00    1.0000000000e-04    3.4710991107e-02    1.0000000000e+30    0.0000000000e+00    1.0000000000e+30    0.0000000000e+00    1.0000000000e+30    0.0000000000e+00
  77.5600000    1.5625000000e-02    7.8125000000e-03    0.0000000000e+00    0.0000000000e+00    1.0000000000e-04    3.4416423672e-02   -7.8125000000e-03    0.0000000000e+00    0.0000000000e+00    1.0000000000e-04    3.4629819852e-02    1.0000000000e+30    0.0000000000e+00    1.0000000000e+30    0.0000000000e+00    1.0000000000e+30    0.0000000000e+00
  77.6100000    1.5625000000e-02    7.8125000000e-03    0.0000000000e+00    0.0000000000e+00    1.0000000000e-04    3.4339995721e-02   -7.8125000000e-03    0.0000000000e+00    0.0000000000e+00    1.0000000000e-04    3.4550008788e-02    1.0000000000e+30    0.0000000000e+00    1.0000000000e+30    0.0000000000e+00    1.0000000000e+30    0.0000000000e+00
  77.6600000    1.5625000000e-02    7.8125000000e-03    0.0000000000e+00    0.0000000000e+00    1.0000000000e-04    3.4264893388e-02   -7.8125000000e-03    0.0000000000e+00    0.0000000000e+00    1.0000000000e-04    3.4471489576e-02    1.0000000000e+30    0.0000000000e+00    1.0000000000e+30    0.0000000000e+00    1.0000000000e+30    0.0000000000e+00
  77.7100000    1.5625000000e-02    7.8125000000e-03    0.0000000000e+00    0.0000000000e+00    1.0000000000e-04    3.4191064131e-02   -7.8125000000e-03    0.0000000000e+00    0.0000000000e+00    1.0000000000e-04    3.4394204018e-02    1.0000000000e+30    0.0000000000e+00    1.0000000000e+30    0.0000000000e+00    1.0000000000e+30    0.0000000000e+00
  77.7600000    1.5625000000e-02    7.8125000000e-03    0.0000000000e+00    0.0000000000e+00    1.0000000000e-04    3.4118472159e-02   -7.8125000000e-03    0.0000000000e+00    0.0000000000e+00    1.0000000000e-04    3.4318111314e-02    1.0000000000e+30    0.0000000000e+00    1.0000000000e+30    0.0000000000e+00    1.0000000000e+30    0.0000000000e+00
  77.8100000    1.5625000000e-02    7.8125000000e-03    0.0000000000e+00    0.0000000000e+00    1.0000000000e-04    3.4047102139e-02   -7.8125000000e-03    0.0000000000e+00    0.0000000000e+00    1.0000000000e-04    3.4243192774e-02    1.0000000000e+30    0.0000000000e+00    1.0000000000e+30    0.0000000000e+00    1.0000000000e+30    0.0000000000e+00
  77.8600000    1.5625000000e-02    7.8125000000e-03    0.0000000000e+00    0.0000000000e+00    1.0000000000e-04    3.3976960284e-02   -7.8125000000e-03    0.0000000000e+00    0.0000000000e+00    1.0000000000e-04    3.4169452997e-02    1.0000000000e+30    0.0000000000e+00    1.0000000000e+30    0.0000000000e+00    1.0000000000e+30    0.0000000000e+00
  77.9100000    1.5625000000e-02    7.8125000000e-03    0.0000000000e+00    0.0000000000e+00    1.0000000000e-04    3.3908072603e-02   -7.8125000000e-03    0.0000000000e+00    0.0000000000e+00    1.0000000000e-04    3.4096917289e-02    1.0000000000e+30    0.0000000000e+00    1.0000000000e+30    0.0000000000e+00    1.0000000000e+30    0.0000000000e+00
  77.9600000    1.5625000000e-02    7.8125000000e-03    0.0000000000e+00    0.0000000000e+00    1.0000000000e-04    3.3840480681e-02   -7.8125000000e-03    0.0000000000e+00    0.0000000000e+00    1.0000000000e-04    3.4025625945e-02    1.0000000000e+30    0.0000000000e+00    1.0000000000e+30    0.0000000000e+00    1.0000000000e+30    0.0000000000e+00
  78.0100000    1.5625000000e-02    7.8125000000e-03    0.0000000000e+00    0.0000000000e+00    1.0000000000e-04    3.3769879410e-02   -7.8125000000e-03    0.0000000000e+00    0.0000000000e+00    1.0000000000e-04    3.3955626736e-02    1.0000000000e+30    0.0000000000e+00    1.0000000000e+30    0.0000000000e+00    1.0000000000e+30    0.0000000000e+00
  78.0600000    1.5625000000e-02    7.8125000000e-03    0.0000000000e+00    0.0000000000e+00    1.0000000000e-04    3.3698550388e-02   -7.8125000000e-03    0.0000000000e+00    0.0000000000e+00    1.0000000000e-04    3.3886967280e-02    1.0000000000e+30    0.0000000000e+00    1.0000000000e+30    0.0000000000e+00    1.0000000000e+30    0.0000000000e+00
  78.1100000    1.5625000000e-02    7.8125000000e-03    0.0000000000e+00    0.0000000000e+00    1.0000000000e-04    3.3628501169e-02   -7.8125000000e-03    0.0000000000e+00    0.0000000000e+00    1.0000000000e-04    3.3814590803e-02    1.0000000000e+30    0.0000000000e+00    1.0000000000e+30    0.0000000000e+00    1.0000000000e+30    0.0000000000e+00
  78.1600000    1.5625000000e-02    7.8125000000e-03    0.0000000000e+00    0.0000000000e+00    1.0000000000e-04    3.3559751112e-02   -7.8125000000e-03    0.0000000000e+00    0.0000000000e+00    1.0000000000e-04    3.3742199873e-02    1.0000000000e+30    0.0000000000e+00    1.0000000000e+30    0.0000000000e+00    1.0000000000e+30    0.0000000000e+00
  78.2100000    1.5625000000e-02    7.8125000000e-03    0.0000000000e+00    0.0000000000e+00    1.0000000000e-04    3.3492324860e-02   -7.8125000000e-03    0.0000000000e+00    0.0000000000e+00    1.0000000000e-04    3.3671112871e-02    1.0000000000e+30    0.0000000000e+00    1.0000000000e+30    0.0000000000e+00    1.0000000000e+30    0.0000000000e+00
  78.2600000    1.5625000000e-02    7.8125000000e-03    0.0000000000e+00    0.0000000000e+00    1.0000000000e-04    3.3426249983e-02   -7.8125000000e-03    0.0000000000e+00    0.0000000000e+00    1.0000000000e-04    3.3601347262e-02    1.0000000000e+30    0.0000000000e+00    1.0000000000e+30    0.0000000000e+00    1.0000000000e+30    0.0000000000e+00
  78.3100000    1.5625000000e-02    7.8125000000e-03    0.0000000000e+00    0.0000000000e+00    1.0000000000e-04    3.3361555527e-02   -7.8125000000e-03    0.0000000000e+00    0.0000000000e+00    1.0000000000e-04    3.3532917217e-02    1.0000000000e+30    0.0000000000e+00    1.0000000000e+30    0.0000000000e+00    1.0000000000e+30    0.0000000000e+00
  78.3600000    1.5625000000e-02    7.8125000000e-03    0.0000000000e+00    0.0000000000e+00    1.0000000000e-04    3.3298271776e-02   -7.8125000000e-03    0.0000000000e+00    0.0000000000e+00    1.0000000000e-04    3.3465834733e-02    1.0000000000e+30    0.0000000000e+00    1.0000000000e+30    0.0000000000e+00    1.0000000000e+30    0.0000000000e+00
  78.4100000    1.5625000000e-02    7.8125000000e-03    0.0000000000e+00    0.0000000000e+00    1.0000000000e-04    3.3236431264e-02   -7.8125000000e-03    0.0000000000e+00    0.0000000000e+00    1.0000000000e-04    3.3400112363e-02    1.0000000000e+30    0.0000000000e+00    1.0000000000e+30    0.0000000000e+00    1.0000000000e+30    0.0000000000e+00
  78.4600000    1.5625000000e-02    7.8125000000e-03    0.0000000000e+00    0.0000000000e+00    1.0000000000e-04    3.3176070749e-02   -7.8125000000e-03    0.0000000000e+00    0.0000000000e+00    1.0000000000e-04    3.3335766847e-02    1.0000000000e+30    0.0000000000e+00    1.0000000000e+30    0.0000000000e+00    1.0000000000e+30    0.0000000000e+00
  78.5100000    1.5625000000e-02    7.8125000000e-03    0.0000000000e+00    0.0000000000e+00    1.0000000000e-04    3.3117233548e-02   -7.8125000000e-03    0.0000000000e+00    0.0000000000e+00    1.0000000000e-04    3.3272822646e-02    1.0000000000e+30    0.0000000000e+00    1.0000000000e+30    0.0000000000e+00    1.0000000000e+30    0.0000000000e+00
  78.5600000    1.5625000000e-02    7.8125000000e-03    0.0000000000e+00    0.0000000000e+00    1.0000000000e-04    3.3059971514e-02   -7.8125000000e-03    0.0000000000e+00    0.0000000000e+00    1.0000000000e-04    3.3211314463e-02    1.0000000000e+30    0.0000000000e+00    1.0000000000e+30    0.0000000000e+00    1.0000000000e+30    0.0000000000e+00
  78.6100000    1.5625000000e-02    7.8125000000e-03    0.0000000000e+00    0.0000000000e+00    1.0000000000e-04    3.3004345933e-02   -7.8125000000e-03    0.0000000000e+00    0.0000000000e+00    1.0000000000e-04    3.3151288030e-02    1.0000000000e+30    0.0000000000e+00    1.0000000000e+30    0.0000000000e+00    1.0000000000e+30    0.0000000000e+00
  78.6600000    1.5625000000e-02    7.8125000000e-03    0.0000000000e+00    0.0000000000e+00    1.0000000000e-04    3.2947760148e-02   -7.8125000000e-03    0.0000000000e+00    0.0000000000e+00    1.0000000000e-04    3.3092798898e-02    1.0000000000e+30    0.0000000000e+00    1.0000000000e+30    0.0000000000e+00    1.0000000000e+30    0.0000000000e+00
  78.7100000    1.5625000000e-02    7.8125000000e-03    0.0000000000e+00    0.0000000000e+00    1.0000000000e-04    3.2886673976e-02   -7.8125000000e-03    0.0000000000e+00    0.0000000000e+00    1.0000000000e-04    3.3035909424e-02    1.0000000000e+30    0.0000000000e+00    1.0000000000e+30    0.0000000000e+00    1.0000000000e+30    0.0000000000e+00
  78.7600000    1.5625000000e-02    7.8125000000e-03    0.0000000000e+00    0.0000000000e+00    1.0000000000e-04    3.2827112840e-02   -7.8125000000e-03    0.0000000000e+00    0.0000000000e+00    1.0000000000e-04    3.2976887636e-02    1.0000000000e+30    0.0000000000e+00    1.0000000000e+30    0.0000000000e+00    1.0000000000e+30    0.0000000000e+00
  78.8100000    1.5625000000e-02    7.8125000000e-03    0.0000000000e+00    0.0000000000e+00    1.0000000000e-04    3.2769143789e-02   -7.8125000000e-03    0.0000000000e+00    0.0000000000e+00    1.0000000000e-04    3.2913799801e-02    1.0000000000e+30    0.0000000000e+00    1.0000000000e+30    0.0000000000e+00    1.0000000000e+30    0.0000000000e+00
  78.8600000    1.5625000000e-02    7.8125000000e-03    0.0000000000e+00    0.0000000000e+00    1.0000000000e-04    3.2712838020e-02   -7.8125000000e-03    0.0000000000e+00    0.0000000000e+00    1.0000000000e-04    3.2849997287e-02    1.0000000000e+30    0.0000000000e+00    1.0000000000e+30    0.0000000000e+00    1.0000000000e+30    0.0000000000e+00
  78.9100000    1.5625000000e-02    7.8125000000e-03    0.0000000000e+00    0.0000000000e+00    1.0000000000e-04    3.2658268159e-02   -7.8125000000e-03    0.0000000000e+00    0.0000000000e+00    1.0000000000e-04    3.2787653076e-02    1.0000000000e+30    0.0000000000e+00    1.0000000000e+30    0.0000000000e+00    1.0000000000e+30    0.0000000000e+00
  78.9600000    1.5625000000e-02    7.8125000000e-03    0.0000000000e+00    0.0000000000e+00    1.0000000000e-04    3.2605505121e-02   -7.8125000000e-03    0.0000000000e+00    0.0000000000e+00    1.0000000000e-04    3.2726810433e-02    1.0000000000e+30    0.0000000000e+00    1.0000000000e+30    0.0000000000e+00    1.0000000000e+30    0.0000000000e+00
  79.0100000    1.5625000000e-02    7.8125000000e-03    0.0000000000e+00    0.0000000000e+00    1.0000000000e-04    3.2554055759e-02   -7.8125000000e-03    0.0000000000e+00    0.0000000000e+00    1.0000000000e-04    3.2667510934e-02    1.0000000000e+30    0.0000000000e+00    1.0000000000e+30    0.0000000000e+00    1.0000000000e+30    0.0000000000e+00
  79.0600000    1.5625000000e-02    7.8125000000e-03    0.0000000000e+00    0.0000000000e+00    1.0000000000e-04    3.2501009820e-02   -7.8125000000e-03    0.0000000000e+00    0.0000000000e+00    1.0000000000e-04    3.2609795343e-02    1.0000000000e+30    0.0000000000e+00    1.0000000000e+30    0.0000000000e+00    1.0000000000e+30    0.0000000000e+00
  79.1100000    1.5625000000e-02    7.8125000000e-03    0.0000000000e+00    0.0000000000e+00    1.0000000000e-04    3.2449866878e-02   -7.8125000000e-03    0.0000000000e+00    0.0000000000e+00    1.0000000000e-04    3.2553704617e-02    1.0000000000e+30    0.0000000000e+00    1.0000000000e+30    0.0000000000e+00    1.0000000000e+30    0.0000000000e+00
  79.1600000    1.5625000000e-02    7.8125000000e-03    0.0000000000e+00    0.0000000000e+00    1.0000000000e-04    3.2400662705e-02   -7.8125000000e-03    0.0000000000e+00    0.0000000000e+00    1.0000000000e-04    3.2499280520e-02    1.0000000000e+30    0.0000000000e+00    1.0000000000e+30    0.0000000000e+00    1.0000000000e+30    0.0000000000e+00
  79.2100000    1.5625000000e-02    7.8125000000e-03    0.0000000000e+00    0.0000000000e+00    1.0000000000e-04    3.2353427125e-02   -7.8125000000e-03    0.0000000000e+00    0.0000000000e+00    1.0000000000e-04    3.2446565520e-02    1.0000000000e+30    0.0000000000e+00    1.0000000000e+30    0.0000000000e+00    1.0000000000e+30    0.0000000000e+00
  79.2600000    1.5625000000e-02    7.8125000000e-03    0.0000000000e+00    0.0000000000e+00    1.0000000000e-04    3.2308185489e-02   -7.8125000000e-03    0.0000000000e+00    0.0000000000e+00    1.0000000000e-04    3.2395601930e-02    1.0000000000e+30    0.0000000000e+00    1.0000000000e+30    0.0000000000e+00    1.0000000000e+30    0.0000000000e+00
  79.3100000    1.5625000000e-02    7.8125000000e-03    0.0000000000e+00    0.0000000000e+00    1.0000000000e-04    3.2261027960e-02   -7.8125000000e-03    0.0000000000e+00    0.0000000000e+00    1.0000000000e-04    3.2346430533e-02    1.0000000000e+30    0.0000000000e+00    1.0000000000e+30    0.0000000000e+00    1.0000000000e+30    0.0000000000e+00
  79.3600000    1.5625000000e-02    7.8125000000e-03    0.0000000000e+00    0.0000000000e+00    1.0000000000e-04    3.2208939734e-02   -7.8125000000e-03    0.0000000000e+00    0.0000000000e+00    1.0000000000e-04    3.2299089052e-02    1.0000000000e+30    0.0000000000e+00    1.0000000000e+30    0.0000000000e+00    1.0000000000e+30    0.0000000000e+00
  79.4100000    1.5625000000e-02    7.8125000000e-03    0.0000000000e+00    0.0000000000e+00    1.0000000000e-04    3.2158775470e-02   -7.8125000000e-03    0.0000000000e+00    0.0000000000e+00    1.0000000000e-04    3.2251289554e-02    1.0000000000e+30    0.0000000000e+00    1.0000000000e+30    0.0000000000e+00    1.0000000000e+30    0.0000000000e+00
  79.4600000    1.5625000000e-02    7.8125000000e-03    0.0000000000e+00    0.0000000000e+00    1.0000000000e-04    3.2110566845e-02   -7.8125000000e-03    0.0000000000e+00    0.0000000000e+00    1.0000000000e-04    3.2197689196e-02    1.0000000000e+30    0.0000000000e+00    1.0000000000e+30    0.0000000000e+00    1.0000000000e+30    0.0000000000e+00
  79.5100000    1.5625000000e-02    7.8125000000e-03    0.0000000000e+00    0.0000000000e+00    1.0000000000e-04    3.2064339062e-02   -7.8125000000e-03    0.0000000000e+00    0.0000000000e+00    1.0000000000e-04    3.2145830645e-02    1.0000000000e+30    0.0000000000e+00    1.0000000000e+30    0.0000000000e+00    1.0000000000e+30    0.0000000000e+00
  79.5600000    1.5625000000e-02    7.8125000000e-03    0.0000000000e+00    0.0000000000e+00    1.0000000000e-04    3.2020111680e-02   -7.8125000000e-03    0.0000000000e+00    0.0000000000e+00    1.0000000000e-04    3.2095746795e-02    1.0000000000e+30    0.0000000000e+00    1.0000000000e+30    0.0000000000e+00    1.0000000000e+30    0.0000000000e+00
  79.6100000    1.5625000000e-02    7.8125000000e-03    0.0000000000e+00    0.0000000000e+00    1.0000000000e-04    3.1977898583e-02   -7.8125000000e-03    0.0000000000e+00    0.0000000000e+00    1.0000000000e-04    3.2047466591e-02    1.0000000000e+30    0.0000000000e+00    1.0000000000e+30    0.0000000000e+00    1.0000000000e+30    0.0000000000e+00
  79.6600000    1.5625000000e-02    7.8125000000e-03    0.0000000000e+00    0.0000000000e+00    1.0000000000e-04    3.1937706951e-02   -7.8125000000e-03    0.0000000000e+00    0.0000000000e+00    1.0000000000e-04    3.2001015031e-02    1.0000000000e+30    0.0000000000e+00    1.0000000000e+30    0.0000000000e+00    1.0000000000e+30    0.0000000000e+00
  79.7100000    1.5625000000e-02    7.8125000000e-03    0.0000000000e+00    0.0000000000e+00    1.0000000000e-04    3.1899535522e-02   -7.8125000000e-03    0.0000000000e+00    0.0000000000e+00    1.0000000000e-04    3.1956412603e-02    1.0000000000e+30    0.0000000000e+00    1.0000000000e+30    0.0000000000e+00    1.0000000000e+30    0.0000000000e+00
  79.7600000    1.5625000000e-02    7.8125000000e-03    0.0000000000e+00    0.0000000000e+00    1.0000000000e-04    3.1863372841e-02   -7.8125000000e-03    0.0000000000e+00    0.0000000000e+00    1.0000000000e-04    3.1913674320e-02    1.0000000000e+30    0.0000000000e+00    1.0000000000e+30    0.0000000000e+00    1.0000000000e+30    0.0000000000e+00
  79.8100000    1.5625000000e-02    7.8125000000e-03    0.0000000000e+00    0.0000000000e+00    1.0000000000e-04    3.1829196300e-02   -7.8125000000e-03    0.0000000000e+00    0.0000000000e+00    1.0000000000e-04    3.1872808766e-02    1.0000000000e+30    0.0000000000e+00    1.0000000000e+30    0.0000000000e+00    1.0000000000e+30    0.0000000000e+00
  79.8600000    1.5625000000e-02    7.8125000000e-03    0.0000000000e+00    0.0000000000e+00    1.0000000000e-04    3.1796972578e-02   -7.8125000000e-03    0.0000000000e+00    0.0000000000e+00    1.0000000000e-04    3.1833817575e-02    1.0000000000e+30    0.0000000000e+00    1.0000000000e+30    0.0000000000e+00    1.0000000000e+30    0.0000000000e+00
  79.9100000    1.5625000000e-02    7.8125000000e-03    0.0000000000e+00    0.0000000000e+00    1.0000000000e-04    3.1756635327e-02   -7.8125000000e-03    0.0000000000e+00    0.0000000000e+00    1.0000000000e-04    3.1796695618e-02    1.0000000000e+30    0.0000000000e+00    1.0000000000e+30    0.0000000000e+00    1.0000000000e+30    0.0000000000e+00
  79.9600000    1.5625000000e-02    7.8125000000e-03    0.0000000000e+00    0.0000000000e+00    1.0000000000e-04    3.1716586886e-02   -7.8125000000e-03    0.0000000000e+00    0.0000000000e+00    1.0000000000e-04    3.1761431881e-02    1.0000000000e+30    0.0000000000e+00    1.0000000000e+30    0.0000000000e+00    1.0000000000e+30    0.0000000000e+00
  80.0100000    1.5625000000e-02    7.8125000000e-03    0.0000000000e+00    0.0000000000e+00    1.0000000000e-04    3.1678502435e-02   -7.8125000000e-03    0.0000000000e+00    0.0000000000e+00    1.0000000000e-04    3.1723273148e-02    1.0000000000e+30    0.0000000000e+00    1.0000000000e+30    0.0000000000e+00    1.0000000000e+30    0.0000000000e+00
  80.0600000    1.5625000000e-02    7.8125000000e-03    0.0000000000e+00    0.0000000000e+00    1.0000000000e-04    3.1642362977e-02   -7.8125000000e-03    0.0000000000e+00    0.0000000000e+00    1.0000000000e-04    3.1680581165e-02    1.0000000000e+30    0.0000000000e+00    1.0000000000e+30    0.0000000000e+00    1.0000000000e+30    0.0000000000e+00
  80.1100000    1.5625000000e-02    7.8125000000e-03    0.0000000000e+00    0.0000000000e+00    1.0000000000e-04    3.1608141534e-02   -7.8125000000e-03    0.0000000000e+00    0.0000000000e+00    1.0000000000e-04    3.1639730702e-02    1.0000000000e+30    0.0000000000e+00    1.0000000000e+30    0.0000000000e+00    1.0000000000e+30    0.0000000000e+00
  80.1600000    1.5625000000e-02    7.8125000000e-03    0.0000000000e+00    0.0000000000e+00    1.0000000000e-04    3.1575804415e-02   -7.8125000000e-03    0.0000000000e+00    0.0000000000e+00    1.0000000000e-04    3.1600719448e-02    1.0000000000e+30    0.0000000000e+00    1.0000000000e+30    0.0000000000e+00    1.0000000000e+30    0.0000000000e+00
  80.2100000    1.5625000000e-02    7.8125000000e-03    0.0000000000e+00    0.0000000000e+00    1.0000000000e-04    3.1545312399e-02   -7.8125000000e-03    0.0000000000e+00    0.0000000000e+00    1.0000000000e-04    3.1563537759e-02    1.0000000000e+30    0.0000000000e+00    1.0000000000e+30    0.0000000000e+00    1.0000000000e+30    0.0000000000e+00
  80.2600000    1.5625000000e-02    7.8125000000e-03    0.0000000000e+00    0.0000000000e+00    1.0000000000e-04    3.1516621756e-02   -7.8125000000e-03    0.0000000000e+00    0.0000000000e+00    1.0000000000e-04    3.1528169419e-02    1.0000000000e+30    0.0000000000e+00    1.0000000000e+30    0.0000000000e+00    1.0000000000e+30    0.0000000000e+00
  80.3100000    1.5625000000e-02    7.8125000000e-03    0.0000000000e+00    0.0000000000e+00    1.0000000000e-04    3.1489685137e-02   -7.8125000000e-03    0.0000000000e+00    0.0000000000e+00    1.0000000000e-04    3.1494592975e-02    1.0000000000e+30    0.0000000000e+00    1.0000000000e+30    0.0000000000e+00    1.0000000000e+30    0.0000000000e+00
  80.3600000    1.5625000000e-02    7.8125000000e-03    0.0000000000e+00    0.0000000000e+00    1.0000000000e-04    3.1464452425e-02   -7.8125000000e-03    0.0000000000e+00    0.0000000000e+00    1.0000000000e-04    3.1462783521e-02    1.0000000000e+30    0.0000000000e+00    1.0000000000e+30    0.0000000000e+00    1.0000000000e+30    0.0000000000e+00
  80.4100000    1.5625000000e-02    7.8125000000e-03    0.0000000000e+00    0.0000000000e+00    1.0000000000e-04    3.1440871611e-02   -7.8125000000e-03    0.0000000000e+00    0.0000000000e+00    1.0000000000e-04    3.1432714628e-02    1.0000000000e+30    0.0000000000e+00    1.0000000000e+30    0.0000000000e+00    1.0000000000e+30    0.0000000000e+00
  80.4600000    1.5625000000e-02    7.8125000000e-03    0.0000000000e+00    0.0000000000e+00    1.0000000000e-04    3.1418889660e-02   -7.8125000000e-03    0.0000000000e+00    0.0000000000e+00    1.0000000000e-04    3.1404359945e-02    1.0000000000e+30    0.0000000000e+00    1.0000000000e+30    0.0000000000e+00    1.0000000000e+30    0.0000000000e+00
  80.5100000    1.5625000000e-02    7.8125000000e-03    0.0000000000e+00    0.0000000000e+00    1.0000000000e-04    3.1389833230e-02   -7.8125000000e-03    0.0000000000e+00    0.0000000000e+00    1.0000000000e-04    3.1377694077e-02    1.0000000000e+30    0.0000000000e+00    1.0000000000e+30    0.0000000000e+00    1.0000000000e+30    0.0000000000e+00
  80.5600000    1.5625000000e-02    7.8125000000e-03    0.0000000000e+00    0.0000000000e+00    1.0000000000e-04    3.1360173558e-02   -7.8125000000e-03    0.0000000000e+00    0.0000000000e+00    1.0000000000e-04    3.1352692521e-02    1.0000000000e+30    0.0000000000e+00    1.0000000000e+30    0.0000000000e+00    1.0000000000e+30    0.0000000000e+00
  80.6100000    1.5625000000e-02    7.8125000000e-03    0.0000000000e+00    0.0000000000e+00    1.0000000000e-04    3.1332179851e-02   -7.8125000000e-03    0.0000000000e+00    0.0000000000e+00    1.0000000000e-04    3.1325666102e-02    1.0000000000e+30    0.0000000000e+00    1.0000000000e+30    0.0000000000e+00    1.0000000000e+30    0.0000000000e+00
  80.6600000    1.5625000000e-02    7.8125000000e-03    0.0000000000e+00    0.0000000000e+00    1.0000000000e-04    3.1305807583e-02   -7.8125000000e-03    0.0000000000e+00    0.0000000000e+00    1.0000000000e-04    3.1292847090e-02    1.0000000000e+30    0.0000000000e+00    1.0000000000e+30    0.0000000000e+00    1.0000000000e+30    0.0000000000e+00
  80.7100000    1.5625000000e-02    7.8125000000e-03    0.0000000000e+00    0.0000000000e+00    1.0000000000e-04    3.1281013230e-02   -7.8125000000e-03    0.0000000000e+00    0.0000000000e+00    1.0000000000e-04    3.1261711334e-02    1.0000000000e+30    0.0000000000e+00    1.0000000000e+30    0.0000000000e+00    1.0000000000e+30    0.0000000000e+00
  80.7600000    1.5625000000e-02    7.8125000000e-03    0.0000000000e+00    0.0000000000e+00    1.0000000000e-04    3.1257753264e-02   -7.8125000000e-03    0.0000000000e+00    0.0000000000e+00    1.0000000000e-04    3.1232243881e-02    1.0000000000e+30    0.0000000000e+00    1.0000000000e+30    0.0000000000e+00    1.0000000000e+30    0.0000000000e+00
  80.8100000    1.5625000000e-02    7.8125000000e-03    0.0000000000e+00    0.0000000000e+00    1.0000000000e-04    3.1235983360e-02   -7.8125000000e-03    0.0000000000e+00    0.0000000000e+00    1.0000000000e-04    3.1204426533e-02    1.0000000000e+30    0.0000000000e+00    1.0000000000e+30    0.0000000000e+00    1.0000000000e+30    0.0000000000e+00
  80.8600000    1.5625000000e-02    7.8125000000e-03    0.0000000000e+00    0.0000000000e+00    1.0000000000e-04    3.1215658071e-02   -7.8125000000e-03    0.0000000000e+00    0.0000000000e+00    1.0000000000e-04    3.1178236799e-02    1.0000000000e+30    0.0000000000e+00    1.0000000000e+30    0.0000000000e+00    1.0000000000e+30    0.0000000000e+00
  80.9100000    1.5625000000e-02    7.8125000000e-03    0.0000000000e+00    0.0000000000e+00    1.0000000000e-04    3.1196730984e-02   -7.8125000000e-03    0.0000000000e+00    0.0000000000e+00    1.0000000000e-04    3.1153647838e-02    1.0000000000e+30    0.0000000000e+00    1.0000000000e+30    0.0000000000e+00    1.0000000000e+30    0.0000000000e+00
  80.9600000    1.5625000000e-02    7.8125000000e-03    0.0000000000e+00    0.0000000000e+00    1.0000000000e-04    3.1179155142e-02   -7.8125000000e-03    0.0000000000e+00    0.0000000000e+00    1.0000000000e-04    3.1130629249e-02    1.0000000000e+30    0.0000000000e+00    1.0000000000e+30    0.0000000000e+00    1.0000000000e+30    0.0000000000e+00
  81.0100000    1.5625000000e-02    7.8125000000e-03    0.0000000000e+00    0.0000000000e+00    1.0000000000e-04    3.1162883533e-02   -7.8125000000e-03    0.0000000000e+00    0.0000000000e+00    1.0000000000e-04    3.1109148338e-02    1.0000000000e+30    0.0000000000e+00    1.0000000000e+30    0.0000000000e+00    1.0000000000e+30    0.0000000000e+00
  81.0600000    1.5625000000e-02    7.8125000000e-03    0.0000000000e+00    0.0000000000e+00    1.0000000000e-04    3.1141502994e-02   -7.8125000000e-03    0.0000000000e+00    0.0000000000e+00    1.0000000000e-04    3.1089171513e-02    1.0000000000e+30    0.0000000000e+00    1.0000000000e+30    0.0000000000e+00    1.0000000000e+30    0.0000000000e+00
  81.1100000    1.5625000000e-02    7.8125000000e-03    0.0000000000e+00    0.0000000000e+00    1.0000000000e-04    3.1120498564e-02   -7.8125000000e-03    0.0000000000e+00    0.0000000000e+00    1.0000000000e-04    3.1070665631e-02    1.0000000000e+30    0.0000000000e+00    1.0000000000e+30    0.0000000000e+00    1.0000000000e+30    0.0000000000e+00
  81.1600000    1.5625000000e-02    7.8125000000e-03    0.0000000000e+00    0.0000000000e+00    1.0000000000e-04    3.1100953589e-02   -7.8125000000e-03    0.0000000000e+00    0.0000000000e+00    1.0000000000e-04    3.1053599246e-02    1.0000000000e+30    0.0000000000e+00    1.0000000000e+30    0.0000000000e+00    1.0000000000e+30    0.0000000000e+00
  81.2100000    1.5625000000e-02    7.8125000000e-03    0.0000000000e+00    0.0000000000e+00    1.0000000000e-04    3.1082820064e-02   -7.8125000000e-03    0.0000000000e+00    0.0000000000e+00    1.0000000000e-04    3.1037943718e-02    1.0000000000e+30    0.0000000000e+00    1.0000000000e+30    0.0000000000e+00    1.0000000000e+30    0.0000000000e+00
  81.2600000    1.5625000000e-02    7.8125000000e-03    0.0000000000e+00    0.0000000000e+00    1.0000000000e-04    3.1066048110e-02   -7.8125000000e-03    0.0000000000e+00    0.0000000000e+00    1.0000000000e-04    3.1022174311e-02    1.0000000000e+30    0.0000000000e+00    1.0000000000e+30    0.0000000000e+00    1.0000000000e+30    0.0000000000e+00
  81.3100000    1.5625000000e-02    7.8125000000e-03    0.0000000000e+00    0.0000000000e+00    1.0000000000e-04    3.1050587659e-02   -7.8125000000e-03    0.0000000000e+00    0.0000000000e+00    1.0000000000e-04    3.0998753630e-02    1.0000000000e+30    0.0000000000e+00    1.0000000000e+30    0.0000000000e+00    1.0000000000e+30    0.0000000000e+00
  81.3600000    1.5625000000e-02    7.8125000000e-03    0.0000000000e+00    0.0000000000e+00    1.0000000000e-04    3.1036390494e-02   -7.8125000000e-03    0.0000000000e+00    0.0000000000e+00    1.0000000000e-04    3.0976785564e-02    1.0000000000e+30    0.0000000000e+00    1.0000000000e+30    0.0000000000e+00    1.0000000000e+30    0.0000000000e+00
  81.4100000    1.5625000000e-02    7.8125000000e-03    0.0000000000e+00    0.0000000000e+00    1.0000000000e-04    3.1023412074e-02   -7.8125000000e-03    0.0000000000e+00    0.0000000000e+00    1.0000000000e-04    3.0956253163e-02    1.0000000000e+30    0.0000000000e+00    1.0000000000e+30    0.0000000000e+00    1.0000000000e+30    0.0000000000e+00
  81.4600000    1.5625000000e-02    7.8125000000e-03    0.0000000000e+00    0.0000000000e+00    1.0000000000e-04    3.1011612684e-02   -7.8125000000e-03    0.0000000000e+00    0.0000000000e+00    1.0000000000e-04    3.0937144230e-02    1.0000000000e+30    0.0000000000e+00    1.0000000000e+30    0.0000000000e+00    1.0000000000e+30    0.0000000000e+00
  81.5100000    1.5625000000e-02    7.8125000000e-03    0.0000000000e+00    0.0000000000e+00    1.0000000000e-04    3.1000957736e-02   -7.8125000000e-03    0.0000000000e+00    0.0000000000e+00    1.0000000000e-04    3.0919448827e-02    1.0000000000e+30    0.0000000000e+00    1.0000000000e+30    0.0000000000e+00    1.0000000000e+30    0.0000000000e+00
  81.5600000    1.5625000000e-02    7.8125000000e-03    0.0000000000e+00    0.0000000000e+00    1.0000000000e-04    3.0988583687e-02   -7.8125000000e-03    0.0000000000e+00    0.0000000000e+00    1.0000000000e-04    3.0903155675e-02    1.0000000000e+30    0.0000000000e+00    1.0000000000e+30    0.0000000000e+00    1.0000000000e+30    0.0000000000e+00
  81.6100000    1.5625000000e-02    7.8125000000e-03    0.0000000000e+00    0.0000000000e+00    1.0000000000e-04    3.0977122117e-02   -7.8125000000e-03    0.0000000000e+00    0.0000000000e+00    1.0000000000e-04    3.0888248329e-02    1.0000000000e+30    0.0000000000e+00    1.0000000000e+30    0.0000000000e+00    1.0000000000e+30    0.0000000000e+00
  81.6600000    1.5625000000e-02    7.8125000000e-03    0.0000000000e+00    0.0000000000e+00    1.0000000000e-04    3.0960348015e-02   -7.8125000000e-03    0.0000000000e+00    0.0000000000e+00    1.0000000000e-04    3.0874702215e-02    1.0000000000e+30    0.0000000000e+00    1.0000000000e+30    0.0000000000e+00    1.0000000000e+30    0.0000000000e+00
  81.7100000    1.5625000000e-02    7.8125000000e-03    0.0000000000e+00    0.0000000000e+00    1.0000000000e-04    3.0944343210e-02   -7.8125000000e-03    0.0000000000e+00    0.0000000000e+00    1.0000000000e-04    3.0862483411e-02    1.0000000000e+30    0.0000000000e+00    1.0000000000e+30    0.0000000000e+00    1.0000000000e+30    0.0000000000e+00
  81.7600000    1.5625000000e-02    7.8125000000e-03    0.0000000000e+00    0.0000000000e+00    1.0000000000e-04    3.0929526441e-02   -7.8125000000e-03    0.0000000000e+00    0.0000000000e+00    1.0000000000e-04    3.0851549557e-02    1.0000000000e+30    0.0000000000e+00    1.0000000000e+30    0.0000000000e+00    1.0000000000e+30    0.0000000000e+00
  81.8100000    1.5625000000e-02    7.8125000000e-03    0.0000000000e+00    0.0000000000e+00    1.0000000000e-04    3.0915874269e-02   -7.8125000000e-03    0.0000000000e+00    0.0000000000e+00    1.0000000000e-04    3.0840283480e-02    1.0000000000e+30    0.0000000000e+00    1.0000000000e+30    0.0000000000e+00    1.0000000000e+30    0.0000000000e+00
  81.8600000    1.7469281074e-02    7.8125000000e-03    0.0000000000e+00    0.0000000000e+00    1.0000000000e-04    3.0903027352e-02   -7.8125000000e-03    7.8125000000e-03    0.0000000000e+00    1.0000000000e-04    3.0824260497e-02    1.0000000000e+30    0.0000000000e+00    1.0000000000e+30    0.0000000000e+00    1.0000000000e+30    0.0000000000e+00
  81.9100000    1.7469281074e-02    7.8125000000e-03    0.0000000000e+00    0.0000000000e+00    1.0000000000e-04    3.0890752858e-02   -7.8125000000e-03    7.8125000000e-03    0.0000000000e+00    1.0000000000e-04    3.0810139318e-02    1.0000000000e+30    0.0000000000e+00    1.0000000000e+30    0.0000000000e+00    1.0000000000e+30    0.0000000000e+00
  81.9600000    1.7469281074e-02    7.8125000000e-03    0.0000000000e+00    0.0000000000e+00    1.0000000000e-04    3.0879505053e-02   -7.8125000000e-03    7.8125000000e-03    0.0000000000e+00    1.0000000000e-04    3.0797434130e-02    1.0000000000e+30    0.0000000000e+00    1.0000000000e+30    0.0000000000e+00    1.0000000000e+30    0.0000000000e+00
  82.0100000    1.7469281074e-02    7.8125000000e-03    0.0000000000e+00    0.0000000000e+00    1.0000000000e-04    3.0869246667e-02   -7.8125000000e-03    7.8125000000e-03    0.0000000000e+00    1.0000000000e-04    3.0786109642e-02    1.0000000000e+30    0.0000000000e+00    1.0000000000e+30    0.0000000000e+00    1.0000000000e+30    0.0000000000e+00
  82.0600000    1.7469281074e-02    7.8125000000e-03    0.0000000000e+00    0.0000000000e+00    1.0000000000e-04    3.0859936138e-02   -7.8125000000e-03    7.8125000000e-03    0.0000000000e+00    1.0000000000e-04    3.0776125384e-02    1.0000000000e+30    0.0000000000e+00    1.0000000000e+30    0.0000000000e+00    1.0000000000e+30    0.0000000000e+00
  82.1100000    1.7469281074e-02    7.8125000000e-03    0.0000000000e+00    0.0000000000e+00    1.0000000000e-04    3.0851529853e-02   -7.8125000000e-03    7.8125000000e-03    0.0000000000e+00    1.0000000000e-04    3.0767437938e-02    1.0000000000e+30    0.0000000000e+00    1.0000000000e+30    0.0000000000e+00    1.0000000000e+30    0.0000000000e+00
  82.1600000    1.7469281074e-02    7.8125000000e-03    0.0000000000e+00    0.0000000000e+00    1.0000000000e-04    3.0843985470e-02   -7.8125000000e-03    7.8125000000e-03    0.0000000000e+00    1.0000000000e-04    3.0760004060e-02    1.0000000000e+30    0.0000000000e+00    1.0000000000e+30    0.0000000000e+00    1.0000000000e+30    0.0000000000e+00
  82.2100000    1.7469281074e-02    7.8125000000e-03    0.0000000000e+00    0.0000000000e+00    1.0000000000e-04    3.0837265471e-02   -7.8125000000e-03    7.8125000000e-03    0.0000000000e+00    1.0000000000e-04    3.0753783949e-02    1.0000000000e+30    0.0000000000e+00    1.0000000000e+30    0.0000000000e+00    1.0000000000e+30    0.0000000000e+00
  82.2600000    1.7469281074e-02    7.8125000000e-03    0.0000000000e+00    0.0000000000e+00    1.0000000000e-04    3.0831339949e-02   -7.8125000000e-03    7.8125000000e-03    0.0000000000e+00    1.0000000000e-04    3.0748743733e-02    1.0000000000e+30    0.0000000000e+00    1.0000000000e+30    0.0000000000e+00    1.0000000000e+30    0.0000000000e+00
  82.3100000    1.7469281074e-02    7.8125000000e-03    0.0000000000e+00    0.0000000000e+00    1.0000000000e-04    3.0826187688e-02   -7.8125000000e-03    7.8125000000e-03    0.0000000000e+00    1.0000000000e-04    3.0744856342e-02    1.0000000000e+30    0.0000000000e+00    1.0000000000e+30    0.0000000000e+00    1.0000000000e+30    0.0000000000e+00
  82.3600000    1.7469281074e-02    7.8125000000e-03    0.0000000000e+00    0.0000000000e+00    1.0000000000e-04    3.0821795134e-02   -7.8125000000e-03    7.8125000000e-03    0.0000000000e+00    1.0000000000e-04    3.0742100434e-02    1.0000000000e+30    0.0000000000e+00    1.0000000000e+30    0.0000000000e+00    1.0000000000e+30    0.0000000000e+00
  82.4100000    1.7469281074e-02    7.8125000000e-03    0.0000000000e+00    0.0000000000e+00    1.0000000000e-04    3.0818153482e-02   -7.8125000000e-03    7.8125000000e-03    0.0000000000e+00    1.0000000000e-04    3.0740457646e-02    1.0000000000e+30    0.0000000000e+00    1.0000000000e+30    0.0000000000e+00    1.0000000000e+30    0.0000000000e+00
  82.4600000    1.7469281074e-02    7.8125000000e-03    0.0000000000e+00    0.0000000000e+00    1.0000000000e-04    3.0815254723e-02   -7.8125000000e-03    7.8125000000e-03    0.0000000000e+00    1.0000000000e-04    3.0735658497e-02    1.0000000000e+30    0.0000000000e+00    1.0000000000e+30    0.0000000000e+00    1.0000000000e+30    0.0000000000e+00
  82.5100000    1.7469281074e-02    7.8125000000e-03    0.0000000000e+00    0.0000000000e+00    1.0000000000e-04    3.0808015521e-02   -7.8125000000e-03    7.8125000000e-03    0.0000000000e+00    1.0000000000e-04    3.0726136085e-02    1.0000000000e+30    0.0000000000e+00    1.0000000000e+30    0.0000000000e+00    1.0000000000e+30    0.0000000000e+00
  82.5600000    1.7469281074e-02    7.8125000000e-03    0.0000000000e+00    0.0000000000e+00    1.0000000000e-04    3.0798515948e-02   -7.8125000000e-03    7.8125000000e-03    0.0000000000e+00    1.0000000000e-04    3.0717834656e-02    1.0000000000e+30    0.0000000000e+00    1.0000000000e+30    0.0000000000e+00    1.0000000000e+30    0.0000000000e+00
  82.6100000    1.7469281074e-02    7.8125000000e-03    0.0000000000e+00    0.0000000000e+00    1.0000000000e-04    3.0786316055e-02   -7.8125000000e-03    7.8125000000e-03    0.0000000000e+00    1.0000000000e-04    3.0710731107e-02    1.0000000000e+30    0.0000000000e+00    1.0000000000e+30    0.0000000000e+00    1.0000000000e+30    0.0000000000e+00
  82.6600000    1.7469281074e-02    7.8125000000e-03    0.0000000000e+00    0.0000000000e+00    1.0000000000e-04    3.0770663430e-02   -7.8125000000e-03    7.8125000000e-03    0.0000000000e+00    1.0000000000e-04    3.0704796661e-02    1.0000000000e+30    0.0000000000e+00    1.0000000000e+30    0.0000000000e+00    1.0000000000e+30    0.0000000000e+00
  82.7100000    1.7469281074e-02    7.8125000000e-03    0.0000000000e+00    0.0000000000e+00    1.0000000000e-04    3.0756356222e-02   -7.8125000000e-03    7.8125000000e-03    0.0000000000e+00    1.0000000000e-04    3.0699996126e-02    1.0000000000e+30    0.0000000000e+00    1.0000000000e+30    0.0000000000e+00    1.0000000000e+30    0.0000000000e+00
  82.7600000    1.7469281074e-02    7.8125000000e-03    0.0000000000e+00    0.0000000000e+00    1.0000000000e-04    3.0743369234e-02   -7.8125000000e-03    7.8125000000e-03    0.0000000000e+00    1.0000000000e-04    3.0696288662e-02    1.0000000000e+30    0.0000000000e+00    1.0000000000e+30    0.0000000000e+00    1.0000000000e+30    0.0000000000e+00
  82.8100000    1.7469281074e-02    7.8125000000e-03    0.0000000000e+00    0.0000000000e+00    1.0000000000e-04    3.0731675950e-02   -7.8125000000e-03    7.8125000000e-03    0.0000000000e+00    1.0000000000e-04    3.0693629726e-02    1.0000000000e+30    0.0000000000e+00    1.0000000000e+30    0.0000000000e+00    1.0000000000e+30    0.0000000000e+00
  82.8600000    1.7469281074e-02    7.8125000000e-03    0.0000000000e+00    0.0000000000e+00    1.0000000000e-04    3.0721248264e-02   -7.8125000000e-03    7.8125000000e-03    0.0000000000e+00    1.0000000000e-04    3.0691973637e-02    1.0000000000e+30    0.0000000000e+00    1.0000000000e+30    0.0000000000e+00    1.0000000000e+30    0.0000000000e+00
  82.9100000    1.7469281074e-02    7.8125000000e-03    0.0000000000e+00    0.0000000000e+00    1.0000000000e-04    3.0712056035e-02   -7.8125000000e-03    7.8125000000e-03    0.0000000000e+00    1.0000000000e-04    3.0691276163e-02    1.0000000000e+30    0.0000000000e+00    1.0000000000e+30    0.0000000000e+00    1.0000000000e+30    0.0000000000e+00
  82.9600000    1.7469281074e-02    7.8125000000e-03    0.0000000000e+00    0.0000000000e+00    1.0000000000e-04    3.0704066605e-02   -7.8125000000e-03    7.8125000000e-03    0.0000000000e+00    1.0000000000e-04    3.0691496675e-02    1.0000000000e+30    0.0000000000e+00    1.0000000000e+30    0.0000000000e+00    1.0000000000e+30    0.0000000000e+00
  83.0100000    1.7469281074e-02    7.8125000000e-03    0.0000000000e+00    0.0000000000e+00    1.0000000000e-04    3.0697244593e-02   -7.8125000000e-03    7.8125000000e-03    0.0000000000e+00    1.0000000000e-04    3.0692599567e-02    1.0000000000e+30    0.0000000000e+00    1.0000000000e+30    0.0000000000e+00    1.0000000000e+30    0.0000000000e+00
  83.0600000    1.7469281074e-02    7.8125000000e-03    0.0000000000e+00    0.0000000000e+00    1.0000000000e-04    3.0691552236e-02   -7.8125000000e-03    7.8125000000e-03    0.0000000000e+00    1.0000000000e-04    3.0694554796e-02    1.0000000000e+30    0.0000000000e+00    1.0000000000e+30    0.0000000000e+00    1.0000000000e+30    0.0000000000e+00
  83.1100000    1.7469281074e-02    7.8125000000e-03    0.0000000000e+00    0.0000000000e+00    1.0000000000e-04    3.0686950358e-02   -7.8125000000e-03    7.8125000000e-03    0.0000000000e+00    1.0000000000e-04    3.0697337512e-02    1.0000000000e+30    0.0000000000e+00    1.0000000000e+30    0.0000000000e+00    1.0000000000e+30    0.0000000000e+00
  83.1600000    1.7469281074e-02    7.8125000000e-03    0.0000000000e+00    0.0000000000e+00    1.0000000000e-04    3.0683399806e-02   -7.8125000000e-03    7.8125000000e-03    0.0000000000e+00    1.0000000000e-04    3.0700926825e-02    1.0000000000e+30    0.0000000000e+00    1.0000000000e+30    0.0000000000e+00    1.0000000000e+30    0.0000000000e+00
  83.2100000    1.7469281074e-02    7.8125000000e-03    0.0000000000e+00    0.0000000000e+00    1.0000000000e-04    3.0680862934e-02   -7.8125000000e-03    7.8125000000e-03    0.0000000000e+00    1.0000000000e-04    3.0705303904e-02    1.0000000000e+30    0.0000000000e+00    1.0000000000e+30    0.0000000000e+00    1.0000000000e+30    0.0000000000e+00
  83.2600000    1.7469281074e-02    7.8125000000e-03    0.0000000000e+00    0.0000000000e+00    1.0000000000e-04    3.0679304696e-02   -7.8125000000e-03    7.8125000000e-03    0.0000000000e+00    1.0000000000e-04    3.0710449765e-02    1.0000000000e+30    0.0000000000e+00    1.0000000000e+30    0.0000000000e+00    1.0000000000e+30    0.0000000000e+00
  83.3100000    1.7469281074e-02    7.8125000000e-03    0.0000000000e+00    0.0000000000e+00    1.0000000000e-04    3.0678693040e-02   -7.8125000000e-03    7.8125000000e-03    0.0000000000e+00    1.0000000000e-04    3.0716343250e-02    1.0000000000e+30    0.0000000000e+00    1.0000000000e+30    0.0000000000e+00    1.0000000000e+30    0.0000000000e+00
  83.3600000    1.7469281074e-02    7.8125000000e-03    0.0000000000e+00    0.0000000000e+00    1.0000000000e-04    3.0678998568e-02   -7.8125000000e-03    7.8125000000e-03    0.0000000000e+00    1.0000000000e-04    3.0722959743e-02    1.0000000000e+30    0.0000000000e+00    1.0000000000e+30    0.0000000000e+00    1.0000000000e+30    0.0000000000e+00
  83.4100000    1.7469281074e-02    7.8125000000e-03    0.0000000000e+00    0.0000000000e+00    1.0000000000e-04    3.0680193662e-02   -7.8125000000e-03    7.8125000000e-03    0.0000000000e+00    1.0000000000e-04    3.0724865500e-02    1.0000000000e+30    0.0000000000e+00    1.0000000000e+30    0.0000000000e+00    1.0000000000e+30    0.0000000000e+00
  83.4600000    2.2097086912e-02    7.8125000000e-03   -7.8125000000e-03    0.0000000000e+00    1.0000000000e-04    3.0682199785e-02   -7.8125000000e-03    7.8125000000e-03    0.0000000000e+00    1.0000000000e-04    3.0722370178e-02    1.0000000000e+30    0.0000000000e+00    1.0000000000e+30    0.0000000000e+00    1.0000000000e+30    0.0000000000e+00
  83.5100000    2.2097086912e-02    7.8125000000e-03   -7.8125000000e-03    0.0000000000e+00    1.0000000000e-04    3.0684811785e-02   -7.8125000000e-03    7.8125000000e-03    0.0000000000e+00    1.0000000000e-04    3.0720727049e-02    1.0000000000e+30    0.0000000000e+00    1.0000000000e+30    0.0000000000e+00    1.0000000000e+30    0.0000000000e+00
  83.5600000    2.2097086912e-02    7.8125000000e-03   -7.8125000000e-03    0.0000000000e+00    1.0000000000e-04    3.0688191836e-02   -7.8125000000e-03    7.8125000000e-03    0.0000000000e+00    1.0000000000e-04    3.0719706825e-02    1.0000000000e+30    0.0000000000e+00    1.0000000000e+30    0.0000000000e+00    1.0000000000e+30    0.0000000000e+00
  83.6100000    2.2097086912e-02    7.8125000000e-03   -7.8125000000e-03    0.0000000000e+00    1.0000000000e-04    3.0692309844e-02   -7.8125000000e-03    7.8125000000e-03    0.0000000000e+00    1.0000000000e-04    3.0719300467e-02    1.0000000000e+30    0.0000000000e+00    1.0000000000e+30    0.0000000000e+00    1.0000000000e+30    0.0000000000e+00
  83.6600000    2.2097086912e-02    7.8125000000e-03   -7.8125000000e-03    0.0000000000e+00    1.0000000000e-04    3.0691670045e-02   -7.8125000000e-03    7.8125000000e-03    0.0000000000e+00    1.0000000000e-04    3.0719498546e-02    1.0000000000e+30    0.0000000000e+00    1.0000000000e+30    0.0000000000e+00    1.0000000000e+30    0.0000000000e+00
  83.7100000    2.2097086912e-02    7.8125000000e-03   -7.8125000000e-03    0.0000000000e+00    1.0000000000e-04    3.0689884109e-02   -7.8125000000e-03    7.8125000000e-03    0.0000000000e+00    1.0000000000e-04    3.0720291596e-02    1.0000000000e+30    0.0000000000e+00    1.0000000000e+30    0.0000000000e+00    1.0000000000e+30    0.0000000000e+00
  83.7600000    2.2097086912e-02    7.8125000000e-03   -7.8125000000e-03    0.0000000000e+00    1.0000000000e-04    3.0688993075e-02   -7.8125000000e-03    7.8125000000e-03    0.0000000000e+00    1.0000000000e-04    3.0721670554e-02    1.0000000000e+30    0.0000000000e+00    1.0000000000e+30    0.0000000000e+00    1.0000000000e+30    0.0000000000e+00
  83.8100000    2.2097086912e-02    7.8125000000e-03   -7.8125000000e-03    0.0000000000e+00    1.0000000000e-04    3.0688964420e-02   -7.8125000000e-03    7.8125000000e-03    0.0000000000e+00    1.0000000000e-04    3.0723627269e-02    1.0000000000e+30    0.0000000000e+00    1.0000000000e+30    0.0000000000e+00    1.0000000000e+30    0.0000000000e+00
  83.8600000    2.2097086912e-02    7.8125000000e-03   -7.8125000000e-03    0.0000000000e+00    1.0000000000e-04    3.0689766028e-02   -7.8125000000e-03    7.8125000000e-03    0.0000000000e+00    1.0000000000e-04    3.0726155092e-02    1.0000000000e+30    0.0000000000e+00    1.0000000000e+30    0.0000000000e+00    1.0000000000e+30    0.0000000000e+00
  83.9100000    2.2097086912e-02    7.8125000000e-03   -7.8125000000e-03    0.0000000000e+00    1.0000000000e-04    3.0691365661e-02   -7.8125000000e-03    7.8125000000e-03    0.0000000000e+00    1.0000000000e-04    3.0727054458e-02    1.0000000000e+30    0.0000000000e+00    1.0000000000e+30    0.0000000000e+00    1.0000000000e+30    0.0000000000e+00
  83.9600000    2.2097086912e-02    7.8125000000e-03   -7.8125000000e-03    0.0000000000e+00    1.0000000000e-04    3.0693730826e-02   -7.8125000000e-03    7.8125000000e-03    0.0000000000e+00    1.0000000000e-04    3.0725063383e-02    1.0000000000e+30    0.0000000000e+00    1.0000000000e+30    0.0000000000e+00    1.0000000000e+30    0.0000000000e+00
  84.0100000    2.2097086912e-02    7.8125000000e-03   -7.8125000000e-03    0.0000000000e+00    1.0000000000e-04    3.0696829153e-02   -7.8125000000e-03    7.8125000000e-03    0.0000000000e+00    1.0000000000e-04    3.0723685734e-02    1.0000000000e+30    0.0000000000e+00    1.0000000000e+30    0.0000000000e+00    1.0000000000e+30    0.0000000000e+00
  84.0600000    2.2097086912e-02    7.8125000000e-03   -7.8125000000e-03    0.0000000000e+00    1.0000000000e-04    3.0700629172e-02   -7.8125000000e-03    7.8125000000e-03    0.0000000000e+00    1.0000000000e-04    3.0722910864e-02    1.0000000000e+30    0.0000000000e+00    1.0000000000e+30    0.0000000000e+00    1.0000000000e+30    0.0000000000e+00
  84.1100000    2.2097086912e-02    7.8125000000e-03   -7.8125000000e-03    0.0000000000e+00    1.0000000000e-04    3.0702691102e-02   -7.8125000000e-03    7.8125000000e-03    0.0000000000e+00    1.0000000000e-04    3.0722729718e-02    1.0000000000e+30    0.0000000000e+00    1.0000000000e+30    0.0000000000e+00    1.0000000000e+30    0.0000000000e+00
  84.1600000    2.2097086912e-02    7.8125000000e-03   -7.8125000000e-03    0.0000000000e+00    1.0000000000e-04    3.0700686273e-02   -7.8125000000e-03    7.8125000000e-03    0.0000000000e+00    1.0000000000e-04    3.0723135568e-02    1.0000000000e+30    0.0000000000e+00    1.0000000000e+30    0.0000000000e+00    1.0000000000e+30    0.0000000000e+00
  84.2100000    2.2097086912e-02    7.8125000000e-03   -7.8125000000e-03    0.0000000000e+00    1.0000000000e-04    3.0699660679e-02   -7.8125000000e-03    7.8125000000e-03    0.0000000000e+00    1.0000000000e-04    3.0724124366e-02    1.0000000000e+30    0.0000000000e+00    1.0000000000e+30    0.0000000000e+00    1.0000000000e+30    0.0000000000e+00
  84.2600000    2.2097086912e-02    7.8125000000e-03   -7.8125000000e-03    0.0000000000e+00    1.0000000000e-04    3.0699580042e-02   -7.8125000000e-03    7.8125000000e-03    0.0000000000e+00    1.0000000000e-04    3.0725694646e-02    1.0000000000e+30    0.0000000000e+00    1.0000000000e+30    0.0000000000e+00    1.0000000000e+30    0.0000000000e+00
  84.3100000    2.2097086912e-02    7.8125000000e-03   -7.8125000000e-03    0.0000000000e+00    1.0000000000e-04    3.0700410723e-02   -7.8125000000e-03    7.8125000000e-03    0.0000000000e+00    1.0000000000e-04    3.0727847036e-02    1.0000000000e+30    0.0000000000e+00    1.0000000000e+30    0.0000000000e+00    1.0000000000e+30    0.0000000000e+00
  84.3600000    2.2097086912e-02    7.8125000000e-03   -7.8125000000e-03    0.0000000000e+00    1.0000000000e-04    3.0702119376e-02   -7.8125000000e-03    7.8125000000e-03    0.0000000000e+00    1.0000000000e-04    3.0730583603e-02    1.0000000000e+30    0.0000000000e+00    1.0000000000e+30    0.0000000000e+00    1.0000000000e+30    0.0000000000e+00
  84.4100000    2.2097086912e-02    7.8125000000e-03   -7.8125000000e-03    0.0000000000e+00    1.0000000000e-04    3.0704672759e-02   -7.8125000000e-03    7.8125000000e-03    0.0000000000e+00    1.0000000000e-04    3.0733907223e-02    1.0000000000e+30    0.0000000000e+00    1.0000000000e+30    0.0000000000e+00    1.0000000000e+30    0.0000000000e+00
  84.4600000    2.2097086912e-02    7.8125000000e-03   -7.8125000000e-03    0.0000000000e+00    1.0000000000e-04    3.0708037838e-02   -7.8125000000e-03    7.8125000000e-03    0.0000000000e+00    1.0000000000e-04    3.0737821161e-02    1.0000000000e+30    0.0000000000e+00    1.0000000000e+30    0.0000000000e+00    1.0000000000e+30    0.0000000000e+00
  84.5100000    2.2097086912e-02    7.8125000000e-03   -7.8125000000e-03    0.0000000000e+00    1.0000000000e-04    3.0712182152e-02   -7.8125000000e-03    7.8125000000e-03    0.0000000000e+00    1.0000000000e-04    3.0742328885e-02    1.0000000000e+30    0.0000000000e+00    1.0000000000e+30    0.0000000000e+00    1.0000000000e+30    0.0000000000e+00
  84.5600000    2.2097086912e-02    7.8125000000e-03   -7.8125000000e-03    0.0000000000e+00    1.0000000000e-04    3.0717074346e-02   -7.8125000000e-03    7.8125000000e-03    0.0000000000e+00    1.0000000000e-04    3.0743737599e-02    1.0000000000e+30    0.0000000000e+00    1.0000000000e+30    0.0000000000e+00    1.0000000000e+30    0.0000000000e+00
  84.6100000    2.2097086912e-02    7.8125000000e-03   -7.8125000000e-03    0.0000000000e+00    1.0000000000e-04    3.0722684730e-02   -7.8125000000e-03    7.8125000000e-03    0.0000000000e+00    1.0000000000e-04    3.0742665090e-02    1.0000000000e+30    0.0000000000e+00    1.0000000000e+30    0.0000000000e+00    1.0000000000e+30    0.0000000000e+00
  84.6600000    2.2097086912e-02    7.8125000000e-03   -7.8125000000e-03    0.0000000000e+00    1.0000000000e-04    3.0728985702e-02   -7.8125000000e-03    7.8125000000e-03    0.0000000000e+00    1.0000000000e-04    3.0742189811e-02    1.0000000000e+30    0.0000000000e+00    1.0000000000e+30    0.0000000000e+00    1.0000000000e+30    0.0000000000e+00
  84.7100000    2.2097086912e-02    7.8125000000e-03   -7.8125000000e-03    0.0000000000e+00    1.0000000000e-04    3.0729812853e-02   -7.8125000000e-03    7.8125000000e-03    0.0000000000e+00    1.0000000000e-04    3.0742310177e-02    1.0000000000e+30    0.0000000000e+00    1.0000000000e+30    0.0000000000e+00    1.0000000000e+30    0.0000000000e+00
  84.7600000    2.2097086912e-02    7.8125000000e-03   -7.8125000000e-03    0.0000000000e+00    1.0000000000e-04    3.0727524732e-02   -7.8125000000e-03    7.8125000000e-03    0.0000000000e+00    1.0000000000e-04    3.0743026174e-02    1.0000000000e+30    0.0000000000e+00    1.0000000000e+30    0.0000000000e+00    1.0000000000e+30    0.0000000000e+00
  84.8100000    2.2097086912e-02    7.8125000000e-03   -7.8125000000e-03    0.0000000000e+00    1.0000000000e-04    3.0726248146e-02   -7.8125000000e-03    7.8125000000e-03    0.0000000000e+00    1.0000000000e-04    3.0744339316e-02    1.0000000000e+30    0.0000000000e+00    1.0000000000e+30    0.0000000000e+00    1.0000000000e+30    0.0000000000e+00
  84.8600000    2.2097086912e-02    7.8125000000e-03   -7.8125000000e-03    0.0000000000e+00    1.0000000000e-04    3.0725948699e-02   -7.8125000000e-03    7.8125000000e-03    0.0000000000e+00    1.0000000000e-04    3.0746252430e-02    1.0000000000e+30    0.0000000000e+00    1.0000000000e+30    0.0000000000e+00    1.0000000000e+30    0.0000000000e+00
  84.9100000    2.2097086912e-02    7.8125000000e-03   -7.8125000000e-03    0.0000000000e+00    1.0000000000e-04    3.0726592361e-02   -7.8125000000e-03    7.8125000000e-03    0.0000000000e+00    1.0000000000e-04    3.0748769348e-02    1.0000000000e+30    0.0000000000e+00    1.0000000000e+30    0.0000000000e+00    1.0000000000e+30    0.0000000000e+00
  84.9600000    2.2097086912e-02    7.8125000000e-03   -7.8125000000e-03    0.0000000000e+00    1.0000000000e-04    3.0728145320e-02   -7.8125000000e-03    7.8125000000e-03    0.0000000000e+00    1.0000000000e-04    3.0751894547e-02    1.0000000000e+30    0.0000000000e+00    1.0000000000e+30    0.0000000000e+00    1.0000000000e+30    0.0000000000e+00
  85.0100000    2.2097086912e-02    7.8125000000e-03   -7.8125000000e-03    0.0000000000e+00    1.0000000000e-04    3.0730401356e-02   -7.8125000000e-03    7.8125000000e-03    0.0000000000e+00    1.0000000000e-04    3.0755632855e-02    1.0000000000e+30    0.0000000000e+00    1.0000000000e+30    0.0000000000e+00    1.0000000000e+30    0.0000000000e+00
  85.0600000    2.2097086912e-02    7.8125000000e-03   -7.8125000000e-03    0.0000000000e+00    1.0000000000e-04    3.0732521685e-02   -7.8125000000e-03    7.8125000000e-03    0.0000000000e+00    1.0000000000e-04    3.0756365885e-02    1.0000000000e+30    0.0000000000e+00    1.0000000000e+30    0.0000000000e+00    1.0000000000e+30    0.0000000000e+00
  85.1100000    2.2097086912e-02    7.8125000000e-03   -7.8125000000e-03    0.0000000000e+00    1.0000000000e-04    3.0735349352e-02   -7.8125000000e-03    7.8125000000e-03    0.0000000000e+00    1.0000000000e-04    3.0754736175e-02    1.0000000000e+30    0.0000000000e+00    1.0000000000e+30    0.0000000000e+00    1.0000000000e+30    0.0000000000e+00
  85.1600000    2.2097086912e-02    7.8125000000e-03   -7.8125000000e-03    0.0000000000e+00    1.0000000000e-04    3.0738857741e-02   -7.8125000000e-03    7.8125000000e-03    0.0000000000e+00    1.0000000000e-04    3.0753719837e-02    1.0000000000e+30    0.0000000000e+00    1.0000000000e+30    0.0000000000e+00    1.0000000000e+30    0.0000000000e+00
  85.2100000    2.2097086912e-02    7.8125000000e-03   -7.8125000000e-03    0.0000000000e+00    1.0000000000e-04    3.0743020934e-02   -7.8125000000e-03    7.8125000000e-03    0.0000000000e+00    1.0000000000e-04    3.0753312955e-02    1.0000000000e+30    0.0000000000e+00    1.0000000000e+30    0.0000000000e+00    1.0000000000e+30    0.0000000000e+00
  85.2600000    2.2097086912e-02    7.8125000000e-03   -7.8125000000e-03    0.0000000000e+00    1.0000000000e-04    3.0747814050e-02   -7.8125000000e-03    7.8125000000e-03    0.0000000000e+00    1.0000000000e-04    3.0753512605e-02    1.0000000000e+30    0.0000000000e+00    1.0000000000e+30    0.0000000000e+00    1.0000000000e+30    0.0000000000e+00
  85.3100000    2.2097086912e-02    7.8125000000e-03   -7.8125000000e-03    0.0000000000e+00    1.0000000000e-04    3.0753213561e-02   -7.8125000000e-03    7.8125000000e-03    0.0000000000e+00    1.0000000000e-04    3.0754317033e-02    1.0000000000e+30    0.0000000000e+00    1.0000000000e+30    0.0000000000e+00    1.0000000000e+30    0.0000000000e+00
  85.3600000    2.2097086912e-02    7.8125000000e-03   -7.8125000000e-03    0.0000000000e+00    1.0000000000e-04    3.0759197423e-02   -7.8125000000e-03    7.8125000000e-03    0.0000000000e+00    1.0000000000e-04    3.0755725733e-02    1.0000000000e+30    0.0000000000e+00    1.0000000000e+30    0.0000000000e+00    1.0000000000e+30    0.0000000000e+00
  85.4100000    2.2097086912e-02    7.8125000000e-03   -7.8125000000e-03    0.0000000000e+00    1.0000000000e-04    3.0765744964e-02   -7.8125000000e-03    7.8125000000e-03    0.0000000000e+00    1.0000000000e-04    3.0757739375e-02    1.0000000000e+30    0.0000000000e+00    1.0000000000e+30    0.0000000000e+00    1.0000000000e+30    0.0000000000e+00
  85.4600000    2.2097086912e-02    7.8125000000e-03   -7.8125000000e-03    0.0000000000e+00    1.0000000000e-04    3.0761836492e-02   -7.8125000000e-03    7.8125000000e-03    0.0000000000e+00    1.0000000000e-04    3.0760359628e-02    1.0000000000e+30    0.0000000000e+00    1.0000000000e+30    0.0000000000e+00    1.0000000000e+30    0.0000000000e+00
  85.5100000    2.2097086912e-02    7.8125000000e-03   -7.8125000000e-03    0.0000000000e+00    1.0000000000e-04    3.0758226315e-02   -7.8125000000e-03    7.8125000000e-03    0.0000000000e+00    1.0000000000e-04    3.0763588979e-02    1.0000000000e+30    0.0000000000e+00    1.0000000000e+30    0.0000000000e+00    1.0000000000e+30    0.0000000000e+00
  85.5600000    2.2097086912e-02    7.8125000000e-03   -7.8125000000e-03    0.0000000000e+00    1.0000000000e-04    3.0755617159e-02   -7.8125000000e-03    7.8125000000e-03    0.0000000000e+00    1.0000000000e-04    3.0767430672e-02    1.0000000000e+30    0.0000000000e+00    1.0000000000e+30    0.0000000000e+00    1.0000000000e+30    0.0000000000e+00
  85.6100000    2.2097086912e-02    7.8125000000e-03   -7.8125000000e-03    0.0000000000e+00    1.0000000000e-04    3.0753975187e-02   -7.8125000000e-03    7.8125000000e-03    0.0000000000e+00    1.0000000000e-04    3.0771888782e-02    1.0000000000e+30    0.0000000000e+00    1.0000000000e+30    0.0000000000e+00    1.0000000000e+30    0.0000000000e+00
  85.6600000    2.2097086912e-02    7.8125000000e-03   -7.8125000000e-03    0.0000000000e+00    1.0000000000e-04    3.0753266670e-02   -7.8125000000e-03    7.8125000000e-03    0.0000000000e+00    1.0000000000e-04    3.0776968329e-02    1.0000000000e+30    0.0000000000e+00    1.0000000000e+30    0.0000000000e+00    1.0000000000e+30    0.0000000000e+00
  85.7100000    2.2097086912e-02    7.8125000000e-03   -7.8125000000e-03    0.0000000000e+00    1.0000000000e-04    3.0753458369e-02   -7.8125000000e-03    7.8125000000e-03    0.0000000000e+00    1.0000000000e-04    3.0782675284e-02    1.0000000000e+30    0.0000000000e+00    1.0000000000e+30    0.0000000000e+00    1.0000000000e+30    0.0000000000e+00
  85.7600000    2.2097086912e-02    7.8125000000e-03   -7.8125000000e-03    0.0000000000e+00    1.0000000000e-04    3.0754517908e-02   -7.8125000000e-03    7.8125000000e-03    0.0000000000e+00    1.0000000000e-04    3.0789016304e-02    1.0000000000e+30    0.0000000000e+00    1.0000000000e+30    0.0000000000e+00    1.0000000000e+30    0.0000000000e+00
  85.8100000    2.2097086912e-02    7.8125000000e-03   -7.8125000000e-03    0.0000000000e+00    1.0000000000e-04    3.0756413966e-02   -7.8125000000e-03    7.8125000000e-03    0.0000000000e+00    1.0000000000e-04    3.0790999852e-02    1.0000000000e+30    0.0000000000e+00    1.0000000000e+30    0.0000000000e+00    1.0000000000e+30    0.0000000000e+00
  85.8600000    2.2097086912e-02    7.8125000000e-03   -7.8125000000e-03    0.0000000000e+00    1.0000000000e-04    3.0759116277e-02   -7.8125000000e-03    7.8125000000e-03    0.0000000000e+00    1.0000000000e-04    3.0789014519e-02    1.0000000000e+30    0.0000000000e+00    1.0000000000e+30    0.0000000000e+00    1.0000000000e+30    0.0000000000e+00
  85.9100000    2.2097086912e-02    7.8125000000e-03   -7.8125000000e-03    0.0000000000e+00    1.0000000000e-04    3.0762595519e-02   -7.8125000000e-03    7.8125000000e-03    0.0000000000e+00    1.0000000000e-04    3.0787648139e-02    1.0000000000e+30    0.0000000000e+00    1.0000000000e+30    0.0000000000e+00    1.0000000000e+30    0.0000000000e+00
  85.9600000    2.2097086912e-02    7.8125000000e-03   -7.8125000000e-03    0.0000000000e+00    1.0000000000e-04    3.0766823248e-02   -7.8125000000e-03    7.8125000000e-03    0.0000000000e+00    1.0000000000e-04    3.0786898529e-02    1.0000000000e+30    0.0000000000e+00    1.0000000000e+30    0.0000000000e+00    1.0000000000e+30    0.0000000000e+00
  86.0100000    2.2097086912e-02    7.8125000000e-03   -7.8125000000e-03    0.0000000000e+00    1.0000000000e-04    3.0771771938e-02   -7.8125000000e-03    7.8125000000e-03    0.0000000000e+00    1.0000000000e-04    3.0786765074e-02    1.0000000000e+30    0.0000000000e+00    1.0000000000e+30    0.0000000000e+00    1.0000000000e+30    0.0000000000e+00
  86.0600000    2.2097086912e-02    7.8125000000e-03   -7.8125000000e-03    0.0000000000e+00    1.0000000000e-04    3.0777415075e-02   -7.8125000000e-03    7.8125000000e-03    0.0000000000e+00    1.0000000000e-04    3.0787248675e-02    1.0000000000e+30    0.0000000000e+00    1.0000000000e+30    0.0000000000e+00    1.0000000000e+30    0.0000000000e+00
  86.1100000    2.2097086912e-02    7.8125000000e-03   -7.8125000000e-03    0.0000000000e+00    1.0000000000e-04    3.0783727155e-02   -7.8125000000e-03    7.8125000000e-03    0.0000000000e+00    1.0000000000e-04    3.0788351710e-02    1.0000000000e+30    0.0000000000e+00    1.0000000000e+30    0.0000000000e+00    1.0000000000e+30    0.0000000000e+00
  86.1600000    2.2097086912e-02    7.8125000000e-03   -7.8125000000e-03    0.0000000000e+00    1.0000000000e-04    3.0790683500e-02   -7.8125000000e-03    7.8125000000e-03    0.0000000000e+00    1.0000000000e-04    3.0790077881e-02    1.0000000000e+30    0.0000000000e+00    1.0000000000e+30    0.0000000000e+00    1.0000000000e+30    0.0000000000e+00
  86.2100000    2.2097086912e-02    7.8125000000e-03   -7.8125000000e-03    0.0000000000e+00    1.0000000000e-04    3.0798259932e-02   -7.8125000000e-03    7.8125000000e-03    0.0000000000e+00    1.0000000000e-04    3.0792431804e-02    1.0000000000e+30    0.0000000000e+00    1.0000000000e+30    0.0000000000e+00    1.0000000000e+30    0.0000000000e+00
  86.2600000    2.2097086912e-02    7.8125000000e-03   -7.8125000000e-03    0.0000000000e+00    1.0000000000e-04    3.0806432574e-02   -7.8125000000e-03    7.8125000000e-03    0.0000000000e+00    1.0000000000e-04    3.0795418369e-02    1.0000000000e+30    0.0000000000e+00    1.0000000000e+30    0.0000000000e+00    1.0000000000e+30    0.0000000000e+00
  86.3100000    2.2097086912e-02    7.8125000000e-03   -7.8125000000e-03    0.0000000000e+00    1.0000000000e-04    3.0815178090e-02   -7.8125000000e-03    7.8125000000e-03    0.0000000000e+00    1.0000000000e-04    3.0799042059e-02    1.0000000000e+30    0.0000000000e+00    1.0000000000e+30    0.0000000000e+00    1.0000000000e+30    0.0000000000e+00
  86.3600000    2.2097086912e-02    7.8125000000e-03   -7.8125000000e-03    0.0000000000e+00    1.0000000000e-04    3.0824474532e-02   -7.8125000000e-03    7.8125000000e-03    0.0000000000e+00    1.0000000000e-04    3.0803306523e-02    1.0000000000e+30    0.0000000000e+00    1.0000000000e+30    0.0000000000e+00    1.0000000000e+30    0.0000000000e+00
  86.4100000    2.2097086912e-02    7.8125000000e-03   -7.8125000000e-03    0.0000000000e+00    1.0000000000e-04    3.0834302624e-02   -7.8125000000e-03    7.8125000000e-03    0.0000000000e+00    1.0000000000e-04    3.0808214628e-02    1.0000000000e+30    0.0000000000e+00    1.0000000000e+30    0.0000000000e+00    1.0000000000e+30    0.0000000000e+00
  86.4600000    2.2097086912e-02    7.8125000000e-03   -7.8125000000e-03    0.0000000000e+00    1.0000000000e-04    3.0844646951e-02   -7.8125000000e-03    7.8125000000e-03    0.0000000000e+00    1.0000000000e-04    3.0813768973e-02    1.0000000000e+30    0.0000000000e+00    1.0000000000e+30    0.0000000000e+00    1.0000000000e+30    0.0000000000e+00
  86.5100000    2.2097086912e-02    7.8125000000e-03   -7.8125000000e-03    0.0000000000e+00    1.0000000000e-04    3.0855496331e-02   -7.8125000000e-03    7.8125000000e-03    0.0000000000e+00    1.0000000000e-04    3.0819972573e-02    1.0000000000e+30    0.0000000000e+00    1.0000000000e+30    0.0000000000e+00    1.0000000000e+30    0.0000000000e+00
  86.5600000    2.2097086912e-02    7.8125000000e-03   -7.8125000000e-03    0.0000000000e+00    1.0000000000e-04    3.0856559856e-02   -7.8125000000e-03    7.8125000000e-03    0.0000000000e+00    1.0000000000e-04    3.0826829270e-02    1.0000000000e+30    0.0000000000e+00    1.0000000000e+30    0.0000000000e+00    1.0000000000e+30    0.0000000000e+00
  86.6100000    2.2097086912e-02    7.8125000000e-03   -7.8125000000e-03    0.0000000000e+00    1.0000000000e-04    3.0852999957e-02   -7.8125000000e-03    7.8125000000e-03    0.0000000000e+00    1.0000000000e-04    3.0834343518e-02    1.0000000000e+30    0.0000000000e+00    1.0000000000e+30    0.0000000000e+00    1.0000000000e+30    0.0000000000e+00
  86.6600000    2.2097086912e-02    7.8125000000e-03   -7.8125000000e-03    0.0000000000e+00    1.0000000000e-04    3.0848612743e-02   -7.8125000000e-03    7.8125000000e-03    0.0000000000e+00    1.0000000000e-04    3.0842519502e-02    1.0000000000e+30    0.0000000000e+00    1.0000000000e+30    0.0000000000e+00    1.0000000000e+30    0.0000000000e+00
  86.7100000    2.2097086912e-02    7.8125000000e-03   -7.8125000000e-03    0.0000000000e+00    1.0000000000e-04    3.0844156191e-02   -7.8125000000e-03    7.8125000000e-03    0.0000000000e+00    1.0000000000e-04    3.0851359936e-02    1.0000000000e+30    0.0000000000e+00    1.0000000000e+30    0.0000000000e+00    1.0000000000e+30    0.0000000000e+00
  86.7600000    2.2097086912e-02    7.8125000000e-03   -7.8125000000e-03    0.0000000000e+00    1.0000000000e-04    3.0840633245e-02   -7.8125000000e-03    7.8125000000e-03    0.0000000000e+00    1.0000000000e-04    3.0860865141e-02    1.0000000000e+30    0.0000000000e+00    1.0000000000e+30    0.0000000000e+00    1.0000000000e+30    0.0000000000e+00
  86.8100000    2.2097086912e-02    7.8125000000e-03   -7.8125000000e-03    0.0000000000e+00    1.0000000000e-04    3.0838016383e-02   -7.8125000000e-03    7.8125000000e-03    0.0000000000e+00    1.0000000000e-04    3.0858902541e-02    1.0000000000e+30    0.0000000000e+00    1.0000000000e+30    0.0000000000e+00    1.0000000000e+30    0.0000000000e+00
  86.8600000    2.2097086912e-02    7.8125000000e-03   -7.8125000000e-03    0.0000000000e+00    1.0000000000e-04    3.0836275618e-02   -7.8125000000e-03    7.8125000000e-03    0.0000000000e+00    1.0000000000e-04    3.0855059162e-02    1.0000000000e+30    0.0000000000e+00    1.0000000000e+30    0.0000000000e+00    1.0000000000e+30    0.0000000000e+00
  86.9100000    2.2097086912e-02    7.8125000000e-03   -7.8125000000e-03    0.0000000000e+00    1.0000000000e-04    3.0835378138e-02   -7.8125000000e-03    7.8125000000e-03    0.0000000000e+00    1.0000000000e-04    3.0851874238e-02    1.0000000000e+30    0.0000000000e+00    1.0000000000e+30    0.0000000000e+00    1.0000000000e+30    0.0000000000e+00
  86.9600000    2.2097086912e-02    7.8125000000e-03   -7.8125000000e-03    0.0000000000e+00    1.0000000000e-04    3.0835289492e-02   -7.8125000000e-03    7.8125000000e-03    0.0000000000e+00    1.0000000000e-04    3.0849339632e-02    1.0000000000e+30    0.0000000000e+00    1.0000000000e+30    0.0000000000e+00    1.0000000000e+30    0.0000000000e+00
  87.0100000    2.2097086912e-02    7.8125000000e-03   -7.8125000000e-03    0.0000000000e+00    1.0000000000e-04    3.0835975703e-02   -7.8125000000e-03    7.8125000000e-03    0.0000000000e+00    1.0000000000e-04    3.0847446011e-02    1.0000000000e+30    0.0000000000e+00    1.0000000000e+30    0.0000000000e+00    1.0000000000e+30    0.0000000000e+00
  87.0600000    2.2097086912e-02    7.8125000000e-03   -7.8125000000e-03    0.0000000000e+00    1.0000000000e-04    3.0837405297e-02   -7.8125000000e-03    7.8125000000e-03    0.0000000000e+00    1.0000000000e-04    3.0846186297e-02    1.0000000000e+30    0.0000000000e+00    1.0000000000e+30    0.0000000000e+00    1.0000000000e+30    0.0000000000e+00
  87.1100000    2.2097086912e-02    7.8125000000e-03   -7.8125000000e-03    0.0000000000e+00    1.0000000000e-04    3.0839550317e-02   -7.8125000000e-03    7.8125000000e-03    0.0000000000e+00    1.0000000000e-04    3.0845558231e-02    1.0000000000e+30    0.0000000000e+00    1.0000000000e+30    0.0000000000e+00    1.0000000000e+30    0.0000000000e+00
  87.1600000    2.2097086912e-02    7.8125000000e-03   -7.8125000000e-03    0.0000000000e+00    1.0000000000e-04    3.0842385947e-02   -7.8125000000e-03    7.8125000000e-03    0.0000000000e+00    1.0000000000e-04    3.0845564935e-02    1.0000000000e+30    0.0000000000e+00    1.0000000000e+30    0.0000000000e+00    1.0000000000e+30    0.0000000000e+00
  87.2100000    2.2097086912e-02    7.8125000000e-03   -7.8125000000e-03    0.0000000000e+00    1.0000000000e-04    3.0845889112e-02   -7.8125000000e-03    7.8125000000e-03    0.0000000000e+00    1.0000000000e-04    3.0846213318e-02    1.0000000000e+30    0.0000000000e+00    1.0000000000e+30    0.0000000000e+00    1.0000000000e+30    0.0000000000e+00
  87.2600000    2.2097086912e-02    7.8125000000e-03   -7.8125000000e-03    0.0000000000e+00    1.0000000000e-04    3.0850036957e-02   -7.8125000000e-03    7.8125000000e-03    0.0000000000e+00    1.0000000000e-04    3.0847511193e-02    1.0000000000e+30    0.0000000000e+00    1.0000000000e+30    0.0000000000e+00    1.0000000000e+30    0.0000000000e+00
  87.3100000    2.2097086912e-02    7.8125000000e-03   -7.8125000000e-03    0.0000000000e+00    1.0000000000e-04    3.0854806132e-02   -7.8125000000e-03    7.8125000000e-03    0.0000000000e+00    1.0000000000e-04    3.0849464521e-02    1.0000000000e+30    0.0000000000e+00    1.0000000000e+30    0.0000000000e+00    1.0000000000e+30    0.0000000000e+00
  87.3600000    2.2097086912e-02    7.8125000000e-03   -7.8125000000e-03    0.0000000000e+00    1.0000000000e-04    3.0860173330e-02   -7.8125000000e-03    7.8125000000e-03    0.0000000000e+00    1.0000000000e-04    3.0851521946e-02    1.0000000000e+30    0.0000000000e+00    1.0000000000e+30    0.0000000000e+00    1.0000000000e+30    0.0000000000e+00
  87.4100000    2.2097086912e-02    7.8125000000e-03   -7.8125000000e-03    0.0000000000e+00    1.0000000000e-04    3.0866116702e-02   -7.8125000000e-03    7.8125000000e-03    0.0000000000e+00    1.0000000000e-04    3.0853515053e-02    1.0000000000e+30    0.0000000000e+00    1.0000000000e+30    0.0000000000e+00    1.0000000000e+30    0.0000000000e+00
  87.4600000    2.5012204052e-02    7.8125000000e-03   -7.8125000000e-03    0.0000000000e+00    1.0000000000e-04    3.0872617297e-02   -1.1718750000e-02    7.8125000000e-03    0.0000000000e+00    1.0000000000e-04    3.0856146895e-02    1.0000000000e+30    0.0000000000e+00    1.0000000000e+30    0.0000000000e+00    1.0000000000e+30    0.0000000000e+00
  87.5100000    2.5012204052e-02    7.8125000000e-03   -7.8125000000e-03    0.0000000000e+00    1.0000000000e-04    3.0879659611e-02   -1.1718750000e-02    7.8125000000e-03    0.0000000000e+00    1.0000000000e-04    3.0859421340e-02    1.0000000000e+30    0.0000000000e+00    1.0000000000e+30    0.0000000000e+00    1.0000000000e+30    0.0000000000e+00
  87.5600000    2.5012204052e-02    7.8125000000e-03   -7.8125000000e-03    0.0000000000e+00    1.0000000000e-04    3.0887230863e-02   -1.1718750000e-02    7.8125000000e-03    0.0000000000e+00    1.0000000000e-04    3.0863343181e-02    1.0000000000e+30    0.0000000000e+00    1.0000000000e+30    0.0000000000e+00    1.0000000000e+30    0.0000000000e+00
  87.6100000    2.8168369340e-02    1.1718750000e-02   -7.8125000000e-03    0.0000000000e+00    1.0000000000e-04    3.0895319329e-02   -1.1718750000e-02    7.8125000000e-03    0.0000000000e+00    1.0000000000e-04    3.0867916417e-02    1.0000000000e+30    0.0000000000e+00    1.0000000000e+30    0.0000000000e+00    1.0000000000e+30    0.0000000000e+00
  87.6600000    2.8168369340e-02    1.1718750000e-02   -7.8125000000e-03    0.0000000000e+00    1.0000000000e-04    3.0903912674e-02   -1.1718750000e-02    7.8125000000e-03    0.0000000000e+00    1.0000000000e-04    3.0873142897e-02    1.0000000000e+30    0.0000000000e+00    1.0000000000e+30    0.0000000000e+00    1.0000000000e+30    0.0000000000e+00
  87.7100000    2.8168369340e-02    1.1718750000e-02   -7.8125000000e-03    0.0000000000e+00    1.0000000000e-04    3.0912997301e-02   -1.1718750000e-02    7.8125000000e-03    0.0000000000e+00    1.0000000000e-04    3.0879022137e-02    1.0000000000e+30    0.0000000000e+00    1.0000000000e+30    0.0000000000e+00    1.0000000000e+30    0.0000000000e+00
  87.7600000    2.8168369340e-02    1.1718750000e-02   -7.8125000000e-03    0.0000000000e+00    1.0000000000e-04    3.0922559221e-02   -1.1718750000e-02    7.8125000000e-03    0.0000000000e+00    1.0000000000e-04    3.0885552525e-02    1.0000000000e+30    0.0000000000e+00    1.0000000000e+30    0.0000000000e+00    1.0000000000e+30    0.0000000000e+00
  87.8100000    2.8168369340e-02    1.1718750000e-02   -7.8125000000e-03    0.0000000000e+00    1.0000000000e-04    3.0932586025e-02   -1.1718750000e-02    7.8125000000e-03    0.0000000000e+00    1.0000000000e-04    3.0892733316e-02    1.0000000000e+30    0.0000000000e+00    1.0000000000e+30    0.0000000000e+00    1.0000000000e+30    0.0000000000e+00
  87.8600000    2.8168369340e-02    1.1718750000e-02   -7.8125000000e-03    0.0000000000e+00    1.0000000000e-04    3.0943068843e-02   -1.1718750000e-02    7.8125000000e-03    0.0000000000e+00    1.0000000000e-04    3.0900566296e-02    1.0000000000e+30    0.0000000000e+00    1.0000000000e+30    0.0000000000e+00    1.0000000000e+30    0.0000000000e+00
  87.9100000    2.8168369340e-02    1.1718750000e-02   -7.8125000000e-03    0.0000000000e+00    1.0000000000e-04    3.0954003090e-02   -1.1718750000e-02    7.8125000000e-03    0.0000000000e+00    1.0000000000e-04    3.0909056095e-02    1.0000000000e+30    0.0000000000e+00    1.0000000000e+30    0.0000000000e+00    1.0000000000e+30    0.0000000000e+00
  87.9600000    2.8168369340e-02    1.1718750000e-02   -7.8125000000e-03    0.0000000000e+00    1.0000000000e-04    3.0965387420e-02   -1.1718750000e-02    7.8125000000e-03    0.0000000000e+00    1.0000000000e-04    3.0918208810e-02    1.0000000000e+30    0.0000000000e+00    1.0000000000e+30    0.0000000000e+00    1.0000000000e+30    0.0000000000e+00
  88.0100000    2.8168369340e-02    1.1718750000e-02   -7.8125000000e-03    0.0000000000e+00    1.0000000000e-04    3.0977221373e-02   -1.1718750000e-02    7.8125000000e-03    0.0000000000e+00    1.0000000000e-04    3.0928029555e-02    1.0000000000e+30    0.0000000000e+00    1.0000000000e+30    0.0000000000e+00    1.0000000000e+30    0.0000000000e+00
  88.0600000    2.8168369340e-02    1.1718750000e-02   -7.8125000000e-03    0.0000000000e+00    1.0000000000e-04    3.0989502906e-02   -1.1718750000e-02    7.8125000000e-03    0.0000000000e+00    1.0000000000e-04    3.0938520179e-02    1.0000000000e+30    0.0000000000e+00    1.0000000000e+30    0.0000000000e+00    1.0000000000e+30    0.0000000000e+00
  88.1100000    2.8168369340e-02    1.1718750000e-02   -7.8125000000e-03    0.0000000000e+00    1.0000000000e-04    3.1002227182e-02   -1.1718750000e-02    7.8125000000e-03    0.0000000000e+00    1.0000000000e-04    3.0949678445e-02    1.0000000000e+30    0.0000000000e+00    1.0000000000e+30    0.0000000000e+00    1.0000000000e+30    0.0000000000e+00
  88.1600000    2.8168369340e-02    1.1718750000e-02   -7.8125000000e-03    0.0000000000e+00    1.0000000000e-04    3.1015387374e-02   -1.1718750000e-02    7.8125000000e-03    0.0000000000e+00    1.0000000000e-04    3.0961499177e-02    1.0000000000e+30    0.0000000000e+00    1.0000000000e+30    0.0000000000e+00    1.0000000000e+30    0.0000000000e+00
  88.2100000    2.8168369340e-02    1.1718750000e-02   -7.8125000000e-03    0.0000000000e+00    1.0000000000e-04    3.1028977144e-02   -1.1718750000e-02    7.8125000000e-03    0.0000000000e+00    1.0000000000e-04    3.0973976866e-02    1.0000000000e+30    0.0000000000e+00    1.0000000000e+30    0.0000000000e+00    1.0000000000e+30    0.0000000000e+00
  88.2600000    2.8168369340e-02    1.1718750000e-02   -7.8125000000e-03    0.0000000000e+00    1.0000000000e-04    3.1042993443e-02   -1.1718750000e-02    7.8125000000e-03    0.0000000000e+00    1.0000000000e-04    3.0987108313e-02    1.0000000000e+30    0.0000000000e+00    1.0000000000e+30    0.0000000000e+00    1.0000000000e+30    0.0000000000e+00
  88.3100000    2.8168369340e-02    1.1718750000e-02   -7.8125000000e-03    0.0000000000e+00    1.0000000000e-04    3.1057438002e-02   -1.1718750000e-02    7.8125000000e-03    0.0000000000e+00    1.0000000000e-04    3.1000893813e-02    1.0000000000e+30    0.0000000000e+00    1.0000000000e+30    0.0000000000e+00    1.0000000000e+30    0.0000000000e+00
  88.3600000    2.8168369340e-02    1.1718750000e-02   -7.8125000000e-03    0.0000000000e+00    1.0000000000e-04    3.1072316563e-02   -1.1718750000e-02    7.8125000000e-03    0.0000000000e+00    1.0000000000e-04    3.1015336127e-02    1.0000000000e+30    0.0000000000e+00    1.0000000000e+30    0.0000000000e+00    1.0000000000e+30    0.0000000000e+00
  88.4100000    2.8168369340e-02    1.1718750000e-02   -7.8125000000e-03    0.0000000000e+00    1.0000000000e-04    3.1082965919e-02   -1.1718750000e-02    7.8125000000e-03    0.0000000000e+00    1.0000000000e-04    3.1030437684e-02    1.0000000000e+30    0.0000000000e+00    1.0000000000e+30    0.0000000000e+00    1.0000000000e+30    0.0000000000e+00
  88.4600000    2.8168369340e-02    1.1718750000e-02   -7.8125000000e-03    0.0000000000e+00    1.0000000000e-04    3.1082091883e-02   -1.1718750000e-02    7.8125000000e-03    0.0000000000e+00    1.0000000000e-04    3.1046197459e-02    1.0000000000e+30    0.0000000000e+00    1.0000000000e+30    0.0000000000e+00    1.0000000000e+30    0.0000000000e+00
  88.5100000    2.8168369340e-02    1.1718750000e-02   -7.8125000000e-03    0.0000000000e+00    1.0000000000e-04    3.1082157967e-02   -1.1718750000e-02    7.8125000000e-03    0.0000000000e+00    1.0000000000e-04    3.1062609227e-02    1.0000000000e+30    0.0000000000e+00    1.0000000000e+30    0.0000000000e+00    1.0000000000e+30    0.0000000000e+00
  88.5600000    2.8168369340e-02    1.1718750000e-02   -7.8125000000e-03    0.0000000000e+00    1.0000000000e-04    3.1083132695e-02   -1.1718750000e-02    7.8125000000e-03    0.0000000000e+00    1.0000000000e-04    3.1079662283e-02    1.0000000000e+30    0.0000000000e+00    1.0000000000e+30    0.0000000000e+00    1.0000000000e+30    0.0000000000e+00
  88.6100000    2.8168369340e-02    1.1718750000e-02   -7.8125000000e-03    0.0000000000e+00    1.0000000000e-04    3.1084984390e-02   -1.1718750000e-02    7.8125000000e-03    0.0000000000e+00    1.0000000000e-04    3.1097344399e-02    1.0000000000e+30    0.0000000000e+00    1.0000000000e+30    0.0000000000e+00    1.0000000000e+30    0.0000000000e+00
  88.6600000    2.8168369340e-02    1.1718750000e-02   -7.8125000000e-03    0.0000000000e+00    1.0000000000e-04    3.1087681545e-02   -1.1718750000e-02    7.8125000000e-03    0.0000000000e+00    1.0000000000e-04    3.1115645590e-02    1.0000000000e+30    0.0000000000e+00    1.0000000000e+30    0.0000000000e+00    1.0000000000e+30    0.0000000000e+00
  88.7100000    2.8168369340e-02    1.1718750000e-02   -7.8125000000e-03    0.0000000000e+00    1.0000000000e-04    3.1088217695e-02   -1.1718750000e-02    7.8125000000e-03    0.0000000000e+00    1.0000000000e-04    3.1123955718e-02    1.0000000000e+30    0.0000000000e+00    1.0000000000e+30    0.0000000000e+00    1.0000000000e+30    0.0000000000e+00
  88.7600000    2.8168369340e-02    1.1718750000e-02   -7.8125000000e-03    0.0000000000e+00    1.0000000000e-04    3.1081914710e-02   -1.1718750000e-02    7.8125000000e-03    0.0000000000e+00    1.0000000000e-04    3.1119077124e-02    1.0000000000e+30    0.0000000000e+00    1.0000000000e+30    0.0000000000e+00    1.0000000000e+30    0.0000000000e+00
  88.8100000    2.8168369340e-02    1.1718750000e-02   -7.8125000000e-03    0.0000000000e+00    1.0000000000e-04    3.1076647759e-02   -1.1718750000e-02    7.8125000000e-03    0.0000000000e+00    1.0000000000e-04    3.1112578957e-02    1.0000000000e+30    0.0000000000e+00    1.0000000000e+30    0.0000000000e+00    1.0000000000e+30    0.0000000000e+00
  88.8600000    2.8168369340e-02    1.1718750000e-02   -7.8125000000e-03    0.0000000000e+00    1.0000000000e-04    3.1072381413e-02   -1.1718750000e-02    7.8125000000e-03    0.0000000000e+00    1.0000000000e-04    3.1106838077e-02    1.0000000000e+30    0.0000000000e+00    1.0000000000e+30    0.0000000000e+00    1.0000000000e+30    0.0000000000e+00
  88.9100000    2.8168369340e-02    1.1718750000e-02   -7.8125000000e-03    0.0000000000e+00    1.0000000000e-04    3.1069083813e-02   -1.1718750000e-02    7.8125000000e-03    0.0000000000e+00    1.0000000000e-04    3.1101839214e-02    1.0000000000e+30    0.0000000000e+00    1.0000000000e+30    0.0000000000e+00    1.0000000000e+30    0.0000000000e+00
  88.9600000    2.8168369340e-02    1.1718750000e-02   -7.8125000000e-03    0.0000000000e+00    1.0000000000e-04    3.1066726373e-02   -1.1718750000e-02    7.8125000000e-03    0.0000000000e+00    1.0000000000e-04    3.1097570168e-02    1.0000000000e+30    0.0000000000e+00    1.0000000000e+30    0.0000000000e+00    1.0000000000e+30    0.0000000000e+00
  89.0100000    2.8168369340e-02    1.1718750000e-02   -7.8125000000e-03    0.0000000000e+00    1.0000000000e-04    3.1065282136e-02   -1.1718750000e-02    7.8125000000e-03    0.0000000000e+00    1.0000000000e-04    3.1094020281e-02    1.0000000000e+30    0.0000000000e+00    1.0000000000e+30    0.0000000000e+00    1.0000000000e+30    0.0000000000e+00
  89.0600000    2.8168369340e-02    1.1718750000e-02   -7.8125000000e-03    0.0000000000e+00    1.0000000000e-04    3.1064723756e-02   -1.1718750000e-02    7.8125000000e-03    0.0000000000e+00    1.0000000000e-04    3.1091179012e-02    1.0000000000e+30    0.0000000000e+00    1.0000000000e+30    0.0000000000e+00    1.0000000000e+30    0.0000000000e+00
  89.1100000    2.8168369340e-02    1.1718750000e-02   -7.8125000000e-03    0.0000000000e+00    1.0000000000e-04    3.1065022219e-02   -1.1718750000e-02    7.8125000000e-03    0.0000000000e+00    1.0000000000e-04    3.1089035281e-02    1.0000000000e+30    0.0000000000e+00    1.0000000000e+30    0.0000000000e+00    1.0000000000e+30    0.0000000000e+00
  89.1600000    2.8168369340e-02    1.1718750000e-02   -7.8125000000e-03    0.0000000000e+00    1.0000000000e-04    3.1066146865e-02   -1.1718750000e-02    7.8125000000e-03    0.0000000000e+00    1.0000000000e-04    3.1087577764e-02    1.0000000000e+30    0.0000000000e+00    1.0000000000e+30    0.0000000000e+00    1.0000000000e+30    0.0000000000e+00
  89.2100000    2.8168369340e-02    1.1718750000e-02   -7.8125000000e-03    0.0000000000e+00    1.0000000000e-04    3.1068066550e-02   -1.1718750000e-02    7.8125000000e-03    0.0000000000e+00    1.0000000000e-04    3.1086795781e-02    1.0000000000e+30    0.0000000000e+00    1.0000000000e+30    0.0000000000e+00    1.0000000000e+30    0.0000000000e+00
  89.2600000    3.1878446505e-02    1.1718750000e-02   -7.8125000000e-03    0.0000000000e+00    1.0000000000e-04    3.1070751201e-02   -1.4062500000e-02    1.0937500000e-02    0.0000000000e+00    1.0000000000e-04    3.1086680158e-02    1.0000000000e+30    0.0000000000e+00    1.0000000000e+30    0.0000000000e+00    1.0000000000e+30    0.0000000000e+00
  89.3100000    3.1878446505e-02    1.1718750000e-02   -7.8125000000e-03    0.0000000000e+00    1.0000000000e-04    3.1074172918e-02   -1.4062500000e-02    1.0937500000e-02    0.0000000000e+00    1.0000000000e-04    3.1087223589e-02    1.0000000000e+30    0.0000000000e+00    1.0000000000e+30    0.0000000000e+00    1.0000000000e+30    0.0000000000e+00
  89.3600000    3.1878446505e-02    1.1718750000e-02   -7.8125000000e-03    0.0000000000e+00    1.0000000000e-04    3.1078306166e-02   -1.4062500000e-02    1.0937500000e-02    0.0000000000e+00    1.0000000000e-04    3.1088420403e-02    1.0000000000e+30    0.0000000000e+00    1.0000000000e+30    0.0000000000e+00    1.0000000000e+30    0.0000000000e+00
  89.4100000    3.1878446505e-02    1.1718750000e-02   -7.8125000000e-03    0.0000000000e+00    1.0000000000e-04    3.1083127163e-02   -1.4062500000e-02    1.0937500000e-02    0.0000000000e+00    1.0000000000e-04    3.1090266033e-02    1.0000000000e+30    0.0000000000e+00    1.0000000000e+30    0.0000000000e+00    1.0000000000e+30    0.0000000000e+00
  89.4600000    3.1878446505e-02    1.1718750000e-02   -7.8125000000e-03    0.0000000000e+00    1.0000000000e-04    3.1088612944e-02   -1.4062500000e-02    1.0937500000e-02    0.0000000000e+00    1.0000000000e-04    3.1092756578e-02    1.0000000000e+30    0.0000000000e+00    1.0000000000e+30    0.0000000000e+00    1.0000000000e+30    0.0000000000e+00
  89.5100000    3.1878446505e-02    1.1718750000e-02   -7.8125000000e-03    0.0000000000e+00    1.0000000000e-04    3.1094740834e-02   -1.4062500000e-02    1.0937500000e-02    0.0000000000e+00    1.0000000000e-04    3.1095888695e-02    1.0000000000e+30    0.0000000000e+00    1.0000000000e+30    0.0000000000e+00    1.0000000000e+30    0.0000000000e+00
  89.5600000    3.1878446505e-02    1.1718750000e-02   -7.8125000000e-03    0.0000000000e+00    1.0000000000e-04    3.1101488560e-02   -1.4062500000e-02    1.0937500000e-02    0.0000000000e+00    1.0000000000e-04    3.1099659831e-02    1.0000000000e+30    0.0000000000e+00    1.0000000000e+30    0.0000000000e+00    1.0000000000e+30    0.0000000000e+00
  89.6100000    3.1878446505e-02    1.1718750000e-02   -7.8125000000e-03    0.0000000000e+00    1.0000000000e-04    3.1108834876e-02   -1.4062500000e-02    1.0937500000e-02    0.0000000000e+00    1.0000000000e-04    3.1104068437e-02    1.0000000000e+30    0.0000000000e+00    1.0000000000e+30    0.0000000000e+00    1.0000000000e+30    0.0000000000e+00
  89.6600000    3.1878446505e-02    1.1718750000e-02   -7.8125000000e-03    0.0000000000e+00    1.0000000000e-04    3.1115274974e-02   -1.4062500000e-02    1.0937500000e-02    0.0000000000e+00    1.0000000000e-04    3.1108822422e-02    1.0000000000e+30    0.0000000000e+00    1.0000000000e+30    0.0000000000e+00    1.0000000000e+30    0.0000000000e+00
  89.7100000    3.1878446505e-02    1.1718750000e-02   -7.8125000000e-03    0.0000000000e+00    1.0000000000e-04    3.1113544279e-02   -1.4062500000e-02    1.0937500000e-02    0.0000000000e+00    1.0000000000e-04    3.1104698742e-02    1.0000000000e+30    0.0000000000e+00    1.0000000000e+30    0.0000000000e+00    1.0000000000e+30    0.0000000000e+00
  89.7600000    3.1878446505e-02    1.1718750000e-02   -7.8125000000e-03    0.0000000000e+00    1.0000000000e-04    3.1112573744e-02   -1.4062500000e-02    1.0937500000e-02    0.0000000000e+00    1.0000000000e-04    3.1101260029e-02    1.0000000000e+30    0.0000000000e+00    1.0000000000e+30    0.0000000000e+00    1.0000000000e+30    0.0000000000e+00
  89.8100000    3.1878446505e-02    1.1718750000e-02   -7.8125000000e-03    0.0000000000e+00    1.0000000000e-04    3.1112341227e-02   -1.4062500000e-02    1.0937500000e-02    0.0000000000e+00    1.0000000000e-04    3.1098501511e-02    1.0000000000e+30    0.0000000000e+00    1.0000000000e+30    0.0000000000e+00    1.0000000000e+30    0.0000000000e+00
  89.8600000    3.1878446505e-02    1.1718750000e-02   -7.8125000000e-03    0.0000000000e+00    1.0000000000e-04    3.1112824723e-02   -1.4062500000e-02    1.0937500000e-02    0.0000000000e+00    1.0000000000e-04    3.1096418654e-02    1.0000000000e+30    0.0000000000e+00    1.0000000000e+30    0.0000000000e+00    1.0000000000e+30    0.0000000000e+00
  89.9100000    3.1878446505e-02    1.1718750000e-02   -7.8125000000e-03    0.0000000000e+00    1.0000000000e-04    3.1114000651e-02   -1.4062500000e-02    1.0937500000e-02    0.0000000000e+00    1.0000000000e-04    3.1095006023e-02    1.0000000000e+30    0.0000000000e+00    1.0000000000e+30    0.0000000000e+00    1.0000000000e+30    0.0000000000e+00
  89.9600000    3.1878446505e-02    1.1718750000e-02   -7.8125000000e-03    0.0000000000e+00    1.0000000000e-04    3.1115843560e-02   -1.4062500000e-02    1.0937500000e-02    0.0000000000e+00    1.0000000000e-04    3.1094257167e-02    1.0000000000e+30    0.0000000000e+00    1.0000000000e+30    0.0000000000e+00    1.0000000000e+30    0.0000000000e+00
  90.0100000    3.1878446505e-02    1.1718750000e-02   -7.8125000000e-03    0.0000000000e+00    1.0000000000e-04    3.1118327457e-02   -1.4062500000e-02    1.0937500000e-02    0.0000000000e+00    1.0000000000e-04    3.1094165544e-02    1.0000000000e+30    0.0000000000e+00    1.0000000000e+30    0.0000000000e+00    1.0000000000e+30    0.0000000000e+00
  90.0600000    3.5630482034e-02    1.4062500000e-02   -1.0937500000e-02    0.0000000000e+00    1.0000000000e-04    3.1121428060e-02   -1.4062500000e-02    1.0937500000e-02    0.0000000000e+00    1.0000000000e-04    3.1094725931e-02    1.0000000000e+30    0.0000000000e+00    1.0000000000e+30    0.0000000000e+00    1.0000000000e+30    0.0000000000e+00
  90.1100000    3.5630482034e-02    1.4062500000e-02   -1.0937500000e-02    0.0000000000e+00    1.0000000000e-04    3.1125124727e-02   -1.4062500000e-02    1.0937500000e-02    0.0000000000e+00    1.0000000000e-04    3.1095935442e-02    1.0000000000e+30    0.0000000000e+00    1.0000000000e+30    0.0000000000e+00    1.0000000000e+30    0.0000000000e+00
  90.1600000    3.5630482034e-02    1.4062500000e-02   -1.0937500000e-02    0.0000000000e+00    1.0000000000e-04    3.1129400997e-02   -1.4062500000e-02    1.0937500000e-02    0.0000000000e+00    1.0000000000e-04    3.1097793539e-02    1.0000000000e+30    0.0000000000e+00    1.0000000000e+30    0.0000000000e+00    1.0000000000e+30    0.0000000000e+00
  90.2100000    3.5630482034e-02    1.4062500000e-02   -1.0937500000e-02    0.0000000000e+00    1.0000000000e-04    3.1134243602e-02   -1.4062500000e-02    1.0937500000e-02    0.0000000000e+00    1.0000000000e-04    3.1100300887e-02    1.0000000000e+30    0.0000000000e+00    1.0000000000e+30    0.0000000000e+00    1.0000000000e+30    0.0000000000e+00
  90.2600000    3.5630482034e-02    1.4062500000e-02   -1.0937500000e-02    0.0000000000e+00    1.0000000000e-04    3.1139640242e-02   -1.4062500000e-02    1.0937500000e-02    0.0000000000e+00    1.0000000000e-04    3.1103457712e-02    1.0000000000e+30    0.0000000000e+00    1.0000000000e+30    0.0000000000e+00    1.0000000000e+30    0.0000000000e+00
  90.3100000    3.5630482034e-02    1.4062500000e-02   -1.0937500000e-02    0.0000000000e+00    1.0000000000e-04    3.1145577553e-02   -1.4062500000e-02    1.0937500000e-02    0.0000000000e+00    1.0000000000e-04    3.1107262506e-02    1.0000000000e+30    0.0000000000e+00    1.0000000000e+30    0.0000000000e+00    1.0000000000e+30    0.0000000000e+00
  90.3600000    3.5630482034e-02    1.4062500000e-02   -1.0937500000e-02    0.0000000000e+00    1.0000000000e-04    3.1152040278e-02   -1.4062500000e-02    1.0937500000e-02    0.0000000000e+00    1.0000000000e-04    3.1111711745e-02    1.0000000000e+30    0.0000000000e+00    1.0000000000e+30    0.0000000000e+00    1.0000000000e+30    0.0000000000e+00
  90.4100000    3.5630482034e-02    1.4062500000e-02   -1.0937500000e-02    0.0000000000e+00    1.0000000000e-04    3.1159012042e-02   -1.4062500000e-02    1.0937500000e-02    0.0000000000e+00    1.0000000000e-04    3.1116800793e-02    1.0000000000e+30    0.0000000000e+00    1.0000000000e+30    0.0000000000e+00    1.0000000000e+30    0.0000000000e+00
  90.4600000    3.5630482034e-02    1.4062500000e-02   -1.0937500000e-02    0.0000000000e+00    1.0000000000e-04    3.1166477333e-02   -1.4062500000e-02    1.0937500000e-02    0.0000000000e+00    1.0000000000e-04    3.1122525505e-02    1.0000000000e+30    0.0000000000e+00    1.0000000000e+30    0.0000000000e+00    1.0000000000e+30    0.0000000000e+00
  90.5100000    3.5630482034e-02    1.4062500000e-02   -1.0937500000e-02    0.0000000000e+00    1.0000000000e-04    3.1174423636e-02   -1.4062500000e-02    1.0937500000e-02    0.0000000000e+00    1.0000000000e-04    3.1128883673e-02    1.0000000000e+30    0.0000000000e+00    1.0000000000e+30    0.0000000000e+00    1.0000000000e+30    0.0000000000e+00
  90.5600000    3.5630482034e-02    1.4062500000e-02   -1.0937500000e-02    0.0000000000e+00    1.0000000000e-04    3.1182842634e-02   -1.4062500000e-02    1.0937500000e-02    0.0000000000e+00    1.0000000000e-04    3.1135875573e-02    1.0000000000e+30    0.0000000000e+00    1.0000000000e+30    0.0000000000e+00    1.0000000000e+30    0.0000000000e+00
  90.6100000    3.5630482034e-02    1.4062500000e-02   -1.0937500000e-02    0.0000000000e+00    1.0000000000e-04    3.1191729894e-02   -1.4062500000e-02    1.0937500000e-02    0.0000000000e+00    1.0000000000e-04    3.1143503327e-02    1.0000000000e+30    0.0000000000e+00    1.0000000000e+30    0.0000000000e+00    1.0000000000e+30    0.0000000000e+00
  90.6600000    3.5630482034e-02    1.4062500000e-02   -1.0937500000e-02    0.0000000000e+00    1.0000000000e-04    3.1201083277e-02   -1.4062500000e-02    1.0937500000e-02    0.0000000000e+00    1.0000000000e-04    3.1151769415e-02    1.0000000000e+30    0.0000000000e+00    1.0000000000e+30    0.0000000000e+00    1.0000000000e+30    0.0000000000e+00
  90.7100000    3.5630482034e-02    1.4062500000e-02   -1.0937500000e-02    0.0000000000e+00    1.0000000000e-04    3.1210900945e-02   -1.4062500000e-02    1.0937500000e-02    0.0000000000e+00    1.0000000000e-04    3.1160675095e-02    1.0000000000e+30    0.0000000000e+00    1.0000000000e+30    0.0000000000e+00    1.0000000000e+30    0.0000000000e+00
  90.7600000    3.5630482034e-02    1.4062500000e-02   -1.0937500000e-02    0.0000000000e+00    1.0000000000e-04    3.1221179970e-02   -1.4062500000e-02    1.0937500000e-02    0.0000000000e+00    1.0000000000e-04    3.1170219503e-02    1.0000000000e+30    0.0000000000e+00    1.0000000000e+30    0.0000000000e+00    1.0000000000e+30    0.0000000000e+00
  90.8100000    3.5630482034e-02    1.4062500000e-02   -1.0937500000e-02    0.0000000000e+00    1.0000000000e-04    3.1231916139e-02   -1.4062500000e-02    1.0937500000e-02    0.0000000000e+00    1.0000000000e-04    3.1180399784e-02    1.0000000000e+30    0.0000000000e+00    1.0000000000e+30    0.0000000000e+00    1.0000000000e+30    0.0000000000e+00
  90.8600000    3.5630482034e-02    1.4062500000e-02   -1.0937500000e-02    0.0000000000e+00    1.0000000000e-04    3.1243104823e-02   -1.4062500000e-02    1.0937500000e-02    0.0000000000e+00    1.0000000000e-04    3.1191212084e-02    1.0000000000e+30    0.0000000000e+00    1.0000000000e+30    0.0000000000e+00    1.0000000000e+30    0.0000000000e+00
  90.9100000    3.5630482034e-02    1.4062500000e-02   -1.0937500000e-02    0.0000000000e+00    1.0000000000e-04    3.1254742288e-02   -1.4062500000e-02    1.0937500000e-02    0.0000000000e+00    1.0000000000e-04    3.1202652796e-02    1.0000000000e+30    0.0000000000e+00    1.0000000000e+30    0.0000000000e+00    1.0000000000e+30    0.0000000000e+00
  90.9600000    3.5630482034e-02    1.4062500000e-02   -1.0937500000e-02    0.0000000000e+00    1.0000000000e-04    3.1266826650e-02   -1.4062500000e-02    1.0937500000e-02    0.0000000000e+00    1.0000000000e-04    3.1214719420e-02    1.0000000000e+30    0.0000000000e+00    1.0000000000e+30    0.0000000000e+00    1.0000000000e+30    0.0000000000e+00
  91.0100000    3.5630482034e-02    1.4062500000e-02   -1.0937500000e-02    0.0000000000e+00    1.0000000000e-04    3.1279358039e-02   -1.4062500000e-02    1.0937500000e-02    0.0000000000e+00    1.0000000000e-04    3.1227410655e-02    1.0000000000e+30    0.0000000000e+00    1.0000000000e+30    0.0000000000e+00    1.0000000000e+30    0.0000000000e+00
  91.0600000    3.5630482034e-02    1.4062500000e-02   -1.0937500000e-02    0.0000000000e+00    1.0000000000e-04    3.1292337989e-02   -1.4062500000e-02    1.0937500000e-02    0.0000000000e+00    1.0000000000e-04    3.1240725803e-02    1.0000000000e+30    0.0000000000e+00    1.0000000000e+30    0.0000000000e+00    1.0000000000e+30    0.0000000000e+00
  91.1100000    3.5630482034e-02    1.4062500000e-02   -1.0937500000e-02    0.0000000000e+00    1.0000000000e-04    3.1305768517e-02   -1.4062500000e-02    1.0937500000e-02    0.0000000000e+00    1.0000000000e-04    3.1254663920e-02    1.0000000000e+30    0.0000000000e+00    1.0000000000e+30    0.0000000000e+00    1.0000000000e+30    0.0000000000e+00
  91.1600000    3.5630482034e-02    1.4062500000e-02   -1.0937500000e-02    0.0000000000e+00    1.0000000000e-04    3.1319651469e-02   -1.4062500000e-02    1.0937500000e-02    0.0000000000e+00    1.0000000000e-04    3.1269223221e-02    1.0000000000e+30    0.0000000000e+00    1.0000000000e+30    0.0000000000e+00    1.0000000000e+30    0.0000000000e+00
  91.2100000    3.5630482034e-02    1.4062500000e-02   -1.0937500000e-02    0.0000000000e+00    1.0000000000e-04    3.1333988474e-02   -1.4062500000e-02    1.0937500000e-02    0.0000000000e+00    1.0000000000e-04    3.1279821754e-02    1.0000000000e+30    0.0000000000e+00    1.0000000000e+30    0.0000000000e+00    1.0000000000e+30    0.0000000000e+00
  91.2600000    3.5630482034e-02    1.4062500000e-02   -1.0937500000e-02    0.0000000000e+00    1.0000000000e-04    3.1348781464e-02   -1.4062500000e-02    1.0937500000e-02    0.0000000000e+00    1.0000000000e-04    3.1284463865e-02    1.0000000000e+30    0.0000000000e+00    1.0000000000e+30    0.0000000000e+00    1.0000000000e+30    0.0000000000e+00
  91.3100000    3.5630482034e-02    1.4062500000e-02   -1.0937500000e-02    0.0000000000e+00    1.0000000000e-04    3.1364033331e-02   -1.4062500000e-02    1.0937500000e-02    0.0000000000e+00    1.0000000000e-04    3.1289740698e-02    1.0000000000e+30    0.0000000000e+00    1.0000000000e+30    0.0000000000e+00    1.0000000000e+30    0.0000000000e+00
  91.3600000    3.5630482034e-02    1.4062500000e-02   -1.0937500000e-02    0.0000000000e+00    1.0000000000e-04    3.1379748242e-02   -1.4062500000e-02    1.0937500000e-02    0.0000000000e+00    1.0000000000e-04    3.1295648231e-02    1.0000000000e+30    0.0000000000e+00    1.0000000000e+30    0.0000000000e+00    1.0000000000e+30    0.0000000000e+00
  91.4100000    3.5630482034e-02    1.4062500000e-02   -1.0937500000e-02    0.0000000000e+00    1.0000000000e-04    3.1387845850e-02   -1.4062500000e-02    1.0937500000e-02    0.0000000000e+00    1.0000000000e-04    3.1302181193e-02    1.0000000000e+30    0.0000000000e+00    1.0000000000e+30    0.0000000000e+00    1.0000000000e+30    0.0000000000e+00
  91.4600000    3.5630482034e-02    1.4062500000e-02   -1.0937500000e-02    0.0000000000e+00    1.0000000000e-04    3.1394709201e-02   -1.4062500000e-02    1.0937500000e-02    0.0000000000e+00    1.0000000000e-04    3.1309334638e-02    1.0000000000e+30    0.0000000000e+00    1.0000000000e+30    0.0000000000e+00    1.0000000000e+30    0.0000000000e+00
  91.5100000    3.5630482034e-02    1.4062500000e-02   -1.0937500000e-02    0.0000000000e+00    1.0000000000e-04    3.1402037370e-02   -1.4062500000e-02    1.0937500000e-02    0.0000000000e+00    1.0000000000e-04    3.1317105066e-02    1.0000000000e+30    0.0000000000e+00    1.0000000000e+30    0.0000000000e+00    1.0000000000e+30    0.0000000000e+00
  91.5600000    3.5630482034e-02    1.4062500000e-02   -1.0937500000e-02    0.0000000000e+00    1.0000000000e-04    3.1409830100e-02   -1.4062500000e-02    1.0937500000e-02    0.0000000000e+00    1.0000000000e-04    3.1325490814e-02    1.0000000000e+30    0.0000000000e+00    1.0000000000e+30    0.0000000000e+00    1.0000000000e+30    0.0000000000e+00
  91.6100000    3.5630482034e-02    1.4062500000e-02   -1.0937500000e-02    0.0000000000e+00    1.0000000000e-04    3.1418090535e-02   -1.4062500000e-02    1.0937500000e-02    0.0000000000e+00    1.0000000000e-04    3.1334491758e-02    1.0000000000e+30    0.0000000000e+00    1.0000000000e+30    0.0000000000e+00    1.0000000000e+30    0.0000000000e+00
  91.6600000    3.5630482034e-02    1.4062500000e-02   -1.0937500000e-02    0.0000000000e+00    1.0000000000e-04    3.1426824203e-02   -1.4062500000e-02    1.0937500000e-02    0.0000000000e+00    1.0000000000e-04    3.1344108591e-02    1.0000000000e+30    0.0000000000e+00    1.0000000000e+30    0.0000000000e+00    1.0000000000e+30    0.0000000000e+00
  91.7100000    3.5630482034e-02    1.4062500000e-02   -1.0937500000e-02    0.0000000000e+00    1.0000000000e-04    3.1436037439e-02   -1.4062500000e-02    1.0937500000e-02    0.0000000000e+00    1.0000000000e-04    3.1354341969e-02    1.0000000000e+30    0.0000000000e+00    1.0000000000e+30    0.0000000000e+00    1.0000000000e+30    0.0000000000e+00
  91.7600000    3.5630482034e-02    1.4062500000e-02   -1.0937500000e-02    0.0000000000e+00    1.0000000000e-04    3.1445735858e-02   -1.4062500000e-02    1.0937500000e-02    0.0000000000e+00    1.0000000000e-04    3.1365191797e-02    1.0000000000e+30    0.0000000000e+00    1.0000000000e+30    0.0000000000e+00    1.0000000000e+30    0.0000000000e+00
  91.8100000    3.5630482034e-02    1.4062500000e-02   -1.0937500000e-02    0.0000000000e+00    1.0000000000e-04    3.1455923391e-02   -1.4062500000e-02    1.0937500000e-02    0.0000000000e+00    1.0000000000e-04    3.1376656852e-02    1.0000000000e+30    0.0000000000e+00    1.0000000000e+30    0.0000000000e+00    1.0000000000e+30    0.0000000000e+00
  91.8600000    3.5630482034e-02    1.4062500000e-02   -1.0937500000e-02    0.0000000000e+00    1.0000000000e-04    3.1466602194e-02   -1.4062500000e-02    1.0937500000e-02    0.0000000000e+00    1.0000000000e-04    3.1388734835e-02    1.0000000000e+30    0.0000000000e+00    1.0000000000e+30    0.0000000000e+00    1.0000000000e+30    0.0000000000e+00
  91.9100000    3.5630482034e-02    1.4062500000e-02   -1.0937500000e-02    0.0000000000e+00    1.0000000000e-04    3.1477773409e-02   -1.4062500000e-02    1.0937500000e-02    0.0000000000e+00    1.0000000000e-04    3.1401422836e-02    1.0000000000e+30    0.0000000000e+00    1.0000000000e+30    0.0000000000e+00    1.0000000000e+30    0.0000000000e+00
  91.9600000    3.5630482034e-02    1.4062500000e-02   -1.0937500000e-02    0.0000000000e+00    1.0000000000e-04    3.1489438427e-02   -1.4062500000e-02    1.0937500000e-02    0.0000000000e+00    1.0000000000e-04    3.1414718075e-02    1.0000000000e+30    0.0000000000e+00    1.0000000000e+30    0.0000000000e+00    1.0000000000e+30    0.0000000000e+00
  92.0100000    3.5630482034e-02    1.4062500000e-02   -1.0937500000e-02    0.0000000000e+00    1.0000000000e-04    3.1501600117e-02   -1.4062500000e-02    1.0937500000e-02    0.0000000000e+00    1.0000000000e-04    3.1428618667e-02    1.0000000000e+30    0.0000000000e+00    1.0000000000e+30    0.0000000000e+00    1.0000000000e+30    0.0000000000e+00
  92.0600000    3.5630482034e-02    1.4062500000e-02   -1.0937500000e-02    0.0000000000e+00    1.0000000000e-04    3.1514263482e-02   -1.4062500000e-02    1.0937500000e-02    0.0000000000e+00    1.0000000000e-04    3.1443124120e-02    1.0000000000e+30    0.0000000000e+00    1.0000000000e+30    0.0000000000e+00    1.0000000000e+30    0.0000000000e+00
  92.1100000    3.5630482034e-02    1.4062500000e-02   -1.0937500000e-02    0.0000000000e+00    1.0000000000e-04    3.1527435406e-02   -1.4062500000e-02    1.0937500000e-02    0.0000000000e+00    1.0000000000e-04    3.1458235269e-02    1.0000000000e+30    0.0000000000e+00    1.0000000000e+30    0.0000000000e+00    1.0000000000e+30    0.0000000000e+00
  92.1600000    3.5630482034e-02    1.4062500000e-02   -1.0937500000e-02    0.0000000000e+00    1.0000000000e-04    3.1541123525e-02   -1.4062500000e-02    1.0937500000e-02    0.0000000000e+00    1.0000000000e-04    3.1473953571e-02    1.0000000000e+30    0.0000000000e+00    1.0000000000e+30    0.0000000000e+00    1.0000000000e+30    0.0000000000e+00
  92.2100000    3.5630482034e-02    1.4062500000e-02   -1.0937500000e-02    0.0000000000e+00    1.0000000000e-04    3.1555334612e-02   -1.4062500000e-02    1.0937500000e-02    0.0000000000e+00    1.0000000000e-04    3.1490279925e-02    1.0000000000e+30    0.0000000000e+00    1.0000000000e+30    0.0000000000e+00    1.0000000000e+30    0.0000000000e+00
  92.2600000    3.5630482034e-02    1.4062500000e-02   -1.0937500000e-02    0.0000000000e+00    1.0000000000e-04    3.1570073185e-02   -1.4062500000e-02    1.0937500000e-02    0.0000000000e+00    1.0000000000e-04    3.1507213486e-02    1.0000000000e+30    0.0000000000e+00    1.0000000000e+30    0.0000000000e+00    1.0000000000e+30    0.0000000000e+00
  92.3100000    3.5630482034e-02    1.4062500000e-02   -1.0937500000e-02    0.0000000000e+00    1.0000000000e-04    3.1585340974e-02   -1.4062500000e-02    1.0937500000e-02    0.0000000000e+00    1.0000000000e-04    3.1524751049e-02    1.0000000000e+30    0.0000000000e+00    1.0000000000e+30    0.0000000000e+00    1.0000000000e+30    0.0000000000e+00
  92.3600000    3.5630482034e-02    1.4062500000e-02   -1.0937500000e-02    0.0000000000e+00    1.0000000000e-04    3.1601137595e-02   -1.4062500000e-02    1.0937500000e-02    0.0000000000e+00    1.0000000000e-04    3.1542887396e-02    1.0000000000e+30    0.0000000000e+00    1.0000000000e+30    0.0000000000e+00    1.0000000000e+30    0.0000000000e+00
  92.4100000    3.5630482034e-02    1.4062500000e-02   -1.0937500000e-02    0.0000000000e+00    1.0000000000e-04    3.1617462245e-02   -1.4062500000e-02    1.0937500000e-02    0.0000000000e+00    1.0000000000e-04    3.1561616575e-02    1.0000000000e+30    0.0000000000e+00    1.0000000000e+30    0.0000000000e+00    1.0000000000e+30    0.0000000000e+00
  92.4600000    3.5630482034e-02    1.4062500000e-02   -1.0937500000e-02    0.0000000000e+00    1.0000000000e-04    3.1634315690e-02   -1.4062500000e-02    1.0937500000e-02    0.0000000000e+00    1.0000000000e-04    3.1580933640e-02    1.0000000000e+30    0.0000000000e+00    1.0000000000e+30    0.0000000000e+00    1.0000000000e+30    0.0000000000e+00
  92.5100000    3.5630482034e-02    1.4062500000e-02   -1.0937500000e-02    0.0000000000e+00    1.0000000000e-04    3.1651701670e-02   -1.4062500000e-02    1.0937500000e-02    0.0000000000e+00    1.0000000000e-04    3.1600836102e-02    1.0000000000e+30    0.0000000000e+00    1.0000000000e+30    0.0000000000e+00    1.0000000000e+30    0.0000000000e+00
  92.5600000    3.5630482034e-02    1.4062500000e-02   -1.0937500000e-02    0.0000000000e+00    1.0000000000e-04    3.1669626983e-02   -1.4062500000e-02    1.0937500000e-02    0.0000000000e+00    1.0000000000e-04    3.1621324382e-02    1.0000000000e+30    0.0000000000e+00    1.0000000000e+30    0.0000000000e+00    1.0000000000e+30    0.0000000000e+00
  92.6100000    3.5630482034e-02    1.4062500000e-02   -1.0937500000e-02    0.0000000000e+00    1.0000000000e-04    3.1688100105e-02   -1.4062500000e-02    1.0937500000e-02    0.0000000000e+00    1.0000000000e-04    3.1642400943e-02    1.0000000000e+30    0.0000000000e+00    1.0000000000e+30    0.0000000000e+00    1.0000000000e+30    0.0000000000e+00
  92.6600000    3.5630482034e-02    1.4062500000e-02   -1.0937500000e-02    0.0000000000e+00    1.0000000000e-04    3.1707128821e-02   -1.4062500000e-02    1.0937500000e-02    0.0000000000e+00    1.0000000000e-04    3.1664068336e-02    1.0000000000e+30    0.0000000000e+00    1.0000000000e+30    0.0000000000e+00    1.0000000000e+30    0.0000000000e+00
  92.7100000    3.5630482034e-02    1.4062500000e-02   -1.0937500000e-02    0.0000000000e+00    1.0000000000e-04    3.1726717867e-02   -1.4062500000e-02    1.0937500000e-02    0.0000000000e+00    1.0000000000e-04    3.1686326907e-02    1.0000000000e+30    0.0000000000e+00    1.0000000000e+30    0.0000000000e+00    1.0000000000e+30    0.0000000000e+00
  92.7600000    3.5630482034e-02    1.4062500000e-02   -1.0937500000e-02    0.0000000000e+00    1.0000000000e-04    3.1746867645e-02   -1.4062500000e-02    1.0937500000e-02    0.0000000000e+00    1.0000000000e-04    3.1709173183e-02    1.0000000000e+30    0.0000000000e+00    1.0000000000e+30    0.0000000000e+00    1.0000000000e+30    0.0000000000e+00
  92.8100000    3.5630482034e-02    1.4062500000e-02   -1.0937500000e-02    0.0000000000e+00    1.0000000000e-04    3.1767574684e-02   -1.4062500000e-02    1.0937500000e-02    0.0000000000e+00    1.0000000000e-04    3.1732599745e-02    1.0000000000e+30    0.0000000000e+00    1.0000000000e+30    0.0000000000e+00    1.0000000000e+30    0.0000000000e+00
  92.8600000    3.5630482034e-02    1.4062500000e-02   -1.0937500000e-02    0.0000000000e+00    1.0000000000e-04    3.1788833770e-02   -1.4062500000e-02    1.0937500000e-02    0.0000000000e+00    1.0000000000e-04    3.1756596769e-02    1.0000000000e+30    0.0000000000e+00    1.0000000000e+30    0.0000000000e+00    1.0000000000e+30    0.0000000000e+00
  92.9100000    3.5630482034e-02    1.4062500000e-02   -1.0937500000e-02    0.0000000000e+00    1.0000000000e-04    3.1810640917e-02   -1.4062500000e-02    1.0937500000e-02    0.0000000000e+00    1.0000000000e-04    3.1781154672e-02    1.0000000000e+30    0.0000000000e+00    1.0000000000e+30    0.0000000000e+00    1.0000000000e+30    0.0000000000e+00
  92.9600000    3.5630482034e-02    1.4062500000e-02   -1.0937500000e-02    0.0000000000e+00    1.0000000000e-04    3.1832995875e-02   -1.4062500000e-02    1.0937500000e-02    0.0000000000e+00    1.0000000000e-04    3.1806266721e-02    1.0000000000e+30    0.0000000000e+00    1.0000000000e+30    0.0000000000e+00    1.0000000000e+30    0.0000000000e+00
  93.0100000    3.5630482034e-02    1.4062500000e-02   -1.0937500000e-02    0.0000000000e+00    1.0000000000e-04    3.1855902992e-02   -1.4062500000e-02    1.0937500000e-02    0.0000000000e+00    1.0000000000e-04    3.1831930440e-02    1.0000000000e+30    0.0000000000e+00    1.0000000000e+30    0.0000000000e+00    1.0000000000e+30    0.0000000000e+00
  93.0600000    3.5630482034e-02    1.4062500000e-02   -1.0937500000e-02    0.0000000000e+00    1.0000000000e-04    3.1879369952e-02   -1.4062500000e-02    1.0937500000e-02    0.0000000000e+00    1.0000000000e-04    3.1858147116e-02    1.0000000000e+30    0.0000000000e+00    1.0000000000e+30    0.0000000000e+00    1.0000000000e+30    0.0000000000e+00
  93.1100000    3.5630482034e-02    1.4062500000e-02   -1.0937500000e-02    0.0000000000e+00    1.0000000000e-04    3.1903404827e-02   -1.4062500000e-02    1.0937500000e-02    0.0000000000e+00    1.0000000000e-04    3.1884919579e-02    1.0000000000e+30    0.0000000000e+00    1.0000000000e+30    0.0000000000e+00    1.0000000000e+30    0.0000000000e+00
  93.1600000    3.5630482034e-02    1.4062500000e-02   -1.0937500000e-02    0.0000000000e+00    1.0000000000e-04    3.1928012722e-02   -1.4062500000e-02    1.0937500000e-02    0.0000000000e+00    1.0000000000e-04    3.1912249198e-02    1.0000000000e+30    0.0000000000e+00    1.0000000000e+30    0.0000000000e+00    1.0000000000e+30    0.0000000000e+00
  93.2100000    3.5630482034e-02    1.4062500000e-02   -1.0937500000e-02    0.0000000000e+00    1.0000000000e-04    3.1953193489e-02   -1.4062500000e-02    1.0937500000e-02    0.0000000000e+00    1.0000000000e-04    3.1940133419e-02    1.0000000000e+30    0.0000000000e+00    1.0000000000e+30    0.0000000000e+00    1.0000000000e+30    0.0000000000e+00
  93.2600000    3.5630482034e-02    1.4062500000e-02   -1.0937500000e-02    0.0000000000e+00    1.0000000000e-04    3.1978941559e-02   -1.4062500000e-02    1.0937500000e-02    0.0000000000e+00    1.0000000000e-04    3.1968564915e-02    1.0000000000e+30    0.0000000000e+00    1.0000000000e+30    0.0000000000e+00    1.0000000000e+30    0.0000000000e+00
  93.3100000    3.5630482034e-02    1.4062500000e-02   -1.0937500000e-02    0.0000000000e+00    1.0000000000e-04    3.2005247967e-02   -1.4062500000e-02    1.0937500000e-02    0.0000000000e+00    1.0000000000e-04    3.1992301792e-02    1.0000000000e+30    0.0000000000e+00    1.0000000000e+30    0.0000000000e+00    1.0000000000e+30    0.0000000000e+00
  93.3600000    3.5630482034e-02    1.4062500000e-02   -1.0937500000e-02    0.0000000000e+00    1.0000000000e-04    3.2032103672e-02   -1.4062500000e-02    1.0937500000e-02    0.0000000000e+00    1.0000000000e-04    3.2009780555e-02    1.0000000000e+30    0.0000000000e+00    1.0000000000e+30    0.0000000000e+00    1.0000000000e+30    0.0000000000e+00
  93.4100000    3.5630482034e-02    1.4062500000e-02   -1.0937500000e-02    0.0000000000e+00    1.0000000000e-04    3.2059502712e-02   -1.4062500000e-02    1.0937500000e-02    0.0000000000e+00    1.0000000000e-04    3.2027852767e-02    1.0000000000e+30    0.0000000000e+00    1.0000000000e+30    0.0000000000e+00    1.0000000000e+30    0.0000000000e+00
  93.4600000    3.5630482034e-02    1.4062500000e-02   -1.0937500000e-02    0.0000000000e+00    1.0000000000e-04    3.2087443868e-02   -1.4062500000e-02    1.0937500000e-02    0.0000000000e+00    1.0000000000e-04    3.2046513547e-02    1.0000000000e+30    0.0000000000e+00    1.0000000000e+30    0.0000000000e+00    1.0000000000e+30    0.0000000000e+00
  93.5100000    3.5630482034e-02    1.4062500000e-02   -1.0937500000e-02    0.0000000000e+00    1.0000000000e-04    3.2115930244e-02   -1.4062500000e-02    1.0937500000e-02    0.0000000000e+00    1.0000000000e-04    3.2065762752e-02    1.0000000000e+30    0.0000000000e+00    1.0000000000e+30    0.0000000000e+00    1.0000000000e+30    0.0000000000e+00
  93.5600000    3.5630482034e-02    1.4062500000e-02   -1.0937500000e-02    0.0000000000e+00    1.0000000000e-04    3.2144967072e-02   -1.4062500000e-02    1.0937500000e-02    0.0000000000e+00    1.0000000000e-04    3.2085604456e-02    1.0000000000e+30    0.0000000000e+00    1.0000000000e+30    0.0000000000e+00    1.0000000000e+30    0.0000000000e+00
  93.6100000    3.5630482034e-02    1.4062500000e-02   -1.0937500000e-02    0.0000000000e+00    1.0000000000e-04    3.2172119910e-02   -1.4062500000e-02    1.0937500000e-02    0.0000000000e+00    1.0000000000e-04    3.2106044695e-02    1.0000000000e+30    0.0000000000e+00    1.0000000000e+30    0.0000000000e+00    1.0000000000e+30    0.0000000000e+00
  93.6600000    3.5630482034e-02    1.4062500000e-02   -1.0937500000e-02    0.0000000000e+00    1.0000000000e-04    3.2190541406e-02   -1.4062500000e-02    1.0937500000e-02    0.0000000000e+00    1.0000000000e-04    3.2127088348e-02    1.0000000000e+30    0.0000000000e+00    1.0000000000e+30    0.0000000000e+00    1.0000000000e+30    0.0000000000e+00
  93.7100000    3.5630482034e-02    1.4062500000e-02   -1.0937500000e-02    0.0000000000e+00    1.0000000000e-04    3.2209581637e-02   -1.4062500000e-02    1.0937500000e-02    0.0000000000e+00    1.0000000000e-04    3.2148736409e-02    1.0000000000e+30    0.0000000000e+00    1.0000000000e+30    0.0000000000e+00    1.0000000000e+30    0.0000000000e+00
  93.7600000    3.5630482034e-02    1.4062500000e-02   -1.0937500000e-02    0.0000000000e+00    1.0000000000e-04    3.2229241916e-02   -1.4062500000e-02    1.0937500000e-02    0.0000000000e+00    1.0000000000e-04    3.2170984780e-02    1.0000000000e+30    0.0000000000e+00    1.0000000000e+30    0.0000000000e+00    1.0000000000e+30    0.0000000000e+00
  93.8100000    3.5630482034e-02    1.4062500000e-02   -1.0937500000e-02    0.0000000000e+00    1.0000000000e-04    3.2249517073e-02   -1.4062500000e-02    1.0937500000e-02    0.0000000000e+00    1.0000000000e-04    3.2193825049e-02    1.0000000000e+30    0.0000000000e+00    1.0000000000e+30    0.0000000000e+00    1.0000000000e+30    0.0000000000e+00
  93.8600000    3.5630482034e-02    1.4062500000e-02   -1.0937500000e-02    0.0000000000e+00    1.0000000000e-04    3.2270397993e-02   -1.4062500000e-02    1.0937500000e-02    0.0000000000e+00    1.0000000000e-04    3.2217246931e-02    1.0000000000e+30    0.0000000000e+00    1.0000000000e+30    0.0000000000e+00    1.0000000000e+30    0.0000000000e+00
  93.9100000    3.5630482034e-02    1.4062500000e-02   -1.0937500000e-02    0.0000000000e+00    1.0000000000e-04    3.2291875641e-02   -1.4062500000e-02    1.0937500000e-02    0.0000000000e+00    1.0000000000e-04    3.2241241366e-02    1.0000000000e+30    0.0000000000e+00    1.0000000000e+30    0.0000000000e+00    1.0000000000e+30    0.0000000000e+00
  93.9600000    3.5630482034e-02    1.4062500000e-02   -1.0937500000e-02    0.0000000000e+00    1.0000000000e-04    3.2313944908e-02   -1.4062500000e-02    1.0937500000e-02    0.0000000000e+00    1.0000000000e-04    3.2265803045e-02    1.0000000000e+30    0.0000000000e+00    1.0000000000e+30    0.0000000000e+00    1.0000000000e+30    0.0000000000e+00
  94.0100000    3.5630482034e-02    1.4062500000e-02   -1.0937500000e-02    0.0000000000e+00    1.0000000000e-04    3.2336606730e-02   -1.4062500000e-02    1.0937500000e-02    0.0000000000e+00    1.0000000000e-04    3.2290931392e-02    1.0000000000e+30    0.0000000000e+00    1.0000000000e+30    0.0000000000e+00    1.0000000000e+30    0.0000000000e+00
  94.0600000    3.5630482034e-02    1.4062500000e-02   -1.0937500000e-02    0.0000000000e+00    1.0000000000e-04    3.2359867636e-02   -1.4062500000e-02    1.0937500000e-02    0.0000000000e+00    1.0000000000e-04    3.2316629600e-02    1.0000000000e+30    0.0000000000e+00    1.0000000000e+30    0.0000000000e+00    1.0000000000e+30    0.0000000000e+00
  94.1100000    3.5630482034e-02    1.4062500000e-02   -1.0937500000e-02    0.0000000000e+00    1.0000000000e-04    3.2383736884e-02   -1.4062500000e-02    1.0937500000e-02    0.0000000000e+00    1.0000000000e-04    3.2342902091e-02    1.0000000000e+30    0.0000000000e+00    1.0000000000e+30    0.0000000000e+00    1.0000000000e+30    0.0000000000e+00
  94.1600000    3.5630482034e-02    1.4062500000e-02   -1.0937500000e-02    0.0000000000e+00    1.0000000000e-04    3.2408222340e-02   -1.4062500000e-02    1.0937500000e-02    0.0000000000e+00    1.0000000000e-04    3.2369751414e-02    1.0000000000e+30    0.0000000000e+00    1.0000000000e+30    0.0000000000e+00    1.0000000000e+30    0.0000000000e+00
  94.2100000    3.5630482034e-02    1.4062500000e-02   -1.0937500000e-02    0.0000000000e+00    1.0000000000e-04    3.2433326837e-02   -1.4062500000e-02    1.0937500000e-02    0.0000000000e+00    1.0000000000e-04    3.2397175903e-02    1.0000000000e+30    0.0000000000e+00    1.0000000000e+30    0.0000000000e+00    1.0000000000e+30    0.0000000000e+00
  94.2600000    3.5630482034e-02    1.4062500000e-02   -1.0937500000e-02    0.0000000000e+00    1.0000000000e-04    3.2459046531e-02   -1.4062500000e-02    1.0937500000e-02    0.0000000000e+00    1.0000000000e-04    3.2425169131e-02    1.0000000000e+30    0.0000000000e+00    1.0000000000e+30    0.0000000000e+00    1.0000000000e+30    0.0000000000e+00
  94.3100000    3.5630482034e-02    1.4062500000e-02   -1.0937500000e-02    0.0000000000e+00    1.0000000000e-04    3.2485371920e-02   -1.4062500000e-02    1.0937500000e-02    0.0000000000e+00    1.0000000000e-04    3.2453721373e-02    1.0000000000e+30    0.0000000000e+00    1.0000000000e+30    0.0000000000e+00    1.0000000000e+30    0.0000000000e+00
  94.3600000    3.5630482034e-02    1.4062500000e-02   -1.0937500000e-02    0.0000000000e+00    1.0000000000e-04    3.2512291017e-02   -1.4062500000e-02    1.0937500000e-02    0.0000000000e+00    1.0000000000e-04    3.2482822402e-02    1.0000000000e+30    0.0000000000e+00    1.0000000000e+30    0.0000000000e+00    1.0000000000e+30    0.0000000000e+00
  94.4100000    3.5630482034e-02    1.4062500000e-02   -1.0937500000e-02    0.0000000000e+00    1.0000000000e-04    3.2539793310e-02   -1.4062500000e-02    1.0937500000e-02    0.0000000000e+00    1.0000000000e-04    3.2512464359e-02    1.0000000000e+30    0.0000000000e+00    1.0000000000e+30    0.0000000000e+00    1.0000000000e+30    0.0000000000e+00
  94.4600000    3.5630482034e-02    1.4062500000e-02   -1.0937500000e-02    0.0000000000e+00    1.0000000000e-04    3.2567872899e-02   -1.4062500000e-02    1.0937500000e-02    0.0000000000e+00    1.0000000000e-04    3.2542643470e-02    1.0000000000e+30    0.0000000000e+00    1.0000000000e+30    0.0000000000e+00    1.0000000000e+30    0.0000000000e+00
  94.5100000    3.5630482034e-02    1.4062500000e-02   -1.0937500000e-02    0.0000000000e+00    1.0000000000e-04    3.2596529635e-02   -1.4062500000e-02    1.0937500000e-02    0.0000000000e+00    1.0000000000e-04    3.2573359921e-02    1.0000000000e+30    0.0000000000e+00    1.0000000000e+30    0.0000000000e+00    1.0000000000e+30    0.0000000000e+00
  94.5600000    3.5630482034e-02    1.4062500000e-02   -1.0937500000e-02    0.0000000000e+00    1.0000000000e-04    3.2625767882e-02   -1.4062500000e-02    1.0937500000e-02    0.0000000000e+00    1.0000000000e-04    3.2604616045e-02    1.0000000000e+30    0.0000000000e+00    1.0000000000e+30    0.0000000000e+00    1.0000000000e+30    0.0000000000e+00
  94.6100000    3.5630482034e-02    1.4062500000e-02   -1.0937500000e-02    0.0000000000e+00    1.0000000000e-04    3.2655593540e-02   -1.4062500000e-02    1.0937500000e-02    0.0000000000e+00    1.0000000000e-04    3.2636413658e-02    1.0000000000e+30    0.0000000000e+00    1.0000000000e+30    0.0000000000e+00    1.0000000000e+30    0.0000000000e+00
  94.6600000    3.5630482034e-02    1.4062500000e-02   -1.0937500000e-02    0.0000000000e+00    1.0000000000e-04    3.2686010607e-02   -1.4062500000e-02    1.0937500000e-02    0.0000000000e+00    1.0000000000e-04    3.2668751786e-02    1.0000000000e+30    0.0000000000e+00    1.0000000000e+30    0.0000000000e+00    1.0000000000e+30    0.0000000000e+00
  94.7100000    3.5630482034e-02    1.4062500000e-02   -1.0937500000e-02    0.0000000000e+00    1.0000000000e-04    3.2717018746e-02   -1.4062500000e-02    1.0937500000e-02    0.0000000000e+00    1.0000000000e-04    3.2701625784e-02    1.0000000000e+30    0.0000000000e+00    1.0000000000e+30    0.0000000000e+00    1.0000000000e+30    0.0000000000e+00
  94.7600000    3.5630482034e-02    1.4062500000e-02   -1.0937500000e-02    0.0000000000e+00    1.0000000000e-04    3.2748612799e-02   -1.4062500000e-02    1.0937500000e-02    0.0000000000e+00    1.0000000000e-04    3.2735028190e-02    1.0000000000e+30    0.0000000000e+00    1.0000000000e+30    0.0000000000e+00    1.0000000000e+30    0.0000000000e+00
  94.8100000    3.5630482034e-02    1.4062500000e-02   -1.0937500000e-02    0.0000000000e+00    1.0000000000e-04    3.2780784252e-02   -1.4062500000e-02    1.0937500000e-02    0.0000000000e+00    1.0000000000e-04    3.2768950805e-02    1.0000000000e+30    0.0000000000e+00    1.0000000000e+30    0.0000000000e+00    1.0000000000e+30    0.0000000000e+00
  94.8600000    3.5630482034e-02    1.4062500000e-02   -1.0937500000e-02    0.0000000000e+00    1.0000000000e-04    3.2813523856e-02   -1.4062500000e-02    1.0937500000e-02    0.0000000000e+00    1.0000000000e-04    3.2803386978e-02    1.0000000000e+30    0.0000000000e+00    1.0000000000e+30    0.0000000000e+00    1.0000000000e+30    0.0000000000e+00
  94.9100000    3.5630482034e-02    1.4062500000e-02   -1.0937500000e-02    0.0000000000e+00    1.0000000000e-04    3.2846824157e-02   -1.4062500000e-02    1.0937500000e-02    0.0000000000e+00    1.0000000000e-04    3.2838333025e-02    1.0000000000e+30    0.0000000000e+00    1.0000000000e+30    0.0000000000e+00    1.0000000000e+30    0.0000000000e+00
  94.9600000    3.5630482034e-02    1.4062500000e-02   -1.0937500000e-02    0.0000000000e+00    1.0000000000e-04    3.2880680932e-02   -1.4062500000e-02    1.0937500000e-02    0.0000000000e+00    1.0000000000e-04    3.2873788182e-02    1.0000000000e+30    0.0000000000e+00    1.0000000000e+30    0.0000000000e+00    1.0000000000e+30    0.0000000000e+00
  95.0100000    3.5630482034e-02    1.4062500000e-02   -1.0937500000e-02    0.0000000000e+00    1.0000000000e-04    3.2915093095e-02   -1.4062500000e-02    1.0937500000e-02    0.0000000000e+00    1.0000000000e-04    3.2909753222e-02    1.0000000000e+30    0.0000000000e+00    1.0000000000e+30    0.0000000000e+00    1.0000000000e+30    0.0000000000e+00
  95.0600000    3.5630482034e-02    1.4062500000e-02   -1.0937500000e-02    0.0000000000e+00    1.0000000000e-04    3.2950061321e-02   -1.4062500000e-02    1.0937500000e-02    0.0000000000e+00    1.0000000000e-04    3.2946228414e-02    1.0000000000e+30    0.0000000000e+00    1.0000000000e+30    0.0000000000e+00    1.0000000000e+30    0.0000000000e+00
  95.1100000    3.4321691620e-02    1.1718750000e-02   -1.1718750000e-02    0.0000000000e+00    1.0000000000e-04    3.2985586165e-02   -1.4062500000e-02    1.0937500000e-02    0.0000000000e+00    1.0000000000e-04    3.2983211777e-02    1.0000000000e+30    0.0000000000e+00    1.0000000000e+30    0.0000000000e+00    1.0000000000e+30    0.0000000000e+00
  95.1600000    3.4321691620e-02    1.1718750000e-02   -1.1718750000e-02    0.0000000000e+00    1.0000000000e-04    3.3021666520e-02   -1.4062500000e-02    1.0937500000e-02    0.0000000000e+00    1.0000000000e-04    3.3020698374e-02    1.0000000000e+30    0.0000000000e+00    1.0000000000e+30    0.0000000000e+00    1.0000000000e+30    0.0000000000e+00
  95.2100000    3.4321691620e-02    1.1718750000e-02   -1.1718750000e-02    0.0000000000e+00    1.0000000000e-04    3.3058299041e-02   -1.4062500000e-02    1.0937500000e-02    0.0000000000e+00    1.0000000000e-04    3.3058680891e-02    1.0000000000e+30    0.0000000000e+00    1.0000000000e+30    0.0000000000e+00    1.0000000000e+30    0.0000000000e+00
  95.2600000    3.4321691620e-02    1.1718750000e-02   -1.1718750000e-02    0.0000000000e+00    1.0000000000e-04    3.3095478646e-02   -1.4062500000e-02    1.0937500000e-02    0.0000000000e+00    1.0000000000e-04    3.3097151194e-02    1.0000000000e+30    0.0000000000e+00    1.0000000000e+30    0.0000000000e+00    1.0000000000e+30    0.0000000000e+00
  95.3100000    3.4321691620e-02    1.1718750000e-02   -1.1718750000e-02    0.0000000000e+00    1.0000000000e-04    3.3133199784e-02   -1.4062500000e-02    1.0937500000e-02    0.0000000000e+00    1.0000000000e-04    3.3136102197e-02    1.0000000000e+30    0.0000000000e+00    1.0000000000e+30    0.0000000000e+00    1.0000000000e+30    0.0000000000e+00
  95.3600000    3.4321691620e-02    1.1718750000e-02   -1.1718750000e-02    0.0000000000e+00    1.0000000000e-04    3.3171457815e-02   -1.4062500000e-02    1.0937500000e-02    0.0000000000e+00    1.0000000000e-04    3.3175529313e-02    1.0000000000e+30    0.0000000000e+00    1.0000000000e+30    0.0000000000e+00    1.0000000000e+30    0.0000000000e+00
  95.4100000    3.4321691620e-02    1.1718750000e-02   -1.1718750000e-02    0.0000000000e+00    1.0000000000e-04    3.3210249944e-02   -1.4062500000e-02    1.0937500000e-02    0.0000000000e+00    1.0000000000e-04    3.3215430957e-02    1.0000000000e+30    0.0000000000e+00    1.0000000000e+30    0.0000000000e+00    1.0000000000e+30    0.0000000000e+00
  95.4600000    3.4321691620e-02    1.1718750000e-02   -1.1718750000e-02    0.0000000000e+00    1.0000000000e-04    3.3249575335e-02   -1.4062500000e-02    1.0937500000e-02    0.0000000000e+00    1.0000000000e-04    3.3255807911e-02    1.0000000000e+30    0.0000000000e+00    1.0000000000e+30    0.0000000000e+00    1.0000000000e+30    0.0000000000e+00
  95.5100000    3.4321691620e-02    1.1718750000e-02   -1.1718750000e-02    0.0000000000e+00    1.0000000000e-04    3.3287329913e-02   -1.4062500000e-02    1.0937500000e-02    0.0000000000e+00    1.0000000000e-04    3.3296661782e-02    1.0000000000e+30    0.0000000000e+00    1.0000000000e+30    0.0000000000e+00    1.0000000000e+30    0.0000000000e+00
  95.5600000    3.4321691620e-02    1.1718750000e-02   -1.1718750000e-02    0.0000000000e+00    1.0000000000e-04    3.3317943641e-02   -1.4062500000e-02    1.0937500000e-02    0.0000000000e+00    1.0000000000e-04    3.3333918306e-02    1.0000000000e+30    0.0000000000e+00    1.0000000000e+30    0.0000000000e+00    1.0000000000e+30    0.0000000000e+00
  95.6100000    3.4321691620e-02    1.1718750000e-02   -1.1718750000e-02    0.0000000000e+00    1.0000000000e-04    3.3349068352e-02   -1.4062500000e-02    1.0937500000e-02    0.0000000000e+00    1.0000000000e-04    3.3367557692e-02    1.0000000000e+30    0.0000000000e+00    1.0000000000e+30    0.0000000000e+00    1.0000000000e+30    0.0000000000e+00
  95.6600000    3.4321691620e-02    1.1718750000e-02   -1.1718750000e-02    0.0000000000e+00    1.0000000000e-04    3.3380705343e-02   -1.4062500000e-02    1.0937500000e-02    0.0000000000e+00    1.0000000000e-04    3.3401655854e-02    1.0000000000e+30    0.0000000000e+00    1.0000000000e+30    0.0000000000e+00    1.0000000000e+30    0.0000000000e+00
  95.7100000    3.4321691620e-02    1.1718750000e-02   -1.1718750000e-02    0.0000000000e+00    1.0000000000e-04    3.3412853551e-02   -1.4062500000e-02    1.0937500000e-02    0.0000000000e+00    1.0000000000e-04    3.3436216487e-02    1.0000000000e+30    0.0000000000e+00    1.0000000000e+30    0.0000000000e+00    1.0000000000e+30    0.0000000000e+00
  95.7600000    3.4321691620e-02    1.1718750000e-02   -1.1718750000e-02    0.0000000000e+00    1.0000000000e-04    3.3445509183e-02   -1.4062500000e-02    1.0937500000e-02    0.0000000000e+00    1.0000000000e-04    3.3471244639e-02    1.0000000000e+30    0.0000000000e+00    1.0000000000e+30    0.0000000000e+00    1.0000000000e+30    0.0000000000e+00
  95.8100000    3.4321691620e-02    1.1718750000e-02   -1.1718750000e-02    0.0000000000e+00    1.0000000000e-04    3.3478666092e-02   -1.4062500000e-02    1.0937500000e-02    0.0000000000e+00    1.0000000000e-04    3.3506743422e-02    1.0000000000e+30    0.0000000000e+00    1.0000000000e+30    0.0000000000e+00    1.0000000000e+30    0.0000000000e+00
  95.8600000    3.4321691620e-02    1.1718750000e-02   -1.1718750000e-02    0.0000000000e+00    1.0000000000e-04    3.3512316969e-02   -1.4062500000e-02    1.0937500000e-02    0.0000000000e+00    1.0000000000e-04    3.3542711167e-02    1.0000000000e+30    0.0000000000e+00    1.0000000000e+30    0.0000000000e+00    1.0000000000e+30    0.0000000000e+00
  95.9100000    3.4321691620e-02    1.1718750000e-02   -1.1718750000e-02    0.0000000000e+00    1.0000000000e-04    3.3546455057e-02   -1.4062500000e-02    1.0937500000e-02    0.0000000000e+00    1.0000000000e-04    3.3579140326e-02    1.0000000000e+30    0.0000000000e+00    1.0000000000e+30    0.0000000000e+00    1.0000000000e+30    0.0000000000e+00
  95.9600000    3.4321691620e-02    1.1718750000e-02   -1.1718750000e-02    0.0000000000e+00    1.0000000000e-04    3.3581075895e-02   -1.4062500000e-02    1.0937500000e-02    0.0000000000e+00    1.0000000000e-04    3.3616018765e-02    1.0000000000e+30    0.0000000000e+00    1.0000000000e+30    0.0000000000e+00    1.0000000000e+30    0.0000000000e+00
  96.0100000    3.4321691620e-02    1.1718750000e-02   -1.1718750000e-02    0.0000000000e+00    1.0000000000e-04    3.3616178484e-02   -1.4062500000e-02    1.0937500000e-02    0.0000000000e+00    1.0000000000e-04    3.3653333160e-02    1.0000000000e+30    0.0000000000e+00    1.0000000000e+30    0.0000000000e+00    1.0000000000e+30    0.0000000000e+00
  96.0600000    3.4321691620e-02    1.1718750000e-02   -1.1718750000e-02    0.0000000000e+00    1.0000000000e-04    3.3651765463e-02   -1.4062500000e-02    1.0937500000e-02    0.0000000000e+00    1.0000000000e-04    3.3691073329e-02    1.0000000000e+30    0.0000000000e+00    1.0000000000e+30    0.0000000000e+00    1.0000000000e+30    0.0000000000e+00
  96.1100000    3.4321691620e-02    1.1718750000e-02   -1.1718750000e-02    0.0000000000e+00    1.0000000000e-04    3.3687842185e-02   -1.4062500000e-02    1.0937500000e-02    0.0000000000e+00    1.0000000000e-04    3.3729235827e-02    1.0000000000e+30    0.0000000000e+00    1.0000000000e+30    0.0000000000e+00    1.0000000000e+30    0.0000000000e+00
  96.1600000    3.4321691620e-02    1.1718750000e-02   -1.1718750000e-02    0.0000000000e+00    1.0000000000e-04    3.3724414927e-02   -1.4062500000e-02    1.0937500000e-02    0.0000000000e+00    1.0000000000e-04    3.3767825301e-02    1.0000000000e+30    0.0000000000e+00    1.0000000000e+30    0.0000000000e+00    1.0000000000e+30    0.0000000000e+00
  96.2100000    3.4321691620e-02    1.1718750000e-02   -1.1718750000e-02    0.0000000000e+00    1.0000000000e-04    3.3761488697e-02   -1.4062500000e-02    1.0937500000e-02    0.0000000000e+00    1.0000000000e-04    3.3806852771e-02    1.0000000000e+30    0.0000000000e+00    1.0000000000e+30    0.0000000000e+00    1.0000000000e+30    0.0000000000e+00
  96.2600000    3.4321691620e-02    1.1718750000e-02   -1.1718750000e-02    0.0000000000e+00    1.0000000000e-04    3.3799065214e-02   -1.4062500000e-02    1.0937500000e-02    0.0000000000e+00    1.0000000000e-04    3.3846331213e-02    1.0000000000e+30    0.0000000000e+00    1.0000000000e+30    0.0000000000e+00    1.0000000000e+30    0.0000000000e+00
  96.3100000    3.4321691620e-02    1.1718750000e-02   -1.1718750000e-02    0.0000000000e+00    1.0000000000e-04    3.3837141676e-02   -1.4062500000e-02    1.0937500000e-02    0.0000000000e+00    1.0000000000e-04    3.3886269954e-02    1.0000000000e+30    0.0000000000e+00    1.0000000000e+30    0.0000000000e+00    1.0000000000e+30    0.0000000000e+00
  96.3600000    3.4321691620e-02    1.1718750000e-02   -1.1718750000e-02    0.0000000000e+00    1.0000000000e-04    3.3875710819e-02   -1.4062500000e-02    1.0937500000e-02    0.0000000000e+00    1.0000000000e-04    3.3926670001e-02    1.0000000000e+30    0.0000000000e+00    1.0000000000e+30    0.0000000000e+00    1.0000000000e+30    0.0000000000e+00
  96.4100000    3.4321691620e-02    1.1718750000e-02   -1.1718750000e-02    0.0000000000e+00    1.0000000000e-04    3.3914762411e-02   -1.4062500000e-02    1.0937500000e-02    0.0000000000e+00    1.0000000000e-04    3.3967522168e-02    1.0000000000e+30    0.0000000000e+00    1.0000000000e+30    0.0000000000e+00    1.0000000000e+30    0.0000000000e+00
  96.4600000    3.4321691620e-02    1.1718750000e-02   -1.1718750000e-02    0.0000000000e+00    1.0000000000e-04    3.3954285820e-02   -1.4062500000e-02    1.0937500000e-02    0.0000000000e+00    1.0000000000e-04    3.4008808816e-02    1.0000000000e+30    0.0000000000e+00    1.0000000000e+30    0.0000000000e+00    1.0000000000e+30    0.0000000000e+00
  96.5100000    3.4321691620e-02    1.1718750000e-02   -1.1718750000e-02    0.0000000000e+00    1.0000000000e-04    3.3994272810e-02   -1.4062500000e-02    1.0937500000e-02    0.0000000000e+00    1.0000000000e-04    3.4050508649e-02    1.0000000000e+30    0.0000000000e+00    1.0000000000e+30    0.0000000000e+00    1.0000000000e+30    0.0000000000e+00
  96.5600000    3.4321691620e-02    1.1718750000e-02   -1.1718750000e-02    0.0000000000e+00    1.0000000000e-04    3.4034719652e-02   -1.4062500000e-02    1.0937500000e-02    0.0000000000e+00    1.0000000000e-04    3.4092602918e-02    1.0000000000e+30    0.0000000000e+00    1.0000000000e+30    0.0000000000e+00    1.0000000000e+30    0.0000000000e+00
  96.6100000    3.3145630368e-02    1.1718750000e-02   -1.1718750000e-02    0.0000000000e+00    1.0000000000e-04    3.4075627822e-02   -1.1718750000e-02    1.1718750000e-02    0.0000000000e+00    1.0000000000e-04    3.4135080831e-02    1.0000000000e+30    0.0000000000e+00    1.0000000000e+30    0.0000000000e+00    1.0000000000e+30    0.0000000000e+00
  96.6600000    3.3145630368e-02    1.1718750000e-02   -1.1718750000e-02    0.0000000000e+00    1.0000000000e-04    3.4117003070e-02   -1.1718750000e-02    1.1718750000e-02    0.0000000000e+00    1.0000000000e-04    3.4177942220e-02    1.0000000000e+30    0.0000000000e+00    1.0000000000e+30    0.0000000000e+00    1.0000000000e+30    0.0000000000e+00
  96.7100000    3.3145630368e-02    1.1718750000e-02   -1.1718750000e-02    0.0000000000e+00    1.0000000000e-04    3.4158853143e-02   -1.1718750000e-02    1.1718750000e-02    0.0000000000e+00    1.0000000000e-04    3.4221196460e-02    1.0000000000e+30    0.0000000000e+00    1.0000000000e+30    0.0000000000e+00    1.0000000000e+30    0.0000000000e+00
  96.7600000    3.3145630368e-02    1.1718750000e-02   -1.1718750000e-02    0.0000000000e+00    1.0000000000e-04    3.4201184908e-02   -1.1718750000e-02    1.1718750000e-02    0.0000000000e+00    1.0000000000e-04    3.4264858006e-02    1.0000000000e+30    0.0000000000e+00    1.0000000000e+30    0.0000000000e+00    1.0000000000e+30    0.0000000000e+00
  96.8100000    3.3145630368e-02    1.1718750000e-02   -1.1718750000e-02    0.0000000000e+00    1.0000000000e-04    3.4244001818e-02   -1.1718750000e-02    1.1718750000e-02    0.0000000000e+00    1.0000000000e-04    3.4308940175e-02    1.0000000000e+30    0.0000000000e+00    1.0000000000e+30    0.0000000000e+00    1.0000000000e+30    0.0000000000e+00
  96.8600000    3.3145630368e-02    1.1718750000e-02   -1.1718750000e-02    0.0000000000e+00    1.0000000000e-04    3.4287302544e-02   -1.1718750000e-02    1.1718750000e-02    0.0000000000e+00    1.0000000000e-04    3.4353449460e-02    1.0000000000e+30    0.0000000000e+00    1.0000000000e+30    0.0000000000e+00    1.0000000000e+30    0.0000000000e+00
  96.9100000    3.3145630368e-02    1.1718750000e-02   -1.1718750000e-02    0.0000000000e+00    1.0000000000e-04    3.4331081168e-02   -1.1718750000e-02    1.1718750000e-02    0.0000000000e+00    1.0000000000e-04    3.4398382311e-02    1.0000000000e+30    0.0000000000e+00    1.0000000000e+30    0.0000000000e+00    1.0000000000e+30    0.0000000000e+00
  96.9600000    3.3145630368e-02    1.1718750000e-02   -1.1718750000e-02    0.0000000000e+00    1.0000000000e-04    3.4375328680e-02   -1.1718750000e-02    1.1718750000e-02    0.0000000000e+00    1.0000000000e-04    3.4443725330e-02    1.0000000000e+30    0.0000000000e+00    1.0000000000e+30    0.0000000000e+00    1.0000000000e+30    0.0000000000e+00
  97.0100000    3.3145630368e-02    1.1718750000e-02   -1.1718750000e-02    0.0000000000e+00    1.0000000000e-04    3.4420035171e-02   -1.1718750000e-02    1.1718750000e-02    0.0000000000e+00    1.0000000000e-04    3.4489458532e-02    1.0000000000e+30    0.0000000000e+00    1.0000000000e+30    0.0000000000e+00    1.0000000000e+30    0.0000000000e+00
  97.0600000    3.3145630368e-02    1.1718750000e-02   -1.1718750000e-02    0.0000000000e+00    1.0000000000e-04    3.4465191965e-02   -1.1718750000e-02    1.1718750000e-02    0.0000000000e+00    1.0000000000e-04    3.4535560441e-02    1.0000000000e+30    0.0000000000e+00    1.0000000000e+30    0.0000000000e+00    1.0000000000e+30    0.0000000000e+00
  97.1100000    3.3145630368e-02    1.1718750000e-02   -1.1718750000e-02    0.0000000000e+00    1.0000000000e-04    3.4510793154e-02   -1.1718750000e-02    1.1718750000e-02    0.0000000000e+00    1.0000000000e-04    3.4582013379e-02    1.0000000000e+30    0.0000000000e+00    1.0000000000e+30    0.0000000000e+00    1.0000000000e+30    0.0000000000e+00
  97.1600000    3.3145630368e-02    1.1718750000e-02   -1.1718750000e-02    0.0000000000e+00    1.0000000000e-04    3.4556836312e-02   -1.1718750000e-02    1.1718750000e-02    0.0000000000e+00    1.0000000000e-04    3.4628807408e-02    1.0000000000e+30    0.0000000000e+00    1.0000000000e+30    0.0000000000e+00    1.0000000000e+30    0.0000000000e+00
  97.2100000    3.3145630368e-02    1.1718750000e-02   -1.1718750000e-02    0.0000000000e+00    1.0000000000e-04    3.4603322307e-02   -1.1718750000e-02    1.1718750000e-02    0.0000000000e+00    1.0000000000e-04    3.4662586906e-02    1.0000000000e+30    0.0000000000e+00    1.0000000000e+30    0.0000000000e+00    1.0000000000e+30    0.0000000000e+00
  97.2600000    3.3145630368e-02    1.1718750000e-02   -1.1718750000e-02    0.0000000000e+00    1.0000000000e-04    3.4650254268e-02   -1.1718750000e-02    1.1718750000e-02    0.0000000000e+00    1.0000000000e-04    3.4689289055e-02    1.0000000000e+30    0.0000000000e+00    1.0000000000e+30    0.0000000000e+00    1.0000000000e+30    0.0000000000e+00
  97.3100000    3.3145630368e-02    1.1718750000e-02   -1.1718750000e-02    0.0000000000e+00    1.0000000000e-04    3.4697635896e-02   -1.1718750000e-02    1.1718750000e-02    0.0000000000e+00    1.0000000000e-04    3.4716453378e-02    1.0000000000e+30    0.0000000000e+00    1.0000000000e+30    0.0000000000e+00    1.0000000000e+30    0.0000000000e+00
  97.3600000    3.3145630368e-02    1.1718750000e-02   -1.1718750000e-02    0.0000000000e+00    1.0000000000e-04    3.4733193808e-02   -1.1718750000e-02    1.1718750000e-02    0.0000000000e+00    1.0000000000e-04    3.4744092689e-02    1.0000000000e+30    0.0000000000e+00    1.0000000000e+30    0.0000000000e+00    1.0000000000e+30    0.0000000000e+00
  97.4100000    3.3145630368e-02    1.1718750000e-02   -1.1718750000e-02    0.0000000000e+00    1.0000000000e-04    3.4759313409e-02   -1.1718750000e-02    1.1718750000e-02    0.0000000000e+00    1.0000000000e-04    3.4772217041e-02    1.0000000000e+30    0.0000000000e+00    1.0000000000e+30    0.0000000000e+00    1.0000000000e+30    0.0000000000e+00
  97.4600000    3.3145630368e-02    1.1718750000e-02   -1.1718750000e-02    0.0000000000e+00    1.0000000000e-04    3.4785950395e-02   -1.1718750000e-02    1.1718750000e-02    0.0000000000e+00    1.0000000000e-04    3.4800830181e-02    1.0000000000e+30    0.0000000000e+00    1.0000000000e+30    0.0000000000e+00    1.0000000000e+30    0.0000000000e+00
  97.5100000    3.3145630368e-02    1.1718750000e-02   -1.1718750000e-02    0.0000000000e+00    1.0000000000e-04    3.4813106864e-02   -1.1718750000e-02    1.1718750000e-02    0.0000000000e+00    1.0000000000e-04    3.4829927911e-02    1.0000000000e+30    0.0000000000e+00    1.0000000000e+30    0.0000000000e+00    1.0000000000e+30    0.0000000000e+00
  97.5600000    3.3145630368e-02    1.1718750000e-02   -1.1718750000e-02    0.0000000000e+00    1.0000000000e-04    3.4840784413e-02   -1.1718750000e-02    1.1718750000e-02    0.0000000000e+00    1.0000000000e-04    3.4859499002e-02    1.0000000000e+30    0.0000000000e+00    1.0000000000e+30    0.0000000000e+00    1.0000000000e+30    0.0000000000e+00
  97.6100000    3.3145630368e-02    1.1718750000e-02   -1.1718750000e-02    0.0000000000e+00    1.0000000000e-04    3.4868983814e-02   -1.1718750000e-02    1.1718750000e-02    0.0000000000e+00    1.0000000000e-04    3.4889528571e-02    1.0000000000e+30    0.0000000000e+00    1.0000000000e+30    0.0000000000e+00    1.0000000000e+30    0.0000000000e+00
  97.6600000    3.3145630368e-02    1.1718750000e-02   -1.1718750000e-02    0.0000000000e+00    1.0000000000e-04    3.4897705208e-02   -1.1718750000e-02    1.1718750000e-02    0.0000000000e+00    1.0000000000e-04    3.4920002833e-02    1.0000000000e+30    0.0000000000e+00    1.0000000000e+30    0.0000000000e+00    1.0000000000e+30    0.0000000000e+00
  97.7100000    3.3145630368e-02    1.1718750000e-02   -1.1718750000e-02    0.0000000000e+00    1.0000000000e-04    3.4926948662e-02   -1.1718750000e-02    1.1718750000e-02    0.0000000000e+00    1.0000000000e-04    3.4950913529e-02    1.0000000000e+30    0.0000000000e+00    1.0000000000e+30    0.0000000000e+00    1.0000000000e+30    0.0000000000e+00
  97.7600000    3.3145630368e-02    1.1718750000e-02   -1.1718750000e-02    0.0000000000e+00    1.0000000000e-04    3.4956714706e-02   -1.1718750000e-02    1.1718750000e-02    0.0000000000e+00    1.0000000000e-04    3.4982260231e-02    1.0000000000e+30    0.0000000000e+00    1.0000000000e+30    0.0000000000e+00    1.0000000000e+30    0.0000000000e+00
  97.8100000    3.3145630368e-02    1.1718750000e-02   -1.1718750000e-02    0.0000000000e+00    1.0000000000e-04    3.4987004475e-02   -1.1718750000e-02    1.1718750000e-02    0.0000000000e+00    1.0000000000e-04    3.5014049593e-02    1.0000000000e+30    0.0000000000e+00    1.0000000000e+30    0.0000000000e+00    1.0000000000e+30    0.0000000000e+00
  97.8600000    3.3145630368e-02    1.1718750000e-02   -1.1718750000e-02    0.0000000000e+00    1.0000000000e-04    3.5017819365e-02   -1.1718750000e-02    1.1718750000e-02    0.0000000000e+00    1.0000000000e-04    3.5046291919e-02    1.0000000000e+30    0.0000000000e+00    1.0000000000e+30    0.0000000000e+00    1.0000000000e+30    0.0000000000e+00
  97.9100000    3.3145630368e-02    1.1718750000e-02   -1.1718750000e-02    0.0000000000e+00    1.0000000000e-04    3.5049160517e-02   -1.1718750000e-02    1.1718750000e-02    0.0000000000e+00    1.0000000000e-04    3.5078996553e-02    1.0000000000e+30    0.0000000000e+00    1.0000000000e+30    0.0000000000e+00    1.0000000000e+30    0.0000000000e+00
  97.9600000    3.3145630368e-02    1.1718750000e-02   -1.1718750000e-02    0.0000000000e+00    1.0000000000e-04    3.5081028559e-02   -1.1718750000e-02    1.1718750000e-02    0.0000000000e+00    1.0000000000e-04    3.5112167950e-02    1.0000000000e+30    0.0000000000e+00    1.0000000000e+30    0.0000000000e+00    1.0000000000e+30    0.0000000000e+00
  98.0100000    3.3145630368e-02    1.1718750000e-02   -1.1718750000e-02    0.0000000000e+00    1.0000000000e-04    3.5113423823e-02   -1.1718750000e-02    1.1718750000e-02    0.0000000000e+00    1.0000000000e-04    3.5145803802e-02    1.0000000000e+30    0.0000000000e+00    1.0000000000e+30    0.0000000000e+00    1.0000000000e+30    0.0000000000e+00
  98.0600000    3.3145630368e-02    1.1718750000e-02   -1.1718750000e-02    0.0000000000e+00    1.0000000000e-04    3.5146346951e-02   -1.1718750000e-02    1.1718750000e-02    0.0000000000e+00    1.0000000000e-04    3.5179895761e-02    1.0000000000e+30    0.0000000000e+00    1.0000000000e+30    0.0000000000e+00    1.0000000000e+30    0.0000000000e+00
  98.1100000    3.3145630368e-02    1.1718750000e-02   -1.1718750000e-02    0.0000000000e+00    1.0000000000e-04    3.5179799528e-02   -1.1718750000e-02    1.1718750000e-02    0.0000000000e+00    1.0000000000e-04    3.5214432362e-02    1.0000000000e+30    0.0000000000e+00    1.0000000000e+30    0.0000000000e+00    1.0000000000e+30    0.0000000000e+00
  98.1600000    3.3145630368e-02    1.1718750000e-02   -1.1718750000e-02    0.0000000000e+00    1.0000000000e-04    3.5213784337e-02   -1.1718750000e-02    1.1718750000e-02    0.0000000000e+00    1.0000000000e-04    3.5249403032e-02    1.0000000000e+30    0.0000000000e+00    1.0000000000e+30    0.0000000000e+00    1.0000000000e+30    0.0000000000e+00
  98.2100000    3.3145630368e-02    1.1718750000e-02   -1.1718750000e-02    0.0000000000e+00    1.0000000000e-04    3.5248304895e-02   -1.1718750000e-02    1.1718750000e-02    0.0000000000e+00    1.0000000000e-04    3.5284801627e-02    1.0000000000e+30    0.0000000000e+00    1.0000000000e+30    0.0000000000e+00    1.0000000000e+30    0.0000000000e+00
  98.2600000    3.3145630368e-02    1.1718750000e-02   -1.1718750000e-02    0.0000000000e+00    1.0000000000e-04    3.5283364256e-02   -1.1718750000e-02    1.1718750000e-02    0.0000000000e+00    1.0000000000e-04    3.5320628085e-02    1.0000000000e+30    0.0000000000e+00    1.0000000000e+30    0.0000000000e+00    1.0000000000e+30    0.0000000000e+00
  98.3100000    3.6727060230e-02    1.1718750000e-02   -1.1718750000e-02    0.0000000000e+00    1.0000000000e-04    3.5318963466e-02   -1.0937500000e-02    1.7187500000e-02    0.0000000000e+00    1.0000000000e-04    3.5356887545e-02    1.0000000000e+30    0.0000000000e+00    1.0000000000e+30    0.0000000000e+00    1.0000000000e+30    0.0000000000e+00
  98.3600000    3.6727060230e-02    1.1718750000e-02   -1.1718750000e-02    0.0000000000e+00    1.0000000000e-04    3.5355100410e-02   -1.0937500000e-02    1.7187500000e-02    0.0000000000e+00    1.0000000000e-04    3.5393587369e-02    1.0000000000e+30    0.0000000000e+00    1.0000000000e+30    0.0000000000e+00    1.0000000000e+30    0.0000000000e+00
  98.4100000    3.6727060230e-02    1.1718750000e-02   -1.1718750000e-02    0.0000000000e+00    1.0000000000e-04    3.5391769735e-02   -1.0937500000e-02    1.7187500000e-02    0.0000000000e+00    1.0000000000e-04    3.5430733475e-02    1.0000000000e+30    0.0000000000e+00    1.0000000000e+30    0.0000000000e+00    1.0000000000e+30    0.0000000000e+00
  98.4600000    3.6727060230e-02    1.1718750000e-02   -1.1718750000e-02    0.0000000000e+00    1.0000000000e-04    3.5428964066e-02   -1.0937500000e-02    1.7187500000e-02    0.0000000000e+00    1.0000000000e-04    3.5468327225e-02    1.0000000000e+30    0.0000000000e+00    1.0000000000e+30    0.0000000000e+00    1.0000000000e+30    0.0000000000e+00
  98.5100000    3.6727060230e-02    1.1718750000e-02   -1.1718750000e-02    0.0000000000e+00    1.0000000000e-04    3.5466676190e-02   -1.0937500000e-02    1.7187500000e-02    0.0000000000e+00    1.0000000000e-04    3.5506364314e-02    1.0000000000e+30    0.0000000000e+00    1.0000000000e+30    0.0000000000e+00    1.0000000000e+30    0.0000000000e+00
  98.5600000    3.6727060230e-02    1.1718750000e-02   -1.1718750000e-02    0.0000000000e+00    1.0000000000e-04    3.5504901235e-02   -1.0937500000e-02    1.7187500000e-02    0.0000000000e+00    1.0000000000e-04    3.5544835945e-02    1.0000000000e+30    0.0000000000e+00    1.0000000000e+30    0.0000000000e+00    1.0000000000e+30    0.0000000000e+00
  98.6100000    3.6727060230e-02    1.1718750000e-02   -1.1718750000e-02    0.0000000000e+00    1.0000000000e-04    3.5543638035e-02   -1.0937500000e-02    1.7187500000e-02    0.0000000000e+00    1.0000000000e-04    3.5583731752e-02    1.0000000000e+30    0.0000000000e+00    1.0000000000e+30    0.0000000000e+00    1.0000000000e+30    0.0000000000e+00
  98.6600000    3.6727060230e-02    1.1718750000e-02   -1.1718750000e-02    0.0000000000e+00    1.0000000000e-04    3.5582889073e-02   -1.0937500000e-02    1.7187500000e-02    0.0000000000e+00    1.0000000000e-04    3.5623043361e-02    1.0000000000e+30    0.0000000000e+00    1.0000000000e+30    0.0000000000e+00    1.0000000000e+30    0.0000000000e+00
  98.7100000    3.6727060230e-02    1.1718750000e-02   -1.1718750000e-02    0.0000000000e+00    1.0000000000e-04    3.5622658837e-02   -1.0937500000e-02    1.7187500000e-02    0.0000000000e+00    1.0000000000e-04    3.5662767204e-02    1.0000000000e+30    0.0000000000e+00    1.0000000000e+30    0.0000000000e+00    1.0000000000e+30    0.0000000000e+00
  98.7600000    3.6727060230e-02    1.1718750000e-02   -1.1718750000e-02    0.0000000000e+00    1.0000000000e-04    3.5662951167e-02   -1.0937500000e-02    1.7187500000e-02    0.0000000000e+00    1.0000000000e-04    3.5702905466e-02    1.0000000000e+30    0.0000000000e+00    1.0000000000e+30    0.0000000000e+00    1.0000000000e+30    0.0000000000e+00
  98.8100000    3.6727060230e-02    1.1718750000e-02   -1.1718750000e-02    0.0000000000e+00    1.0000000000e-04    3.5703766650e-02   -1.0937500000e-02    1.7187500000e-02    0.0000000000e+00    1.0000000000e-04    3.5743464793e-02    1.0000000000e+30    0.0000000000e+00    1.0000000000e+30    0.0000000000e+00    1.0000000000e+30    0.0000000000e+00
  98.8600000    3.6727060230e-02    1.1718750000e-02   -1.1718750000e-02    0.0000000000e+00    1.0000000000e-04    3.5745101242e-02   -1.0937500000e-02    1.7187500000e-02    0.0000000000e+00    1.0000000000e-04    3.5784453368e-02    1.0000000000e+30    0.0000000000e+00    1.0000000000e+30    0.0000000000e+00    1.0000000000e+30    0.0000000000e+00
  98.9100000    3.6727060230e-02    1.1718750000e-02   -1.1718750000e-02    0.0000000000e+00    1.0000000000e-04    3.5786946753e-02   -1.0937500000e-02    1.7187500000e-02    0.0000000000e+00    1.0000000000e-04    3.5825877583e-02    1.0000000000e+30    0.0000000000e+00    1.0000000000e+30    0.0000000000e+00    1.0000000000e+30    0.0000000000e+00
  98.9600000    3.6727060230e-02    1.1718750000e-02   -1.1718750000e-02    0.0000000000e+00    1.0000000000e-04    3.5829292924e-02   -1.0937500000e-02    1.7187500000e-02    0.0000000000e+00    1.0000000000e-04    3.5867739578e-02    1.0000000000e+30    0.0000000000e+00    1.0000000000e+30    0.0000000000e+00    1.0000000000e+30    0.0000000000e+00
  99.0100000    3.6727060230e-02    1.1718750000e-02   -1.1718750000e-02    0.0000000000e+00    1.0000000000e-04    3.5872130101e-02   -1.0937500000e-02    1.7187500000e-02    0.0000000000e+00    1.0000000000e-04    3.5910036401e-02    1.0000000000e+30    0.0000000000e+00    1.0000000000e+30    0.0000000000e+00    1.0000000000e+30    0.0000000000e+00
  99.0600000    3.6727060230e-02    1.1718750000e-02   -1.1718750000e-02    0.0000000000e+00    1.0000000000e-04    3.5915451295e-02   -1.0937500000e-02    1.7187500000e-02    0.0000000000e+00    1.0000000000e-04    3.5952760857e-02    1.0000000000e+30    0.0000000000e+00    1.0000000000e+30    0.0000000000e+00    1.0000000000e+30    0.0000000000e+00
  99.1100000    3.6727060230e-02    1.1718750000e-02   -1.1718750000e-02    0.0000000000e+00    1.0000000000e-04    3.5959252800e-02   -1.0937500000e-02    1.7187500000e-02    0.0000000000e+00    1.0000000000e-04    3.5995903624e-02    1.0000000000e+30    0.0000000000e+00    1.0000000000e+30    0.0000000000e+00    1.0000000000e+30    0.0000000000e+00
  99.1600000    3.6727060230e-02    1.1718750000e-02   -1.1718750000e-02    0.0000000000e+00    1.0000000000e-04    3.6003533195e-02   -1.0937500000e-02    1.7187500000e-02    0.0000000000e+00    1.0000000000e-04    3.6039455911e-02    1.0000000000e+30    0.0000000000e+00    1.0000000000e+30    0.0000000000e+00    1.0000000000e+30    0.0000000000e+00
  99.2100000    3.6727060230e-02    1.1718750000e-02   -1.1718750000e-02    0.0000000000e+00    1.0000000000e-04    3.6048291299e-02   -1.0937500000e-02    1.7187500000e-02    0.0000000000e+00    1.0000000000e-04    3.6083411908e-02    1.0000000000e+30    0.0000000000e+00    1.0000000000e+30    0.0000000000e+00    1.0000000000e+30    0.0000000000e+00
  99.2600000    3.6727060230e-02    1.1718750000e-02   -1.1718750000e-02    0.0000000000e+00    1.0000000000e-04    3.6093524053e-02   -1.0937500000e-02    1.7187500000e-02    0.0000000000e+00    1.0000000000e-04    3.6127770255e-02    1.0000000000e+30    0.0000000000e+00    1.0000000000e+30    0.0000000000e+00    1.0000000000e+30    0.0000000000e+00
  99.3100000    4.0745015033e-02    1.0937500000e-02   -1.7187500000e-02    0.0000000000e+00    1.0000000000e-04    3.6139225338e-02   -1.0937500000e-02    1.7187500000e-02    0.0000000000e+00    1.0000000000e-04    3.6172534014e-02    1.0000000000e+30    0.0000000000e+00    1.0000000000e+30    0.0000000000e+00    1.0000000000e+30    0.0000000000e+00
  99.3600000    4.0745015033e-02    1.0937500000e-02   -1.7187500000e-02    0.0000000000e+00    1.0000000000e-04    3.6185386271e-02   -1.0937500000e-02    1.7187500000e-02    0.0000000000e+00    1.0000000000e-04    3.6217709074e-02    1.0000000000e+30    0.0000000000e+00    1.0000000000e+30    0.0000000000e+00    1.0000000000e+30    0.0000000000e+00
  99.4100000    4.0745015033e-02    1.0937500000e-02   -1.7187500000e-02    0.0000000000e+00    1.0000000000e-04    3.6231996842e-02   -1.0937500000e-02    1.7187500000e-02    0.0000000000e+00    1.0000000000e-04    3.6263301520e-02    1.0000000000e+30    0.0000000000e+00    1.0000000000e+30    0.0000000000e+00    1.0000000000e+30    0.0000000000e+00
  99.4600000    4.0745015033e-02    1.0937500000e-02   -1.7187500000e-02    0.0000000000e+00    1.0000000000e-04    3.6279048091e-02   -1.0937500000e-02    1.7187500000e-02    0.0000000000e+00    1.0000000000e-04    3.6309314930e-02    1.0000000000e+30    0.0000000000e+00    1.0000000000e+30    0.0000000000e+00    1.0000000000e+30    0.0000000000e+00
  99.5100000    4.0745015033e-02    1.0937500000e-02   -1.7187500000e-02    0.0000000000e+00    1.0000000000e-04    3.6326533623e-02   -1.0937500000e-02    1.7187500000e-02    0.0000000000e+00    1.0000000000e-04    3.6355748858e-02    1.0000000000e+30    0.0000000000e+00    1.0000000000e+30    0.0000000000e+00    1.0000000000e+30    0.0000000000e+00
  99.5600000    4.0745015033e-02    1.0937500000e-02   -1.7187500000e-02    0.0000000000e+00    1.0000000000e-04    3.6374449936e-02   -1.0937500000e-02    1.7187500000e-02    0.0000000000e+00    1.0000000000e-04    3.6402598627e-02    1.0000000000e+30    0.0000000000e+00    1.0000000000e+30    0.0000000000e+00    1.0000000000e+30    0.0000000000e+00
  99.6100000    4.0745015033e-02    1.0937500000e-02   -1.7187500000e-02    0.0000000000e+00    1.0000000000e-04    3.6422795310e-02   -1.0937500000e-02    1.7187500000e-02    0.0000000000e+00    1.0000000000e-04    3.6449856755e-02    1.0000000000e+30    0.0000000000e+00    1.0000000000e+30    0.0000000000e+00    1.0000000000e+30    0.0000000000e+00
  99.6600000    4.0745015033e-02    1.0937500000e-02   -1.7187500000e-02    0.0000000000e+00    1.0000000000e-04    3.6471567817e-02   -1.0937500000e-02    1.7187500000e-02    0.0000000000e+00    1.0000000000e-04    3.6497515512e-02    1.0000000000e+30    0.0000000000e+00    1.0000000000e+30    0.0000000000e+00    1.0000000000e+30    0.0000000000e+00
  99.7100000    4.0745015033e-02    1.0937500000e-02   -1.7187500000e-02    0.0000000000e+00    1.0000000000e-04    3.6520763391e-02   -1.0937500000e-02    1.7187500000e-02    0.0000000000e+00    1.0000000000e-04    3.6545569568e-02    1.0000000000e+30    0.0000000000e+00    1.0000000000e+30    0.0000000000e+00    1.0000000000e+30    0.0000000000e+00
  99.7600000    4.0745015033e-02    1.0937500000e-02   -1.7187500000e-02    0.0000000000e+00    1.0000000000e-04    3.6570374684e-02   -1.0937500000e-02    1.7187500000e-02    0.0000000000e+00    1.0000000000e-04    3.6594017537e-02    1.0000000000e+30    0.0000000000e+00    1.0000000000e+30    0.0000000000e+00    1.0000000000e+30    0.0000000000e+00
  99.8100000    4.0745015033e-02    1.0937500000e-02   -1.7187500000e-02    0.0000000000e+00    1.0000000000e-04    3.6620391036e-02   -1.0937500000e-02    1.7187500000e-02    0.0000000000e+00    1.0000000000e-04    3.6642861585e-02    1.0000000000e+30    0.0000000000e+00    1.0000000000e+30    0.0000000000e+00    1.0000000000e+30    0.0000000000e+00
  99.8600000    4.0745015033e-02    1.0937500000e-02   -1.7187500000e-02    0.0000000000e+00    1.0000000000e-04    3.6670799557e-02   -1.0937500000e-02    1.7187500000e-02    0.0000000000e+00    1.0000000000e-04    3.6692105125e-02    1.0000000000e+30    0.0000000000e+00    1.0000000000e+30    0.0000000000e+00    1.0000000000e+30    0.0000000000e+00
  99.9100000    4.0745015033e-02    1.0937500000e-02   -1.7187500000e-02    0.0000000000e+00    1.0000000000e-04    3.6721586991e-02   -1.0937500000e-02    1.7187500000e-02    0.0000000000e+00    1.0000000000e-04    3.6741749660e-02    1.0000000000e+30    0.0000000000e+00    1.0000000000e+30    0.0000000000e+00    1.0000000000e+30    0.0000000000e+00
  99.9600000    4.0745015033e-02    1.0937500000e-02   -1.7187500000e-02    0.0000000000e+00    1.0000000000e-04    3.6772741799e-02   -1.0937500000e-02    1.7187500000e-02    0.0000000000e+00    1.0000000000e-04    3.6791792302e-02    1.0000000000e+30    0.0000000000e+00    1.0000000000e+30    0.0000000000e+00    1.0000000000e+30    0.0000000000e+00
 100.0100000    4.0745015033e-02    1.0937500000e-02   -1.7187500000e-02    0.0000000000e+00    1.0000000000e-04    3.6824255717e-02   -1.0937500000e-02    1.7187500000e-02    0.0000000000e+00    1.0000000000e-04    3.6842225143e-02    1.0000000000e+30    0.0000000000e+00    1.0000000000e+30    0.0000000000e+00    1.0000000000e+30    0.0000000000e+00
 100.0600000    4.0745015033e-02    1.0937500000e-02   -1.7187500000e-02    0.0000000000e+00    1.0000000000e-04    3.6876124163e-02   -1.0937500000e-02    1.7187500000e-02    0.0000000000e+00    1.0000000000e-04    3.6893036854e-02    1.0000000000e+30    0.0000000000e+00    1.0000000000e+30    0.0000000000e+00    1.0000000000e+30    0.0000000000e+00
 100.1100000    4.0745015033e-02    1.0937500000e-02   -1.7187500000e-02    0.0000000000e+00    1.0000000000e-04    3.6928345387e-02   -1.0937500000e-02    1.7187500000e-02    0.0000000000e+00    1.0000000000e-04    3.6944215931e-02    1.0000000000e+30    0.0000000000e+00    1.0000000000e+30    0.0000000000e+00    1.0000000000e+30    0.0000000000e+00
 100.1600000    4.0745015033e-02    1.0937500000e-02   -1.7187500000e-02    0.0000000000e+00    1.0000000000e-04    3.6980918723e-02   -1.0937500000e-02    1.7187500000e-02    0.0000000000e+00    1.0000000000e-04    3.6995754327e-02    1.0000000000e+30    0.0000000000e+00    1.0000000000e+30    0.0000000000e+00    1.0000000000e+30    0.0000000000e+00
 100.2100000    4.0745015033e-02    1.0937500000e-02   -1.7187500000e-02    0.0000000000e+00    1.0000000000e-04    3.7033842580e-02   -1.0937500000e-02    1.7187500000e-02    0.0000000000e+00    1.0000000000e-04    3.7047649921e-02    1.0000000000e+30    0.0000000000e+00    1.0000000000e+30    0.0000000000e+00    1.0000000000e+30    0.0000000000e+00
 100.2600000    4.0745015033e-02    1.0937500000e-02   -1.7187500000e-02    0.0000000000e+00    1.0000000000e-04    3.7087112803e-02   -1.0937500000e-02    1.7187500000e-02    0.0000000000e+00    1.0000000000e-04    3.7099906645e-02    1.0000000000e+30    0.0000000000e+00    1.0000000000e+30    0.0000000000e+00    1.0000000000e+30    0.0000000000e+00
 100.3100000    4.0745015033e-02    1.0937500000e-02   -1.7187500000e-02    0.0000000000e+00    1.0000000000e-04    3.7140721821e-02   -1.0937500000e-02    1.7187500000e-02    0.0000000000e+00    1.0000000000e-04    3.7152531952e-02    1.0000000000e+30    0.0000000000e+00    1.0000000000e+30    0.0000000000e+00    1.0000000000e+30    0.0000000000e+00
 100.3600000    4.0745015033e-02    1.0937500000e-02   -1.7187500000e-02    0.0000000000e+00    1.0000000000e-04    3.7194658795e-02   -1.0937500000e-02    1.7187500000e-02    0.0000000000e+00    1.0000000000e-04    3.7205532426e-02    1.0000000000e+30    0.0000000000e+00    1.0000000000e+30    0.0000000000e+00    1.0000000000e+30    0.0000000000e+00
 100.4100000    4.0745015033e-02    1.0937500000e-02   -1.7187500000e-02    0.0000000000e+00    1.0000000000e-04    3.7248910715e-02   -1.0937500000e-02    1.7187500000e-02    0.0000000000e+00    1.0000000000e-04    3.7258909222e-02    1.0000000000e+30    0.0000000000e+00    1.0000000000e+30    0.0000000000e+00    1.0000000000e+30    0.0000000000e+00
 100.4600000    4.0745015033e-02    1.0937500000e-02   -1.7187500000e-02    0.0000000000e+00    1.0000000000e-04    3.7303464127e-02   -1.0937500000e-02    1.7187500000e-02    0.0000000000e+00    1.0000000000e-04    3.7312655239e-02    1.0000000000e+30    0.0000000000e+00    1.0000000000e+30    0.0000000000e+00    1.0000000000e+30    0.0000000000e+00
 100.5100000    4.0745015033e-02    1.0937500000e-02   -1.7187500000e-02    0.0000000000e+00    1.0000000000e-04    3.7358307025e-02   -1.0937500000e-02    1.7187500000e-02    0.0000000000e+00    1.0000000000e-04    3.7366755322e-02    1.0000000000e+30    0.0000000000e+00    1.0000000000e+30    0.0000000000e+00    1.0000000000e+30    0.0000000000e+00
 100.5600000    4.0745015033e-02    1.0937500000e-02   -1.7187500000e-02    0.0000000000e+00    1.0000000000e-04    3.7413430328e-02   -1.0937500000e-02    1.7187500000e-02    0.0000000000e+00    1.0000000000e-04    3.7421189575e-02    1.0000000000e+30    0.0000000000e+00    1.0000000000e+30    0.0000000000e+00    1.0000000000e+30    0.0000000000e+00
 100.6100000    4.0745015033e-02    1.0937500000e-02   -1.7187500000e-02    0.0000000000e+00    1.0000000000e-04    3.7468828452e-02   -1.0937500000e-02    1.7187500000e-02    0.0000000000e+00    1.0000000000e-04    3.7475938582e-02    1.0000000000e+30    0.0000000000e+00    1.0000000000e+30    0.0000000000e+00    1.0000000000e+30    0.0000000000e+00
 100.6600000    4.0745015033e-02    1.0937500000e-02   -1.7187500000e-02    0.0000000000e+00    1.0000000000e-04    3.7524498774e-02   -1.0937500000e-02    1.7187500000e-02    0.0000000000e+00    1.0000000000e-04    3.7530988539e-02    1.0000000000e+30    0.0000000000e+00    1.0000000000e+30    0.0000000000e+00    1.0000000000e+30    0.0000000000e+00
 100.7100000    4.0745015033e-02    1.0937500000e-02   -1.7187500000e-02    0.0000000000e+00    1.0000000000e-04    3.7580440175e-02   -1.0937500000e-02    1.7187500000e-02    0.0000000000e+00    1.0000000000e-04    3.7586334422e-02    1.0000000000e+30    0.0000000000e+00    1.0000000000e+30    0.0000000000e+00    1.0000000000e+30    0.0000000000e+00
 100.7600000    4.0745015033e-02    1.0937500000e-02   -1.7187500000e-02    0.0000000000e+00    1.0000000000e-04    3.7636651144e-02   -1.0937500000e-02    1.7187500000e-02    0.0000000000e+00    1.0000000000e-04    3.7641980040e-02    1.0000000000e+30    0.0000000000e+00    1.0000000000e+30    0.0000000000e+00    1.0000000000e+30    0.0000000000e+00
 100.8100000    4.0745015033e-02    1.0937500000e-02   -1.7187500000e-02    0.0000000000e+00    1.0000000000e-04    3.7693128021e-02   -1.0937500000e-02    1.7187500000e-02    0.0000000000e+00    1.0000000000e-04    3.7697934839e-02    1.0000000000e+30    0.0000000000e+00    1.0000000000e+30    0.0000000000e+00    1.0000000000e+30    0.0000000000e+00
 100.8600000    4.0745015033e-02    1.0937500000e-02   -1.7187500000e-02    0.0000000000e+00    1.0000000000e-04    3.7749863836e-02   -1.0937500000e-02    1.7187500000e-02    0.0000000000e+00    1.0000000000e-04    3.7754208332e-02    1.0000000000e+30    0.0000000000e+00    1.0000000000e+30    0.0000000000e+00    1.0000000000e+30    0.0000000000e+00
 100.9100000    4.0745015033e-02    1.0937500000e-02   -1.7187500000e-02    0.0000000000e+00    1.0000000000e-04    3.7806848098e-02   -1.0937500000e-02    1.7187500000e-02    0.0000000000e+00    1.0000000000e-04    3.7810804044e-02    1.0000000000e+30    0.0000000000e+00    1.0000000000e+30    0.0000000000e+00    1.0000000000e+30    0.0000000000e+00
 100.9600000    4.0745015033e-02    1.0937500000e-02   -1.7187500000e-02    0.0000000000e+00    1.0000000000e-04    3.7864067807e-02   -1.0937500000e-02    1.7187500000e-02    0.0000000000e+00    1.0000000000e-04    3.7867715386e-02    1.0000000000e+30    0.0000000000e+00    1.0000000000e+30    0.0000000000e+00    1.0000000000e+30    0.0000000000e+00
 101.0100000    4.0745015033e-02    1.0937500000e-02   -1.7187500000e-02    0.0000000000e+00    1.0000000000e-04    3.7921509603e-02   -1.0937500000e-02    1.7187500000e-02    0.0000000000e+00    1.0000000000e-04    3.7924925505e-02    1.0000000000e+30    0.0000000000e+00    1.0000000000e+30    0.0000000000e+00    1.0000000000e+30    0.0000000000e+00
 101.0600000    4.0745015033e-02    1.0937500000e-02   -1.7187500000e-02    0.0000000000e+00    1.0000000000e-04    3.7979162369e-02   -1.0937500000e-02    1.7187500000e-02    0.0000000000e+00    1.0000000000e-04    3.7982411436e-02    1.0000000000e+30    0.0000000000e+00    1.0000000000e+30    0.0000000000e+00    1.0000000000e+30    0.0000000000e+00
 101.1100000    4.0745015033e-02    1.0937500000e-02   -1.7187500000e-02    0.0000000000e+00    1.0000000000e-04    3.8037019051e-02   -1.0937500000e-02    1.7187500000e-02    0.0000000000e+00    1.0000000000e-04    3.8040150736e-02    1.0000000000e+30    0.0000000000e+00    1.0000000000e+30    0.0000000000e+00    1.0000000000e+30    0.0000000000e+00
 101.1600000    4.0745015033e-02    1.0937500000e-02   -1.7187500000e-02    0.0000000000e+00    1.0000000000e-04    3.8095076604e-02   -1.0937500000e-02    1.7187500000e-02    0.0000000000e+00    1.0000000000e-04    3.8098127570e-02    1.0000000000e+30    0.0000000000e+00    1.0000000000e+30    0.0000000000e+00    1.0000000000e+30    0.0000000000e+00
 101.2100000    4.0745015033e-02    1.0937500000e-02   -1.7187500000e-02    0.0000000000e+00    1.0000000000e-04    3.8153334023e-02   -1.0937500000e-02    1.7187500000e-02    0.0000000000e+00    1.0000000000e-04    3.8156335687e-02    1.0000000000e+30    0.0000000000e+00    1.0000000000e+30    0.0000000000e+00    1.0000000000e+30    0.0000000000e+00
 101.2600000    4.0745015033e-02    1.0937500000e-02   -1.7187500000e-02    0.0000000000e+00    1.0000000000e-04    3.8211789466e-02   -1.0937500000e-02    1.7187500000e-02    0.0000000000e+00    1.0000000000e-04    3.8214777445e-02    1.0000000000e+30    0.0000000000e+00    1.0000000000e+30    0.0000000000e+00    1.0000000000e+30    0.0000000000e+00
 101.3100000    4.0745015033e-02    1.0937500000e-02   -1.7187500000e-02    0.0000000000e+00    1.0000000000e-04    3.8270438012e-02   -1.0937500000e-02    1.7187500000e-02    0.0000000000e+00    1.0000000000e-04    3.8273459643e-02    1.0000000000e+30    0.0000000000e+00    1.0000000000e+30    0.0000000000e+00    1.0000000000e+30    0.0000000000e+00
 101.3600000    4.0745015033e-02    1.0937500000e-02   -1.7187500000e-02    0.0000000000e+00    1.0000000000e-04    3.8329271035e-02   -1.0937500000e-02    1.7187500000e-02    0.0000000000e+00    1.0000000000e-04    3.8332387881e-02    1.0000000000e+30    0.0000000000e+00    1.0000000000e+30    0.0000000000e+00    1.0000000000e+30    0.0000000000e+00
 101.4100000    4.0745015033e-02    1.0937500000e-02   -1.7187500000e-02    0.0000000000e+00    1.0000000000e-04    3.8388277254e-02   -1.0937500000e-02    1.7187500000e-02    0.0000000000e+00    1.0000000000e-04    3.8391561331e-02    1.0000000000e+30    0.0000000000e+00    1.0000000000e+30    0.0000000000e+00    1.0000000000e+30    0.0000000000e+00
 101.4600000    4.0745015033e-02    1.0937500000e-02   -1.7187500000e-02    0.0000000000e+00    1.0000000000e-04    3.8447444791e-02   -1.0937500000e-02    1.7187500000e-02    0.0000000000e+00    1.0000000000e-04    3.8450969795e-02    1.0000000000e+30    0.0000000000e+00    1.0000000000e+30    0.0000000000e+00    1.0000000000e+30    0.0000000000e+00
 101.5100000    4.0745015033e-02    1.0937500000e-02   -1.7187500000e-02    0.0000000000e+00    1.0000000000e-04    3.8506763361e-02   -1.0937500000e-02    1.7187500000e-02    0.0000000000e+00    1.0000000000e-04    3.8510594370e-02    1.0000000000e+30    0.0000000000e+00    1.0000000000e+30    0.0000000000e+00    1.0000000000e+30    0.0000000000e+00
 101.5600000    4.0745015033e-02    1.0937500000e-02   -1.7187500000e-02    0.0000000000e+00    1.0000000000e-04    3.8566225858e-02   -1.0937500000e-02    1.7187500000e-02    0.0000000000e+00    1.0000000000e-04    3.8570411927e-02    1.0000000000e+30    0.0000000000e+00    1.0000000000e+30    0.0000000000e+00    1.0000000000e+30    0.0000000000e+00
 101.6100000    4.0745015033e-02    1.0937500000e-02   -1.7187500000e-02    0.0000000000e+00    1.0000000000e-04    3.8625828737e-02   -1.0937500000e-02    1.7187500000e-02    0.0000000000e+00    1.0000000000e-04    3.8630401803e-02    1.0000000000e+30    0.0000000000e+00    1.0000000000e+30    0.0000000000e+00    1.0000000000e+30    0.0000000000e+00
 101.6600000    4.0745015033e-02    1.0937500000e-02   -1.7187500000e-02    0.0000000000e+00    1.0000000000e-04    3.8685570855e-02   -1.0937500000e-02    1.7187500000e-02    0.0000000000e+00    1.0000000000e-04    3.8690551785e-02    1.0000000000e+30    0.0000000000e+00    1.0000000000e+30    0.0000000000e+00    1.0000000000e+30    0.0000000000e+00
 101.7100000    4.0745015033e-02    1.0937500000e-02   -1.7187500000e-02    0.0000000000e+00    1.0000000000e-04    3.8745451058e-02   -1.0937500000e-02    1.7187500000e-02    0.0000000000e+00    1.0000000000e-04    3.8750860446e-02    1.0000000000e+30    0.0000000000e+00    1.0000000000e+30    0.0000000000e+00    1.0000000000e+30    0.0000000000e+00
 101.7600000    4.0745015033e-02    1.0937500000e-02   -1.7187500000e-02    0.0000000000e+00    1.0000000000e-04    3.8805465463e-02   -1.0937500000e-02    1.7187500000e-02    0.0000000000e+00    1.0000000000e-04    3.8811334538e-02    1.0000000000e+30    0.0000000000e+00    1.0000000000e+30    0.0000000000e+00    1.0000000000e+30    0.0000000000e+00
 101.8100000    4.0745015033e-02    1.0937500000e-02   -1.7187500000e-02    0.0000000000e+00    1.0000000000e-04    3.8865605767e-02   -1.0937500000e-02    1.7187500000e-02    0.0000000000e+00    1.0000000000e-04    3.8871982431e-02    1.0000000000e+30    0.0000000000e+00    1.0000000000e+30    0.0000000000e+00    1.0000000000e+30    0.0000000000e+00
 101.8600000    4.0745015033e-02    1.0937500000e-02   -1.7187500000e-02    0.0000000000e+00    1.0000000000e-04    3.8925859497e-02   -1.0937500000e-02    1.7187500000e-02    0.0000000000e+00    1.0000000000e-04    3.8932806466e-02    1.0000000000e+30    0.0000000000e+00    1.0000000000e+30    0.0000000000e+00    1.0000000000e+30    0.0000000000e+00
 101.9100000    4.0745015033e-02    1.0937500000e-02   -1.7187500000e-02    0.0000000000e+00    1.0000000000e-04    3.8986212203e-02   -1.0937500000e-02    1.7187500000e-02    0.0000000000e+00    1.0000000000e-04    3.8993797583e-02    1.0000000000e+30    0.0000000000e+00    1.0000000000e+30    0.0000000000e+00    1.0000000000e+30    0.0000000000e+00
 101.9600000    4.0745015033e-02    1.0937500000e-02   -1.7187500000e-02    0.0000000000e+00    1.0000000000e-04    3.9046650590e-02   -1.0937500000e-02    1.7187500000e-02    0.0000000000e+00    1.0000000000e-04    3.9054934618e-02    1.0000000000e+30    0.0000000000e+00    1.0000000000e+30    0.0000000000e+00    1.0000000000e+30    0.0000000000e+00
 102.0100000    4.0745015033e-02    1.0937500000e-02   -1.7187500000e-02    0.0000000000e+00    1.0000000000e-04    3.9107165159e-02   -1.0937500000e-02    1.7187500000e-02    0.0000000000e+00    1.0000000000e-04    3.9116188718e-02    1.0000000000e+30    0.0000000000e+00    1.0000000000e+30    0.0000000000e+00    1.0000000000e+30    0.0000000000e+00
 102.0600000    4.0745015033e-02    1.0937500000e-02   -1.7187500000e-02    0.0000000000e+00    1.0000000000e-04    3.9167751309e-02   -1.0937500000e-02    1.7187500000e-02    0.0000000000e+00    1.0000000000e-04    3.9177531349e-02    1.0000000000e+30    0.0000000000e+00    1.0000000000e+30    0.0000000000e+00    1.0000000000e+30    0.0000000000e+00
 102.1100000    4.0745015033e-02    1.0937500000e-02   -1.7187500000e-02    0.0000000000e+00    1.0000000000e-04    3.9228408603e-02   -1.0937500000e-02    1.7187500000e-02    0.0000000000e+00    1.0000000000e-04    3.9238942891e-02    1.0000000000e+30    0.0000000000e+00    1.0000000000e+30    0.0000000000e+00    1.0000000000e+30    0.0000000000e+00
 102.1600000    4.0745015033e-02    1.0937500000e-02   -1.7187500000e-02    0.0000000000e+00    1.0000000000e-04    3.9289138587e-02   -1.0937500000e-02    1.7187500000e-02    0.0000000000e+00    1.0000000000e-04    3.9300418312e-02    1.0000000000e+30    0.0000000000e+00    1.0000000000e+30    0.0000000000e+00    1.0000000000e+30    0.0000000000e+00
 102.2100000    4.0745015033e-02    1.0937500000e-02   -1.7187500000e-02    0.0000000000e+00    1.0000000000e-04    3.9349941944e-02   -1.0937500000e-02    1.7187500000e-02    0.0000000000e+00    1.0000000000e-04    3.9361967180e-02    1.0000000000e+30    0.0000000000e+00    1.0000000000e+30    0.0000000000e+00    1.0000000000e+30    0.0000000000e+00
 102.2600000    4.0745015033e-02    1.0937500000e-02   -1.7187500000e-02    0.0000000000e+00    1.0000000000e-04    3.9410815964e-02   -1.0937500000e-02    1.7187500000e-02    0.0000000000e+00    1.0000000000e-04    3.9423607415e-02    1.0000000000e+30    0.0000000000e+00    1.0000000000e+30    0.0000000000e+00    1.0000000000e+30    0.0000000000e+00
 102.3100000    4.0745015033e-02    1.0937500000e-02   -1.7187500000e-02    0.0000000000e+00    1.0000000000e-04    3.9471753312e-02   -1.0937500000e-02    1.7187500000e-02    0.0000000000e+00    1.0000000000e-04    3.9485354930e-02    1.0000000000e+30    0.0000000000e+00    1.0000000000e+30    0.0000000000e+00    1.0000000000e+30    0.0000000000e+00
 102.3600000    4.0745015033e-02    1.0937500000e-02   -1.7187500000e-02    0.0000000000e+00    1.0000000000e-04    3.9532742509e-02   -1.0937500000e-02    1.7187500000e-02    0.0000000000e+00    1.0000000000e-04    3.9547213374e-02    1.0000000000e+30    0.0000000000e+00    1.0000000000e+30    0.0000000000e+00    1.0000000000e+30    0.0000000000e+00
 102.4100000    4.0745015033e-02    1.0937500000e-02   -1.7187500000e-02    0.0000000000e+00    1.0000000000e-04    3.9593769800e-02   -1.0937500000e-02    1.7187500000e-02    0.0000000000e+00    1.0000000000e-04    3.9609168369e-02    1.0000000000e+30    0.0000000000e+00    1.0000000000e+30    0.0000000000e+00    1.0000000000e+30    0.0000000000e+00
 102.4600000    4.0745015033e-02    1.0937500000e-02   -1.7187500000e-02    0.0000000000e+00    1.0000000000e-04    3.9654821481e-02   -1.0937500000e-02    1.7187500000e-02    0.0000000000e+00    1.0000000000e-04    3.9671188886e-02    1.0000000000e+30    0.0000000000e+00    1.0000000000e+30    0.0000000000e+00    1.0000000000e+30    0.0000000000e+00
 102.5100000    4.0745015033e-02    1.0937500000e-02   -1.7187500000e-02    0.0000000000e+00    1.0000000000e-04    3.9715885864e-02   -1.0937500000e-02    1.7187500000e-02    0.0000000000e+00    1.0000000000e-04    3.9733235501e-02    1.0000000000e+30    0.0000000000e+00    1.0000000000e+30    0.0000000000e+00    1.0000000000e+30    0.0000000000e+00
 102.5600000    3.4899719933e-02    1.0937500000e-02   -1.7187500000e-02    0.0000000000e+00    1.0000000000e-04    3.9776954442e-02   -1.0416666667e-02    1.0416666667e-02    0.0000000000e+00    1.0000000000e-04    3.9795272431e-02    1.0000000000e+30    0.0000000000e+00    1.0000000000e+30    0.0000000000e+00    1.0000000000e+30    0.0000000000e+00
 102.6100000    3.4899719933e-02    1.0937500000e-02   -1.7187500000e-02    0.0000000000e+00    1.0000000000e-04    3.9838022197e-02   -1.0416666667e-02    1.0416666667e-02    0.0000000000e+00    1.0000000000e-04    3.9857278525e-02    1.0000000000e+30    0.0000000000e+00    1.0000000000e+30    0.0000000000e+00    1.0000000000e+30    0.0000000000e+00
 102.6600000    3.4899719933e-02    1.0937500000e-02   -1.7187500000e-02    0.0000000000e+00    1.0000000000e-04    3.9899087070e-02   -1.0416666667e-02    1.0416666667e-02    0.0000000000e+00    1.0000000000e-04    3.9919252643e-02    1.0000000000e+30    0.0000000000e+00    1.0000000000e+30    0.0000000000e+00    1.0000000000e+30    0.0000000000e+00
 102.7100000    3.4899719933e-02    1.0937500000e-02   -1.7187500000e-02    0.0000000000e+00    1.0000000000e-04    3.9960148693e-02   -1.0416666667e-02    1.0416666667e-02    0.0000000000e+00    1.0000000000e-04    3.9981211333e-02    1.0000000000e+30    0.0000000000e+00    1.0000000000e+30    0.0000000000e+00    1.0000000000e+30    0.0000000000e+00
 102.7600000    3.4899719933e-02    1.0937500000e-02   -1.7187500000e-02    0.0000000000e+00    1.0000000000e-04    4.0021206721e-02   -1.0416666667e-02    1.0416666667e-02    0.0000000000e+00    1.0000000000e-04    4.0043179317e-02    1.0000000000e+30    0.0000000000e+00    1.0000000000e+30    0.0000000000e+00    1.0000000000e+30    0.0000000000e+00
 102.8100000    3.4899719933e-02    1.0937500000e-02   -1.7187500000e-02    0.0000000000e+00    1.0000000000e-04    4.0082259245e-02   -1.0416666667e-02    1.0416666667e-02    0.0000000000e+00    1.0000000000e-04    4.0105176703e-02    1.0000000000e+30    0.0000000000e+00    1.0000000000e+30    0.0000000000e+00    1.0000000000e+30    0.0000000000e+00
 102.8600000    3.4899719933e-02    1.0937500000e-02   -1.7187500000e-02    0.0000000000e+00    1.0000000000e-04    4.0143301564e-02   -1.0416666667e-02    1.0416666667e-02    0.0000000000e+00    1.0000000000e-04    4.0167208093e-02    1.0000000000e+30    0.0000000000e+00    1.0000000000e+30    0.0000000000e+00    1.0000000000e+30    0.0000000000e+00
 102.9100000    3.4899719933e-02    1.0937500000e-02   -1.7187500000e-02    0.0000000000e+00    1.0000000000e-04    4.0204325570e-02   -1.0416666667e-02    1.0416666667e-02    0.0000000000e+00    1.0000000000e-04    4.0229257950e-02    1.0000000000e+30    0.0000000000e+00    1.0000000000e+30    0.0000000000e+00    1.0000000000e+30    0.0000000000e+00
 102.9600000    3.4899719933e-02    1.0937500000e-02   -1.7187500000e-02    0.0000000000e+00    1.0000000000e-04    4.0265320018e-02   -1.0416666667e-02    1.0416666667e-02    0.0000000000e+00    1.0000000000e-04    4.0291294063e-02    1.0000000000e+30    0.0000000000e+00    1.0000000000e+30    0.0000000000e+00    1.0000000000e+30    0.0000000000e+00
 103.0100000    3.4899719933e-02    1.0937500000e-02   -1.7187500000e-02    0.0000000000e+00    1.0000000000e-04    4.0326271720e-02   -1.0416666667e-02    1.0416666667e-02    0.0000000000e+00    1.0000000000e-04    4.0353277545e-02    1.0000000000e+30    0.0000000000e+00    1.0000000000e+30    0.0000000000e+00    1.0000000000e+30    0.0000000000e+00
 103.0600000    3.4899719933e-02    1.0937500000e-02   -1.7187500000e-02    0.0000000000e+00    1.0000000000e-04    4.0387167533e-02   -1.0416666667e-02    1.0416666667e-02    0.0000000000e+00    1.0000000000e-04    4.0415175072e-02    1.0000000000e+30    0.0000000000e+00    1.0000000000e+30    0.0000000000e+00    1.0000000000e+30    0.0000000000e+00
 103.1100000    3.1787905249e-02    7.8125000000e-03   -1.5625000000e-02    0.0000000000e+00    1.0000000000e-04    4.0447996668e-02   -1.0416666667e-02    1.0416666667e-02    0.0000000000e+00    1.0000000000e-04    4.0476968388e-02    1.0000000000e+30    0.0000000000e+00    1.0000000000e+30    0.0000000000e+00    1.0000000000e+30    0.0000000000e+00
 103.1600000    3.1787905249e-02    7.8125000000e-03   -1.5625000000e-02    0.0000000000e+00    1.0000000000e-04    4.0508752612e-02   -1.0416666667e-02    1.0416666667e-02    0.0000000000e+00    1.0000000000e-04    4.0538657534e-02    1.0000000000e+30    0.0000000000e+00    1.0000000000e+30    0.0000000000e+00    1.0000000000e+30    0.0000000000e+00
 103.2100000    3.1787905249e-02    7.8125000000e-03   -1.5625000000e-02    0.0000000000e+00    1.0000000000e-04    4.0569433812e-02   -1.0416666667e-02    1.0416666667e-02    0.0000000000e+00    1.0000000000e-04    4.0600256947e-02    1.0000000000e+30    0.0000000000e+00    1.0000000000e+30    0.0000000000e+00    1.0000000000e+30    0.0000000000e+00
 103.2600000    3.1787905249e-02    7.8125000000e-03   -1.5625000000e-02    0.0000000000e+00    1.0000000000e-04    4.0630042461e-02   -1.0416666667e-02    1.0416666667e-02    0.0000000000e+00    1.0000000000e-04    4.0661786257e-02    1.0000000000e+30    0.0000000000e+00    1.0000000000e+30    0.0000000000e+00    1.0000000000e+30    0.0000000000e+00
 103.3100000    3.1787905249e-02    7.8125000000e-03   -1.5625000000e-02    0.0000000000e+00    1.0000000000e-04    4.0690581467e-02   -1.0416666667e-02    1.0416666667e-02    0.0000000000e+00    1.0000000000e-04    4.0723259491e-02    1.0000000000e+30    0.0000000000e+00    1.0000000000e+30    0.0000000000e+00    1.0000000000e+30    0.0000000000e+00
 103.3600000    3.1787905249e-02    7.8125000000e-03   -1.5625000000e-02    0.0000000000e+00    1.0000000000e-04    4.0751050833e-02   -1.0416666667e-02    1.0416666667e-02    0.0000000000e+00    1.0000000000e-04    4.0784676996e-02    1.0000000000e+30    0.0000000000e+00    1.0000000000e+30    0.0000000000e+00    1.0000000000e+30    0.0000000000e+00
 103.4100000    3.1787905249e-02    7.8125000000e-03   -1.5625000000e-02    0.0000000000e+00    1.0000000000e-04    4.0811445293e-02   -1.0416666667e-02    1.0416666667e-02    0.0000000000e+00    1.0000000000e-04    4.0846023412e-02    1.0000000000e+30    0.0000000000e+00    1.0000000000e+30    0.0000000000e+00    1.0000000000e+30    0.0000000000e+00
 103.4600000    3.1787905249e-02    7.8125000000e-03   -1.5625000000e-02    0.0000000000e+00    1.0000000000e-04    4.0871754374e-02   -1.0416666667e-02    1.0416666667e-02    0.0000000000e+00    1.0000000000e-04    4.0907272202e-02    1.0000000000e+30    0.0000000000e+00    1.0000000000e+30    0.0000000000e+00    1.0000000000e+30    0.0000000000e+00
 103.5100000    3.1787905249e-02    7.8125000000e-03   -1.5625000000e-02    0.0000000000e+00    1.0000000000e-04    4.0931964449e-02   -1.0416666667e-02    1.0416666667e-02    0.0000000000e+00    1.0000000000e-04    4.0968394089e-02    1.0000000000e+30    0.0000000000e+00    1.0000000000e+30    0.0000000000e+00    1.0000000000e+30    0.0000000000e+00
 103.5600000    3.1787905249e-02    7.8125000000e-03   -1.5625000000e-02    0.0000000000e+00    1.0000000000e-04    4.0992061508e-02   -1.0416666667e-02    1.0416666667e-02    0.0000000000e+00    1.0000000000e-04    4.1029365122e-02    1.0000000000e+30    0.0000000000e+00    1.0000000000e+30    0.0000000000e+00    1.0000000000e+30    0.0000000000e+00
 103.6100000    3.1787905249e-02    7.8125000000e-03   -1.5625000000e-02    0.0000000000e+00    1.0000000000e-04    4.1052033733e-02   -1.0416666667e-02    1.0416666667e-02    0.0000000000e+00    1.0000000000e-04    4.1090171108e-02    1.0000000000e+30    0.0000000000e+00    1.0000000000e+30    0.0000000000e+00    1.0000000000e+30    0.0000000000e+00
 103.6600000    3.1787905249e-02    7.8125000000e-03   -1.5625000000e-02    0.0000000000e+00    1.0000000000e-04    4.1111873494e-02   -1.0416666667e-02    1.0416666667e-02    0.0000000000e+00    1.0000000000e-04    4.1150807748e-02    1.0000000000e+30    0.0000000000e+00    1.0000000000e+30    0.0000000000e+00    1.0000000000e+30    0.0000000000e+00
 103.7100000    3.1787905249e-02    7.8125000000e-03   -1.5625000000e-02    0.0000000000e+00    1.0000000000e-04    4.1171578232e-02   -1.0416666667e-02    1.0416666667e-02    0.0000000000e+00    1.0000000000e-04    4.1211277635e-02    1.0000000000e+30    0.0000000000e+00    1.0000000000e+30    0.0000000000e+00    1.0000000000e+30    0.0000000000e+00
 103.7600000    3.1787905249e-02    7.8125000000e-03   -1.5625000000e-02    0.0000000000e+00    1.0000000000e-04    4.1231149481e-02   -1.0416666667e-02    1.0416666667e-02    0.0000000000e+00    1.0000000000e-04    4.1271585828e-02    1.0000000000e+30    0.0000000000e+00    1.0000000000e+30    0.0000000000e+00    1.0000000000e+30    0.0000000000e+00
 103.8100000    3.1787905249e-02    7.8125000000e-03   -1.5625000000e-02    0.0000000000e+00    1.0000000000e-04    4.1290589979e-02   -1.0416666667e-02    1.0416666667e-02    0.0000000000e+00    1.0000000000e-04    4.1331735520e-02    1.0000000000e+30    0.0000000000e+00    1.0000000000e+30    0.0000000000e+00    1.0000000000e+30    0.0000000000e+00
 103.8600000    3.1787905249e-02    7.8125000000e-03   -1.5625000000e-02    0.0000000000e+00    1.0000000000e-04    4.1349900242e-02   -1.0416666667e-02    1.0416666667e-02    0.0000000000e+00    1.0000000000e-04    4.1391725081e-02    1.0000000000e+30    0.0000000000e+00    1.0000000000e+30    0.0000000000e+00    1.0000000000e+30    0.0000000000e+00
 103.9100000    3.1787905249e-02    7.8125000000e-03   -1.5625000000e-02    0.0000000000e+00    1.0000000000e-04    4.1409076511e-02   -1.0416666667e-02    1.0416666667e-02    0.0000000000e+00    1.0000000000e-04    4.1451547383e-02    1.0000000000e+30    0.0000000000e+00    1.0000000000e+30    0.0000000000e+00    1.0000000000e+30    0.0000000000e+00
 103.9600000    3.1787905249e-02    7.8125000000e-03   -1.5625000000e-02    0.0000000000e+00    1.0000000000e-04    4.1468110914e-02   -1.0416666667e-02    1.0416666667e-02    0.0000000000e+00    1.0000000000e-04    4.1511191260e-02    1.0000000000e+30    0.0000000000e+00    1.0000000000e+30    0.0000000000e+00    1.0000000000e+30    0.0000000000e+00
 104.0100000    3.1787905249e-02    7.8125000000e-03   -1.5625000000e-02    0.0000000000e+00    1.0000000000e-04    4.1526993111e-02   -1.0416666667e-02    1.0416666667e-02    0.0000000000e+00    1.0000000000e-04    4.1570643776e-02    1.0000000000e+30    0.0000000000e+00    1.0000000000e+30    0.0000000000e+00    1.0000000000e+30    0.0000000000e+00
 104.0600000    3.1787905249e-02    7.8125000000e-03   -1.5625000000e-02    0.0000000000e+00    1.0000000000e-04    4.1585712126e-02   -1.0416666667e-02    1.0416666667e-02    0.0000000000e+00    1.0000000000e-04    4.1629891699e-02    1.0000000000e+30    0.0000000000e+00    1.0000000000e+30    0.0000000000e+00    1.0000000000e+30    0.0000000000e+00
 104.1100000    3.1787905249e-02    7.8125000000e-03   -1.5625000000e-02    0.0000000000e+00    1.0000000000e-04    4.1644257695e-02   -1.0416666667e-02    1.0416666667e-02    0.0000000000e+00    1.0000000000e-04    4.1621728828e-02    1.0000000000e+30    0.0000000000e+00    1.0000000000e+30    0.0000000000e+00    1.0000000000e+30    0.0000000000e+00
 104.1600000    3.1787905249e-02    7.8125000000e-03   -1.5625000000e-02    0.0000000000e+00    1.0000000000e-04    4.1681275142e-02   -1.0416666667e-02    1.0416666667e-02    0.0000000000e+00    1.0000000000e-04    4.1597339743e-02    1.0000000000e+30    0.0000000000e+00    1.0000000000e+30    0.0000000000e+00    1.0000000000e+30    0.0000000000e+00
 104.2100000    3.1787905249e-02    7.8125000000e-03   -1.5625000000e-02    0.0000000000e+00    1.0000000000e-04    4.1654676789e-02   -1.0416666667e-02    1.0416666667e-02    0.0000000000e+00    1.0000000000e-04    4.1572847988e-02    1.0000000000e+30    0.0000000000e+00    1.0000000000e+30    0.0000000000e+00    1.0000000000e+30    0.0000000000e+00
 104.2600000    3.1787905249e-02    7.8125000000e-03   -1.5625000000e-02    0.0000000000e+00    1.0000000000e-04    4.1627822595e-02   -1.0416666667e-02    1.0416666667e-02    0.0000000000e+00    1.0000000000e-04    4.1548267559e-02    1.0000000000e+30    0.0000000000e+00    1.0000000000e+30    0.0000000000e+00    1.0000000000e+30    0.0000000000e+00
 104.3100000    3.1787905249e-02    7.8125000000e-03   -1.5625000000e-02    0.0000000000e+00    1.0000000000e-04    4.1600863498e-02   -1.0416666667e-02    1.0416666667e-02    0.0000000000e+00    1.0000000000e-04    4.1523627629e-02    1.0000000000e+30    0.0000000000e+00    1.0000000000e+30    0.0000000000e+00    1.0000000000e+30    0.0000000000e+00
 104.3600000    3.1787905249e-02    7.8125000000e-03   -1.5625000000e-02    0.0000000000e+00    1.0000000000e-04    4.1573948588e-02   -1.0416666667e-02    1.0416666667e-02    0.0000000000e+00    1.0000000000e-04    4.1498973996e-02    1.0000000000e+30    0.0000000000e+00    1.0000000000e+30    0.0000000000e+00    1.0000000000e+30    0.0000000000e+00
 104.4100000    3.1787905249e-02    7.8125000000e-03   -1.5625000000e-02    0.0000000000e+00    1.0000000000e-04    4.1547190254e-02   -1.0416666667e-02    1.0416666667e-02    0.0000000000e+00    1.0000000000e-04    4.1474366216e-02    1.0000000000e+30    0.0000000000e+00    1.0000000000e+30    0.0000000000e+00    1.0000000000e+30    0.0000000000e+00
 104.4600000    3.1787905249e-02    7.8125000000e-03   -1.5625000000e-02    0.0000000000e+00    1.0000000000e-04    4.1520640386e-02   -1.0416666667e-02    1.0416666667e-02    0.0000000000e+00    1.0000000000e-04    4.1449868562e-02    1.0000000000e+30    0.0000000000e+00    1.0000000000e+30    0.0000000000e+00    1.0000000000e+30    0.0000000000e+00
 104.5100000    3.1787905249e-02    7.8125000000e-03   -1.5625000000e-02    0.0000000000e+00    1.0000000000e-04    4.1494283103e-02   -1.0416666667e-02    1.0416666667e-02    0.0000000000e+00    1.0000000000e-04    4.1425534989e-02    1.0000000000e+30    0.0000000000e+00    1.0000000000e+30    0.0000000000e+00    1.0000000000e+30    0.0000000000e+00
 104.5600000    3.1787905249e-02    7.8125000000e-03   -1.5625000000e-02    0.0000000000e+00    1.0000000000e-04    4.1468044628e-02   -1.0416666667e-02    1.0416666667e-02    0.0000000000e+00    1.0000000000e-04    4.1401391236e-02    1.0000000000e+30    0.0000000000e+00    1.0000000000e+30    0.0000000000e+00    1.0000000000e+30    0.0000000000e+00
 104.6100000    3.1787905249e-02    7.8125000000e-03   -1.5625000000e-02    0.0000000000e+00    1.0000000000e-04    4.1441816463e-02   -1.0416666667e-02    1.0416666667e-02    0.0000000000e+00    1.0000000000e-04    4.1377419659e-02    1.0000000000e+30    0.0000000000e+00    1.0000000000e+30    0.0000000000e+00    1.0000000000e+30    0.0000000000e+00
 104.6600000    3.1787905249e-02    7.8125000000e-03   -1.5625000000e-02    0.0000000000e+00    1.0000000000e-04    4.1415485195e-02   -1.0416666667e-02    1.0416666667e-02    0.0000000000e+00    1.0000000000e-04    4.1353553263e-02    1.0000000000e+30    0.0000000000e+00    1.0000000000e+30    0.0000000000e+00    1.0000000000e+30    0.0000000000e+00
 104.7100000    3.1787905249e-02    7.8125000000e-03   -1.5625000000e-02    0.0000000000e+00    1.0000000000e-04    4.1388494398e-02   -1.0416666667e-02    1.0416666667e-02    0.0000000000e+00    1.0000000000e-04    4.1329683601e-02    1.0000000000e+30    0.0000000000e+00    1.0000000000e+30    0.0000000000e+00    1.0000000000e+30    0.0000000000e+00
 104.7600000    3.1787905249e-02    7.8125000000e-03   -1.5625000000e-02    0.0000000000e+00    1.0000000000e-04    4.1360528619e-02   -1.0416666667e-02    1.0416666667e-02    0.0000000000e+00    1.0000000000e-04    4.1305683016e-02    1.0000000000e+30    0.0000000000e+00    1.0000000000e+30    0.0000000000e+00    1.0000000000e+30    0.0000000000e+00
 104.8100000    3.1787905249e-02    7.8125000000e-03   -1.5625000000e-02    0.0000000000e+00    1.0000000000e-04    4.1332539883e-02   -1.0416666667e-02    1.0416666667e-02    0.0000000000e+00    1.0000000000e-04    4.1281436267e-02    1.0000000000e+30    0.0000000000e+00    1.0000000000e+30    0.0000000000e+00    1.0000000000e+30    0.0000000000e+00
 104.8600000    3.1787905249e-02    7.8125000000e-03   -1.5625000000e-02    0.0000000000e+00    1.0000000000e-04    4.1304634367e-02   -1.0416666667e-02    1.0416666667e-02    0.0000000000e+00    1.0000000000e-04    4.1256872160e-02    1.0000000000e+30    0.0000000000e+00    1.0000000000e+30    0.0000000000e+00    1.0000000000e+30    0.0000000000e+00
 104.9100000    3.1787905249e-02    7.8125000000e-03   -1.5625000000e-02    0.0000000000e+00    1.0000000000e-04    4.1276882367e-02   -1.0416666667e-02    1.0416666667e-02    0.0000000000e+00    1.0000000000e-04    4.1231652458e-02    1.0000000000e+30    0.0000000000e+00    1.0000000000e+30    0.0000000000e+00    1.0000000000e+30    0.0000000000e+00
 104.9600000    3.1787905249e-02    7.8125000000e-03   -1.5625000000e-02    0.0000000000e+00    1.0000000000e-04    4.1249303789e-02   -1.0416666667e-02    1.0416666667e-02    0.0000000000e+00    1.0000000000e-04    4.1205279374e-02    1.0000000000e+30    0.0000000000e+00    1.0000000000e+30    0.0000000000e+00    1.0000000000e+30    0.0000000000e+00
 105.0100000    3.1787905249e-02    7.8125000000e-03   -1.5625000000e-02    0.0000000000e+00    1.0000000000e-04    4.1221867682e-02   -1.0416666667e-02    1.0416666667e-02    0.0000000000e+00    1.0000000000e-04    4.1179022840e-02    1.0000000000e+30    0.0000000000e+00    1.0000000000e+30    0.0000000000e+00    1.0000000000e+30    0.0000000000e+00
 105.0600000    3.1787905249e-02    7.8125000000e-03   -1.5625000000e-02    0.0000000000e+00    1.0000000000e-04    4.1194504836e-02   -1.0416666667e-02    1.0416666667e-02    0.0000000000e+00    1.0000000000e-04    4.1152906304e-02    1.0000000000e+30    0.0000000000e+00    1.0000000000e+30    0.0000000000e+00    1.0000000000e+30    0.0000000000e+00
 105.1100000    3.1787905249e-02    7.8125000000e-03   -1.5625000000e-02    0.0000000000e+00    1.0000000000e-04    4.1167128875e-02   -1.0416666667e-02    1.0416666667e-02    0.0000000000e+00    1.0000000000e-04    4.1126865586e-02    1.0000000000e+30    0.0000000000e+00    1.0000000000e+30    0.0000000000e+00    1.0000000000e+30    0.0000000000e+00
 105.1600000    3.1787905249e-02    7.8125000000e-03   -1.5625000000e-02    0.0000000000e+00    1.0000000000e-04    4.1139659263e-02   -1.0416666667e-02    1.0416666667e-02    0.0000000000e+00    1.0000000000e-04    4.1100769785e-02    1.0000000000e+30    0.0000000000e+00    1.0000000000e+30    0.0000000000e+00    1.0000000000e+30    0.0000000000e+00
 105.2100000    3.1787905249e-02    7.8125000000e-03   -1.5625000000e-02    0.0000000000e+00    1.0000000000e-04    4.1112039472e-02   -1.0416666667e-02    1.0416666667e-02    0.0000000000e+00    1.0000000000e-04    4.1074464039e-02    1.0000000000e+30    0.0000000000e+00    1.0000000000e+30    0.0000000000e+00    1.0000000000e+30    0.0000000000e+00
 105.2600000    3.1787905249e-02    7.8125000000e-03   -1.5625000000e-02    0.0000000000e+00    1.0000000000e-04    4.1084245426e-02   -1.0416666667e-02    1.0416666667e-02    0.0000000000e+00    1.0000000000e-04    4.1047819196e-02    1.0000000000e+30    0.0000000000e+00    1.0000000000e+30    0.0000000000e+00    1.0000000000e+30    0.0000000000e+00
 105.3100000    3.1787905249e-02    7.8125000000e-03   -1.5625000000e-02    0.0000000000e+00    1.0000000000e-04    4.1056282651e-02   -1.0416666667e-02    1.0416666667e-02    0.0000000000e+00    1.0000000000e-04    4.1020771159e-02    1.0000000000e+30    0.0000000000e+00    1.0000000000e+30    0.0000000000e+00    1.0000000000e+30    0.0000000000e+00
 105.3600000    3.1787905249e-02    7.8125000000e-03   -1.5625000000e-02    0.0000000000e+00    1.0000000000e-04    4.1028174323e-02   -1.0416666667e-02    1.0416666667e-02    0.0000000000e+00    1.0000000000e-04    4.0993336701e-02    1.0000000000e+30    0.0000000000e+00    1.0000000000e+30    0.0000000000e+00    1.0000000000e+30    0.0000000000e+00
 105.4100000    3.1787905249e-02    7.8125000000e-03   -1.5625000000e-02    0.0000000000e+00    1.0000000000e-04    4.0999945579e-02   -1.0416666667e-02    1.0416666667e-02    0.0000000000e+00    1.0000000000e-04    4.0965601415e-02    1.0000000000e+30    0.0000000000e+00    1.0000000000e+30    0.0000000000e+00    1.0000000000e+30    0.0000000000e+00
 105.4600000    2.5779934731e-02    7.8125000000e-03   -7.8125000000e-03    0.0000000000e+00    1.0000000000e-04    4.0970966095e-02   -1.0416666667e-02    1.0416666667e-02    0.0000000000e+00    1.0000000000e-04    4.0938325264e-02    1.0000000000e+30    0.0000000000e+00    1.0000000000e+30    0.0000000000e+00    1.0000000000e+30    0.0000000000e+00
 105.5100000    2.5779934731e-02    7.8125000000e-03   -7.8125000000e-03    0.0000000000e+00    1.0000000000e-04    4.0941416030e-02   -1.0416666667e-02    1.0416666667e-02    0.0000000000e+00    1.0000000000e-04    4.0911439855e-02    1.0000000000e+30    0.0000000000e+00    1.0000000000e+30    0.0000000000e+00    1.0000000000e+30    0.0000000000e+00
 105.5600000    2.5779934731e-02    7.8125000000e-03   -7.8125000000e-03    0.0000000000e+00    1.0000000000e-04    4.0911701918e-02   -1.0416666667e-02    1.0416666667e-02    0.0000000000e+00    1.0000000000e-04    4.0884594344e-02    1.0000000000e+30    0.0000000000e+00    1.0000000000e+30    0.0000000000e+00    1.0000000000e+30    0.0000000000e+00
 105.6100000    2.5779934731e-02    7.8125000000e-03   -7.8125000000e-03    0.0000000000e+00    1.0000000000e-04    4.0881806075e-02   -1.0416666667e-02    1.0416666667e-02    0.0000000000e+00    1.0000000000e-04    4.0857796170e-02    1.0000000000e+30    0.0000000000e+00    1.0000000000e+30    0.0000000000e+00    1.0000000000e+30    0.0000000000e+00
 105.6600000    2.5779934731e-02    7.8125000000e-03   -7.8125000000e-03    0.0000000000e+00    1.0000000000e-04    4.0851720089e-02   -1.0416666667e-02    1.0416666667e-02    0.0000000000e+00    1.0000000000e-04    4.0830999328e-02    1.0000000000e+30    0.0000000000e+00    1.0000000000e+30    0.0000000000e+00    1.0000000000e+30    0.0000000000e+00
 105.7100000    2.5779934731e-02    7.8125000000e-03   -7.8125000000e-03    0.0000000000e+00    1.0000000000e-04    4.0821453088e-02   -1.0416666667e-02    1.0416666667e-02    0.0000000000e+00    1.0000000000e-04    4.0804129080e-02    1.0000000000e+30    0.0000000000e+00    1.0000000000e+30    0.0000000000e+00    1.0000000000e+30    0.0000000000e+00
 105.7600000    2.5779934731e-02    7.8125000000e-03   -7.8125000000e-03    0.0000000000e+00    1.0000000000e-04    4.0791032623e-02   -1.0416666667e-02    1.0416666667e-02    0.0000000000e+00    1.0000000000e-04    4.0777114273e-02    1.0000000000e+30    0.0000000000e+00    1.0000000000e+30    0.0000000000e+00    1.0000000000e+30    0.0000000000e+00
 105.8100000    2.5779934731e-02    7.8125000000e-03   -7.8125000000e-03    0.0000000000e+00    1.0000000000e-04    4.0760497825e-02   -1.0416666667e-02    1.0416666667e-02    0.0000000000e+00    1.0000000000e-04    4.0749914715e-02    1.0000000000e+30    0.0000000000e+00    1.0000000000e+30    0.0000000000e+00    1.0000000000e+30    0.0000000000e+00
 105.8600000    2.5779934731e-02    7.8125000000e-03   -7.8125000000e-03    0.0000000000e+00    1.0000000000e-04    4.0729887818e-02   -1.0416666667e-02    1.0416666667e-02    0.0000000000e+00    1.0000000000e-04    4.0722534147e-02    1.0000000000e+30    0.0000000000e+00    1.0000000000e+30    0.0000000000e+00    1.0000000000e+30    0.0000000000e+00
 105.9100000    2.5779934731e-02    7.8125000000e-03   -7.8125000000e-03    0.0000000000e+00    1.0000000000e-04    4.0699230486e-02   -1.0416666667e-02    1.0416666667e-02    0.0000000000e+00    1.0000000000e-04    4.0695015683e-02    1.0000000000e+30    0.0000000000e+00    1.0000000000e+30    0.0000000000e+00    1.0000000000e+30    0.0000000000e+00
 105.9600000    2.5779934731e-02    7.8125000000e-03   -7.8125000000e-03    0.0000000000e+00    1.0000000000e-04    4.0668536596e-02   -1.0416666667e-02    1.0416666667e-02    0.0000000000e+00    1.0000000000e-04    4.0667423551e-02    1.0000000000e+30    0.0000000000e+00    1.0000000000e+30    0.0000000000e+00    1.0000000000e+30    0.0000000000e+00
 106.0100000    2.5779934731e-02    7.8125000000e-03   -7.8125000000e-03    0.0000000000e+00    1.0000000000e-04    4.0637801830e-02   -1.0416666667e-02    1.0416666667e-02    0.0000000000e+00    1.0000000000e-04    4.0639819674e-02    1.0000000000e+30    0.0000000000e+00    1.0000000000e+30    0.0000000000e+00    1.0000000000e+30    0.0000000000e+00
 106.0600000    2.5779934731e-02    7.8125000000e-03   -7.8125000000e-03    0.0000000000e+00    1.0000000000e-04    4.0607015460e-02   -1.0416666667e-02    1.0416666667e-02    0.0000000000e+00    1.0000000000e-04    4.0612244499e-02    1.0000000000e+30    0.0000000000e+00    1.0000000000e+30    0.0000000000e+00    1.0000000000e+30    0.0000000000e+00
 106.1100000    2.5779934731e-02    7.8125000000e-03   -7.8125000000e-03    0.0000000000e+00    1.0000000000e-04    4.0576171012e-02   -1.0416666667e-02    1.0416666667e-02    0.0000000000e+00    1.0000000000e-04    4.0584708449e-02    1.0000000000e+30    0.0000000000e+00    1.0000000000e+30    0.0000000000e+00    1.0000000000e+30    0.0000000000e+00
 106.1600000    2.5779934731e-02    7.8125000000e-03   -7.8125000000e-03    0.0000000000e+00    1.0000000000e-04    4.0545273183e-02   -1.0416666667e-02    1.0416666667e-02    0.0000000000e+00    1.0000000000e-04    4.0557195201e-02    1.0000000000e+30    0.0000000000e+00    1.0000000000e+30    0.0000000000e+00    1.0000000000e+30    0.0000000000e+00
 106.2100000    2.5779934731e-02    7.8125000000e-03   -7.8125000000e-03    0.0000000000e+00    1.0000000000e-04    4.0514337148e-02   -1.0416666667e-02    1.0416666667e-02    0.0000000000e+00    1.0000000000e-04    4.0529673187e-02    1.0000000000e+30    0.0000000000e+00    1.0000000000e+30    0.0000000000e+00    1.0000000000e+30    0.0000000000e+00
 106.2600000    2.5779934731e-02    7.8125000000e-03   -7.8125000000e-03    0.0000000000e+00    1.0000000000e-04    4.0483380304e-02   -1.0416666667e-02    1.0416666667e-02    0.0000000000e+00    1.0000000000e-04    4.0502109172e-02    1.0000000000e+30    0.0000000000e+00    1.0000000000e+30    0.0000000000e+00    1.0000000000e+30    0.0000000000e+00
 106.3100000    2.5779934731e-02    7.8125000000e-03   -7.8125000000e-03    0.0000000000e+00    1.0000000000e-04    4.0452410542e-02   -1.0416666667e-02    1.0416666667e-02    0.0000000000e+00    1.0000000000e-04    4.0474478222e-02    1.0000000000e+30    0.0000000000e+00    1.0000000000e+30    0.0000000000e+00    1.0000000000e+30    0.0000000000e+00
 106.3600000    2.5779934731e-02    7.8125000000e-03   -7.8125000000e-03    0.0000000000e+00    1.0000000000e-04    4.0421417481e-02   -1.0416666667e-02    1.0416666667e-02    0.0000000000e+00    1.0000000000e-04    4.0446767204e-02    1.0000000000e+30    0.0000000000e+00    1.0000000000e+30    0.0000000000e+00    1.0000000000e+30    0.0000000000e+00
 106.4100000    2.5779934731e-02    7.8125000000e-03   -7.8125000000e-03    0.0000000000e+00    1.0000000000e-04    4.0390372660e-02   -1.0416666667e-02    1.0416666667e-02    0.0000000000e+00    1.0000000000e-04    4.0418972691e-02    1.0000000000e+30    0.0000000000e+00    1.0000000000e+30    0.0000000000e+00    1.0000000000e+30    0.0000000000e+00
 106.4600000    2.5779934731e-02    7.8125000000e-03   -7.8125000000e-03    0.0000000000e+00    1.0000000000e-04    4.0359241455e-02   -1.0416666667e-02    1.0416666667e-02    0.0000000000e+00    1.0000000000e-04    4.0391096961e-02    1.0000000000e+30    0.0000000000e+00    1.0000000000e+30    0.0000000000e+00    1.0000000000e+30    0.0000000000e+00
 106.5100000    2.5779934731e-02    7.8125000000e-03   -7.8125000000e-03    0.0000000000e+00    1.0000000000e-04    4.0328004176e-02   -1.0416666667e-02    1.0416666667e-02    0.0000000000e+00    1.0000000000e-04    4.0363146234e-02    1.0000000000e+30    0.0000000000e+00    1.0000000000e+30    0.0000000000e+00    1.0000000000e+30    0.0000000000e+00
 106.5600000    2.5779934731e-02    7.8125000000e-03   -7.8125000000e-03    0.0000000000e+00    1.0000000000e-04    4.0296678374e-02   -1.0416666667e-02    1.0416666667e-02    0.0000000000e+00    1.0000000000e-04    4.0335133142e-02    1.0000000000e+30    0.0000000000e+00    1.0000000000e+30    0.0000000000e+00    1.0000000000e+30    0.0000000000e+00
 106.6100000    2.5779934731e-02    7.8125000000e-03   -7.8125000000e-03    0.0000000000e+00    1.0000000000e-04    4.0265331396e-02   -1.0416666667e-02    1.0416666667e-02    0.0000000000e+00    1.0000000000e-04    4.0307081847e-02    1.0000000000e+30    0.0000000000e+00    1.0000000000e+30    0.0000000000e+00    1.0000000000e+30    0.0000000000e+00
 106.6600000    2.5779934731e-02    7.8125000000e-03   -7.8125000000e-03    0.0000000000e+00    1.0000000000e-04    4.0234074117e-02   -1.0416666667e-02    1.0416666667e-02    0.0000000000e+00    1.0000000000e-04    4.0279031411e-02    1.0000000000e+30    0.0000000000e+00    1.0000000000e+30    0.0000000000e+00    1.0000000000e+30    0.0000000000e+00
 106.7100000    2.5779934731e-02    7.8125000000e-03   -7.8125000000e-03    0.0000000000e+00    1.0000000000e-04    4.0203033521e-02   -1.0416666667e-02    1.0416666667e-02    0.0000000000e+00    1.0000000000e-04    4.0251032633e-02    1.0000000000e+30    0.0000000000e+00    1.0000000000e+30    0.0000000000e+00    1.0000000000e+30    0.0000000000e+00
 106.7600000    2.5779934731e-02    7.8125000000e-03   -7.8125000000e-03    0.0000000000e+00    1.0000000000e-04    4.0172310801e-02   -1.0416666667e-02    1.0416666667e-02    0.0000000000e+00    1.0000000000e-04    4.0223136064e-02    1.0000000000e+30    0.0000000000e+00    1.0000000000e+30    0.0000000000e+00    1.0000000000e+30    0.0000000000e+00
 106.8100000    2.5779934731e-02    7.8125000000e-03   -7.8125000000e-03    0.0000000000e+00    1.0000000000e-04    4.0141938848e-02   -1.0416666667e-02    1.0416666667e-02    0.0000000000e+00    1.0000000000e-04    4.0195373011e-02    1.0000000000e+30    0.0000000000e+00    1.0000000000e+30    0.0000000000e+00    1.0000000000e+30    0.0000000000e+00
 106.8600000    2.5779934731e-02    7.8125000000e-03   -7.8125000000e-03    0.0000000000e+00    1.0000000000e-04    4.0111855097e-02   -1.0416666667e-02    1.0416666667e-02    0.0000000000e+00    1.0000000000e-04    4.0167735382e-02    1.0000000000e+30    0.0000000000e+00    1.0000000000e+30    0.0000000000e+00    1.0000000000e+30    0.0000000000e+00
 106.9100000    2.5779934731e-02    7.8125000000e-03   -7.8125000000e-03    0.0000000000e+00    1.0000000000e-04    4.0081902181e-02   -1.0416666667e-02    1.0416666667e-02    0.0000000000e+00    1.0000000000e-04    4.0140162402e-02    1.0000000000e+30    0.0000000000e+00    1.0000000000e+30    0.0000000000e+00    1.0000000000e+30    0.0000000000e+00
 106.9600000    2.5779934731e-02    7.8125000000e-03   -7.8125000000e-03    0.0000000000e+00    1.0000000000e-04    4.0051860789e-02   -1.0416666667e-02    1.0416666667e-02    0.0000000000e+00    1.0000000000e-04    4.0112541616e-02    1.0000000000e+30    0.0000000000e+00    1.0000000000e+30    0.0000000000e+00    1.0000000000e+30    0.0000000000e+00
 107.0100000    2.5779934731e-02    7.8125000000e-03   -7.8125000000e-03    0.0000000000e+00    1.0000000000e-04    4.0021508986e-02   -1.0416666667e-02    1.0416666667e-02    0.0000000000e+00    1.0000000000e-04    4.0084727981e-02    1.0000000000e+30    0.0000000000e+00    1.0000000000e+30    0.0000000000e+00    1.0000000000e+30    0.0000000000e+00
 107.0600000    2.5779934731e-02    7.8125000000e-03   -7.8125000000e-03    0.0000000000e+00    1.0000000000e-04    3.9990692245e-02   -1.0416666667e-02    1.0416666667e-02    0.0000000000e+00    1.0000000000e-04    4.0056579039e-02    1.0000000000e+30    0.0000000000e+00    1.0000000000e+30    0.0000000000e+00    1.0000000000e+30    0.0000000000e+00
 107.1100000    2.5779934731e-02    7.8125000000e-03   -7.8125000000e-03    0.0000000000e+00    1.0000000000e-04    3.9959382242e-02   -1.0416666667e-02    1.0416666667e-02    0.0000000000e+00    1.0000000000e-04    4.0027997790e-02    1.0000000000e+30    0.0000000000e+00    1.0000000000e+30    0.0000000000e+00    1.0000000000e+30    0.0000000000e+00
 107.1600000    2.5779934731e-02    7.8125000000e-03   -7.8125000000e-03    0.0000000000e+00    1.0000000000e-04    3.9927703257e-02   -1.0416666667e-02    1.0416666667e-02    0.0000000000e+00    1.0000000000e-04    3.9998970443e-02    1.0000000000e+30    0.0000000000e+00    1.0000000000e+30    0.0000000000e+00    1.0000000000e+30    0.0000000000e+00
 107.2100000    2.5779934731e-02    7.8125000000e-03   -7.8125000000e-03    0.0000000000e+00    1.0000000000e-04    3.9895914013e-02   -1.0416666667e-02    1.0416666667e-02    0.0000000000e+00    1.0000000000e-04    3.9969585642e-02    1.0000000000e+30    0.0000000000e+00    1.0000000000e+30    0.0000000000e+00    1.0000000000e+30    0.0000000000e+00
 107.2600000    2.5779934731e-02    7.8125000000e-03   -7.8125000000e-03    0.0000000000e+00    1.0000000000e-04    3.9864347513e-02   -1.0416666667e-02    1.0416666667e-02    0.0000000000e+00    1.0000000000e-04    3.9940026315e-02    1.0000000000e+30    0.0000000000e+00    1.0000000000e+30    0.0000000000e+00    1.0000000000e+30    0.0000000000e+00
 107.3100000    2.5779934731e-02    7.8125000000e-03   -7.8125000000e-03    0.0000000000e+00    1.0000000000e-04    3.9833326037e-02   -1.0416666667e-02    1.0416666667e-02    0.0000000000e+00    1.0000000000e-04    3.9910533713e-02    1.0000000000e+30    0.0000000000e+00    1.0000000000e+30    0.0000000000e+00    1.0000000000e+30    0.0000000000e+00
 107.3600000    2.5779934731e-02    7.8125000000e-03   -7.8125000000e-03    0.0000000000e+00    1.0000000000e-04    3.9803076800e-02   -1.0416666667e-02    1.0416666667e-02    0.0000000000e+00    1.0000000000e-04    3.9881352226e-02    1.0000000000e+30    0.0000000000e+00    1.0000000000e+30    0.0000000000e+00    1.0000000000e+30    0.0000000000e+00
 107.4100000    2.5779934731e-02    7.8125000000e-03   -7.8125000000e-03    0.0000000000e+00    1.0000000000e-04    3.9773672796e-02   -1.0416666667e-02    1.0416666667e-02    0.0000000000e+00    1.0000000000e-04    3.9852669473e-02    1.0000000000e+30    0.0000000000e+00    1.0000000000e+30    0.0000000000e+00    1.0000000000e+30    0.0000000000e+00
 107.4600000    2.5779934731e-02    7.8125000000e-03   -7.8125000000e-03    0.0000000000e+00    1.0000000000e-04    3.9745014998e-02   -1.0416666667e-02    1.0416666667e-02    0.0000000000e+00    1.0000000000e-04    3.9824567392e-02    1.0000000000e+30    0.0000000000e+00    1.0000000000e+30    0.0000000000e+00    1.0000000000e+30    0.0000000000e+00
 107.5100000    2.5779934731e-02    7.8125000000e-03   -7.8125000000e-03    0.0000000000e+00    1.0000000000e-04    3.9716859905e-02   -1.0416666667e-02    1.0416666667e-02    0.0000000000e+00    1.0000000000e-04    3.9796997193e-02    1.0000000000e+30    0.0000000000e+00    1.0000000000e+30    0.0000000000e+00    1.0000000000e+30    0.0000000000e+00
 107.5600000    2.5779934731e-02    7.8125000000e-03   -7.8125000000e-03    0.0000000000e+00    1.0000000000e-04    3.9688884219e-02   -1.0416666667e-02    1.0416666667e-02    0.0000000000e+00    1.0000000000e-04    3.9769785680e-02    1.0000000000e+30    0.0000000000e+00    1.0000000000e+30    0.0000000000e+00    1.0000000000e+30    0.0000000000e+00
 107.6100000    2.5779934731e-02    7.8125000000e-03   -7.8125000000e-03    0.0000000000e+00    1.0000000000e-04    3.9660768934e-02   -1.0416666667e-02    1.0416666667e-02    0.0000000000e+00    1.0000000000e-04    3.9742673818e-02    1.0000000000e+30    0.0000000000e+00    1.0000000000e+30    0.0000000000e+00    1.0000000000e+30    0.0000000000e+00
 107.6600000    2.5779934731e-02    7.8125000000e-03   -7.8125000000e-03    0.0000000000e+00    1.0000000000e-04    3.9632280622e-02   -1.0416666667e-02    1.0416666667e-02    0.0000000000e+00    1.0000000000e-04    3.9715380925e-02    1.0000000000e+30    0.0000000000e+00    1.0000000000e+30    0.0000000000e+00    1.0000000000e+30    0.0000000000e+00
 107.7100000    2.5779934731e-02    7.8125000000e-03   -7.8125000000e-03    0.0000000000e+00    1.0000000000e-04    3.9603329074e-02   -1.0416666667e-02    1.0416666667e-02    0.0000000000e+00    1.0000000000e-04    3.9687680131e-02    1.0000000000e+30    0.0000000000e+00    1.0000000000e+30    0.0000000000e+00    1.0000000000e+30    0.0000000000e+00
 107.7600000    2.5779934731e-02    7.8125000000e-03   -7.8125000000e-03    0.0000000000e+00    1.0000000000e-04    3.9573987516e-02   -1.0416666667e-02    1.0416666667e-02    0.0000000000e+00    1.0000000000e-04    3.9659465365e-02    1.0000000000e+30    0.0000000000e+00    1.0000000000e+30    0.0000000000e+00    1.0000000000e+30    0.0000000000e+00
 107.8100000    2.5779934731e-02    7.8125000000e-03   -7.8125000000e-03    0.0000000000e+00    1.0000000000e-04    3.9544472665e-02   -1.0416666667e-02    1.0416666667e-02    0.0000000000e+00    1.0000000000e-04    3.9630790557e-02    1.0000000000e+30    0.0000000000e+00    1.0000000000e+30    0.0000000000e+00    1.0000000000e+30    0.0000000000e+00
 107.8600000    2.5779934731e-02    7.8125000000e-03   -7.8125000000e-03    0.0000000000e+00    1.0000000000e-04    3.9515092965e-02   -1.0416666667e-02    1.0416666667e-02    0.0000000000e+00    1.0000000000e-04    3.9601869178e-02    1.0000000000e+30    0.0000000000e+00    1.0000000000e+30    0.0000000000e+00    1.0000000000e+30    0.0000000000e+00
 107.9100000    2.5779934731e-02    7.8125000000e-03   -7.8125000000e-03    0.0000000000e+00    1.0000000000e-04    3.9486180281e-02   -1.0416666667e-02    1.0416666667e-02    0.0000000000e+00    1.0000000000e-04    3.9573033102e-02    1.0000000000e+30    0.0000000000e+00    1.0000000000e+30    0.0000000000e+00    1.0000000000e+30    0.0000000000e+00
 107.9600000    2.5779934731e-02    7.8125000000e-03   -7.8125000000e-03    0.0000000000e+00    1.0000000000e-04    3.9458021511e-02   -1.0416666667e-02    1.0416666667e-02    0.0000000000e+00    1.0000000000e-04    3.9544659915e-02    1.0000000000e+30    0.0000000000e+00    1.0000000000e+30    0.0000000000e+00    1.0000000000e+30    0.0000000000e+00
 108.0100000    2.5779934731e-02    7.8125000000e-03   -7.8125000000e-03    0.0000000000e+00    1.0000000000e-04    3.9430803565e-02   -1.0416666667e-02    1.0416666667e-02    0.0000000000e+00    1.0000000000e-04    3.9517085178e-02    1.0000000000e+30    0.0000000000e+00    1.0000000000e+30    0.0000000000e+00    1.0000000000e+30    0.0000000000e+00
 108.0600000    2.6878559328e-02    7.8125000000e-03   -7.8125000000e-03    0.0000000000e+00    1.0000000000e-04    3.9404498377e-02   -1.2276785714e-02    1.0044642857e-02    0.0000000000e+00    1.0000000000e-04    3.9490598797e-02    1.0000000000e+30    0.0000000000e+00    1.0000000000e+30    0.0000000000e+00    1.0000000000e+30    0.0000000000e+00
 108.1100000    2.6878559328e-02    7.8125000000e-03   -7.8125000000e-03    0.0000000000e+00    1.0000000000e-04    3.9378763140e-02   -1.2276785714e-02    1.0044642857e-02    0.0000000000e+00    1.0000000000e-04    3.9465479785e-02    1.0000000000e+30    0.0000000000e+00    1.0000000000e+30    0.0000000000e+00    1.0000000000e+30    0.0000000000e+00
 108.1600000    2.6878559328e-02    7.8125000000e-03   -7.8125000000e-03    0.0000000000e+00    1.0000000000e-04    3.9353714659e-02   -1.2276785714e-02    1.0044642857e-02    0.0000000000e+00    1.0000000000e-04    3.9441268011e-02    1.0000000000e+30    0.0000000000e+00    1.0000000000e+30    0.0000000000e+00    1.0000000000e+30    0.0000000000e+00
 108.2100000    2.6878559328e-02    7.8125000000e-03   -7.8125000000e-03    0.0000000000e+00    1.0000000000e-04    3.9329072948e-02   -1.2276785714e-02    1.0044642857e-02    0.0000000000e+00    1.0000000000e-04    3.9415410387e-02    1.0000000000e+30    0.0000000000e+00    1.0000000000e+30    0.0000000000e+00    1.0000000000e+30    0.0000000000e+00
 108.2600000    2.6878559328e-02    7.8125000000e-03   -7.8125000000e-03    0.0000000000e+00    1.0000000000e-04    3.9304542496e-02   -1.2276785714e-02    1.0044642857e-02    0.0000000000e+00    1.0000000000e-04    3.9389982346e-02    1.0000000000e+30    0.0000000000e+00    1.0000000000e+30    0.0000000000e+00    1.0000000000e+30    0.0000000000e+00
 108.3100000    2.6878559328e-02    7.8125000000e-03   -7.8125000000e-03    0.0000000000e+00    1.0000000000e-04    3.9279877059e-02   -1.2276785714e-02    1.0044642857e-02    0.0000000000e+00    1.0000000000e-04    3.9365340558e-02    1.0000000000e+30    0.0000000000e+00    1.0000000000e+30    0.0000000000e+00    1.0000000000e+30    0.0000000000e+00
 108.3600000    2.6878559328e-02    7.8125000000e-03   -7.8125000000e-03    0.0000000000e+00    1.0000000000e-04    3.9254936610e-02   -1.2276785714e-02    1.0044642857e-02    0.0000000000e+00    1.0000000000e-04    3.9341236685e-02    1.0000000000e+30    0.0000000000e+00    1.0000000000e+30    0.0000000000e+00    1.0000000000e+30    0.0000000000e+00
 108.4000000    2.6878559328e-02    7.8125000000e-03   -7.8125000000e-03    0.0000000000e+00    1.0000000000e-04    3.9234782902e-02   -1.2276785714e-02    1.0044642857e-02    0.0000000000e+00    1.0000000000e-04    3.9322145405e-02    1.0000000000e+30    0.0000000000e+00    1.0000000000e+30    0.0000000000e+00    1.0000000000e+30    0.0000000000e+00
 108.4100000    2.6878559328e-02    7.8125000000e-03   -7.8125000000e-03    0.0000000000e+00    1.0000000000e-04    3.9229723802e-02   -1.2276785714e-02    1.0044642857e-02    0.0000000000e+00    1.0000000000e-04    3.9317381095e-02    1.0000000000e+30    0.0000000000e+00    1.0000000000e+30    0.0000000000e+00    1.0000000000e+30    0.0000000000e+00
 108.4200000    2.6878559328e-02    7.8125000000e-03   -7.8125000000e-03    0.0000000000e+00    1.0000000000e-04    3.9224659457e-02   -1.2276785714e-02    1.0044642857e-02    0.0000000000e+00    1.0000000000e-04    3.9312616548e-02    1.0000000000e+30    0.0000000000e+00    1.0000000000e+30    0.0000000000e+00    1.0000000000e+30    0.0000000000e+00
 108.4300000    2.6878559328e-02    7.8125000000e-03   -7.8125000000e-03    0.0000000000e+00    1.0000000000e-04    3.9219591742e-02   -1.2276785714e-02    1.0044642857e-02    0.0000000000e+00    1.0000000000e-04    3.9307850271e-02    1.0000000000e+30    0.0000000000e+00    1.0000000000e+30    0.0000000000e+00    1.0000000000e+30    0.0000000000e+00
 108.4400000    2.6878559328e-02    7.8125000000e-03   -7.8125000000e-03    0.0000000000e+00    1.0000000000e-04    3.9214522714e-02   -1.2276785714e-02    1.0044642857e-02    0.0000000000e+00    1.0000000000e-04    3.9303080991e-02    1.0000000000e+30    0.0000000000e+00    1.0000000000e+30    0.0000000000e+00    1.0000000000e+30    0.0000000000e+00
 108.4500000    2.6878559328e-02    7.8125000000e-03   -7.8125000000e-03    0.0000000000e+00    1.0000000000e-04    3.9209454591e-02   -1.2276785714e-02    1.0044642857e-02    0.0000000000e+00    1.0000000000e-04    3.9298307672e-02    1.0000000000e+30    0.0000000000e+00    1.0000000000e+30    0.0000000000e+00    1.0000000000e+30    0.0000000000e+00
 108.4600000    2.6878559328e-02    7.8125000000e-03   -7.8125000000e-03    0.0000000000e+00    1.0000000000e-04    3.9204389733e-02   -1.2276785714e-02    1.0044642857e-02    0.0000000000e+00    1.0000000000e-04    3.9293529526e-02    1.0000000000e+30    0.0000000000e+00    1.0000000000e+30    0.0000000000e+00    1.0000000000e+30    0.0000000000e+00
 108.4700000    2.6878559328e-02    7.8125000000e-03   -7.8125000000e-03    0.0000000000e+00    1.0000000000e-04    3.9199330623e-02   -1.2276785714e-02    1.0044642857e-02    0.0000000000e+00    1.0000000000e-04    3.9288746025e-02    1.0000000000e+30    0.0000000000e+00    1.0000000000e+30    0.0000000000e+00    1.0000000000e+30    0.0000000000e+00
 108.4800000    2.6878559328e-02    7.8125000000e-03   -7.8125000000e-03    0.0000000000e+00    1.0000000000e-04    3.9194279833e-02   -1.2276785714e-02    1.0044642857e-02    0.0000000000e+00    1.0000000000e-04    3.9283956906e-02    1.0000000000e+30    0.0000000000e+00    1.0000000000e+30    0.0000000000e+00    1.0000000000e+30    0.0000000000e+00
 108.4900000    2.6878559328e-02    7.8125000000e-03   -7.8125000000e-03    0.0000000000e+00    1.0000000000e-04    3.9189240010e-02   -1.2276785714e-02    1.0044642857e-02    0.0000000000e+00    1.0000000000e-04    3.9279162179e-02    1.0000000000e+30    0.0000000000e+00    1.0000000000e+30    0.0000000000e+00    1.0000000000e+30    0.0000000000e+00
 108.5000000    2.6878559328e-02    7.8125000000e-03   -7.8125000000e-03    0.0000000000e+00    1.0000000000e-04    3.9184213840e-02   -1.2276785714e-02    1.0044642857e-02    0.0000000000e+00    1.0000000000e-04    3.9274362122e-02    1.0000000000e+30    0.0000000000e+00    1.0000000000e+30    0.0000000000e+00    1.0000000000e+30    0.0000000000e+00
 108.5100000    2.6878559328e-02    7.8125000000e-03   -7.8125000000e-03    0.0000000000e+00    1.0000000000e-04    3.9179204025e-02   -1.2276785714e-02    1.0044642857e-02    0.0000000000e+00    1.0000000000e-04    3.9269557282e-02    1.0000000000e+30    0.0000000000e+00    1.0000000000e+30    0.0000000000e+00    1.0000000000e+30    0.0000000000e+00
 108.5200000    2.6878559328e-02    7.8125000000e-03   -7.8125000000e-03    0.0000000000e+00    1.0000000000e-04    3.9174213253e-02   -1.2276785714e-02    1.0044642857e-02    0.0000000000e+00    1.0000000000e-04    3.9264748468e-02    1.0000000000e+30    0.0000000000e+00    1.0000000000e+30    0.0000000000e+00    1.0000000000e+30    0.0000000000e+00
 108.5300000    2.6878559328e-02    7.8125000000e-03   -7.8125000000e-03    0.0000000000e+00    1.0000000000e-04    3.9169244170e-02   -1.2276785714e-02    1.0044642857e-02    0.0000000000e+00    1.0000000000e-04    3.9259936738e-02    1.0000000000e+30    0.0000000000e+00    1.0000000000e+30    0.0000000000e+00    1.0000000000e+30    0.0000000000e+00
 108.5400000    2.6878559328e-02    7.8125000000e-03   -7.8125000000e-03    0.0000000000e+00    1.0000000000e-04    3.9164299352e-02   -1.2276785714e-02    1.0044642857e-02    0.0000000000e+00    1.0000000000e-04    3.9255123391e-02    1.0000000000e+30    0.0000000000e+00    1.0000000000e+30    0.0000000000e+00    1.0000000000e+30    0.0000000000e+00
 108.5500000    2.6878559328e-02    7.8125000000e-03   -7.8125000000e-03    0.0000000000e+00    1.0000000000e-04    3.9159381274e-02   -1.2276785714e-02    1.0044642857e-02    0.0000000000e+00    1.0000000000e-04    3.9250309950e-02    1.0000000000e+30    0.0000000000e+00    1.0000000000e+30    0.0000000000e+00    1.0000000000e+30    0.0000000000e+00
 108.5600000    2.6878559328e-02    7.8125000000e-03   -7.8125000000e-03    0.0000000000e+00    1.0000000000e-04    3.9154492285e-02   -1.2276785714e-02    1.0044642857e-02    0.0000000000e+00    1.0000000000e-04    3.9245498141e-02    1.0000000000e+30    0.0000000000e+00    1.0000000000e+30    0.0000000000e+00    1.0000000000e+30    0.0000000000e+00
 108.5700000    2.6878559328e-02    7.8125000000e-03   -7.8125000000e-03    0.0000000000e+00    1.0000000000e-04    3.9149634581e-02   -1.2276785714e-02    1.0044642857e-02    0.0000000000e+00    1.0000000000e-04    3.9240689875e-02    1.0000000000e+30    0.0000000000e+00    1.0000000000e+30    0.0000000000e+00    1.0000000000e+30    0.0000000000e+00
 108.5800000    2.6878559328e-02    7.8125000000e-03   -7.8125000000e-03    0.0000000000e+00    1.0000000000e-04    3.9144810177e-02   -1.2276785714e-02    1.0044642857e-02    0.0000000000e+00    1.0000000000e-04    3.9235887222e-02    1.0000000000e+30    0.0000000000e+00    1.0000000000e+30    0.0000000000e+00    1.0000000000e+30    0.0000000000e+00
 108.5900000    2.6878559328e-02    7.8125000000e-03   -7.8125000000e-03    0.0000000000e+00    1.0000000000e-04    3.9140020887e-02   -1.2276785714e-02    1.0044642857e-02    0.0000000000e+00    1.0000000000e-04    3.9231092390e-02    1.0000000000e+30    0.0000000000e+00    1.0000000000e+30    0.0000000000e+00    1.0000000000e+30    0.0000000000e+00
 108.6000000    2.6878559328e-02    7.8125000000e-03   -7.8125000000e-03    0.0000000000e+00    1.0000000000e-04    3.9135268299e-02   -1.2276785714e-02    1.0044642857e-02    0.0000000000e+00    1.0000000000e-04    3.9226307693e-02    1.0000000000e+30    0.0000000000e+00    1.0000000000e+30    0.0000000000e+00    1.0000000000e+30    0.0000000000e+00
 108.6100000    2.6878559328e-02    7.8125000000e-03   -7.8125000000e-03    0.0000000000e+00    1.0000000000e-04    3.9130553756e-02   -1.2276785714e-02    1.0044642857e-02    0.0000000000e+00    1.0000000000e-04    3.9221535525e-02    1.0000000000e+30    0.0000000000e+00    1.0000000000e+30    0.0000000000e+00    1.0000000000e+30    0.0000000000e+00
 108.6200000    2.6878559328e-02    7.8125000000e-03   -7.8125000000e-03    0.0000000000e+00    1.0000000000e-04    3.9125878338e-02   -1.2276785714e-02    1.0044642857e-02    0.0000000000e+00    1.0000000000e-04    3.9216778335e-02    1.0000000000e+30    0.0000000000e+00    1.0000000000e+30    0.0000000000e+00    1.0000000000e+30    0.0000000000e+00
 108.6300000    2.6878559328e-02    7.8125000000e-03   -7.8125000000e-03    0.0000000000e+00    1.0000000000e-04    3.9121242848e-02   -1.2276785714e-02    1.0044642857e-02    0.0000000000e+00    1.0000000000e-04    3.9212038587e-02    1.0000000000e+30    0.0000000000e+00    1.0000000000e+30    0.0000000000e+00    1.0000000000e+30    0.0000000000e+00
 108.6400000    2.6878559328e-02    7.8125000000e-03   -7.8125000000e-03    0.0000000000e+00    1.0000000000e-04    3.9116634142e-02   -1.2276785714e-02    1.0044642857e-02    0.0000000000e+00    1.0000000000e-04    3.9207318743e-02    1.0000000000e+30    0.0000000000e+00    1.0000000000e+30    0.0000000000e+00    1.0000000000e+30    0.0000000000e+00
 108.6500000    2.6878559328e-02    7.8125000000e-03   -7.8125000000e-03    0.0000000000e+00    1.0000000000e-04    3.9111542264e-02   -1.2276785714e-02    1.0044642857e-02    0.0000000000e+00    1.0000000000e-04    3.9202621222e-02    1.0000000000e+30    0.0000000000e+00    1.0000000000e+30    0.0000000000e+00    1.0000000000e+30    0.0000000000e+00
 108.6600000    2.6878559328e-02    7.8125000000e-03   -7.8125000000e-03    0.0000000000e+00    1.0000000000e-04    3.9106450884e-02   -1.2276785714e-02    1.0044642857e-02    0.0000000000e+00    1.0000000000e-04    3.9197948378e-02    1.0000000000e+30    0.0000000000e+00    1.0000000000e+30    0.0000000000e+00    1.0000000000e+30    0.0000000000e+00
 108.6700000    2.6878559328e-02    7.8125000000e-03   -7.8125000000e-03    0.0000000000e+00    1.0000000000e-04    3.9101360892e-02   -1.2276785714e-02    1.0044642857e-02    0.0000000000e+00    1.0000000000e-04    3.9193302468e-02    1.0000000000e+30    0.0000000000e+00    1.0000000000e+30    0.0000000000e+00    1.0000000000e+30    0.0000000000e+00
 108.6800000    2.6878559328e-02    7.8125000000e-03   -7.8125000000e-03    0.0000000000e+00    1.0000000000e-04    3.9096273307e-02   -1.2276785714e-02    1.0044642857e-02    0.0000000000e+00    1.0000000000e-04    3.9188685627e-02    1.0000000000e+30    0.0000000000e+00    1.0000000000e+30    0.0000000000e+00    1.0000000000e+30    0.0000000000e+00
 108.6900000    2.6878559328e-02    7.8125000000e-03   -7.8125000000e-03    0.0000000000e+00    1.0000000000e-04    3.9091189270e-02   -1.2276785714e-02    1.0044642857e-02    0.0000000000e+00    1.0000000000e-04    3.9184099841e-02    1.0000000000e+30    0.0000000000e+00    1.0000000000e+30    0.0000000000e+00    1.0000000000e+30    0.0000000000e+00
 108.7000000    2.6878559328e-02    7.8125000000e-03   -7.8125000000e-03    0.0000000000e+00    1.0000000000e-04    3.9086110032e-02   -1.2276785714e-02    1.0044642857e-02    0.0000000000e+00    1.0000000000e-04    3.9179546924e-02    1.0000000000e+30    0.0000000000e+00    1.0000000000e+30    0.0000000000e+00    1.0000000000e+30    0.0000000000e+00
 108.7100000    2.6878559328e-02    7.8125000000e-03   -7.8125000000e-03    0.0000000000e+00    1.0000000000e-04    3.9081036943e-02   -1.2276785714e-02    1.0044642857e-02    0.0000000000e+00    1.0000000000e-04    3.9175028497e-02    1.0000000000e+30    0.0000000000e+00    1.0000000000e+30    0.0000000000e+00    1.0000000000e+30    0.0000000000e+00
 108.7200000    2.6878559328e-02    7.8125000000e-03   -7.8125000000e-03    0.0000000000e+00    1.0000000000e-04    3.9075971436e-02   -1.2276785714e-02    1.0044642857e-02    0.0000000000e+00    1.0000000000e-04    3.9170545967e-02    1.0000000000e+30    0.0000000000e+00    1.0000000000e+30    0.0000000000e+00    1.0000000000e+30    0.0000000000e+00
 108.7300000    2.6878559328e-02    7.8125000000e-03   -7.8125000000e-03    0.0000000000e+00    1.0000000000e-04    3.9070915020e-02   -1.2276785714e-02    1.0044642857e-02    0.0000000000e+00    1.0000000000e-04    3.9166100513e-02    1.0000000000e+30    0.0000000000e+00    1.0000000000e+30    0.0000000000e+00    1.0000000000e+30    0.0000000000e+00
 108.7400000    2.6878559328e-02    7.8125000000e-03   -7.8125000000e-03    0.0000000000e+00    1.0000000000e-04    3.9065869257e-02   -1.2276785714e-02    1.0044642857e-02    0.0000000000e+00    1.0000000000e-04    3.9161693071e-02    1.0000000000e+30    0.0000000000e+00    1.0000000000e+30    0.0000000000e+00    1.0000000000e+30    0.0000000000e+00
 108.7500000    2.6878559328e-02    7.8125000000e-03   -7.8125000000e-03    0.0000000000e+00    1.0000000000e-04    3.9060835752e-02   -1.2276785714e-02    1.0044642857e-02    0.0000000000e+00    1.0000000000e-04    3.9157324323e-02    1.0000000000e+30    0.0000000000e+00    1.0000000000e+30    0.0000000000e+00    1.0000000000e+30    0.0000000000e+00
 108.7600000    2.6878559328e-02    7.8125000000e-03   -7.8125000000e-03    0.0000000000e+00    1.0000000000e-04    3.9055816134e-02   -1.2276785714e-02    1.0044642857e-02    0.0000000000e+00    1.0000000000e-04    3.9152994691e-02    1.0000000000e+30    0.0000000000e+00    1.0000000000e+30    0.0000000000e+00    1.0000000000e+30    0.0000000000e+00
 108.7700000    2.6878559328e-02    7.8125000000e-03   -7.8125000000e-03    0.0000000000e+00    1.0000000000e-04    3.9050812040e-02   -1.2276785714e-02    1.0044642857e-02    0.0000000000e+00    1.0000000000e-04    3.9148704328e-02    1.0000000000e+30    0.0000000000e+00    1.0000000000e+30    0.0000000000e+00    1.0000000000e+30    0.0000000000e+00
 108.7800000    2.6878559328e-02    7.8125000000e-03   -7.8125000000e-03    0.0000000000e+00    1.0000000000e-04    3.9045825096e-02   -1.2276785714e-02    1.0044642857e-02    0.0000000000e+00    1.0000000000e-04    3.9144453124e-02    1.0000000000e+30    0.0000000000e+00    1.0000000000e+30    0.0000000000e+00    1.0000000000e+30    0.0000000000e+00
 108.7900000    2.6878559328e-02    7.8125000000e-03   -7.8125000000e-03    0.0000000000e+00    1.0000000000e-04    3.9040856901e-02   -1.2276785714e-02    1.0044642857e-02    0.0000000000e+00    1.0000000000e-04    3.9140240703e-02    1.0000000000e+30    0.0000000000e+00    1.0000000000e+30    0.0000000000e+00    1.0000000000e+30    0.0000000000e+00
 108.8000000    2.6878559328e-02    7.8125000000e-03   -7.8125000000e-03    0.0000000000e+00    1.0000000000e-04    3.9035909010e-02   -1.2276785714e-02    1.0044642857e-02    0.0000000000e+00    1.0000000000e-04    3.9136066428e-02    1.0000000000e+30    0.0000000000e+00    1.0000000000e+30    0.0000000000e+00    1.0000000000e+30    0.0000000000e+00
 108.8100000    2.6878559328e-02    7.8125000000e-03   -7.8125000000e-03    0.0000000000e+00    1.0000000000e-04    3.9030982914e-02   -1.2276785714e-02    1.0044642857e-02    0.0000000000e+00    1.0000000000e-04    3.9131929411e-02    1.0000000000e+30    0.0000000000e+00    1.0000000000e+30    0.0000000000e+00    1.0000000000e+30    0.0000000000e+00
 108.8200000    2.6878559328e-02    7.8125000000e-03   -7.8125000000e-03    0.0000000000e+00    1.0000000000e-04    3.9026080026e-02   -1.2276785714e-02    1.0044642857e-02    0.0000000000e+00    1.0000000000e-04    3.9127828526e-02    1.0000000000e+30    0.0000000000e+00    1.0000000000e+30    0.0000000000e+00    1.0000000000e+30    0.0000000000e+00
 108.8300000    2.6878559328e-02    7.8125000000e-03   -7.8125000000e-03    0.0000000000e+00    1.0000000000e-04    3.9021201662e-02   -1.2276785714e-02    1.0044642857e-02    0.0000000000e+00    1.0000000000e-04    3.9123762420e-02    1.0000000000e+30    0.0000000000e+00    1.0000000000e+30    0.0000000000e+00    1.0000000000e+30    0.0000000000e+00
 108.8400000    2.6878559328e-02    7.8125000000e-03   -7.8125000000e-03    0.0000000000e+00    1.0000000000e-04    3.9016349024e-02   -1.2276785714e-02    1.0044642857e-02    0.0000000000e+00    1.0000000000e-04    3.9119665643e-02    1.0000000000e+30    0.0000000000e+00    1.0000000000e+30    0.0000000000e+00    1.0000000000e+30    0.0000000000e+00
 108.8500000    2.6878559328e-02    7.8125000000e-03   -7.8125000000e-03    0.0000000000e+00    1.0000000000e-04    3.9011523191e-02   -1.2276785714e-02    1.0044642857e-02    0.0000000000e+00    1.0000000000e-04    3.9115134674e-02    1.0000000000e+30    0.0000000000e+00    1.0000000000e+30    0.0000000000e+00    1.0000000000e+30    0.0000000000e+00
 108.8600000    2.6878559328e-02    7.8125000000e-03   -7.8125000000e-03    0.0000000000e+00    1.0000000000e-04    3.9006725099e-02   -1.2276785714e-02    1.0044642857e-02    0.0000000000e+00    1.0000000000e-04    3.9110631416e-02    1.0000000000e+30    0.0000000000e+00    1.0000000000e+30    0.0000000000e+00    1.0000000000e+30    0.0000000000e+00
 108.8700000    2.6878559328e-02    7.8125000000e-03   -7.8125000000e-03    0.0000000000e+00    1.0000000000e-04    3.9001955530e-02   -1.2276785714e-02    1.0044642857e-02    0.0000000000e+00    1.0000000000e-04    3.9106156179e-02    1.0000000000e+30    0.0000000000e+00    1.0000000000e+30    0.0000000000e+00    1.0000000000e+30    0.0000000000e+00
 108.8800000    2.6878559328e-02    7.8125000000e-03   -7.8125000000e-03    0.0000000000e+00    1.0000000000e-04    3.8997215104e-02   -1.2276785714e-02    1.0044642857e-02    0.0000000000e+00    1.0000000000e-04    3.9101709120e-02    1.0000000000e+30    0.0000000000e+00    1.0000000000e+30    0.0000000000e+00    1.0000000000e+30    0.0000000000e+00
 108.8900000    2.6878559328e-02    7.8125000000e-03   -7.8125000000e-03    0.0000000000e+00    1.0000000000e-04    3.8992504266e-02   -1.2276785714e-02    1.0044642857e-02    0.0000000000e+00    1.0000000000e-04    3.9097290241e-02    1.0000000000e+30    0.0000000000e+00    1.0000000000e+30    0.0000000000e+00    1.0000000000e+30    0.0000000000e+00
 108.9000000    2.6878559328e-02    7.8125000000e-03   -7.8125000000e-03    0.0000000000e+00    1.0000000000e-04    3.8987823283e-02   -1.2276785714e-02    1.0044642857e-02    0.0000000000e+00    1.0000000000e-04    3.9092899387e-02    1.0000000000e+30    0.0000000000e+00    1.0000000000e+30    0.0000000000e+00    1.0000000000e+30    0.0000000000e+00
 108.9100000    2.6878559328e-02    7.8125000000e-03   -7.8125000000e-03    0.0000000000e+00    1.0000000000e-04    3.8983172233e-02   -1.2276785714e-02    1.0044642857e-02    0.0000000000e+00    1.0000000000e-04    3.9088536252e-02    1.0000000000e+30    0.0000000000e+00    1.0000000000e+30    0.0000000000e+00    1.0000000000e+30    0.0000000000e+00
 108.9200000    2.6878559328e-02    7.8125000000e-03   -7.8125000000e-03    0.0000000000e+00    1.0000000000e-04    3.8978551004e-02   -1.2276785714e-02    1.0044642857e-02    0.0000000000e+00    1.0000000000e-04    3.9084200381e-02    1.0000000000e+30    0.0000000000e+00    1.0000000000e+30    0.0000000000e+00    1.0000000000e+30    0.0000000000e+00
 108.9300000    2.6878559328e-02    7.8125000000e-03   -7.8125000000e-03    0.0000000000e+00    1.0000000000e-04    3.8973959295e-02   -1.2276785714e-02    1.0044642857e-02    0.0000000000e+00    1.0000000000e-04    3.9079891172e-02    1.0000000000e+30    0.0000000000e+00    1.0000000000e+30    0.0000000000e+00    1.0000000000e+30    0.0000000000e+00
 108.9400000    2.6878559328e-02    7.8125000000e-03   -7.8125000000e-03    0.0000000000e+00    1.0000000000e-04    3.8969396613e-02   -1.2276785714e-02    1.0044642857e-02    0.0000000000e+00    1.0000000000e-04    3.9075607889e-02    1.0000000000e+30    0.0000000000e+00    1.0000000000e+30    0.0000000000e+00    1.0000000000e+30    0.0000000000e+00
 108.9500000    2.6878559328e-02    7.8125000000e-03   -7.8125000000e-03    0.0000000000e+00    1.0000000000e-04    3.8964862277e-02   -1.2276785714e-02    1.0044642857e-02    0.0000000000e+00    1.0000000000e-04    3.9071349671e-02    1.0000000000e+30    0.0000000000e+00    1.0000000000e+30    0.0000000000e+00    1.0000000000e+30    0.0000000000e+00
 108.9600000    2.6878559328e-02    7.8125000000e-03   -7.8125000000e-03    0.0000000000e+00    1.0000000000e-04    3.8960355427e-02   -1.2276785714e-02    1.0044642857e-02    0.0000000000e+00    1.0000000000e-04    3.9067115536e-02    1.0000000000e+30    0.0000000000e+00    1.0000000000e+30    0.0000000000e+00    1.0000000000e+30    0.0000000000e+00
 108.9700000    2.6878559328e-02    7.8125000000e-03   -7.8125000000e-03    0.0000000000e+00    1.0000000000e-04    3.8955875026e-02   -1.2276785714e-02    1.0044642857e-02    0.0000000000e+00    1.0000000000e-04    3.9062904400e-02    1.0000000000e+30    0.0000000000e+00    1.0000000000e+30    0.0000000000e+00    1.0000000000e+30    0.0000000000e+00
 108.9800000    2.6878559328e-02    7.8125000000e-03   -7.8125000000e-03    0.0000000000e+00    1.0000000000e-04    3.8951419872e-02   -1.2276785714e-02    1.0044642857e-02    0.0000000000e+00    1.0000000000e-04    3.9058715087e-02    1.0000000000e+30    0.0000000000e+00    1.0000000000e+30    0.0000000000e+00    1.0000000000e+30    0.0000000000e+00
 108.9900000    2.6878559328e-02    7.8125000000e-03   -7.8125000000e-03    0.0000000000e+00    1.0000000000e-04    3.8946988612e-02   -1.2276785714e-02    1.0044642857e-02    0.0000000000e+00    1.0000000000e-04    3.9054546344e-02    1.0000000000e+30    0.0000000000e+00    1.0000000000e+30    0.0000000000e+00    1.0000000000e+30    0.0000000000e+00
 109.0000000    2.6878559328e-02    7.8125000000e-03   -7.8125000000e-03    0.0000000000e+00    1.0000000000e-04    3.8942579752e-02   -1.2276785714e-02    1.0044642857e-02    0.0000000000e+00    1.0000000000e-04    3.9050396858e-02    1.0000000000e+30    0.0000000000e+00    1.0000000000e+30    0.0000000000e+00    1.0000000000e+30    0.0000000000e+00
 109.0100000    2.6878559328e-02    7.8125000000e-03   -7.8125000000e-03    0.0000000000e+00    1.0000000000e-04    3.8938191673e-02   -1.2276785714e-02    1.0044642857e-02    0.0000000000e+00    1.0000000000e-04    3.9046265266e-02    1.0000000000e+30    0.0000000000e+00    1.0000000000e+30    0.0000000000e+00    1.0000000000e+30    0.0000000000e+00
 109.0200000    2.6878559328e-02    7.8125000000e-03   -7.8125000000e-03    0.0000000000e+00    1.0000000000e-04    3.8933822653e-02   -1.2276785714e-02    1.0044642857e-02    0.0000000000e+00    1.0000000000e-04    3.9042150179e-02    1.0000000000e+30    0.0000000000e+00    1.0000000000e+30    0.0000000000e+00    1.0000000000e+30    0.0000000000e+00
 109.0300000    2.6878559328e-02    7.8125000000e-03   -7.8125000000e-03    0.0000000000e+00    1.0000000000e-04    3.8929470877e-02   -1.2276785714e-02    1.0044642857e-02    0.0000000000e+00    1.0000000000e-04    3.9038050193e-02    1.0000000000e+30    0.0000000000e+00    1.0000000000e+30    0.0000000000e+00    1.0000000000e+30    0.0000000000e+00
 109.0400000    2.6878559328e-02    7.8125000000e-03   -7.8125000000e-03    0.0000000000e+00    1.0000000000e-04    3.8925134463e-02   -1.2276785714e-02    1.0044642857e-02    0.0000000000e+00    1.0000000000e-04    3.9033963907e-02    1.0000000000e+30    0.0000000000e+00    1.0000000000e+30    0.0000000000e+00    1.0000000000e+30    0.0000000000e+00
 109.0500000    2.6878559328e-02    7.8125000000e-03   -7.8125000000e-03    0.0000000000e+00    1.0000000000e-04    3.8920811481e-02   -1.2276785714e-02    1.0044642857e-02    0.0000000000e+00    1.0000000000e-04    3.9029889939e-02    1.0000000000e+30    0.0000000000e+00    1.0000000000e+30    0.0000000000e+00    1.0000000000e+30    0.0000000000e+00
 109.0600000    2.6878559328e-02    7.8125000000e-03   -7.8125000000e-03    0.0000000000e+00    1.0000000000e-04    3.8916499973e-02   -1.2276785714e-02    1.0044642857e-02    0.0000000000e+00    1.0000000000e-04    3.9025826945e-02    1.0000000000e+30    0.0000000000e+00    1.0000000000e+30    0.0000000000e+00    1.0000000000e+30    0.0000000000e+00
 109.0700000    2.6878559328e-02    7.8125000000e-03   -7.8125000000e-03    0.0000000000e+00    1.0000000000e-04    3.8912197977e-02   -1.2276785714e-02    1.0044642857e-02    0.0000000000e+00    1.0000000000e-04    3.9021773627e-02    1.0000000000e+30    0.0000000000e+00    1.0000000000e+30    0.0000000000e+00    1.0000000000e+30    0.0000000000e+00
 109.0800000    2.6878559328e-02    7.8125000000e-03   -7.8125000000e-03    0.0000000000e+00    1.0000000000e-04    3.8907903546e-02   -1.2276785714e-02    1.0044642857e-02    0.0000000000e+00    1.0000000000e-04    3.9017728754e-02    1.0000000000e+30    0.0000000000e+00    1.0000000000e+30    0.0000000000e+00    1.0000000000e+30    0.0000000000e+00
 109.0900000    2.6878559328e-02    7.8125000000e-03   -7.8125000000e-03    0.0000000000e+00    1.0000000000e-04    3.8903614770e-02   -1.2276785714e-02    1.0044642857e-02    0.0000000000e+00    1.0000000000e-04    3.9013691171e-02    1.0000000000e+30    0.0000000000e+00    1.0000000000e+30    0.0000000000e+00    1.0000000000e+30    0.0000000000e+00
 109.1000000    2.6878559328e-02    7.8125000000e-03   -7.8125000000e-03    0.0000000000e+00    1.0000000000e-04    3.8899329798e-02   -1.2276785714e-02    1.0044642857e-02    0.0000000000e+00    1.0000000000e-04    3.9009659815e-02    1.0000000000e+30    0.0000000000e+00    1.0000000000e+30    0.0000000000e+00    1.0000000000e+30    0.0000000000e+00
 109.1100000    2.6878559328e-02    7.8125000000e-03   -7.8125000000e-03    0.0000000000e+00    1.0000000000e-04    3.8895046862e-02   -1.2276785714e-02    1.0044642857e-02    0.0000000000e+00    1.0000000000e-04    3.9005633718e-02    1.0000000000e+30    0.0000000000e+00    1.0000000000e+30    0.0000000000e+00    1.0000000000e+30    0.0000000000e+00
 109.1200000    2.6878559328e-02    7.8125000000e-03   -7.8125000000e-03    0.0000000000e+00    1.0000000000e-04    3.8890764287e-02   -1.2276785714e-02    1.0044642857e-02    0.0000000000e+00    1.0000000000e-04    3.9001612027e-02    1.0000000000e+30    0.0000000000e+00    1.0000000000e+30    0.0000000000e+00    1.0000000000e+30    0.0000000000e+00
 109.1300000    2.6878559328e-02    7.8125000000e-03   -7.8125000000e-03    0.0000000000e+00    1.0000000000e-04    3.8886480519e-02   -1.2276785714e-02    1.0044642857e-02    0.0000000000e+00    1.0000000000e-04    3.8997594000e-02    1.0000000000e+30    0.0000000000e+00    1.0000000000e+30    0.0000000000e+00    1.0000000000e+30    0.0000000000e+00
 109.1400000    2.6878559328e-02    7.8125000000e-03   -7.8125000000e-03    0.0000000000e+00    1.0000000000e-04    3.8882194137e-02   -1.2276785714e-02    1.0044642857e-02    0.0000000000e+00    1.0000000000e-04    3.8993579023e-02    1.0000000000e+30    0.0000000000e+00    1.0000000000e+30    0.0000000000e+00    1.0000000000e+30    0.0000000000e+00
 109.1500000    2.6878559328e-02    7.8125000000e-03   -7.8125000000e-03    0.0000000000e+00    1.0000000000e-04    3.8877903871e-02   -1.2276785714e-02    1.0044642857e-02    0.0000000000e+00    1.0000000000e-04    3.8989566604e-02    1.0000000000e+30    0.0000000000e+00    1.0000000000e+30    0.0000000000e+00    1.0000000000e+30    0.0000000000e+00
 109.1600000    2.6878559328e-02    7.8125000000e-03   -7.8125000000e-03    0.0000000000e+00    1.0000000000e-04    3.8873608611e-02   -1.2276785714e-02    1.0044642857e-02    0.0000000000e+00    1.0000000000e-04    3.8985556384e-02    1.0000000000e+30    0.0000000000e+00    1.0000000000e+30    0.0000000000e+00    1.0000000000e+30    0.0000000000e+00
 109.1700000    2.6878559328e-02    7.8125000000e-03   -7.8125000000e-03    0.0000000000e+00    1.0000000000e-04    3.8869307424e-02   -1.2276785714e-02    1.0044642857e-02    0.0000000000e+00    1.0000000000e-04    3.8981548134e-02    1.0000000000e+30    0.0000000000e+00    1.0000000000e+30    0.0000000000e+00    1.0000000000e+30    0.0000000000e+00
 109.1800000    2.6878559328e-02    7.8125000000e-03   -7.8125000000e-03    0.0000000000e+00    1.0000000000e-04    3.8864999560e-02   -1.2276785714e-02    1.0044642857e-02    0.0000000000e+00    1.0000000000e-04    3.8977541753e-02    1.0000000000e+30    0.0000000000e+00    1.0000000000e+30    0.0000000000e+00    1.0000000000e+30    0.0000000000e+00
 109.1900000    2.6878559328e-02    7.8125000000e-03   -7.8125000000e-03    0.0000000000e+00    1.0000000000e-04    3.8860684462e-02   -1.2276785714e-02    1.0044642857e-02    0.0000000000e+00    1.0000000000e-04    3.8973537269e-02    1.0000000000e+30    0.0000000000e+00    1.0000000000e+30    0.0000000000e+00    1.0000000000e+30    0.0000000000e+00
 109.2000000    2.6878559328e-02    7.8125000000e-03   -7.8125000000e-03    0.0000000000e+00    1.0000000000e-04    3.8856361768e-02   -1.2276785714e-02    1.0044642857e-02    0.0000000000e+00    1.0000000000e-04    3.8969534835e-02    1.0000000000e+30    0.0000000000e+00    1.0000000000e+30    0.0000000000e+00    1.0000000000e+30    0.0000000000e+00
 109.2100000    2.6878559328e-02    7.8125000000e-03   -7.8125000000e-03    0.0000000000e+00    1.0000000000e-04    3.8852031319e-02   -1.2276785714e-02    1.0044642857e-02    0.0000000000e+00    1.0000000000e-04    3.8965534722e-02    1.0000000000e+30    0.0000000000e+00    1.0000000000e+30    0.0000000000e+00    1.0000000000e+30    0.0000000000e+00
 109.2200000    2.6878559328e-02    7.8125000000e-03   -7.8125000000e-03    0.0000000000e+00    1.0000000000e-04    3.8847693153e-02   -1.2276785714e-02    1.0044642857e-02    0.0000000000e+00    1.0000000000e-04    3.8961537312e-02    1.0000000000e+30    0.0000000000e+00    1.0000000000e+30    0.0000000000e+00    1.0000000000e+30    0.0000000000e+00
 109.2300000    2.6878559328e-02    7.8125000000e-03   -7.8125000000e-03    0.0000000000e+00    1.0000000000e-04    3.8843347509e-02   -1.2276785714e-02    1.0044642857e-02    0.0000000000e+00    1.0000000000e-04    3.8957543093e-02    1.0000000000e+30    0.0000000000e+00    1.0000000000e+30    0.0000000000e+00    1.0000000000e+30    0.0000000000e+00
 109.2400000    2.6878559328e-02    7.8125000000e-03   -7.8125000000e-03    0.0000000000e+00    1.0000000000e-04    3.8838994821e-02   -1.2276785714e-02    1.0044642857e-02    0.0000000000e+00    1.0000000000e-04    3.8953552647e-02    1.0000000000e+30    0.0000000000e+00    1.0000000000e+30    0.0000000000e+00    1.0000000000e+30    0.0000000000e+00
 109.2500000    2.6878559328e-02    7.8125000000e-03   -7.8125000000e-03    0.0000000000e+00    1.0000000000e-04    3.8834635711e-02   -1.2276785714e-02    1.0044642857e-02    0.0000000000e+00    1.0000000000e-04    3.8949566644e-02    1.0000000000e+30    0.0000000000e+00    1.0000000000e+30    0.0000000000e+00    1.0000000000e+30    0.0000000000e+00
 109.2600000    2.6878559328e-02    7.8125000000e-03   -7.8125000000e-03    0.0000000000e+00    1.0000000000e-04    3.8830270982e-02   -1.2276785714e-02    1.0044642857e-02    0.0000000000e+00    1.0000000000e-04    3.8945585825e-02    1.0000000000e+30    0.0000000000e+00    1.0000000000e+30    0.0000000000e+00    1.0000000000e+30    0.0000000000e+00
 109.2700000    2.6878559328e-02    7.8125000000e-03   -7.8125000000e-03    0.0000000000e+00    1.0000000000e-04    3.8825901606e-02   -1.2276785714e-02    1.0044642857e-02    0.0000000000e+00    1.0000000000e-04    3.8941610998e-02    1.0000000000e+30    0.0000000000e+00    1.0000000000e+30    0.0000000000e+00    1.0000000000e+30    0.0000000000e+00
 109.2800000    2.6878559328e-02    7.8125000000e-03   -7.8125000000e-03    0.0000000000e+00    1.0000000000e-04    3.8821528713e-02   -1.2276785714e-02    1.0044642857e-02    0.0000000000e+00    1.0000000000e-04    3.8937643019e-02    1.0000000000e+30    0.0000000000e+00    1.0000000000e+30    0.0000000000e+00    1.0000000000e+30    0.0000000000e+00
 109.2900000    2.6878559328e-02    7.8125000000e-03   -7.8125000000e-03    0.0000000000e+00    1.0000000000e-04    3.8817153577e-02   -1.2276785714e-02    1.0044642857e-02    0.0000000000e+00    1.0000000000e-04    3.8933682784e-02    1.0000000000e+30    0.0000000000e+00    1.0000000000e+30    0.0000000000e+00    1.0000000000e+30    0.0000000000e+00
 109.3000000    2.6878559328e-02    7.8125000000e-03   -7.8125000000e-03    0.0000000000e+00    1.0000000000e-04    3.8812777597e-02   -1.2276785714e-02    1.0044642857e-02    0.0000000000e+00    1.0000000000e-04    3.8929731212e-02    1.0000000000e+30    0.0000000000e+00    1.0000000000e+30    0.0000000000e+00    1.0000000000e+30    0.0000000000e+00
 109.3100000    2.6878559328e-02    7.8125000000e-03   -7.8125000000e-03    0.0000000000e+00    1.0000000000e-04    3.8808402284e-02   -1.2276785714e-02    1.0044642857e-02    0.0000000000e+00    1.0000000000e-04    3.8925789238e-02    1.0000000000e+30    0.0000000000e+00    1.0000000000e+30    0.0000000000e+00    1.0000000000e+30    0.0000000000e+00
 109.3200000    2.6878559328e-02    7.8125000000e-03   -7.8125000000e-03    0.0000000000e+00    1.0000000000e-04    3.8804029237e-02   -1.2276785714e-02    1.0044642857e-02    0.0000000000e+00    1.0000000000e-04    3.8921857792e-02    1.0000000000e+30    0.0000000000e+00    1.0000000000e+30    0.0000000000e+00    1.0000000000e+30    0.0000000000e+00
 109.3300000    2.6878559328e-02    7.8125000000e-03   -7.8125000000e-03    0.0000000000e+00    1.0000000000e-04    3.8799660129e-02   -1.2276785714e-02    1.0044642857e-02    0.0000000000e+00    1.0000000000e-04    3.8917937794e-02    1.0000000000e+30    0.0000000000e+00    1.0000000000e+30    0.0000000000e+00    1.0000000000e+30    0.0000000000e+00
 109.3400000    2.6878559328e-02    7.8125000000e-03   -7.8125000000e-03    0.0000000000e+00    1.0000000000e-04    3.8795296679e-02   -1.2276785714e-02    1.0044642857e-02    0.0000000000e+00    1.0000000000e-04    3.8914030135e-02    1.0000000000e+30    0.0000000000e+00    1.0000000000e+30    0.0000000000e+00    1.0000000000e+30    0.0000000000e+00
 109.3500000    2.6878559328e-02    7.8125000000e-03   -7.8125000000e-03    0.0000000000e+00    1.0000000000e-04    3.8790940638e-02   -1.2276785714e-02    1.0044642857e-02    0.0000000000e+00    1.0000000000e-04    3.8910135668e-02    1.0000000000e+30    0.0000000000e+00    1.0000000000e+30    0.0000000000e+00    1.0000000000e+30    0.0000000000e+00
 109.3600000    2.6878559328e-02    7.8125000000e-03   -7.8125000000e-03    0.0000000000e+00    1.0000000000e-04    3.8786593759e-02   -1.2276785714e-02    1.0044642857e-02    0.0000000000e+00    1.0000000000e-04    3.8906255198e-02    1.0000000000e+30    0.0000000000e+00    1.0000000000e+30    0.0000000000e+00    1.0000000000e+30    0.0000000000e+00
 109.3700000    2.6878559328e-02    7.8125000000e-03   -7.8125000000e-03    0.0000000000e+00    1.0000000000e-04    3.8782257784e-02   -1.2276785714e-02    1.0044642857e-02    0.0000000000e+00    1.0000000000e-04    3.8902389468e-02    1.0000000000e+30    0.0000000000e+00    1.0000000000e+30    0.0000000000e+00    1.0000000000e+30    0.0000000000e+00
 109.3800000    2.6878559328e-02    7.8125000000e-03   -7.8125000000e-03    0.0000000000e+00    1.0000000000e-04    3.8777934415e-02   -1.2276785714e-02    1.0044642857e-02    0.0000000000e+00    1.0000000000e-04    3.8898539150e-02    1.0000000000e+30    0.0000000000e+00    1.0000000000e+30    0.0000000000e+00    1.0000000000e+30    0.0000000000e+00
 109.3900000    2.6878559328e-02    7.8125000000e-03   -7.8125000000e-03    0.0000000000e+00    1.0000000000e-04    3.8773625295e-02   -1.2276785714e-02    1.0044642857e-02    0.0000000000e+00    1.0000000000e-04    3.8894704836e-02    1.0000000000e+30    0.0000000000e+00    1.0000000000e+30    0.0000000000e+00    1.0000000000e+30    0.0000000000e+00
 109.4000000    2.6878559328e-02    7.8125000000e-03   -7.8125000000e-03    0.0000000000e+00    1.0000000000e-04    3.8769331986e-02   -1.2276785714e-02    1.0044642857e-02    0.0000000000e+00    1.0000000000e-04    3.8890887033e-02    1.0000000000e+30    0.0000000000e+00    1.0000000000e+30    0.0000000000e+00    1.0000000000e+30    0.0000000000e+00
