# thinned to dt=0.05 from the every-step stream; the last 1 time units are kept whole (the death window)
#       time         integral Re         integral Im         integral Re         integral Im         integral Re         integral Im         integral Re         integral Im
#       r =            14.000000           14.000000           20.000000           20.000000           26.000000           26.000000           30.000000           30.000000
   0.0100000   -3.2786779832e-10    8.1977150598e-10   -4.4261153203e-11    8.1431092720e-11   -3.1907488541e-09    7.7044155921e-10    1.8273540778e-12   -7.4459722433e-11
   0.0600000   -1.2850875963e-10    2.1487059421e-09   -2.0285133726e-10   -1.7091481341e-11   -3.1410727547e-09    2.5128490320e-10    3.6888672334e-12   -4.9497824651e-10
   0.1100000    3.3296643958e-10    3.7245380251e-09   -3.1520904382e-10   -1.7664462698e-10   -2.7274619383e-09    3.6057836829e-10   -5.0042681693e-12   -6.9525899570e-10
   0.1600000    1.1694009521e-09    5.3700169772e-09   -3.5163101015e-10   -3.8835575077e-10   -1.9303457887e-09    9.7199116440e-10   -2.0886876671e-11   -7.1654877091e-10
   0.2100000    2.3567214209e-09    6.7972564930e-09   -2.6784077776e-10   -6.3462119585e-10   -7.6621597915e-10    1.8962144778e-09   -4.0878874382e-11   -5.9652944136e-10
   0.2600000    3.7024468256e-09    7.6870070368e-09   -3.3762895308e-11   -8.9936380943e-10    6.7698603820e-10    2.9240481850e-09   -6.2506495012e-11   -3.6886694419e-10
   0.3100000    4.8945528280e-09    7.7862825420e-09    3.3427508487e-10   -1.1543314370e-09    2.2247624998e-09    3.8658261149e-09   -8.3857937549e-11   -6.2934965283e-11
   0.3600000    5.6153238899e-09    6.9865234507e-09    7.7055399467e-10   -1.3376515864e-09    3.6318453502e-09    4.5798614685e-09   -1.0346941373e-10    2.9626925234e-10
   0.4100000    5.6587687671e-09    5.3565180295e-09    1.1875740632e-09   -1.3703924325e-09    4.6287750328e-09    4.9859393541e-09   -1.2024024621e-10    6.8799776689e-10
   0.4600000    4.9942348557e-09    3.1250430108e-09    1.4917963902e-09   -1.2212777060e-09    4.9879671918e-09    5.0641780121e-09   -1.3338063527e-10    1.0954683077e-09
   0.5100000    3.7617109233e-09    6.2448550702e-10    1.5571308750e-09   -9.6155883138e-10    4.5896041693e-09    4.8430020493e-09   -1.4242000925e-10    1.5054811563e-09
   0.5600000    2.2179557723e-09   -1.7845894100e-09    1.2177648919e-09   -7.3207951511e-10    3.4663571084e-09    4.3819301765e-09   -1.4721690093e-10    1.9079866633e-09
   0.6100000    6.5779624753e-10   -3.7853223307e-09    3.8191631965e-10   -6.2244016058e-10    1.8109587436e-09    3.7549789691e-09   -1.4796963425e-10    2.2956341722e-09
   0.6600000   -6.6421395909e-10   -5.1556425844e-09   -7.9051123562e-10   -5.8780262758e-10   -5.8839923842e-11    3.0386133591e-09   -1.4520791406e-10    2.6633416573e-09
   0.7100000   -1.5836149456e-09   -5.7925684116e-09   -1.8955044496e-09   -5.3807471684e-10   -1.7703759549e-09    2.3055878592e-09   -1.3975703666e-10    3.0078963972e-09
   0.7600000   -2.0320336635e-09   -5.7123265982e-09   -2.5885239882e-09   -5.3514829188e-10   -2.9831128897e-09    1.6234729986e-09   -1.3266621984e-10    3.3275804160e-09
   0.8100000   -2.0138651307e-09   -5.0309899557e-09   -2.8832387056e-09   -8.2611402341e-10   -3.4689784250e-09    1.0548384602e-09   -1.2510087822e-10    3.6218648115e-09
   0.8600000   -1.5855264187e-09   -3.9285149241e-09   -3.0442162207e-09   -1.5553423665e-09   -3.1636902058e-09    6.5604415167e-10   -1.1824714880e-10    3.8911094758e-09
   0.9100000   -8.5004847469e-10   -2.6039716958e-09   -3.1366102345e-09   -2.4016462012e-09   -2.1754205486e-09    4.7262060239e-10   -1.1318203412e-10    4.1363564353e-09
   0.9600000    4.7527666651e-11   -1.2359913706e-09   -2.7540787233e-09   -2.6034597545e-09   -7.4918948163e-10    5.3138531075e-10   -1.1078581609e-10    4.3591147689e-09
   1.0100000    9.4474572927e-10    3.8652182766e-11   -1.2959868633e-09   -1.5294545437e-09    8.0171852012e-10    8.3140301754e-10   -1.1165386080e-10    4.5612087605e-09
   1.0600000    1.7033624654e-09    1.1267308858e-09    1.3848249705e-09    6.0714688147e-10    2.1770458213e-09    1.3372899797e-09   -1.1605049925e-10    4.7446429065e-09
   1.1100000    2.2458899460e-09    1.9693407793e-09    4.4995706501e-09    2.5466725992e-09    3.1603322251e-09    1.9784432472e-09   -1.2389677164e-10    4.9115039739e-09
   1.1600000    2.5666731140e-09    2.5324492303e-09    6.5027165316e-09    2.6381865706e-09    3.6602706429e-09    2.6562543276e-09   -1.3477474055e-10    5.0638686204e-09
   1.2100000    2.7133939617e-09    2.8019726776e-09    6.0412846201e-09    2.6043392614e-11    3.7133149188e-09    3.2593142714e-09   -1.4797958891e-10    5.2037525929e-09
   1.2600000    2.7519561930e-09    2.7829819792e-09    3.0926600601e-09   -4.5105694631e-09    3.4506126087e-09    3.6838662282e-09   -1.6258989856e-10    5.3330557566e-09
   1.3100000    2.7344201146e-09    2.5016056164e-09   -7.7293777237e-10   -8.8623046007e-09    3.0425088598e-09    3.8549339434e-09   -1.7753795211e-10    5.4535062766e-09
   1.3600000    2.6857813089e-09    2.0065624667e-09   -3.4981787698e-09   -1.0975548458e-08    2.6399981836e-09    3.7426961757e-09   -1.9169147782e-10    5.5666457325e-09
   1.4100000    2.6117508404e-09    1.3675334314e-09   -4.0948397228e-09   -1.0244126620e-08    2.3317263034e-09    3.3697049912e-09   -2.0394592289e-10    5.6737821110e-09
   1.4600000    2.5141929916e-09    6.6921856086e-10   -3.1273299758e-09   -7.7174560449e-09    2.1288381353e-09    2.8065091307e-09   -2.1328667956e-10    5.7759895688e-09
   1.5100000    2.3987887716e-09    1.9719044164e-12   -1.7635339011e-09   -5.0111540025e-09    1.9798075249e-09    2.1565780310e-09   -2.1883904235e-10    5.8740656987e-09
   1.5600000    2.2724025250e-09   -5.4962789497e-10   -6.0178080596e-10   -3.0336110098e-09    1.8073435296e-09    1.5340446712e-09   -2.1994669524e-10    5.9685629448e-09
   1.6100000    2.1387799678e-09   -9.2016521787e-10    4.8911670539e-10   -1.7045473565e-09    1.5524280245e-09    1.0397691610e-09   -2.1619278358e-10    6.0597489845e-09
   1.6600000    2.0026177431e-09   -1.0750971163e-09    1.6328868261e-09   -6.9523132350e-10    1.2088321048e-09    7.4173021681e-10   -2.0739890204e-10    6.1476416694e-09
   1.7100000    1.8793842267e-09   -1.0171764051e-09    2.3601418441e-09   -1.5890810533e-10    8.3546674730e-10    6.6422298724e-10   -1.9366176215e-10    6.2320301933e-09
   1.7600000    1.7982196265e-09   -7.8463242761e-10    1.8675981794e-09   -5.7729391970e-10    5.4207726078e-10    7.8788210440e-10   -1.7533583644e-10    6.3124921353e-09
   1.8100000    1.7894023879e-09   -4.4351965213e-10   -9.9725290828e-11   -1.9618124140e-09    4.5315887067e-10    1.0595730411e-09   -1.5301296857e-10    6.3884387946e-09
   1.8600000    1.8609547991e-09   -7.7265610366e-11   -2.5806349385e-09   -3.4332963442e-09    6.6271094000e-10    1.4085560417e-09   -1.2748491491e-10    6.4591310038e-09
   1.9100000    1.9856178118e-09    2.2734615902e-10   -3.7719579115e-09   -3.8059521671e-09    1.1956001706e-09    1.7640761580e-09   -9.9679005912e-11    6.5237561836e-09
   1.9600000    2.1170709098e-09    4.0082728501e-10   -2.4620819514e-09   -2.6770731752e-09    1.9893428730e-09    2.0696750049e-09   -7.0659973789e-11    6.5814425451e-09
   2.0100000    2.2276924819e-09    4.1371923340e-10    6.8151318041e-10   -9.1830117844e-10    2.9032708789e-09    2.2910510286e-09   -4.1520715295e-11    6.6313264882e-09
   2.0600000    2.3295404600e-09    2.8705603346e-10    3.4338366723e-09   -3.9477669473e-11    3.7532526808e-09    2.4166785693e-09   -1.3339299149e-11    6.6725711459e-09
   2.1100000    2.4448445081e-09    7.5405994064e-11    3.8934245132e-09   -1.0090321472e-09    4.3614066437e-09    2.4524820413e-09    1.2865264286e-11    6.7044157334e-09
   2.1600000    2.5458140920e-09   -1.7069400793e-10    2.0856287442e-09   -3.5734760053e-09    4.6056212879e-09    2.4136693031e-09    3.6194777349e-11    6.7262044683e-09
   2.2100000    2.5403385084e-09   -4.2906188466e-10   -3.2691420902e-10   -6.5411735559e-09    4.4535150928e-09    2.3169532993e-09    5.5899840683e-11    6.7374215561e-09
   2.2600000    2.3545735566e-09   -6.8535465952e-10   -1.7442109340e-09   -8.6310102689e-09    3.9703991524e-09    2.1758370359e-09    7.1398870786e-11    6.7377040465e-09
   2.3100000    2.0503711512e-09   -8.8676321158e-10   -1.8651355130e-09   -9.1801086182e-09    3.2991282301e-09    2.0000218889e-09    8.2310945743e-11    6.7268654421e-09
   2.3600000    1.8301136043e-09   -9.3699911070e-10   -1.4322719819e-09   -8.3058526881e-09    2.6185493246e-09    1.7982204662e-09    8.8439831943e-11    6.7049093974e-09
   2.4100000    1.8635871124e-09   -7.7363864296e-10   -1.1715877759e-09   -6.5736241491e-09    2.0936336586e-09    1.5824333137e-09    8.9770473168e-11    6.6720339098e-09
   2.4600000    2.0886697061e-09   -4.7036891543e-10   -1.1494794903e-09   -4.5463179579e-09    1.8325246218e-09    1.3710913230e-09    8.6458228654e-11    6.6286355730e-09
   2.5100000    2.2398523174e-09   -2.4857090505e-10   -9.8825664930e-10   -2.6422326551e-09    1.8630248135e-09    1.1891380739e-09    7.8824704738e-11    6.5753033643e-09
   2.5600000    2.1463331841e-09   -3.5753130354e-10   -4.9374798081e-10   -1.3582779329e-09    2.1343173422e-09    1.0642193952e-09    6.7293917774e-11    6.5128125948e-09
   2.6100000    1.9816989937e-09   -9.1254249867e-10    2.0495265355e-11   -1.3744633542e-09    2.5415101237e-09    1.0198052941e-09    5.2404435022e-11    6.4421188025e-09
   2.6600000    2.1036874203e-09   -1.8101400284e-09    8.4541983367e-11   -3.0770896787e-09    2.9636897168e-09    1.0674797969e-09    3.4767623173e-11    6.3643149705e-09
   2.7100000    2.5837787948e-09   -2.7476158280e-09   -2.5749443147e-10   -5.8480527366e-09    3.3023419335e-09    1.2010441625e-09    1.5042106985e-11    6.2806375462e-09
   2.7600000    3.0089624830e-09   -3.3001818356e-09   -2.9097166876e-10   -8.0849148257e-09    3.5079607551e-09    1.3950202563e-09   -6.0838822978e-12    6.1924295886e-09
   2.8100000    2.9326118424e-09   -3.0441559926e-09    6.7524272022e-10   -8.3112584998e-09    3.5874058110e-09    1.6085921045e-09   -2.7937385087e-11    6.1011043345e-09
   2.8600000    2.5161991139e-09   -1.7599811753e-09    2.4706794426e-09   -6.4438916953e-09    3.5913137108e-09    1.7943426081e-09   -4.9867270160e-11    6.0081255997e-09
   2.9100000    2.4567466706e-09    3.2144913300e-10    4.0141259661e-09   -3.9265124515e-09    3.5878441125e-09    1.9096913999e-09   -7.1284378187e-11    5.9149626680e-09
   2.9600000    3.0487209334e-09    2.4135276762e-09    4.0948277439e-09   -2.5657593951e-09    3.6328665470e-09    1.9276137312e-09   -9.1661628790e-11    5.8230694588e-09
   3.0100000    3.4887793082e-09    3.4337307594e-09    2.2411996909e-09   -3.2029593676e-09    3.7475893336e-09    1.8435026874e-09   -1.1057543721e-10    5.7338492535e-09
   3.0600000    2.6073405276e-09    2.6441469553e-09   -9.4732343029e-10   -5.3597596010e-09    3.9110606561e-09    1.6761273445e-09   -1.2771377176e-10    5.6486274785e-09
   3.1100000    5.5513379735e-10    3.0124414778e-10   -4.1337368291e-09   -7.8861790223e-09    4.0698212825e-09    1.4622442034e-09   -1.4288728718e-10    5.5686106400e-09
   3.1600000   -6.3294749832e-10   -2.2903736312e-09   -6.0189029083e-09   -9.7823995584e-09    4.1602085287e-09    1.2465901044e-09   -1.5602655155e-10    5.4948903894e-09
   3.2100000    1.0925862418e-09   -3.6140961040e-09   -6.0401266483e-09   -1.0533672862e-08    4.1350084057e-09    1.0702562070e-09   -1.6718808497e-10    5.4283876358e-09
   3.2600000    5.0795831684e-09   -3.1465067004e-09   -4.4471598025e-09   -1.0002570337e-08    3.9844437598e-09    9.6072873846e-10   -1.7654885638e-10    5.3698801639e-09
   3.3100000    7.7465966131e-09   -1.8306594995e-09   -1.8183828843e-09   -8.3000443029e-09    3.7439751333e-09    9.2644630613e-10   -1.8437247679e-10    5.3199513489e-09
   3.3600000    6.0128003457e-09   -1.1924865285e-09    1.2881413854e-09   -5.8557878961e-09    3.4856826499e-09    9.5716745584e-10   -1.9099449203e-10    5.2790130200e-09
   3.4100000    1.1442125418e-09   -1.8113845519e-09    4.1789528085e-09   -3.5028104614e-09    3.2963284774e-09    1.0293711479e-09   -1.9679698965e-10    5.2472778912e-09
   3.4600000   -1.7124913952e-09   -2.7004184844e-09    5.8733770658e-09   -2.2541394240e-09    3.2493548829e-09    1.1147893226e-09   -2.0215704507e-10    5.2247799246e-09
   3.5100000    1.1565249407e-09   -2.3765285816e-09    5.5466865925e-09   -2.7430854423e-09    3.3804681759e-09    1.1890277156e-09   -2.0742090748e-10    5.2113641430e-09
   3.5600000    7.2902386433e-09   -5.9011479228e-10    3.2747162509e-09   -4.7368408907e-09    3.6748830730e-09    1.2377451645e-09   -2.1287500859e-10    5.2067067283e-09
   3.6100000    9.8171511355e-09    1.2004797963e-09    2.1531705541e-10   -7.2175022011e-09    4.0703970156e-09    1.2585750700e-09   -2.1871107621e-10    5.2103206556e-09
   3.6600000    4.8500566905e-09    1.2738934150e-09   -2.1109456098e-09   -9.0592654430e-09    4.4756568653e-09    1.2588058238e-09   -2.2498054703e-10    5.2215797007e-09
   3.7100000   -3.4524343018e-09   -5.2782111537e-10   -2.8487907091e-09   -9.7512918225e-09    4.7971111523e-09    1.2499636967e-09   -2.3163475468e-10    5.2397375898e-09
   3.7600000   -6.6453060880e-09   -2.7030384021e-09   -2.2763896830e-09   -9.5612796642e-09    4.9665312951e-09    1.2416876472e-09   -2.3848213534e-10    5.2639607440e-09
   3.8100000   -1.2992249733e-09   -3.8361254662e-09   -1.3846060514e-09   -9.0882985119e-09    4.9603181994e-09    1.2372098872e-09   -2.4522936213e-10    5.2933670877e-09
   3.8600000    6.6999146184e-09   -3.9833782082e-09   -9.9667430645e-10   -8.7164263689e-09    4.8049673364e-09    1.2320752374e-09   -2.5150082240e-10    5.3270482756e-09
   3.9100000    8.6557929324e-09   -3.9211454821e-09   -1.1948914792e-09   -8.4676297627e-09    4.5674121161e-09    1.2164411408e-09   -2.5687923736e-10    5.3641162122e-09
   3.9600000    3.4826772671e-09   -3.4022195151e-09   -1.4898113601e-09   -8.2506240942e-09    4.3336114316e-09    1.1799839580e-09   -2.6094115164e-10    5.4037388263e-09
   4.0100000   -6.3939582184e-10   -1.1802388688e-09   -1.4475050871e-09   -8.1054471138e-09    4.1821757189e-09    1.1172374925e-09   -2.6330411754e-10    5.4451550544e-09
   4.0600000    3.5198088132e-09    2.7087412819e-09   -1.0664080142e-09   -8.1506415741e-09    4.1610930566e-09    1.0310939485e-09   -2.6367939802e-10    5.4877302750e-09
   4.1100000    1.2028320573e-08    5.4590413830e-09   -5.5474174088e-10   -8.3484117860e-09    4.2745276481e-09    9.3296716435e-10   -2.6188728648e-10    5.5309410422e-09
   4.1600000    1.3183579463e-08    3.6674653392e-09    8.7660182276e-11   -8.4299886502e-09    4.4834721397e-09    8.3937076970e-10   -2.5789065986e-10    5.5743937810e-09
   4.2100000    2.1907712889e-09   -2.4893031769e-09    1.0605534840e-09   -8.1326048659e-09    4.7201074795e-09    7.6612888279e-10   -2.5181105656e-10    5.6178222907e-09
   4.2600000   -1.0593619222e-08   -8.1524588676e-09    2.3198854526e-09   -7.5231193658e-09    4.9111529154e-09    7.2268247405e-10   -2.4392105147e-10    5.6610607221e-09
   4.3100000   -1.0011694913e-08   -8.1439962507e-09    3.3217795813e-09   -7.0403065350e-09    5.0030808542e-09    7.0893259865e-10   -2.3462405975e-10    5.7040221868e-09
   4.3600000    5.3142897458e-09   -2.6725994198e-09    3.3758014758e-09   -7.1562905355e-09    4.9809183104e-09    7.1595162564e-10   -2.2443480553e-10    5.7466630314e-09
   4.4100000    1.8966695993e-08    2.2956990928e-09    2.2668547903e-09   -7.9673558753e-09    4.8742370462e-09    7.3047836947e-10   -2.1394523724e-10    5.7889515328e-09
   4.4600000    1.4661241208e-08    1.2758824860e-09    4.6882311299e-10   -9.1217778180e-09    4.7475973940e-09    7.4121049316e-10   -2.0375860958e-10    5.8308390471e-09
   4.5100000   -3.6215981207e-09   -4.4599828805e-09   -1.2638888510e-09   -1.0147353651e-08    4.6778785695e-09    7.4405416744e-10   -1.9446021433e-10    5.8722113660e-09
   4.5600000   -1.4396930895e-08   -7.9991739974e-09   -2.4821375186e-09   -1.0826026993e-08    4.7255724840e-09    7.4358219591e-10   -1.8655888826e-10    5.9128733731e-09
   4.6100000   -3.4950972602e-09   -4.6163944020e-09   -3.2255013380e-09   -1.1242006441e-08    4.9099182936e-09    7.4988074712e-10   -1.8047135436e-10    5.9525796723e-09
   4.6600000    1.7690053225e-08    2.4834668595e-09   -3.6805620360e-09   -1.1514954647e-08    5.1972647617e-09    7.7180236886e-10   -1.7644358265e-10    5.9909621848e-09
   4.7100000    2.3874384385e-08    5.4670053834e-09   -3.7431111780e-09   -1.1568305159e-08    5.5084318826e-09    8.0992762984e-10   -1.7458055615e-10    6.0276233182e-09
   4.7600000    5.8030363852e-09    7.9546642176e-10   -3.0134429011e-09   -1.1204453013e-08    5.7444777774e-09    8.5296914797e-10   -1.7478501251e-10    6.0621209428e-09
   4.8100000   -1.6958335211e-08   -6.5287615945e-09   -1.2773242462e-09   -1.0384345525e-08    5.8228313455e-09    8.8013635982e-10   -1.7681583809e-10    6.0940176190e-09
   4.8600000   -1.7520633581e-08   -8.5378620066e-09    1.0572858993e-09   -9.3781971324e-09    5.7112098243e-09    8.6944641232e-10   -1.8027601607e-10    6.1229235090e-09
   4.9100000    6.3222830503e-09   -3.3746602261e-09    3.1052086263e-09   -8.6096652755e-09    5.4455879660e-09    8.0879555262e-10   -1.8463891150e-10    6.1485271595e-09
   4.9600000    2.7941868825e-08    2.6822051112e-09    4.1278084956e-09   -8.3565642216e-09    5.1230882497e-09    7.0465652232e-10   -1.8932259619e-10    6.1706468473e-09
   5.0100000    2.2244418757e-08    2.5930529191e-09    3.9923689727e-09   -8.6134753187e-09    4.8697165780e-09    5.8358161763e-10   -1.9370933085e-10    6.1892269472e-09
   5.0600000   -4.5181413696e-09   -3.3463801383e-09    3.0452044555e-09   -9.2221962640e-09    4.7932711108e-09    4.8436644957e-10   -1.9721577572e-10    6.2043788523e-09
   5.1100000   -2.1454880813e-08   -8.1386501056e-09    1.6603796028e-09   -1.0074801043e-08    4.9392470837e-09    4.4307963417e-10   -1.9934878714e-10    6.2163549351e-09
   5.1600000   -9.2055035643e-09   -6.4832236496e-09    1.6172282803e-11   -1.1137763842e-08    5.2687715104e-09    4.7682985502e-10   -1.9974443125e-10    6.2255277809e-09
   5.2100000    1.7304405771e-08   -8.1141720451e-10   -1.7304415194e-09   -1.2286780687e-08    5.6700483161e-09    5.7371303179e-10   -1.9820860033e-10    6.2323713405e-09
   5.2600000    2.6897742430e-08    2.0943905130e-09   -3.2077432592e-09   -1.3197321840e-08    6.0013671640e-09    6.9436715501e-10   -1.9475349122e-10    6.2374210078e-09
   5.3100000    9.3188736757e-09   -5.6523781318e-10   -3.9089242038e-09   -1.3494092960e-08    6.1493501278e-09    7.8562046184e-10   -1.8960001448e-10    6.2412040214e-09
   5.3600000   -1.3227240609e-08   -4.6304521426e-09   -3.5661048165e-09   -1.3061356906e-08    6.0775874423e-09    8.0149277510e-10   -1.8315914958e-10    6.2442171590e-09
   5.4100000   -1.3674337670e-08   -4.7308369945e-09   -2.4272189353e-09   -1.2200629572e-08    5.8434187124e-09    7.2263164781e-10   -1.7602446001e-10    6.2468933401e-09
   5.4600000    7.2315067581e-09   -1.1862868141e-09   -1.0973604844e-09   -1.1446603056e-08    5.5735694247e-09    5.6566317609e-10   -1.6891445879e-10    6.2495495514e-09
   5.5100000    2.2858875899e-08    6.9991652434e-10   -4.8694585492e-11   -1.1189632624e-08    5.4084812738e-09    3.7775584663e-10   -1.6263192594e-10    6.2523803231e-09
   5.5600000    1.3990124590e-08   -2.1886425078e-09    7.1402215071e-10   -1.1440310319e-08    5.4401405969e-09    2.1830024281e-10   -1.5797528888e-10    6.2554758572e-09
   5.6100000   -7.9370310675e-09   -6.5433637446e-09    1.4775440938e-09   -1.1917985709e-08    5.6724835268e-09    1.3523287286e-10   -1.5570724343e-10    6.2588062968e-09
   5.6600000   -1.5708182310e-08   -6.8196530800e-09    2.3393216017e-09   -1.2327448034e-08    6.0228460095e-09    1.4590674368e-10   -1.5645223408e-10    6.2622715361e-09
   5.7100000    5.3309694346e-11   -2.4353559042e-09    2.9742615850e-09   -1.2544906542e-08    6.3629146872e-09    2.3105231596e-10   -1.6065983692e-10    6.2657188969e-09
   5.7600000    2.0177338108e-08    1.3217475606e-09    2.9078210404e-09   -1.2589210463e-08    6.5784561009e-09    3.4394281605e-10   -1.6857522105e-10    6.2689955732e-09
   5.8100000    2.1200947164e-08   -8.1875850325e-11    1.9762877920e-09   -1.2504858670e-08    6.6180699786e-09    4.3095944315e-10   -1.8018693603e-10    6.2719619092e-09
   5.8600000    3.5034890780e-09   -4.6628118400e-09    4.8015009861e-10   -1.2342936526e-08    6.5081414546e-09    4.5452592258e-10   -1.9523611088e-10    6.2745404790e-09
   5.9100000   -1.0818656238e-08   -6.3547604148e-09   -1.0784335923e-09   -1.2246235436e-08    6.3294487610e-09    4.0882337719e-10   -2.1325136217e-10    6.2767251900e-09
   5.9600000   -5.7310317566e-09   -2.6341980294e-09   -2.3397128716e-09   -1.2463325156e-08    6.1713303836e-09    3.2153179276e-10   -2.3356925568e-10    6.2785992433e-09
   6.0100000    1.0527876950e-08    2.1739546003e-09   -3.1613512681e-09   -1.3171814391e-08    6.0893019312e-09    2.4114882376e-10   -2.5539799210e-10    6.2803231069e-09
   6.0600000    1.7637153578e-08    2.0012786637e-09   -3.4320560227e-09   -1.4236310885e-08    6.0880027502e-09    2.1492540423e-10   -2.7787739888e-10    6.2821223371e-09
   6.1100000    8.2746333949e-09   -3.7318193987e-09   -2.9403288765e-09   -1.5171299663e-08    6.1343916604e-09    2.6688671535e-10   -3.0015222127e-10    6.2842633007e-09
   6.1600000   -4.9960875103e-09   -9.4348139548e-09   -1.5375823156e-09   -1.5424677816e-08    6.1888024181e-09    3.8503558802e-10   -3.2143776692e-10    6.2870210261e-09
   6.2100000   -6.8994589127e-09   -9.7200262995e-09    5.4026551918e-10   -1.4784129493e-08    6.2320696328e-09    5.2337406957e-10   -3.4108321256e-10    6.2906556435e-09
   6.2600000    2.7172650093e-09   -5.0693261938e-09    2.5857600620e-09   -1.3566586479e-08    6.2724879666e-09    6.1856552058e-10   -3.5859202801e-10    6.2953796707e-09
   6.3100000    1.1303116944e-08   -5.5594409818e-10    3.7635687762e-09   -1.2435724156e-08    6.3309103426e-09    6.1498946670e-10   -3.7367194274e-10    6.3013494073e-09
   6.3600000    1.0142107362e-08    4.4494038942e-11    3.6178617843e-09   -1.2010275739e-08    6.4176355303e-09    4.8801690576e-10   -3.8622238913e-10    6.3086285941e-09
   6.4100000    3.3175496174e-09   -2.3481732852e-09    2.2846741874e-09   -1.2561962638e-08    6.5191809117e-09    2.5589962398e-10   -3.9632671719e-10    6.3172004360e-09
   6.4600000    2.0269397622e-10   -4.3071476759e-09    2.6687130762e-10   -1.3957610639e-08    6.6056005843e-09   -2.5321493929e-11   -4.0421829921e-10    6.3269915258e-09
   6.5100000    3.5807969020e-09   -4.0598405248e-09   -1.9218347532e-09   -1.5771139854e-08    6.6537280659e-09   -2.8219113970e-10   -4.1023490424e-10    6.3378500041e-09
   6.5600000    8.0454437166e-09   -2.7551670523e-09   -3.8791724179e-09   -1.7422670450e-08    6.6695963579e-09   -4.5126355117e-10   -4.1475677716e-10    6.3495867869e-09
   6.6100000    8.0485739627e-09   -2.3707655355e-09   -5.1885712524e-09   -1.8314981952e-08    6.6924852206e-09   -5.0208636563e-10   -4.1818128515e-10    6.3620009749e-09
   6.6600000    3.9983461018e-09   -3.4762846128e-09   -5.3439426279e-09   -1.8035746834e-08    6.7744253554e-09   -4.4619496559e-10   -4.2085430391e-10    6.3748976425e-09
   6.7100000    2.6082815414e-10   -5.1088255997e-09   -3.9531218510e-09   -1.6618292482e-08    6.9456150422e-09   -3.2850716870e-10   -4.2304275143e-10    6.3881046639e-09
   6.7600000   -3.8536690716e-11   -6.0035356635e-09   -1.1038541308e-09   -1.4682225483e-08    7.1867065712e-09   -2.0583232766e-10   -4.2491051694e-10    6.4014756230e-09
   6.8100000    3.1292577119e-09   -5.4977703955e-09    2.4560532193e-09   -1.3242356117e-08    7.4270797150e-09   -1.2259053322e-10   -4.2652785731e-10    6.4149202601e-09
   6.8600000    7.9971411285e-09   -3.7454769358e-09    5.5522103131e-09   -1.3191686159e-08    7.5736198049e-09   -9.4461552027e-11   -4.2786820917e-10    6.4283845142e-09
   6.9100000    1.1855760755e-08   -1.7085493142e-09    7.1006431488e-09   -1.4759138816e-08    7.5568291101e-09   -1.0646881432e-10   -4.2883326485e-10    6.4418521917e-09
   6.9600000    1.1419837531e-08   -8.1005029371e-10    6.5480777755e-09   -1.7324484092e-08    7.3701034541e-09   -1.2446963102e-10   -4.2926724930e-10    6.4553262667e-09
   7.0100000    5.2111513484e-09   -1.8965608002e-09    3.9991350581e-09   -1.9735552867e-08    7.0805592543e-09   -1.1355955459e-10   -4.2902586136e-10    6.4688387571e-09
   7.0600000   -3.2901159905e-09   -4.2234462937e-09    1.0450169245e-10   -2.0915669135e-08    6.8043745055e-09   -5.4434684776e-11   -4.2797975116e-10    6.4824080664e-09
   7.1100000   -6.7967526244e-09   -5.8544189247e-09   -4.0881445519e-09   -2.0379051053e-08    6.6579149826e-09    4.8566982908e-11   -4.2603747667e-10    6.4960535086e-09
   7.1600000   -8.9232110648e-10   -5.5207506343e-09   -7.2826820397e-09   -1.8399115667e-08    6.7080650074e-09    1.6935513867e-10   -4.2319074622e-10    6.5097921444e-09
   7.2100000    1.0350552860e-08   -3.9979351662e-09   -8.2276720122e-09   -1.5837296072e-08    6.9448818207e-09    2.6920430893e-10   -4.1947383745e-10    6.5236141972e-09
   7.2600000    1.7105960200e-08   -3.2519595036e-09   -6.2191657102e-09   -1.3791748435e-08    7.2881316426e-09    3.0869102242e-10   -4.1499873942e-10    6.5375097326e-09
   7.3100000    1.3172953383e-08   -4.1801149409e-09   -1.5997959466e-09   -1.3198942941e-08    7.6230526585e-09    2.5904580065e-10   -4.0990418822e-10    6.5514663485e-09
   7.3600000    2.1717728072e-09   -5.5908527374e-09    4.1186773187e-09   -1.4457192620e-08    7.8481731281e-09    1.1084755451e-10   -4.0436494101e-10    6.5654731583e-09
   7.4100000   -6.1430336885e-09   -5.6789830492e-09    8.7248897698e-09   -1.7176537536e-08    7.9141603416e-09   -1.2078468488e-10   -3.9854397167e-10    6.5795113032e-09
   7.4600000   -5.2899792611e-09   -4.2349407592e-09    1.0213076301e-08   -2.0238053251e-08    7.8385944589e-09   -3.9606093168e-10   -3.9259088353e-10    6.5935899337e-09
   7.5100000    2.7178773032e-09   -2.9243132673e-09    7.6694726612e-09   -2.2270956499e-08    7.6928687647e-09   -6.5712004524e-10   -3.8661461470e-10    6.6077114142e-09
   7.5600000    1.0749696627e-08   -3.3206603857e-09    1.6916746653e-09   -2.2374491017e-08    7.5689237019e-09   -8.4225932624e-10   -3.8069426871e-10    6.6218814163e-09
   7.6100000    1.3600923755e-08   -5.0735430959e-09   -5.8103696990e-09   -2.0648378945e-08    7.5406841408e-09   -9.0484831453e-10   -3.7488253474e-10    6.6360905227e-09
   7.6600000    1.1296084960e-08   -6.3594657276e-09   -1.2253982550e-08   -1.8146580940e-08    7.6354381564e-09   -8.3078609487e-10   -3.6922345253e-10    6.6503086702e-09
   7.7100000    6.9072870485e-09   -5.9890588301e-09   -1.5190836377e-08   -1.6262294508e-08    7.8259656412e-09   -6.4636571367e-10   -3.6376753091e-10    6.6644619046e-09
   7.7600000    3.0013692177e-09   -4.6490125230e-09   -1.3114910126e-08   -1.5956854953e-08    8.0448139620e-09   -4.1136187746e-10   -3.5858486952e-10    6.6784547633e-09
   7.8100000    5.7887035505e-10   -3.9165066913e-09   -6.1447281229e-09   -1.7312690338e-08    8.2141298240e-09   -1.9811429575e-10   -3.5378971273e-10    6.6921356279e-09
   7.8600000    1.0654556511e-10   -4.3349131022e-09    3.6963109464e-09   -1.9601595623e-08    8.2783550653e-09   -6.4771064753e-11   -3.4954340662e-10    6.7053409360e-09
   7.9100000    2.0174524229e-09   -4.8157842931e-09    1.2958876719e-08   -2.1718191454e-08    8.2263041172e-09   -3.4279274936e-11   -3.4605054567e-10    6.7178814829e-09
   7.9600000    5.8378768655e-09   -3.9805282801e-09    1.8055995523e-08   -2.2707957568e-08    8.0942841533e-09   -8.8955851310e-11   -3.4352814111e-10    6.7295778251e-09
   8.0100000    9.5479043350e-09   -1.8781545108e-09    1.6830650270e-08   -2.2193517235e-08    7.9495599505e-09   -1.8285831873e-10   -3.4220627135e-10    6.7402909902e-09
   8.0600000    1.0593061627e-08   -2.2385291499e-10    9.5570587378e-09   -2.0579320741e-08    7.8622071540e-09   -2.6603022427e-10   -3.4228085695e-10    6.7499214728e-09
   8.1100000    7.8599760645e-09   -9.3671989356e-10   -1.1576565171e-09   -1.8923553694e-08    7.8772681873e-09   -3.0876700261e-10   -3.4389350088e-10    6.7584580573e-09
   8.1600000    2.7895596977e-09   -4.3759478130e-09   -1.1429126811e-08   -1.8435888424e-08    7.9990168226e-09   -3.1486676579e-10   -3.4711022698e-10    6.7659716371e-09
   8.2100000   -1.3261238061e-09   -8.7970322799e-09   -1.7531838268e-08   -1.9781107825e-08    8.1925316487e-09   -3.1816958147e-10   -3.5188839566e-10    6.7726188169e-09
   8.2600000   -1.3589596176e-09   -1.1443954340e-08   -1.7188994210e-08   -2.2593155880e-08    8.4005818433e-09   -3.6525575990e-10   -3.5810620223e-10    6.7786242579e-09
   8.3100000    3.4982104710e-09   -1.0505884623e-08   -1.0411738825e-08   -2.5567209859e-08    8.5672568954e-09   -4.9240354533e-10   -3.6554666227e-10    6.7842504720e-09
   8.3600000    1.0636138329e-08   -6.5984770297e-09    3.5489731563e-10   -2.7142483087e-08    8.6584419543e-09   -7.0741360212e-10   -3.7394413713e-10    6.7897721661e-09
   8.4100000    1.5047930398e-08   -2.6054407312e-09    1.0991176427e-08   -2.6379957725e-08    8.6715898715e-09   -9.8308567039e-10   -3.8301374126e-10    6.7954424352e-09
   8.4600000    1.2629343563e-08   -1.6656938387e-09    1.7263748285e-08   -2.3508284704e-08    8.6324399309e-09   -1.2645557015e-09   -3.9248665597e-10    6.8014465993e-09
   8.5100000    3.9263390485e-09   -4.5610321069e-09    1.6581855349e-08   -1.9838942001e-08    8.5815111889e-09   -1.4869938748e-09   -4.0215702112e-10    6.8078834235e-09
   8.5600000   -5.0406598194e-09   -8.7043920367e-09    9.1239991317e-09   -1.7128121360e-08    8.5565357108e-09   -1.5971744594e-09   -4.1189034729e-10    6.8147606835e-09
   8.6100000   -6.8021225093e-09   -1.0065341243e-08   -2.1863929174e-09   -1.6735402888e-08    8.5775186519e-09   -1.5716297574e-09   -4.2164281396e-10    6.8220106541e-09
   8.6600000    1.1231230576e-09   -6.8201264383e-09   -1.2836378065e-08   -1.8987011050e-08    8.6400207676e-09   -1.4252195620e-09   -4.3142880967e-10    6.8295013678e-09
   8.7100000    1.3106130320e-08   -1.4586524539e-09   -1.8555622634e-08   -2.3026552684e-08    8.7189712140e-09   -1.2068827259e-09   -4.4130860236e-10    6.8370731692e-09
   8.7600000    1.9340675713e-08    1.0561291080e-09   -1.7103561765e-08   -2.7200648980e-08    8.7815287454e-09   -9.8362240663e-10   -4.5134339807e-10    6.8446044272e-09
   8.8100000    1.4153595574e-08   -2.1351832452e-09   -9.2063700797e-09   -2.9785386709e-08    8.8040792075e-09   -8.1770279650e-10   -4.6156877748e-10    6.8520247607e-09
   8.8600000    1.2972676026e-09   -8.7286219628e-09    1.8499143767e-09   -2.9729719720e-08    8.7856560839e-09   -7.4559777350e-10   -4.7194564685e-10    6.8593572743e-09
   8.9100000   -8.9349796042e-09   -1.3012408138e-08    1.1732621590e-08   -2.7125563703e-08    8.7509440078e-09   -7.6750772557e-10   -4.8237415725e-10    6.8667265721e-09
   8.9600000   -8.4177181291e-09   -1.1152642216e-08    1.6823865302e-08   -2.3232037379e-08    8.7395879833e-09   -8.5252788970e-10   -4.9268278105e-10    6.8743352149e-09
   9.0100000    2.0757513501e-09   -4.9464374218e-09    1.5436798727e-08   -1.9995353137e-08    8.7853102483e-09   -9.5780555806e-10   -5.0266714166e-10    6.8824174604e-09
   9.0600000    1.3953872440e-08   -1.7317589766e-10    8.2635218334e-09   -1.9164181475e-08    8.8946515826e-09   -1.0528010850e-09   -5.1211879323e-10    6.8911945320e-09
   9.1100000    1.8326495439e-08   -1.0208085398e-09   -1.8403706732e-09   -2.1361287856e-08    9.0371518139e-09   -1.1361897678e-09   -5.2087869036e-10    6.9008143867e-09
   9.1600000    1.3201668432e-08   -6.1259044109e-09   -1.0767259980e-08   -2.5667567437e-08    9.1549743428e-09   -1.2357254445e-09   -5.2884818109e-10    6.9113079152e-09
   9.2100000    4.5360217830e-09   -1.0153240183e-08   -1.4788845148e-08   -3.0081143890e-08    9.1908777125e-09   -1.3894113027e-09   -5.3603400117e-10    6.9225571124e-09
   9.2600000    8.0072470186e-10   -9.1586935269e-09   -1.2337967679e-08   -3.2618852380e-08    9.1218240343e-09   -1.6172745036e-09   -5.4250222561e-10    6.9342841714e-09
   9.3100000    5.6849266939e-09   -4.2639642555e-09   -4.8239766773e-09   -3.2330417983e-08    8.9805296034e-09   -1.8991290187e-09   -5.4836078058e-10    6.9460944162e-09
   9.3600000    1.4634115246e-08   -2.3513938777e-10    4.1951911950e-09   -2.9609927519e-08    8.8495761340e-09   -2.1727406181e-09   -5.5373045198e-10    6.9575091516e-09
   9.4100000    1.8079121825e-08   -8.6094624288e-10    1.0910109636e-08   -2.5800064713e-08    8.8256057613e-09   -2.3567111501e-09   -5.5870011579e-10    6.9680530058e-09
   9.4600000    9.3761797288e-09   -5.8032661868e-09    1.2893431792e-08   -2.2540692663e-08    8.9673445955e-09   -2.3890416188e-09   -5.6328028581e-10    6.9772952335e-09
   9.5100000   -8.5250284437e-09   -1.1414559492e-08    9.6731040617e-09   -2.1218866859e-08    9.2534706389e-09   -2.2620519524e-09   -5.6740691174e-10    6.9849523370e-09
   9.5600000   -2.3680490608e-08   -1.3968843959e-08    2.5142270466e-09   -2.2540687700e-08    9.5762053969e-09   -2.0335337306e-09   -5.7092490766e-10    6.9909182321e-09
   9.6100000   -2.3774397837e-08   -1.2192639966e-08   -6.0190871992e-09   -2.6194100044e-08    9.7821264762e-09   -1.8047253995e-09   -5.7362012611e-10    6.9953065646e-09
   9.6600000   -6.3718574105e-09   -7.5971845179e-09   -1.2704269756e-08   -3.0812541758e-08    9.7477962515e-09   -1.6726775960e-09   -5.7527885928e-10    6.9984131188e-09
   9.7100000    1.8094239858e-08   -3.1983691433e-09   -1.4785912787e-08   -3.4500030915e-08    9.4560661991e-09   -1.6796033565e-09   -5.7569586284e-10    7.0007391012e-09
   9.7600000    3.3899715825e-08   -1.7166538842e-09   -1.1298884149e-08   -3.5782002369e-08    9.0312393442e-09   -1.7867016706e-09   -5.7475826376e-10    7.0028738959e-09
   9.8100000    3.2147416934e-08   -3.9568226649e-09   -3.6668764887e-09   -3.4380013120e-08    8.7051050090e-09   -1.8896391212e-09   -5.7246569240e-10    7.0054566007e-09
   9.8600000    1.7165908988e-08   -8.1169640060e-09    5.0082831945e-09   -3.1245981272e-08    8.7177915407e-09   -1.8727316900e-09   -5.6895311520e-10    7.0090725056e-09
   9.9100000    2.0436791956e-09   -1.0871186001e-08    1.1493068776e-08   -2.7877919629e-08    9.1931441164e-09   -1.6770728668e-09   -5.6449991906e-10    7.0141700178e-09
   9.9600000   -2.2877801591e-09   -9.9788985464e-09    1.3757662397e-08   -2.5501015817e-08    1.0049748289e-08   -1.3472755716e-09   -5.5949791301e-10    7.0209872476e-09
  10.0100000    5.0010969101e-09   -6.3917609486e-09    1.1484090167e-08   -2.4681286761e-08    1.1001407730e-08   -1.0279343372e-09   -5.5440869893e-10    7.0295237968e-09
  10.0600000    1.5523017526e-08   -3.6155961611e-09    5.8607423948e-09   -2.5429880753e-08    1.1663042423e-08   -9.0417723852e-10   -5.4970309656e-10    7.0394993412e-09
  10.1100000    1.9343727583e-08   -4.4782153267e-09   -9.8723790381e-10   -2.7438624444e-08    1.1725207658e-08   -1.1098100944e-09   -5.4580919788e-10    7.0503985876e-09
  10.1600000    1.2484568758e-08   -8.2893162380e-09   -6.7468008898e-09   -3.0170792412e-08    1.1118364438e-08   -1.6466253261e-09   -5.4302995930e-10    7.0615011137e-09
  10.2100000   -1.2320276940e-09   -1.1374242066e-08   -9.7073561604e-09   -3.2891433538e-08    1.0080613295e-08   -2.3587511778e-09   -5.4150286521e-10    7.0719681524e-09
  10.2600000   -1.4155355932e-08   -1.0662982301e-08   -9.3257277337e-09   -3.4855390798e-08    9.0798530627e-09   -2.9831800801e-09   -5.4120873414e-10    7.0809277579e-09
  10.3100000   -2.0455427361e-08   -6.7626556664e-09   -6.3087522669e-09   -3.5629052237e-08    8.6097718766e-09   -3.2612601617e-09   -5.4196873289e-10    7.0875661714e-09
  10.3600000   -1.8975232379e-08   -3.3554973321e-09   -2.1921286714e-09   -3.5269845608e-08    8.9470604806e-09   -3.0629890018e-09   -5.4351108241e-10    7.0912239801e-09
  10.4100000   -1.1918776566e-08   -3.5695432283e-09    1.3730807898e-09   -3.4183621906e-08    9.9888940413e-09   -2.4637856323e-09   -5.4551110570e-10    7.0914651380e-09
  10.4600000   -1.6446074684e-09   -7.0890441242e-09    3.3102847348e-09   -3.2814824628e-08    1.1262992185e-08   -1.7302372579e-09   -5.4764574223e-10    7.0881339384e-09
  10.5100000    1.0934636481e-08   -1.0818808533e-08    3.4675037760e-09   -3.1481961076e-08    1.2125661991e-08   -1.2118126992e-09   -5.4967993717e-10    7.0813922983e-09
  10.5600000    2.4892953092e-08   -1.2053969426e-08    2.4513690729e-09   -3.0463296353e-08    1.2068165137e-08   -1.1816191417e-09   -5.5145617211e-10    7.0717469757e-09
  10.6100000    3.6740055637e-08   -1.0690782751e-08    1.0861951349e-09   -3.0122803458e-08    1.0988644441e-08   -1.6985389745e-09   -5.5293640410e-10    7.0600100750e-09
  10.6600000    4.0333181774e-08   -8.5446407060e-09   -8.5917164351e-11   -3.0817949288e-08    9.2890087446e-09   -2.5597909086e-09   -5.5416690811e-10    7.0472669615e-09
  10.7100000    3.0823129822e-08   -7.1687958437e-09   -9.2485688666e-10   -3.2603997370e-08    7.7308276649e-09   -3.3750617528e-09   -5.5525507472e-10    7.0348264938e-09
  10.7600000    1.0072191419e-08   -6.7506892260e-09   -1.4715369675e-09   -3.5031780820e-08    7.0994955901e-09   -3.7372892391e-09   -5.5637480350e-10    7.0240767264e-09
  10.8100000   -1.1648476023e-08   -6.7754915206e-09   -1.6996178185e-09   -3.7296749515e-08    7.8259335248e-09   -3.4162941896e-09   -5.5771940255e-10    7.0163809890e-09
  10.8600000   -2.1044794582e-08   -7.0034541466e-09   -1.4715364332e-09   -3.8669665198e-08    9.7486132369e-09   -2.4842385518e-09   -5.5951956366e-10    7.0129394408e-09
  10.9100000   -1.1826096811e-08   -7.5037299464e-09   -6.7244965009e-10   -3.8876511389e-08    1.2144118313e-08   -1.3076523251e-09   -5.6203999129e-10    7.0146155571e-09
  10.9600000    8.4472026600e-09   -8.1779425065e-09    6.3560802289e-10   -3.8173959741e-08    1.4030620668e-08   -3.9947946818e-10   -5.6558900646e-10    7.0218242690e-09
  11.0100000    2.2004450260e-08   -8.7909890796e-09    2.1446582551e-09   -3.7160766225e-08    1.4615593950e-08   -1.9106773390e-10   -5.7049588008e-10    7.0344514618e-09
  11.0600000    1.4463587074e-08   -9.4148406607e-09    3.3426475858e-09   -3.6527735044e-08    1.3679377981e-08   -8.2643649129e-10   -5.7712409313e-10    7.0517901246e-09
  11.1100000   -1.1748312616e-08   -1.0356162083e-08    3.6679418751e-09   -3.6844779412e-08    1.1705358415e-08   -2.0772526287e-09   -5.8583203327e-10    7.0726407741e-09
  11.1600000   -3.6497378949e-08   -1.1455685113e-08    2.7569335347e-09   -3.8346673810e-08    9.6796834803e-09   -3.4260436135e-09   -5.9693921214e-10    7.0954042027e-09
  11.2100000   -3.6662705117e-08   -1.1837637214e-08    6.9194500220e-10   -4.0737961069e-08    8.6400328706e-09   -4.2885581828e-09   -6.1070050535e-10    7.1183273071e-09
  11.2600000   -5.6265476351e-09   -1.0794778832e-08   -1.9061960659e-09   -4.3192556060e-08    9.1790113868e-09   -4.2787055888e-09   -6.2727391982e-10    7.1397633036e-09
  11.3100000    3.9098991662e-08   -8.8636775122e-09   -4.0507292292e-09   -4.4685138816e-08    1.1139303074e-08   -3.3942634706e-09   -6.4664423186e-10    7.1584332386e-09
  11.3600000    6.7769678307e-08   -7.5799817404e-09   -4.7893147467e-09   -4.4518001799e-08    1.3656125129e-08   -2.0327448377e-09   -6.6859233628e-10    7.1736300569e-09
  11.4100000    6.0886253568e-08   -7.9156926131e-09   -3.6620682060e-09   -4.2700435758e-08    1.5541663469e-08   -8.2205138756e-10   -6.9265341693e-10    7.1853225897e-09
  11.4600000    2.3958419294e-08   -9.1592733301e-09   -1.0058490739e-09   -3.9947345492e-08    1.5840629929e-08   -3.3743969940e-10   -7.1805915113e-10    7.1940938181e-09
  11.5100000   -1.7273257600e-08   -9.6648060059e-09    2.0758909884e-09   -3.7359479324e-08    1.4297299105e-08   -8.3203418371e-10   -7.4375501849e-10    7.2009223202e-09
  11.5600000   -3.6631374624e-08   -8.7253811605e-09    4.1618374542e-09   -3.6001302193e-08    1.1506971614e-08   -2.1073829866e-09   -7.6846087250e-10    7.2068381723e-09
  11.6100000   -2.6030660809e-08   -7.4396623354e-09    4.2447804656e-09   -3.6516088852e-08    8.6686164414e-09   -3.5895644567e-09   -7.9079942475e-10    7.2125602602e-09
  11.6600000    1.1228541000e-09   -7.5515363529e-09    2.3371598112e-09   -3.8838451975e-08    7.0438442701e-09   -4.5827696491e-09   -8.0949575223e-10    7.2182312377e-09
  11.7100000    2.2349154615e-08   -9.5434179304e-09   -4.9946542164e-10   -4.2130236081e-08    7.3714805148e-09   -4.5886763913e-09   -8.2364843883e-10    7.2232543880e-09
  11.7600000    2.3084548955e-08   -1.2066969266e-08   -2.7794612889e-09   -4.5091760509e-08    9.5148902484e-09   -3.5456880714e-09   -8.3289816224e-10    7.2264533324e-09
  11.8100000    5.5527892397e-09   -1.3259773649e-08   -3.4403782108e-09   -4.6580564557e-08    1.2514889034e-08   -1.8752425973e-09   -8.3760450481e-10    7.2264212816e-09
  11.8600000   -1.5065259615e-08   -1.2482107887e-08   -2.3423991680e-09   -4.6169308292e-08    1.5030954184e-08   -3.0791436849e-10   -8.3881302351e-10    7.2220109348e-09
  11.9100000   -2.2340707756e-08   -1.0739507408e-08   -2.0232891783e-10   -4.4279809771e-08    1.5967106236e-08    4.3702685293e-10   -8.3804522981e-10    7.2128081945e-09
  11.9600000   -9.5939758499e-09   -9.5912514706e-09    1.8309262750e-09   -4.1887141172e-08    1.4987079446e-08   -2.3186855203e-11   -8.3699782576e-10    7.1994623149e-09
  12.0100000    1.6105685063e-08   -9.8078274720e-09    2.6665732660e-09   -4.0092649259e-08    1.2671583554e-08   -1.5521074446e-09   -8.3705992980e-10    7.1836455304e-09
  12.0600000    3.8527688294e-08   -1.0970976159e-08    1.7041791262e-09   -3.9796081345e-08    1.0239167245e-08   -3.5390961840e-09   -8.3897650046e-10    7.1677298830e-09
  12.1100000    4.2663652878e-08   -1.2056469516e-08   -8.4037356407e-10   -4.1451511413e-08    8.9605772243e-09   -5.1562339320e-09   -8.4255999363e-10    7.1541335190e-09
  12.1600000    2.4858462969e-08   -1.2241854955e-08   -3.8709470810e-09   -4.4857897369e-08    9.5454649877e-09   -5.7162388076e-09   -8.4672848456e-10    7.1445911152e-09
  12.2100000   -4.0973473312e-09   -1.1355215708e-08   -5.7986736687e-09   -4.9121766376e-08    1.1796122149e-08   -4.9751879970e-09   -8.4974383954e-10    7.1395166952e-09
  12.2600000   -2.5873642678e-08   -9.9081205460e-09   -5.3290640884e-09   -5.2974469455e-08    1.4695886530e-08   -3.2461681784e-09   -8.4972465862e-10    7.1377340054e-09
  12.3100000   -2.7198681451e-08   -8.8228052560e-09   -2.2405904413e-09   -5.5359131809e-08    1.6891531536e-08   -1.2728757899e-09   -8.4519830181e-10    7.1366925281e-09
  12.3600000   -8.8747037042e-09   -8.8865105340e-09    2.3608846462e-09   -5.5911489138e-08    1.7338341000e-08    8.3795134751e-11   -8.3557372831e-10    7.1330848750e-09
  12.4100000    1.5567363498e-08   -1.0132204445e-08    6.5241239591e-09   -5.5011132851e-08    1.5797694486e-08    2.1206191220e-10   -8.2143614592e-10    7.1237809972e-09
  12.4600000    3.0055735605e-08   -1.1665065332e-08    8.3957411106e-09   -5.3438997040e-08    1.2948651441e-08   -9.8779472972e-10   -8.0450262436e-10    7.1067579217e-09
  12.5100000    2.6851917088e-08   -1.2322723386e-08    7.0751958092e-09   -5.1965033961e-08    1.0062396091e-08   -3.0563596152e-09   -7.8727548851e-10    7.0817607978e-09
  12.5600000    1.0488374642e-08   -1.1793301746e-08    2.9630145071e-09   -5.1135465883e-08    8.4003666440e-09   -5.1639265936e-09   -7.7246206143e-10    7.0504440157e-09
  12.6100000   -6.7461086823e-09   -1.1138780746e-08   -2.4603041522e-09   -5.1251982016e-08    8.6289887185e-09   -6.4562878797e-09   -7.6235622370e-10    7.0159750096e-09
  12.6600000   -1.3467445215e-08   -1.1970394671e-08   -7.2231205129e-09   -5.2362740052e-08    1.0531828546e-08   -6.4127331303e-09   -7.5834668120e-10    6.9821290039e-09
  12.7100000   -6.1083638980e-09   -1.4774200132e-08   -9.5716444453e-09   -5.4184450038e-08    1.3150542534e-08   -5.0668082094e-09   -7.6061020974e-10    6.9522187076e-09
  12.7600000    9.5362250112e-09   -1.7958950978e-08   -8.6025450884e-09   -5.6089607991e-08    1.5273787453e-08   -2.9972299010e-09   -7.6821022950e-10    6.9281345154e-09
  12.8100000    2.2205947119e-08   -1.8859714992e-08   -4.6354602924e-09   -5.7331265664e-08    1.6025028751e-08   -1.0909677886e-09   -7.7940236481e-10    6.9098002558e-09
  12.8600000    2.2007066156e-08   -1.6150015463e-08    8.4871113412e-10   -5.7451764178e-08    1.5258684897e-08   -1.7466046611e-10   -7.9213304837e-10    6.8952967013e-09
  12.9100000    6.7900866813e-09   -1.1447334994e-08    5.7520250092e-09   -5.6572338397e-08    1.3578254778e-08   -6.6542118595e-10   -8.0458491014e-10    6.8815171848e-09
  12.9600000   -1.5097222845e-08   -8.2372591188e-09    8.2001786713e-09   -5.5301479134e-08    1.1985127886e-08   -2.3869737016e-09   -8.1553476599e-10    6.8652375781e-09
  13.0100000   -2.8146911625e-08   -8.7432910269e-09    7.3111890273e-09   -5.4331529025e-08    1.1351802693e-08   -4.6312122159e-09   -8.2451673706e-10    6.8442643038e-09
  13.0600000   -6.2539046558e-08   -1.3080529835e-08    1.6285772815e-09   -5.5752243562e-08    1.1994354980e-08   -6.4465934625e-09   -8.3174072212e-10    6.8182376288e-09
  13.1100000   -2.3861277134e-08   -1.5646439102e-08   -3.4361415068e-09   -5.5410516410e-08    1.3555777591e-08   -7.0392765620e-09   -8.3784276786e-10    6.7889037589e-09
  13.1600000    4.2641910300e-08   -1.5121210142e-08   -6.8901227133e-09   -5.5632305732e-08    1.5242546234e-08   -6.1219477957e-09   -8.4349674581e-10    6.7596907182e-09
  13.2100000    9.2090188682e-08   -1.2521971259e-08   -7.2310573092e-09   -5.6285052027e-08    1.6269618479e-08   -4.0592856571e-09   -8.4913540083e-10    6.7347632375e-09
  13.2600000    1.0601099487e-07   -1.1384579016e-08   -4.2420178673e-09   -5.7265382931e-08    1.6266021434e-08   -1.7382583076e-09   -8.5475622747e-10    6.7178514792e-09
  13.3100000    1.0074265264e-07   -1.3718279703e-08    9.7285829688e-10   -5.8591511894e-08    1.5425732198e-08   -2.0468103601e-10   -8.5989988989e-10    6.7111822249e-09
  13.3600000    1.0319165339e-07   -1.7518984886e-08    6.4770533041e-09   -6.0371017712e-08    1.4337091895e-08   -2.1095483692e-10   -8.6384512767e-10    6.7149442018e-09
  13.4100000    1.2143946736e-07   -1.8723139841e-08    1.0279540218e-08   -6.2655194580e-08    1.3605209621e-08   -1.8675614517e-09   -8.6582571877e-10    6.7273585477e-09
  13.4600000    1.3835130238e-07   -1.5604534053e-08    1.1074573400e-08   -6.5270540867e-08    1.3494781763e-08   -4.5581693912e-09   -8.6534326832e-10    6.7453690569e-09
  13.5100000    1.3087048797e-07   -1.0829508668e-08    8.6640336672e-09   -6.7749087511e-08    1.3803591270e-08   -7.1724887953e-09   -8.6234842229e-10    6.7656964819e-09
  13.5600000    9.4303958025e-08   -8.8383357052e-09    3.9323294909e-09   -6.9433956984e-08    1.4037725045e-08   -8.5727269551e-09   -8.5734345385e-10    6.7858562497e-09
  13.6100000    4.9329169843e-08   -1.1262858475e-08   -1.5744816670e-09   -6.9737452668e-08    1.3779264099e-08   -8.0992601738e-09   -8.5130056726e-10    6.8048502065e-09
  13.6600000    2.6208821576e-08   -1.5220766511e-08   -6.2686699975e-09   -6.8433531486e-08    1.3017117570e-08   -5.8896103596e-09   -8.4544582341e-10    6.8232621556e-09
  13.7100000    3.9719398159e-08   -1.6249831492e-08   -9.0822634334e-09   -6.5833880590e-08    1.2225069986e-08   -2.8546795341e-09   -8.4096047020e-10    6.8427930209e-09
  13.7600000    7.6001422147e-08   -1.2761890217e-08   -9.7544685570e-09   -6.2746535434e-08    1.2114679939e-08   -3.0282763444e-10   -8.3870213047e-10    6.8654481561e-09
  13.8100000    1.0367177436e-07   -7.4769509487e-09   -8.7560126277e-09   -6.0218749710e-08    1.3186229734e-08    6.3584546620e-10   -8.3897212577e-10    6.8927075139e-09
  13.8600000    1.0105757881e-07   -4.6860622854e-09   -6.9215347964e-09   -5.9165676982e-08    1.5337192271e-08   -4.6908426719e-10   -8.4137948447e-10    6.9249246472e-09
  13.9100000    7.5236807066e-08   -6.4895180733e-09   -4.9861985597e-09   -6.0039091667e-08    1.7780162117e-08   -3.1256462485e-09   -8.4488694984e-10    6.9612149426e-09
  13.9600000    5.3978359032e-08   -1.1714390374e-08   -3.2572579227e-09   -6.2673959830e-08    1.9365090956e-08   -6.1138672934e-09   -8.4796071769e-10    6.9998192808e-09
  14.0100000    5.7665347141e-08   -1.7827798231e-08   -1.5775911800e-09   -6.6376434580e-08    1.9172222871e-08   -8.0264420045e-09   -8.4884410162e-10    7.0387164148e-09
  14.0600000    7.9622902392e-08   -2.3057654476e-08    4.1286342618e-10   -7.0214192677e-08    1.7068770693e-08   -7.9178006276e-09   -8.4576494018e-10    7.0763522708e-09
  14.1100000    9.5035910577e-08   -2.6617749614e-08    2.8701960750e-09   -7.3384110135e-08    1.3906386136e-08   -5.7607217189e-09   -8.3721979474e-10    7.1120698863e-09
  14.1600000    8.7798454266e-08   -2.7954836022e-08    5.4336691959e-09   -7.5502248060e-08    1.1202381905e-08   -2.4873389384e-09   -8.2208942640e-10    7.1462528203e-09
  14.2100000    6.5956632465e-08   -2.6937686043e-08    7.2144642009e-09   -7.6700150448e-08    1.0416713630e-08    4.2035277672e-10   -7.9965413061e-10    7.1800403401e-09
  14.2600000    5.1299411149e-08   -2.4638533645e-08    7.1489077758e-09   -7.7500161210e-08    1.2171297579e-08    1.6115513118e-09   -7.6957855942e-10    7.2148387092e-09
  14.3100000    5.7837986870e-08   -2.2613315840e-08    4.5831335915e-09   -7.8536066911e-08    1.5825236140e-08    5.0353936452e-10   -7.3180157889e-10    7.2517559774e-09
  14.3600000    8.2104930984e-08   -2.0713071702e-08   -1.9606353654e-10   -8.0244071557e-08    1.9669130500e-08   -2.4305432543e-09   -6.8648136493e-10    7.2911385065e-09
  14.4100000    1.0960967037e-07   -1.6695074253e-08   -5.7952520353e-09   -8.2653102776e-08    2.1697929126e-08   -5.8695832575e-09   -6.3396995804e-10    7.3323361706e-09
  14.4600000    1.2473770572e-07   -9.5896024668e-09   -1.0089365187e-08   -8.5357717934e-08    2.0613441579e-08   -8.2589191480e-09   -5.7485559784e-10    7.3737522851e-09
  14.5100000    1.1640584366e-07   -3.2272867473e-09   -1.1060312799e-08   -8.7681912769e-08    1.6558627580e-08   -8.5434931732e-09   -5.1006351510e-10    7.4130805224e-09
  14.5600000    8.4043593534e-08   -4.1911348741e-09   -7.7635809730e-09   -8.8964608788e-08    1.1184427619e-08   -6.6681241328e-09   -4.4091196874e-10    7.4476852576e-09
  14.6100000    4.4394808484e-08   -1.4502798315e-08   -9.5931335952e-10   -8.8845746427e-08    6.9622873609e-09   -3.6004488530e-09   -3.6916369145e-10    7.4750374408e-09
  14.6600000    2.6531801505e-08   -2.7140132172e-08    6.9631765756e-09   -8.7428563441e-08    6.0330564943e-09   -8.6097525565e-10   -2.9698273137e-10    7.4930490367e-09
  14.7100000    4.8383975317e-08   -3.1199771149e-08    1.2841079644e-08   -8.5243636978e-08    9.1365021559e-09    2.1377479309e-10   -2.2677279616e-10    7.5003306895e-09
  14.7600000    9.4273227090e-08   -2.2761405442e-08    1.4070246249e-08   -8.3027213341e-08    1.5157949250e-08   -8.8405854822e-10   -1.6096301578e-10    7.4962512087e-09
  14.8100000    1.2308492716e-07   -9.7281531318e-09    9.8361090152e-09   -8.1414718742e-08    2.1551319340e-08   -3.5973686388e-09   -1.0177193743e-10    7.4808004944e-09
  14.8600000    1.0705766284e-07   -4.4610890154e-09    1.6461895258e-09   -8.0696271916e-08    2.5477016246e-08   -6.5921412320e-09   -5.0969222867e-11    7.4544202646e-09
  14.9100000    6.2241063674e-08   -1.1432941570e-08   -7.1584660134e-09   -8.0757610939e-08    2.5133704322e-08   -8.4259427285e-09   -9.7100965246e-12    7.4176495356e-09
  14.9600000    3.4764996688e-08   -2.2932226705e-08   -1.2775526874e-08   -8.1240210768e-08    2.0646502742e-08   -8.2635872808e-09    2.1522802310e-11    7.3709582996e-09
  15.0100000    5.4782703097e-08   -2.7188492021e-08   -1.2623763915e-08   -8.1837307468e-08    1.4066861269e-08   -6.2834105822e-09    4.2868699207e-11    7.3145776230e-09
  15.0600000    1.0688576387e-07   -2.0102387029e-08   -6.5717166904e-09   -8.2558605711e-08    8.4559340392e-09   -3.5734647401e-09    5.4968588765e-11    7.2485861420e-09
  15.1100000    1.4723800665e-07   -8.6834296553e-09    2.8862284071e-09   -8.3796365719e-08    6.4649545794e-09   -1.5741523232e-09    5.8749776115e-11    7.1730486742e-09
  15.1600000    1.4635540622e-07   -3.7184629009e-09    1.1640822538e-08   -8.6120719504e-08    9.0778965286e-09   -1.3514541460e-09    5.5191717173e-11    7.0882613770e-09
  15.2100000    1.1250829655e-07   -9.8461554660e-09    1.5748261091e-08   -8.9882641509e-08    1.5117052779e-08   -3.0683243414e-09    4.5088272148e-11    6.9948725089e-09
  15.2600000    7.7006282804e-08   -2.2270828461e-08    1.3186622590e-08   -9.4832611285e-08    2.1758264766e-08   -5.9183668430e-09    2.8873322275e-11    6.8939135177e-09
  15.3100000    6.2814103493e-08   -3.1763240362e-08    4.7818805524e-09   -9.9993737739e-08    2.5826816124e-08   -8.5484341278e-09    6.4680842325e-12    6.7866876514e-09
  15.3600000    6.7969518907e-08   -3.2400640478e-08   -6.1343396130e-09   -1.0392774201e-07    2.5274347438e-08   -9.7487938794e-09   -2.2686945328e-11    6.6745331850e-09
  15.4100000    7.3714267024e-08   -2.5640889694e-08   -1.5189945245e-08   -1.0533333237e-07    2.0149148121e-08   -9.0563944987e-09   -5.9584015777e-11    6.5586481712e-09
  15.4600000    6.4537050800e-08   -1.8313297164e-08   -1.8891048806e-08   -1.0371770552e-07    1.2608072051e-08   -6.9668530196e-09   -1.0538172118e-10    6.4399630268e-09
  15.5100000    4.2647740697e-08   -1.6665166664e-08   -1.6110944325e-08   -9.9794847396e-08    5.9636934303e-09   -4.6556986541e-09   -1.6120149238e-10    6.3192024067e-09
  15.5600000    2.6993339968e-08   -2.1185768044e-08   -8.4704515113e-09   -9.5355554934e-08    3.2054417038e-09   -3.3617422649e-09   -2.2785184134e-10    6.1970420677e-09
  15.6100000    3.7054917703e-08   -2.6445925278e-08    5.4076565414e-10   -9.2596636675e-08    5.6684172599e-09   -3.7550181031e-09   -3.0564039676e-10    6.0743683230e-09
  15.6600000    7.2897423308e-08   -2.6307834906e-08    7.2528457617e-09   -9.3174774106e-08    1.2446488926e-08   -5.6123785083e-09   -3.9435160130e-10    5.9524900687e-09
  15.7100000    1.1025270020e-07   -1.9884519159e-08    9.4863308114e-09   -9.7418191785e-08    2.0798059296e-08   -7.9585328929e-09   -4.9328521374e-10    5.8332420721e-09
  15.7600000    1.2019202111e-07   -1.2423303780e-08    7.4056726458e-09   -1.0408904140e-07    2.7342953488e-08   -9.5881347307e-09   -6.0145619644e-10    5.7189455330e-09
  15.8100000    9.7879256441e-08   -1.0104982763e-08    3.1793827097e-09   -1.1084928262e-07    2.9504072213e-08   -9.6913716383e-09   -7.1779623460e-10    5.6122006386e-09
  15.8600000    6.9918832774e-08   -1.4114297880e-08   -3.2585276979e-10   -1.1525291829e-07    2.6559826670e-08   -8.2606958051e-09   -8.4131856859e-10    5.5155877593e-09
  15.9100000    6.8413215376e-08   -2.0132290181e-08   -1.1086950728e-09   -1.1582774984e-07    1.9869968335e-08   -6.0774626959e-09   -9.7118508404e-10    5.4313063645e-09
  15.9600000    9.6834691121e-08   -2.3413460148e-08    9.6539948864e-10   -1.1274839104e-07    1.2216460051e-08   -4.2986382312e-09   -1.1066454151e-09    5.3608986792e-09
  16.0100000    1.2513210135e-07   -2.3550660124e-08    4.2314903174e-09   -1.0777743051e-07    6.5850998179e-09   -3.8664569498e-09   -1.2469211141e-09    5.3050602960e-09
  16.0600000    1.2099534742e-07   -2.3773105348e-08    6.2931697076e-09   -1.0348618335e-07    4.9337510796e-09   -5.0456562623e-09   -1.3910914896e-09    5.2636441874e-09
  16.1100000    8.4158677994e-08   -2.6102789963e-08    5.4873628811e-09   -1.0210659427e-07    7.4652183730e-09   -7.3158376205e-09   -1.5379622708e-09    5.2358627614e-09
  16.1600000    4.7251405556e-08   -2.8332398456e-08    1.9277963684e-09   -1.0454646877e-07    1.2675209092e-08   -9.6565390575e-09   -1.6860957627e-09    5.2204912180e-09
  16.2100000    4.3236423161e-08   -2.6432541301e-08   -2.4690583261e-09   -1.1002661916e-07    1.8102536409e-08   -1.1063072578e-08   -1.8338630316e-09    5.2162065951e-09
  16.2600000    7.3847166455e-08   -1.9624512596e-08   -5.0237780732e-09   -1.1650133785e-07    2.1421289221e-08   -1.1023665837e-08   -1.9795568976e-09    5.2217825941e-09
  16.3100000    1.0958777084e-07   -1.2260359379e-08   -3.8603724936e-09   -1.2164370222e-07    2.1400405095e-08   -9.7245702629e-09   -2.1214821606e-09    5.2362048370e-09
  16.3600000    1.1844480869e-07   -1.0152638138e-08    8.5601717197e-10   -1.2390948026e-07    1.8346461694e-08   -7.9013206497e-09   -2.2579044009e-09    5.2586010184e-09
  16.4100000    9.4384854902e-08   -1.5056581864e-08    6.7309836932e-09   -1.2317120432e-07    1.3885590987e-08   -6.4377630496e-09   -2.3869457330e-09    5.2881360972e-09
  16.4600000    6.0565222495e-08   -2.3005624564e-08    1.0194031439e-08   -1.2064706726e-07    1.0217886501e-08   -5.9328218987e-09   -2.5063895329e-09    5.3239091893e-09
  16.5100000    4.6865827796e-08   -2.8141229988e-08    8.3254727461e-09   -1.1820909334e-07    9.1781034427e-09   -6.4522900210e-09   -2.6135165666e-09    5.3649306096e-09
  16.5600000    6.2977777375e-08   -2.8038856977e-08    5.4421119839e-10   -1.1745344262e-07    1.1487845210e-08   -7.5697841047e-09   -2.7050286925e-09    5.4102465578e-09
  16.6100000    9.0693909124e-08   -2.5258638021e-08   -1.0744353204e-08   -1.1900315424e-07    1.6481754900e-08   -8.6447134444e-09   -2.7771784868e-09    5.4590686921e-09
  16.6600000    1.0197478857e-07   -2.4022871646e-08   -2.0958629171e-08   -1.2235957063e-07    2.2387922008e-08   -9.1701262662e-09   -2.8260977450e-09    5.5109451225e-09
  16.7100000    8.6244476474e-08   -2.5856812688e-08   -2.5309722079e-08   -1.2631599867e-07    2.7027144037e-08   -9.0060674724e-09   -2.8482544856e-09    5.5657583508e-09
  16.7600000    6.0837817761e-08   -2.8566003611e-08   -2.1034680704e-08   -1.2966027182e-07    2.8647583369e-08   -8.3941556221e-09   -2.8409939397e-09    5.6236110106e-09
  16.8100000    5.3487928292e-08   -2.8955940662e-08   -8.8346361236e-09   -1.3176912049e-07    2.6577902066e-08   -7.7746539059e-09   -2.8030013481e-09    5.6845340315e-09
  16.8600000    7.3478227888e-08   -2.5935974209e-08    7.1899247944e-09   -1.3279220136e-07    2.1465065620e-08   -7.5278100495e-09   -2.7345887205e-09    5.7482393167e-09
  16.9100000    1.0083746264e-07   -2.1005028037e-08    2.1118087906e-08   -1.3337759907e-07    1.5024072888e-08   -7.7853332222e-09   -2.6377461700e-09    5.8138555636e-09
  16.9600000    1.0543601658e-07   -1.6477648780e-08    2.7613497351e-08   -1.3415525719e-07    9.4047627908e-09   -8.4008666587e-09   -2.5159954512e-09    5.8799094765e-09
  17.0100000    7.6959189833e-08   -1.3919499296e-08    2.4100139273e-08   -1.3531822628e-07    6.4140334297e-09   -9.0710923857e-09   -2.3740861207e-09    5.9444155690e-09
  17.0600000    3.5404058228e-08   -1.4081073388e-08    1.1781739385e-08   -1.3655645707e-07    6.8766971620e-09   -9.5185157499e-09   -2.2175396980e-09    6.0051349451e-09
  17.1100000    1.2173997272e-08   -1.7346188387e-08   -4.8832033086e-09   -1.3736053050e-07    1.0362915568e-08   -9.6265147869e-09   -2.0522465948e-09    6.0598821504e-09
  17.1600000    2.1640755874e-08   -2.3410315817e-08   -1.9959781706e-08   -1.3747416804e-07    1.5374408225e-08   -9.4605006735e-09   -1.8839844119e-09    6.1068457347e-09
  17.2100000    5.0858573721e-08   -3.0551060759e-08   -2.8276316969e-08   -1.3718291829e-07    1.9914810741e-08   -9.1843734022e-09   -1.7180448115e-09    6.1448235943e-09
  17.2600000    7.4950696050e-08   -3.5880809634e-08   -2.7215156471e-08   -1.3723512784e-07    2.2229368138e-08   -8.9419245184e-09   -1.5587821621e-09    6.1734083292e-09
  17.3100000    8.0652976949e-08   -3.6952316899e-08   -1.7420149071e-08   -1.3842765998e-07    2.1438123280e-08   -8.7832850489e-09   -1.4092531560e-09    6.1930142021e-09
  17.3600000    7.5466460908e-08   -3.3437902103e-08   -2.2863749052e-09   -1.4110382591e-07    1.7828903007e-08   -8.6771070888e-09   -1.2708646839e-09    6.2047726731e-09
  17.4100000    7.6510007493e-08   -2.7381125111e-08    1.3421507017e-08   -1.4487417018e-07    1.2707530975e-08   -8.5876781177e-09   -1.1432359019e-09    6.2102919443e-09
  17.4600000    9.2459775824e-08   -2.1826322227e-08    2.5213008379e-08   -1.4874646819e-07    7.8737642576e-09   -8.5519424873e-09   -1.0242444365e-09    6.2113140073e-09
  17.5100000    1.1597210689e-07   -1.8913538478e-08    3.0188294478e-08   -1.5161379917e-07    4.9357356838e-09   -8.6924413834e-09   -9.1032274244e-10    6.2092812987e-09
  17.5600000    1.3185895199e-07   -1.8735962286e-08    2.7672290458e-08   -1.5283779176e-07    4.7337279367e-09   -9.1458737134e-09   -7.9704826663e-10    6.2050048864e-09
  17.6100000    1.3144098541e-07   -1.9652725523e-08    1.9112653272e-08   -1.5259921912e-07    7.0924338907e-09   -9.9462435767e-09   -6.7982928233e-10    6.1985094853e-09
  17.6600000    1.1929799228e-07   -1.9876902871e-08    7.4212812101e-09   -1.5181113839e-07    1.0980494696e-08   -1.0938959401e-08   -5.5472794987e-10    6.1890586636e-09
  17.7100000    1.0714848914e-07   -1.9244307423e-08   -3.9625638077e-09   -1.5163366666e-07    1.4987470823e-08   -1.1794072415e-08   -4.1905420290e-10    6.1753965267e-09
  17.7600000    1.0176627553e-07   -1.9608202393e-08   -1.2025898867e-08   -1.5285635458e-07    1.7903097751e-08   -1.2134967123e-08   -2.7181634983e-10    6.1560745886e-09
  17.8100000    9.8671255056e-08   -2.3141633248e-08   -1.4956853199e-08   -1.5549167283e-07    1.9155153589e-08   -1.1730698437e-08   -1.1378489697e-10    6.1297496746e-09
  17.8600000    8.7299636202e-08   -2.9799384596e-08   -1.2601470906e-08   -1.5880269496e-07    1.8939039306e-08   -1.0654655330e-08    5.2735782611e-11    6.0954237897e-09
  17.9100000    6.2551110505e-08   -3.6438799234e-08   -6.4996679885e-09   -1.6173858964e-07    1.8015803701e-08   -9.3154217935e-09    2.2441207171e-10    6.0525498567e-09
  17.9600000    3.1688635338e-08   -3.8887201219e-08    5.5369454362e-10   -1.6352136708e-07    1.7298999905e-08   -8.3215164434e-09    3.9753334288e-10    6.0010982894e-09
  18.0100000    9.5776156711e-09   -3.5387692500e-08    5.3740957993e-09   -1.6405155899e-07    1.7430253366e-08   -8.2240709445e-09    5.6866200687e-10    5.9416246650e-09
  18.0600000    5.8277311368e-09   -2.8276623171e-08    5.4784375713e-09   -1.6391905076e-07    1.8527765573e-08   -9.2497756019e-09    7.3510922453e-10    5.8753716429e-09
  18.1100000    1.5526949531e-08   -2.2230645900e-08    5.8713124072e-11   -1.6403868607e-07    2.0196149448e-08   -1.1154542625e-08    8.9509598944e-10    5.8043302029e-09
  18.1600000    2.3226037240e-08   -2.0542732398e-08   -9.5453463544e-09   -1.6513705419e-07    2.1760442401e-08   -1.3282612254e-08    1.0475915556e-09    5.7311366966e-09
  18.2100000    1.8028018266e-08   -2.2630553434e-08   -2.0134711475e-08   -1.6738111841e-07    2.2592895782e-08   -1.4823626231e-08    1.1918066337e-09    5.6587520146e-09
  18.2600000    5.9655819016e-09   -2.4877039981e-08   -2.7688866891e-08   -1.7033815841e-07    2.2376996273e-08   -1.5163815091e-08    1.3266234985e-09    5.5899251542e-09
  18.3100000    6.3784404103e-09   -2.4101284567e-08   -2.8824896440e-08   -1.7326061141e-07    2.1203308124e-08   -1.4173910390e-08    1.4500211372e-09    5.5265600525e-09
  18.3600000    3.3693920593e-08   -2.0741207451e-08   -2.2133388240e-08   -1.7551378258e-07    1.9481588779e-08   -1.2295074414e-08    1.5588503279e-09    5.4692159189e-09
  18.4100000    8.1705674982e-08   -1.8861638101e-08   -8.8451185837e-09   -1.7690200917e-07    1.7736802745e-08   -1.0371110381e-08    1.6489615564e-09    5.4169727461e-09
  18.4600000    1.2697983258e-07   -2.2572458665e-08    7.4806072785e-09   -1.7772273778e-07    1.6394933524e-08   -9.2917916844e-09    1.7157892395e-09    5.3677161869e-09
  18.5100000    1.4934318589e-07   -3.1741995488e-08    2.2168311733e-08   -1.7854058960e-07    1.5647946623e-08   -9.6038324239e-09    1.7551353809e-09    5.3187919508e-09
  18.5600000    1.4901658488e-07   -4.1111719605e-08    3.1086404051e-08   -1.7983004803e-07    1.5434284678e-08   -1.1265984246e-08    1.7640474508e-09    5.2678094647e-09
  18.6100000    1.4256528099e-07   -4.4229401534e-08    3.2105659082e-08   -1.8170210964e-07    1.5514738943e-08   -1.3661920093e-08    1.7414622766e-09    5.2133402671e-09
  18.6600000    1.4223558480e-07   -3.8928649254e-08    2.5780220017e-08   -1.8387196863e-07    1.5591151392e-08   -1.5866356346e-08    1.6885091609e-09    5.1552339521e-09
  18.7100000    1.4136598346e-07   -2.9157260572e-08    1.4993542942e-08   -1.8587894754e-07    1.5415355744e-08   -1.7043565458e-08    1.6083637704e-09    5.0945405917e-09
  18.7600000    1.2189833306e-07   -2.1365435216e-08    3.7392117942e-09   -1.8742188171e-07    1.4858467302e-08   -1.6798735332e-08    1.5057225391e-09    5.0330913142e-09
  18.8100000    7.5677734270e-08   -1.9126059389e-08   -4.4424982311e-09   -1.8860495273e-07    1.3935871965e-08   -1.5329185897e-08    1.3860300994e-09    4.9729721166e-09
  18.8600000    1.6359925710e-08   -2.1190637339e-08   -7.7274650914e-09   -1.8993884939e-07    1.2795754682e-08   -1.3318681381e-08    1.2545623402e-09    4.9160436810e-09
  18.9100000   -3.0602405025e-08   -2.4143304854e-08   -6.4786982777e-09   -1.9207922878e-07    1.1679458617e-08   -1.1635231175e-08    1.1157134750e-09    4.8636751181e-09
  18.9600000   -4.9044361709e-08   -2.6031357647e-08   -2.7895679242e-09   -1.9543230649e-07    1.0857404869e-08   -1.0973812001e-08    9.7241761917e-10    4.8166392763e-09
  19.0100000   -4.3013128699e-08   -2.7219187317e-08    6.3980877866e-10   -1.9983599325e-07    1.0547038505e-08   -1.1595766823e-08    8.2599429605e-10    4.7751610848e-09
  19.0600000   -2.8424794129e-08   -2.8651303844e-08    1.7661262927e-09   -2.0449268885e-07    1.0830883262e-08   -1.3259413587e-08    6.7641109433e-10    4.7389973388e-09
  19.1100000   -1.5994808245e-08   -3.0417870707e-08    5.2716093854e-11   -2.0820849654e-07    1.1605250667e-08   -1.5346200376e-08    5.2289968824e-10    4.7075528228e-09
  19.1600000   -2.7427473496e-09   -3.2081379960e-08   -3.4389950646e-09   -2.0985018532e-07    1.2589572009e-08   -1.7110370377e-08    3.6477736930e-10    4.6799991889e-09
  19.2100000    2.1203927500e-08   -3.3432966204e-08   -6.7151159688e-09   -2.0883661375e-07    1.3407105818e-08   -1.7947331736e-08    2.0228743473e-10    4.6554979844e-09
  19.2600000    5.9042467501e-08   -3.4222631778e-08   -7.9392355581e-09   -2.0547061901e-07    1.3714928549e-08   -1.7590271939e-08    3.7176247658e-11    4.6334958604e-09
  19.3100000    1.0094949327e-07   -3.3595691471e-08   -6.4319751098e-09   -2.0097873897e-07    1.3333300098e-08   -1.6185960924e-08   -1.2713199941e-10    4.6140236555e-09
  19.3600000    1.3110672822e-07   -3.0761251997e-08   -3.1062225500e-09   -1.9722382746e-07    1.2318120858e-08   -1.4243336744e-08   -2.8593859444e-10    4.5978949567e-09
  19.4100000    1.4119013058e-07   -2.6446656119e-08   -1.0911523926e-10   -1.9615646778e-07    1.0942944981e-08   -1.2476752059e-08   -4.3401540970e-10    4.5866463684e-09
  19.4600000    1.3691743922e-07   -2.2958444872e-08    2.0671697580e-10   -1.9915739511e-07    9.5987454243e-09   -1.1582690473e-08   -5.6660399467e-10    4.5822220947e-09
  19.5100000    1.3060163732e-07   -2.2117927451e-08   -3.4511740067e-09   -2.0647787639e-07    8.6569137282e-09   -1.2002502329e-08   -6.8031396383e-10    4.5864030375e-09
  19.5600000    1.2683235435e-07   -2.3351328147e-08   -1.0386716138e-08   -2.1698587900e-07    8.3558184418e-09   -1.3738505443e-08   -7.7379317182e-10    4.6002206024e-09
  19.6100000    1.1664862293e-07   -2.4540695784e-08   -1.7801242426e-08   -2.2835493273e-07    8.7536967550e-09   -1.6296198582e-08   -8.4791818495e-10    4.6235033359e-09
  19.6600000    8.7871432424e-08   -2.4907421896e-08   -2.1665163803e-08   -2.3769467128e-07    9.7532268320e-09   -1.8803920389e-08   -9.0565058883e-10    4.6547810471e-09
  19.7100000    4.1694469269e-08   -2.6313632762e-08   -1.8340413817e-08   -2.4245999949e-07    1.1167975520e-08   -2.0304445216e-08   -9.5150110973e-10    4.6916119517e-09
  19.7600000   -3.0781321422e-09   -3.0964656935e-08   -6.3617200788e-09   -2.4135166091e-07    1.2786845881e-08   -2.0133962275e-08   -9.9085166530e-10    4.7311502758e-09
  19.8100000   -2.5081201844e-08   -3.7999280365e-08    1.2378058821e-08   -2.3488935416e-07    1.4407065880e-08   -1.8239836736e-08   -1.0291184562e-09    4.7708498827e-09
  19.8600000   -2.0437531797e-08   -4.3209856302e-08    3.2665761066e-08   -2.2542070276e-07    1.5836006507e-08   -1.5281975049e-08   -1.0709613657e-09    4.8090533874e-09
  19.9100000   -6.2904641591e-09   -4.2614708171e-08    4.7438674564e-08   -2.1650403294e-07    1.6888370966e-08   -1.2433964607e-08   -1.1196491258e-09    4.8452993756e-09
  19.9600000   -2.8274891259e-09   -3.6013875445e-08    5.0310562381e-08   -2.1181750916e-07    1.7409153246e-08   -1.0929351364e-08   -1.1766253915e-09    4.8803097418e-09
  20.0100000   -1.2209833328e-08   -2.6784878242e-08    3.8249301356e-08   -2.1392947135e-07    1.7331576520e-08   -1.1528648529e-08   -1.2414159881e-09    4.9157302916e-09
  20.0600000   -1.7110270963e-08   -1.8807814907e-08    1.3290677847e-08   -2.2334846910e-07    1.6746200541e-08   -1.4145426798e-08   -1.3119255826e-09    4.9537105549e-09
  20.1100000   -8.6223780981e-10   -1.4478441054e-08   -1.7572590017e-08   -2.3821308744e-07    1.5934063690e-08   -1.7821283721e-08   -1.3850383142e-09    4.9964203486e-09
  20.1600000    3.2526911956e-08   -1.5394609561e-08   -4.4512229806e-08   -2.5478419903e-07    1.5319662063e-08   -2.1092747013e-08   -1.4573711802e-09    5.0456484393e-09
  20.2100000    6.0819675483e-08   -2.3057020555e-08   -5.8340897148e-08   -2.6862332537e-07    1.5333367082e-08   -2.2610071808e-08   -1.5259938993e-09    5.1024626729e-09
  20.2600000    6.6710484670e-08   -3.6957975857e-08   -5.4041634262e-08   -2.7607824787e-07    1.6221550971e-08   -2.1739164009e-08   -1.5888582932e-09    5.1669793488e-09
  20.3100000    5.6972059308e-08   -5.1930273064e-08   -3.2907246054e-08   -2.7555708833e-07    1.7883664176e-08   -1.8869869025e-08   -1.6449080847e-09    5.2382867816e-09
  20.3600000    5.6197691682e-08   -5.9320000851e-08   -2.3175753943e-09   -2.6812084930e-07    1.9823675047e-08   -1.5278455992e-08   -1.6938080824e-09    5.3145382703e-09
  20.4100000    8.0535703278e-08   -5.3051166512e-08    2.6889458365e-08   -2.5715774700e-07    2.1268762386e-08   -1.2592899992e-08   -1.7354444514e-09    5.3932294788e-09
  20.4600000    1.1856556838e-07   -3.5550915052e-08    4.4490749380e-08   -2.4723691629e-07    2.1440439648e-08   -1.2093181638e-08   -1.7693749245e-09    5.4715751924e-09
  20.5100000    1.3978283234e-07   -1.7209061125e-08    4.4786155544e-08   -2.4254405140e-07    1.9888254554e-08   -1.4156287322e-08   -1.7944250692e-09    5.5470206666e-09
  20.5600000    1.2290123627e-07   -8.7676773427e-09    2.8751910545e-08   -2.4545635295e-07    1.6748245257e-08   -1.8090462054e-08   -1.8084745367e-09    5.6176228739e-09
  20.6100000    7.5853923643e-08   -1.3050300839e-08    3.5476185601e-09   -2.5575651031e-07    1.2795755237e-08   -2.2427455387e-08   -1.8085409403e-09    5.6823337262e-09
  20.6600000    2.7747745845e-08   -2.3439077176e-08   -2.0426849630e-08   -2.7074690294e-07    9.2310247569e-09   -2.5538210520e-08   -1.7909899412e-09    5.7409740872e-09
  20.7100000    1.1436799636e-09   -3.0395843669e-08   -3.3719677225e-08   -2.8620164836e-07    7.2457133249e-09   -2.6301530362e-08   -1.7520177015e-09    5.7941041907e-09
  20.7600000   -7.5131135948e-09   -3.0020103533e-08   -3.1557042211e-08   -2.9781097434e-07    7.5259622566e-09   -2.4544170052e-08   -1.6881110849e-09    5.8427040866e-09
  20.8100000   -1.9838022394e-08   -2.6919204813e-08   -1.5622700406e-08   -3.0262000175e-07    9.9007294285e-09   -2.1082966747e-08   -1.5965738856e-09    5.8878712783e-09
  20.8600000   -4.8189902909e-08   -2.8900033670e-08    6.7892798292e-09   -2.9998088108e-07    1.3310213391e-08   -1.7375133115e-08   -1.4760650178e-09    5.9305743582e-09
  20.9100000   -7.7429438333e-08   -3.8448196118e-08    2.5859825333e-08   -2.9170510765e-07    1.6149614643e-08   -1.4940889068e-08   -1.3269424804e-09    5.9715106619e-09
  20.9600000   -7.6016122294e-08   -4.9162738240e-08    3.3300459567e-08   -2.8136641033e-07    1.6882044843e-08   -1.4797048481e-08   -1.1514709382e-09    6.0110851196e-09
  21.0100000   -2.7547955139e-08   -5.1160995441e-08    2.5756455994e-08   -2.7299129231e-07    1.4681275730e-08   -1.7111122668e-08   -9.5372808002e-10    6.0494250403e-09
  21.0600000    4.7862544221e-08   -4.0933437335e-08    6.2157694321e-09   -2.6959953628e-07    9.8270307836e-09   -2.1180070980e-08   -7.3914855598e-10    6.0864039251e-09
  21.1100000    1.0493896171e-07   -2.5871291257e-08   -1.7136033312e-08   -2.7213733813e-07    3.6603214319e-09   -2.5710153633e-08   -5.1393378821e-10    6.1217326075e-09
  21.1600000    1.0909112692e-07   -1.7908525813e-08   -3.4196046649e-08   -2.7922757517e-07   -1.9125357906e-09   -2.9276820276e-08   -2.8435058025e-10    6.1550859407e-09
  21.2100000    6.4901638933e-08   -2.1836313892e-08   -3.7117317921e-08   -2.8785584345e-07   -5.1786647867e-09   -3.0802708138e-08   -5.6053621002e-11    6.1862186084e-09
  21.2600000    1.1659945042e-08   -3.0555733853e-08   -2.3747156081e-08   -2.9472138282e-07   -5.3236881719e-09   -2.9906934714e-08    1.6630555258e-10    6.2151519971e-09
  21.3100000   -9.8365495945e-09   -3.3102706293e-08    1.1010557534e-09   -2.9767658783e-07   -2.7759236262e-09   -2.7028772696e-08    3.7917868995e-10    6.2422335338e-09
  21.3600000    1.0407640400e-08   -2.7210963530e-08    2.7223009127e-08   -2.9661796474e-07    9.7013851167e-10   -2.3294074342e-08    5.7991035253e-10    6.2680735849e-09
  21.4100000    4.7994303972e-08   -2.2268841449e-08    4.3033492241e-08   -2.9342748964e-07    3.9858831922e-09   -2.0158821250e-08    7.6635680996e-10    6.2933023341e-09
  21.4600000    7.0231252459e-08   -2.8678990935e-08    4.0537268225e-08   -2.9100262986e-07    4.7308712794e-09   -1.8926280398e-08    9.3641852103e-10    6.3182304993e-09
  21.5100000    6.5609527281e-08   -4.5109183239e-08    1.9199821067e-08   -2.9184596071e-07    2.7143341289e-09   -2.0282090119e-08    1.0876579392e-09    6.3424761566e-09
  21.5600000    4.8414226660e-08   -5.8132516548e-08   -1.3114261814e-08   -2.9689718540e-07   -1.2867837872e-09   -2.4007997770e-08    1.2172085107e-09    6.3647383807e-09
  21.6100000    3.6378032828e-08   -5.5388104235e-08   -4.2878214610e-08   -3.0516999738e-07   -5.5443485988e-09   -2.9000009681e-08    1.3219254667e-09    6.3828875429e-09
  21.6600000    2.7756469406e-08   -3.8439344257e-08   -5.6470864535e-08   -3.1435775649e-07   -8.0930261451e-09   -3.3623315066e-08    1.3988582237e-09    6.3943012004e-09
  21.7100000    4.5044205674e-09   -2.1539244267e-08   -4.6321387861e-08   -3.2208571693e-07   -7.5385793539e-09   -3.6306193423e-08    1.4460090034e-09    6.3965072725e-09
  21.7600000   -4.1417992139e-08   -1.7461492974e-08   -1.4857153245e-08   -3.2715571097e-07   -3.6248639100e-09   -3.6158727658e-08    1.4631429494e-09    6.3878434499e-09
  21.8100000   -8.9113515144e-08   -2.5235058808e-08    2.5778227772e-08   -3.3012393951e-07    2.6674834605e-09   -3.3359992186e-08    1.4525336162e-09    6.3680161387e-09
  21.8600000   -1.0146766196e-07   -3.2457909376e-08    5.8476328439e-08   -3.3289252259e-07    9.5172837830e-09   -2.9126626980e-08    1.4194119309e-09    6.3383653562e-09
  21.9100000   -5.9414271435e-08   -2.9295875662e-08    6.8539365860e-08   -3.3751991371e-07    1.4977353165e-08   -2.5243169205e-08    1.3718899177e-09    6.3016990505e-09
  21.9600000    1.7026263295e-08   -1.9000445064e-08    5.0448524795e-08   -3.4489346963e-07    1.7706714561e-08   -2.3332376967e-08    1.3201899051e-09    6.2618062463e-09
  22.0100000    8.3122866401e-08   -1.3924358330e-08    1.0843233341e-08   -3.5401419957e-07    1.7424724270e-08   -2.4177300104e-08    1.2753230648e-09    6.2226497279e-09
  22.0600000    1.0527716422e-07   -2.1884056681e-08   -3.3897465346e-08   -3.6234003392e-07    1.4917059048e-08   -2.7401693749e-08    1.2472435698e-09    6.1875302281e-09
  22.1100000    8.3767841248e-08   -3.7821015623e-08   -6.4637263889e-08   -3.6706627462e-07    1.1615497554e-08   -3.1662197782e-08    1.2430214578e-09    6.1583012579e-09
  22.1600000    4.3642745775e-08   -4.9235460458e-08   -6.8008353374e-08   -3.6669321799e-07    8.9506562607e-09   -3.5268707114e-08    1.2652992502e-09    6.1348765572e-09
  22.2100000    8.1469382246e-09   -4.8672771644e-08   -4.2597407173e-08   -3.6203537457e-07    7.7649648873e-09   -3.6945075004e-08    1.3115893462e-09    6.1150823186e-09
  22.2600000   -1.6727457734e-08   -3.9758111872e-08    1.5545400588e-10   -3.5608099887e-07    8.0364145748e-09   -3.6372899210e-08    1.3746821495e-09    6.0949543468e-09
  22.3100000   -3.5454503800e-08   -3.1557073939e-08    4.0928314450e-08   -3.5269108619e-07    9.0158619619e-09   -3.4267814700e-08    1.4441368940e-09    6.0693877761e-09
  22.3600000   -4.8703345140e-08   -2.8881250587e-08    6.1226697489e-08   -3.5473389864e-07    9.6881526489e-09   -3.1968542568e-08    1.5086615050e-09    6.0330728030e-09
  22.4100000   -5.0611491870e-08   -2.9161812294e-08    5.1898831505e-08   -3.6257305043e-07    9.3167369460e-09   -3.0758220615e-08    1.5588413629e-09    5.9815069958e-09
  22.4600000   -3.8048348411e-08   -2.7787152495e-08    1.7513885014e-08   -3.7369379036e-07    7.7958187942e-09   -3.1262306538e-08    1.5895787291e-09    5.9118240377e-09
  22.5100000   -1.6987301213e-08   -2.4479217596e-08   -2.5520092769e-08   -3.8371913632e-07    5.6353278824e-09   -3.3215233600e-08    1.6016164205e-09    5.8233807754e-09
  22.5600000    2.4865386491e-09   -2.3507045035e-08   -5.6377491229e-08   -3.8839009992e-07    3.5972451773e-09   -3.5687759684e-08    1.6017435457e-09    5.7178198069e-09
  22.6100000    1.4630040592e-08   -2.8452727194e-08   -5.9478724953e-08   -3.8559627801e-07    2.1926684287e-09   -3.7626568181e-08    1.6014232620e-09    5.5985723212e-09
  22.6600000    1.9039464780e-08   -3.7942804653e-08   -3.1981959743e-08   -3.7649344971e-07    1.3344857462e-09   -3.8404328160e-08    1.6142892974e-09    5.4700121502e-09
  22.7100000    1.5872506726e-08   -4.6584381061e-08    1.4427663391e-08   -3.6516247452e-07    3.6768182868e-10   -3.8089480460e-08    1.6528638825e-09    5.3362745195e-09
  22.7600000    5.1031734974e-09   -4.9340286329e-08    5.8452430368e-08   -3.5694237389e-07   -1.5068764926e-09   -3.7311128381e-08    1.7253069803e-09    5.2002373232e-09
  22.8100000   -8.7674326084e-09   -4.4971613926e-08    7.8742701351e-08   -3.5617606566e-07   -4.6350275166e-09   -3.6820928927e-08    1.8330149517e-09    5.0627321617e-09
  22.8600000   -1.6388479305e-08   -3.6470063744e-08    6.3845237140e-08   -3.6435772074e-07   -8.4913260344e-09   -3.7017548149e-08    1.9696503161e-09    4.9223035903e-09
  22.9100000   -1.2825493262e-08   -2.9248336799e-08    1.7970968379e-08   -3.7947269779e-07   -1.1737253468e-08   -3.7712288590e-08    2.1217936467e-09    4.7755230717e-09
  22.9600000   -5.9607948227e-09   -2.8193132794e-08   -4.0204277467e-08   -3.9679342425e-07   -1.2813727220e-08   -3.8272205734e-08    2.2712747524e-09    4.6177488093e-09
  23.0100000   -1.0303530547e-08   -3.4323990334e-08   -8.5382834402e-08   -4.1078305165e-07   -1.0819006277e-08   -3.8059274004e-08    2.3984493918e-09    4.4441070567e-09
  23.0600000    1.1689412513e-07   -4.4731232705e-08   -9.6900215996e-08   -4.1743778173e-07   -6.2126833599e-09   -3.6909366067e-08    2.4858580331e-09    4.2504472189e-09
  23.1100000    1.4126976224e-07   -4.3728591776e-08   -6.7971603425e-08   -4.1590273642e-07   -9.0615969166e-10   -3.5361164057e-08    2.5213183945e-09    4.0339961481e-09
  23.1600000    9.0718721542e-08   -4.2493641002e-08   -8.8102800111e-09   -4.0817635895e-07    2.4306656014e-09   -3.4471040176e-08    2.4998500827e-09    3.7935927853e-09
  23.2100000   -1.0059252415e-08   -3.9585327512e-08    5.6930056595e-08   -3.9866196417e-07    1.6121360245e-09   -3.5275148712e-08    2.4240297052e-09    3.5295284026e-09
  23.2600000   -1.1316005780e-07   -3.4115384921e-08    1.0225855152e-07   -3.9246021687e-07   -3.8414880266e-09   -3.8164066581e-08    2.3028587974e-09    3.2431025580e-09
  23.3100000   -1.6952013775e-07   -2.6629172055e-08    1.0834712393e-07   -3.9354497689e-07   -1.2150609710e-08   -4.2511128947e-08    2.1495168865e-09    2.9360261101e-09
  23.3600000   -1.5178688451e-07   -1.8730153519e-08    7.2577139608e-08   -4.0336446979e-07   -1.9782867262e-08   -4.6794118255e-08    1.9785783581e-09    2.6098318494e-09
  23.4100000   -6.6338724895e-08   -1.2054356522e-08    9.6271521394e-09   -4.2033962206e-07   -2.2917133539e-08   -4.9213650515e-08    1.8034238012e-09    2.2655089076e-09
  23.4600000    5.1347593773e-08   -7.8179155955e-09   -5.4831669322e-08   -4.4043132267e-07   -1.9260357045e-08   -4.8552071545e-08    1.6343012960e-09    1.9032478692e-09
  23.5100000    1.5426398830e-07   -7.3607070063e-09   -9.5032472704e-08   -4.5859442856e-07   -9.3596632617e-09   -4.4863739248e-08    1.4774145770e-09    1.5224914483e-09
  23.5600000    2.0392929164e-07   -1.2663096757e-08   -9.5852078976e-08   -4.7062328738e-07    3.2958169560e-09   -3.9627704822e-08    1.3349485774e-09    1.1221843535e-09
  23.6100000    1.8318605359e-07   -2.5385065126e-08   -5.8811917286e-08   -4.7472077372e-07    1.3568881396e-08   -3.5222055555e-08    1.2059901884e-09    7.0116383014e-10
  23.6600000    9.8640990760e-08   -4.4436868880e-08   -9.1862205669e-10   -4.7217229455e-07    1.6886315059e-08   -3.3900617081e-08    1.0879385037e-09    2.5869358642e-10
  23.7100000   -2.3993206373e-08   -6.4244074846e-08    5.2937872829e-08   -4.6680240769e-07    1.1399604370e-08   -3.6715825824e-08    9.7803588352e-10   -2.0501792842e-10
  23.7600000   -1.4735628243e-07   -7.6244358091e-08    8.0592069228e-08   -4.6336098432e-07   -9.3749532839e-10   -4.2903287110e-08    8.7470173691e-10   -6.8836717494e-10
  23.8100000   -2.3156284993e-07   -7.3656478547e-08    7.1641587740e-08   -4.6545664024e-07   -1.4976245701e-08   -5.0069877225e-08    7.7853999931e-10   -1.1881833349e-09
  23.8600000   -2.4579634023e-07   -5.6219296749e-08    3.1203062809e-08   -4.7391119323e-07   -2.4513167978e-08   -5.5170877812e-08    6.9269332699e-10   -1.6998490033e-09
  23.9100000   -1.8064084143e-07   -3.0909701139e-08   -2.2930915480e-08   -4.8629576593e-07   -2.5073850804e-08   -5.5879416888e-08    6.2266671303e-10   -2.2178698679e-09
  23.9600000   -5.5198330198e-08   -7.7858571097e-09   -6.8215483489e-08   -4.9792649635e-07   -1.6084875848e-08   -5.1727833306e-08    5.7560836499e-10   -2.7367580922e-09
  24.0100000    8.7131615207e-08    5.7373413943e-09   -8.6792974890e-08   -5.0393678128e-07   -1.3807577324e-09   -4.4458955816e-08    5.5910940248e-10   -3.2520963691e-09
  24.0600000    1.9452050540e-07    7.7424027768e-09   -7.2448166044e-08   -5.0151141399e-07    1.2295266926e-08   -3.7360492079e-08    5.7980091315e-10   -3.7615367188e-09
  24.1100000    2.2718002024e-07    2.9063281618e-10   -3.2350408494e-08   -4.9124215202e-07    1.8222930585e-08   -3.3827761514e-08    6.4186571442e-10   -4.2655449725e-09
  24.1600000    1.7272735773e-07   -1.3980297765e-08    1.6803032705e-08   -4.7694075843e-07    1.2796830875e-08   -3.5787097535e-08    7.4581465194e-10   -4.7675101303e-09
  24.2100000    5.0389785607e-08   -3.3440199475e-08    5.6262628727e-08   -4.6396713082e-07   -2.6375581077e-09   -4.2720531894e-08    8.8768444398e-10   -5.2732195208e-09
  24.2600000   -9.6076577648e-08   -5.5960971845e-08    7.2955428726e-08   -4.5685059810e-07   -2.2112518475e-08   -5.1788691541e-08    1.0590370924e-09   -5.7896538923e-09
  24.3100000   -2.1320659003e-07   -7.6524128878e-08    6.4224547456e-08   -4.5733966637e-07   -3.7488151573e-08   -5.9050702617e-08    1.2478133981e-09   -6.3232658665e-09
  24.3600000   -2.5597449172e-07   -8.7337882780e-08    3.7825195919e-08   -4.6381812386e-07   -4.2004262839e-08   -6.1255743801e-08    1.4400954335e-09   -6.8780485220e-09
  24.4100000   -2.0454572615e-07   -8.1683101313e-08    7.5581634185e-09   -4.7236088491e-07   -3.3366970265e-08   -5.7384121259e-08    1.6225820707e-09   -7.4538830078e-09
  24.4600000   -7.4142818746e-08   -5.9041474130e-08   -1.3252109934e-08   -4.7889849602e-07   -1.4952630049e-08   -4.9201560086e-08    1.7853864055e-09   -8.0457027066e-09
  24.5100000    8.7199879649e-08   -2.7182930136e-08   -1.7473052007e-08   -4.8141459764e-07    5.4835704515e-09   -4.0532488435e-08    1.9245172073e-09   -8.6437501586e-09
  24.5600000    2.1514084977e-07    1.1895987602e-09   -6.6822693926e-09   -4.8108413541e-07    1.9095444698e-08   -3.5554936786e-08    2.0434072133e-09   -9.2351352486e-09
  24.6100000    2.5584957123e-07    1.5202537145e-08    1.0347144967e-08   -4.8177548851e-07    1.9812951914e-08   -3.6888410881e-08    2.1528650253e-09   -9.8065477026e-09
  24.6600000    1.9197636977e-07    1.0995414014e-08    2.2231537116e-08   -4.8812916924e-07    7.0717925430e-09   -4.4358658310e-08    2.2691197110e-09   -1.0347482587e-08
  24.7100000    5.2927830377e-08   -8.0102122240e-09    2.0421915115e-08   -5.0310779156e-07   -1.3839005918e-08   -5.5020797381e-08    2.4101292457e-09   -1.0853145946e-08
  24.7600000   -9.9643763641e-08   -3.4354723560e-08    3.0943773564e-09   -5.2616871808e-07   -3.4010446138e-08   -6.4442953178e-08    2.5907167715e-09   -1.1326122953e-08
  24.8100000   -2.0461659039e-07   -5.9290470736e-08   -2.4092555907e-08   -5.5293550056e-07   -4.4773182158e-08   -6.8671208233e-08    2.8177110707e-09   -1.1776019422e-08
  24.8600000   -2.3129651364e-07   -7.3611114547e-08   -5.0517268080e-08   -5.7657772189e-07   -4.1488723634e-08   -6.5984347228e-08    3.0863625428e-09   -1.2217012970e-08
  24.9100000   -1.8668083979e-07   -6.9428575697e-08   -6.5158361833e-08   -5.9035893525e-07   -2.5593718920e-08   -5.7649521072e-08    3.3792095220e-09   -1.2663671180e-08
  24.9600000   -9.9472466655e-08   -4.5388979075e-08   -6.1213174213e-08   -5.9030498315e-07   -3.9886998719e-09   -4.7352501605e-08    3.6681664816e-09   -1.3126124035e-08
  25.0100000    7.6780996545e-10   -1.1923774689e-08   -3.8893099296e-08   -5.7688751226e-07    1.3956195103e-08   -3.9577521574e-08    3.9196706673e-09   -1.3606149417e-08
  25.0600000    9.1598120387e-08    1.1025037569e-08   -5.3622877168e-09   -5.5501816169e-07    2.0450076170e-08   -3.7673610396e-08    4.1019365963e-09   -1.4095415822e-08
  25.1100000    1.5334149462e-07    6.5898533988e-09    2.8038262903e-08   -5.3233370304e-07    1.2600775102e-08   -4.2459663025e-08    4.1926337007e-09   -1.4576716510e-08
  25.1600000    1.6695924966e-07   -2.4296441418e-08    5.0112799945e-08   -5.1643855680e-07   -6.4322410923e-09   -5.1953193405e-08    4.1850581989e-09   -1.5028176871e-08
  25.2100000    1.2300229687e-07   -5.9780340959e-08    5.3996294043e-08   -5.1218580877e-07   -2.8905311143e-08   -6.2293924828e-08    4.0908680071e-09   -1.5429336176e-08
  25.2600000    3.3696564455e-08   -7.1562205847e-08    3.9652439961e-08   -5.2005759561e-07   -4.5868773294e-08   -6.9415309299e-08    3.9385317416e-09   -1.5767381425e-08
  25.3100000   -6.6990635918e-08   -4.7349348480e-08    1.3807872952e-08   -5.3626033544e-07   -5.0930381472e-08   -7.0722494113e-08    3.7674791566e-09   -1.6041663122e-08
  25.3600000   -1.4001054484e-07   -2.8472512041e-09   -1.2608900008e-08   -5.5445836091e-07   -4.2769297704e-08   -6.6077260104e-08    3.6192600862e-09   -1.6264988392e-08
  25.4100000   -1.6294707680e-07    2.7903785658e-08   -2.8571569177e-08   -5.6841285335e-07   -2.5387909754e-08   -5.7726001946e-08    3.5278416745e-09   -1.6461241188e-08
  25.4600000   -1.3962890917e-07    1.7343184054e-08   -2.7116972559e-08   -5.7444320010e-07   -6.1298425760e-09   -4.9269766500e-08    3.5115898987e-09   -1.6659846842e-08
  25.5100000   -9.0948523728e-08   -3.4769008450e-08   -8.0580847671e-09   -5.7273108393e-07    7.5372407095e-09   -4.4159229768e-08    3.5689498738e-09   -1.6888633179e-08
  25.5600000   -3.6674891486e-08   -1.0024169669e-07    2.1756820382e-08   -5.6699594630e-07    1.1011552790e-08   -4.4351041667e-08    3.6790707122e-09   -1.7167173339e-08
  25.6100000    1.4767906520e-08   -1.4099460955e-07    5.0788497751e-08   -5.6275976153e-07    4.0768090584e-09   -4.9644605245e-08    3.8073537697e-09   -1.7502245016e-08
  25.6600000    6.0747158135e-08   -1.3284055124e-07    6.6973911482e-08   -5.6498583283e-07   -9.5379835395e-09   -5.7906136008e-08    3.9145001392e-09   -1.7886605454e-08
  25.7100000    9.2222242453e-08   -7.8403784416e-08    6.2249750932e-08   -5.7608094412e-07   -2.4147064027e-08   -6.6024115672e-08    3.9669016509e-09   -1.8301110121e-08
  25.7600000    9.1400016378e-08   -3.0811377923e-09    3.5779494979e-08   -5.9502565715e-07   -3.4609798720e-08   -7.1173233120e-08    3.9458250968e-09   -1.8719307903e-08
  25.8100000    4.5129248303e-08    6.0282808511e-08   -5.3624654777e-09   -6.1787381001e-07   -3.8222798919e-08   -7.1882761917e-08    3.8532904941e-09   -1.9113095836e-08
  25.8600000   -3.7948233644e-08    8.7374174148e-08   -4.8411092844e-08   -6.3929560516e-07   -3.5306295088e-08   -6.8518794204e-08    3.7131144486e-09   -1.9458038885e-08
  25.9100000   -1.2449345287e-07    7.1131664098e-08   -7.9331329670e-08   -6.5447485207e-07   -2.8469998086e-08   -6.3035271698e-08    3.5671042914e-09   -1.9737241543e-08
  25.9600000   -1.7341775567e-07    2.1280357429e-08   -8.7877223841e-08   -6.6063537869e-07   -2.1123944821e-08   -5.8126627029e-08    3.4669220054e-09   -1.9943377727e-08
  26.0100000   -1.6010075235e-07   -4.2344377002e-08   -7.1414151365e-08   -6.5772291431e-07   -1.6019901585e-08   -5.6126584551e-08    3.4635295161e-09   -2.0078863234e-08
  26.0600000   -8.9057889219e-08   -9.7871032367e-08   -3.6012061559e-08   -6.4814820489e-07   -1.4421276305e-08   -5.8076887196e-08    3.5961804926e-09   -2.0154766802e-08
  26.1100000    1.2916084730e-08   -1.2748598451e-07    5.7039391100e-09   -6.3582715766e-07   -1.6069629727e-08   -6.3317949688e-08    3.8831938858e-09   -2.0188703171e-08
  26.1600000    1.1408252476e-07   -1.2131339414e-07    3.9228429697e-08   -6.2492430025e-07   -1.9707562799e-08   -6.9757475075e-08    4.3164275759e-09   -2.0202350271e-08
  26.2100000    1.8932720496e-07   -8.0589372836e-08    5.3641336674e-08   -6.1870387189e-07   -2.3740155054e-08   -7.4720412385e-08    4.8608043238e-09   -2.0218682358e-08
  26.2600000    2.1904106630e-07   -1.9920459848e-08    4.5741512253e-08   -6.1878005579e-07   -2.6716185754e-08   -7.6058583000e-08    5.4591695264e-09   -2.0259078710e-08
  26.3100000    1.8476220723e-07    3.4810300525e-08    2.1165920715e-08   -6.2490302315e-07   -2.7561722185e-08   -7.3084463078e-08    6.0421662237e-09   -2.0340752296e-08
  26.3600000    7.6190645182e-08    5.6256162969e-08   -8.0416296373e-09   -6.3526889762e-07   -2.5705593430e-08   -6.6940967089e-08    6.5412426781e-09   -2.0474766677e-08
  26.4100000   -9.0085802826e-08    3.0876817465e-08   -2.8514968645e-08   -6.4721581663e-07   -2.1255497966e-08   -6.0223799732e-08    6.9024451911e-09   -2.0664998015e-08
  26.4600000   -2.5952376493e-07   -2.9747296957e-08   -3.1261129959e-08   -6.5807650710e-07   -1.5220443789e-08   -5.5969385435e-08    7.0979175703e-09   -2.0908358995e-08
  26.5100000   -3.5665462924e-07   -9.2037544765e-08   -1.5569923793e-08   -6.6592117328e-07   -9.5711742907e-09   -5.6395257394e-08    7.1324399317e-09   -2.1196113886e-08
  26.5600000   -3.2685030702e-07   -1.1970522815e-07    1.0615588218e-08   -6.6997015900e-07   -6.8692585188e-09   -6.1912697835e-08    7.0431485385e-09   -2.1515709918e-08
  26.6100000   -1.7328548611e-07   -9.7678472469e-08    3.4177793822e-08   -6.7058316432e-07   -9.3718633214e-09   -7.0850757157e-08    6.8920834169e-09   -2.1852543231e-08
  26.6600000    4.0742508818e-08   -4.2857650638e-08    4.2788866578e-08   -6.6889859385e-07   -1.7864741154e-08   -8.0051662360e-08    6.7530762407e-09   -2.2191071026e-08
  26.7100000    2.2640725833e-07    7.8537223828e-09    3.0808591943e-08   -6.6632593640e-07   -3.0782451380e-08   -8.6126411641e-08    6.6958084469e-09   -2.2515108210e-08
  26.7600000    3.1469763201e-07    2.3998199423e-08    2.4258313514e-09   -6.6411852916e-07   -4.4215817345e-08   -8.6858020850e-08    6.7708913617e-09   -2.2807619362e-08
  26.8100000    2.8311390214e-07    2.0313103089e-09   -2.9587501790e-08   -6.6316318097e-07   -5.3082588548e-08   -8.2150361246e-08    6.9994259254e-09   -2.3050806625e-08
  26.8600000    1.5457199546e-07   -3.5689008827e-08   -4.9264491901e-08   -6.6397339765e-07   -5.3162324091e-08   -7.4098421524e-08    7.3692895715e-09   -2.3227391090e-08
  26.9100000   -2.0346969104e-08   -6.0671168656e-08   -6.1039886174e-08   -6.6828937424e-07   -4.0076808664e-08   -6.7729585447e-08    7.7154682958e-09   -2.3321330691e-08
  26.9600000   -1.8350004718e-07   -5.9194847416e-08    2.8880931205e-09   -6.7274167827e-07   -3.2795653173e-08   -6.3791761045e-08    8.3062646251e-09   -2.3324429981e-08
  27.0100000   -2.8624120453e-07   -3.8213958902e-08    8.5477178641e-08   -6.7860071813e-07   -2.0693535716e-08   -5.6739498509e-08    8.8427477406e-09   -2.3258935238e-08
  27.0600000   -3.0342995269e-07   -1.4995383373e-08    1.5824213266e-07   -6.8498505965e-07   -8.5355271333e-09   -4.9965603409e-08    9.2609129960e-09   -2.3142043453e-08
  27.1100000   -2.4102987592e-07   -2.5167662617e-09    1.9480095588e-07   -6.9053226426e-07   -5.0535194164e-10   -4.5417936805e-08    9.5218915733e-09   -2.2998633287e-08
  27.1600000   -1.3105885670e-07   -2.9811285105e-09    1.8178427164e-07   -6.9369944411e-07    1.3280109522e-09   -4.3454072599e-08    9.6118838204e-09   -2.2860689094e-08
  27.2100000   -1.3992899000e-08   -1.1607469344e-08    1.2466830863e-07   -6.9330207313e-07   -2.4089061230e-09   -4.3365890902e-08    9.5375176789e-09   -2.2764458928e-08
  27.2600000    8.0483067789e-08   -2.3595384173e-08    4.5977886789e-08   -6.8909849730e-07   -8.9804067628e-09   -4.4131664597e-08    9.3198142653e-09   -2.2744709507e-08
  27.3100000    1.4102515242e-07   -3.6846671445e-08   -2.3541528417e-08   -6.8216612617e-07   -1.4977644687e-08   -4.4959185547e-08    8.9888101090e-09   -2.2827248256e-08
  27.3600000    1.6751566348e-07   -4.9570678425e-08   -5.7252973773e-08   -6.7487694241e-07   -1.7908453478e-08   -4.5419250152e-08    8.5807580368e-09   -2.3021662464e-08
  27.4100000    1.5951472180e-07   -5.7492875979e-08   -4.3450866176e-08   -6.7042443352e-07   -1.7203996095e-08   -4.5270762139e-08    8.1371919134e-09   -2.3316720341e-08
  27.4600000    1.1311465878e-07   -5.5039682355e-08    9.7436614175e-09   -6.7200794780e-07   -1.4218103229e-08   -4.4260572915e-08    7.7047645396e-09   -2.3680546411e-08
  27.5100000    2.9032715379e-08   -4.0122598904e-08    7.7441866465e-08   -6.8187971074e-07   -1.1300691132e-08   -4.2141685927e-08    7.3333785228e-09   -2.4066148508e-08
  27.5600000   -7.7143263712e-08   -1.8020416884e-08    1.2782677633e-07   -7.0049724165e-07   -1.0469023617e-08   -3.8937481772e-08    7.0721360331e-09   -2.4421389545e-08
  27.6100000   -1.7408371183e-07    2.2465478597e-11    1.3489662015e-07   -7.2601924773e-07   -1.2362769122e-08   -3.5242805375e-08    6.9617809772e-09   -2.4700954551e-08
  27.6600000   -2.2654120966e-07    3.6657347781e-09    8.9101059012e-08   -7.5435428322e-07   -1.5982800829e-08   -3.2265031722e-08    7.0253643547e-09   -2.4877186616e-08
  27.7100000   -2.1264707864e-07   -8.9901156547e-09    1.6980720746e-09   -7.7989715312e-07   -1.9290683624e-08   -3.1441575312e-08    7.2600954191e-09   -2.4946633814e-08
  27.7600000   -1.3540953936e-07   -2.9562293650e-08   -9.8904565113e-08   -7.9692890864e-07   -2.0311216939e-08   -3.3749712444e-08    7.6329028788e-09   -2.4930776320e-08
  27.8100000   -2.1697504735e-08   -4.5652483933e-08   -1.7749488108e-07   -8.0140443978e-07   -1.8152411471e-08   -3.9070895810e-08    8.0823704273e-09   -2.4870522640e-08
  27.8600000    8.9595944963e-08   -5.0655506619e-08   -2.0523256744e-07   -7.9258138385e-07   -1.3436425547e-08   -4.6011236735e-08    8.5276399577e-09   -2.4816267428e-08
  27.9100000    1.6281958501e-07   -4.8632451796e-08   -1.7072171619e-07   -7.7380703814e-07   -7.9590322624e-09   -5.2362996785e-08    8.8829202943e-09   -2.4816185243e-08
  27.9600000    1.7701676378e-07   -4.9397885962e-08   -8.4790148871e-08   -7.5192490587e-07   -3.7865909388e-09   -5.6029633285e-08    9.0745363595e-09   -2.4905841976e-08
  28.0100000    1.3038398696e-07   -5.7799726472e-08    2.2935893531e-08   -7.3522804564e-07   -2.2622365254e-09   -5.5947812525e-08    9.0562465548e-09   -2.5101562907e-08
  28.0600000    3.8379258287e-08   -6.7138870658e-08    1.1456629928e-07   -7.3052833023e-07   -3.4101703408e-09   -5.2510351415e-08    8.8192043848e-09   -2.5398693890e-08
  28.1100000   -7.2457650879e-08   -6.3577280347e-08    1.5782719120e-07   -7.4043543742e-07   -6.0124231090e-09   -4.7263627381e-08    8.3941489830e-09   -2.5774488402e-08
  28.1600000   -1.7282078073e-07   -3.8509941722e-08    1.3816204127e-07   -7.6204113316e-07   -8.3032020946e-09   -4.2070835022e-08    7.8455931438e-09   -2.6194093943e-08
  28.2100000   -2.3859798875e-07    1.7038125027e-09    6.4426583285e-08   -7.8774521428e-07   -8.9391065767e-09   -3.8245773726e-08    7.2598248432e-09   -2.6617694807e-08
  28.2600000   -2.5592551347e-07    3.7443099496e-08   -3.4181656260e-08   -8.0807722487e-07   -7.7805248762e-09   -3.6166474231e-08    6.7298421618e-09   -2.7006966527e-08
  28.3100000   -2.2238980473e-07    4.8238045723e-08   -1.1903371301e-07   -8.1544796220e-07   -6.0997100015e-09   -3.5555979491e-08    6.3407187536e-09   -2.7329752522e-08
  28.3600000   -1.4586928886e-07    2.6497419601e-08   -1.5680024280e-07   -8.0725898308e-07   -6.0750492493e-09   -3.6162275470e-08    6.1581475349e-09   -2.7562750104e-08
  28.4100000   -4.3005881097e-08   -1.7468171257e-08   -1.3232334279e-07   -7.8699423228e-07   -9.7396235170e-09   -3.8276366820e-08    6.2213753238e-09   -2.7692666331e-08
  28.4600000    6.2918271903e-08   -6.2043415878e-08   -5.4493864047e-08   -7.6276771383e-07   -1.7810568260e-08   -4.2610886831e-08    6.5406469669e-09   -2.7716617938e-08
  28.5100000    1.4672466211e-07   -8.7105144360e-08    4.7330141890e-08   -7.4392855789e-07   -2.8932354260e-08   -4.9503187084e-08    7.0980076960e-09   -2.7642306070e-08
  28.5600000    1.8885520389e-07   -8.4364966637e-08    1.3502420217e-07   -7.3720042487e-07   -3.9762502698e-08   -5.7945216514e-08    7.8502699762e-09   -2.7488104535e-08
  28.6100000    1.8179536007e-07   -5.9722220173e-08    1.7680075474e-07   -7.4403480046e-07   -4.6021724472e-08   -6.5215714618e-08    8.7332452388e-09   -2.7282606961e-08
  28.6600000    1.3066729583e-07   -2.8022164894e-08    1.5952527526e-07   -7.6029282519e-07   -4.4212004182e-08   -6.7662669850e-08    9.6671244808e-09   -2.7062862717e-08
  28.7100000    4.7904572362e-08   -4.7868166925e-09    9.3202307816e-08   -7.7831076912e-07   -3.3337894333e-08   -6.2518295313e-08    1.0563423896e-08   -2.6871054837e-08
  28.7600000   -5.2385250305e-08    2.9206828478e-10    5.9222789553e-09   -7.9035552064e-07   -1.5831749373e-08   -4.9885678466e-08    1.1333798874e-08   -2.6749264588e-08
  28.8100000   -1.5478494729e-07   -1.3976797476e-08   -6.8354027999e-08   -7.9192037396e-07    2.8977886981e-09   -3.3686839696e-08    1.1900523962e-08   -2.6733317536e-08
  28.8600000   -2.3872092209e-07   -4.0711410610e-08   -1.0377795851e-07   -7.8347532185e-07    1.6330152555e-08   -2.0704156886e-08    1.2207516073e-08   -2.6846641157e-08
  28.9100000   -2.7786739889e-07   -6.7093093492e-08   -9.2367897242e-08   -7.7004787570e-07    1.9475560308e-08   -1.7795395231e-08    1.2229816896e-08   -2.7095800641e-08
  28.9600000   -2.4889890010e-07   -7.8126444565e-08   -4.5609658148e-08   -7.5897922602e-07    1.1179922924e-08   -2.8445391084e-08    1.1979177903e-08   -2.7468755075e-08
  29.0100000   -1.4676892001e-07   -6.2681235131e-08    1.2278065522e-08   -7.5692592558e-07   -5.0353950078e-09   -5.0413314204e-08    1.1503977734e-08   -2.7936375852e-08
  29.0600000    4.5173041176e-09   -2.0615556773e-08    5.5918074464e-08   -7.6736642953e-07   -2.2177465980e-08   -7.5920966910e-08    1.0882790999e-08   -2.8456972261e-08
  29.1100000    1.5594411279e-07    3.3393408503e-08    6.9762237873e-08   -7.8950916888e-07   -3.2690359485e-08   -9.4658395370e-08    1.0212542195e-08   -2.8982836666e-08
  29.1600000    2.5284813368e-07    7.4138800262e-08    5.3685150156e-08   -8.1882110662e-07   -3.1859981452e-08   -9.8408934653e-08    9.5936692663e-09   -2.9467292307e-08
  29.2100000    2.5922000235e-07    7.8470863875e-08    2.1135802912e-08   -8.4874399983e-07   -2.0138377774e-08   -8.5102395423e-08    9.1152749774e-09   -2.9870960751e-08
  29.2600000    1.7324479947e-07    3.9454844975e-08   -8.6915208268e-09   -8.7281160593e-07   -3.1910034367e-09   -6.0189271171e-08    8.8432679197e-09   -3.0166158542e-08
  29.3100000    2.6533539368e-08   -2.7550704409e-08   -2.0600529794e-08   -8.8641095273e-07    1.0515728476e-08   -3.4443889637e-08    8.8133499048e-09   -3.0339058709e-08
  29.3600000   -1.3054194467e-07   -9.1985630816e-08   -1.0418862267e-08   -8.8773899271e-07    1.3582971486e-08   -1.9084896433e-08    9.0293524273e-09   -3.0389893706e-08
  29.4100000   -2.4866742766e-07   -1.2450398760e-07    1.3736997035e-08   -8.7788734617e-07    3.2297088852e-09   -2.0531470023e-08    9.4660971655e-09   -3.0331732920e-08
  29.4600000   -2.9602083322e-07   -1.1260817864e-07    3.6145565911e-08   -8.6025917001e-07   -1.7184208452e-08   -3.7405917313e-08    1.0075079498e-08   -3.0188591479e-08
  29.5100000   -2.6674315235e-07   -6.6355419710e-08    4.1570884032e-08   -8.3961006000e-07   -3.9457378709e-08   -6.1332885557e-08    1.0791314955e-08   -2.9993295522e-08
  29.5600000   -1.8033268823e-07   -1.1670541953e-08    2.2835090375e-08   -8.2095450742e-07   -5.4123751871e-08   -8.1174509017e-08    1.1540150335e-08   -2.9785224027e-08
  29.6100000   -7.2620347743e-08    2.4053664125e-08   -1.5576291346e-08   -8.0849703149e-07   -5.4655903807e-08   -8.8564309177e-08    1.2243702590e-08   -2.9607722152e-08
  29.6600000    1.9098145418e-08    2.5955408432e-08   -5.9352475935e-08   -8.0471543323e-07   -4.0329093327e-08   -8.1908074647e-08    1.2827177577e-08   -2.9504753316e-08
  29.7100000    7.1142610026e-08   -1.7365883414e-09   -9.0628163169e-08   -8.0975365031e-07   -1.6425721525e-08   -6.6804259491e-08    1.3225650627e-08   -2.9516602085e-08
  29.7600000    8.1297183309e-08   -3.9496393193e-08   -9.5787838704e-08   -8.2131209898e-07    8.2545732956e-09   -5.2712632387e-08    1.3391259130e-08   -2.9674797122e-08
  29.8100000    6.4760952883e-08   -6.4307456847e-08   -7.1375037452e-08   -8.3517561111e-07    2.5331124451e-08   -4.7682117433e-08    1.3300268534e-08   -2.9996844575e-08
  29.8600000    4.0624799528e-08   -6.2859789272e-08   -2.5628845681e-08   -8.4636062068e-07    3.0332210599e-08   -5.3977035096e-08    1.2958675145e-08   -3.0481938527e-08
  29.9100000    1.7782572185e-08   -3.8558310436e-08    2.4891259280e-08   -8.5063414203e-07    2.4143693669e-08   -6.6951836459e-08    1.2404429745e-08   -3.1108755413e-08
  29.9600000   -1.0198740125e-08   -8.3736132585e-09    6.2057452168e-08   -8.4596073600e-07    1.1883924336e-08   -7.7768099037e-08    1.1705056950e-08   -3.1836463541e-08
  30.0100000   -5.7616016742e-08    8.0558673953e-09    7.3409724527e-08   -8.3337559222e-07   -5.6627504587e-11   -7.8462763079e-08    1.0950025144e-08   -3.2609256357e-08
  30.0600000   -1.3112955574e-07   -7.4598526277e-11    5.6859325878e-08   -8.1691549449e-07   -7.2291836920e-09   -6.6589872007e-08    1.0238668217e-08   -3.3364006070e-08
  30.1100000   -2.1622950714e-07   -2.9382112184e-08    2.0968485996e-08   -8.0253400049e-07   -8.9957540810e-09   -4.6871671642e-08    9.6656858051e-09   -3.4039824957e-08
  30.1600000   -2.7580596718e-07   -6.5047075068e-08   -1.9191683599e-08   -7.9627894259e-07   -8.2289926314e-09   -2.8902547142e-08    9.3069771643e-09   -3.4587686196e-08
  30.2100000   -2.6557397560e-07   -8.8699436264e-08   -4.8722800336e-08   -8.0229005205e-07   -9.1580028302e-09   -2.2087553655e-08    9.2087084975e-09   -3.4978063532e-08
  30.2600000   -1.6144084285e-07   -8.6943640443e-08   -5.9159760558e-08   -8.2127627456e-07   -1.4596146824e-08   -3.0511876104e-08    9.3817796479e-09   -3.5205029144e-08
  30.3100000    1.6223318165e-08   -5.7498655310e-08   -5.1545691041e-08   -8.5001466886e-07   -2.4045230013e-08   -5.0509482764e-08    9.8025437446e-09   -3.5285911019e-08
  30.3600000    1.9988379169e-07   -1.1417310278e-08   -3.4978291123e-08   -8.8210487587e-07   -3.3671871494e-08   -7.2286124427e-08    1.0419298694e-08   -3.5256826531e-08
  30.4100000    3.0262473747e-07    3.0049076899e-08   -2.1348573063e-08   -9.0980649582e-07   -3.8175601069e-08   -8.4809897033e-08    1.1162729163e-08   -3.5165171380e-08
  30.4600000    2.6519848320e-07    4.4717044976e-08   -1.8791922465e-08   -9.2640444965e-07   -3.3609840852e-08   -8.1454221737e-08    1.1957841139e-08   -3.5061035108e-08
  30.5100000    9.4027133733e-08    2.2165170494e-08   -2.7066538322e-08   -9.2832128819e-07   -1.9738052780e-08   -6.3475001503e-08    1.2734842794e-08   -3.4989396348e-08
  30.5600000   -1.3668566065e-07   -2.7480594717e-08   -3.7274559022e-08   -9.1622012281e-07   -7.2164898704e-10   -3.9524879348e-08    1.3436997722e-08   -3.4984819866e-08
  30.6100000   -3.2302049984e-07   -7.6493602074e-08   -3.6333892915e-08   -8.9464730041e-07    1.6275130418e-08   -2.1446077284e-08    1.4024606644e-08   -3.5069292342e-08
  30.6600000   -3.8608006895e-07   -9.5175171884e-08   -1.4273228410e-08   -8.7028091088e-07    2.3994415168e-08   -1.8466582148e-08    1.4475162969e-08   -3.5253051166e-08
  30.7100000   -3.0889543159e-07   -7.0906458486e-08    2.9140944781e-08   -8.4940761669e-07    1.8217258450e-08   -3.2690391401e-08    1.4780871234e-08   -3.5537418283e-08
  30.7600000   -1.3543746682e-07   -1.6892679045e-08    8.1918777387e-08   -8.3562277915e-07   -3.0351960328e-10   -5.8067379612e-08    1.4945008281e-08   -3.5918183260e-08
  30.8100000    6.1111027741e-08    3.6447129719e-08    1.2326931832e-07   -8.2874107634e-07   -2.6015615455e-08   -8.3264887173e-08    1.4978705501e-08   -3.6388189507e-08
  30.8600000    2.1574233872e-07    6.1295778854e-08    1.3199503995e-07   -8.2545671520e-07   -5.0811987760e-08   -9.6967173217e-08    1.4899073039e-08   -3.6938397226e-08
  30.9100000    2.9271011707e-07    4.8863734440e-08    9.6439983135e-08   -8.2153982749e-07   -6.7373998313e-08   -9.3040086879e-08    1.4728893106e-08   -3.7557252754e-08
  30.9600000    2.8551830923e-07    1.1391029471e-08    2.1497600818e-08   -8.1460631459e-07   -7.2119773209e-08   -7.3192499724e-08    1.4497249326e-08   -3.8229174957e-08
  31.0100000    2.0583923371e-07   -2.9424592268e-08   -7.0886605242e-08   -8.0611544950e-07   -6.6416522312e-08   -4.6055014495e-08    1.4239887438e-08   -3.8933206011e-08
  31.0600000    7.3813508622e-08   -5.7170340323e-08   -1.4864703784e-07   -8.0147068880e-07   -5.5492668505e-08   -2.3279882655e-08    1.3998061487e-08   -3.9642987376e-08
  31.0700000    4.3266490883e-08   -6.0608680649e-08   -1.5960857495e-07   -8.0164564694e-07   -5.3249594396e-08   -2.0185565945e-08    1.3955391733e-08   -3.9783036612e-08
  31.0800000    1.1853351942e-08   -6.3378537513e-08   -1.6853888769e-07   -8.0232624409e-07   -5.1098122177e-08   -1.7726419305e-08    1.3915424110e-08   -3.9921877656e-08
  31.0900000   -2.0185614901e-08   -6.5529018796e-08   -1.7527302045e-07   -8.0356523571e-07   -4.9077410465e-08   -1.5945382418e-08    1.3878497123e-08   -4.0059270729e-08
  31.1000000   -5.2599856828e-08   -6.7121279091e-08   -1.7967698691e-07   -8.0540988023e-07   -4.7220716220e-08   -1.4873692165e-08    1.3844928045e-08   -4.0194976797e-08
  31.1100000   -8.5128797503e-08   -6.8225307243e-08   -1.8165044838e-07   -8.0790072432e-07   -4.5554646322e-08   -1.4530446028e-08    1.3815029817e-08   -4.0328762531e-08
  31.1200000   -1.1750237132e-07   -6.8916688145e-08   -1.8112884862e-07   -8.1107040543e-07   -4.4098562223e-08   -1.4922364884e-08    1.3789096048e-08   -4.0460398113e-08
  31.1300000   -1.4944209159e-07   -6.9273335795e-08   -1.7808502370e-07   -8.1494258179e-07   -4.2864128526e-08   -1.6043765313e-08    1.3767405353e-08   -4.0589674543e-08
  31.1400000   -1.8066237567e-07   -6.9372344233e-08   -1.7253020699e-07   -8.1953102682e-07   -4.1855034767e-08   -1.7876760073e-08    1.3750211345e-08   -4.0716380258e-08
  31.1500000   -2.1087243385e-07   -6.9287101731e-08   -1.6451441716e-07   -8.2483881252e-07   -4.1066881547e-08   -2.0391655154e-08    1.3737751226e-08   -4.0840328335e-08
  31.1600000   -2.3977854857e-07   -6.9084508439e-08   -1.5412622240e-07   -8.3085768948e-07   -4.0487281020e-08   -2.3547521547e-08    1.3730235822e-08   -4.0961335807e-08
  31.1700000   -2.6708680524e-07   -6.8822727854e-08   -1.4149186591e-07   -8.3756768639e-07   -4.0096073613e-08   -2.7292954195e-08    1.3727841197e-08   -4.1079244089e-08
  31.1800000   -2.9250619900e-07   -6.8549068328e-08   -1.2677378042e-07   -8.4493680161e-07   -3.9865797498e-08   -3.1567019723e-08    1.3730725854e-08   -4.1193906942e-08
  31.1900000   -3.1575221922e-07   -6.8298437707e-08   -1.1016847958e-07   -8.5292103024e-07   -3.9762256067e-08   -3.6300301226e-08    1.3739009880e-08   -4.1305198533e-08
  31.2000000   -3.3655058879e-07   -6.8092218289e-08   -9.1903894418e-08   -8.6146450033e-07   -3.9745286696e-08   -4.1416112761e-08    1.3752775919e-08   -4.1413023943e-08
  31.2100000   -3.5464154897e-07   -6.7937523675e-08   -7.2236159025e-08   -8.7049989381e-07   -3.9769666834e-08   -4.6831799902e-08    1.3772083505e-08   -4.1517291198e-08
  31.2200000   -3.6978410891e-07   -6.7827025465e-08   -5.1445898479e-08   -8.7994902322e-07   -3.9786136129e-08   -5.2460110405e-08    1.3796952440e-08   -4.1617946407e-08
  31.2300000   -3.8176066028e-07   -6.7739104948e-08   -2.9834090770e-08   -8.8972367156e-07   -3.9742531154e-08   -5.8210662221e-08    1.3827363209e-08   -4.1714953171e-08
  31.2400000   -3.9038140139e-07   -6.7638651519e-08   -7.7175443881e-09   -8.9972657148e-07   -3.9585020023e-08   -6.3991409427e-08    1.3863256121e-08   -4.1808301383e-08
  31.2500000   -3.9548896934e-07   -6.7478171269e-08    1.4575878177e-08   -9.0985263142e-07   -3.9259393010e-08   -6.9710128270e-08    1.3904537736e-08   -4.1898005645e-08
  31.2600000   -3.9696281843e-07   -6.7199346531e-08    3.6712312274e-08   -9.1999025816e-07   -3.8712358237e-08   -7.5275911824e-08    1.3951075567e-08   -4.1984103676e-08
  31.2700000   -3.9472320968e-07   -6.6735089206e-08    5.8357050561e-08   -9.3002290714e-07   -3.7892916067e-08   -8.0600602993e-08    1.4002692819e-08   -4.2066663892e-08
  31.2800000   -3.8873511339e-07   -6.6011824748e-08    7.9179775149e-08   -9.3983068663e-07   -3.6753605695e-08   -8.5600204398e-08    1.4059177323e-08   -4.2145773751e-08
  31.2900000   -3.7901133148e-07   -6.4952181846e-08    9.8859761113e-08   -9.4929210040e-07   -3.5251843434e-08   -9.0196186382e-08    1.4120285491e-08   -4.2221550410e-08
  31.3000000   -3.6561520869e-07   -6.3477944401e-08    1.1709093550e-07   -9.5828583968e-07   -3.3351065300e-08   -9.4316691456e-08    1.4185729804e-08   -4.2294136454e-08
  31.3100000   -3.4866243856e-07   -6.1513167987e-08    1.3358679887e-07   -9.6669263919e-07   -3.1021834073e-08   -9.7897689294e-08    1.4255185007e-08   -4.2363692822e-08
  31.3200000   -3.2832215911e-07   -5.8987389132e-08    1.4808500713e-07   -9.7439711339e-07   -2.8242808146e-08   -1.0088391324e-07    1.4328300506e-08   -4.2430406211e-08
  31.3300000   -3.0481715597e-07   -5.5839022743e-08    1.6035162093e-07   -9.8128959468e-07   -2.5001570382e-08   -1.0322975095e-07    1.4404687138e-08   -4.2494481965e-08
  31.3400000   -2.7842285012e-07   -5.2018535748e-08    1.7018494709e-07   -9.8726788717e-07   -2.1295284512e-08   -1.0489991040e-07    1.4483929593e-08   -4.2556150020e-08
  31.3500000   -2.4946547130e-07   -4.7491575806e-08    1.7741886433e-07   -9.9223900910e-07   -1.7131152568e-08   -1.0586997522e-07    1.4565581183e-08   -4.2615655292e-08
  31.3600000   -2.1831886834e-07   -4.2241864497e-08    1.8192557064e-07   -9.9612072071e-07   -1.2526725229e-08   -1.0612675762e-07    1.4649175304e-08   -4.2673261399e-08
  31.3700000   -1.8540042052e-07   -3.6273663191e-08    1.8361780312e-07   -9.9884297842e-07   -7.5099486653e-09   -1.0566852614e-07    1.4734216885e-08   -4.2729247673e-08
  31.3800000   -1.5116570810e-07   -2.9613904327e-08    1.8245034873e-07   -1.0003492192e-06   -2.1190500436e-09   -1.0450501425e-07    1.4820197451e-08   -4.2783904350e-08
  31.3900000   -1.1610210002e-07   -2.2313702529e-08    1.7842094760e-07   -1.0005974160e-06    3.5978121804e-09   -1.0265728474e-07    1.4906592540e-08   -4.2837534007e-08
  31.4000000   -8.0721460642e-08   -1.4449210577e-08    1.7157046392e-07   -9.9956097448e-07    9.5831009750e-09   -1.0015743152e-07    1.4992861150e-08   -4.2890439429e-08
  31.4100000   -4.5551949229e-08   -6.1218217931e-09    1.6198239662e-07   -9.9722933723e-07    1.5770660050e-08   -9.7048099530e-08    1.5078459280e-08   -4.2942942718e-08
  31.4200000   -1.1129064995e-08    2.5424983717e-09    1.4978171244e-07   -9.9360843053e-07    2.2086648147e-08   -9.3381860043e-08    1.5162832930e-08   -4.2995362891e-08
  31.4300000    2.2013852328e-08    1.1394556019e-08    1.3513296253e-07   -9.8872079714e-07    2.8450663419e-08   -8.9220414590e-08    1.5245429986e-08   -4.3048014277e-08
  31.4400000    5.3355484102e-08    2.0264231856e-08    1.1823785063e-07   -9.8260548478e-07    3.4777014430e-08   -8.4633686840e-08    1.5325699432e-08   -4.3101219990e-08
  31.4500000    8.2396492362e-08    2.8963683914e-08    9.9332109292e-08   -9.7531773717e-07    4.0976129120e-08   -7.9698816117e-08    1.5403099736e-08   -4.3155289273e-08
  31.4600000    1.0866953950e-07    3.7291145962e-08    7.8681845066e-08   -9.6692836692e-07    4.6956065537e-08   -7.4498937577e-08    1.5477092139e-08   -4.3210538700e-08
  31.4700000    1.3174882696e-07    4.5035621842e-08    5.6579443027e-08   -9.5752291979e-07    5.2624102275e-08   -6.9122001712e-08    1.5547159080e-08   -4.3267262337e-08
  31.4800000    1.5125914973e-07    5.1982203837e-08    3.3338995388e-08   -9.4720064097e-07    5.7888399303e-08   -6.3659392051e-08    1.5612791568e-08   -4.3325754503e-08
  31.4900000    1.6688423213e-07    5.7917893464e-08    9.2913430383e-09   -9.3607317577e-07    6.2659647437e-08   -5.8204559040e-08    1.5673512278e-08   -4.3386289157e-08
  31.5000000    1.7837384887e-07    6.2637766727e-08   -1.5221072997e-08   -9.2426311578e-07    6.6852731761e-08   -5.2851597248e-08    1.5728862824e-08   -4.3449122153e-08
  31.5100000    1.8554989751e-07    6.5951451756e-08   -3.9849612391e-08   -9.1190237000e-07    7.0388321271e-08   -4.7693768183e-08    1.5778399089e-08   -4.3514505218e-08
  31.5200000    1.8831098202e-07    6.7689505000e-08   -6.4244917625e-08   -8.9913039202e-07    7.3194432529e-08   -4.2822061600e-08    1.5821724161e-08   -4.3582661707e-08
  31.5300000    1.8663551928e-07    6.7709683753e-08   -8.8062440612e-08   -8.8609229875e-07    7.5207839583e-08   -3.8323737902e-08    1.5858465785e-08   -4.3653795568e-08
  31.5400000    1.8058305392e-07    6.5902745872e-08   -1.1096780356e-07   -8.7293691747e-07    7.6375357168e-08   -3.4280936982e-08    1.5888282094e-08   -4.3728092954e-08
  31.5500000    1.7029400965e-07    6.2197773784e-08   -1.3264213449e-07   -8.5981474419e-07    7.6654991412e-08   -3.0769315368e-08    1.5910881097e-08   -4.3805708955e-08
  31.5600000    1.5598756724e-07    5.6566536398e-08   -1.5278701436e-07   -8.4687592702e-07    7.6016889366e-08   -2.7856796828e-08    1.5925993939e-08   -4.3886783809e-08
  31.5700000    1.3795782667e-07    4.9027011639e-08   -1.7112916696e-07   -8.3426821179e-07    7.4444065728e-08   -2.5602408800e-08    1.5933403947e-08   -4.3971430698e-08
  31.5800000    1.1656837206e-07    3.9645659827e-08   -1.8742470161e-07   -8.2213500416e-07    7.1932948309e-08   -2.4055210554e-08    1.5932928470e-08   -4.4059737823e-08
  31.5900000    9.2245197624e-08    2.8538454705e-08   -2.0146289292e-07   -8.1061340772e-07    6.8493659387e-08   -2.3253391292e-08    1.5924435860e-08   -4.4151763497e-08
  31.6000000    6.5468250499e-08    1.5870496233e-08   -2.1306940102e-07   -7.9983245209e-07    6.4150065408e-08   -2.3223494971e-08    1.5907826958e-08   -4.4247548925e-08
  31.6100000    3.6761768743e-08    1.8542696158e-09   -2.2210890513e-07   -7.8991141870e-07    5.8939607734e-08   -2.3979821481e-08    1.5883060220e-08   -4.4347103178e-08
  31.6200000    6.6836335670e-09   -1.3253662018e-08   -2.2848707187e-07   -7.8095828850e-07    5.2912855321e-08   -2.5524002333e-08    1.5850125052e-08   -4.4450415075e-08
  31.6300000   -2.4186089972e-08   -2.9157277565e-08   -2.3215186900e-07   -7.7306841741e-07    4.6132838694e-08   -2.7844766107e-08    1.5809066393e-08   -4.4557446214e-08
  31.6400000   -5.5257085597e-08   -4.5527143808e-08   -2.3309415675e-07   -7.6632336869e-07    3.8674179264e-08   -3.0917875575e-08    1.5759961940e-08   -4.4668132855e-08
  31.6500000   -8.5940869972e-08   -6.2007566231e-08   -2.3134760391e-07   -7.6078997460e-07    3.0621950832e-08   -3.4706326464e-08    1.5702947221e-08   -4.4782401145e-08
  31.6600000   -1.1566294719e-07   -7.8224867117e-08   -2.2698787211e-07   -7.5651960372e-07    2.2070439242e-08   -3.9160661018e-08    1.5638185732e-08   -4.4900138323e-08
  31.6700000   -1.4387439193e-07   -9.3796433638e-08   -2.2013110924e-07   -7.5354765927e-07    1.3121675759e-08   -4.4219568644e-08    1.5565889847e-08   -4.5021227713e-08
  31.6800000   -1.7006306746e-07   -1.0834037904e-07   -2.1093180283e-07   -7.5189331815e-07    3.8838192456e-09   -4.9810627243e-08    1.5486311504e-08   -4.5145523800e-08
  31.6900000   -1.9376387116e-07   -1.2148550341e-07   -1.9957995129e-07   -7.5155947601e-07   -5.5305193115e-09   -5.5851263679e-08    1.5399737241e-08   -4.5272870555e-08
  31.7000000   -2.1456794239e-07   -1.3288129576e-07   -1.8629769767e-07   -7.5253295399e-07   -1.5006080394e-08   -6.2249890298e-08    1.5306493561e-08   -4.5403099499e-08
  31.7100000   -2.3213055955e-07   -1.4220761302e-07   -1.7133543340e-07   -7.5478488899e-07   -2.4426764629e-08   -6.8907223417e-08    1.5206941273e-08   -4.5536028309e-08
  31.7200000   -2.4617762756e-07   -1.4918391860e-07   -1.5496741878e-07   -7.5827136801e-07   -3.3677500778e-08   -7.5717702293e-08    1.5101474195e-08   -4.5671455364e-08
  31.7300000   -2.5651056388e-07   -1.5357756526e-07   -1.3748703014e-07   -7.6293420662e-07   -4.2646043931e-08   -8.2571136885e-08    1.4990511144e-08   -4.5809189880e-08
  31.7400000   -2.6300963474e-07   -1.5521100975e-07   -1.1920172048e-07   -7.6870196354e-07   -5.1224760466e-08   -8.9354348217e-08    1.4874503540e-08   -4.5949014711e-08
  31.7500000   -2.6563552395e-07   -1.5396779945e-07   -1.0042773621e-07   -7.7549108307e-07   -5.9312292946e-08   -9.5953004477e-08    1.4753929871e-08   -4.6090721431e-08
  31.7600000   -2.6442922960e-07   -1.4979684208e-07   -8.1484714496e-08   -7.8320718046e-07   -6.6815120295e-08   -1.0225345410e-07    1.4629287054e-08   -4.6234093738e-08
  31.7700000   -2.5951025642e-07   -1.4271517657e-07   -6.2690260223e-08   -7.9174640433e-07   -7.3648986618e-08   -1.0814459601e-07    1.4501093133e-08   -4.6378916933e-08
  31.7800000   -2.5107326155e-07   -1.3280891617e-07   -4.4354561419e-08   -8.0099701219e-07   -7.9740117733e-08   -1.1351976285e-07    1.4369881182e-08   -4.6524988528e-08
  31.7900000   -2.3938316746e-07   -1.2023224663e-07   -2.6775167359e-08   -8.1084085636e-07   -8.5026272385e-08   -1.1827858978e-07    1.4236204930e-08   -4.6672093787e-08
  31.8000000   -2.2476878881e-07   -1.0520486436e-07   -1.0231980605e-08   -8.2115501105e-07   -8.9457584839e-08   -1.2232877080e-07    1.4100615371e-08   -4.6820037010e-08
  31.8100000   -2.0761551757e-07   -8.8007442863e-08    5.0173606167e-09   -8.3181340825e-07   -9.2997167652e-08   -1.2558777480e-07    1.3963690289e-08   -4.6968618525e-08
  31.8200000   -1.8835659890e-07   -6.8975496153e-08    1.8741791746e-08   -8.4268845993e-07   -9.5621453583e-08   -1.2798441756e-07    1.3825997380e-08   -4.7117658030e-08
  31.8300000   -1.6746384681e-07   -4.8491879714e-08    3.0740549737e-08   -8.5365261971e-07   -9.7320351262e-08   -1.2946026678e-07    1.3688114478e-08   -4.7266985884e-08
  31.8400000   -1.4543749077e-07   -2.6977894205e-08    4.0846463413e-08   -8.6457998082e-07   -9.8097121236e-08   -1.2997086917e-07    1.3550611446e-08   -4.7416440839e-08
  31.8500000   -1.2279566610e-07   -4.8834206042e-09    4.8928526685e-08   -8.7534771513e-07   -9.7968006018e-08   -1.2948680180e-07    1.3414060319e-08   -4.7565875099e-08
  31.8600000   -1.0006356129e-07    1.7323745551e-08    5.4893917869e-08   -8.8583747440e-07   -9.6961667030e-08   -1.2799443345e-07    1.3279023746e-08   -4.7715156546e-08
  31.8700000   -7.7762645208e-08    3.9168989942e-08    5.8689318321e-08   -8.9593670090e-07   -9.5118388675e-08   -1.2549648828e-07    1.3146056312e-08   -4.7864163577e-08
  31.8800000   -5.6399974033e-08    6.0182164224e-08    6.0301506633e-08   -9.0553979224e-07   -9.2489065805e-08   -1.2201231304e-07    1.3015694778e-08   -4.8012797274e-08
  31.8900000   -3.6457889353e-08    7.9908751765e-08    5.9757227983e-08   -9.1454916497e-07   -8.9134065067e-08   -1.1757786868e-07    1.2888471065e-08   -4.8160969943e-08
  31.9000000   -1.8384228703e-08    9.7920577674e-08    5.7122445302e-08   -9.2287617710e-07   -8.5121892562e-08   -1.1224545679e-07    1.2764887085e-08   -4.8308606986e-08
  31.9100000   -2.5832514570e-09    1.1382580184e-07    5.2500762489e-08   -9.3044190967e-07   -8.0527762451e-08   -1.0608313868e-07    1.2645426450e-08   -4.8455657711e-08
  31.9200000    1.0592496239e-08    1.2727801676e-07    4.6031290179e-08   -9.3717779634e-07   -7.5432050319e-08   -9.9173874627e-08    1.2530555805e-08   -4.8602073724e-08
  31.9300000    2.0849389876e-08    1.3798409896e-07    3.7885821981e-08   -9.4302614689e-07   -6.9918738798e-08   -9.1614382351e-08    1.2420705529e-08   -4.8747830383e-08
  31.9400000    2.7958720700e-08    1.4571069806e-07    2.8265449520e-08   -9.4794047927e-07   -6.4073740208e-08   -8.3513760618e-08    1.2316282368e-08   -4.8892909775e-08
  31.9500000    3.1761502690e-08    1.5028924145e-07    1.7396655964e-08   -9.5188573629e-07   -5.7983358422e-08   -7.4991819445e-08    1.2217670393e-08   -4.9037315221e-08
  31.9600000    3.2171946017e-08    1.5161936076e-07    5.5269948462e-09   -9.5483834933e-07   -5.1732641406e-08   -6.6177250270e-08    1.2125202019e-08   -4.9181048275e-08
  31.9700000    2.9179534821e-08    1.4967054024e-07   -7.0796689763e-09   -9.5678621154e-07   -4.5403909344e-08   -5.7205568260e-08    1.2039189175e-08   -4.9324132261e-08
  31.9800000    2.2849586972e-08    1.4448219434e-07   -2.0148144551e-08   -9.5772848042e-07   -3.9075320942e-08   -4.8216887764e-08    1.1959906204e-08   -4.9466590788e-08
  31.9900000    1.3322546945e-08    1.3616213599e-07   -3.3397133906e-08   -9.5767528638e-07   -3.2819594147e-08   -3.9353586056e-08    1.1887586356e-08   -4.9608453789e-08
  32.0000000    8.1157679243e-10    1.2488336739e-07   -4.6544499958e-08   -9.5664732517e-07   -2.6702877032e-08   -3.0757927567e-08    1.1822420421e-08   -4.9749759262e-08
  32.0100000   -1.4401038021e-08    1.1087962334e-07   -5.9312639581e-08   -9.5467539873e-07   -2.0783733511e-08   -2.2569549528e-08    1.1764562346e-08   -4.9890545245e-08
  32.0200000   -3.1969034234e-08    9.4439428883e-08   -7.1433634735e-08   -9.5179979820e-07   -1.5112413016e-08   -1.4923046879e-08    1.1714120110e-08   -5.0030850618e-08
  32.0300000   -5.1488571056e-08    7.5899191160e-08   -8.2654328852e-08   -9.4806967307e-07   -9.7302078612e-09   -7.9455395722e-09    1.1671160197e-08   -5.0170713482e-08
  32.0400000   -7.2505860179e-08    5.5635276386e-08   -9.2741059613e-08   -9.4354229816e-07   -4.6691247418e-09   -1.7543708623e-09    1.1635708564e-08   -5.0310170866e-08
  32.0500000   -9.4525854153e-08    3.4055530319e-08   -1.0148406105e-07   -9.3828230214e-07    4.8320050565e-11    3.5450885272e-09    1.1607745386e-08   -5.0449241325e-08
  32.0600000   -1.1702199464e-07    1.1590175993e-08   -1.0870140531e-07   -9.3236086265e-07    4.4090320049e-09    7.8614367792e-09    1.1587202088e-08   -5.0587955761e-08
