# Claims ledger, area 'detector': Table I's run counts, the pattern-matching section (strain, validation,
# fitting factors, the O3b search, ringdown, bursts), the Discussion's own numbers (no-inspiral budget, heavy
# seeds, Limitations) and reproducibility/cost.  Extractors: extract_detector.py; Table I map: table1_groups.tsv.
# Columns and rules: claims.py --help.  Rows with tol abs:0.5 and an exponent in num compare log10 (order of magnitude).
id	tex	num	tol	status	extractor	args	anchors	source	checked	note
clmDetRunsLoneThroat	10	10		auto	detector_table1_runs	{"group": "lone throat"}	& 10 & \ref{sec:single}	claims/table1_groups.tsv + the pack (every run_tail*.log directory under campaign/)	2026-09-26	count of runs mapped to this group; ERROR if a mapped run is not packed or its name is packed twice
clmDetRunsSphericalKicks	10	10		auto	detector_table1_runs	{"group": "spherical kicks"}	& 10 & \ref{sec:single:branching}	claims/table1_groups.tsv + the pack (every run_tail*.log directory under campaign/)	2026-09-26	count of runs mapped to this group; ERROR if a mapped run is not packed or its name is packed twice
clmDetRunsQuadKicks	6	6		auto	detector_table1_runs	{"group": "quadrupolar kicks"}	& 6 & \ref{sec:single:gw}	claims/table1_groups.tsv + the pack (every run_tail*.log directory under campaign/)	2026-09-26	count of runs mapped to this group; ERROR if a mapped run is not packed or its name is packed twice
clmDetRunsScalarReruns	3	3		auto	detector_table1_runs	{"group": "scalar-stream re-runs"}	& 3 & \ref{sec:gw:censorship}	claims/table1_groups.tsv + the pack (every run_tail*.log directory under campaign/)	2026-09-26	count of runs mapped to this group; ERROR if a mapped run is not packed or its name is packed twice
clmDetRunsVacuumBBH	5	5		auto	detector_table1_runs	{"group": "vacuum BBH"}	& 5 & \ref{sec:controls:bbh}	claims/table1_groups.tsv + the pack (every run_tail*.log directory under campaign/)	2026-10-05	count of runs mapped to this group; ERROR if a mapped run is not packed or its name is packed twice; 2026-10-05: + bbh_headon_d8_L128_lvl5_t100 (the head-on's vacuum control)
clmDetRunsTotal	103	103		auto	detector_table1_total	{"which": "all"}	matrix: $103$ of the packed	claims/table1_groups.tsv + the pack (every run_tail*.log directory under campaign/)	2026-10-08	2026-10-08: CONV-fz lvl7 packed and listed in table1_groups.tsv, the in-flight constant dropped; 2026-10-08: + the convergence row (5 packed runs) and +1 / +30.31 h: CONV-fz lvl7 (farzone_headon_flip_d8_L512_lvl7_t100_csm), live at the count (t = 68.3 at 05:45 UTC 10-08, launched 07:34 UTC 10-07, 3.9 u/h, t = 100 ~13:55 UTC: 22.18 h done + 8.13 h to go); when it is packed and listed in table1_groups.tsv this row double-counts it and the check fails: drop the constant then; 2026-10-08: +2, SCATTER-fate (two throats at rest) and FARZONE-ho (head-on), both now cited; 2026-09-28: +5 csm reruns; previously 160 packed run dirs = 144 counted + 16 not (10 .__keep copies, 1 HOOKFAIL, 3 OOMFAIL dirs incl. a top-level duplicate, 2 in flight at the recount and not cited); ERROR if any packed run is unclassified; anchors re-cut 2026-09-24 (feedback edits); 2026-10-05: +65 counted (the mode-3/boost production campaign given groups: boost set 10, matched rest +3, placement csm 18, head-on mode 3 8, merger chain 7, d=12 arms 3, E_GW scan 8, verifications 3, convergence 3, SEED-csm, BBH head-on)
clmDetRunsBoostedThroat	7	7		auto	detector_table1_runs	{"group": "boosted throat"}	& 7 & \ref{sec:model:boost} &	claims/table1_groups.tsv + the pack (every run_tail*.log directory under campaign/)	2026-10-05	count of runs mapped to this group; ERROR if a mapped run is not packed or its name is packed twice; the exact-boost t=0 shape set, the p=0.45 collapse twins (levels 3/4) and the Bowen-York momentum probes (the contrast arm)
clmDetRunsSolveVerifications	4	4		auto	detector_table1_runs	{"group": "solve verifications"}	& 4 & \ref{sec:model:boost} &	claims/table1_groups.tsv + the pack (every run_tail*.log directory under campaign/)	2026-10-05	count of runs mapped to this group; ERROR if a mapped run is not packed or its name is packed twice; verification A of the p=0.12 spiral and p=0.25 fly-by (t=0 production-grid solves) + verification B (the pair at level 3 to t=20)
clmDetRunsMatchedRest	9	9		auto	detector_table1_runs	{"group": "matched rest pairs"}	& 9 & \ref{sec:pair} \\	claims/table1_groups.tsv + the pack (every run_tail*.log directory under campaign/)	2026-10-08	count of runs mapped to this group; ERROR if a mapped run is not packed or its name is packed twice; the five csm d-ladder/flip reruns + the a=1/1.5/3 width ladder on mode-3 data; 2026-10-08: + SCATTER-fate (ctrl_rest_d12_csm_t100, Sec. pair:recede)
clmDetRunsMatchedPlacement	18	18		auto	detector_table1_runs	{"group": "matched placement"}	& 18 & \ref{sec:model:solve}	claims/table1_groups.tsv + the pack (every run_tail*.log directory under campaign/)	2026-10-05	count of runs mapped to this group; ERROR if a mapped run is not packed or its name is packed twice; the 18 one-step placement probes rerun on mode-3 data (PLACE-csm, 2026-10-02)
clmDetRunsHeadonModeThree	8	8		auto	detector_table1_runs	{"group": "head-on, mode 3"}	& 8 & \ref{sec:headon}	claims/table1_groups.tsv + the pack (every run_tail*.log directory under campaign/)	2026-10-08	count of runs mapped to this group; ERROR if a mapped run is not packed or its name is packed twice; the csm head-on chain legs 1-3 + the MOTS replay ho1-3 + the first-law window + the MOTS e2e validation; 2026-10-08: + FARZONE-ho (Fig. gw_gallery's head-on row); 2026-10-08: FARZONE-ho moved to the convergence row
clmDetRunsMergerChain	7	7		auto	detector_table1_runs	{"group": "merger chain, d=6"}	& 7 & \ref{sec:spiral:inspiral}	claims/table1_groups.tsv + the pack (every run_tail*.log directory under campaign/)	2026-10-05	count of runs mapped to this group; ERROR if a mapped run is not packed or its name is packed twice; the d=6 p=0.10 scout + the production chain (leg 1, lvl6, lvl7, sigma, chi-floor, settle legs)
clmDetRunsDTwelveArms	2	2		auto	detector_table1_runs	{"group": "d=12 arms, mode 3"}	& 2 & \ref{sec:spiral:race}	claims/table1_groups.tsv + the pack (every run_tail*.log directory under campaign/)	2026-10-05	count of runs mapped to this group; ERROR if a mapped run is not packed or its name is packed twice; the three d=12 mode-3 arms (Bowen-York p=0.12, boosted p=0.12, inward p=0.25): no merger at any momentum
clmDetRunsEgwScan	8	8		auto	detector_table1_runs	{"group": "fly-by and E_GW scan"}	& 8 & \ref{sec:gw:flyby}	claims/table1_groups.tsv + the pack (every run_tail*.log directory under campaign/)	2026-10-05	count of runs mapped to this group; ERROR if a mapped run is not packed or its name is packed twice; the boosted p=0.25 fly-by, the p=0.45 death clock, p=0.60 (t040 + extension + chi + lvl5) and p=0.90 (t040 + chi)
clmDetKnobLoneLevelsLo	2	2		def	detector_table1_param	{"group": "lone throat", "key": "max_level", "stat": "min"}	lone throat & levels 2--	evolution_params.txt of the group's runs (table1_groups.tsv); derived keys: separation = |centre A - centre B|, momentum = |p_A|	2026-09-26	
clmDetKnobLoneLevelsHi	4	4		def	detector_table1_param	{"group": "lone throat", "key": "max_level", "stat": "max"}	--4; $\chi$ floor; $\Delta t$	evolution_params.txt of the group's runs (table1_groups.tsv); derived keys: separation = |centre A - centre B|, momentum = |p_A|	2026-09-26	
clmDetKnobLoneL	128	128		def	detector_table1_param	{"group": "lone throat", "key": "L", "stat": "max"}	$\Delta t$; $L{=}128$	evolution_params.txt of the group's runs (table1_groups.tsv); derived keys: separation = |centre A - centre B|, momentum = |p_A|	2026-09-26	
clmDetKnobLoneM	0.5	0.5		auto	detector_table1_param	{"group": "lone throat", "key": "m", "stat": "min"}	; $m{=}0.5$ &	claims/table1_groups.tsv + the packed evolution_params.txt (single_m05_t040)	2026-10-06	added 2026-10-06 (validation A5): the lone-throat row counts the m = 0.5 arm
clmDetKnobKickEpsLo	10^{-3}	-3		def	detector_table1_param	{"group": "spherical kicks", "key": "eps", "stat": "min_abs", "log10": true}	$\varepsilon=\pm10^{-3}	evolution_params.txt of the group's runs (table1_groups.tsv); derived keys: separation = |centre A - centre B|, momentum = |p_A|	2026-09-26	log10 compared (exact)
clmDetKnobKickEpsHi	10^{-1}	-1		def	detector_table1_param	{"group": "spherical kicks", "key": "eps", "stat": "max_abs", "log10": true}	\ldots\pm10^{-1}$	evolution_params.txt of the group's runs (table1_groups.tsv); derived keys: separation = |centre A - centre B|, momentum = |p_A|	2026-09-26	log10 compared (exact)
clmDetKnobKickLevel	5	5		def	detector_table1_param	{"group": "spherical kicks", "key": "max_level", "stat": "max"}	--5 &	evolution_params.txt of the group's runs (table1_groups.tsv); derived keys: separation = |centre A - centre B|, momentum = |p_A|	2026-09-26	
clmDetKnobKickLevelLo	3	3		def	detector_table1_param	{"group": "spherical kicks", "key": "max_level", "stat": "min"}	$; levels 3--	evolution_params.txt of the group's runs (table1_groups.tsv); derived keys: separation = |centre A - centre B|, momentum = |p_A|	2026-09-26	
clmDetKnobQuadLo	0.005	0.005		def	detector_table1_param	{"group": "quadrupolar kicks", "key": "eps2", "stat": "min_nonzero"}	quadrupolar kicks & $\varepsilon_2=0.005$	evolution_params.txt of the group's runs (table1_groups.tsv); derived keys: separation = |centre A - centre B|, momentum = |p_A|	2026-09-26	
clmDetKnobQuadHi	0.05	0.05		def	detector_table1_param	{"group": "quadrupolar kicks", "key": "eps2", "stat": "max"}	--$0.05$; kick-free arm	evolution_params.txt of the group's runs (table1_groups.tsv); derived keys: separation = |centre A - centre B|, momentum = |p_A|	2026-09-26	
clmDetKnobScalarLevel	4	4		def	detector_table1_param	{"group": "scalar-stream re-runs", "key": "max_level", "stat": "only"}	unkicked level 4	evolution_params.txt of the group's runs (table1_groups.tsv); derived keys: separation = |centre A - centre B|, momentum = |p_A|	2026-09-26	
clmDetKnobScalarLLo	64	64		def	detector_table1_param	{"group": "scalar-stream re-runs", "key": "L", "stat": "min"}	$L{=}64$/	evolution_params.txt of the group's runs (table1_groups.tsv); derived keys: separation = |centre A - centre B|, momentum = |p_A|	2026-09-26	
clmDetKnobScalarLHi	128	128		def	detector_table1_param	{"group": "scalar-stream re-runs", "key": "L", "stat": "max"}	/$128$;\newline $\varepsilon	evolution_params.txt of the group's runs (table1_groups.tsv); derived keys: separation = |centre A - centre B|, momentum = |p_A|	2026-09-26	
clmDetKnobScalarEps	10^{-2}	-2		def	detector_table1_param	{"group": "scalar-stream re-runs", "key": "eps", "stat": "max", "log10": true}	$\varepsilon{=}{+}10^{-2}$	evolution_params.txt of the group's runs (table1_groups.tsv); derived keys: separation = |centre A - centre B|, momentum = |p_A|	2026-09-26	log10 compared (exact). NB the params of all three also carry eps2 = 0.01, which the binary they ran ignored (plot_scalar_censorship docstring), hence 'unkicked'
clmDetKnobBoostPHi	0.45	0.45		def	detector_table1_param	{"group": "boosted throat", "key": "momentum", "stat": "max"}	$p=0$--$0.45$ at $t{=}0$	evolution_params.txt of the group's runs (table1_groups.tsv); derived keys: separation = |centre A - centre B|, momentum = |p_A|	2026-10-05	
clmDetKnobMatchedALo	1	1		def	detector_table1_param	{"group": "matched rest pairs", "key": "a", "stat": "min"}	two throats at rest & $\sigma$; $a=1$--	evolution_params.txt of the group's runs (table1_groups.tsv); derived keys: separation = |centre A - centre B|, momentum = |p_A|	2026-10-05	
clmDetKnobMatchedAHi	3	3		def	detector_table1_param	{"group": "matched rest pairs", "key": "a", "stat": "max"}	$a=\clmDetKnobMatchedALo$--$3$; $d=	evolution_params.txt of the group's runs (table1_groups.tsv); derived keys: separation = |centre A - centre B|, momentum = |p_A|	2026-10-05	
clmDetKnobMatchedDLo	12	12		def	detector_table1_param	{"group": "matched rest pairs", "key": "separation", "stat": "min"}	$\clmDetKnobMatchedAHi$; $d=12$--	evolution_params.txt of the group's runs (table1_groups.tsv); derived keys: separation = |centre A - centre B|, momentum = |p_A|	2026-10-05	
clmDetKnobMatchedDHi	18	18		def	detector_table1_param	{"group": "matched rest pairs", "key": "separation", "stat": "max"}	\clmDetKnobMatchedDLo$--$18$; one like pair	evolution_params.txt of the group's runs (table1_groups.tsv); derived keys: separation = |centre A - centre B|, momentum = |p_A|	2026-10-05	
clmDetKnobPlaceCsmDLo	6	6		def	detector_table1_param	{"group": "matched placement", "key": "separation", "stat": "min"}	placement & $d=6$--	evolution_params.txt of the group's runs (table1_groups.tsv); derived keys: separation = |centre A - centre B|, momentum = |p_A|	2026-10-05	
clmDetKnobPlaceCsmDHi	48	48		def	detector_table1_param	{"group": "matched placement", "key": "separation", "stat": "max"}	\clmDetKnobPlaceCsmDLo$--$48$, one step each	evolution_params.txt of the group's runs (table1_groups.tsv); derived keys: separation = |centre A - centre B|, momentum = |p_A|	2026-10-05	
clmDetKnobHoMotsLevelLo	4	4		def	detector_table1_param	{"group": "head-on, mode 3", "key": "max_level", "stat": "min"}	legs, levels 4--	evolution_params.txt of the group's runs (table1_groups.tsv); derived keys: separation = |centre A - centre B|, momentum = |p_A|	2026-10-05	
clmDetKnobHoMotsLevelHi	6	6		def	detector_table1_param	{"group": "head-on, mode 3", "key": "max_level", "stat": "max"}	\clmDetKnobHoMotsLevelLo--6; MOTS replay	evolution_params.txt of the group's runs (table1_groups.tsv); derived keys: separation = |centre A - centre B|, momentum = |p_A|	2026-10-05	
clmDetKnobChainPTang	0.10	0.10		def	detector_table1_param	{"group": "merger chain, d=6", "key": "momentum", "stat": "max"}	$p{=}0.10$ tangential	evolution_params.txt of the group's runs (table1_groups.tsv); derived keys: separation = |centre A - centre B|, momentum = |p_A|	2026-10-05	
clmDetKnobChainLevelLo	3	3		def	detector_table1_param	{"group": "merger chain, d=6", "key": "max_level", "stat": "min"}	tangential; levels 3--	evolution_params.txt of the group's runs (table1_groups.tsv); derived keys: separation = |centre A - centre B|, momentum = |p_A|	2026-10-05	
clmDetKnobChainLevelHi	7	7		def	detector_table1_param	{"group": "merger chain, d=6", "key": "max_level", "stat": "max"}	\clmDetKnobChainLevelLo--7;\newline $\sigma_{\rm KO}$	evolution_params.txt of the group's runs (table1_groups.tsv); derived keys: separation = |centre A - centre B|, momentum = |p_A|	2026-10-05	
clmDetKnobDTwelvePLo	0.12	0.12		def	detector_table1_param	{"group": "d=12 arms, mode 3", "key": "momentum", "stat": "min"}	arms & $p=0.12$ tangential	evolution_params.txt of the group's runs (table1_groups.tsv); derived keys: separation = |centre A - centre B|, momentum = |p_A|	2026-10-05	
clmDetKnobDTwelvePHi	0.25	0.25		def	detector_table1_param	{"group": "d=12 arms, mode 3", "key": "momentum", "stat": "max"}	tangential, $0.25$ inward	evolution_params.txt of the group's runs (table1_groups.tsv); derived keys: separation = |centre A - centre B|, momentum = |p_A|	2026-10-05	the inward probe's |p_A| is 0.2474 (vector components), printed 0.25
clmDetKnobEgwPLo	0.25	0.25		def	detector_table1_param	{"group": "fly-by and E_GW scan", "key": "momentum", "stat": "min"}	scan & $p=0.25$--	evolution_params.txt of the group's runs (table1_groups.tsv); derived keys: separation = |centre A - centre B|, momentum = |p_A|	2026-10-05	
clmDetKnobEgwPHi	0.90	0.90		def	detector_table1_param	{"group": "fly-by and E_GW scan", "key": "momentum", "stat": "max"}	\clmDetKnobEgwPLo$--$0.90$; $\chi$-floor	evolution_params.txt of the group's runs (table1_groups.tsv); derived keys: separation = |centre A - centre B|, momentum = |p_A|	2026-10-05	
clmDetGpuHours	592	592.01		auto	detector_gpu_hours	{"which": "all"}	total $592$ GPU-hours	detector_gpu_hours over the Table III runs (claims/table1_groups.tsv), restart-aware, from each run's packed run_tail*.log	2026-10-08	2026-10-08: CONV-fz lvl7 packed and listed in table1_groups.tsv, the in-flight constant dropped; 2026-10-08: + the convergence row (39.20 h packed) and +1 / +30.31 h: CONV-fz lvl7 (farzone_headon_flip_d8_L512_lvl7_t100_csm), live at the count (t = 68.3 at 05:45 UTC 10-08, launched 07:34 UTC 10-07, 3.9 u/h, t = 100 ~13:55 UTC: 22.18 h done + 8.13 h to go); when it is packed and listed in table1_groups.tsv this row double-counts it and the check fails: drop the constant then; 2026-10-08: + SCATTER-fate and FARZONE-ho (476.148 before); 2026-10-06 (validation C): source re-cut; results/merger/analysis/gpu_hours.py walks every packed run (109, 608.6 h), not the Table III subset
clmDetCostHeadonChain	29.3	29.3		auto	detector_gpu_hours	{"runs": ["merge_headon_flip_d8_v1_L128_lvl5from0_scalar_chk_t100_csm", "merge_headon_flip_d8_v1_L128_lvl6from35_scalar_chk_t100_csm_r03500", "merge_headon_flip_d8_v1_L128_lvl4from50_scalar_t100_csm_r05000"]}	$29.3$ h for the head-on's three-leg $t=0\to100$ chain	campaign/04_binary_headon/csm/: the three legs' run_tail.log	2026-10-05	the mode-3 head-on chain: leg 1 (lvl5 from 0, died 38.85) + leg 2 (lvl6 from 35, to 50.80) + leg 3 (lvl4 from 50 to 100), restart-aware; replaces clmDetCostHeadonLevelFive (28.2 h, the archived superposed lvl5 head-on)
clmDetCostFlybyLevelFive	46.3	46.3		auto	detector_gpu_hours	{"runs": ["merge_orbit_flip_d12_p025_L128_lvl5_t100_lbf_csm"]}	$46.3$ h for the $p=\clmSpiralMomentumTwentyFive$ fly-by	campaign/06_binary_flyby/merge_orbit_flip_d12_p025_L128_lvl5_t100_lbf_csm/run_tail.log	2026-10-05	2026-10-05: repointed to the boosted mode-3 p=0.25 fly-by (t=0->100 at lvl5 on the doubled box, 46.32 h); the archived superposed p=0.45 fly-by read 46.7 h
clmDetCostMergerChain	26.9	26.9		auto	detector_gpu_hours	{"runs": ["spiral_d6_p010_L128_lvl5from0_t060_lbf_csm", "spiral_d6_p010_L128_lvl6from25_t060_lbf_csm_r02500", "spiral_d6_p010_L128_lvl7from25_t060_lbf_csm_r02500", "spiral_d6_p010_L128_lvl5from25_sig10_t060_lbf_csm_r02500", "spiral_d6_p010_L128_lvl5from30_sig10_chi1e4_t060_lbf_csm_r03000", "spiral_d6_p010_L128_lvl4from35_t100_lbf_csm_r03500"]}	$26.9$ h for the $d=6$ merger chain	campaign/05_binary_spiral/merger_d6/: the six legs' run_tail.log	2026-10-05	leg 1 + the lvl6/lvl7 diagnostic arms + the sigma and chi-floor crossing legs + the lvl4 settle leg (the L=64 scout not counted), restart-aware; replaces clmDetCostSpiralChain (23.5 h, the archived superposed three-stage spiral)
clmDetCostFour	11.9	11.9		auto	detector_gpu_hours	{"runs": ["single_eps_m1e2_L512_ml5_oct_t400"]}	$11.9$ h in all	campaign/01_single_throat/seed/single_eps_m1e2_L512_ml5_oct_t400/run_tail.log	2026-09-26	F4, t = 0 -> 392.36 at 33.09 u/h (average); octant L = 512, level 5
clmDetSpeedFourLo	28	28		manual			at $28$--	F4 run.log ('average evolution speed' and plotfile write times): ~28 u/h late (level 5 grown 80^3 -> 144^3 cells by t ~ 232)		GPU_PLAN 2026-09-26 (05:00 UTC)
clmDetSpeedFourHi	74	74		manual			--$74$, $	F4 run.log: 74-81 u/h early, alone on the card (GPU_PLAN 2026-09-25 19:45: ~74 u/h alone)		GPU_PLAN 2026-09-26 (05:00 UTC)
clmDetMemFlybyPeak	58	58		auto	detector_arena_peak_gib	{"run": "merge_orbit_flip_d12_p025_L128_lvl5_t100_lbf_csm"}	peaks at $58$\,GiB of the	campaign/06_binary_flyby/merge_orbit_flip_d12_p025_L128_lvl5_t100_lbf_csm/run_tail.log '[The Arena] max space (MB) allocated'	2026-10-05	2026-10-05: repointed to the boosted mode-3 fly-by (59150 MB = 57.8 GiB, prints 58 as the superposed run did)
clmDetMemDevice	80	80		lit			H100 80\,GB device || of the $80$\,GB device	NVIDIA H100 80GB HBM3 datasheet (nominal capacity)		the logs report 'Total GPU global memory (MB): 81079' (79.2 GiB usable) on every run that prints it
clmDetAmrexVersion	26.02	26.02		manual	detector_amrex_version		AMReX~26.02	run_tail*.log of the Table I runs: 'AMReX (26.02-12-gd7da50458966) finalized'	2026-09-26	every tail that reaches finalize reports this one build; runs killed before finalize print no version; frozen 2026-10-02: source run ARCHIVED out of the pack (00_archive, superseded superposed/Bowen-York data); value measured before archiving, re-measure on the csm/lbf rerun
clmDetSpeedProdLo	4	4.325		auto	detector_prod_legs	{"what": "speed", "stat": "min"}	advances $4$--	detector_prod_legs: the counted runs at production settings (L = 64, max_level 3, dt_multiplier 0.02), main leg reaching t >= 10; speed from run_tail.log	2026-10-06	2026-10-06 (validation A4): auto; the counted L = 64 level-3 legs, rest pairs 4.3-4.7 u/h included; the t = 100 head-on runs at L = 128 and is not a production-setting arm
clmDetSpeedProdHi	18	18.41		auto	detector_prod_legs	{"what": "speed", "stat": "max"}	--$18$ code units per hour	detector_prod_legs: the counted runs at production settings (L = 64, max_level 3, dt_multiplier 0.02), main leg reaching t >= 10; speed from run_tail.log	2026-10-06	2026-10-06 (validation A4): auto; the counted L = 64 level-3 legs, rest pairs 4.3-4.7 u/h included; the t = 100 head-on runs at L = 128 and is not a production-setting arm
clmDetCostTHundredLo	5.4	5.43		auto	detector_prod_legs	{"what": "hours", "stat": "min", "t_end_min": 99.9}	takes $5.4$--	detector_prod_legs: the counted runs at production settings (L = 64, max_level 3, dt_multiplier 0.02), main leg reaching t >= 99.9; GPU-hours as detector_gpu_hours	2026-10-06	2026-10-06 (validation A4): auto; the counted L = 64 level-3 legs, rest pairs 4.3-4.7 u/h included; the t = 100 head-on runs at L = 128 and is not a production-setting arm
clmDetCostTHundredHi	5.5	5.545		auto	detector_prod_legs	{"what": "hours", "stat": "max", "t_end_min": 99.9}	--$5.5$ h. Depth	detector_prod_legs: the counted runs at production settings (L = 64, max_level 3, dt_multiplier 0.02), main leg reaching t >= 99.9; GPU-hours as detector_gpu_hours	2026-10-06	2026-10-06 (validation A4): auto; the counted L = 64 level-3 legs, rest pairs 4.3-4.7 u/h included; the t = 100 head-on runs at L = 128 and is not a production-setting arm
clmDetSpeedLevelFiveLo	2	2		manual			run at $2$--	main-leg speed in run_tail.log of the level-5 physics runs: 2.14-4.34 u/h over the 15 legs that ran >= 10 units (fly-by L=128 2.14 ... interior-freeze restarts 4.32-4.34); the 12 shorter restarts reach 4.35 (ladder L5, 5.6 units) and 4.99 (merge_twin_p012_cf12_t060_r05000, 0.006 units: the cumulative speed is start-up dominated)		
clmDetSpeedLevelFiveHi	4	4		manual			--$4$ units per hour	main-leg speed in run_tail.log of the level-5 physics runs: 2.14-4.34 u/h over the 15 legs that ran >= 10 units (fly-by L=128 2.14 ... interior-freeze restarts 4.32-4.34); the 12 shorter restarts reach 4.35 (ladder L5, 5.6 units) and 4.99 (merge_twin_p012_cf12_t060_r05000, 0.006 units: the cumulative speed is start-up dominated)		
clmDetPedestalCleanLo	0.02	0.02		auto	detector_template_drift	{"stat": "min", "arms": ["throat", "twin"]}		gw_search/templates/nr.py load_arm(): drift = |h| at the record's ends / at its peak, on the pack's Psi4 streams	2026-09-26	collapsing throat 0.020, vacuum twin 0.067; no longer quoted in research.tex (2026-09-24 feedback edits); row kept for provenance
clmDetPedestalCleanHi	0.07	0.07		auto	detector_template_drift	{"stat": "max", "arms": ["throat", "twin"]}		gw_search/templates/nr.py load_arm(): drift = |h| at the record's ends / at its peak, on the pack's Psi4 streams	2026-09-26	vacuum twin 0.0675; no longer quoted in research.tex (2026-09-24 feedback edits); row kept for provenance
clmDetPedestalLo	0.10	0.0989		auto	detector_template_drift	{"stat": "min", "arms": ["head-on", "spiral", "fly-by", "plunge"]}	strain ends at $0.10$--$\clmDetPedestalHi$	gw_search/templates/nr.py load_arm(): drift = |h| at the record's ends / at its peak, on the pack's Psi4 streams (ARMS)	2026-10-05	2026-10-05: unfrozen onto the current ARMS (head-on axis stream, d6 merger, p045 fly-by) plus the plunge (contact t = 45 to trust 80): head-on 0.099, merger 0.16, fly-by 0.22, plunge 0.48; head-on 0.307, fly-by 0.401, spiral 0.416; anchors re-cut 2026-09-24 (feedback edits); 2026-09-30: re-measured on the mode-3 head-on chain (SERIES stream, M_ADM 2.3573, ARMS gate t=76); frozen 2026-10-02: source run ARCHIVED out of the pack (00_archive, superseded superposed/Bowen-York data); value measured before archiving, re-measure on the csm/lbf rerun
clmDetPedestalHi	0.48	0.4759		auto	detector_template_drift	{"stat": "max", "arms": ["head-on", "spiral", "fly-by", "plunge"]}	$\clmDetPedestalLo$--$0.48$ of peak (fixed	gw_search/templates/nr.py load_arm(): drift = |h| at the record's ends / at its peak, on the pack's Psi4 streams (ARMS)	2026-10-05	2026-10-05: unfrozen onto the current ARMS plus the plunge; the max is the plunge, whose record stops at its trust window mid-decay; spiral 0.416; anchors re-cut 2026-09-24 (feedback edits); frozen 2026-10-02: source run ARCHIVED out of the pack (00_archive, superseded superposed/Bowen-York data); value measured before archiving, re-measure on the csm/lbf rerun
clmDetValidMatchLo	0.902	0.902		auto	detector_validation	{"what": "ff_window_min"}		gw_search/analysis/validation.py validate_bbh_twin re-run (IMRPhenomD, aLIGO zero-det high-power design PSD, pycbc, ~15 s) on campaign/07_bbh_control/bbh_control_d12_p012_t150/psi4_mode_l2_all.dat	2026-09-26	same-window match at 60 Msun: 0.9024; no longer quoted in research.tex (2026-09-24 feedback edits); row kept for provenance
clmDetValidMatchHi	0.938	0.938		auto	detector_validation	{"what": "ff_window_max"}		gw_search/analysis/validation.py validate_bbh_twin re-run (IMRPhenomD, aLIGO zero-det high-power design PSD, pycbc, ~15 s) on campaign/07_bbh_control/bbh_control_d12_p012_t150/psi4_mode_l2_all.dat	2026-09-26	at 300 Msun: 0.9382; no longer quoted in research.tex (2026-09-24 feedback edits); row kept for provenance
clmDetValidMassLo	60	60		def	detector_validation	{"what": "mass_min"}		gw_search/analysis/validation.py validate_bbh_twin re-run (IMRPhenomD, aLIGO zero-det high-power design PSD, pycbc, ~15 s) on campaign/07_bbh_control/bbh_control_d12_p012_t150/psi4_mode_l2_all.dat	2026-09-26	the masses validate_bbh_twin tests by default: 60, 100, 150, 200, 300; no longer quoted in research.tex (2026-09-24 feedback edits); row kept for provenance
clmDetValidMassHi	300	300		def	detector_validation	{"what": "mass_max"}		gw_search/analysis/validation.py validate_bbh_twin re-run (IMRPhenomD, aLIGO zero-det high-power design PSD, pycbc, ~15 s) on campaign/07_bbh_control/bbh_control_d12_p012_t150/psi4_mode_l2_all.dat	2026-09-26	no longer quoted in research.tex (2026-09-24 feedback edits); row kept for provenance
clmDetValidMassErr	5	5		auto	detector_validation	{"what": "mass_err_absmax_pct", "upto": 200}		gw_search/analysis/validation.py validate_bbh_twin re-run (IMRPhenomD, aLIGO zero-det high-power design PSD, pycbc, ~15 s) on campaign/07_bbh_control/bbh_control_d12_p012_t150/psi4_mode_l2_all.dat	2026-09-26	recovered 57/100/158/200 Msun at 60/100/150/200 (model grid 0.7-1.35 x M); no longer quoted in research.tex (2026-09-24 feedback edits); row kept for provenance
clmDetValidMassErrUpto	200	200		auto	detector_validation	{"what": "mass_max_within_pct", "pct": 5}		gw_search/analysis/validation.py validate_bbh_twin re-run (IMRPhenomD, aLIGO zero-det high-power design PSD, pycbc, ~15 s) on campaign/07_bbh_control/bbh_control_d12_p012_t150/psi4_mode_l2_all.dat	2026-09-26	no longer quoted in research.tex (2026-09-24 feedback edits); row kept for provenance
clmDetValidMassErrHigh	20	20		auto	detector_validation	{"what": "mass_err_pct", "mass": 300}		gw_search/analysis/validation.py validate_bbh_twin re-run (IMRPhenomD, aLIGO zero-det high-power design PSD, pycbc, ~15 s) on campaign/07_bbh_control/bbh_control_d12_p012_t150/psi4_mode_l2_all.dat	2026-09-26	recovered 360 Msun at 300; no longer quoted in research.tex (2026-09-24 feedback edits); row kept for provenance
clmDetBankMassLo	20	20		def	detector_bank_param	{"name": "total_mass_min"}		grteclyn_wrapper/gw_search/analysis/fitting_factor.py BBH_BANK / F_LOWER (the bank fitting_factors.json was made with)	2026-09-26	22 masses, geometric; no longer quoted in research.tex (2026-09-24 feedback edits); row kept for provenance
clmDetBankMassHi	500	500		def	detector_bank_param	{"name": "total_mass_max"}		grteclyn_wrapper/gw_search/analysis/fitting_factor.py BBH_BANK / F_LOWER (the bank fitting_factors.json was made with)	2026-09-26	no longer quoted in research.tex (2026-09-24 feedback edits); row kept for provenance
clmDetBankQLo	1	1		def	detector_bank_param	{"name": "mass_ratio_min"}		grteclyn_wrapper/gw_search/analysis/fitting_factor.py BBH_BANK / F_LOWER (the bank fitting_factors.json was made with)	2026-09-26	q in (1, 2, 4); no longer quoted in research.tex (2026-09-24 feedback edits); row kept for provenance
clmDetBankQHi	4	4		def	detector_bank_param	{"name": "mass_ratio_max"}		grteclyn_wrapper/gw_search/analysis/fitting_factor.py BBH_BANK / F_LOWER (the bank fitting_factors.json was made with)	2026-09-26	no longer quoted in research.tex (2026-09-24 feedback edits); row kept for provenance
clmDetBankChiLo	-0.5	-0.5		def	detector_bank_param	{"name": "chi_eff_min"}		grteclyn_wrapper/gw_search/analysis/fitting_factor.py BBH_BANK / F_LOWER (the bank fitting_factors.json was made with)	2026-09-26	chi in (-0.5, 0, 0.5, 0.9); the CLI banner says 'chi +-0.9', which is wrong; no longer quoted in research.tex (2026-09-24 feedback edits); row kept for provenance
clmDetBankChiHi	0.9	0.9		def	detector_bank_param	{"name": "chi_eff_max"}		grteclyn_wrapper/gw_search/analysis/fitting_factor.py BBH_BANK / F_LOWER (the bank fitting_factors.json was made with)	2026-09-26	no longer quoted in research.tex (2026-09-24 feedback edits); row kept for provenance
clmDetFLower	20	20		def	detector_bank_param	{"name": "f_lower"}		grteclyn_wrapper/gw_search/analysis/fitting_factor.py BBH_BANK / F_LOWER (the bank fitting_factors.json was made with)	2026-09-26	no longer quoted in research.tex (2026-09-24 feedback edits); row kept for provenance
clmDetFFBankLo	0.45	0.45		auto	detector_ff	{"field": "ff_bank", "stat": "min", "arms": ["throat", "head-on", "spiral", "fly-by", "plunge"]}		results/merger/gw_search/fitting_factors.json (gws fitting-factor, 2026-10-05; 5 masses 60-300 Msun per arm)	2026-10-05	2026-10-05 O3B-NEW (gws fitting-factor on the current ARMS + plunge; ff_window now the bank maximum, analysis/fitting_factor.py fix): head-on at 60 Msun 0.451; head-on at 60 Msun; no longer quoted in research.tex (2026-09-24 feedback edits); row kept for provenance
clmDetFFBankHi	0.80	0.80		auto	detector_ff	{"field": "ff_bank", "stat": "max", "arms": ["throat", "head-on", "spiral", "fly-by", "plunge"]}		results/merger/gw_search/fitting_factors.json (gws fitting-factor, 2026-10-05; 5 masses 60-300 Msun per arm)	2026-10-06	2026-10-06: the survey re-run with the corrected pair masses (fly-by at 300 Msun: 0.814 -> 0.800); 2026-10-05 O3B-NEW (gws fitting-factor on the current ARMS + plunge; ff_window now the bank maximum, analysis/fitting_factor.py fix): fly-by at 300 Msun 0.814; fly-by at 200 Msun: 0.824; no longer quoted in research.tex (2026-09-24 feedback edits); row kept for provenance
clmDetFFThroatLo	0.54	0.54		auto	detector_ff	{"field": "ff_bank", "stat": "min", "arms": "throat"}		results/merger/gw_search/fitting_factors.json (gws fitting-factor, 2026-09-18; 5 masses 60-300 Msun per arm)	2026-09-26	no longer quoted in research.tex (2026-09-24 feedback edits); row kept for provenance
clmDetFFThroatHi	0.79	0.79		auto	detector_ff	{"field": "ff_bank", "stat": "max", "arms": "throat"}		results/merger/gw_search/fitting_factors.json (gws fitting-factor, 2026-09-18; 5 masses 60-300 Msun per arm)	2026-09-26	no longer quoted in research.tex (2026-09-24 feedback edits); row kept for provenance
clmDetFFHeadonLo	0.45	0.45		auto	detector_ff	{"field": "ff_bank", "stat": "min", "arms": "head-on"}		results/merger/gw_search/fitting_factors.json (gws fitting-factor, 2026-10-05; 5 masses 60-300 Msun per arm)	2026-10-05	2026-10-05 O3B-NEW (gws fitting-factor on the current ARMS + plunge; ff_window now the bank maximum, analysis/fitting_factor.py fix); no longer quoted in research.tex (2026-09-24 feedback edits); row kept for provenance
clmDetFFHeadonHi	0.70	0.70		auto	detector_ff	{"field": "ff_bank", "stat": "max", "arms": "head-on"}		results/merger/gw_search/fitting_factors.json (gws fitting-factor, 2026-10-05; 5 masses 60-300 Msun per arm)	2026-10-05	2026-10-05 O3B-NEW (gws fitting-factor on the current ARMS + plunge; ff_window now the bank maximum, analysis/fitting_factor.py fix); 0.7453; no longer quoted in research.tex (2026-09-24 feedback edits); row kept for provenance
clmDetFFSpiralLo	0.50	0.50		auto	detector_ff	{"field": "ff_bank", "stat": "min", "arms": "spiral"}		results/merger/gw_search/fitting_factors.json (gws fitting-factor, 2026-10-05; 5 masses 60-300 Msun per arm)	2026-10-05	2026-10-05 O3B-NEW (gws fitting-factor on the current ARMS + plunge; ff_window now the bank maximum, analysis/fitting_factor.py fix): the d = 6 merger; no longer quoted in research.tex (2026-09-24 feedback edits); row kept for provenance
clmDetFFSpiralHi	0.77	0.77		auto	detector_ff	{"field": "ff_bank", "stat": "max", "arms": "spiral"}		results/merger/gw_search/fitting_factors.json (gws fitting-factor, 2026-10-05; 5 masses 60-300 Msun per arm)	2026-10-05	2026-10-05 O3B-NEW (gws fitting-factor on the current ARMS + plunge; ff_window now the bank maximum, analysis/fitting_factor.py fix): the d = 6 merger; 0.7977; no longer quoted in research.tex (2026-09-24 feedback edits); row kept for provenance
clmDetFFFlybyLo	0.63	0.63		auto	detector_ff	{"field": "ff_bank", "stat": "min", "arms": "fly-by"}		results/merger/gw_search/fitting_factors.json (gws fitting-factor, 2026-10-05; 5 masses 60-300 Msun per arm)	2026-10-06	2026-10-06: the survey re-run with the corrected pair mass (was 0.64); 2026-10-05 O3B-NEW (gws fitting-factor on the current ARMS + plunge; ff_window now the bank maximum, analysis/fitting_factor.py fix): the p = 0.45 fly-by; no longer quoted in research.tex (2026-09-24 feedback edits); row kept for provenance
clmDetFFFlybyHi	0.80	0.80		auto	detector_ff	{"field": "ff_bank", "stat": "max", "arms": "fly-by"}		results/merger/gw_search/fitting_factors.json (gws fitting-factor, 2026-10-05; 5 masses 60-300 Msun per arm)	2026-10-06	2026-10-06: the survey re-run with the corrected pair mass (was 0.81); 2026-10-05 O3B-NEW (gws fitting-factor on the current ARMS + plunge; ff_window now the bank maximum, analysis/fitting_factor.py fix): the p = 0.45 fly-by; no longer quoted in research.tex (2026-09-24 feedback edits); row kept for provenance
clmDetFFTwinLo	0.52	0.52		auto	detector_ff	{"field": "ff_bank", "stat": "min", "arms": "control"}		results/merger/gw_search/fitting_factors.json (gws fitting-factor, 2026-09-18; 5 masses 60-300 Msun per arm)	2026-09-26	no longer quoted in research.tex (2026-09-24 feedback edits); row kept for provenance
clmDetFFTwinHi	0.74	0.74		auto	detector_ff	{"field": "ff_bank", "stat": "max", "arms": "control"}		results/merger/gw_search/fitting_factors.json (gws fitting-factor, 2026-09-18; 5 masses 60-300 Msun per arm)	2026-09-26	no longer quoted in research.tex (2026-09-24 feedback edits); row kept for provenance
clmDetFFMassLo	0.11	0.11		auto	detector_ff	{"field": "mass_recovered", "stat": "min", "arms": ["throat", "head-on", "spiral", "fly-by", "plunge"]}		results/merger/gw_search/fitting_factors.json (gws fitting-factor, 2026-10-05; 5 masses 60-300 Msun per arm)	2026-10-05	2026-10-05 O3B-NEW (gws fitting-factor on the current ARMS + plunge; ff_window now the bank maximum, analysis/fitting_factor.py fix); best-match total mass / injected total mass; no longer quoted in research.tex (2026-09-24 feedback edits); row kept for provenance
clmDetFFMassHi	1.23	1.23		auto	detector_ff	{"field": "mass_recovered", "stat": "max", "arms": ["throat", "head-on", "spiral", "fly-by", "plunge"]}		results/merger/gw_search/fitting_factors.json (gws fitting-factor, 2026-10-05; 5 masses 60-300 Msun per arm)	2026-10-05	2026-10-05 O3B-NEW (gws fitting-factor on the current ARMS + plunge; ff_window now the bank maximum, analysis/fitting_factor.py fix); fly-by at 200 Msun matched by 368 Msun; no longer quoted in research.tex (2026-09-24 feedback edits); row kept for provenance
clmDetFFTwinMassLo	0.11	0.11		auto	detector_ff	{"field": "mass_recovered", "stat": "min", "arms": "control"}		results/merger/gw_search/fitting_factors.json (gws fitting-factor, 2026-09-18; 5 masses 60-300 Msun per arm)	2026-09-26	no longer quoted in research.tex (2026-09-24 feedback edits); row kept for provenance
clmDetFFTwinMassHi	0.53	0.53		auto	detector_ff	{"field": "mass_recovered", "stat": "max", "arms": "control"}		results/merger/gw_search/fitting_factors.json (gws fitting-factor, 2026-09-18; 5 masses 60-300 Msun per arm)	2026-09-26	no longer quoted in research.tex (2026-09-24 feedback edits); row kept for provenance
clmDetFFTwinWindowLo	0.935	0.935		auto	detector_ff	{"field": "ff_window", "stat": "min", "arms": "control"}	ch the vacuum control ($0.935$--$\clmDetF	results/merger/gw_search/fitting_factors.json (gws fitting-factor, 2026-10-05; 5 masses 60-300 Msun per arm)	2026-10-05	2026-10-05 O3B-NEW (gws fitting-factor on the current ARMS + plunge; ff_window now the bank maximum, analysis/fitting_factor.py fix): three decimals beside the channels' 0.996; 0.9348; anchors re-cut 2026-09-24 (feedback edits)
clmDetFFTwinWindowHi	0.951	0.951		auto	detector_ff	{"field": "ff_window", "stat": "max", "arms": "control"}	clmDetFFTwinWindowLo$--$0.951$), so burst	results/merger/gw_search/fitting_factors.json (gws fitting-factor, 2026-10-05; 5 masses 60-300 Msun per arm)	2026-10-05	2026-10-05 O3B-NEW (gws fitting-factor on the current ARMS + plunge; ff_window now the bank maximum, analysis/fitting_factor.py fix): three decimals beside the channels' 0.996; 0.9507; anchors re-cut 2026-09-24 (feedback edits)
clmDetFFWindowLo	0.893	0.893		auto	detector_ff	{"field": "ff_window", "stat": "min", "arms": ["throat", "head-on", "spiral", "fly-by", "plunge"]}	ith fitting factors of $0.893$--$\clmDetF	results/merger/gw_search/fitting_factors.json (gws fitting-factor, 2026-10-05; 5 masses 60-300 Msun per arm)	2026-10-05	2026-10-05 O3B-NEW (gws fitting-factor on the current ARMS + plunge; ff_window now the bank maximum, analysis/fitting_factor.py fix): merger at 300 Msun 0.893; arms now include the plunge; head-on at 300 Msun: 0.822; anchors re-cut 2026-09-24 (feedback edits)
clmDetFFWindowHi	0.995	0.995		auto	detector_ff	{"field": "ff_window", "stat": "max", "arms": ["throat", "head-on", "spiral", "fly-by", "plunge"]}	f $\clmDetFFWindowLo$--$0.995$, as they m	results/merger/gw_search/fitting_factors.json (gws fitting-factor, 2026-10-05; 5 masses 60-300 Msun per arm)	2026-10-06	2026-10-06: the survey re-run with the corrected pair masses (the plunge, was 0.996); 2026-10-05 O3B-NEW (gws fitting-factor on the current ARMS + plunge; ff_window now the bank maximum, analysis/fitting_factor.py fix): plunge at 60 Msun 0.996 (its 18 M record is one cycle a BBH segment matches); fly-by at 60 Msun: 0.980; anchors re-cut 2026-09-24 (feedback edits)
clmDetBankMinMatch	0.97	0.97		def	detector_bank_param	{"name": "min_match"}		grteclyn_wrapper/gw_search/templates/bank.py MIN_MATCH	2026-09-26	no longer quoted in research.tex (2026-09-24 feedback edits); row kept for provenance
clmDetBankSize	154	154		auto	detector_scan	{"key": "bank_size"}	2012,pycbc} with $154$ template	results/merger/gw_search/o3b_scan.json (gws scan, GPS 1264317000-1264340000, 2026-10-05: O3B-NEW, current ARMS + plunge)	2026-10-05	2026-10-05 O3B-NEW: 28 throat, 31 head-on, 24 merger, 21 fly-by, 24 plunge, 26 twin rungs on the live H1 PSD; not re-derivable offline: the rung count depends on the live O3b PSD (strain cache untracked); anchors re-cut 2026-09-24 (feedback edits)
clmDetSlides	5000	5000		auto	detector_scan	{"key": "background.n_slides"}		results/merger/gw_search/o3b_scan.json (gws scan, GPS 1264317000-1264340000, 2026-09-18)	2026-09-26	no longer quoted in research.tex (2026-09-24 feedback edits); row kept for provenance
clmDetInjCount	18	18		auto	detector_injections	{"stat": "found"}	All $18$ injections	results/merger/gw_search/injections.json (gws inject, H1 GPS 1264317634 +128 s, 2026-10-05)	2026-10-05	2026-10-05 O3B-NEW (gws inject, 154-template bank, each injection midway between two rungs): 3 per arm x 6 arms; 15 injected (5 arms x 3 rungs), 15 found
clmDetInjSnr	20	20		auto	detector_injections	{"stat": "min", "field": "optimal_snr"}	at optimal SNR $20$	results/merger/gw_search/injections.json (gws inject, H1 GPS 1264317634 +128 s)	2026-09-26	every injection at 20
clmDetInjEffLo	92	92		auto	detector_injections	{"stat": "min", "field": "efficiency", "scale": 100}	recovered at $92$--	results/merger/gw_search/injections.json (gws inject, H1 GPS 1264317634 +128 s, 2026-10-05)	2026-10-05	2026-10-05 O3B-NEW (gws inject, 154-template bank, each injection midway between two rungs): 92.1 % (fly-by at 189 Msun); 92.7 % (spiral at 218 Msun)
clmDetInjEffHi	123	123		auto	detector_injections	{"stat": "max", "field": "efficiency", "scale": 100}	--$123\%$ of optimal	results/merger/gw_search/injections.json (gws inject, H1 GPS 1264317634 +128 s, 2026-10-05)	2026-10-05	2026-10-05 O3B-NEW (gws inject, 154-template bank, each injection midway between two rungs): 122.7 % (plunge at 85 Msun): a heavier rung filtered from a lower corner also collects the injection's strain below its own 130 Hz corner, which carries 1.30x its own-corner SNR (checked 2026-10-05); 138.8 % (fly-by at 18.4 Msun)
clmDetInjEffMedian	101	101		auto	detector_injections	{"stat": "median", "field": "efficiency", "scale": 100}		results/merger/gw_search/injections.json (gws inject, H1 GPS 1264317634 +128 s, 2026-10-05)	2026-10-05	2026-10-05 O3B-NEW (gws inject, 154-template bank, each injection midway between two rungs); no longer quoted in research.tex (2026-09-24 feedback edits); row kept for provenance
clmDetInjDt	11.5	11.47		auto	detector_injections	{"stat": "abs_max", "field": "dt_ms"}	within $11.5$ ms	results/merger/gw_search/injections.json (gws inject, H1 GPS 1264317634 +128 s, 2026-10-05)	2026-10-05	2026-10-06 validation C: printed 11.5 (was 11; the maximum is 11.47); 2026-10-05 O3B-NEW (gws inject, 154-template bank, each injection midway between two rungs): 11.5 ms, collapsing throat at 230 Msun (a 79 ms template); largest |dt| 2.69 ms
clmDetInjChiLo	0.5	0.5		auto	detector_injections	{"stat": "min", "field": "chisq_r"}		results/merger/gw_search/injections.json (gws inject, H1 GPS 1264317634 +128 s, 2026-10-05)	2026-10-05	2026-10-05 O3B-NEW (gws inject, 154-template bank, each injection midway between two rungs); no longer quoted in research.tex (2026-09-24 feedback edits); row kept for provenance
clmDetInjChiHi	1.6	1.6		auto	detector_injections	{"stat": "max", "field": "chisq_r"}		results/merger/gw_search/injections.json (gws inject, H1 GPS 1264317634 +128 s, 2026-10-05)	2026-10-05	2026-10-05 O3B-NEW (gws inject, 154-template bank, each injection midway between two rungs): no injection vetoed; 4.82, fly-by at 18.4 Msun; no longer quoted in research.tex (2026-09-24 feedback edits); row kept for provenance
clmDetShortestMs	3.2	3.2		manual	detector_template_duration_ms	{"arm": "fly-by", "pick": "min_mass"}		gw_search/templates/nr.py duration_s at the demoted injection's mass (fly-by, 18.42 Msun)	2026-09-26	2026-09-24 FINDINGS fix: the demoted injection's template: fly-by at 18.42 Msun, 35.0 M = 3.18 ms; the bank's shortest template is the fly-by's lightest rung, 2.5 ms (clmDetBankDurLo), so the text no longer calls this one 'the shortest'; no longer quoted in research.tex (2026-09-24 feedback edits); row kept for provenance; frozen 2026-10-02: source run ARCHIVED out of the pack (00_archive, superseded superposed/Bowen-York data); value measured before archiving, re-measure on the csm/lbf rerun
clmDetShortestBins	four	4		manual	detector_chisq_bins	{"arm": "fly-by", "pick": "min_mass"}		gw_search/pipeline/triggers.py chisq_bins on that template	2026-09-26	clipped at the minimum, 4; no longer quoted in research.tex (2026-09-24 feedback edits); row kept for provenance; frozen 2026-10-02: source run ARCHIVED out of the pack (00_archive, superseded superposed/Bowen-York data); value measured before archiving, re-measure on the csm/lbf rerun
clmDetVetoSnrBefore	20.2	20.2		auto	detector_injections	{"stat": "max", "field": "recovered_snr", "arm": "fly-by", "pick": "min_mass"}		results/merger/gw_search/injections.json (gws inject, H1 GPS 1264317634 +128 s, 2026-10-05)	2026-10-05	2026-10-05 O3B-NEW (gws inject, 154-template bank, each injection midway between two rungs): the lightest fly-by is no longer demoted; the clause left the text; no longer quoted in research.tex (2026-09-24 feedback edits); row kept for provenance
clmDetVetoSnrAfter	19.2	19.2		auto	detector_injections	{"stat": "max", "field": "recovered_stat", "arm": "fly-by", "pick": "min_mass"}		results/merger/gw_search/injections.json (gws inject, H1 GPS 1264317634 +128 s, 2026-10-05)	2026-10-05	2026-10-05 O3B-NEW (gws inject, 154-template bank, each injection midway between two rungs): the lightest fly-by is no longer demoted; the clause left the text; re-weighted SNR; no longer quoted in research.tex (2026-09-24 feedback edits); row kept for provenance
clmDetLivetime	2.25	2.25		auto	detector_scan	{"key": "livetime_hours"}	In $2.25$ h of coincident || earch of $2.25$\,h o	results/merger/gw_search/o3b_scan.json (gws scan, GPS 1264317000-1264340000, 2026-10-05: O3B-NEW, current ARMS + plunge)	2026-10-05	2026-10-05 O3B-NEW: 8104 s, the two blocks' union (the 64 s overlap counted once; was 8144 s = 2.26 h)
clmDetBgCoinc	20\,231	20231		auto	detector_scan	{"key": "background.n_coincidences"}		results/merger/gw_search/o3b_scan.json (gws scan, GPS 1264317000-1264340000, 2026-10-05: O3B-NEW, current ARMS + plunge)	2026-10-05	2026-10-05 O3B-NEW: 5000 cyclic slides on the analysed 8104 s; no longer quoted in research.tex (2026-09-24 feedback edits); row kept for provenance
clmDetBgLivetime	469	469		auto	detector_scan	{"key": "background.livetime_days"}		results/merger/gw_search/o3b_scan.json (gws scan, GPS 1264317000-1264340000, 2026-10-05: O3B-NEW, current ARMS + plunge)	2026-10-05	2026-10-05 O3B-NEW: 5000 x 8104 s (cyclic slides; the old 471 credited non-overlapping shifts); 471.3 d = 5000 slides x 8144 s; floor FAR 0.775/yr; no longer quoted in research.tex (2026-09-24 feedback edits); row kept for provenance
clmDetBgLoudest	52.4	52.4		auto	detector_scan	{"key": "background.loudest_rank"}		results/merger/gw_search/o3b_scan.json (gws scan, GPS 1264317000-1264340000, 2026-10-05: O3B-NEW, current ARMS + plunge)	2026-10-05	2026-10-05 O3B-NEW; no longer quoted in research.tex (2026-09-24 feedback edits); row kept for provenance
clmDetGlitchSnr	833	833		auto	detector_scan	{"key": "loudest_single_detector.H1.snr"}		results/merger/gw_search/o3b_scan.json (gws scan, GPS 1264317000-1264340000, 2026-10-05: O3B-NEW, current ARMS + plunge)	2026-10-05	2026-10-05 O3B-NEW; H1 fly-by@131.3, chi2_r 199; no longer quoted in research.tex (2026-09-24 feedback edits); row kept for provenance
clmDetHorizonSnr	8	8		def	detector_scan_snr_threshold		single-detector SNR $8$	results/merger/gw_search/o3b_scan.json (gws scan, GPS 1264317000-1264340000, 2026-09-18) horizon_note	2026-09-26	
clmDetHorizonSpiral	2.7	2.7		auto	detector_scan	{"key": "horizon_mpc_optimal_snr8_single_ifo.spiral", "scale": 0.001}	$2.7$ (merger)	results/merger/gw_search/o3b_scan.json (gws scan, GPS 1264317000-1264340000, 2026-10-05: O3B-NEW, current ARMS + plunge)	2026-10-05	2026-10-05 O3B-NEW: 2709 Mpc, the d = 6 merger (was 4.8, the superposed spiral); Gpc; median over the channel's ladder of sigma/8, optimal orientation, measured PSD
clmDetHorizonFlyby	5.1	5.1		auto	detector_scan	{"key": "horizon_mpc_optimal_snr8_single_ifo.fly-by", "scale": 0.001}	is $5.1$ Gpc (fly-by)	results/merger/gw_search/o3b_scan.json (gws scan, GPS 1264317000-1264340000, 2026-10-05: O3B-NEW, current ARMS + plunge)	2026-10-05	2026-10-05 O3B-NEW: 5081 Mpc, the p = 0.45 fly-by; Gpc; median over the channel's ladder of sigma/8, optimal orientation, measured PSD
clmDetHorizonHeadon	3.0	3.0		auto	detector_scan	{"key": "horizon_mpc_optimal_snr8_single_ifo.head-on", "scale": 0.001}	$3.0$ (head-on)	results/merger/gw_search/o3b_scan.json (gws scan, GPS 1264317000-1264340000, 2026-10-05: O3B-NEW, current ARMS + plunge)	2026-10-05	2026-10-05 O3B-NEW: 2967 Mpc, the collision-axis quadrupole; Gpc; median over the channel's ladder of sigma/8, optimal orientation, measured PSD
clmDetHorizonTwin	1.3	1.3		auto	detector_scan	{"key": "horizon_mpc_optimal_snr8_single_ifo.vacuum BBH twin", "scale": 0.001}	$1.3$ (vacuum twin)	results/merger/gw_search/o3b_scan.json (gws scan, GPS 1264317000-1264340000, 2026-10-05: O3B-NEW, current ARMS + plunge)	2026-10-05	2026-10-05 O3B-NEW: 1327 Mpc, unchanged; Gpc; median over the channel's ladder of sigma/8, optimal orientation, measured PSD
clmDetHorizonThroat	0.15	0.15		auto	detector_scan	{"key": "horizon_mpc_optimal_snr8_single_ifo.collapsing throat", "scale": 0.001}	$0.15$ (collapsing throat)	results/merger/gw_search/o3b_scan.json (gws scan, GPS 1264317000-1264340000, 2026-10-05: O3B-NEW, current ARMS + plunge)	2026-10-05	2026-10-05 O3B-NEW: 152 Mpc, unchanged; Gpc; median over the channel's ladder of sigma/8, optimal orientation, measured PSD
clmDetHorizonPlunge	1.7	1.7		auto	detector_scan	{"key": "horizon_mpc_optimal_snr8_single_ifo.plunge", "scale": 0.001}	$1.7$ (plunge, to its trust window)	results/merger/gw_search/o3b_scan.json (gws scan, GPS 1264317000-1264340000, 2026-10-05: O3B-NEW, current ARMS + plunge)	2026-10-05	added 2026-10-05 (O3B-NEW): 1712 Mpc; Gpc; median over the channel's ladder of sigma/8, optimal orientation, measured PSD; the record runs from contact (t = 45) to the trust window (t = 80)
clmDetSkyAverage	2.26	2.26		auto	detector_scan_sky_factor			results/merger/gw_search/o3b_scan.json (gws scan, GPS 1264317000-1264340000, 2026-09-18)	2026-09-26	optimal/sky-averaged horizon, the same for every channel = gw_search SKY_AVERAGE; the standard factor (Finn & Chernoff 1993); no longer quoted in research.tex (2026-09-24 feedback edits); row kept for provenance
clmDetKerrFM	0.0885	0.0885		auto	detector_qnm_fM		Kerr mode at $fM=0.0885$	plot_psi4_ligo.f_qnm_M: Berti-Cardoso-Will (2,2,0) fit at a_f = 0.6864, M_f = 0.9516 M (lit)	2026-09-26	599 Hz at 30 Msun
clmDetHeadonFreqRatio	0.58	0.58		auto	detector_freq	{"arm": "head-on", "what": "lo_over_first"}	ncy \emph{falls}, by $\times0.58$, from contact on	plot_psi4_ligo.prepare + envelope_and_frequency (the figure's own code) on the gallery ARMS streams; Hz at the figure's 30 Msun calibration	2026-09-30	342.1/485.9 = 0.704; 2026-09-30: re-measured on the mode-3 head-on chain (SERIES stream, M_ADM 2.3573, ARMS gate t=76)
clmDetFlybyFreqHi	227	227		manual	detector_freq	{"arm": "fly-by", "what": "first"}		plot_psi4_ligo.prepare + envelope_and_frequency (the figure's own code) on the gallery ARMS streams; Hz at the figure's 30 Msun calibration	2026-09-26	no longer quoted in research.tex (2026-09-24 feedback edits); row kept for provenance; frozen 2026-10-02: source run ARCHIVED out of the pack (00_archive, superseded superposed/Bowen-York data); value measured before archiving, re-measure on the csm/lbf rerun
clmDetFlybyFreqLo	115	115		manual	detector_freq	{"arm": "fly-by", "what": "last"}		plot_psi4_ligo.prepare + envelope_and_frequency (the figure's own code) on the gallery ARMS streams; Hz at the figure's 30 Msun calibration	2026-09-26	no longer quoted in research.tex (2026-09-24 feedback edits); row kept for provenance; frozen 2026-10-02: source run ARCHIVED out of the pack (00_archive, superseded superposed/Bowen-York data); value measured before archiving, re-measure on the csm/lbf rerun
clmDetThroatFreq	333	332.5		auto	detector_freq	{"arm": "throat", "what": "hz_peak"}		plot_psi4_ligo.prepare + envelope_and_frequency (the figure's own code) on the gallery ARMS streams; Hz at the figure's 30 Msun calibration	2026-09-26	2026-09-24 FINDINGS fix: 331.8 Hz at the envelope peak; the text said 'a single 335 Hz'; no longer quoted in research.tex (2026-09-24 feedback edits); row kept for provenance
clmDetThroatFM	0.049	0.049		auto	detector_freq	{"arm": "throat", "what": "fM_peak"}		plot_psi4_ligo.prepare + envelope_and_frequency (the figure's own code) on the gallery ARMS streams; Hz at the figure's 30 Msun calibration	2026-09-26	2026-09-24 FINDINGS fix: 0.0490 at the envelope peak; no longer quoted in research.tex (2026-09-24 feedback edits); row kept for provenance
clmDetThroatOverKerr	0.56	0.555065		auto	detector_freq	{"arm": "throat", "what": "peak_over_qnm"}	Sec.~\ref{sec:single:gw}), $0.56$ of the equal-mas	plot_psi4_ligo.prepare + envelope_and_frequency (the figure's own code) on the gallery ARMS streams; Hz at the figure's 30 Msun calibration	2026-09-26	2026-10-06: throat track to its t = 58 gate and M_SUN_SEC = 4.925491e-6 s (was 0.55)
clmDetSpiralFreqLo	151	151		manual	detector_freq	{"arm": "spiral", "what": "first"}		plot_psi4_ligo.prepare + envelope_and_frequency (the figure's own code) on the gallery ARMS streams; Hz at the figure's 30 Msun calibration	2026-09-26	no longer quoted in research.tex (2026-09-24 feedback edits); row kept for provenance; frozen 2026-10-02: source run ARCHIVED out of the pack (00_archive, superseded superposed/Bowen-York data); value measured before archiving, re-measure on the csm/lbf rerun
clmDetSpiralFreqHi	679	679		manual	detector_freq	{"arm": "spiral", "what": "last"}		plot_psi4_ligo.prepare + envelope_and_frequency (the figure's own code) on the gallery ARMS streams; Hz at the figure's 30 Msun calibration	2026-09-26	no longer quoted in research.tex (2026-09-24 feedback edits); row kept for provenance; frozen 2026-10-02: source run ARCHIVED out of the pack (00_archive, superseded superposed/Bowen-York data); value measured before archiving, re-measure on the csm/lbf rerun
clmDetBankDurLo	2.5	2.5		manual	detector_bank_duration_ms	{"stat": "min"}		gw_search/templates: record length T/M of each arm times the ladder's end masses (bank.py mass_range: the resolved Psi4 peak at 400 Hz / 40 Hz), which need no noise curve	2026-09-26	2026-09-24 FINDINGS fix: the fly-by's lightest rung, 35.0 M x 14.5 Msun = 2.50 ms; no longer quoted in research.tex (2026-09-24 feedback edits); row kept for provenance; frozen 2026-10-02: source run ARCHIVED out of the pack (00_archive, superseded superposed/Bowen-York data); value measured before archiving, re-measure on the csm/lbf rerun
clmDetBankDurHi	125	125		auto	detector_bank_duration_ms	{"stat": "max"}		gw_search/templates: record length T/M of each arm times the ladder's end masses (bank.py mass_range: the resolved Psi4 peak at 400 Hz / 40 Hz), which need no noise curve	2026-09-26	vacuum twin at 337 Msun: 124.6 ms; no longer quoted in research.tex (2026-09-24 feedback edits); row kept for provenance
clmDetESpiralSpread	1.1	1.14082		auto	waves_energy	{"scenario": "spiral", "which": "spread"}	\,M$ ($1.1\%$), head-on	plot_psi4_ligo.prepare: band energy of the dominant multipole at the innermost sphere, spread = (max-min)/E over spheres on a common retarded window	2026-10-06	2026-10-06 referee pass: energies at the outermost sphere covering the window (the inner spheres carry a near-zone excess, plot_convergence (c)); moving pairs per their measured t = 0 mass (run_tree.pair_mass); the change from the next sphere in
clmDetEHeadon	8.5\times10^{-3}	0.00853738		auto	waves_energy	{"scenario": "head-on", "which": "E"}	measured $E_{\rm GW}=8.5\times10^{-3}\,M$, Sec	plot_psi4_ligo.prepare: band energy of the dominant multipole at the innermost sphere, spread = (max-min)/E over spheres on a common retarded window	2026-10-06	2026-10-06 referee pass: energies at the outermost sphere covering the window (the inner spheres carry a near-zone excess, plot_convergence (c)); moving pairs per their measured t = 0 mass (run_tree.pair_mass)
clmDetEHeadonSpread	1.4	1.42787		auto	waves_energy	{"scenario": "head-on", "which": "spread"}	\clmDetEHeadon\,M$ ($1.4\%$)	plot_psi4_ligo.prepare: band energy of the dominant multipole at the innermost sphere, spread = (max-min)/E over spheres on a common retarded window	2026-10-06	2026-10-06 referee pass: energies at the outermost sphere covering the window (the inner spheres carry a near-zone excess, plot_convergence (c)); moving pairs per their measured t = 0 mass (run_tree.pair_mass); the change from the next sphere in
clmDetEThroatSpread	3.6	3.58474		auto	waves_energy	{"scenario": "collapsing throat", "which": "spread"}	\,M$ ($3.6\%$), vacuum twin	plot_psi4_ligo.prepare: band energy of the dominant multipole at the innermost sphere, spread = (max-min)/E over spheres on a common retarded window (throat: u <= 48, closed at t=58 at R=10, each sphere also at its junk cut)	2026-10-06	2026-10-06 referee pass: energies at the outermost sphere covering the window (the inner spheres carry a near-zone excess, plot_convergence (c)); moving pairs per their measured t = 0 mass (run_tree.pair_mass); the change from the next sphere in
clmDetETwinSpread	10	10.0104		auto	waves_energy	{"scenario": "vacuum BBH twin", "which": "spread"}	\,M$ ($10\%$). Since	plot_psi4_ligo.prepare: band energy of the dominant multipole at the innermost sphere, spread = (max-min)/E over spheres on a common retarded window	2026-10-06	2026-10-06 referee pass: energies at the outermost sphere covering the window (the inner spheres carry a near-zone excess, plot_convergence (c)); moving pairs per their measured t = 0 mass (run_tree.pair_mass); the change from the next sphere in
clmDetTauAdopted	4.3	4.3		manual	detector_mouth_tau	{"arm": "flyby"}		plot_mouth_growth._scan/_tau on horizon_scan.dat: exponential fit of R/R0-1 over t = 8-25 (merger: v2_spiral_d12_p012_L128_lvl3_t050_mouths; fly-by: merge_orbit_flip_d12_p045_L128_lvl5_t100)	2026-09-26	the fly-by clock, rounded; the budget below is computed with the unrounded 4.392; no longer quoted in research.tex (2026-09-26 referee fixes); row kept for provenance; no longer quoted in research.tex (2026-09-26 referee fixes); row kept for provenance; 2026-09-26: plot_mouth_growth._tau now keeps the window's end rows t = 8 and 25 (stored as 7.99999999999987 and 25.0000000000011, they had been dropped); frozen 2026-10-02: source run ARCHIVED out of the pack (00_archive, superseded superposed/Bowen-York data); value measured before archiving, re-measure on the csm/lbf rerun
clmDetInspTimeIsco	202	202		auto	detector_insp_time	{"d_over_M": 6}		arithmetic: t_insp = (5/256)(d/M)^4 M/eta, M = 2 (total), eta = 1/4; T_orb = 2 pi sqrt(d^3/M), d = (d/M) M	2026-09-26	exactly 202.5: on the rounding boundary (the check passes at tolerance 0.5); no longer quoted in research.tex (2026-09-26 referee fixes); row kept for provenance; no longer quoted in research.tex (2026-09-26 referee fixes); row kept for provenance
clmDetInspTimeWide	640	640		auto	detector_insp_time	{"d_over_M": 8}		arithmetic: t_insp = (5/256)(d/M)^4 M/eta, M = 2 (total), eta = 1/4; T_orb = 2 pi sqrt(d^3/M), d = (d/M) M	2026-09-26	no longer quoted in research.tex (2026-09-26 referee fixes); row kept for provenance; no longer quoted in research.tex (2026-09-26 referee fixes); row kept for provenance
clmDetIscoDOverM	6	6		lit				Schwarzschild ISCO r = 6M: Bardeen, Press & Teukolsky, ApJ 178, 347 (1972), marginally stable circular orbit r_ms = 6M at a = 0 (textbook)		d = 12 at M = 2 is the campaign's separation; no longer quoted in research.tex (2026-09-26 referee fixes); row kept for provenance; no longer quoted in research.tex (2026-09-26 referee fixes); row kept for provenance
clmDetWideDOverM	8	8		manual				choice in the text: a two-orbit inspiral		input; no longer quoted in research.tex (2026-09-26 referee fixes); row kept for provenance; no longer quoted in research.tex (2026-09-26 referee fixes); row kept for provenance
clmDetInspOrbitsIsco	1.1	1.1		auto	detector_insp_orbits	{"d_over_M": 6}		arithmetic: t_insp = (5/256)(d/M)^4 M/eta, M = 2 (total), eta = 1/4; T_orb = 2 pi sqrt(d^3/M), d = (d/M) M	2026-09-26	202.5/184.7 = 1.096; no longer quoted in research.tex (2026-09-26 referee fixes); row kept for provenance; no longer quoted in research.tex (2026-09-26 referee fixes); row kept for provenance
clmDetInspOrbitsWide	2.25	2.25		auto	detector_insp_orbits	{"d_over_M": 8}		arithmetic: t_insp = (5/256)(d/M)^4 M/eta, M = 2 (total), eta = 1/4; T_orb = 2 pi sqrt(d^3/M), d = (d/M) M	2026-09-26	640/284.3; no longer quoted in research.tex (2026-09-26 referee fixes); row kept for provenance; no longer quoted in research.tex (2026-09-26 referee fixes); row kept for provenance
clmDetEfoldsIsco	47	47		manual	detector_insp_efolds	{"d_over_M": 6}		arithmetic: t_insp = (5/256)(d/M)^4 M/eta, M = 2 (total), eta = 1/4; T_orb = 2 pi sqrt(d^3/M), d = (d/M) M; e-folds = t_insp/tau with the fly-by's fitted tau (4.392)	2026-09-26	46.1; no longer quoted in research.tex (2026-09-26 referee fixes); row kept for provenance; no longer quoted in research.tex (2026-09-26 referee fixes); row kept for provenance; 2026-09-26: plot_mouth_growth._tau now keeps the window's end rows t = 8 and 25 (stored as 7.99999999999987 and 25.0000000000011, they had been dropped); frozen 2026-10-02: source run ARCHIVED out of the pack (00_archive, superseded superposed/Bowen-York data); value measured before archiving, re-measure on the csm/lbf rerun
clmDetEfoldsWide	148	148		manual	detector_insp_efolds	{"d_over_M": 8}		arithmetic: t_insp = (5/256)(d/M)^4 M/eta, M = 2 (total), eta = 1/4; T_orb = 2 pi sqrt(d^3/M), d = (d/M) M; e-folds = t_insp/tau with the fly-by's fitted tau (4.392)	2026-09-26	145.7 with tau = 4.392 (with the rounded tau = 4.4 it would be 145.5 -> 145); no longer quoted in research.tex (2026-09-26 referee fixes); row kept for provenance; no longer quoted in research.tex (2026-09-26 referee fixes); row kept for provenance; 2026-09-26: plot_mouth_growth._tau now keeps the window's end rows t = 8 and 25 (stored as 7.99999999999987 and 25.0000000000011, they had been dropped); frozen 2026-10-02: source run ARCHIVED out of the pack (00_archive, superseded superposed/Bowen-York data); value measured before archiving, re-measure on the csm/lbf rerun
clmDetSeedIsco	10^{-20}	-20	abs:0.5	manual	detector_insp_efolds	{"d_over_M": 6, "log10_seed": true}		arithmetic: t_insp = (5/256)(d/M)^4 M/eta, M = 2 (total), eta = 1/4; T_orb = 2 pi sqrt(d^3/M), d = (d/M) M; e-folds = t_insp/tau with the fly-by's fitted tau (4.392)	2026-09-26	log10 compared (order of magnitude): log10 e^{-46.1} = -20.02; no longer quoted in research.tex (2026-09-26 referee fixes); row kept for provenance; no longer quoted in research.tex (2026-09-26 referee fixes); row kept for provenance; frozen 2026-10-02: source run ARCHIVED out of the pack (00_archive, superseded superposed/Bowen-York data); value measured before archiving, re-measure on the csm/lbf rerun
clmDetSeedWide	10^{-64}	-64	abs:0.5	manual	detector_insp_efolds	{"d_over_M": 8, "log10_seed": true}		arithmetic: t_insp = (5/256)(d/M)^4 M/eta, M = 2 (total), eta = 1/4; T_orb = 2 pi sqrt(d^3/M), d = (d/M) M; e-folds = t_insp/tau with the fly-by's fitted tau (4.392)	2026-09-26	log10 compared: -63.3; no longer quoted in research.tex (2026-09-26 referee fixes); row kept for provenance; no longer quoted in research.tex (2026-09-26 referee fixes); row kept for provenance; 2026-09-26: plot_mouth_growth._tau now keeps the window's end rows t = 8 and 25 (stored as 7.99999999999987 and 25.0000000000011, they had been dropped); frozen 2026-10-02: source run ARCHIVED out of the pack (00_archive, superseded superposed/Bowen-York data); value measured before archiving, re-measure on the csm/lbf rerun
clmDetSeedIscoIsolated	10^{-15}	-15	abs:0.5	auto	detector_insp_efolds	{"d_over_M": 6, "tau": 5.9, "log10_seed": true}		arithmetic: t_insp = (5/256)(d/M)^4 M/eta, M = 2 (total), eta = 1/4; T_orb = 2 pi sqrt(d^3/M), d = (d/M) M; tau = 5.9, the isolated level-3 clock (single-throat area)	2026-09-26	log10 compared: 202.5/5.9 = 34.3 e-folds -> -14.9 (with tau = 5.26, level 4, it would be -16.7); no longer quoted in research.tex (2026-09-26 referee fixes); row kept for provenance; no longer quoted in research.tex (2026-09-26 referee fixes); row kept for provenance
clmDetSeedExampleA	10^{-6}	1e-6		manual				illustrative seed amplitudes chosen in the text		input to the next three rows; no longer quoted in research.tex (2026-09-26 referee fixes); row kept for provenance; no longer quoted in research.tex (2026-09-26 referee fixes); row kept for provenance
clmDetSeedExampleB	10^{-10}	1e-10		manual				illustrative seed amplitudes chosen in the text		input to the next three rows; no longer quoted in research.tex (2026-09-26 referee fixes); row kept for provenance; no longer quoted in research.tex (2026-09-26 referee fixes); row kept for provenance
clmDetSeedExampleC	10^{-15}	1e-15		manual			arepsilon=10^{-15}$ buys	illustrative seed amplitudes chosen in the text		input to the next three rows
clmDetLifeOrbitsA	0.32	0.32		manual	detector_lifetime_orbits	{"log10_eps": -6}		arithmetic: tau ln(1/eps) / T_orb(ISCO), tau = 4.392 (fly-by fit), T_orb = 184.7	2026-09-26	0.329; no longer quoted in research.tex (2026-09-26 referee fixes); row kept for provenance; no longer quoted in research.tex (2026-09-26 referee fixes); row kept for provenance; 2026-09-26: plot_mouth_growth._tau now keeps the window's end rows t = 8 and 25 (stored as 7.99999999999987 and 25.0000000000011, they had been dropped); frozen 2026-10-02: source run ARCHIVED out of the pack (00_archive, superseded superposed/Bowen-York data); value measured before archiving, re-measure on the csm/lbf rerun
clmDetLifeOrbitsB	0.54	0.54		manual	detector_lifetime_orbits	{"log10_eps": -10}		arithmetic: tau ln(1/eps) / T_orb(ISCO), tau = 4.392 (fly-by fit), T_orb = 184.7	2026-09-26	0.548; no longer quoted in research.tex (2026-09-26 referee fixes); row kept for provenance; no longer quoted in research.tex (2026-09-26 referee fixes); row kept for provenance; 2026-09-26: plot_mouth_growth._tau now keeps the window's end rows t = 8 and 25 (stored as 7.99999999999987 and 25.0000000000011, they had been dropped); frozen 2026-10-02: source run ARCHIVED out of the pack (00_archive, superseded superposed/Bowen-York data); value measured before archiving, re-measure on the csm/lbf rerun
clmDetLifeOrbitsC	0.81	0.81		manual	detector_lifetime_orbits	{"log10_eps": -15}		arithmetic: tau ln(1/eps) / T_orb(ISCO), tau = 4.392 (fly-by fit), T_orb = 184.7	2026-09-26	0.821; no longer quoted in research.tex (2026-09-26 referee fixes); row kept for provenance; no longer quoted in research.tex (2026-09-26 referee fixes); row kept for provenance; 2026-09-26: plot_mouth_growth._tau now keeps the window's end rows t = 8 and 25 (stored as 7.99999999999987 and 25.0000000000011, they had been dropped); frozen 2026-10-02: source run ARCHIVED out of the pack (00_archive, superseded superposed/Bowen-York data); value measured before archiving, re-measure on the csm/lbf rerun
clmDetSeedRatio	320	320	rel:0.01	manual	detector_seed_budget_measured	{"what": "ratio"}		claims/extract_detector.detector_seed_budget_measured: clmDetEffSeed / clmNoiseSeed	2026-09-26	2026-09-24 FINDINGS fix: 350.8 = 7.06e-4 / 2.01e-6, an upper bound (the truncation seed is itself a lower bound). Replaces an untraced 2e3; 2026-09-26: plot_mouth_growth._tau now keeps the window's end rows t = 8 and 25 (stored as 7.99999999999987 and 25.0000000000011, they had been dropped); no longer quoted in research.tex (2026-09-26 referee fixes); row kept for provenance; frozen 2026-10-02: source run ARCHIVED out of the pack (00_archive, superseded superposed/Bowen-York data); value measured before archiving, re-measure on the csm/lbf rerun
clmDetSeedBudget	25	25		manual	detector_seed_budget_measured	{"what": "units"}		tau ln(clmDetSeedRatio), tau = 4.392 (the fly-by fit)	2026-09-26	2026-09-24 FINDINGS fix: 25.7 units; the old 33 followed from the untraced 2e3; no longer quoted in research.tex (2026-09-26 referee fixes); row kept for provenance; no longer quoted in research.tex (2026-09-26 referee fixes); row kept for provenance; 2026-09-26: plot_mouth_growth._tau now keeps the window's end rows t = 8 and 25 (stored as 7.99999999999987 and 25.0000000000011, they had been dropped); frozen 2026-10-02: source run ARCHIVED out of the pack (00_archive, superseded superposed/Bowen-York data); value measured before archiving, re-measure on the csm/lbf rerun
clmDetSeedBudgetOrbits	0.14	0.14		manual	detector_seed_budget_measured	{"what": "orbits"}		clmDetSeedBudget over the ISCO orbital period 2 pi sqrt(d^3/M) = 184.7	2026-09-26	2026-09-24 FINDINGS fix: 0.139, a seventh of an orbit; the text said 'a fifth' twice; anchors re-cut 2026-09-24 (feedback edits); no longer quoted in research.tex (2026-09-26 referee fixes); row kept for provenance; no longer quoted in research.tex (2026-09-26 referee fixes); row kept for provenance; frozen 2026-10-02: source run ARCHIVED out of the pack (00_archive, superseded superposed/Bowen-York data); value measured before archiving, re-measure on the csm/lbf rerun
clmDetEfoldsPosLo	12	12		manual	detector_insp_efolds	{"d_over_M": 6, "factor": 4}		arithmetic: t_insp = (5/256)(d/M)^4 M/eta, M = 2 (total), eta = 1/4; T_orb = 2 pi sqrt(d^3/M), d = (d/M) M; e-folds = t_insp/tau with the fly-by's fitted tau (4.392)	2026-09-26	2026-09-24 FINDINGS fix: 46.1/4 = 11.53; no longer quoted in research.tex (2026-09-26 referee fixes); row kept for provenance; no longer quoted in research.tex (2026-09-26 referee fixes); row kept for provenance; frozen 2026-10-02: source run ARCHIVED out of the pack (00_archive, superseded superposed/Bowen-York data); value measured before archiving, re-measure on the csm/lbf rerun
clmDetEfoldsPosHi	23	23		manual	detector_insp_efolds	{"d_over_M": 6, "factor": 2}		arithmetic: t_insp = (5/256)(d/M)^4 M/eta, M = 2 (total), eta = 1/4; T_orb = 2 pi sqrt(d^3/M), d = (d/M) M; e-folds = t_insp/tau with the fly-by's fitted tau (4.392)	2026-09-26	23.05; no longer quoted in research.tex (2026-09-26 referee fixes); row kept for provenance; no longer quoted in research.tex (2026-09-26 referee fixes); row kept for provenance; frozen 2026-10-02: source run ARCHIVED out of the pack (00_archive, superseded superposed/Bowen-York data); value measured before archiving, re-measure on the csm/lbf rerun
clmDetSeedPosLo	10^{-5}	-5	abs:0.5	manual	detector_insp_efolds	{"d_over_M": 6, "factor": 4, "log10_seed": true}		arithmetic: t_insp = (5/256)(d/M)^4 M/eta, M = 2 (total), eta = 1/4; T_orb = 2 pi sqrt(d^3/M), d = (d/M) M; e-folds = t_insp/tau with the fly-by's fitted tau (4.392)	2026-09-26	log10 compared: e^{-11.53} -> -5.0; no longer quoted in research.tex (2026-09-26 referee fixes); row kept for provenance; no longer quoted in research.tex (2026-09-26 referee fixes); row kept for provenance; frozen 2026-10-02: source run ARCHIVED out of the pack (00_archive, superseded superposed/Bowen-York data); value measured before archiving, re-measure on the csm/lbf rerun
clmDetSeedPosHi	10^{-10}	-10	abs:0.5	manual	detector_insp_efolds	{"d_over_M": 6, "factor": 2, "log10_seed": true}		arithmetic: t_insp = (5/256)(d/M)^4 M/eta, M = 2 (total), eta = 1/4; T_orb = 2 pi sqrt(d^3/M), d = (d/M) M; e-folds = t_insp/tau with the fly-by's fitted tau (4.392)	2026-09-26	log10 compared: e^{-23.05} -> -10.0; no longer quoted in research.tex (2026-09-26 referee fixes); row kept for provenance; no longer quoted in research.tex (2026-09-26 referee fixes); row kept for provenance; frozen 2026-10-02: source run ARCHIVED out of the pack (00_archive, superseded superposed/Bowen-York data); value measured before archiving, re-measure on the csm/lbf rerun
clmDetSeedMassLo	10^{4}	4		def	detector_log10_input	{"name": "seed_min"}	channel only. At $10^{4}$--$\clmDe || le population of $10^{4}$--$\clmDe || mass decade from $10^{4}$ to $\clm || ,matthee2024} at $10^{4}$--$\clmDe || ndHi$ mHz across $10^{4}$--$\clmDe || forming $10^{4}$--$\c	grteclyn_wrapper/visualisation/wormhole_merger/plot_heavy_seeds.py SEED_RANGE	2026-09-26	log10 compared (exact); the lightest seed of the channel (the heavy-seed floor, Inayoshi+2020); anchors re-cut 2026-09-24 (feedback edits)
clmDetSeedMassHi	10^{6}	6		def	detector_log10_input	{"name": "seed_max"}	$--$10^{6}\,M_\odot$ converts at birth || --$10^{6}\,M_\odot$ at $z_e || MassLo$--$10^{6}\,M_\odot$ and $z_ || MassLo$--$10^{6}\,M_\odot$.} || MassLo$--$10^{6}\,M_\odot$ t || assMid$--$10^{6}\,M_\odot$ and the head-on || assMid$--$10^{6}\,M_\odot$ (Fig.	grteclyn_wrapper/visualisation/wormhole_merger/plot_heavy_seeds.py SEED_RANGE	2026-09-26	log10 compared (exact)
clmDetSeedMassMid	10^{5}	1e5		manual			llapse (grey) at $10^{5}\,M_\odot$ || mDetSeedMassLo$--$10^{5}\,M_\odot$ || e$~s for $10^{5}\,M_\o	input of the text's growth and Omega_GW examples (the middle mass decade of grteclyn_wrapper/visualisation/wormhole_merger/plot_heavy_seeds.py)		
clmDetZConv	20	20		def	detector_seed_input	{"name": "z_emit"}	ot$ and $z_e\simeq20$ the same || at birth ($z\simeq20$, seconds || inset, all at $z_e=20$, against || \odot$ at $z\simeq20$, Eddingt || $z\approx20$, the || z_e\gtrsim20$ woul	grteclyn_wrapper/visualisation/wormhole_merger/plot_heavy_seeds.py Z_EMIT	2026-09-26	assumed conversion epoch (Limitations: 'The conversion epoch z_e is assumed'); anchors re-cut 2026-09-24 (feedback edits)
clmDetSalpeter	45	45		def	detector_seed_input	{"name": "salpeter_myr"}	(Salpeter e-fold $45$ Myr) || (Salpeter e-fold ${\simeq}45$ Myr)	grteclyn_wrapper/visualisation/wormhole_merger/plot_heavy_seeds.py SALPETER_MYR	2026-09-26	Salpeter e-fold eps sigma_T c/(4 pi G m_p) at radiative efficiency 0.1 (0.1 x 450 Myr); with the 1/(1-eps) factor it is 50 Myr
clmDetJQuasarZ	7.5	7.5		def	detector_seed_input	{"name": "J1342_z"}	the $z=7.5$ quasar	grteclyn_wrapper/visualisation/wormhole_merger/plot_heavy_seeds.py J1342 = z 7.54 (Banados et al. 2018)	2026-09-26	lit value z = 7.54
clmDetLightSeedMass	10^{2}	1e2		manual			a $10^{2}\,M_\odot$ light seed	grteclyn_wrapper/visualisation/wormhole_merger/plot_heavy_seeds.py panel_seed_race: eddington(..., 1.0e2)		figure input (a literal, not a module constant)
clmDetLightSeedZ	25	25		manual			started at $z=25$	grteclyn_wrapper/visualisation/wormhole_merger/plot_heavy_seeds.py panel_seed_race: t_of_z(25.0)		figure input
clmDetLightSeedGap	two	2		auto	detector_light_seed_gap	{"m0": 100.0, "z0": 25.0}	misses UHZ1 by two decades	grteclyn_wrapper/visualisation/wormhole_merger/plot_heavy_seeds.py (t_of_z, SALPETER_MYR, UHZ1 = 4e7 Msun at z 10.07)	2026-09-26	100 Msun at z=25 grows to 1.9e5 Msun by UHZ1's epoch: 2.33 decades short of 4e7
clmDetNMin	10^{-4}	-4		def	detector_log10_input	{"name": "n_min"}	galaxy is $n\simeq10^{-4}$--$\clmDe || $ per year for $n=10^{-4}$--$\clmDe	grteclyn_wrapper/visualisation/wormhole_merger/plot_heavy_seeds.py N_RANGE	2026-09-26	log10 compared (exact); assumed: one seed per present-day massive galaxy, no reference given
clmDetNMax	10^{-2}	-2		def	detector_log10_input	{"name": "n_max"}	meq\clmDetNMin$--$10^{-2}\,\mathrm{ || r for $n=\clmDetNMin$--$10^{-2}\,\mathrm{Mp	grteclyn_wrapper/visualisation/wormhole_merger/plot_heavy_seeds.py N_RANGE	2026-09-26	log10 compared (exact)
clmDetFMPeakLo	0.053	0.0528995		auto	detector_fpk_range	{"stat": "min", "arms": ["head-on", "spiral", "fly-by"]}	$(fM)_{\rm peak}=0.053$--$\clmDe	plot_psi4_ligo: resolved Psi4 band peak f_pk of the encounters (head-on, spiral, fly-by; the lone throat's 0.042 excluded)	2026-10-06	2026-10-06 referee pass: energies at the outermost sphere covering the window (the inner spheres carry a near-zone excess, plot_convergence (c)); moving pairs per their measured t = 0 mass (run_tree.pair_mass)
clmDetFMPeakHi	0.071	0.07113		auto	detector_fpk_range	{"stat": "max", "arms": ["head-on", "spiral", "fly-by"]}	rm peak}=\clmDetFMPeakLo$--$0.071$, $f_{\rm obs}=(f	plot_psi4_ligo: resolved Psi4 band peak f_pk of the encounters (head-on, spiral, fly-by)	2026-10-06	2026-10-06 validation C: the encounters only, printed to two figures (was 0.07); 2026-10-06: re-measured (corrected pair masses); was 0.06; 0.0600 (head-on, spiral); frozen 2026-10-02: source run ARCHIVED out of the pack (00_archive, superseded superposed/Bowen-York data); value measured before archiving, re-measure on the csm/lbf rerun
clmDetConvMassLo	10^{7}	1e7		manual			rm{d}\ln f$; the $10^{7}\,M_\odot$	input: the heavier mass decades the text considers		
clmDetConvMassHi	10^{8}	1e8		manual			etSeedMassLo$ to $10^{8}\,M_\odot$ || ounted), and the $10^{8}\,M_\odot$ || mDetConvMassLo$--$10^{8}\,M_\odot$	input		
clmDetGrowthTarget	10^{9}	1e9		lit			reaches $10^{9}\,M_\odot$	z >~ 7 quasar mass scale: Banados et al., Nature 553, 473 (2018) [banados2018]: J1342+0928 at z = 7.5413 +- 0.0007 with M_BH = 7.8 (+3.3/-1.9) x 10^8 Msun (abstract: 8 x 10^8); Inayoshi, Visbal & Haiman, ARA&A 58, 27 (2020) [inayoshi2020], abstract: '~10^9 Msun SMBHs within the first billion year'		
clmDetGrowthTimeLo	414	414		auto	detector_seed_growth_myr	{"m_seed": 100000.0}	tGrowthTarget\,M_\odot$ in $414$--$\clmDetGrowthT	arithmetic 45 Myr x ln(1e9/1e5) (grteclyn_wrapper/visualisation/wormhole_merger/plot_heavy_seeds.py SALPETER_MYR)	2026-09-26	2026-09-24 FINDINGS fix: 45 x ln 1e4 = 414.5
clmDetGrowthTimeHi	518	518.1		auto	detector_seed_growth_myr	{"m_seed": 10000.0}	--$518$ Myr	arithmetic 45 Myr x ln(1e9/1e4)	2026-09-26	2026-10-06 validation D: printed 518 (was 520); 518.1; read at two significant figures (num 5.2e2)
clmDetGrowthWindow	600	6e2		auto	detector_cosmic_time_myr	{"z_from": 20, "z_to": 7}	the ${\sim}600$ Myr	grteclyn_wrapper/visualisation/wormhole_merger/plot_heavy_seeds.py t_of_z (flat LCDM, H0 67.7, Om 0.31)	2026-09-26	t(7) - t(20) = 763.7 - 179.7 = 584 Myr; '~' read at one figure (num 6e2)
clmDetGrowthZ	7	7		lit			by $z\simeq7$	epoch of the earliest quasars: Banados et al., Nature 553, 473 (2018) [banados2018]: J1342+0928 at z = 7.54 (systemic z = 7.5413 +- 0.0007)		
clmDetDMFracLo	3\times10^{-11}	3e-11		auto	detector_dm_fraction	{"n": 0.0001, "m": 10000.0}	ng, a dark-matter fraction $3\times10^{-11}$--$\clmDetDMFracH	arithmetic n M / rho_DM, rho_DM = Omega_c h^2 x 2.775e11 = 3.33e10 Msun/Mpc^3 (Planck 2018)	2026-09-26	3.00e-11
clmDetDMFracHi	3\times10^{-7}	3e-7		auto	detector_dm_fraction	{"n": 0.01, "m": 1000000.0}	raction $\clmDetDMFracLo$--$3\times10^{-7}$; the FIRAS $\mu$	same	2026-09-26	3.00e-7
clmDetFirasLo	10^{5}	1e5		lit			black holes of $10^{5}$	Nakama, Carr & Silk, PRD 97, 043525 (2018) [nakama2018], abstract (p. 1): PBHs formed from primordial inhomogeneities 'in the mass range 10^5-10^12 Msun' are 'severely constrained by upper limits to the mu distortion' (FIRAS mu < 9e-5, Sec. I); the 10^4 < M/Msun < 10^13 of Sec. I (p. 3) is the delta(M) < sqrt(mu) range on the fluctuations, not the PBH bound		2026-10-06 literature check: was 10^{4} (Sec. I's fluctuation range), corrected to the abstract's PBH range
clmDetFirasHi	10^{12}	1e12		lit			--$10^{12}\,M_\odot$	as clmDetFirasLo: Nakama, Carr & Silk 2018 [nakama2018] abstract, upper edge 10^12 Msun		2026-10-06 literature check: was 10^{13}, corrected with clmDetFirasLo
clmDetBandLo	0.5	0.511425		auto	detector_f_obs	{"m": 1000000.0, "fM": "min", "arms": ["head-on", "spiral", "fly-by"]}	rm peak}/[M(1+z_e)]$ spans $0.5$--$\clmDetBandHi$	arithmetic f_obs = (fM)_peak / [M (1+z_e)], GM_sun/c^3 = 4.9255e-6 s, z_e = 20, (fM)_peak = the encounters' lowest (detector_fpk_range)	2026-10-06	2026-10-06 referee pass: energies at the outermost sphere covering the window (the inner spheres carry a near-zone excess, plot_convergence (c)); moving pairs per their measured t = 0 mass (run_tree.pair_mass)
clmDetBandHi	70	68.77		auto	detector_f_obs	{"m": 10000.0, "fM": "max"}	--$70$ mHz	arithmetic f_obs = (fM)_peak / [M (1+z_e)], GM_sun/c^3 = 4.9255e-6 s, z_e = 20, (fM)_peak = measured 0.0286-0.0600	2026-10-06	2026-10-06: re-measured; was 60; 58.0 mHz; read at one figure (num 6e1); frozen 2026-10-02: source run ARCHIVED out of the pack (00_archive, superseded superposed/Bowen-York data); value measured before archiving, re-measure on the csm/lbf rerun
clmDetOmegaHi	10^{-11}	-11.36	abs:0.5	auto	detector_omega_log10	{"n": 0.01, "m": 100000.0, "E": "head-on"}	\clmDetOmegaLo$--$10^{-11}$ at ${\si	arithmetic Omega_GW = n E_rad/[rho_c (1+z_e)], rho_c = 2.775e11 h^2 (H0 67.7, grteclyn_wrapper/visualisation/wormhole_merger/plot_heavy_seeds.py), E_rad = (E_rad/M) x M with the measured E_rad/M	2026-10-06	2026-10-06 validation C: n_max with the larger conversion energy (head-on), was the spiral's 10^{-12}; 2026-10-06: re-measured (log10 -11.67); was 10^{-11}; re-defined 2026-09-25: the conversions' top end (spiral), -11.08; frozen 2026-10-02: source run ARCHIVED out of the pack (00_archive, superseded superposed/Bowen-York data); value measured before archiving, re-measure on the csm/lbf rerun
clmDetOmegaLo	10^{-14}	-13.73	abs:0.5	auto	detector_omega_log10	{"n": 0.0001, "m": 100000.0, "E": "spiral"}	Omega_{\rm GW}\sim10^{-14}$--$\clmDe	arithmetic Omega_GW = n E_rad/[rho_c (1+z_e)], rho_c = 2.775e11 h^2 (H0 67.7, grteclyn_wrapper/visualisation/wormhole_merger/plot_heavy_seeds.py), E_rad = (E_rad/M) x M with the measured E_rad/M	2026-10-05	2026-10-06 validation C: n_min with the smaller conversion energy (spiral), was the head-on's 10^{-13}; 2026-10-05: head-on energy x4 (collision axis); log10 -13.34, was -14; re-defined 2026-09-25: the conversions' low end (head-on), -13.90
clmDetOmegaFreq	7	6.877		auto	detector_f_obs	{"m": 100000.0, "fM": "max"}	-$\clmDetOmegaHi$ at ${\sim}7$ mHz, would lie a	arithmetic f_obs = (fM)_peak / [M (1+z_e)], GM_sun/c^3 = 4.9255e-6 s, z_e = 20, (fM)_peak = measured 0.0286-0.0600	2026-10-06	2026-10-06: re-measured; was 6; re-defined 2026-09-25: the conversions' peak (head-on, spiral fM = 0.060) at 1e5: 5.8 mHz; frozen 2026-10-02: source run ARCHIVED out of the pack (00_archive, superseded superposed/Bowen-York data); value measured before archiving, re-measure on the csm/lbf rerun
clmDetRateLo	0.05	0.05		auto	detector_burst_rate	{"n": 0.0001}	ursts in four years, ${\sim}0.05$--$\clmDetRateHi$	arithmetic: each seed converts once, so the observed rate is n 4 pi D_c(z_e)^2 c; D_c(20) = 10.97 Gpc (flat LCDM of grteclyn_wrapper/visualisation/wormhole_merger/plot_heavy_seeds.py)	2026-09-26	0.046 per year; anchors re-cut 2026-09-24 (feedback edits)
clmDetRateHi	5	5		auto	detector_burst_rate	{"n": 0.01}	${\sim}\clmDetRateLo$--$5$ per year f	arithmetic: each seed converts once, so the observed rate is n 4 pi D_c(z_e)^2 c; D_c(20) = 10.97 Gpc (flat LCDM of grteclyn_wrapper/visualisation/wormhole_merger/plot_heavy_seeds.py)	2026-09-26	4.6 per year; anchors re-cut 2026-09-24 (feedback edits)
clmDetIntroSeedLo	10^4	1e4		lit			heavy seeds of $10^4$	heavy-seed mass range: Bogdan et al., Nat. Astron. 8, 126 (2024) [bogdan2024], abstract: heavy seeds 'i.e., 10^4-10^5 Msun'; Inayoshi, Visbal & Haiman, ARA&A 58, 27 (2020) [inayoshi2020], Fig. 3 caption (arXiv:1911.05791 p. 13): 'massive seed BHs with M ~ 10^{5-6} Msun', and Sec. 8 (p. 62): 'merging BHs in the ~10^4-10^6 Msun range' (JWST context: bogdan2024, natarajan2024)		the channel adopts it (clmDetSeedMassLo)
clmDetIntroSeedHi	10^6	1e6		lit			--$10^6\,M_\odot$ from formation channels	heavy-seed mass range, upper edge: Inayoshi, Visbal & Haiman 2020 [inayoshi2020], Fig. 3 caption 'M ~ 10^{5-6} Msun' and Sec. 8 '~10^4-10^6 Msun'; see clmDetIntroSeedLo		
clmDetScalarSpread	30	3e1		manual	detector_scalar_ratio_spread_pct	{"t_cut": 60.0}		plot_scalar_channel _gw_flux/_scalar/_cum on campaign/06_binary_flyby/p045/merge_orbit_flip_d12_p045_L128_lvl5_t100	2026-09-26	2026-09-24 FINDINGS fix: fly-by |E_phi|/E_GW to t = 60: 3.02 at R = 14 vs 2.33 at R = 30 -> 29.5 % (num 3e1). It is the RATIO that spreads 30 %; E_phi itself differs x12 (clmDetEphiSphereRatio); no longer quoted in research.tex (2026-09-24 feedback edits); row kept for provenance; frozen 2026-10-02: source run ARCHIVED out of the pack (00_archive, superseded superposed/Bowen-York data); value measured before archiving, re-measure on the csm/lbf rerun
clmDetEphiSphereRatio	12	12		manual	expr	{"formula": "a/b", "a": {"fn": "waves_scalar_energy", "run": "merge_orbit_flip_d12_p045_L128_lvl5_t100", "R": 14, "t_cut": 60}, "b": {"fn": "waves_scalar_energy", "run": "merge_orbit_flip_d12_p045_L128_lvl5_t100", "R": 30, "t_cut": 60}}		campaign/06_binary_flyby/p045/merge_orbit_flip_d12_p045_L128_lvl5_t100/scalar_modes.dat (plot_scalar_channel's integral to t = 60)	2026-09-26	2026-09-24 FINDINGS fix: |E_phi| 1.04 vs 0.087 (code units) at R = 14 vs 30; no longer quoted in research.tex (2026-09-24 feedback edits); row kept for provenance; frozen 2026-10-02: source run ARCHIVED out of the pack (00_archive, superseded superposed/Bowen-York data); value measured before archiving, re-measure on the csm/lbf rerun
clmDetThroatEphiSpread	6	6		auto	detector_ephi_sphere_ratio	{"run": "single_eps_p1e2_q1e2_ml4_scalar_t100", "t0": 11.0, "radii": [10, 14, 18]}		campaign/01_single_throat/seed/single_eps_p1e2_q1e2_ml4_scalar_t100/scalar_modes.dat (plot_scalar_censorship._flux)	2026-09-26	integral of -F_kin from the MOTS (t=11) to t=100: -0.022/-0.090/-0.130 at R=10/14/18, ratio 6.02 (the head-on method, which reproduces its -0.056/-0.071/-0.075 from t=21.5); no longer quoted in research.tex (2026-09-24 feedback edits); row kept for provenance
clmDetHeadonWobble	80	80		manual				the outermost (R=18) Psi4 sphere of the head-on arms (psi4_mode_l2m0.dat); onset read by eye		not re-derived; no longer quoted in research.tex (2026-09-24 feedback edits); row kept for provenance
clmDetDetectMassLo	3\times10^{4}	2.818e4	rel:0.1	auto	detector_lisa_mass_edge	{"arms": ["head-on", "spiral", "fly-by"], "end": "lo"}	y above $8$ from $3\times10^{4}$ to $\clm	grteclyn_wrapper/gw_search/lisa.py (the pack's search templates at z_e = 20, Planck18): every encounter at SNR >= 8, conservative (head-on sets it)	2026-10-06	2026-10-06: re-measured on the current channels (head-on full quadrupole, corrected pair masses); was 4e4, frozen from the superposed campaign; auto since 2026-09-25 (was typed in from f_cosmology_lisa.py's printout); 2026-09-30: re-measured on the mode-3 head-on chain (SERIES stream, M_ADM 2.3573, ARMS gate t=76); frozen 2026-10-02: source run ARCHIVED out of the pack (00_archive, superseded superposed/Bowen-York data); value measured before archiving, re-measure on the csm/lbf rerun
clmDetDetectMassHi	6\times10^{6}	5.623e6	rel:0.1	auto	detector_lisa_mass_edge	{"arms": ["head-on", "spiral", "fly-by"], "end": "hi"}	m $\clmDetDetectMassLo$ to $6\times10^{6}\,M_\odot$. These	grteclyn_wrapper/gw_search/lisa.py (the pack's search templates at z_e = 20, Planck18): every encounter at SNR >= 8, conservative (head-on sets it, 4.2e6)	2026-10-06	2026-10-06: re-measured on the current channels (the merger's edge); auto since 2026-09-25 (was typed in from f_cosmology_lisa.py's printout); 2026-09-30: re-measured on the mode-3 head-on chain (SERIES stream, M_ADM 2.3573, ARMS gate t=76); frozen 2026-10-02: source run ARCHIVED out of the pack (00_archive, superseded superposed/Bowen-York data); value measured before archiving, re-measure on the csm/lbf rerun
clmDetBurstSnrLo	56	56.21		auto	detector_lisa_snr	{"arms": "head-on", "masses": [100000.0, 1000000.0], "stat": "min", "variant": "conservative"}	and the head-on $56$--$\clmDe	grteclyn_wrapper/gw_search/lisa.py (the pack's search templates at z_e = 20, Planck18): head-on, conservative (inclination averaged, confusion noise, resolved band)	2026-10-05	2026-10-06 validation A32: conservative variant, was nominal 119; 2026-10-05: head-on strain x2 (collision axis); was 60; auto since 2026-09-25 (was typed in from f_cosmology_lisa.py's printout); 2026-09-30: re-measured on the mode-3 head-on chain (SERIES stream, M_ADM 2.3573, ARMS gate t=76)
clmDetBurstSnrHi	220	222.723		auto	detector_lisa_snr	{"arms": ["spiral", "fly-by"], "masses": [100000.0, 1000000.0], "stat": "max", "variant": "conservative"}	ratios of $\clmDetLoudSnrLo$--$220$ at	grteclyn_wrapper/gw_search/lisa.py (the pack's search templates at z_e = 20, Planck18): fly-by at 1e6, conservative (inclination averaged, confusion noise, resolved band) (496)	2026-10-06	2026-10-06 referee pass: energies at the outermost sphere covering the window (the inner spheres carry a near-zone excess, plot_convergence (c)); moving pairs per their measured t = 0 mass (run_tree.pair_mass)
clmDetCollapseSnr	6	6		auto	detector_lisa_snr_peak	{"arm": "throat", "variant": "conservative"}	ratio of at most ${\approx}6$. The merger and	grteclyn_wrapper/gw_search/lisa.py (the pack's search templates at z_e = 20, Planck18): lone collapse, conservative peak over mass (6.4 at 1.6e5)	2026-09-26	auto since 2026-09-25 (was typed in from f_cosmology_lisa.py's printout); corrected 2026-09-25 from 7 (the nominal value at the 1e5 grid point)
clmDetLoudSnrLo	35	34.86		auto	detector_lisa_snr	{"arms": ["spiral", "fly-by"], "masses": [100000.0, 1000000.0], "stat": "min", "variant": "conservative"}	each signal-to-noise ratios of $35$--$\clmDetBurstSn	grteclyn_wrapper/gw_search/lisa.py (the pack's search templates at z_e = 20, Planck18): spiral at 1e6, conservative (inclination averaged, confusion noise, resolved band) (175.5)	2026-10-06	2026-10-06 validation A32: conservative variant (the stated method), was nominal 103; 2026-10-06: re-measured on the current channels; was 175; auto since 2026-09-25 (was typed in from f_cosmology_lisa.py's printout); frozen 2026-10-02: source run ARCHIVED out of the pack (00_archive, superseded superposed/Bowen-York data); value measured before archiving, re-measure on the csm/lbf rerun
clmDetHeadonSnrHi	84	84.03		auto	detector_lisa_snr	{"arms": "head-on", "masses": [100000.0, 1000000.0], "stat": "max", "variant": "conservative"}	ad-on $\clmDetBurstSnrLo$--$84$; all three stay	grteclyn_wrapper/gw_search/lisa.py (the pack's search templates at z_e = 20, Planck18): head-on, conservative (inclination averaged, confusion noise, resolved band)	2026-10-05	2026-10-06 validation A32: conservative variant, was nominal 159; 2026-10-05: head-on strain x2 (collision axis); was 79; auto since 2026-09-25 (was typed in from f_cosmology_lisa.py's printout); 2026-09-30: re-measured on the mode-3 head-on chain (SERIES stream, M_ADM 2.3573, ARMS gate t=76)
clmDetFlybyDetectMassHi	8\times10^{6}	7.943e6		auto	detector_lisa_mass_edge	{"arms": ["fly-by", "head-on"], "end": "hi"}	hold $8$ to $8\times10^{6}\,M_\odot$	grteclyn_wrapper/gw_search/lisa.py (the pack's search templates at z_e = 20, Planck18): fly-by at SNR >= 8, conservative	2026-10-06	2026-10-06: the fly-by and the head-on both stop at 7.9e6 (0.1-dex grid); was 2e7 for the fly-by alone (superposed campaign); auto since 2026-09-25 (was typed in from f_cosmology_lisa.py's printout); frozen 2026-10-02: source run ARCHIVED out of the pack (00_archive, superseded superposed/Bowen-York data); value measured before archiving, re-measure on the csm/lbf rerun
clmDetPlungeDetectMassHi	4\times10^{7}	3.981e7		auto	detector_lisa_mass_edge	{"arms": "plunge", "end": "hi"}	to at least $4\times10^{7}\,M_\odot$	gw_search.lisa mass_range of the p = 0.60 plunge (conservative: inclination averaged, confusion noise, resolved band), its record to the trust window t = 80	2026-10-06	added 2026-10-06: a floor (the record is cut at its trust window); the only channel above 8 at 1e7-1e8
clmDetBandFloor	0.1	0.1		def	detector_lisa_input	{"name": "f_min_mHz"}	mbs faster below $0.1$ mHz (hat	grteclyn_wrapper/gw_search/lisa.py F_MIN: LISA measures from below 1e-4 Hz (Amaro-Seoane et al. 2017)	2026-09-26	added 2026-09-25 (Fig. heavy_seeds(b) hatch)
clmDetTrackShare	90	90		def	detector_lisa_input	{"name": "track_share_pct"}	the band holding $90\%$ of its	grteclyn_wrapper/visualisation/wormhole_merger/plot_heavy_seeds.py _track share	2026-09-26	added 2026-09-25 (Fig. heavy_seeds(b))
clmDetBurstsPerN	1.9\times10^{3}	1900	rel:0.05	auto	detector_bursts	{"n": 1.0}	erts once, so LISA records $1.9\times10^{3}\,(n/\mathrm{Mpc}^	arithmetic 4 pi D_c(20)^2 c T, T = 4 yr (flat LCDM of plot_heavy_seeds)	2026-09-26	auto since 2026-09-25 (was typed in from f_cosmology_lisa.py's printout)
clmDetPlsNLo	6	5.9	rel:0.1	manual	detector_pls_n_threshold	{"m": 1000000.0, "arm": "spiral"}	013} for $n\gtrsim(6$--$\clmDetPlsNHi)	detector_pls_n_threshold(m=1e6, arm=spiral) = 5.914e-4 Mpc^-3, quoted in units of 1e-4	2026-10-06	2026-10-06: re-measured on the current channels; was 2; re-defined 2026-09-25: conversions only (was the fly-by's energy over the band minimum); frozen 2026-10-02: source run ARCHIVED out of the pack (00_archive, superseded superposed/Bowen-York data); value measured before archiving, re-measure on the csm/lbf rerun
clmDetPlsNHi	36	36	rel:0.1	manual	detector_pls_n_threshold	{"m": 100000.0, "arm": "spiral"}	(\clmDetPlsNLo$--$36)\times10^	detector_pls_n_threshold(m=1e5, arm=spiral) = 3.596e-3 Mpc^-3, quoted in units of 1e-4	2026-10-06	2026-10-06: re-measured on the current channels; was 7; re-defined 2026-09-25: conversions only (was 3, the band minimum); frozen 2026-10-02: source run ARCHIVED out of the pack (00_archive, superseded superposed/Bowen-York data); value measured before archiving, re-measure on the csm/lbf rerun
clmDetDilution	2\times10^{5}	200000.0		manual				grteclyn-wrapper/scripts/analysis/merger_feedback/f_cosmology_lisa.py S8: (1+z_e)^4 = 1.9e5 at z_e = 20		added 2026-09-24 (user: "is this detectable or not?", "lets compute"; F cosmology analysis); anchors re-cut 2026-09-24 (feedback edits); no longer quoted in research.tex (2026-09-26 referee fixes); row kept for provenance; no longer quoted in research.tex (2026-09-26 referee fixes); row kept for provenance
clmOmegaLambda	0.69	0.69		lit				Planck 2018 VI, A&A 641, A6 (2020) [planck2018], Table 2, last column (TT,TE,EE+lowE+lensing+BAO): Omega_Lambda = 0.6889 +- 0.0056 (0.6847 +- 0.0073 without BAO)		added 2026-09-24 (user: "is this detectable or not?", "lets compute"; F cosmology analysis); anchors re-cut 2026-09-24 (feedback edits); no longer quoted in research.tex (2026-09-26 referee fixes); row kept for provenance; no longer quoted in research.tex (2026-09-26 referee fixes); row kept for provenance
clmDetOmegaWHLo	52	51.7322		auto	detector_omega_wh	{"end": "lo"}	t $\Omega_{\rm WH}\simeq52$--$\clmDetO	plot_heavy_seeds.deposit(): |E_phi|/E_GW = clmGwScalarRatioFull..clmGwScalarBandSixty times E_GW = clmGwEnergySpiral..clmGwEnergyFlyby (their own extractors); Omega_WH = Omega_Lambda (1+z_e) M/|E_phi|, Omega_Lambda = 0.69, z_e = 20 (claims/extract_detector.detector_omega_wh)	2026-10-06	2026-10-06 referee pass: energies at the outermost sphere covering the window (the inner spheres carry a near-zone excess, plot_convergence (c)); moving pairs per their measured t = 0 mass (run_tree.pair_mass)
clmDetOmegaWHHi	6100	6107.36		auto	detector_omega_wh	{"end": "hi"}	imeq\clmDetOmegaWHLo$--$6100$, above the	as clmDetOmegaWHLo, the smallest deposit (clmGwScalarRatioFull x clmGwEnergySpiral)	2026-10-06	2026-10-06 referee pass: energies at the outermost sphere covering the window (the inner spheres carry a near-zone excess, plot_convergence (c)); moving pairs per their measured t = 0 mass (run_tree.pair_mass)
clmDetOmegaWHDMLo	230	230		manual				grteclyn-wrapper/scripts/analysis/merger_feedback/f_cosmology_lisa.py S5: the same in units of rho_DM		added 2026-09-24 (user: "is this detectable or not?", "lets compute"; F cosmology analysis); anchors re-cut 2026-09-24 (feedback edits); no longer quoted in research.tex (2026-09-26 referee fixes); row kept for provenance; no longer quoted in research.tex (2026-09-26 referee fixes); row kept for provenance
clmDetOmegaWHDMHi	3100	3100		manual				grteclyn-wrapper/scripts/analysis/merger_feedback/f_cosmology_lisa.py S5 (same)		added 2026-09-24 (user: "is this detectable or not?", "lets compute"; F cosmology analysis); anchors re-cut 2026-09-24 (feedback edits); no longer quoted in research.tex (2026-09-26 referee fixes); row kept for provenance; no longer quoted in research.tex (2026-09-26 referee fixes); row kept for provenance
clmDetDepositOverMatter	47	47		manual				grteclyn-wrapper/scripts/analysis/merger_feedback/f_cosmology_lisa.py S5: |rho_phi|/rho_m at z_e = Omega_Lambda (1+z_e)/Omega_m		added 2026-09-24 (user: "is this detectable or not?", "lets compute"; F cosmology analysis); anchors re-cut 2026-09-24 (feedback edits); no longer quoted in research.tex (2026-09-26 referee fixes); row kept for provenance; no longer quoted in research.tex (2026-09-26 referee fixes); row kept for provenance
clmDetHubbleCap	0.015	0.015		manual				grteclyn-wrapper/scripts/analysis/merger_feedback/f_cosmology_lisa.py S5: H^2 > 0 at z_e caps |Omega_phi,0| < Omega_m/(1+z_e)		added 2026-09-24 (user: "is this detectable or not?", "lets compute"; F cosmology analysis); anchors re-cut 2026-09-24 (feedback edits); no longer quoted in research.tex (2026-09-26 referee fixes); row kept for provenance; no longer quoted in research.tex (2026-09-26 referee fixes); row kept for provenance
clmDetDepositCeiling	3.5\times10^{-3}	0.00349214		auto	detector_deposit_ceiling		ys below $3.5\times10^{-3}$ of c	plot_heavy_seeds.deposit() as clmDetOmegaWHLo: |Omega_phi,0| = (rho_DM/rho_c) (|E_phi|/M)/(1+z_e) at nM = rho_DM, the largest deposit (claims/extract_detector.detector_deposit_ceiling)	2026-10-06	2026-10-06 referee pass: energies at the outermost sphere covering the window (the inner spheres carry a near-zone excess, plot_convergence (c)); moving pairs per their measured t = 0 mass (run_tree.pair_mass)
clmDetBackreactLo	5\times10^{-13}	5e-13		manual				grteclyn-wrapper/scripts/analysis/merger_feedback/f_cosmology_lisa.py S5: |rho_phi|/rho_m = n|E_phi|/rho_m0 over n = 1e-4..1e-2, M = 1e4..1e6: 4.6e-13		added 2026-09-24 (user: "is this detectable or not?", "lets compute"; F cosmology analysis); anchors re-cut 2026-09-24 (feedback edits); no longer quoted in research.tex (2026-09-26 referee fixes); row kept for provenance; no longer quoted in research.tex (2026-09-26 referee fixes); row kept for provenance
clmDetBackreactHi	6\times10^{-8}	6e-08		manual				grteclyn-wrapper/scripts/analysis/merger_feedback/f_cosmology_lisa.py S5 (same): 6.1e-8		added 2026-09-24 (user: "is this detectable or not?", "lets compute"; F cosmology analysis); anchors re-cut 2026-09-24 (feedback edits); no longer quoted in research.tex (2026-09-26 referee fixes); row kept for provenance; no longer quoted in research.tex (2026-09-26 referee fixes); row kept for provenance
clmDetLrdNLo	3	3		manual			ittle red dot, $n\simeq(3$--$\clmDetL	grteclyn-wrapper/scripts/analysis/merger_feedback/f_cosmology_lisa.py S6: little-red-dot number density summed over the tabulated bins, Matthee+24 Tables 4/6 (3.4-3.6e-5), Greene+24 Tables 4/5 (3.6-6.2e-5), x 1e-5 Mpc^-3		added 2026-09-24 (user: "is this detectable or not?", "lets compute"; F cosmology analysis); anchors re-cut 2026-09-24 (feedback edits)
clmDetLrdNHi	6	6		manual			\simeq(\clmDetLrdNLo$--$6)\times10^{-	grteclyn-wrapper/scripts/analysis/merger_feedback/f_cosmology_lisa.py S6 (same)		added 2026-09-24 (user: "is this detectable or not?", "lets compute"; F cosmology analysis); anchors re-cut 2026-09-24 (feedback edits)
clmDetLrdFracLo	10^{-11}	1e-11		manual			atthee2024}, is a fraction $10^{-11}$--$\clmDetLrdFrac	grteclyn-wrapper/scripts/analysis/merger_feedback/f_cosmology_lisa.py S6: f_DM = 1.0e-11 .. 1.9e-9		added 2026-09-24 (user: "is this detectable or not?", "lets compute"; F cosmology analysis); anchors re-cut 2026-09-24 (feedback edits)
clmDetLrdFracHi	2\times10^{-9}	2e-09		manual			on $\clmDetLrdFracLo$--$2\times10^{-9}$ of the dar	grteclyn-wrapper/scripts/analysis/merger_feedback/f_cosmology_lisa.py S6 (same)		added 2026-09-24 (user: "is this detectable or not?", "lets compute"; F cosmology analysis); anchors re-cut 2026-09-24 (feedback edits)
clmDetLrdBurstsLo	0.06	0.06		auto	detector_bursts	{"n": 3.4e-05}	ter, and LISA would record $0.06$--$\clmDetLrdBurs	arithmetic: the summed LRD densities (plot_heavy_seeds.LRD_DENSITY) x 4 pi D_c(20)^2 c T	2026-09-26	auto since 2026-09-25 (was typed in from f_cosmology_lisa.py's printout)
clmDetLrdBurstsHi	0.1	0.1		auto	detector_bursts	{"n": 6.2e-05}	cord $\clmDetLrdBurstsLo$--$0.1$ such bursts in f	arithmetic: the summed LRD densities (plot_heavy_seeds.LRD_DENSITY) x 4 pi D_c(20)^2 c T (0.115)	2026-09-26	auto since 2026-09-25 (was typed in from f_cosmology_lisa.py's printout)
clmInfDcGpc	11	11		auto	detector_stall	{"what": "dc_gpc"}		arithmetic: comoving distance to z_emit = 20 in the flat LCDM of plot_heavy_seeds (H0 = 67.7, Omega_m = 0.31); analysis/inflating_population.py	2026-09-26	10.97; no longer quoted in research.tex (2026-09-26 referee fixes); row kept for provenance; no longer quoted in research.tex (2026-09-26 referee fixes); row kept for provenance
clmInfStallLo	2.6\times10^{-4}	0.00026	rel:0.03	auto	detector_stall	{"what": "vmax", "n_exp": -2}		arithmetic: (3/(4 pi n))^(1/3) / D_c(20) at n = 10^-2 Mpc^-3 (clmDetNMax); analysis/inflating_population.py	2026-09-26	2.625e-4: the tighter (high-abundance) end of the percolation bound; no longer quoted in research.tex (2026-09-26 referee fixes); row kept for provenance; no longer quoted in research.tex (2026-09-26 referee fixes); row kept for provenance
clmInfStallHi	1.2\times10^{-3}	0.0012	rel:0.03	auto	detector_stall	{"what": "vmax", "n_exp": -4}		as clmInfStallLo at n = 10^-4 Mpc^-3 (clmDetNMin)	2026-09-26	1.218e-3: the loosest end; no longer quoted in research.tex (2026-09-26 referee fixes); row kept for provenance; no longer quoted in research.tex (2026-09-26 referee fixes); row kept for provenance
clmInfStallFactor	270	270	rel:0.01	auto	expr	{"formula": "v/b", "v": {"fn": "single_f4_pop", "what": "speed"}, "b": {"fn": "detector_stall", "what": "vmax", "n_exp": -4}}		arithmetic: the recorded boundary speed over the loosest percolation bound; analysis/inflating_population.py	2026-09-26	269.4; no longer quoted in research.tex (2026-09-26 referee fixes); row kept for provenance; no longer quoted in research.tex (2026-09-26 referee fixes); row kept for provenance
clmInfEfoldsNeeded	60	60		lit			sim}60$ of cosmic inflation	Liddle & Leach, PRD 68, 103503 (2003) [liddle2003], abstract: 'a plausible upper limit on that number for the standard cosmology which is around 60, with the expectation that the actual value will be up to 10 below this'		the conventional requirement, quoted at its upper edge
clmDetOrbitPeriodLo	75	75		auto	detector_pull_period	{"delta": 0}	has period $P\approx75$--	Eq. (force): omega^2 = 2(1+Q) m/[d (d+delta)^2], Q = 5 (single_drainhole), d = 12, m = 1 (claims/extract_detector.detector_pull_period); delta = 0, the pure inverse square (six times gravity)	2026-09-26	75.40; added 2026-09-26 (referee fixes: the pull's period replaces the vacuum ISCO period 184.7)
clmDetOrbitPeriodHi	93	92.76		auto	detector_pull_period	{"delta": "max"}	--$93$. No pair starts quiet	Eq. (force): omega^2 = 2(1+Q) m/[d (d+delta)^2], Q = 5 (single_drainhole), d = 12, m = 1 (claims/extract_detector.detector_pull_period); delta = single_offset_delta(max) on the matched ladder	2026-09-26	2026-10-06 validation A31: delta from the matched ladder (2.76), was the superposed 3.78 (P 99.2, printed 100); 99.15 at the fitted delta_max; the text's delta = 4 gives 100.5; tol rel:0.02 -- round-number range end; added 2026-09-26
clmDetEffSeedOrder	10^{-3}	-3	abs:0.5	manual	detector_log10	{"of": {"fn": "detector_mouth_seed", "arm": "flyby"}}		log10 of clmDetEffSeed: the fly-by mouth fit's t = 0 amplitude (plot_mouth_growth._tau)	2026-09-26	log10 compared: -3.15 (7.06e-4); replaces the quoted 7e-4, which carries the placement caveat of Sec. spiral:inspiral; added 2026-09-26; no longer quoted in research.tex (2026-09-26 referee fixes); row kept for provenance; frozen 2026-10-02: source run ARCHIVED out of the pack (00_archive, superseded superposed/Bowen-York data); value measured before archiving, re-measure on the csm/lbf rerun
clmDetLifePeriodsLo	1.9	1.906		auto	detector_life_periods	{"log10_eps": -15, "tau": "iso_lo", "delta": "max"}	buys only $1.9$--	tau ln(1e15) / P: the level-4 isolated clock (single_plateau) over the longer pull period (detector_pull_period, matched delta_max)	2026-09-26	2026-10-06 validation A31: matched delta, was 1.8; 1.832; added 2026-09-26
clmDetLifePeriodsHi	2.4	2.395		auto	detector_life_periods	{"log10_eps": -15, "tau": "iso_hi", "delta": 0}	--$2.4$ periods	tau ln(1e15) / P: the level-3 isolated clock (5.875) over the shorter pull period (delta = 0, 75.4)	2026-09-26	2.691; added 2026-09-26
clmDetDecadeUnitsLo	12	12		auto	detector_clock_units	{"tau": "iso_lo", "factor": 10}	\tau\ln10\approx12$ units	tau ln 10, tau = the level-4 isolated clock (single_plateau)	2026-09-26	12.11; added 2026-09-26
clmDetDecadeUnitsHi	12	12		auto	detector_clock_units	{"tau": "iso_hi", "factor": 10}		tau ln 10, tau = the level-3 isolated clock (single_plateau)	2026-09-26	unquoted since 2026-10-06: tau ln10 at both small-amplitude e-folds rounds to 12 (clmDetDecadeUnitsLo)
clmDetLumDist	230	230		auto	detector_lum_dist_gpc	{}	{\approx}230$~Gpc	(1 + z_emit) x the comoving distance to z_emit = 20 in the flat LCDM of plot_heavy_seeds (H0 = 67.7, Omega_m = 0.31)	2026-09-26	230.4; added 2026-09-26
clmDetReentryTime	1	1		lit			$t\sim1$~s for	Carr, Kohri, Sendouda & Yokoyama, Rep. Prog. Phys. 84, 116902 (2021) [carr2021], Sec. 1, Eq. (1): M ~ c^3 t/G ~ 10^15 (t/10^-23 s) g, 'roughly the Hubble mass at time t'; 'those formed at 1 s would be as large as 10^5 Msun' (also Nakama, Carr & Silk 2018, Sec. I: ~10^5 (t/s) Msun)		added 2026-09-26 (referee fixes: bubbles and domain walls form wormholes at re-entry)
clmDetReentryZLo	10^{9}	1e9		lit			($z\sim10^{9}$--	1 + z = (g_*s/3.91)^(1/3) T/T_0 at t ~ 1 s: T ~ 0.86 MeV (t = 0.74 s (MeV/T)^2 at g_* = 10.75), T_0 = 2.35e-4 eV -> 1 + z ~ 5e9 (4e9 at T = 1 MeV without the g_*s factor)		added 2026-09-26
clmDetReentryZHi	10^{10}	1e10		lit			--$10^{10}$), where these	as clmDetReentryZLo		added 2026-09-26
clmDetCompanionLifeLo	28	28		auto	detector_clock_units	{"tau": "iso_lo", "factor": 250}	\approx28$--	tau ln(1/0.004): the companion compression at d = 12 (clmRaceKickTwelve) as the seed	2026-10-05	added 2026-10-05 (superposed effective-seed rows retired)
clmDetCompanionLifeHi	29	29		auto	detector_clock_units	{"tau": "iso_hi", "factor": 250}	--$29$ units	tau ln(1/0.004), level-3 isolated clock	2026-10-05	added 2026-10-05
clmNormPitShare	99.99	99.99		manual			carry $99.99\%$ of a needle	GPU_PLAN 2026-09-29 (verification B, check_flyby_d12_p025_lbf_csm_t020): four level-0 cells next to the pits carry 99.99 % of the norm 0.92 at t = 20; masked, 2.4-2.7e-3	2026-10-05	STATUS Traps: the constraint norm is level 0 only
clmDetRunsConvergence	6	6		auto	detector_table1_runs	{"group": "convergence, mode 3"}	& 6 & \ref{app:health}	claims/table1_groups.tsv + the pack: CONV-fz lvl5, FARZONE-ho, the sigma 0.3 head-on test, CONV-csm, CONV-csm-w, CONV-fz lvl7	2026-10-08	2026-10-08: CONV-fz lvl7 packed and listed in table1_groups.tsv, the in-flight constant dropped; added 2026-10-08: +1 / +30.31 h: CONV-fz lvl7 (farzone_headon_flip_d8_L512_lvl7_t100_csm), live at the count (t = 68.3 at 05:45 UTC 10-08, launched 07:34 UTC 10-07, 3.9 u/h, t = 100 ~13:55 UTC: 22.18 h done + 8.13 h to go); when it is packed and listed in table1_groups.tsv this row double-counts it and the check fails: drop the constant then
clmDetKnobConvArmLevel	4	4		def	param	{"run": "v2_spiral_d12_p012_L128_lvl4from0_t100_csm", "key": "max_level"}	$d{=}12$ arm at level 4,	campaign/08_convergence/v2_spiral_d12_p012_L128_lvl4from0_t100_csm/evolution_params.txt: max_level	2026-10-08	added 2026-10-08: Table III's convergence row
