# Claims ledger, area 'waves': Sec. Gravitational waves (collapsing throat, head-on ringdown, spiral burst, fly-by burst, vacuum twin, scalar channel, horizon censorship) and every re-quote of its numbers.
# Extractors: claims/extract_waves.py (the wave figures' own code). Columns and rules: claims.py --help.
id	tex	num	tol	status	extractor	args	anchors	source	checked	note
clmGwPeakFlyby	4.1\times10^{-2}	4.1e-2		manual	waves_peak	{"scenario": "fly-by"}	is $4.1\times10^{-2}$ for the fly-by	plot_psi4_gallery.ARMS (the scenario table both wave figures share): campaign/06_binary_flyby/p045/merge_orbit_flip_d12_p045_L128_lvl5_t100/Weyl4_mode_22.dat, R=20, gate t<=70	2026-09-26	peak |r Psi4^22| at t=54.46; frozen 2026-10-02: source run ARCHIVED out of the pack (00_archive, superseded superposed/Bowen-York data); value measured before archiving, re-measure on the csm/lbf rerun
clmGwPeakSpiral	2.9\times10^{-2}	2.9e-2		manual	waves_peak	{"scenario": "spiral"}	, $2.9\times10^{-2}$ for the || =2.9\times10^{-2}$ and folds	plot_psi4_gallery.ARMS (the scenario table both wave figures share): campaign/05_binary_spiral/p012_paper/v2_spiral_d12_p012_L128_SERIES/Weyl4_mode_22.dat, R=20 (t>57 carried by the freeze arm)	2026-09-26	peak |r Psi4^22| at t=62.14; frozen 2026-10-02: source run ARCHIVED out of the pack (00_archive, superseded superposed/Bowen-York data); value measured before archiving, re-measure on the csm/lbf rerun
clmGwPeakHeadon	2.4\times10^{-2}	2.4e-2		auto	waves_peak	{"scenario": "head-on"}	, $2.4\times10^{-2}$ for the	plot_psi4_gallery.ARMS (the scenario table both wave figures share): campaign/04_binary_headon/merge_headon_flip_d8_v1c_latefreeze_t100/psi4_mode_l2m0.dat, R=10	2026-09-30	2026-09-30: re-measured on the mode-3 head-on chain (SERIES stream, M_ADM 2.3573, ARMS gate t=76)
clmGwPeakTwin	1.1\times10^{-2}	1.1e-2		auto	waves_peak	{"scenario": "vacuum BBH twin"}	, $1.1\times10^{-2}$ for the	plot_psi4_gallery.ARMS (the scenario table both wave figures share): campaign/07_bbh_control/bbh_control_d12_p012_t150/psi4_mode_l2_all.dat, m=2, R=14	2026-09-26	1.077e-2
clmGwPeakThroat	2.9\times10^{-3}	2.9e-3		auto	waves_peak	{"scenario": "collapsing throat"}	and $2.9\times10^{-3}$ for the || \Psi_4|=2.9\times10^{-3}$, $	plot_psi4_gallery.ARMS (the scenario table both wave figures share): campaign/01_single_throat/seed/single_eps_p1e2_q5e2_ml4_t100/psi4_mode_l2m0_gated.dat, R=10, gate t<=70	2026-09-26	
clmGwPeakFallHeadon	22	22		auto	waves_peak_fall	{"scenario": "head-on"}	by $22\%$ on the head-on and	plot_psi4_gallery.ARMS (the scenario table both wave figures share) head-on row, R=10 vs R=18	2026-09-30	100(1 - peak_R18/peak_R10) = 20.0; 2026-09-30: re-measured on the mode-3 head-on chain (SERIES stream, M_ADM 2.3573, ARMS gate t=76)
clmGwPeakFallFlyby	40	40	rel:0.05	manual	waves_peak_fall	{"scenario": "fly-by"}	on and $40\%$ on the fly-by,	plot_psi4_gallery.ARMS (the scenario table both wave figures share) fly-by row, R=20 vs R=44, each over the common retarded window u <= 70-20	2026-09-26	39.5: the gate applied in RETARDED time (plot_psi4_ligo's convention); with the coordinate gate t<=70 the R=44 burst (peak t=76.7) is cut and the fall reads 45.6. tol rel:0.05 -- round number; frozen 2026-10-02: source run ARCHIVED out of the pack (00_archive, superseded superposed/Bowen-York data); value measured before archiving, re-measure on the csm/lbf rerun
clmGwEnergyFlybyLo	4.2	4.2e-2		manual	waves_energy	{"scenario": "fly-by", "which": "lo"}	radiates $4.2\times	plot_psi4_ligo.prepare (band integral, +-m doubled, common retarded window): fly-by, lowest sphere	2026-09-26	E_lo/M = 4.226e-2 (R=28/36/44 side); frozen 2026-10-02: source run ARCHIVED out of the pack (00_archive, superseded superposed/Bowen-York data); value measured before archiving, re-measure on the csm/lbf rerun
clmGwEnergyFlybyHi	7.4	7.4e-2		manual	waves_energy	{"scenario": "fly-by", "which": "hi"}	sphere ($7.4\times	plot_psi4_ligo.prepare (band integral, +-m doubled, common retarded window): fly-by, highest sphere (= the innermost R=20)	2026-09-26	E_hi/M = 7.412e-2; frozen 2026-10-02: source run ARCHIVED out of the pack (00_archive, superseded superposed/Bowen-York data); value measured before archiving, re-measure on the csm/lbf rerun
clmGwEnergyFlyby	7.4\times10^{-2}	7.4e-2		manual	waves_energy	{"scenario": "fly-by", "which": "E"}	thing, add up to $7.4\times10^{-2}\,M$ each || sphere ($7.4\times10^{-2}$ at t	plot_psi4_ligo.prepare (band integral, +-m doubled, common retarded window): fly-by at the innermost sphere R=20	2026-09-26	7.412e-2: the fly-by end of the E/M range in Fig. heavy_seeds and Sec. discussion:seeds (the section itself prints it as the 7.4 of (4.2--7.4)e-2, clmGwEnergyFlybyHi); re-quote(s) anchored by detector:clmDetEFlyby; also quoted in the detector/discussion sections (merged from clmDetEFlyby, 2026-09-24); frozen 2026-10-02: source run ARCHIVED out of the pack (00_archive, superseded superposed/Bowen-York data); value measured before archiving, re-measure on the csm/lbf rerun
clmGwEnergyFlybyLoAbs	4	4e-2		manual	waves_energy	{"scenario": "fly-by", "which": "lo"}		plot_psi4_ligo.prepare (band integral, +-m doubled, common retarded window): fly-by, lowest sphere (abstract, rounded)	2026-09-26	4.226e-2; no longer quoted in research.tex (2026-09-26 referee fixes); row kept for provenance; frozen 2026-10-02: source run ARCHIVED out of the pack (00_archive, superseded superposed/Bowen-York data); value measured before archiving, re-measure on the csm/lbf rerun
clmGwEnergyFlybyHiAbs	7	7e-2		manual	waves_energy	{"scenario": "fly-by", "which": "hi"}		plot_psi4_ligo.prepare (band integral, +-m doubled, common retarded window): fly-by, highest sphere (abstract, rounded)	2026-09-26	7.412e-2; no longer quoted in research.tex (2026-09-26 referee fixes); row kept for provenance; frozen 2026-10-02: source run ARCHIVED out of the pack (00_archive, superseded superposed/Bowen-York data); value measured before archiving, re-measure on the csm/lbf rerun
clmGwEnergySpiral	2.2\times10^{-2}	2.2e-2		manual	waves_energy	{"scenario": "spiral", "which": "E"}	on$ (head-on) to $2.2\times10^{-2}$ (spiral) || al up to $2.2\times10^{-2}\,M$. || , spiral $2.2\times10^{-2}\,M$ (	plot_psi4_ligo.prepare (band integral, +-m doubled, common retarded window): spiral at R=20 (its highest sphere)	2026-09-26	2.197e-2; re-quote(s) anchored by detector:clmDetESpiral; also quoted in the detector/discussion sections (merged from clmDetESpiral, 2026-09-24); frozen 2026-10-02: source run ARCHIVED out of the pack (00_archive, superseded superposed/Bowen-York data); value measured before archiving, re-measure on the csm/lbf rerun
clmGwEnergyTwin	2.6\times10^{-3}	2.6e-3		auto	waves_energy	{"scenario": "vacuum BBH twin", "which": "E"}	vacuum control $2.6\times10^{-3}\,M$ || radiates $2.6\times10^{-3}\,M$ (	plot_psi4_ligo.prepare (band integral, +-m doubled, common retarded window): vacuum BBH twin (p=0.12) at R=14	2026-09-26	2.578e-3; re-quote(s) anchored by detector:clmDetETwin; also quoted in the detector/discussion sections (merged from clmDetETwin, 2026-09-24)
clmGwEnergyThroat	2.6\times10^{-5}	2.6e-5		auto	waves_energy	{"scenario": "collapsing throat", "which": "E"}	carrying $2.6\times10^{-5}\, || collapsing throat $2.6\times10^{-5}\,M$ || ing only $2.6\times10^{-5}\,M$ (	plot_psi4_ligo.prepare (band integral, +-m doubled, common retarded window): collapsing throat at R=10 (gated stream), closed at t=58 (plot_psi4_ligo.ENERGY_ON_DRAWN = the gallery's DRAW_GATES end)	2026-09-26	2.581e-5 (M = 1, the lone throat), t <= 58 at R=10; was 3.224e-5 to the ARMS gate t=70, which integrated the numerical floor (referee 2026-09-26); re-quote(s) anchored by detector:clmDetEThroat; also quoted in the detector/discussion sections (merged from clmDetEThroat, 2026-09-24)
clmGwEnergyThroatRound	3\times10^{-5}	3e-5		auto	waves_energy	{"scenario": "collapsing throat", "which": "E"}		plot_psi4_ligo.prepare (band integral, +-m doubled, common retarded window): collapsing throat (Discussion, rounded), closed at t=58	2026-09-26	2.581e-5: printed number unchanged (was 3.224e-5 to t=70); anchors re-cut 2026-09-24 (feedback edits); no longer quoted in research.tex (2026-09-26 referee fixes: the Discussion quotes clmGwEnergyThroat); row kept for provenance
clmGwSpreadFlyby	43	43		manual	waves_energy	{"scenario": "fly-by", "which": "spread"}	by $43\%$, the widest). Open	plot_psi4_ligo.prepare (band integral, +-m doubled, common retarded window): fly-by, 100 (E_hi - E_lo)/E over the spheres	2026-09-26	42.99; widest of the five; re-quote(s) anchored by detector:clmDetEFlybySpread; also quoted in the detector/discussion sections (merged from clmDetEFlybySpread, 2026-09-24); frozen 2026-10-02: source run ARCHIVED out of the pack (00_archive, superseded superposed/Bowen-York data); value measured before archiving, re-measure on the csm/lbf rerun
clmGwEnergyRatioFlybyLo	16	16		manual	expr	{"formula": "a/b", "a": {"fn": "waves_energy", "scenario": "fly-by", "which": "lo"}, "b": {"fn": "waves_energy", "scenario": "vacuum BBH twin", "which": "E"}}		plot_psi4_ligo.prepare (band integral, +-m doubled, common retarded window): fly-by E_lo over the vacuum twin's E	2026-09-26	16.39; no longer quoted in research.tex (2026-09-26 referee fixes); row kept for provenance; no longer quoted in research.tex (2026-09-26 referee fixes); row kept for provenance; frozen 2026-10-02: source run ARCHIVED out of the pack (00_archive, superseded superposed/Bowen-York data); value measured before archiving, re-measure on the csm/lbf rerun
clmGwEnergyRatioFlybyHi	29	29		manual	expr	{"formula": "a/b", "a": {"fn": "waves_energy", "scenario": "fly-by", "which": "hi"}, "b": {"fn": "waves_energy", "scenario": "vacuum BBH twin", "which": "E"}}		plot_psi4_ligo.prepare (band integral, +-m doubled, common retarded window): fly-by E_hi over the vacuum twin's E	2026-09-26	28.75; no longer quoted in research.tex (2026-09-26 referee fixes); row kept for provenance; no longer quoted in research.tex (2026-09-26 referee fixes); row kept for provenance; frozen 2026-10-02: source run ARCHIVED out of the pack (00_archive, superseded superposed/Bowen-York data); value measured before archiving, re-measure on the csm/lbf rerun
clmGwEnergyRatioSpiral	8.5	8.5		manual	expr	{"formula": "a/b", "a": {"fn": "waves_energy", "scenario": "spiral", "which": "E"}, "b": {"fn": "waves_energy", "scenario": "vacuum BBH twin", "which": "E"}}	ry}(c)), $8.5\times	plot_psi4_ligo.prepare (band integral, +-m doubled, common retarded window): spiral E over the vacuum twin's E	2026-09-26	8.52; frozen 2026-10-02: source run ARCHIVED out of the pack (00_archive, superseded superposed/Bowen-York data); value measured before archiving, re-measure on the csm/lbf rerun
clmGwVacPassSep	12	12		def	expr	{"formula": "a-b", "a": {"fn": "param", "run": "bbh_control_d12_p045_t100", "key": "bh2.offset", "index": 0}, "b": {"fn": "param", "run": "bbh_control_d12_p045_t100", "key": "bh1.offset", "index": 0}}	vacuum binary at $d=12$, $p=	campaign/07_bbh_control/bbh_control_d12_p045_t100/evolution_params.txt: bh2.offset - bh1.offset	2026-09-26	the momentum-matched vacuum control
clmGwVacPassMom	0.45	0.45		def	param	{"run": "bbh_control_d12_p045_t100", "key": "bh1.momentum", "index": 1}	0.45$. In vacuum that momentum	campaign/07_bbh_control/bbh_control_d12_p045_t100/evolution_params.txt: bh1.momentum (y)	2026-09-26	
clmGwVacPassCirc	0.204	0.204		auto	waves_newtonian_momentum	{"run": "bbh_control_d12_p045_t100", "kind": "circular"}	(circular $0.204$, parabolic	Newtonian circular momentum per body, equal unit masses at the separation of bbh_control_d12_p045_t100	2026-09-26	p = (m/2) sqrt(2m/d), m = per-hole ADM mass 1 (plot_psi4_ligo M_CODE: bare 0.9615 -> ADM ~1.00)
clmGwVacPassPar	0.289	0.289		auto	waves_newtonian_momentum	{"run": "bbh_control_d12_p045_t100", "kind": "parabolic"}	$0.289$), so the black holes	Newtonian parabolic (escape) momentum per body at the separation of bbh_control_d12_p045_t100	2026-09-26	p = (m/2) sqrt(4m/d), m = 1
clmGwEnergyVacPass	1.05\times10^{-3}	1.05e-3		auto	waves_energy_run	{"run": "bbh_control_d12_p045_t100", "file": "psi4_mode_l2_all.dat", "R": 30, "m": 2, "M": 2.0}	1.05\times10^{-3}\,M$ in a single cycle	campaign/07_bbh_control/bbh_control_d12_p045_t100/psi4_mode_l2_all.dat, (2,2) at R=30, M=2, psi4_ligo's band integral (plot_psi4_gallery ARMS comment)	2026-09-26	1.049e-3; R=14 is excluded: the receding punctures sweep past it
clmGwVacPassRatioLo	40	40	rel:0.05	manual	expr	{"formula": "a/b", "a": {"fn": "waves_energy", "scenario": "fly-by", "which": "lo"}, "b": {"fn": "waves_energy_run", "run": "bbh_control_d12_p045_t100", "file": "psi4_mode_l2_all.dat", "R": 30, "m": 2, "M": 2.0}}	its own parameters by $40$-- || parameters by $40$--$	fly-by E_lo (plot_psi4_ligo) over the p=0.45 vacuum control's E	2026-09-26	40.28; tol rel:0.05 -- round-number range end; frozen 2026-10-02: source run ARCHIVED out of the pack (00_archive, superseded superposed/Bowen-York data); value measured before archiving, re-measure on the csm/lbf rerun
clmGwVacPassRatioHi	70	70	rel:0.05	manual	expr	{"formula": "a/b", "a": {"fn": "waves_energy", "scenario": "fly-by", "which": "hi"}, "b": {"fn": "waves_energy_run", "run": "bbh_control_d12_p045_t100", "file": "psi4_mode_l2_all.dat", "R": 30, "m": 2, "M": 2.0}}	$--$70\times$. || by $\clmGwVacPassRatioLo$--$70\times$.	fly-by E_hi (plot_psi4_ligo) over the p=0.45 vacuum control's E	2026-09-26	70.65 (rounds to 71 at two figures); tol rel:0.05 -- round-number range end; frozen 2026-10-02: source run ARCHIVED out of the pack (00_archive, superseded superposed/Bowen-York data); value measured before archiving, re-measure on the csm/lbf rerun
clmGwPeakVacPass	9.0\times10^{-3}	9.0e-3		auto	waves_overlay_peak	{"scenario": "fly-by"}	peak $|r\Psi_4|=9.0\times10^{-3}$ at the fly-by's	plot_psi4_gallery.VACUUM_OVERLAY: campaign/07_bbh_control/bbh_control_d12_p045_t100/weyl_extraction_mode_22.dat (the in-code extraction), (2,2) at R=20, the fly-by row's drawn window t-R<=50	2026-09-26	9.044e-3 at t-R=3.5; added 2026-09-25 (the user: draw the BBH fly-by's signal on Fig. 11 for comparison)
clmGwVacPassPeakRatio	4.5	4.5		manual	expr	{"formula": "a/b", "a": {"fn": "waves_peak", "scenario": "fly-by"}, "b": {"fn": "waves_overlay_peak", "scenario": "fly-by"}}	sphere, $4.5\times$ below the fly-by's	fly-by peak |r Psi4^22| at R=20 (gallery gate) over the p=0.45 vacuum control's at the same sphere and window	2026-09-26	4.549; frozen 2026-10-02: source run ARCHIVED out of the pack (00_archive, superseded superposed/Bowen-York data); value measured before archiving, re-measure on the csm/lbf rerun
clmGwGateThroat	70	70		def	waves_arms_gate	{"scenario": "collapsing throat"}		plot_psi4_gallery.ARMS collapsing-throat t_max (QUEUE2E_GATES junk cut, R=10 at t=70)	2026-09-26	no longer quoted in research.tex (2026-09-24 feedback edits); row kept for provenance
clmGwFreezeStart	57	57		manual	param	{"run": "v2_spiral_d12_p012_L128_lvl5_t100_freeze_r05700", "key": "core_fill_from_time"}	, carried from $t=57$ by the || e's light cone $t=57+(R-\clmG	campaign/05_binary_spiral/p012_paper/v2_spiral_d12_p012_L128_lvl5_t100_freeze_r05700/evolution_params.txt: core_fill_from_time (restart from Chk05700)	2026-09-26	also quoted in the detector/discussion sections (merged from clmDetFreezeStart, 2026-09-24); anchors re-cut 2026-09-24 (feedback edits); anchors re-cut 2026-09-28 (figure merge/wipe); frozen 2026-10-02: source run ARCHIVED out of the pack (00_archive, superseded superposed/Bowen-York data); value measured before archiving, re-measure on the csm/lbf rerun
clmGwFlybyEnd	100	100		manual	last_time	{"run": "merge_orbit_flip_d12_p045_L128_lvl5_t100", "file": "Weyl4_mode_22.dat"}	complete to $t=100$, at	campaign/06_binary_flyby/p045/merge_orbit_flip_d12_p045_L128_lvl5_t100/Weyl4_mode_22.dat: last time	2026-09-26	no NaN in the record; anchors re-cut 2026-09-24 (feedback edits); frozen 2026-10-02: source run ARCHIVED out of the pack (00_archive, superseded superposed/Bowen-York data); value measured before archiving, re-measure on the csm/lbf rerun
clmGwSpeedTwinPeak	0.57	0.57		auto	waves_peak_speed	{"scenario": "vacuum BBH twin"}	which reads $0.57c$ on it	plot_psi4_gallery.ARMS (the scenario table both wave figures share): vacuum twin, peak timing R=14 -> R=30	2026-09-26	16/(117-89) = 0.571
clmGwSpeedTwin	0.82	0.82		auto	waves_speed	{"scenario": "vacuum BBH twin", "pair": 0}	the $0.82c$ of its whole	plot_psi4_gallery.ARMS (the scenario table both wave figures share) + psi4_math.wavefront_speeds_xcorr: vacuum twin R=14 -> 30	2026-09-26	0.8248
clmGwSpeedThroatA	0.94	0.94		auto	waves_speed	{"scenario": "collapsing throat", "pair": 0}	Speeds: throat $0.94/	plot_psi4_gallery.ARMS (the scenario table both wave figures share) + wavefront_speeds_xcorr: collapsing throat, pair 0 of R=10/14/18/22	2026-09-26	0.9142; 2026-09-24: recomputed through the gallery's drawing gates (plot_psi4_gallery.drawn; E_waves audit); anchors re-cut 2026-09-24 (feedback edits)
clmGwSpeedThroatB	0.97	0.97		auto	waves_speed	{"scenario": "collapsing throat", "pair": 1}	oat $\clmGwSpeedThroatA/0.97/\clmGwSpeed	plot_psi4_gallery.ARMS (the scenario table both wave figures share) + wavefront_speeds_xcorr: collapsing throat, pair 1 of R=10/14/18/22	2026-09-26	0.9450 (rounds up by 5e-5); 2026-09-24: recomputed through the gallery's drawing gates (plot_psi4_gallery.drawn; E_waves audit); anchors re-cut 2026-09-24 (feedback edits)
clmGwSpeedThroatC	0.95	0.95		auto	waves_speed	{"scenario": "collapsing throat", "pair": 2}	oatA/\clmGwSpeedThroatB/0.95$, head-on $	plot_psi4_gallery.ARMS (the scenario table both wave figures share) + wavefront_speeds_xcorr: collapsing throat, pair 2 of R=10/14/18/22	2026-09-26	0.9789; 2026-09-24: recomputed through the gallery's drawing gates (plot_psi4_gallery.drawn; E_waves audit); anchors re-cut 2026-09-24 (feedback edits)
clmGwSpeedHeadonA	0.94	0.94		auto	waves_speed	{"scenario": "head-on", "pair": 0}	$, head-on $0.94/	plot_psi4_gallery.ARMS (the scenario table both wave figures share) + wavefront_speeds_xcorr: head-on, pair 0 of R=10/20/36/44	2026-09-30	0.9637; 2026-09-30: re-measured on the mode-3 head-on chain (SERIES stream, M_ADM 2.3573, ARMS gate t=76)
clmGwSpeedHeadonB	0.88	0.88		auto	waves_speed	{"scenario": "head-on", "pair": 1}	/0.88/\clmGwSpeedHeadonC$, spi	plot_psi4_gallery.ARMS (the scenario table both wave figures share) + wavefront_speeds_xcorr: head-on, pair 1 of R=10/20/36/44	2026-09-30	0.8984; 2026-09-30: re-measured on the mode-3 head-on chain (SERIES stream, M_ADM 2.3573, ARMS gate t=76)
clmGwSpeedHeadonC	0.95	0.95		auto	waves_speed	{"scenario": "head-on", "pair": 2}	HeadonB/0.95$, spi	plot_psi4_gallery.ARMS (the scenario table both wave figures share) + wavefront_speeds_xcorr: head-on, pair 2 of R=10/20/36/44	2026-09-30	new 2026-09-30: the mode-3 chain's in-code stream carries four spheres, so the caption quotes three speeds
clmGwSpeedSpiralA	1.00	1.00		manual	waves_speed	{"scenario": "spiral", "pair": 0}	wSpeedHeadonC$, spiral $1.00/\clmGwSpeed || piralRadiusOut$ at $v/c=1.00/\clmGwSpeed	plot_psi4_gallery.ARMS (the scenario table both wave figures share) + wavefront_speeds_xcorr: spiral, pair 0 of R=20/28/36/44	2026-09-26	0.9453; 2026-09-24: recomputed through the gallery's drawing gates (plot_psi4_gallery.drawn; E_waves audit); anchors re-cut 2026-09-24 (feedback edits); frozen 2026-10-02: source run ARCHIVED out of the pack (00_archive, superseded superposed/Bowen-York data); value measured before archiving, re-measure on the csm/lbf rerun
clmGwSpeedSpiralB	1.00	1.00		manual	waves_speed	{"scenario": "spiral", "pair": 1}	ral $\clmGwSpeedSpiralA/1.00/\clmGwSpeed || $v/c=\clmGwSpeedSpiralA/1.00/\clmGwSpeed	plot_psi4_gallery.ARMS (the scenario table both wave figures share) + wavefront_speeds_xcorr: spiral, pair 1 of R=20/28/36/44	2026-09-26	0.9997; anchors re-cut 2026-09-24 (feedback edits); frozen 2026-10-02: source run ARCHIVED out of the pack (00_archive, superseded superposed/Bowen-York data); value measured before archiving, re-measure on the csm/lbf rerun
clmGwSpeedSpiralC	1.00	1.00		manual	waves_speed	{"scenario": "spiral", "pair": 2}	ralA/\clmGwSpeedSpiralB/1.00$, fly-by $\ || ralA/\clmGwSpeedSpiralB/1.00$. The burst	plot_psi4_gallery.ARMS (the scenario table both wave figures share) + wavefront_speeds_xcorr: spiral, pair 2 of R=20/28/36/44	2026-09-26	0.9996; anchors re-cut 2026-09-24 (feedback edits); frozen 2026-10-02: source run ARCHIVED out of the pack (00_archive, superseded superposed/Bowen-York data); value measured before archiving, re-measure on the csm/lbf rerun
clmGwSpeedFlybyA	1.00	1.00		manual	waves_speed	{"scenario": "fly-by", "pair": 0}	$, fly-by $1.00/	plot_psi4_gallery.ARMS (the scenario table both wave figures share) + wavefront_speeds_xcorr: fly-by, pair 0 of R=20/28/36/44	2026-09-26	1.0000; frozen 2026-10-02: source run ARCHIVED out of the pack (00_archive, superseded superposed/Bowen-York data); value measured before archiving, re-measure on the csm/lbf rerun
clmGwSpeedFlybyB	1.00	1.00		manual	waves_speed	{"scenario": "fly-by", "pair": 1}		plot_psi4_gallery.ARMS (the scenario table both wave figures share) + wavefront_speeds_xcorr: fly-by, pair 1 of R=20/28/36/44	2026-09-26	0.99997. UNANCHORED: the middle of '1.00/1.00/1.00' has no unique context that avoids its neighbours' numbers (both are anchored); left bare in the caption; frozen 2026-10-02: source run ARCHIVED out of the pack (00_archive, superseded superposed/Bowen-York data); value measured before archiving, re-measure on the csm/lbf rerun
clmGwSpeedFlybyC	1.00	1.00		manual	waves_speed	{"scenario": "fly-by", "pair": 2}	/1.00$.}	plot_psi4_gallery.ARMS (the scenario table both wave figures share) + wavefront_speeds_xcorr: fly-by, pair 2 of R=20/28/36/44	2026-09-26	1.0000; frozen 2026-10-02: source run ARCHIVED out of the pack (00_archive, superseded superposed/Bowen-York data); value measured before archiving, re-measure on the csm/lbf rerun
clmGwLigoMass	30	30		def	waves_figure_const	{"module": "plot_psi4_ligo", "name": "MASS_MSUN"}	total mass $30\,M_\odot$ at $	plot_psi4_ligo.MASS_MSUN (the figure's calibration)	2026-09-26	
clmGwLigoDist	10	10		def	waves_figure_const	{"module": "plot_psi4_ligo", "name": "DIST_MPC"}	\,M_\odot$ at $10$ Mpc, each	plot_psi4_ligo.DIST_MPC	2026-09-26	
clmGwEnvPeakFlyby	8.2\times10^{-2}	8.2e-2		manual	waves_ligo_env_peak	{"scenario": "fly-by"}	($8.2\times10^{-2}$) to lone	plot_psi4_ligo panel (a): analytic-signal envelope |r Psi4| M, fly-by (M=2)	2026-09-26	8.227e-2; frozen 2026-10-02: source run ARCHIVED out of the pack (00_archive, superseded superposed/Bowen-York data); value measured before archiving, re-measure on the csm/lbf rerun
clmGwEnvPeakThroat	3.1\times10^{-3}	3.1e-3		auto	waves_ligo_env_peak	{"scenario": "collapsing throat"}	throat ($3.1\times10^{-3}$).	plot_psi4_ligo panel (a): collapsing throat (M=1)	2026-09-26	3.146e-3 (the Hilbert envelope of the real (2,0) record, above its sample peak 2.94e-3)
clmGwSlopeShallow	-3.4	-3.4		manual	expr	{"formula": "max(a,b,c,d,e)", "a": {"fn": "waves_ligo_slope", "scenario": "collapsing throat"}, "b": {"fn": "waves_ligo_slope", "scenario": "head-on"}, "c": {"fn": "waves_ligo_slope", "scenario": "spiral"}, "d": {"fn": "waves_ligo_slope", "scenario": "fly-by"}, "e": {"fn": "waves_ligo_slope", "scenario": "vacuum BBH twin"}}	power laws (slopes $-3.4$ to	plot_psi4_ligo panel (b): log slope of sqrt(S_h) from each record's corner to 5 kHz, shallowest of five	2026-09-26	2026-09-24 FINDINGS fix: -3.3525 (collapsing throat), as FIGURES.md records; frozen 2026-10-02: source run ARCHIVED out of the pack (00_archive, superseded superposed/Bowen-York data); value measured before archiving, re-measure on the csm/lbf rerun
clmGwSlopeSteep	-5.8	-5.8		manual	expr	{"formula": "min(a,b,c,d,e)", "a": {"fn": "waves_ligo_slope", "scenario": "collapsing throat"}, "b": {"fn": "waves_ligo_slope", "scenario": "head-on"}, "c": {"fn": "waves_ligo_slope", "scenario": "spiral"}, "d": {"fn": "waves_ligo_slope", "scenario": "fly-by"}, "e": {"fn": "waves_ligo_slope", "scenario": "vacuum BBH twin"}}	$ to $-5.8$) with no resolved	plot_psi4_ligo panel (b): steepest of five	2026-09-26	2026-09-24 FINDINGS fix: -5.8486 (vacuum twin); the old print rounded both ends outward; frozen 2026-10-02: source run ARCHIVED out of the pack (00_archive, superseded superposed/Bowen-York data); value measured before archiving, re-measure on the csm/lbf rerun
clmGwIscoHz	147	147		auto	waves_ligo_ref	{"which": "isco"}	to its ISCO at $147$ Hz. (c) || $147$ Hz) and the equal-mass	plot_psi4_ligo.f_isco_M() at 30 Msun: f = 6^-1.5/(pi M)	2026-09-26	146.5 Hz
clmGwKerrHz	599	599		auto	waves_ligo_ref	{"which": "qnm"}	mass Kerr ringdown ($599$ Hz	plot_psi4_ligo.f_qnm_M() at 30 Msun: Berti-Cardoso-Will l=m=2 fit at the equal-mass remnant (M_f = 0.9516 M, a_f = 0.6864; literature values in the script)	2026-09-26	598.9 Hz
clmGwTwinPeakFM	0.065	0.065		auto	waves_ligo_track	{"scenario": "vacuum BBH twin", "which": "fM_peak"}	=0.065$; no wormhole channel || 0.065$. At the spiral's sphere || The vacuum twin peaks at $fM=0.065$	plot_psi4_ligo panel (c): energy-weighted instantaneous f M of the vacuum twin at its envelope peak	2026-09-26	0.0654 (the band peak of panel a is 0.0664; the printed value is the instantaneous one); re-quote(s) anchored by detector:clmDetTwinPeakFM; also quoted in the detector/discussion sections (merged from clmDetTwinPeakFM, 2026-09-24)
clmGwLitHeadonInfall	5.5\times10^{-4}	5.5e-4		lit			nfinity, $5.5\times10^{-4}$~\cit	Witek et al., PRD 82, 104014 (2010) (ref. witek2010): '(0.055 +- 0.006)%' of the centre-of-mass energy for two black holes at rest at infinity, all multipoles (Sec. I, conclusions, D = 4 row of the summary table); value in plot_psi4_ligo.E_BBH_HEADON		the article cites no reference for it (caption of Fig. gw_ligo); 2026-09-26: verified; cited in the caption as witek2010 (Sperhake et al. PRL 2008 does not state it)
clmGwLitCircular	4.84\times10^{-2}	4.84e-2		lit			merger, $4.84\times10^{-2}$~\cit	Scheel et al., PRD 79, 024003 (2009) (ref. scheel2009): M_f = 0.95162(2) M with M the initial sum of Christodoulou masses, so 1 - M_f/M = 4.84e-2 is the budget from infinite separation (from their initial separation, M_ADM - M_f = 0.0408 M); plot_psi4_ligo.E_BBH_CIRCULAR/M_FINAL		the article cites no reference for it (caption of Fig. gw_ligo); 2026-09-26: verified; the caption now says 'from infinite separation'
clmGwSeedStrong	0.05	0.05		def	param	{"run": "single_eps_p1e2_q5e2_ml4_t100", "key": "wormhole_seed_l2_amplitude_A"}	=0.05$ quadrupole produces a || 0.05$. The pure quadrupole-- || , $0.05$ and the kick-free $	campaign/01_single_throat/seed/single_eps_p1e2_q5e2_ml4_t100/evolution_params.txt: wormhole_seed_l2_amplitude_A	2026-09-26	
clmGwThroatOverControl	44	44		auto	waves_q2e	{"gate": "floor_ratio", "control": "single_eps_p1e2_q1e2_ml4_scalar_t100"}	Throat$, $44\times	results/merger/analysis/queue2e_gates.py gate 5: max |r Psi4^20| at R=14 for t<=45, eps2=0.05 arm, over the MATCHED LEVEL-4 spherical control single_eps_p1e2_q1e2_ml4_scalar_t100 (+0.01 kick, level 4, no quadrupole: its binary main3d_boost_2026-09-08 ignores the l2 key, runs_index.tsv NOT APPLIED; plot_seed_linearity.CONTROL)	2026-09-26	44.4 (2.871e-3 over 6.463e-5); was 35.3 over the level-3 single_eps_p1e2_t100 (queue2e CONTROL; QUEUE2E_GATES.md still reads that one); the level-4 ratio at R=10 / 18 is 75 / 25
clmGwThroatSpeedLo	0.8	0.8		auto	waves_q2e	{"gate": "arrival_speed", "stat": "min"}	arrives in radius order at $0.8$	results/merger/analysis/queue2e_gates.py (campaign/01_single_throat/QUEUE2E_GATES.md) gate 1: threshold arrival (|r Psi4| > 2e-4) at R=10/14/18/22	2026-09-26	speeds 0.80/1.00/0.80 (lags quantised by the 1-unit cadence); the gallery's correlated lags for the same record read 0.91/0.95/0.98
clmGwThroatSpeedHi	1.0	1.0		auto	waves_q2e	{"gate": "arrival_speed", "stat": "max"}	1.0\,c$, carries the same $r	results/merger/analysis/queue2e_gates.py (campaign/01_single_throat/QUEUE2E_GATES.md) gate 1	2026-09-26	
clmGwThroatSphereSpread	7.2	7.2		auto	waves_q2e	{"gate": "peak_spread"}	7.2\%$, and is linear in the	results/merger/analysis/queue2e_gates.py (campaign/01_single_throat/QUEUE2E_GATES.md) gate 2: (max-min)/mean of the peak |r Psi4| over the four spheres, common retarded window u=0-39	2026-09-26	7.19
clmGwThroatFiveFold	4.85	4.85		auto	waves_q2e	{"gate": "eps_ratio"}	app:supp}): $4.85\times$ for	results/merger/analysis/queue2e_gates.py (campaign/01_single_throat/QUEUE2E_GATES.md) gate 3: mean peak ratio eps2=0.05 / eps2=0.01 over R=10/14/18/22, u=0-29	2026-09-26	4.854 (per sphere 4.87/5.52/4.62/4.41)
clmGwThroatSeedRatio	5	5		def	expr	{"formula": "a/b", "a": {"fn": "param", "run": "single_eps_p1e2_q5e2_ml4_t100", "key": "wormhole_seed_l2_amplitude_A"}, "b": {"fn": "param", "run": "single_eps_p1e2_q1e2_ml4_t100_r02500", "key": "wormhole_seed_l2_amplitude_A"}}	for a $5\times$ kick, ratios	ratio of wormhole_seed_l2_amplitude_A, eps2=0.05 arm over eps2=0.01 arm (evolution_params.txt)	2026-09-26	
clmGwHalvedRatioA	1.99	1.99		auto	waves_seed_ratio	{"R": 10, "num": 0.01, "den": 0.005}	\times$ kick, ratios $1.99/	plot_seed_linearity: rms Re Psi4^20 over t=30-50 at R=10, eps2=0.01 arm over eps2=0.005 arm	2026-09-26	1.987
clmGwHalvedRatioB	1.97	1.97		auto	waves_seed_ratio	{"R": 14, "num": 0.01, "den": 0.005}	/1.97/	plot_seed_linearity: rms Re Psi4^20 over t=30-50 at R=14, eps2=0.01 arm over eps2=0.005 arm	2026-09-26	1.965
clmGwHalvedRatioC	1.87	1.87		auto	waves_seed_ratio	{"R": 18, "num": 0.01, "den": 0.005}	/1.87$ at $R=	plot_seed_linearity: rms Re Psi4^20 over t=30-50 at R=18, eps2=0.01 arm over eps2=0.005 arm	2026-09-26	1.874
clmGwSeedRadiusC	18	18		def	param	{"run": "single_eps_p1e2_q5e3_ml4_t100", "key": "extraction_radii", "index": 2}	18$ for a halved seed, linear	campaign/01_single_throat/seed/single_eps_p1e2_q5e3_ml4_t100/evolution_params.txt: extraction_radii[2] (the consumer's spheres)	2026-09-26	10 and 14 of this list stay bare (no unique anchor avoids the neighbouring numbers)
clmGwLinDevLo	1	1		auto	waves_seed_lin_dev	{"stat": "min"}	halved seed, linear to $1$--	plot_seed_linearity: min over the eps2=0.005/0.05 arms and R=10/14/18 of |amp/(linear pred) - 1|, %	2026-09-26	0.67
clmGwLinDevHi	16	16		auto	waves_seed_lin_dev	{"stat": "max"}	16\%$ across $\varepsilon_2=	plot_seed_linearity: the max of the same (eps2=0.05 arm at R=10)	2026-09-26	15.6
clmGwSeedWeak	0.005	0.005		def	param	{"run": "single_eps_p1e2_q5e3_ml4_t100", "key": "wormhole_seed_l2_amplitude_A"}	$ across $\varepsilon_2=0.005$--$\clmGwSe || o read a ringdown; and $0.005$ halves the || its end: $\varepsilon_2=0.005$, $\clmGwSe	campaign/01_single_throat/seed/single_eps_p1e2_q5e3_ml4_t100/evolution_params.txt: wormhole_seed_l2_amplitude_A	2026-09-26	anchors re-cut 2026-09-24 (feedback edits)
clmGwSeedPure	0.01	0.01		def	param	{"run": "single_pureq_q1e2_ml4_t100", "key": "wormhole_seed_l2_amplitude_A"}	2=0.01$ with the radial kick || $0.01$ arm collapse onto one	campaign/01_single_throat/seed/single_pureq_q1e2_ml4_t100/evolution_params.txt: wormhole_seed_l2_amplitude_A (radial kick 0)	2026-09-26	
clmGwSeedKicked	0.01	0.01		def	param	{"run": "single_eps_p1e2_q1e2_ml4_t100_r02500", "key": "wormhole_seed_l2_amplitude_A"}	de grid: $\varepsilon_2=0.01$ matches th || ng$ was added when the $0.01$ burst stoo || lon_2=\clmGwSeedWeak$, $0.01$, $\clmGwSe || e-one line through the $0.01$ arm drawn	campaign/01_single_throat/seed/single_eps_p1e2_q1e2_ml4_t100_r02500/evolution_params.txt: wormhole_seed_l2_amplitude_A (the kicked 0.01 arm)	2026-09-26	anchors re-cut 2026-09-24 (feedback edits)
clmGwPureVsKicked	2	2		auto	waves_seed_pure_dev	{"stat": "max"}	the same amplitude to $2\%$, its wav || ure quadrupole, within $2\%$ of the k || $ and unchanged, to $2\%$ in ampli	plot_seed_linearity: max over R=10/14/18 of |rms(pure quadrupole)/rms(kicked eps2=0.01) - 1|, %	2026-09-26	2.19 (0.978/1.012/0.980); anchors re-cut 2026-09-24 (feedback edits)
clmGwThroatPeriod	20.6	20.6		auto	waves_q2e	{"gate": "period"}	gle:gw} dashed (period $20.6\,M$). Caps || emnant rings at period $20.6\,M$ (dashed	results/merger/analysis/queue2e_gates.py (campaign/01_single_throat/QUEUE2E_GATES.md) gate 4: damped-sinusoid scan fit at R=10, from the peak to t=58	2026-09-26	20.60 (the only sphere with >= 1.5 cycles); anchors re-cut 2026-09-24 (feedback edits)
clmGwThroatSchwLo	19.6	19.6		auto	expr	{"formula": "2*3.141592653589793*m/0.3737", "m": {"fn": "single_mots", "run": "single_eps_p1e2_q5e2_ml4_t100", "what": "floor_M", "centre": "A"}}	(period $19.6$--$\c	campaign/01_single_throat/seed/single_eps_p1e2_q5e2_ml4_t100/horizon_scan.dat (centre A): Schwarzschild l = 2 fundamental 2 pi M/0.374 at the MOTS mass floor	2026-09-26	2026-09-24 FINDINGS fix: 19.55 at M_MS = 1.164 (t = 43). The text said '21 % shorter than the Schwarzschild fundamental', which used queue2e_gates.py's fixed M_MS = 1.56 (the mass at t ~ 24, before the window's decline); 2026-09-26 referee fixes: M omega = 0.3737 as printed in Berti-Cardoso-Starinets 2009 (ref. berti2009; was 0.374): 19.56
clmGwThroatSchwHi	20.4	20.4		auto	expr	{"formula": "2*3.141592653589793*m/0.3737", "m": {"fn": "mergers_mots_value", "run": "single_eps_p1e2_q5e2_ml4_t100", "col": "M_MS_mots", "t": 58.0, "centre": "A"}}	SchwLo$--$20.4\,M$~\	campaign/01_single_throat/seed/single_eps_p1e2_q5e2_ml4_t100/horizon_scan.dat (centre A), t = 58 (the fitted window's end)	2026-09-26	20.34 at M_MS = 1.211; the measured period is 20.60; 2026-09-26 referee fixes: M omega = 0.3737 (berti2009; was 0.374): 20.36
clmGwThroatMassFloor	1.16	1.16		auto	single_mots	{"run": "single_eps_p1e2_q5e2_ml4_t100", "what": "floor_M", "centre": "A"}	of mass $1.16$--$\c	campaign/01_single_throat/seed/single_eps_p1e2_q5e2_ml4_t100/horizon_scan.dat (centre A)	2026-09-26	1.1635 at t = 43
clmGwThroatMassEnd	1.21	1.21		auto	mergers_mots_value	{"run": "single_eps_p1e2_q5e2_ml4_t100", "col": "M_MS_mots", "t": 58.0, "centre": "A"}	sFloor$--$1.21$ (per	campaign/01_single_throat/seed/single_eps_p1e2_q5e2_ml4_t100/horizon_scan.dat (centre A), t = 58	2026-09-26	1.2108; anchors re-cut 2026-09-24 (feedback edits)
clmGwThroatMassStart	1.47	1.47		auto	mergers_mots_value	{"run": "single_eps_p1e2_q5e2_ml4_t100", "col": "M_MS_mots", "t": 26.0, "centre": "A"}	at the window's start ($1.47$, whose fun	campaign/01_single_throat/seed/single_eps_p1e2_q5e2_ml4_t100/horizon_scan.dat (centre A), t = 26 (the fitted window's start)	2026-09-26	1.4678; the first MOTS (t = 17) reads 1.86; anchors re-cut 2026-09-24 (feedback edits)
clmGwSeedFigRadius	14	14		def	waves_figure_const	{"module": "plot_seed_linearity", "name": "R_SHOW"}	14$, each arm divided by its	plot_seed_linearity.R_SHOW	2026-09-26	
clmGwSeedWindowLo	30	30		def	waves_figure_const	{"module": "plot_seed_linearity", "name": "WINDOW", "index": 0}	rms amplitude over $t=30$--$	plot_seed_linearity.WINDOW[0]	2026-09-26	
clmGwSeedWindowHi	50	50		def	waves_figure_const	{"module": "plot_seed_linearity", "name": "WINDOW", "index": 1}	$50$ against $\varepsilon_2$	plot_seed_linearity.WINDOW[1]	2026-09-26	
clmGwHeadonRadiusA	10	10		manual	param	{"run": "merge_headon_flip_d8_v1_lvl5from0_scalar_t100", "key": "extraction_radii", "index": 0}	0)$ breathing mode at $R=10$ || 10$ runs canonically ingoing || $) at $R=10/	campaign/04_binary_headon/merge_headon_flip_d8_v1_lvl5from0_scalar_t100/evolution_params.txt: extraction_radii (= the consumer's spheres)	2026-09-26	frozen 2026-10-02: source run ARCHIVED out of the pack (00_archive, superseded superposed/Bowen-York data); value measured before archiving, re-measure on the csm/lbf rerun
clmGwHeadonSwingA	+0.023	0.023		manual	waves_swing	{"run": "merge_headon_flip_d8_v1_lvl5from0_scalar_t100", "file": "Weyl4_mode_20.dat", "R": 10, "t_min": 20, "t_max": 36, "sign": 1, "what": "value"}	$ swings through $+0.023$, $	campaign/04_binary_headon/merge_headon_flip_d8_v1_lvl5from0_scalar_t100/Weyl4_mode_20.dat (in-code, dt=0.01; the curve of Fig. headon_collapse (j)), Re r Psi4^20 at R=10, extreme sample per half-swing window 20-36/36-54/54-73/73-92	2026-09-26	+0.02326; frozen 2026-10-02: source run ARCHIVED out of the pack (00_archive, superseded superposed/Bowen-York data); value measured before archiving, re-measure on the csm/lbf rerun
clmGwHeadonSwingB	-0.018	-0.018		manual	waves_swing	{"run": "merge_headon_flip_d8_v1_lvl5from0_scalar_t100", "file": "Weyl4_mode_20.dat", "R": 10, "t_min": 36, "t_max": 54, "sign": -1, "what": "value"}	$, $-0.018$, $	campaign/04_binary_headon/merge_headon_flip_d8_v1_lvl5from0_scalar_t100/Weyl4_mode_20.dat (in-code, dt=0.01; the curve of Fig. headon_collapse (j)), Re r Psi4^20 at R=10, extreme sample per half-swing window 20-36/36-54/54-73/73-92	2026-09-26	-0.01832; frozen 2026-10-02: source run ARCHIVED out of the pack (00_archive, superseded superposed/Bowen-York data); value measured before archiving, re-measure on the csm/lbf rerun
clmGwHeadonSwingC	+0.011	0.011		manual	waves_swing	{"run": "merge_headon_flip_d8_v1_lvl5from0_scalar_t100", "file": "Weyl4_mode_20.dat", "R": 10, "t_min": 54, "t_max": 73, "sign": 1, "what": "value"}	$, $+0.011$, $	campaign/04_binary_headon/merge_headon_flip_d8_v1_lvl5from0_scalar_t100/Weyl4_mode_20.dat (in-code, dt=0.01; the curve of Fig. headon_collapse (j)), Re r Psi4^20 at R=10, extreme sample per half-swing window 20-36/36-54/54-73/73-92	2026-09-26	+0.01134; frozen 2026-10-02: source run ARCHIVED out of the pack (00_archive, superseded superposed/Bowen-York data); value measured before archiving, re-measure on the csm/lbf rerun
clmGwHeadonSwingD	-0.006	-0.006		manual	waves_swing	{"run": "merge_headon_flip_d8_v1_lvl5from0_scalar_t100", "file": "Weyl4_mode_20.dat", "R": 10, "t_min": 73, "t_max": 92, "sign": -1, "what": "value"}	$, $-0.006$ at $t=	campaign/04_binary_headon/merge_headon_flip_d8_v1_lvl5from0_scalar_t100/Weyl4_mode_20.dat (in-code, dt=0.01; the curve of Fig. headon_collapse (j)), Re r Psi4^20 at R=10, extreme sample per half-swing window 20-36/36-54/54-73/73-92	2026-09-26	-0.00647; frozen 2026-10-02: source run ARCHIVED out of the pack (00_archive, superseded superposed/Bowen-York data); value measured before archiving, re-measure on the csm/lbf rerun
clmGwHeadonSwingTimeA	28.2	28.2		manual	waves_swing	{"run": "merge_headon_flip_d8_v1_lvl5from0_scalar_t100", "file": "Weyl4_mode_20.dat", "R": 10, "t_min": 20, "t_max": 36, "sign": 1, "what": "time"}	$ at $t=28.2$, $	campaign/04_binary_headon/merge_headon_flip_d8_v1_lvl5from0_scalar_t100/Weyl4_mode_20.dat (in-code, dt=0.01; the curve of Fig. headon_collapse (j)), Re r Psi4^20 at R=10, extreme sample per half-swing window 20-36/36-54/54-73/73-92	2026-09-26	28.15 (passes at the rounding edge); the late extrema are flat-topped: other instruments give 28.16/43.67/63.54/81.58 (this arm's consumer psi4_mode_l2m0.dat, cubic spline -- the audit's headon2.py), 28.16/43.67/63.58/81.91 (the gallery's v1c arm), 28.17/43.61/63.68/82.51 (v1c in-code), 28.17/43.64/63.40/81.28 (the seamed r02200 chain); FIGURES.md has 28.2/43.6/63.0/81.7. No single instrument gives the printed four; they are uncertain at +-0.5; frozen 2026-10-02: source run ARCHIVED out of the pack (00_archive, superseded superposed/Bowen-York data); value measured before archiving, re-measure on the csm/lbf rerun
clmGwHeadonSwingTimeB	43.8	43.8		manual	waves_swing	{"run": "merge_headon_flip_d8_v1_lvl5from0_scalar_t100", "file": "Weyl4_mode_20.dat", "R": 10, "t_min": 36, "t_max": 54, "sign": -1, "what": "time"}	$, $43.8$, $	campaign/04_binary_headon/merge_headon_flip_d8_v1_lvl5from0_scalar_t100/Weyl4_mode_20.dat (in-code, dt=0.01; the curve of Fig. headon_collapse (j)), Re r Psi4^20 at R=10, extreme sample per half-swing window 20-36/36-54/54-73/73-92	2026-09-26	2026-09-24 FINDINGS fix: the late extrema are flat-topped (other instruments give 43.6-43.7 / 63.4-63.7; +-0.5); the ledger's instrument is the in-code stream of the curve Fig. headon_collapse (j) draws; frozen 2026-10-02: source run ARCHIVED out of the pack (00_archive, superseded superposed/Bowen-York data); value measured before archiving, re-measure on the csm/lbf rerun
clmGwHeadonSwingTimeC	63.4	63.4		manual	waves_swing	{"run": "merge_headon_flip_d8_v1_lvl5from0_scalar_t100", "file": "Weyl4_mode_20.dat", "R": 10, "t_min": 54, "t_max": 73, "sign": 1, "what": "time"}	$, $63.4$, $	campaign/04_binary_headon/merge_headon_flip_d8_v1_lvl5from0_scalar_t100/Weyl4_mode_20.dat (in-code, dt=0.01; the curve of Fig. headon_collapse (j)), Re r Psi4^20 at R=10, extreme sample per half-swing window 20-36/36-54/54-73/73-92	2026-09-26	2026-09-24 FINDINGS fix: the late extrema are flat-topped (other instruments give 43.6-43.7 / 63.4-63.7; +-0.5); the ledger's instrument is the in-code stream of the curve Fig. headon_collapse (j) draws; frozen 2026-10-02: source run ARCHIVED out of the pack (00_archive, superseded superposed/Bowen-York data); value measured before archiving, re-measure on the csm/lbf rerun
clmGwHeadonSwingTimeD	82.2	82.2		manual	waves_swing	{"run": "merge_headon_flip_d8_v1_lvl5from0_scalar_t100", "file": "Weyl4_mode_20.dat", "R": 10, "t_min": 73, "t_max": 92, "sign": -1, "what": "time"}	$82.2$---a period of ${\sim}	campaign/04_binary_headon/merge_headon_flip_d8_v1_lvl5from0_scalar_t100/Weyl4_mode_20.dat (in-code, dt=0.01; the curve of Fig. headon_collapse (j)), Re r Psi4^20 at R=10, extreme sample per half-swing window 20-36/36-54/54-73/73-92	2026-09-26	2026-09-24 FINDINGS fix: flat-topped (81.3-82.5 across instruments); the ledger's instrument is the in-code stream of Fig. headon_collapse (j); frozen 2026-10-02: source run ARCHIVED out of the pack (00_archive, superseded superposed/Bowen-York data); value measured before archiving, re-measure on the csm/lbf rerun
clmGwHeadonPeriodLo	31	31		manual	expr	{"formula": "min(2*(t1-t0),2*(t2-t1),2*(t3-t2))", "t0": {"fn": "waves_swing", "run": "merge_headon_flip_d8_v1_lvl5from0_scalar_t100", "file": "Weyl4_mode_20.dat", "R": 10, "t_min": 20, "t_max": 36, "sign": 1, "what": "time"}, "t1": {"fn": "waves_swing", "run": "merge_headon_flip_d8_v1_lvl5from0_scalar_t100", "file": "Weyl4_mode_20.dat", "R": 10, "t_min": 36, "t_max": 54, "sign": -1, "what": "time"}, "t2": {"fn": "waves_swing", "run": "merge_headon_flip_d8_v1_lvl5from0_scalar_t100", "file": "Weyl4_mode_20.dat", "R": 10, "t_min": 54, "t_max": 73, "sign": 1, "what": "time"}, "t3": {"fn": "waves_swing", "run": "merge_headon_flip_d8_v1_lvl5from0_scalar_t100", "file": "Weyl4_mode_20.dat", "R": 10, "t_min": 73, "t_max": 92, "sign": -1, "what": "time"}}	---a period of ${\sim}31$--$	campaign/04_binary_headon/merge_headon_flip_d8_v1_lvl5from0_scalar_t100/Weyl4_mode_20.dat (in-code, dt=0.01; the curve of Fig. headon_collapse (j)), Re r Psi4^20 at R=10, extreme sample per half-swing window 20-36/36-54/54-73/73-92; period = twice each half-swing interval	2026-09-26	31.3/39.2/37.7 -> min 31.3. NB the printed times themselves give 30.8/39.8/36.4 (max rounds to 40), and the periods are not monotone ('lengthening'); frozen 2026-10-02: source run ARCHIVED out of the pack (00_archive, superseded superposed/Bowen-York data); value measured before archiving, re-measure on the csm/lbf rerun
clmGwHeadonPeriodHi	39	39		manual	expr	{"formula": "max(2*(t1-t0),2*(t2-t1),2*(t3-t2))", "t0": {"fn": "waves_swing", "run": "merge_headon_flip_d8_v1_lvl5from0_scalar_t100", "file": "Weyl4_mode_20.dat", "R": 10, "t_min": 20, "t_max": 36, "sign": 1, "what": "time"}, "t1": {"fn": "waves_swing", "run": "merge_headon_flip_d8_v1_lvl5from0_scalar_t100", "file": "Weyl4_mode_20.dat", "R": 10, "t_min": 36, "t_max": 54, "sign": -1, "what": "time"}, "t2": {"fn": "waves_swing", "run": "merge_headon_flip_d8_v1_lvl5from0_scalar_t100", "file": "Weyl4_mode_20.dat", "R": 10, "t_min": 54, "t_max": 73, "sign": 1, "what": "time"}, "t3": {"fn": "waves_swing", "run": "merge_headon_flip_d8_v1_lvl5from0_scalar_t100", "file": "Weyl4_mode_20.dat", "R": 10, "t_min": 73, "t_max": 92, "sign": -1, "what": "time"}}	39$, the amplitude falling	campaign/04_binary_headon/merge_headon_flip_d8_v1_lvl5from0_scalar_t100/Weyl4_mode_20.dat (in-code, dt=0.01; the curve of Fig. headon_collapse (j)), Re r Psi4^20 at R=10, extreme sample per half-swing window 20-36/36-54/54-73/73-92; period = twice each half-swing interval	2026-09-26	max 39.2; the three periods 31.3/39.2/37.7 are not monotone, so 'lengthening' was dropped (2026-09-24); frozen 2026-10-02: source run ARCHIVED out of the pack (00_archive, superseded superposed/Bowen-York data); value measured before archiving, re-measure on the csm/lbf rerun
clmGwHeadonDecayLo	0.6	0.6		manual	expr	{"formula": "min(abs(a1/a0),abs(a2/a1),abs(a3/a2))", "a0": {"fn": "waves_swing", "run": "merge_headon_flip_d8_v1_lvl5from0_scalar_t100", "file": "Weyl4_mode_20.dat", "R": 10, "t_min": 20, "t_max": 36, "sign": 1, "what": "value"}, "a1": {"fn": "waves_swing", "run": "merge_headon_flip_d8_v1_lvl5from0_scalar_t100", "file": "Weyl4_mode_20.dat", "R": 10, "t_min": 36, "t_max": 54, "sign": -1, "what": "value"}, "a2": {"fn": "waves_swing", "run": "merge_headon_flip_d8_v1_lvl5from0_scalar_t100", "file": "Weyl4_mode_20.dat", "R": 10, "t_min": 54, "t_max": 73, "sign": 1, "what": "value"}, "a3": {"fn": "waves_swing", "run": "merge_headon_flip_d8_v1_lvl5from0_scalar_t100", "file": "Weyl4_mode_20.dat", "R": 10, "t_min": 73, "t_max": 92, "sign": -1, "what": "value"}}	amplitude falling $\times0.6$	campaign/04_binary_headon/merge_headon_flip_d8_v1_lvl5from0_scalar_t100/Weyl4_mode_20.dat (in-code, dt=0.01; the curve of Fig. headon_collapse (j)), Re r Psi4^20 at R=10, extreme sample per half-swing window 20-36/36-54/54-73/73-92; ratio of successive |extrema|	2026-09-26	0.788/0.619/0.571 -> min 0.571; frozen 2026-10-02: source run ARCHIVED out of the pack (00_archive, superseded superposed/Bowen-York data); value measured before archiving, re-measure on the csm/lbf rerun
clmGwHeadonDecayHi	0.8	0.8		manual	expr	{"formula": "max(abs(a1/a0),abs(a2/a1),abs(a3/a2))", "a0": {"fn": "waves_swing", "run": "merge_headon_flip_d8_v1_lvl5from0_scalar_t100", "file": "Weyl4_mode_20.dat", "R": 10, "t_min": 20, "t_max": 36, "sign": 1, "what": "value"}, "a1": {"fn": "waves_swing", "run": "merge_headon_flip_d8_v1_lvl5from0_scalar_t100", "file": "Weyl4_mode_20.dat", "R": 10, "t_min": 36, "t_max": 54, "sign": -1, "what": "value"}, "a2": {"fn": "waves_swing", "run": "merge_headon_flip_d8_v1_lvl5from0_scalar_t100", "file": "Weyl4_mode_20.dat", "R": 10, "t_min": 54, "t_max": 73, "sign": 1, "what": "value"}, "a3": {"fn": "waves_swing", "run": "merge_headon_flip_d8_v1_lvl5from0_scalar_t100", "file": "Weyl4_mode_20.dat", "R": 10, "t_min": 73, "t_max": 92, "sign": -1, "what": "value"}}	--$0.8$ per half-swing---and	campaign/04_binary_headon/merge_headon_flip_d8_v1_lvl5from0_scalar_t100/Weyl4_mode_20.dat (in-code, dt=0.01; the curve of Fig. headon_collapse (j)), Re r Psi4^20 at R=10, extreme sample per half-swing window 20-36/36-54/54-73/73-92; ratio of successive |extrema|	2026-09-26	max 0.788; frozen 2026-10-02: source run ARCHIVED out of the pack (00_archive, superseded superposed/Bowen-York data); value measured before archiving, re-measure on the csm/lbf rerun
clmGwHeadonLag	4	4		manual	expr	{"formula": "(c18-c10)/2", "c10": {"fn": "waves_swing", "run": "merge_headon_flip_d8_v1_lvl5from0_scalar_t100", "file": "Weyl4_mode_20.dat", "R": 10, "t_min": 20, "t_max": 36, "sign": 1, "what": "time"}, "c18": {"fn": "waves_swing", "run": "merge_headon_flip_d8_v1_lvl5from0_scalar_t100", "file": "Weyl4_mode_20.dat", "R": 18, "t_min": 28, "t_max": 45, "sign": 1, "what": "time"}}	-and arrives ${\sim}4$ units	campaign/04_binary_headon/merge_headon_flip_d8_v1_lvl5from0_scalar_t100/Weyl4_mode_20.dat: first crest R=10 (t=28.15) to R=18 (t=36.67), per 4-unit sphere step	2026-09-26	4.26; frozen 2026-10-02: source run ARCHIVED out of the pack (00_archive, superseded superposed/Bowen-York data); value measured before archiving, re-measure on the csm/lbf rerun
clmGwHeadonSpacing	4	4		manual	expr	{"formula": "a-b", "a": {"fn": "param", "run": "merge_headon_flip_d8_v1_lvl5from0_scalar_t100", "key": "extraction_radii", "index": 1}, "b": {"fn": "param", "run": "merge_headon_flip_d8_v1_lvl5from0_scalar_t100", "key": "extraction_radii", "index": 0}}	units later per $4$ units of	campaign/04_binary_headon/merge_headon_flip_d8_v1_lvl5from0_scalar_t100/evolution_params.txt: extraction_radii step	2026-09-26	frozen 2026-10-02: source run ARCHIVED out of the pack (00_archive, superseded superposed/Bowen-York data); value measured before archiving, re-measure on the csm/lbf rerun
clmGwHeadonSpeed	0.94	0.94		manual	expr	{"formula": "8/(c18-c10)", "c10": {"fn": "waves_swing", "run": "merge_headon_flip_d8_v1_lvl5from0_scalar_t100", "file": "Weyl4_mode_20.dat", "R": 10, "t_min": 20, "t_max": 36, "sign": 1, "what": "time"}, "c18": {"fn": "waves_swing", "run": "merge_headon_flip_d8_v1_lvl5from0_scalar_t100", "file": "Weyl4_mode_20.dat", "R": 18, "t_min": 28, "t_max": 45, "sign": 1, "what": "time"}}	($0.94\,c$), outgoing across	campaign/04_binary_headon/merge_headon_flip_d8_v1_lvl5from0_scalar_t100/Weyl4_mode_20.dat: 8/(t_crest(R=18) - t_crest(R=10))	2026-09-26	0.939 on the in-code stream (GPU_PLAN 2026-09-09's 28.2 -> 36.7 gives 0.941); the consumer stream's spline crests give 0.931 and the whole-waveform correlated lag 10->18 gives 0.926; frozen 2026-10-02: source run ARCHIVED out of the pack (00_archive, superseded superposed/Bowen-York data); value measured before archiving, re-measure on the csm/lbf rerun
clmGwHeadonFreqHi	707	707		auto	waves_ligo_track	{"scenario": "head-on", "which": "max"}	e bell that slows from $707$ to $\clmGw	plot_psi4_ligo panel (c): head-on energy-weighted frequency track, max over the drawn body	2026-09-30	485.9 Hz; re-quote(s) anchored by detector:clmDetHeadonFreqHi; also quoted in the detector/discussion sections (merged from clmDetHeadonFreqHi, 2026-09-24); anchors re-cut 2026-09-24 (feedback edits); 2026-09-30: re-measured on the mode-3 head-on chain (SERIES stream, M_ADM 2.3573, ARMS gate t=76)
clmGwHeadonFreqLo	410	410		auto	waves_ligo_track	{"scenario": "head-on", "which": "min"}	\clmGwHeadonFreqHi$ to $410$ Hz in Fig.	plot_psi4_ligo panel (c): head-on frequency track, min	2026-09-30	342.1 Hz; re-quote(s) anchored by detector:clmDetHeadonFreqLo; also quoted in the detector/discussion sections (merged from clmDetHeadonFreqLo, 2026-09-24); anchors re-cut 2026-09-24 (feedback edits); 2026-09-30: re-measured on the mode-3 head-on chain (SERIES stream, M_ADM 2.3573, ARMS gate t=76)
clmGwSpiralRadiusIn	20	20		manual	param	{"run": "v2_spiral_d12_p012_L128_lvl5_t100_freeze_r05700", "key": "extraction_radii", "index": 0}	e curve across $R=20$--$\clmG || $ and peaks at $R=20$ at $t\a	campaign/05_binary_spiral/p012_paper/v2_spiral_d12_p012_L128_lvl5_t100_freeze_r05700/evolution_params.txt: extraction_radii[0]	2026-09-26	anchors re-cut 2026-09-24 (feedback edits); anchors re-cut 2026-09-28 (figure merge/wipe); frozen 2026-10-02: source run ARCHIVED out of the pack (00_archive, superseded superposed/Bowen-York data); value measured before archiving, re-measure on the csm/lbf rerun
clmGwSpiralRadiusOut	44	44		manual	param	{"run": "v2_spiral_d12_p012_L128_lvl5_t100_freeze_r05700", "key": "extraction_radii", "index": 3}	SpiralRadiusIn$--$44$ at $v/c	campaign/05_binary_spiral/p012_paper/v2_spiral_d12_p012_L128_lvl5_t100_freeze_r05700/evolution_params.txt: extraction_radii[3]	2026-09-26	anchors re-cut 2026-09-24 (feedback edits); anchors re-cut 2026-09-28 (figure merge/wipe); frozen 2026-10-02: source run ARCHIVED out of the pack (00_archive, superseded superposed/Bowen-York data); value measured before archiving, re-measure on the csm/lbf rerun
clmGwFillSkin	1.9	1.9		manual	param	{"run": "v2_spiral_d12_p012_L128_lvl5_t100_freeze_r05700", "key": "core_fill_radius_start"}	mGwFreezeStart+(R-1.9)$; the f	campaign/05_binary_spiral/p012_paper/v2_spiral_d12_p012_L128_lvl5_t100_freeze_r05700/evolution_params.txt: core_fill_radius_start	2026-09-26	anchors re-cut 2026-09-24 (feedback edits); anchors re-cut 2026-09-28 (figure merge/wipe); frozen 2026-10-02: source run ARCHIVED out of the pack (00_archive, superseded superposed/Bowen-York data); value measured before archiving, re-measure on the csm/lbf rerun
clmGwSpiralPeakTime	62	62		manual	waves_peak_time	{"run": "v2_spiral_d12_p012_L128_SERIES", "file": "Weyl4_mode_22.dat", "R": 20}	alRadiusIn$ at $t\approx62$, before an	campaign/05_binary_spiral/p012_paper/v2_spiral_d12_p012_L128_SERIES/Weyl4_mode_22.dat: time of max |r Psi4^22| at R=20	2026-09-26	62.14; anchors re-cut 2026-09-24 (feedback edits); frozen 2026-10-02: source run ARCHIVED out of the pack (00_archive, superseded superposed/Bowen-York data); value measured before archiving, re-measure on the csm/lbf rerun
clmGwFillTwinOuter	0.013	0.013		manual	waves_fill_twin	{"R": 44}		plot_fill_insensitivity: the same at R=44	2026-09-26	0.0132; anchors dropped 2026-09-28: its figure (single_regrowth / fill_insensitivity) was wiped; the number lives in the ledger only; frozen 2026-10-02: source run ARCHIVED out of the pack (00_archive, superseded superposed/Bowen-York data); value measured before archiving, re-measure on the csm/lbf rerun
clmGwFillFullA	1.40	1.40		manual	param	{"run": "v2_spiral_d12_p012_L128_lvl5_t100_freeze_r05700", "key": "core_fill_radius_full"}		campaign/05_binary_spiral/p012_paper/v2_spiral_d12_p012_L128_lvl5_t100_freeze_r05700/evolution_params.txt: core_fill_radius_full	2026-09-26	anchors dropped 2026-09-28: its figure (single_regrowth / fill_insensitivity) was wiped; the number lives in the ledger only; frozen 2026-10-02: source run ARCHIVED out of the pack (00_archive, superseded superposed/Bowen-York data); value measured before archiving, re-measure on the csm/lbf rerun
clmGwFillStartA	1.90	1.90		manual	param	{"run": "v2_spiral_d12_p012_L128_lvl5_t100_freeze_r05700", "key": "core_fill_radius_start"}		campaign/05_binary_spiral/p012_paper/v2_spiral_d12_p012_L128_lvl5_t100_freeze_r05700/evolution_params.txt: core_fill_radius_start	2026-09-26	anchors dropped 2026-09-28: its figure (single_regrowth / fill_insensitivity) was wiped; the number lives in the ledger only; frozen 2026-10-02: source run ARCHIVED out of the pack (00_archive, superseded superposed/Bowen-York data); value measured before archiving, re-measure on the csm/lbf rerun
clmGwFillFullB	1.25	1.25		manual	param	{"run": "v2_spiral_d12_p012_L128_lvl5_t100_freeze2_r05700", "key": "core_fill_radius_full"}		campaign/05_binary_spiral/p012_paper/v2_spiral_d12_p012_L128_lvl5_t100_freeze2_r05700/evolution_params.txt: core_fill_radius_full	2026-09-26	anchors dropped 2026-09-28: its figure (single_regrowth / fill_insensitivity) was wiped; the number lives in the ledger only; frozen 2026-10-02: source run ARCHIVED out of the pack (00_archive, superseded superposed/Bowen-York data); value measured before archiving, re-measure on the csm/lbf rerun
clmGwFillStartB	1.75	1.75		manual	param	{"run": "v2_spiral_d12_p012_L128_lvl5_t100_freeze2_r05700", "key": "core_fill_radius_start"}		campaign/05_binary_spiral/p012_paper/v2_spiral_d12_p012_L128_lvl5_t100_freeze2_r05700/evolution_params.txt: core_fill_radius_start	2026-09-26	anchors dropped 2026-09-28: its figure (single_regrowth / fill_insensitivity) was wiped; the number lives in the ledger only; frozen 2026-10-02: source run ARCHIVED out of the pack (00_archive, superseded superposed/Bowen-York data); value measured before archiving, re-measure on the csm/lbf rerun
clmGwTwinFreqLo	299	299		auto	waves_ligo_track	{"scenario": "vacuum BBH twin", "which": "min"}	the point-mass chirp $299\to	plot_psi4_ligo panel (c): vacuum twin frequency track, min	2026-09-26	298.75 Hz
clmGwTwinFreqHi	473	473		auto	waves_ligo_track	{"scenario": "vacuum BBH twin", "which": "max"}	to473$ Hz and turns toward the	plot_psi4_ligo panel (c): vacuum twin frequency track, max	2026-09-26	473.08 Hz
clmGwPeakRatioFlyby	3.8	3.8		manual	expr	{"formula": "a/b", "a": {"fn": "waves_peak", "scenario": "fly-by"}, "b": {"fn": "waves_peak", "scenario": "vacuum BBH twin"}}		plot_psi4_gallery.ARMS (the scenario table both wave figures share): peak |r Psi4| fly-by over vacuum twin (innermost spheres)	2026-09-26	3.819; no longer quoted (2026-09-25: the fly-by is compared with its own p=0.45 vacuum control, clmGwVacPassPeakRatio, not with the spiral's twin); row kept for provenance; frozen 2026-10-02: source run ARCHIVED out of the pack (00_archive, superseded superposed/Bowen-York data); value measured before archiving, re-measure on the csm/lbf rerun
clmGwPeakRatioSpiral	2.9	2.9		manual	expr	{"formula": "a/b", "a": {"fn": "waves_peak", "scenario": "spiral"}, "b": {"fn": "waves_overlay_peak", "scenario": "spiral"}}	peaks $2.9\times$ higher than the twin's	spiral peak |r Psi4^22| at R=20 (gallery gate) over the vacuum twin's at the same sphere (plot_psi4_gallery.VACUUM_OVERLAY: bbh_control_d12_p012_t150/weyl_extraction_mode_22.dat, whole record)	2026-09-26	2.861; re-read at the SAME sphere 2026-09-25 when the twin moved under the spiral row (was 2.7 against the twin's R=14 peak); frozen 2026-10-02: source run ARCHIVED out of the pack (00_archive, superseded superposed/Bowen-York data); value measured before archiving, re-measure on the csm/lbf rerun
clmGwTwinPeakDelay	43	43		manual	waves_overlay_delay	{"scenario": "spiral"}	and $43$ units earlier	plot_psi4_gallery: retarded peak time of the vacuum twin (bbh_control_d12_p012_t150/weyl_extraction_mode_22.dat, R=20) minus the spiral's drawn peak at R=20	2026-09-26	42.7 (84.8 - 42.1); added 2026-09-25 (the user: draw the BBH spiral under row (c)); frozen 2026-10-02: source run ARCHIVED out of the pack (00_archive, superseded superposed/Bowen-York data); value measured before archiving, re-measure on the csm/lbf rerun
clmGwScalarRadiusOuter	30	30		manual	waves_stream_radius	{"run": "merge_orbit_flip_d12_p045_L128_lvl5_t100", "file": "scalar_modes.dat", "index": 1}	ScalarRadiusInner$ and $30$ on the $L= || l data the sphere at $R=30$ has $\alph || ne. On the fly-by at $R=30$, $\ell=1$ || ly-by energy through $R=30$ in units o || $, fly-by and spiral $R=30$): the fly-	campaign/06_binary_flyby/p045/merge_orbit_flip_d12_p045_L128_lvl5_t100/scalar_modes.dat header (R30_... columns; the python consumer's second sphere)	2026-09-26	anchors re-cut 2026-09-24 (feedback edits); frozen 2026-10-02: source run ARCHIVED out of the pack (00_archive, superseded superposed/Bowen-York data); value measured before archiving, re-measure on the csm/lbf rerun
clmGwScalarLapseInit	0.93	0.93		manual	waves_id_sphere	{"run": "merge_orbit_flip_d12_p045_L128_lvl5_t100", "R": 30, "field": "alpha", "stat": "min"}	uter$ has $\alpha\approx0.93$ and $\chi\	closed form of the initial data (research.tex Sec. II: alpha = e^(u_A+u_B)) on the R = 30 sphere, from campaign/06_binary_flyby/p045/merge_orbit_flip_d12_p045_L128_lvl5_t100/evolution_params.txt	2026-09-26	2026-09-24 FINDINGS fix: 0.933-0.937 over the sphere. Replaces the untraced 'alpha and chi within 1 % of unity': no stream records either on the sphere; anchors re-cut 2026-09-24 (feedback edits); frozen 2026-10-02: source run ARCHIVED out of the pack (00_archive, superseded superposed/Bowen-York data); value measured before archiving, re-measure on the csm/lbf rerun
clmGwScalarChiInit	0.87	0.87		manual	waves_id_sphere	{"run": "merge_orbit_flip_d12_p045_L128_lvl5_t100", "R": 30, "field": "chi", "stat": "min"}	seInit$ and $\chi\approx0.87$, and the a	closed form of the initial data (chi = e^(2u) psi^-4) on the R = 30 sphere	2026-09-26	0.866-0.874; anchors re-cut 2026-09-24 (feedback edits); frozen 2026-10-02: source run ARCHIVED out of the pack (00_archive, superseded superposed/Bowen-York data); value measured before archiving, re-measure on the csm/lbf rerun
clmGwScalarFluxFactor	0.94	0.94		manual	waves_id_sphere	{"run": "merge_orbit_flip_d12_p045_L128_lvl5_t100", "R": 30, "field": "flux_factor", "stat": "mean"}	\chi^{-1/2}$ is $\approx0.94$, so energi	alpha^2 chi^-1/2 of the initial data, area-mean over the R = 30 sphere	2026-09-26	0.9376 (0.935-0.939). F_geo = alpha^2 chi^-1/2 F_kin at zero shift on a conformally flat coordinate sphere: s^i = chi^1/2 x^i/r, sqrt(sigma) = chi^-1 r^2 sin(theta), and alpha T_i^nu t_nu = alpha^2 Pi d_i phi; the text's 'conformal factors cancel' was wrong by chi^-1/2; anchors re-cut 2026-09-24 (feedback edits); frozen 2026-10-02: source run ARCHIVED out of the pack (00_archive, superseded superposed/Bowen-York data); value measured before archiving, re-measure on the csm/lbf rerun
clmGwScalarFluxCorr	6	6		manual	expr	{"formula": "100*(1-f)", "f": {"fn": "waves_id_sphere", "run": "merge_orbit_flip_d12_p045_L128_lvl5_t100", "R": 30, "field": "flux_factor", "stat": "mean"}}	m geo}_\phi|$ by about $6\%$; the shi	1 - alpha^2 chi^-1/2 of the initial data on the R = 30 sphere	2026-09-26	6.2 %; anchors re-cut 2026-09-24 (feedback edits); frozen 2026-10-02: source run ARCHIVED out of the pack (00_archive, superseded superposed/Bowen-York data); value measured before archiving, re-measure on the csm/lbf rerun
clmGwScalarDipoleShare	7	7		manual	waves_scalar_multipole	{"run": "merge_orbit_flip_d12_p045_L128_lvl5_t100", "R": 30, "t_cut": 60, "stat": "share"}	7}$, the $\ell=1$ signal travels	plot_scalar_channel: campaign/06_binary_flyby/p045/merge_orbit_flip_d12_p045_L128_lvl5_t100/scalar_modes.dat + psi4_mode_l2_all.dat: log10 of E(l=1)/(E(l=0)+E(l=2)), sum_m |dA_lm/dt|^2 integrated to t=60 at R=30	2026-09-26	tex is the decimal exponent; 6.70 (l=1 carries all but 2.0e-7); frozen 2026-10-02: source run ARCHIVED out of the pack (00_archive, superseded superposed/Bowen-York data); value measured before archiving, re-measure on the csm/lbf rerun
clmGwScalarDipoleGap	7	7		manual	waves_scalar_multipole	{"run": "merge_orbit_flip_d12_p045_L128_lvl5_t100", "R": 30, "t_cut": 60, "stat": "gap"}	^{7}$.	plot_scalar_channel: campaign/06_binary_flyby/p045/merge_orbit_flip_d12_p045_L128_lvl5_t100/scalar_modes.dat + psi4_mode_l2_all.dat: log10 of min(l1/l0, l1/l2) to t=60 at R=30	2026-09-26	tex is the decimal exponent; 6.98 (l1/l0 1.05e7, l1/l2 9.6e6); frozen 2026-10-02: source run ARCHIVED out of the pack (00_archive, superseded superposed/Bowen-York data); value measured before archiving, re-measure on the csm/lbf rerun
clmGwScalarRadiusInner	14	14		manual	waves_stream_radius	{"run": "merge_orbit_flip_d12_p045_L128_lvl5_t100", "file": "scalar_modes.dat", "index": 0}	outward at $c$ from $R=14$, and the t || ScalarCut$ window at $R=14$ gives $\cl	campaign/06_binary_flyby/p045/merge_orbit_flip_d12_p045_L128_lvl5_t100/scalar_modes.dat header (R14_... columns)	2026-09-26	anchors re-cut 2026-09-24 (feedback edits); frozen 2026-10-02: source run ARCHIVED out of the pack (00_archive, superseded superposed/Bowen-York data); value measured before archiving, re-measure on the csm/lbf rerun
clmGwScalarCut	60	60		def	waves_figure_const	{"module": "plot_scalar_channel", "name": "FLYBY", "index": 2}	flux to $t=60$ is $|E_\phi|= || mouths. The $t=60$ window at	plot_scalar_channel.FLYBY[2] (the quoted cut: the blue rule of panel c)	2026-09-26	
clmGwScalarEnergyFlyby	4.3\times10^{-2}	4.3e-2		manual	waves_scalar_energy	{"run": "merge_orbit_flip_d12_p045_L128_lvl5_t100", "R": 30, "t_cut": 60, "M": 2.0}	phi|=4.3\times10^{-2}\,M$---	plot_scalar_channel: campaign/06_binary_flyby/p045/merge_orbit_flip_d12_p045_L128_lvl5_t100/scalar_modes.dat + psi4_mode_l2_all.dat: |int^60 (-flux_kin) dt| at R=30, in units of the total mass M=2	2026-09-26	4.347e-2 M (8.69e-2 in code units). Physical sign negative (E_phi = -4.35e-2 M); frozen 2026-10-02: source run ARCHIVED out of the pack (00_archive, superseded superposed/Bowen-York data); value measured before archiving, re-measure on the csm/lbf rerun
clmGwScalarRatioSixty	2.3	2.3		manual	waves_scalar_ratio	{"run": "merge_orbit_flip_d12_p045_L128_lvl5_t100", "R": 30, "t_cut": 60}	nergyFlyby\,M$---$2.3$ times t || ner$ in place of $2.3$. \emph{	plot_scalar_channel: campaign/06_binary_flyby/p045/merge_orbit_flip_d12_p045_L128_lvl5_t100/scalar_modes.dat + psi4_mode_l2_all.dat: |E_phi|/E_GW at R=30, t=60	2026-09-26	2.3325; anchors re-cut 2026-09-28 (figure merge/wipe); frozen 2026-10-02: source run ARCHIVED out of the pack (00_archive, superseded superposed/Bowen-York data); value measured before archiving, re-measure on the csm/lbf rerun
clmGwScalarRatioSeventy	1.1	1.1		manual	waves_scalar_ratio	{"run": "merge_orbit_flip_d12_p045_L128_lvl5_t100", "R": 30, "t_cut": 70}	it falls to $1.1$ by $t	plot_scalar_channel: campaign/06_binary_flyby/p045/merge_orbit_flip_d12_p045_L128_lvl5_t100/scalar_modes.dat + psi4_mode_l2_all.dat: |E_phi|/E_GW at R=30, t=70	2026-09-26	1.139. CAVEAT: E_GW here is the unfiltered running integral (sum_m |int r Psi4|^2); at R=30 its rate keeps rising monotonically after the burst passes (4.2e-3 at t=60 -> 2.5e-2 at t=100), and psi4_ligo's band-limited integral of the same sphere is x0.77 smaller at t=70 and x0.56 at t=80 -- the fall to 1.1 and 0.8 is partly drift; frozen 2026-10-02: source run ARCHIVED out of the pack (00_archive, superseded superposed/Bowen-York data); value measured before archiving, re-measure on the csm/lbf rerun
clmGwScalarCutSeventy	70	70		manual			$ by $t=70$ and $	plot_scalar_channel.py main(): the cuts `for tc in (50.0, 60.0, 70.0, 80.0)`		analysis choice (a literal in main())
clmGwScalarRatioEighty	0.8	0.8		manual	waves_scalar_ratio	{"run": "merge_orbit_flip_d12_p045_L128_lvl5_t100", "R": 30, "t_cut": 80}	$ and $0.8$ by $t= || to $0.8$ as the gravitational	plot_scalar_channel: campaign/06_binary_flyby/p045/merge_orbit_flip_d12_p045_L128_lvl5_t100/scalar_modes.dat + psi4_mode_l2_all.dat: |E_phi|/E_GW at R=30, t=80	2026-09-26	0.8225; see the drift caveat on clmGwScalarRatioSeventy; frozen 2026-10-02: source run ARCHIVED out of the pack (00_archive, superseded superposed/Bowen-York data); value measured before archiving, re-measure on the csm/lbf rerun
clmGwScalarCutEighty	80	80		manual			by $t=80$, but that	plot_scalar_channel.py main(): the cuts `for tc in (50.0, 60.0, 70.0, 80.0)`		analysis choice (a literal in main())
clmGwScalarRatioWaveZone	1.7	1.7		manual	waves_scalar_ratio	{"run": "merge_orbit_flip_d12_p045_L128_lvl5_t100", "R": 30, "t_cut": 60, "estimator": "wavezone"}	mode sum gives $1.7$, and the	plot_scalar_channel: campaign/06_binary_flyby/p045/merge_orbit_flip_d12_p045_L128_lvl5_t100/scalar_modes.dat + psi4_mode_l2_all.dat: sum_lm |dA_lm/dt|^2 integrated to t=60 at R=30, over E_GW	2026-09-26	1.743; frozen 2026-10-02: source run ARCHIVED out of the pack (00_archive, superseded superposed/Bowen-York data); value measured before archiving, re-measure on the csm/lbf rerun
clmGwScalarRatioInner	3.0	3.0		manual	waves_scalar_ratio	{"run": "merge_orbit_flip_d12_p045_L128_lvl5_t100", "R": 14, "t_cut": 60}	sphere returns $3.0$ for the || $ gives $3.0$ in place of $	plot_scalar_channel: campaign/06_binary_flyby/p045/merge_orbit_flip_d12_p045_L128_lvl5_t100/scalar_modes.dat + psi4_mode_l2_all.dat: |E_phi|/E_GW at R=14, t=60	2026-09-26	3.020; frozen 2026-10-02: source run ARCHIVED out of the pack (00_archive, superseded superposed/Bowen-York data); value measured before archiving, re-measure on the csm/lbf rerun
clmGwScalarBandSixty	2.7	2.7		manual	waves_scalar_ratio	{"run": "merge_orbit_flip_d12_p045_L128_lvl5_t100", "R": 30, "t_cut": 60, "estimator": "band"}	instead ($2.7$, $	campaign/06_binary_flyby/p045/merge_orbit_flip_d12_p045_L128_lvl5_t100/scalar_modes.dat + psi4_mode_l2_all.dat: |E_phi| over the band-limited E_GW of Fig. psi4_ligo(d) (claims/extract_waves._band_egw), R = 30, t <= 60	2026-09-26	2026-09-24 FINDINGS fix: the running integral's 2.3/1.1/0.8 fall is partly drift; this convention holds near 1.5. The band integral moves by about +-0.05 with where the cut falls within the unit output cadence (1.39-1.53 over t = 70-82); frozen 2026-10-02: source run ARCHIVED out of the pack (00_archive, superseded superposed/Bowen-York data); value measured before archiving, re-measure on the csm/lbf rerun
clmGwScalarBandSeventy	1.5	1.5		manual	waves_scalar_ratio	{"run": "merge_orbit_flip_d12_p045_L128_lvl5_t100", "R": 30, "t_cut": 70, "estimator": "band"}	$, $1.5$ and $	campaign/06_binary_flyby/p045/merge_orbit_flip_d12_p045_L128_lvl5_t100/scalar_modes.dat + psi4_mode_l2_all.dat: |E_phi| over the band-limited E_GW of Fig. psi4_ligo(d) (claims/extract_waves._band_egw), R = 30, t <= 70	2026-09-26	2026-09-24 FINDINGS fix: the running integral's 2.3/1.1/0.8 fall is partly drift; this convention holds near 1.5. The band integral moves by about +-0.05 with where the cut falls within the unit output cadence (1.39-1.53 over t = 70-82); frozen 2026-10-02: source run ARCHIVED out of the pack (00_archive, superseded superposed/Bowen-York data); value measured before archiving, re-measure on the csm/lbf rerun
clmGwScalarBandEighty	1.4	1.4		manual	waves_scalar_ratio	{"run": "merge_orbit_flip_d12_p045_L128_lvl5_t100", "R": 30, "t_cut": 80, "estimator": "band"}	and $1.4$ at $t=	campaign/06_binary_flyby/p045/merge_orbit_flip_d12_p045_L128_lvl5_t100/scalar_modes.dat + psi4_mode_l2_all.dat: |E_phi| over the band-limited E_GW of Fig. psi4_ligo(d) (claims/extract_waves._band_egw), R = 30, t <= 80	2026-09-26	2026-09-24 FINDINGS fix: the running integral's 2.3/1.1/0.8 fall is partly drift; this convention holds near 1.5. The band integral moves by about +-0.05 with where the cut falls within the unit output cadence (1.39-1.53 over t = 70-82); frozen 2026-10-02: source run ARCHIVED out of the pack (00_archive, superseded superposed/Bowen-York data); value measured before archiving, re-measure on the csm/lbf rerun
clmGwScalarSpiralLevel	3	3		manual	param	{"run": "v2_spiral_d12_p012_L128_lvl3_t050", "key": "max_level"}		campaign/05_binary_spiral/p012_paper/v2_spiral_d12_p012_L128_lvl3_t050/evolution_params.txt: max_level	2026-09-26	no longer quoted in research.tex (2026-09-24 feedback edits); row kept for provenance; frozen 2026-10-02: source run ARCHIVED out of the pack (00_archive, superseded superposed/Bowen-York data); value measured before archiving, re-measure on the csm/lbf rerun
clmGwScalarSpiralEnd	50	50		manual	last_time	{"run": "v2_spiral_d12_p012_L128_lvl3_t050", "file": "scalar_modes.dat"}		campaign/05_binary_spiral/p012_paper/v2_spiral_d12_p012_L128_lvl3_t050/scalar_modes.dat: last time	2026-09-26	50.01; no longer quoted in research.tex (2026-09-24 feedback edits); row kept for provenance; frozen 2026-10-02: source run ARCHIVED out of the pack (00_archive, superseded superposed/Bowen-York data); value measured before archiving, re-measure on the csm/lbf rerun
clmGwScalarNormCut	80	80		manual			80$: gravitational (ink) and	plot_scalar_channel.py main(): panel (a) normalisation T_A = 80.0		analysis choice (a literal in main())
clmGwScalarRatioFifty	3.2	3.2		manual	waves_scalar_ratio	{"run": "merge_orbit_flip_d12_p045_L128_lvl5_t100", "R": 30, "t_cut": 50}	each cut falls from $3.2$ to	plot_scalar_channel: campaign/06_binary_flyby/p045/merge_orbit_flip_d12_p045_L128_lvl5_t100/scalar_modes.dat + psi4_mode_l2_all.dat: |E_phi|/E_GW at R=30, t=50	2026-09-26	3.245; frozen 2026-10-02: source run ARCHIVED out of the pack (00_archive, superseded superposed/Bowen-York data); value measured before archiving, re-measure on the csm/lbf rerun
clmGwScalarMouthReach	92	92		manual	waves_mouth_crossing	{"run": "merge_orbit_flip_d12_p045_L128_lvl5_t100", "R": 30}		plot_scalar_channel._mouth_crossing: campaign/06_binary_flyby/p045/merge_orbit_flip_d12_p045_L128_lvl5_t100/horizon_scan.dat centre A R_min passes 30 (panel c's grey rule)	2026-09-26	2026-09-24 FINDINGS fix: the mouths' areal-radius reading (an upper bound) passes R = 30 at t = 92.45, panel (c)'s rule; nothing in the R = 30 integrals changes at t ~ 80 (the old print). R = 14 is engulfed at 63.8; no longer quoted in research.tex (2026-09-26 referee fixes); row kept for provenance; frozen 2026-10-02: source run ARCHIVED out of the pack (00_archive, superseded superposed/Bowen-York data); value measured before archiving, re-measure on the csm/lbf rerun
clmGwCensHeadonLevel	5	5		manual	param	{"run": "merge_headon_flip_d8_v1_lvl5from0_scalar_t100", "key": "max_level"}	, re-run at level 5 from $t= || The head-on (level 5 from $t	campaign/04_binary_headon/merge_headon_flip_d8_v1_lvl5from0_scalar_t100/evolution_params.txt: max_level (no amr.restart: level 5 from t=0)	2026-09-26	frozen 2026-10-02: source run ARCHIVED out of the pack (00_archive, superseded superposed/Bowen-York data); value measured before archiving, re-measure on the csm/lbf rerun
clmGwCensHeadonStart	0	0		manual	first	{"run": "merge_headon_flip_d8_v1_lvl5from0_scalar_t100", "file": "scalar_modes.dat", "col": 0}	t=0$ with the scalar stream, || from $t=0$) at $R=	campaign/04_binary_headon/merge_headon_flip_d8_v1_lvl5from0_scalar_t100/scalar_modes.dat: first time	2026-09-26	frozen 2026-10-02: source run ARCHIVED out of the pack (00_archive, superseded superposed/Bowen-York data); value measured before archiving, re-measure on the csm/lbf rerun
clmGwCensMotsTime	21.5	21.5		manual	waves_first_mots	{"run": "merge_headon_flip_d8_v1_lvl5from0_scalar_t100", "centre": "C"}	($t=21.5$ on this arm's live || closes at $t=21.5$ (dotted);	campaign/04_binary_headon/merge_headon_flip_d8_v1_lvl5from0_scalar_t100/horizon_scan.dat: first row with n_mots > 0 on the common centre C (live scan)	2026-09-26	the head-on area's figure quotes t=22 from offline scans; frozen 2026-10-02: source run ARCHIVED out of the pack (00_archive, superseded superposed/Bowen-York data); value measured before archiving, re-measure on the csm/lbf rerun
clmGwCensFitLo	30	30		manual			log-linear fits over $t=30$- || (dashed: fits over $t=30$--$	plot_scalar_censorship.py main(): fit = (t >= 30.0) & (t <= 95.0)		analysis choice (a literal in main())
clmGwCensFitHi	95	95		manual			$--$95$ give $\tau= || $--$95$, $\tau=	plot_scalar_censorship.py main(): fit = (t >= 30.0) & (t <= 95.0)		analysis choice (a literal in main())
clmGwCensTauInner	19	19		manual	waves_env_efold	{"run": "merge_headon_flip_d8_v1_lvl5from0_scalar_t100", "R": 10, "t0": 30, "t1": 95}	$, $\tau=19/	plot_scalar_censorship: campaign/04_binary_headon/merge_headon_flip_d8_v1_lvl5from0_scalar_t100/scalar_modes.dat: log-linear fit of the 25-unit running-max envelope over t=30-95 at R=10	2026-09-26	18.56; frozen 2026-10-02: source run ARCHIVED out of the pack (00_archive, superseded superposed/Bowen-York data); value measured before archiving, re-measure on the csm/lbf rerun
clmGwCensTauMid	24	24		manual	waves_env_efold	{"run": "merge_headon_flip_d8_v1_lvl5from0_scalar_t100", "R": 14, "t0": 30, "t1": 95}	$ give $\tau=19/24/ || 24/29$). The rise before the	plot_scalar_censorship: campaign/04_binary_headon/merge_headon_flip_d8_v1_lvl5from0_scalar_t100/scalar_modes.dat: log-linear fit of the 25-unit running-max envelope over t=30-95 at R=14	2026-09-26	2026-09-24 FINDINGS fix: 23.50 (the figure script prints 23.5), which rounds to 24; frozen 2026-10-02: source run ARCHIVED out of the pack (00_archive, superseded superposed/Bowen-York data); value measured before archiving, re-measure on the csm/lbf rerun
clmGwCensTauOuter	29	29		manual	waves_env_efold	{"run": "merge_headon_flip_d8_v1_lvl5from0_scalar_t100", "R": 18, "t0": 30, "t1": 95}	/29$ at $R=	plot_scalar_censorship: campaign/04_binary_headon/merge_headon_flip_d8_v1_lvl5from0_scalar_t100/scalar_modes.dat: log-linear fit of the 25-unit running-max envelope over t=30-95 at R=18	2026-09-26	29.18; frozen 2026-10-02: source run ARCHIVED out of the pack (00_archive, superseded superposed/Bowen-York data); value measured before archiving, re-measure on the csm/lbf rerun
clmGwHeadonRadiusB	14	14		manual	param	{"run": "merge_headon_flip_d8_v1_lvl5from0_scalar_t100", "key": "extraction_radii", "index": 1}	14/18$. The common MOTS closes	campaign/04_binary_headon/merge_headon_flip_d8_v1_lvl5from0_scalar_t100/evolution_params.txt: extraction_radii[1]	2026-09-26	the censorship text's 'at $R=10/14/18$, comparable' leaves 10 and 14 bare (sandwiched between the measured 29 and the anchored 18); frozen 2026-10-02: source run ARCHIVED out of the pack (00_archive, superseded superposed/Bowen-York data); value measured before archiving, re-measure on the csm/lbf rerun
clmGwHeadonRadiusC	18	18		manual	param	{"run": "merge_headon_flip_d8_v1_lvl5from0_scalar_t100", "key": "extraction_radii", "index": 2}	18$. The post-horizon ene || R=18$, fly-by and spiral $R=	campaign/04_binary_headon/merge_headon_flip_d8_v1_lvl5from0_scalar_t100/evolution_params.txt: extraction_radii[2]	2026-10-05	the lone-throat scalar arms share R=18 (their extraction_radii 10/14/18/22); frozen 2026-10-02: source run ARCHIVED out of the pack (00_archive, superseded superposed/Bowen-York data); value measured before archiving, re-measure on the csm/lbf rerun
clmGwCensEnergyInner	-0.028	-0.028		manual	waves_post_energy	{"run": "merge_headon_flip_d8_v1_lvl5from0_scalar_t100", "R": 10, "t0": 21.5, "M": 2.0}	:gw:scalar}, $E_\phi=-0.028/	plot_scalar_censorship: campaign/04_binary_headon/merge_headon_flip_d8_v1_lvl5from0_scalar_t100/scalar_modes.dat: int_(t>=21.5) (-flux_kin) dt at R=10, physical sign, code units (M_throat = 1)	2026-09-26	2026-09-24 FINDINGS fix: in units of the total mass M = 2, as every other energy in the paper (code units -0.0557, which the text printed without a unit); frozen 2026-10-02: source run ARCHIVED out of the pack (00_archive, superseded superposed/Bowen-York data); value measured before archiving, re-measure on the csm/lbf rerun
clmGwCensEnergyMid	-0.036	-0.036		manual	waves_post_energy	{"run": "merge_headon_flip_d8_v1_lvl5from0_scalar_t100", "R": 14, "t0": 21.5, "M": 2.0}	/-0.036/	plot_scalar_censorship: campaign/04_binary_headon/merge_headon_flip_d8_v1_lvl5from0_scalar_t100/scalar_modes.dat: int_(t>=21.5) (-flux_kin) dt at R=14, physical sign, code units (M_throat = 1)	2026-09-26	2026-09-24 FINDINGS fix: in units of the total mass M = 2, as every other energy in the paper (code units -0.0711, which the text printed without a unit); frozen 2026-10-02: source run ARCHIVED out of the pack (00_archive, superseded superposed/Bowen-York data); value measured before archiving, re-measure on the csm/lbf rerun
clmGwCensEnergyOuter	-0.038	-0.038		manual	waves_post_energy	{"run": "merge_headon_flip_d8_v1_lvl5from0_scalar_t100", "R": 18, "t0": 21.5, "M": 2.0}	-0.038\,M$. Only this window is	plot_scalar_censorship: campaign/04_binary_headon/merge_headon_flip_d8_v1_lvl5from0_scalar_t100/scalar_modes.dat: int_(t>=21.5) (-flux_kin) dt at R=18, physical sign, code units (M_throat = 1)	2026-09-26	2026-09-24 FINDINGS fix: in units of the total mass M = 2, as every other energy in the paper (code units -0.0753, which the text printed without a unit); frozen 2026-10-02: source run ARCHIVED out of the pack (00_archive, superseded superposed/Bowen-York data); value measured before archiving, re-measure on the csm/lbf rerun
clmGwCensEnergySpread	35	35		manual	expr	{"formula": "100*(o/i-1)", "o": {"fn": "waves_post_energy", "run": "merge_headon_flip_d8_v1_lvl5from0_scalar_t100", "R": 18, "t0": 21.5}, "i": {"fn": "waves_post_energy", "run": "merge_headon_flip_d8_v1_lvl5from0_scalar_t100", "R": 10, "t0": 21.5}}		campaign/04_binary_headon/merge_headon_flip_d8_v1_lvl5from0_scalar_t100/scalar_modes.dat (plot_scalar_censorship's integral from t = 21.5)	2026-09-26	2026-09-24 FINDINGS fix: |E_phi(R = 18)| / |E_phi(R = 10)| - 1 = 35.3 %; no longer quoted in research.tex (2026-09-24 feedback edits); row kept for provenance; frozen 2026-10-02: source run ARCHIVED out of the pack (00_archive, superseded superposed/Bowen-York data); value measured before archiving, re-measure on the csm/lbf rerun
clmGwCensIngoing	22	22		manual	waves_first_mots	{"run": "merge_headon_flip_d8_v1_lvl5from0_scalar_t100", "centre": "C"}	before $t=22$ the flux at $R	campaign/04_binary_headon/merge_headon_flip_d8_v1_lvl5from0_scalar_t100/horizon_scan.dat: the common-MOTS time, where the integrated window starts	2026-09-26	21.5 (passes at the rounding edge; the integral starts at 21.5 -- from t=22 the energies would read -0.058/-0.072/-0.076). flux_kin(R=10) < 0 on 98% of the rows before t=22 and first changes sign at t=25.0; frozen 2026-10-02: source run ARCHIVED out of the pack (00_archive, superseded superposed/Bowen-York data); value measured before archiving, re-measure on the csm/lbf rerun
clmGwShedClock	20	20	abs:5	manual	waves_env_efold	{"run": "merge_headon_flip_d8_v1_lvl5from0_scalar_t100", "R": 10, "t0": 30, "t1": 95}	hedding clock of ${\sim}20$, so it is || ung to shed on a ${\sim}20$ clock, is || hair leaves on a ${\sim}20\,M$ clock a	plot_scalar_censorship: campaign/04_binary_headon/merge_headon_flip_d8_v1_lvl5from0_scalar_t100/scalar_modes.dat: the head-on's post-horizon envelope e-fold at the inner sphere R=10 (t=30-95)	2026-09-26	18.56 (R=14/18: 23.5/29.2; the M_MS clock 19.4); tol abs:5 -- a '~' one-significant-figure number; anchors re-cut 2026-09-24 (feedback edits); frozen 2026-10-02: source run ARCHIVED out of the pack (00_archive, superseded superposed/Bowen-York data); value measured before archiving, re-measure on the csm/lbf rerun
clmGwKickedLevel	4	4		def	param	{"run": "single_eps_p1e2_q1e2_ml4_scalar_t100", "key": "max_level"}	. Re-run at level 4 with the || 4 collapse (solid), behind a	campaign/01_single_throat/seed/single_eps_p1e2_q1e2_ml4_scalar_t100/evolution_params.txt: max_level	2026-09-26	
clmGwKickedEps	+10^{-2}	0.01		def	param	{"run": "single_eps_p1e2_q1e2_ml4_scalar_t100", "key": "wormhole_seed_amplitude_A"}	\varepsilon=+10^{-2}$ throat || \varepsilon=+10^{-2}$ level-	campaign/01_single_throat/seed/single_eps_p1e2_q1e2_ml4_scalar_t100/evolution_params.txt: wormhole_seed_amplitude_A	2026-09-26	its wormhole_seed_l2_amplitude_A = 0.01 was ignored by the pinned binary (GPU_PLAN 2026-09-23 evening trap)
clmGwKickedMotsTime	11	11		auto	waves_first_mots	{"run": "single_eps_p1e2_q1e2_ml4_scalar_t100", "centre": "A", "permanent": true}	a permanent MOTS from $t=11$ || 11$, and the unkicked level-	campaign/01_single_throat/seed/single_eps_p1e2_q1e2_ml4_scalar_t100/horizon_scan.dat: first time from which every centre-A row carries a MOTS	2026-09-26	11.0
clmGwKickedRadiusStart	3.88	3.88		auto	waves_mots_radius	{"run": "single_eps_p1e2_q1e2_ml4_scalar_t100", "centre": "A"}	$, $R$ settling $3.88\to	campaign/01_single_throat/seed/single_eps_p1e2_q1e2_ml4_scalar_t100/horizon_scan.dat: R_mots at the first MOTS row, centre A (the throat-centred scan)	2026-09-26	3.8825 at t=11
clmGwKickedRadiusEnd	2.54	2.54		auto	waves_mots_radius	{"run": "single_eps_p1e2_q1e2_ml4_scalar_t100", "centre": "A", "t": 100}	\to2.54$---and its scalar envelope	campaign/01_single_throat/seed/single_eps_p1e2_q1e2_ml4_scalar_t100/horizon_scan.dat: R_mots at t=100, centre A	2026-09-26	2026-09-24 FINDINGS fix: centre A (the throat-centred scan the single-throat figures use; M_MS/(R/2) = 1.02) reads 2.539 at t = 100; the old 2.45 was the coarse common centre C, which FIGURES.md rejects near the floor
clmGwKickedDropLo	30	30	rel:0.05	auto	expr	{"formula": "min(r10,r14,r18)", "r10": {"fn": "waves_env_drop", "run": "single_eps_p1e2_q1e2_ml4_scalar_t100", "R": 10, "t": 80}, "r14": {"fn": "waves_env_drop", "run": "single_eps_p1e2_q1e2_ml4_scalar_t100", "R": 14, "t": 80}, "r18": {"fn": "waves_env_drop", "run": "single_eps_p1e2_q1e2_ml4_scalar_t100", "R": 18, "t": 80}}	after the burst, falls by $30$	plot_scalar_censorship envelope of campaign/01_single_throat/seed/single_eps_p1e2_q1e2_ml4_scalar_t100/scalar_modes.dat: max / value at t=80, smallest over R=10/14/18	2026-09-26	30.8 (R=18); tol rel:0.05 -- round-number range end
clmGwKickedDropHi	100	100	rel:0.05	auto	expr	{"formula": "max(r10,r14,r18)", "r10": {"fn": "waves_env_drop", "run": "single_eps_p1e2_q1e2_ml4_scalar_t100", "R": 10, "t": 80}, "r14": {"fn": "waves_env_drop", "run": "single_eps_p1e2_q1e2_ml4_scalar_t100", "R": 14, "t": 80}, "r18": {"fn": "waves_env_drop", "run": "single_eps_p1e2_q1e2_ml4_scalar_t100", "R": 18, "t": 80}}	100\times$ across the spheres	the same, largest over R=10/14/18	2026-09-26	102.3 (R=10); tol rel:0.05 -- round-number range end
clmGwKickedDropTime	80	80		manual			=80$, with late e-fold times	the comparison time chosen in the text (Sec. gw:censorship); the drop is computed there by clmGwKickedDropLo/Hi		analysis choice
clmGwKickedEfoldLo	6	6		auto	expr	{"formula": "min(r10,r14,r18)", "r10": {"fn": "waves_env_efold", "run": "single_eps_p1e2_q1e2_ml4_scalar_t100", "R": 10, "t0": 60, "t1": 95}, "r14": {"fn": "waves_env_efold", "run": "single_eps_p1e2_q1e2_ml4_scalar_t100", "R": 14, "t0": 60, "t1": 95}, "r18": {"fn": "waves_env_efold", "run": "single_eps_p1e2_q1e2_ml4_scalar_t100", "R": 18, "t0": 60, "t1": 95}}	with late e-fold times of $6$	plot_scalar_censorship envelope of campaign/01_single_throat/seed/single_eps_p1e2_q1e2_ml4_scalar_t100/scalar_modes.dat: decay e-fold fitted over t=60-95 (the audit's cens.py window, which reproduces GPU_PLAN's R=10 value 7.4), smallest over R=10/14/18	2026-09-26	2026-09-24 FINDINGS fix: 5.88 (R = 18; 7.36/6.36/5.88 at R = 10/14/18) over t = 60-95; GPU_PLAN's 7.4/6.0/5.4 has no recorded window
clmGwKickedEfoldHi	7	7		auto	expr	{"formula": "max(r10,r14,r18)", "r10": {"fn": "waves_env_efold", "run": "single_eps_p1e2_q1e2_ml4_scalar_t100", "R": 10, "t0": 60, "t1": 95}, "r14": {"fn": "waves_env_efold", "run": "single_eps_p1e2_q1e2_ml4_scalar_t100", "R": 14, "t0": 60, "t1": 95}, "r18": {"fn": "waves_env_efold", "run": "single_eps_p1e2_q1e2_ml4_scalar_t100", "R": 18, "t0": 60, "t1": 95}}	$--$7$. The unkicked level-	the same fit, largest over R=10/14/18	2026-09-26	7.36 (R=10)
clmGwSingleLevel	4	4		def	param	{"run": "single_pureq_q1e2_ml4_scalar_t100", "key": "max_level"}	The unkicked level-4 throat, || the unkicked level-4 throat (	campaign/01_single_throat/seed/single_pureq_q1e2_ml4_scalar_t100/evolution_params.txt: max_level	2026-09-26	
clmGwSingleEfold	5	5		auto	waves_env_efold	{"run": "single_pureq_q1e2_ml4_scalar_t100", "R": 18, "t0": 45, "t1": 75, "kind": "growth"}	approx}5$, shortening across	plot_scalar_censorship envelope of campaign/01_single_throat/seed/single_pureq_q1e2_ml4_scalar_t100/scalar_modes.dat at R=18 (the sphere of Fig. scalar_censorship b): growth e-fold fitted over t=45-75	2026-09-26	4.60 (R=10/14: 4.41/4.49, which round to 4; the L=128 twin 4.42/4.51/4.63; the figure's own 50-95 fit 5.8)
clmGwSingleWindowLo	45	45		manual			, shortening across $t=45$--	GPU_PLAN.md '2026-09-23 (midday) -- the L=128 discriminator LANDS': 'identical e-folds ... over 45-75'		fit window chosen in the text, not a figure constant
clmGwSingleWindowHi	75	75		manual			$75$), identically in a box-	GPU_PLAN.md '2026-09-23 (midday) -- the L=128 discriminator LANDS'		fit window chosen in the text
clmGwSingleBox	128	128		def	param	{"run": "single_pureq_q1e2_L128_ml4_scalar_t100", "key": "L"}	a box-doubled ($L=128$) copy	campaign/01_single_throat/seed/single_pureq_q1e2_L128_ml4_scalar_t100/evolution_params.txt: L	2026-09-26	
clmGwSingleAgreeTime	80	80		manual			\approx80$, so the growth is	GPU_PLAN.md '2026-09-23 (midday) -- the L=128 discriminator LANDS' ('few-% match to the L = 64 twin on all spheres through t ~ 80')		a judgement horizon; from the pack: the L=64/L=128 envelopes agree to <=3% over t=50-80 (3.0% at R=10 by t=80, 4.4% by t=85; R=14/18 stay ~1% to t=100)
clmGwSingleConstraintTime	80	80		manual			sponge's; beyond $t\approx80$	GPU_PLAN.md '2026-09-23 (midday)': 'L2_Ham leaves its floor at 76.8 (x12 by 96.8)' (the L=128 arm)		a judgement onset; from the pack: L=64 L2_Ham doubles off its t=71.1 minimum by t=79.8 (x1.5 by 77.5), L=128 doubles by t=75.0
clmGwSingleCountTime	80	80		manual			row, and only $t\lesssim80$ is counted || le (counted to $t\approx80$).}	GPU_PLAN.md '2026-09-23 (midday)': 'Quotable window t <~ 75-80'		the counting cut (a choice), set by the two rows above; anchors re-cut 2026-09-24 (feedback edits)
clmGwEnvWindow	25	25		def	waves_figure_const	{"module": "plot_scalar_censorship", "name": "WINDOW"}	25$ units (one dipole period	plot_scalar_censorship.WINDOW	2026-09-26	
clmGwFluxSignStretch	20	20	abs:5	manual	waves_flux_sign_stretch	{"run": "merge_headon_flip_d8_v1_lvl5from0_scalar_t100", "t0": 21.5, "min_len": 5}	sign every ${\sim}20$ units.	plot_scalar_censorship: campaign/04_binary_headon/merge_headon_flip_d8_v1_lvl5from0_scalar_t100/scalar_modes.dat: median length of the constant-sign stretches of the raw flux_kin after t=21.5, pooled over R=10/14/18, ignoring brief flips shorter than 5 units	2026-09-26	21.5; tol abs:5 -- a '~' one-significant-figure number; frozen 2026-10-02: source run ARCHIVED out of the pack (00_archive, superseded superposed/Bowen-York data); value measured before archiving, re-measure on the csm/lbf rerun
clmGwDrawFloorFrac	10	10		manual			r\Psi_4^{2,0}$, passes $10\%$ of the b	plot_psi4_gallery.DRAW_GATES: each throat sphere drawn to where the level-4 spherical control's r Psi4^(2,0) passes 10% of the burst peak (grteclyn-wrapper/scripts/analysis/merger_feedback/waves_gallery_audit.py)		added 2026-09-24 (user feedback on the waveform figures; E_waves audit); anchors re-cut 2026-09-24 (feedback edits)
clmGwDrawFlybyRetarded	50	50		manual			clmGwFlybyEnd$, at $t-R=50$ on every s	plot_psi4_gallery.DRAW_GATES: fly-by drawn to t - R = 50 on every sphere (t = 70 at R = 20)		added 2026-09-24 (user feedback on the waveform figures; E_waves audit); anchors re-cut 2026-09-24 (feedback edits)
clmGwTwinLagExcess	3.4	3.4		manual			xceeds its cadence, by $3.4$ units acro	grteclyn-wrapper/scripts/analysis/merger_feedback/waves_gallery_audit.py: the vacuum twin's waveform lag exceeds R-difference/c by 3.4 units between its two spheres		added 2026-09-24 (user feedback on the waveform figures; E_waves audit); anchors re-cut 2026-09-24 (feedback edits)
clmGwPureLeadLo	1.1	1.1		manual			ng the kicked arm's by $1.1$--$\clmGwPu	grteclyn-wrapper/scripts/analysis/merger_feedback/waves_seed_ladder.py: the kick-free arm's waveform leads the kicked arm's by 1.1-1.5 M (overlap 0.90-0.96 shifted)		added 2026-09-24 (user feedback on the waveform figures; E_waves audit); anchors re-cut 2026-09-24 (feedback edits)
clmGwPureLeadHi	1.5	1.5		manual			by $\clmGwPureLeadLo$--$1.5\,M$: the de	grteclyn-wrapper/scripts/analysis/merger_feedback/waves_seed_ladder.py (same)		added 2026-09-24 (user feedback on the waveform figures; E_waves audit); anchors re-cut 2026-09-24 (feedback edits)
clmGwSeedOldFloorRatio	2	2.3		manual			st stood only ${\approx}2\times$ abov	campaign single_eps_p1e2_q5e2_ml4_t100 evolution_params.txt header: the 0.01 wave was ~2.3x the spherical control's l=2 floor at R = 14 (5.2e-4 vs 2.3e-4, t = 26-51)		added 2026-09-24 (user feedback on the waveform figures; E_waves audit); anchors re-cut 2026-09-24 (feedback edits)
clmGwSeedTenthDeform	20	20		manual			at's poles by ${\approx}20\%$, as much	closed form: the seed's areal factor x eps2 at eps2 = 0.1 (2 eps2 P2 at the poles)		added 2026-09-24 (user feedback on the waveform figures; E_waves audit); anchors re-cut 2026-09-24 (feedback edits)
clmGwThroatPeriodFit	20.61	20.61		manual			east-squares fit gives $20.61\pm\clmGwThr	grteclyn-wrapper/scripts/analysis/merger_feedback/waves_throat_ringdown.py: scipy curve_fit of a damped sinusoid, R = 10, t = 26-58		added 2026-09-24 (user feedback on the waveform figures; E_waves audit); anchors re-cut 2026-09-24 (feedback edits)
clmGwThroatPeriodFitErr	0.15	0.15		manual			\clmGwThroatPeriodFit\pm0.15$), with no	grteclyn-wrapper/scripts/analysis/merger_feedback/waves_throat_ringdown.py (same fit, 1 sigma)		added 2026-09-24 (user feedback on the waveform figures; E_waves audit); anchors re-cut 2026-09-24 (feedback edits)
clmGwThroatHalfPeriodA	9.4	9.4		manual			e window (half-periods $9.4$, $\clmGwTh	grteclyn-wrapper/scripts/analysis/merger_feedback/waves_throat_ringdown.py: intervals between extrema at t = 26.46, 35.89, 46.16, 55.16		added 2026-09-24 (user feedback on the waveform figures; E_waves audit); anchors re-cut 2026-09-24 (feedback edits)
clmGwThroatHalfPeriodB	10.3	10.3		manual			mGwThroatHalfPeriodA$, $10.3$ and $\clmG	grteclyn-wrapper/scripts/analysis/merger_feedback/waves_throat_ringdown.py (same)		added 2026-09-24 (user feedback on the waveform figures; E_waves audit); anchors re-cut 2026-09-24 (feedback edits)
clmGwThroatHalfPeriodC	9.0	9.0		manual			odB$ and $9.0\,M$),	grteclyn-wrapper/scripts/analysis/merger_feedback/waves_throat_ringdown.py (same)		added 2026-09-24 (user feedback on the waveform figures; E_waves audit); anchors re-cut 2026-09-24 (feedback edits)
clmGwThroatPeriodStartMass	24.7	24.7		manual			fundamental period is $24.7\,M$). The d	closed form: Schwarzschild l=2 fundamental period 2 pi M/0.3737 at M_MS = 1.4678 (clmGwThroatMassStart)		added 2026-09-24 (user feedback on the waveform figures; E_waves audit); anchors re-cut 2026-09-24 (feedback edits)
clmGwSeedFloorCross	2\times10^{-3}	0.002		manual			at $\varepsilon_2\approx2\times10^{-3}$. The outco	plot_seed_linearity.py: the slope-one line through the 0.01 arm crosses the level-4 control's floor at eps2 = 1.93e-3		added 2026-09-24 (user feedback on the waveform figures; E_waves audit); anchors re-cut 2026-09-24 (feedback edits)
clmGwFillFrontSpeedLo	1.2	1.2		manual				grteclyn-wrapper/scripts/analysis/merger_feedback/waves_fill_twin.py: the fill twins' 1e-7 difference front moves at 1.15-1.3 c between spheres		added 2026-09-24 (user feedback on the waveform figures; E_waves audit); anchors re-cut 2026-09-24 (feedback edits); anchors dropped 2026-09-28: its figure (single_regrowth / fill_insensitivity) was wiped; the number lives in the ledger only
clmGwFillFrontSpeedHi	1.3	1.3		manual				grteclyn-wrapper/scripts/analysis/merger_feedback/waves_fill_twin.py (same)		added 2026-09-24 (user feedback on the waveform figures; E_waves audit); anchors re-cut 2026-09-24 (feedback edits); anchors dropped 2026-09-28: its figure (single_regrowth / fill_insensitivity) was wiped; the number lives in the ledger only
clmGwFillFrontMax	1.5\times10^{-5}	1.5e-05		manual				grteclyn-wrapper/scripts/analysis/merger_feedback/waves_fill_twin.py: the difference ahead of each sphere's clock stays <= 1.5e-5 of peak		added 2026-09-24 (user feedback on the waveform figures; E_waves audit); anchors re-cut 2026-09-24 (feedback edits); anchors dropped 2026-09-28: its figure (single_regrowth / fill_insensitivity) was wiped; the number lives in the ledger only
clmGwFillPeakLead	13	13		manual				clmGwLightCone - clmGwSpiralPeakTime = 75 - 62: the burst peaks at R = 20 before the core's light cone arrives		added 2026-09-24 (user feedback on the waveform figures; E_waves audit); anchors re-cut 2026-09-24 (feedback edits); anchors dropped 2026-09-28: its figure (single_regrowth / fill_insensitivity) was wiped; the number lives in the ledger only
clmGwLitScatter	2\times10^{-2}	0.02		lit			radiate ${\approx}2\times10^{-2}$ of their total	Damour, Guercilena, Hinder, Hopper, Nagar & Rezzolla, PRD 89, 081503(R) (2014) (ref. damour2014), Table I: Delta E/M = 0.01946(17) at the smallest impact parameter b = 9.6 M (E_in/M = 1.0226, J_in/M^2 = 1.0997, scattering angle 305.8 deg), modes l <= 8 extrapolated to scri, M = m1 + m2		added 2026-09-26 (referee fixes: scale for the fly-by energy)
clmGwEnergyFlybyOuter	4.2\times10^{-2}	4.2e-2		manual	waves_energy	{"scenario": "fly-by", "which": "outer"}	fly-by $4.2\times10^{-2}\,M$ at the outermost	plot_psi4_ligo.prepare (band integral, +-m doubled, common retarded window): fly-by at the OUTERMOST sphere R=44, u = t - R <= 50	2026-09-26	4.226e-2; per sphere R=20/28/36/44 = 7.412/5.692/4.942/4.226e-2, monotone in R, so it equals clmGwEnergyFlybyLo ('lo' = min over the spheres); added 2026-09-26 (referee fixes); frozen 2026-10-02: source run ARCHIVED out of the pack (00_archive, superseded superposed/Bowen-York data); value measured before archiving, re-measure on the csm/lbf rerun
clmGwThroatEnergyCut	58	58		def	waves_energy	{"scenario": "collapsing throat", "which": "t_end"}	integrated to $t=58$, before || closing at $t=58$, before its floor	plot_psi4_ligo.ENERGY_ON_DRAWN: the throat's energy closes at plot_psi4_gallery.DRAW_GATES' end for R=10 (queue2e T_JUNK_FREE, the end of the ringdown fit; level-4 control floor <= 14% of the burst peak there)	2026-09-26	coordinate time at the innermost sphere R=10 = retarded u <= 48 there; every sphere is compared over u <= 48, each also closed at its junk cut; added 2026-09-26 (referee fixes)
clmGwHeadonNoiseGate	80	80		manual			cube (from $t=80$ at $R\le20$	campaign/04_binary_headon/csm/merge_headon_flip_d8_v1_L128_lvl4from50_scalar_t100_csm_r05000/VALIDATION.md	2026-09-30	level-1 refinement-cube noise clocks: R<=20 clean to t~80, R=28 to ~90, R=36/44 to 100; DRAW_GATES carries them
clmEgwEnergyTwoFive	3.85\times10^{-2}	0.0384915		auto	waves_energy_run	{"run": "merge_orbit_flip_d12_p025_L128_lvl5_t100_lbf_csm", "file": "Weyl4_mode_22.dat", "R": 20, "m": 2, "M": 2.17828, "t_max": 83.68}	=3.85\times10^{-2}$ at $p=	campaign/06_binary_flyby/merge_orbit_flip_d12_p025_L128_lvl5_t100_lbf_csm/Weyl4_mode_22.dat: band E of the (2,2) arch, R = 20, to the trough gate	2026-10-05	M = the run's boosted-solve M_ADM_face (mergers_solved_madm); gate = clmEgwGateTwoFive
clmEgwEnergyFortyFive	9.0\times10^{-2}	0.090212		auto	waves_energy_run	{"run": "merge_orbit_flip_d12_p045_L128_lvl4_t100_lbf_csm", "file": "Weyl4_mode_22.dat", "R": 20, "m": 2, "M": 2.07763, "t_max": 94.17}	, $9.0\times10^{-2}$ at $p=	campaign/06_binary_flyby/merge_orbit_flip_d12_p045_L128_lvl4_t100_lbf_csm/Weyl4_mode_22.dat: band E, R = 20, trough gate	2026-10-05	M = M_ADM_face 2.07763; gate = clmEgwGateFortyFive
clmEgwEnergySixty	2.1\times10^{-2}	0.021167		auto	waves_energy_run	{"run": "merge_orbit_flip_d12_p060_L128_lvl4from50_chi1e4_t100_lbf_csm_r05000", "file": "Weyl4_mode_22.dat", "R": 20, "m": 2, "M": 1.91204, "t_max": 80, "radii": [20, 28, 36, 44]}	and $2.1\times10^{-2}$ at $p=	campaign/06_binary_flyby/..p060..chi1e4_t100_r05000/Weyl4_mode_22.dat: band E, R = 20, cut at the trust window 80 (header-less restart stream: radii passed)	2026-10-05	a FLOOR: the burst peaks at 67.7 and its decay is cut at 80; M = the t040 solve's M_ADM_face 1.91204
clmEgwEnergyTwoFiveOuter	4.05\times10^{-2}	0.040473		auto	waves_energy_run	{"run": "merge_orbit_flip_d12_p025_L128_lvl5_t100_lbf_csm", "file": "Weyl4_mode_22.dat", "R": 28, "m": 2, "M": 2.17828, "t_max": 98.99}	reads $4.05\times10^{-2}$ and	p025 Weyl4_mode_22.dat, R = 28, trough gate 99	2026-10-05	
clmEgwEnergyFortyFiveOuter	8.9\times10^{-2}	0.088936		auto	waves_energy_run	{"run": "merge_orbit_flip_d12_p045_L128_lvl4_t100_lbf_csm", "file": "Weyl4_mode_22.dat", "R": 28, "m": 2, "M": 2.07763, "t_max": 98.99}	and $8.9\times10^{-2}$, the near-zone	p045 Weyl4_mode_22.dat, R = 28, trough gate 99	2026-10-05	
clmEgwGateTwoFive	84	83.68		auto	waves_trough_time	{"run": "merge_orbit_flip_d12_p025_L128_lvl5_t100_lbf_csm", "file": "Weyl4_mode_22.dat", "R": 20, "t_min": 60, "t_max": 99}	($t=84$ and	p025 R = 20: |r Psi4| trough after the arch (decaying burst meets the mouths' contamination)	2026-10-05	
clmEgwGateFortyFive	94	94.17		auto	waves_trough_time	{"run": "merge_orbit_flip_d12_p045_L128_lvl4_t100_lbf_csm", "file": "Weyl4_mode_22.dat", "R": 20, "t_min": 69, "t_max": 99}	and $94$ at $R=20$	p045 R = 20 trough	2026-10-05	
clmEgwGateSixty	12	12		manual			window, $12$ units past	80 (trust) - 67.70 (R = 20 peak, waves_peak_time) = 12.3	2026-10-05	the p060 chi-floor leg's trust window cuts the burst's decay
clmEgwBoundaryOverScatter	2.3	2.3		manual			carries $2.3\times$ the	0.090212 / 0.038492 = 2.34 (clmEgwEnergyFortyFive / clmEgwEnergyTwoFive)	2026-10-05	
clmEgwBoundaryOverPlunge	4.3	4.3		manual			and $4.3\times$ the plunge	0.090212 / 0.021167 = 4.26; the plunge energy is a floor, so this ratio is a ceiling	2026-10-05	
clmHeadonCsmGwEnergy	3.0\times10^{-3}	0.0030163		auto	waves_energy_run	{"run": "merge_headon_flip_d8_v1_L128_SERIES", "file": "Weyl4_mode_20.dat", "R": 14, "m": 0, "M": 2.35731, "t_max": 100}	/M=3.0\times10^{-3}$ through $R=14	04_binary_headon/csm SERIES glued record, (2,0) at R = 14, full record to 100; M = clmHeadonCsmAdmMass	2026-10-05	
clmHeadonCsmGwEnergyInner	3.2\times10^{-3}	0.0031924		auto	waves_energy_run	{"run": "merge_headon_flip_d8_v1_L128_SERIES", "file": "Weyl4_mode_20.dat", "R": 10, "m": 0, "M": 2.35731, "t_max": 100}	from $3.2\times10^{-3}$ to	SERIES (2,0) R = 10	2026-10-05	
clmHeadonCsmGwEnergyOuter	2.8\times10^{-3}	0.0027941		auto	waves_energy_run	{"run": "merge_headon_flip_d8_v1_L128_SERIES", "file": "Weyl4_mode_20.dat", "R": 18, "m": 0, "M": 2.35731, "t_max": 100}	to $2.8\times10^{-3}$ across	SERIES (2,0) R = 18	2026-10-05	
clmBbhHeadonGwEnergy	1.4\times10^{-4}	0.00014041		auto	waves_energy_run	{"run": "bbh_headon_d8_L128_lvl5_t100", "file": "weyl_extraction_mode_20.dat", "R": 14, "m": 0, "M": 2.0, "t_max": 100}	/M=1.4\times10^{-4}$)	07_bbh_control/bbh_headon_d8_L128_lvl5_t100, (2,0) at R = 14, record to 100; M = the two unit punctures	2026-10-05	
clmBbhHeadonGwRatio	21	21		manual			sphere $21\times$ quieter	0.0030163 / 0.00014041 = 21.5 (E/M at the common R = 14 sphere)	2026-10-05	
clmBbhHeadonPeakT	61	60.88		auto	waves_peak_time	{"run": "bbh_headon_d8_L128_lvl5_t100", "file": "weyl_extraction_mode_20.dat", "R": 14, "t_max": 99}	crest at $t=61$ against	bbh head-on (2,0) peak at R = 14	2026-10-05	
clmHeadonCsmPeakT	33	33.02		auto	waves_peak_time	{"run": "merge_headon_flip_d8_v1_L128_SERIES", "file": "Weyl4_mode_20.dat", "R": 14, "t_max": 99}	against $33$):	wormhole head-on SERIES (2,0) peak at R = 14	2026-10-05	
clmBbhHeadonPeakLag	28	28		manual			and $28$ units later	60.88 - 33.02 = 27.9	2026-10-05	
