# Claims ledger, area 'mergers': the head-on merger, the spiral merger (merger or escape, plunge and collapse, the curvature wall), controls and systematics.
# Columns and rules: claims.py --help.  Extractors: extract_mergers.py (conventions in its docstring).  Anchors also cover re-quotes in the abstract, captions, GW section, Discussion and Limitations.
id	tex	num	tol	status	extractor	args	anchors	source	checked	note
clmHeadonSeparation	8	8		manual	mergers_separation	{"run": "merge_headon_flip_d8_v1_t100"}	$p=0$---at $d=8$ with	campaign/04_binary_headon/merge_headon_flip_d8_v1_t100/evolution_params.txt (wormhole_centerA/B = -+4)	2026-09-26	every d = 8 head-on arm (scout, level-5, down-step, fill twins, ensemble, gauge arms) shares it; frozen 2026-10-02: source run ARCHIVED out of the pack (00_archive, superseded superposed/Bowen-York data); value measured before archiving, re-measure on the csm/lbf rerun
clmHeadonMotsTime	22	22		manual	first	{"run": "merge_headon_flip_d8_v1_t100", "file": "horizon_offline_scan.dat", "col": "time"}	horizon at $t=22$; the per-sphere || (gold, $t=22$) to $t=	campaign/04_binary_headon/merge_headon_flip_d8_v1_t100/horizon_offline_scan.dat (offline oriented scan, level 3, dx 0.0625)	2026-09-26	first row of the offline formation scan (t = 22-26); the level-5 arm's live scan first finds it at 21.5; frozen 2026-10-02: source run ARCHIVED out of the pack (00_archive, superseded superposed/Bowen-York data); value measured before archiving, re-measure on the csm/lbf rerun; 2026-10-05: the finder's birth is t=18 (clmHeadonCsmMotsTime); this row keeps the superposed round-scan birth quoted in the gw text and the constraints caption until those move
clmHeadonADMMass	2	2		manual	mergers_total_mass	{"run": "merge_headon_flip_d8_v1_t100"}	pairs of ADM mass $2$, and	campaign/04_binary_headon/merge_headon_flip_d8_v1_t100/evolution_params.txt (wormhole_drainhole_mass_A + _B = 1 + 1)	2026-09-26	the Discussion's 'pairs of ADM mass 2' covers the spiral too (same masses, v2_spiral_* params); frozen 2026-10-02: source run ARCHIVED out of the pack (00_archive, superseded superposed/Bowen-York data); value measured before archiving, re-measure on the csm/lbf rerun
clmHeadonEnsembleKick	10^{-2}	0.01		manual	param	{"run": "merge_headon_flip_d8_v1c_eps_p1e2_t100", "key": "wormhole_seed_amplitude_A"}	carrying $\varepsilon=\pm10^{-2}$ on both	campaign/04_binary_headon/merge_headon_flip_d8_v1c_eps_p1e2_t100/evolution_params.txt (and merge_headon_flip_d8_v1c_eps_m1e2_t100: -0.01)	2026-09-26	B defaults to A, so both throats carry the kick (registry); frozen 2026-10-02: source run ARCHIVED out of the pack (00_archive, superseded superposed/Bowen-York data); value measured before archiving, re-measure on the csm/lbf rerun
clmHeadonEnsembleMotsTime	22.0	22.0		manual	mergers_mots_first_all	{"runs": ["merge_headon_flip_d8_v1c_eps_p1e2_t100", "merge_headon_flip_d8_v1c_eps_m1e2_t100"]}	same surface at $t=22.0$, areal	campaign/04_binary_headon/merge_headon_flip_d8_v1c_eps_p1e2_t100/horizon_scan.dat and campaign/04_binary_headon/merge_headon_flip_d8_v1c_eps_m1e2_t100/horizon_scan.dat (live oriented scan, centre C)	2026-09-26	the later of the two members' first MOTS rows; both are 22.0; frozen 2026-10-02: source run ARCHIVED out of the pack (00_archive, superseded superposed/Bowen-York data); value measured before archiving, re-measure on the csm/lbf rerun
clmHeadonEnsembleFormation	0.5	0.5		manual	mergers_ensemble_at	{"ref": "merge_headon_flip_d8_v1c_latefreeze_t100", "runs": ["merge_headon_flip_d8_v1c_eps_p1e2_t100", "merge_headon_flip_d8_v1c_eps_m1e2_t100"], "t": 22.0, "cols": ["M_MS_mots"]}	and mass within $0.5\%$	campaign/04_binary_headon/{merge_headon_flip_d8_v1c_latefreeze_t100,merge_headon_flip_d8_v1c_eps_p1e2_t100,merge_headon_flip_d8_v1c_eps_m1e2_t100}/horizon_scan.dat, t = 22 rows; registry rows of both members	2026-09-26	2026-09-24 FINDINGS fix: M_MS only: 0.52 % (+eps) against the unkicked V1c at t = 22. The radius is now quoted as the areal one (clmHeadonEnsembleFormationRadius, 1.1 %); the coordinate radius r agrees to 0.42 %; frozen 2026-10-02: source run ARCHIVED out of the pack (00_archive, superseded superposed/Bowen-York data); value measured before archiving, re-measure on the csm/lbf rerun
clmHeadonEnsembleFormationRadius	1.1	1.1		manual	mergers_ensemble_at	{"ref": "merge_headon_flip_d8_v1c_latefreeze_t100", "runs": ["merge_headon_flip_d8_v1c_eps_p1e2_t100", "merge_headon_flip_d8_v1c_eps_m1e2_t100"], "t": 22.0, "cols": ["R_mots"]}	areal radius within $1.1\%$ and	campaign/04_binary_headon/{merge_headon_flip_d8_v1c_latefreeze_t100,merge_headon_flip_d8_v1c_eps_p1e2_t100,merge_headon_flip_d8_v1c_eps_m1e2_t100}/horizon_scan.dat, t = 22 rows	2026-09-26	2026-09-24 FINDINGS fix: areal R_mots: 1.12 % (+eps), 0.89 % (-eps); frozen 2026-10-02: source run ARCHIVED out of the pack (00_archive, superseded superposed/Bowen-York data); value measured before archiving, re-measure on the csm/lbf rerun
clmHeadonScoutDeath	26.91	26.91		manual	mergers_death_time	{"run": "merge_headon_flip_d8_v1_t100"}	at its failure ($t=26.91$, grey	campaign/04_binary_headon/merge_headon_flip_d8_v1_t100/run_tail.log	2026-09-26	last ADVANCE 26.9125 before the h11 NaN; frozen 2026-10-02: source run ARCHIVED out of the pack (00_archive, superseded superposed/Bowen-York data); value measured before archiving, re-measure on the csm/lbf rerun
clmHeadonLevelFiveEnd	100	100		manual	mergers_end_time	{"run": "merge_headon_flip_d8_v1_lvl5from0_scalar_t100"}	to $t=100$, while the level-3 scout	campaign/04_binary_headon/merge_headon_flip_d8_v1_lvl5from0_scalar_t100/run_tail.log	2026-09-26	last ADVANCE 99.99969, no NaN (the paper's level-5 arm, level 5 from t = 0); anchors re-cut 2026-09-24 (feedback edits); frozen 2026-10-02: source run ARCHIVED out of the pack (00_archive, superseded superposed/Bowen-York data); value measured before archiving, re-measure on the csm/lbf rerun
clmHeadonShrink	a quarter	0.25	abs:0.025	manual	expr	{"formula": "1-r/R", "r": {"fn": "mergers_mots_value", "run": "merge_headon_flip_d8_v1_lvl3down_t100_r03500", "col": "R_mots", "t": 97}, "R": {"fn": "first", "run": "merge_headon_flip_d8_v1_t100", "file": "horizon_offline_scan.dat", "col": "R_mots"}}	more than a quarter of its area as it swallows	campaign/04_binary_headon/merge_headon_flip_d8_v1_lvl3down_t100_r03500/horizon_scan.dat (t = 97) against campaign/04_binary_headon/merge_headon_flip_d8_v1_t100/horizon_offline_scan.dat (t = 22)	2026-09-26	2026-10-05: re-pointed to AREA on the finder's history (area falls 28.1% birth->t=100; R falls 15.2%); was the superposed scan's radius statement
clmHalfMassMass	0.5	0.5		manual	param	{"run": "merge_headon_flip_d6_m05_t100", "key": "wormhole_drainhole_mass_A"}	At $m=0.5$,	campaign/04_binary_headon/merge_headon_flip_d6_m05_t100/evolution_params.txt (and campaign/01_single_throat/hold/single_m05_t040)	2026-09-26	frozen 2026-10-02: source run ARCHIVED out of the pack (00_archive, superseded superposed/Bowen-York data); value measured before archiving, re-measure on the csm/lbf rerun
clmHalfMassSeparation	6	6		manual	mergers_separation	{"run": "merge_headon_flip_d6_m05_t100"}	$d=6$, the lapse	campaign/04_binary_headon/merge_headon_flip_d6_m05_t100/evolution_params.txt	2026-09-26	frozen 2026-10-02: source run ARCHIVED out of the pack (00_archive, superseded superposed/Bowen-York data); value measured before archiving, re-measure on the csm/lbf rerun
clmHalfMassLapseHigh	0.44	0.44		manual	mergers_extreme	{"run": "merge_headon_flip_d6_m05_t100", "file": "collapse_diagnostics.dat", "col": "min_lapse", "kind": "max", "t1": 14}	falls from $0.44$ to	campaign/04_binary_headon/merge_headon_flip_d6_m05_t100/collapse_diagnostics.dat	2026-09-26	the lapse minimum peaks at 0.437 at t = 7.40 and then falls (0.427 at t = 7.5); frozen 2026-10-02: source run ARCHIVED out of the pack (00_archive, superseded superposed/Bowen-York data); value measured before archiving, re-measure on the csm/lbf rerun
clmHalfMassLapseLow	0.038	0.038		manual	mergers_value	{"run": "merge_headon_flip_d6_m05_t100", "file": "collapse_diagnostics.dat", "col": "min_lapse", "t": 13.0}	to $0.038$ over	campaign/04_binary_headon/merge_headon_flip_d6_m05_t100/collapse_diagnostics.dat (unthinned over its last unit, t >= 13)	2026-09-26	2026-09-24 FINDINGS fix: 0.0383 at t = 13, the window's printed end; 0.036 (the old print) is reached only at t = 13.99, the step before the NaN; frozen 2026-10-02: source run ARCHIVED out of the pack (00_archive, superseded superposed/Bowen-York data); value measured before archiving, re-measure on the csm/lbf rerun
clmHalfMassTrackerMerge	11.1	11.1		manual	mergers_tracker_merge_time	{"run": "merge_headon_flip_d6_m05_t100"}	the mouths at $t=11.1$, the	campaign/04_binary_headon/merge_headon_flip_d6_m05_t100/throat_track.dat	2026-09-26	first row with one tracked centre (nA = nB = 8), on the dt = 0.05 thinned stream; the registry's 11.07 is the every-step value; frozen 2026-10-02: source run ARCHIVED out of the pack (00_archive, superseded superposed/Bowen-York data); value measured before archiving, re-measure on the csm/lbf rerun
clmHalfMassMotsTime	12	12		manual			nds a common MOTS at $t=12$ ($R=\clmHa	results/merger/runs_registry.tsv row merge_headon_flip_d6_m05_t100 ('offline level-3 scan CONFIRMS a common MOTS at t = 12 (areal R 3.83, M_MS 2.16)'); results/merger/README.md 'Halving the mass does not avoid the horizon'		the offline level-3 oriented scan (scripts/validation/ah_oriented_scan.py) of this run's plotfiles was never packed and the plotfiles are pruned; the packed live level-1 scan only brackets a trapped window t = 12.32-13.37; anchors re-cut 2026-09-24 (feedback edits)
clmHalfMassMotsRadius	3.83	3.83		manual			($R=3.83$), and	same registry row / README section as clmHalfMassMotsTime		offline scan output not packed (see clmHalfMassMotsTime)
clmHalfMassPairDeath	14.0	14.0		manual	mergers_death_time	{"run": "merge_headon_flip_d6_m05_t100"}	and the run dies at $t=14.0$ with the l	campaign/04_binary_headon/merge_headon_flip_d6_m05_t100/run_tail.log	2026-09-26	last ADVANCE 13.99875 before the h11 NaN; anchors re-cut 2026-09-24 (feedback edits); frozen 2026-10-02: source run ARCHIVED out of the pack (00_archive, superseded superposed/Bowen-York data); value measured before archiving, re-measure on the csm/lbf rerun
clmHalfMassLoneExact	0.02	0.02		auto	mergers_lone_throat_deviation	{"run": "single_m05_t040", "t1": 14}	exact to $0.02\%$ through	campaign/01_single_throat/hold/single_m05_t040/areal_radius.dat and evolution_params.txt	2026-09-26	worst |R_min/R_exact - 1| for t <= 14 = 0.017 %, R_exact = 2.87172 from the drainhole formula at a = 2, m = 0.5
clmSpiralMomentumProd	0.12	0.12		manual	mergers_momentum	{"run": "v2_spiral_d12_p012_L128_lvl3_t050"}	r):} Death time of the $p=0.12$ spiral und	campaign/05_binary_spiral/p012_paper/v2_spiral_d12_p012_L128_lvl3_t050/evolution_params.txt (wormhole_momentumA = 0 0.12 0)	2026-09-26	the L = 64 ladder/gauge arms (merge_orbit_flip_d12_*, merge_twin_p012_*) carry the same 0.12; anchors re-cut 2026-09-24 (feedback edits); one anchor dropped 2026-09-28 (the duplicate separation panel left fig:mouth_growth); frozen 2026-10-02: source run ARCHIVED out of the pack (00_archive, superseded superposed/Bowen-York data); value measured before archiving, re-measure on the csm/lbf rerun
clmSpiralMomentumFifteen	0.15	0.15		manual	mergers_momentum	{"run": "merge_orbit_flip_d12_p015_nofill_t060"}	NaN, the $p=0.15$--$\clmSpiralMomentumTwentyFive$ arms	campaign/05_binary_spiral/p015/merge_orbit_flip_d12_p015_nofill_t060/evolution_params.txt	2026-10-05	frozen 2026-10-02: source run ARCHIVED out of the pack (00_archive, superseded superposed/Bowen-York data); value measured before archiving, re-measure on the csm/lbf rerun
clmSpiralMomentumTwentyFive	0.25	0.25		manual	mergers_momentum	{"run": "merge_orbit_flip_d12_p025_t200"}	piralMomentumFifteen$--$0.25$ arms dying	campaign/05_binary_spiral/p025/merge_orbit_flip_d12_p025_t200/evolution_params.txt	2026-09-26	anchors re-cut 2026-09-24 (feedback edits); frozen 2026-10-02: source run ARCHIVED out of the pack (00_archive, superseded superposed/Bowen-York data); value measured before archiving, re-measure on the csm/lbf rerun
clmSpiralMomentumFlyby	0.45	0.45		manual	mergers_momentum	{"run": "merge_orbit_flip_d12_p045_L128_lvl5_t100"}	ture} ($p=0.45$, lev	campaign/06_binary_flyby/p045/merge_orbit_flip_d12_p045_L128_lvl5_t100/evolution_params.txt	2026-09-26	one anchor dropped 2026-09-28 (the duplicate separation panel left fig:mouth_growth); frozen 2026-10-02: source run ARCHIVED out of the pack (00_archive, superseded superposed/Bowen-York data); value measured before archiving, re-measure on the csm/lbf rerun
clmSpiralBoundaryLow	50	50		manual	mergers_circular_fraction	{"run": "merge_orbit_flip_d12_p025_t200"}	plunge from fly-by at $50$--$\clmSpir || ore than $50$--$\c || capture threshold, at $50$--$\clmSpir	campaign/05_binary_spiral/p025/merge_orbit_flip_d12_p025_t200/evolution_params.txt	2026-09-26	p / p_circ with p_circ = m sqrt((1+Q) m / 2d) = 0.5 for a = 2, m = 1, d = 12, Q = 5 (Newtonian circular momentum under gravity plus the scalar pull, the 'combined pull'); 0.25/0.5; anchors re-cut 2026-09-24 (feedback edits); frozen 2026-10-02: source run ARCHIVED out of the pack (00_archive, superseded superposed/Bowen-York data); value measured before archiving, re-measure on the csm/lbf rerun
clmSpiralBoundaryHigh	70	70		manual	mergers_circular_fraction	{"run": "merge_orbit_flip_d12_p035_t200"}	--$70\%$ of circular (Sec || aryLow$--$70\%$ of the circular mome || --$70\%$ of the momentum of a circular orbit	campaign/06_binary_flyby/p035/merge_orbit_flip_d12_p035_t200/evolution_params.txt	2026-09-26	0.35/0.5; frozen 2026-10-02: source run ARCHIVED out of the pack (00_archive, superseded superposed/Bowen-York data); value measured before archiving, re-measure on the csm/lbf rerun
clmSpiralCoincideEarly	41	41	abs:1	manual	mergers_sep	{"run": "merge_orbit_flip_d12_p025_lvl5_t200", "what": "argmin"}		campaign/05_binary_spiral/p025/merge_orbit_flip_d12_p025_lvl5_t200/binary_throat_diagnostics.dat	2026-09-26	time of the level-5 p = 0.25 pits' closest approach, 0.064 at t = 41.0 (they jump together at 40.8). approximate (~ / \approx in the text): tolerance one unit of the last printed digit.; no longer quoted in research.tex (2026-09-24 feedback edits); row kept for provenance; frozen 2026-10-02: source run ARCHIVED out of the pack (00_archive, superseded superposed/Bowen-York data); value measured before archiving, re-measure on the csm/lbf rerun
clmSpiralCoincideLate	42	42	abs:1	manual	mergers_sep	{"run": "merge_orbit_flip_d12_p020_lvl5_t200", "what": "argmin"}		campaign/05_binary_spiral/p020/merge_orbit_flip_d12_p020_lvl5_t200/binary_throat_diagnostics.dat	2026-09-26	the level-5 p = 0.20 pits converge gradually to 0.016 at t = 42.15 (below 0.05 from 41.15). approximate (~ / \approx in the text): tolerance one unit of the last printed digit.; no longer quoted in research.tex (2026-09-24 feedback edits); row kept for provenance; frozen 2026-10-02: source run ARCHIVED out of the pack (00_archive, superseded superposed/Bowen-York data); value measured before archiving, re-measure on the csm/lbf rerun
clmFlybyEnd	100	100		manual	mergers_end_time	{"run": "merge_orbit_flip_d12_p045_L128_lvl5_t100"}	level 5 to $t=100$)	campaign/06_binary_flyby/p045/merge_orbit_flip_d12_p045_L128_lvl5_t100/run_tail.log	2026-09-26	last ADVANCE 99.99969, no NaN; its horizon scan also ends at 100; frozen 2026-10-02: source run ARCHIVED out of the pack (00_archive, superseded superposed/Bowen-York data); value measured before archiving, re-measure on the csm/lbf rerun
clmFlybyClosestApproach	4.8	4.8		manual	mergers_sep	{"run": "merge_orbit_flip_d12_p045_L128_lvl5_t100", "what": "min", "source": "track"}	from $12$ to $4.8$ under	campaign/06_binary_flyby/p045/merge_orbit_flip_d12_p045_L128_lvl5_t100/throat_track.dat	2026-09-26	4.797 (tracker); the per-mouth scan centres give 4.818 (plot_mouth_growth). The GW section re-quotes it; one anchor dropped 2026-09-28 (the duplicate separation panel left fig:mouth_growth); frozen 2026-10-02: source run ARCHIVED out of the pack (00_archive, superseded superposed/Bowen-York data); value measured before archiving, re-measure on the csm/lbf rerun
clmFlybyScanEdgeTime	43	43	abs:1	manual	mergers_scan_value	{"run": "merge_orbit_flip_d12_p045_L128_lvl5_t100", "col": "r_at_R_min", "what": "t_of_max"}	($t\approx43$, fir	campaign/06_binary_flyby/p045/merge_orbit_flip_d12_p045_L128_lvl5_t100/horizon_scan.dat (centre A)	2026-09-26	first row whose areal minimum sits on the window edge. approximate (~ / \approx in the text): tolerance one unit of the last printed digit.; frozen 2026-10-02: source run ARCHIVED out of the pack (00_archive, superseded superposed/Bowen-York data); value measured before archiving, re-measure on the csm/lbf rerun
clmFlybyScanEdge	2.79	2.79		manual	mergers_scan_value	{"run": "merge_orbit_flip_d12_p045_L128_lvl5_t100", "col": "r_at_R_min", "what": "max"}	out to $r=2.79$, a f	campaign/06_binary_flyby/p045/merge_orbit_flip_d12_p045_L128_lvl5_t100/horizon_scan.dat (centre A)	2026-09-26	the scan window's outer shell; frozen 2026-10-02: source run ARCHIVED out of the pack (00_archive, superseded superposed/Bowen-York data); value measured before archiving, re-measure on the csm/lbf rerun
clmSpiralSeparationOverMass	6	6		manual	expr	{"formula": "d/M", "d": {"fn": "mergers_separation", "run": "v2_spiral_d12_p012_L128_lvl3_t050"}, "M": {"fn": "mergers_total_mass", "run": "v2_spiral_d12_p012_L128_lvl3_t050"}}		campaign/05_binary_spiral/p012_paper/v2_spiral_d12_p012_L128_lvl3_t050/evolution_params.txt	2026-09-26	d = 12 over the total mass 2; no longer quoted in research.tex (2026-09-26 referee fixes); row kept for provenance; no longer quoted in research.tex (2026-09-26 referee fixes); row kept for provenance; frozen 2026-10-02: source run ARCHIVED out of the pack (00_archive, superseded superposed/Bowen-York data); value measured before archiving, re-measure on the csm/lbf rerun
clmSpiralTransientTime	41.2	41.2		manual	mergers_extreme	{"run": "v2_spiral_d12_p012_L128_lvl5_t150_prof_r03600", "file": "constraint_norms.dat", "col": "L2_Mom", "kind": "max", "what": "time"}	merger transient at $t=41.2$ and peaks	campaign/05_binary_spiral/p012_paper/v2_spiral_d12_p012_L128_lvl5_t150_prof_r03600/constraint_norms.dat	2026-09-26	peak of the momentum-constraint norm, t = 41.21 (plot_spiral_collapse); anchors re-cut 2026-09-24 (feedback edits); frozen 2026-10-02: source run ARCHIVED out of the pack (00_archive, superseded superposed/Bowen-York data); value measured before archiving, re-measure on the csm/lbf rerun
clmSpiralLevelMedianHam	3.5	3.5		manual	mergers_norm_median	{"fine": "v2_spiral_d12_p012_L128_lvl5_t150_prof_r03600", "coarse": "v2_spiral_d12_p012_L128_lvl3_t050", "which": "L2_Ham"}	reproduces to a median $3.5\%/\clmSpiralLevelMedianMom\%$	campaign/05_binary_spiral/p012_paper/v2_spiral_d12_p012_L128_lvl3_t050/constraint_norms.dat vs campaign/05_binary_spiral/p012_paper/v2_spiral_d12_p012_L128_lvl5_t150_prof_r03600/constraint_norms.dat	2026-10-05	median |dH|/H over the shared t = 36.1-50 window (plot_spiral_collapse panel e): 3.53 %; frozen 2026-10-02: source run ARCHIVED out of the pack (00_archive, superseded superposed/Bowen-York data); value measured before archiving, re-measure on the csm/lbf rerun
clmSpiralLevelMedianMom	0.7	0.7		manual	mergers_norm_median	{"fine": "v2_spiral_d12_p012_L128_lvl5_t150_prof_r03600", "coarse": "v2_spiral_d12_p012_L128_lvl3_t050", "which": "L2_Mom"}	$\clmSpiralLevelMedianHam\%/0.7\%$; rules	campaign/05_binary_spiral/p012_paper/v2_spiral_d12_p012_L128_lvl3_t050 vs campaign/05_binary_spiral/p012_paper/v2_spiral_d12_p012_L128_lvl5_t150_prof_r03600 constraint_norms.dat	2026-10-05	0.73 %; frozen 2026-10-02: source run ARCHIVED out of the pack (00_archive, superseded superposed/Bowen-York data); value measured before archiving, re-measure on the csm/lbf rerun
clmSpiralChiFloorTime	58.4	58.4		manual	mergers_profile	{"run": "v2_spiral_d12_p012_L128_lvl5_t150_prof_r03600", "what": "chi_floor"}	on its floor ($t=58.4$). At the NaN	campaign/05_binary_spiral/p012_paper/v2_spiral_d12_p012_L128_lvl5_t150_prof_r03600/core_radial_profile.dat.gz	2026-10-05	58.43 (plot_spiral_collapse); anchors re-cut 2026-09-24 (feedback edits); frozen 2026-10-02: source run ARCHIVED out of the pack (00_archive, superseded superposed/Bowen-York data); value measured before archiving, re-measure on the csm/lbf rerun
clmSpiralStarScanFirst	55	55		manual	mergers_star_scan	{"run": "v2_spiral_d12_p012_L128_lvl5_t150_prof_r03600", "files": ["horizon_oriented_scan_t55-57.txt", "horizon_oriented_scan_t58-60.txt"], "what": "first"}		campaign/05_binary_spiral/p012_paper/v2_spiral_d12_p012_L128_lvl5_t150_prof_r03600/horizon_oriented_scan_t55-57.txt, _t58-60.txt	2026-09-26	first scanned slice; the extractor also checks that no block (t = 55-60, levels 3 and 5) reports a MOTS; no longer quoted in research.tex (2026-09-24 feedback edits); row kept for provenance; frozen 2026-10-02: source run ARCHIVED out of the pack (00_archive, superseded superposed/Bowen-York data); value measured before archiving, re-measure on the csm/lbf rerun
clmSpiralStarScanLast	60	60		manual	mergers_star_scan	{"run": "v2_spiral_d12_p012_L128_lvl5_t150_prof_r03600", "files": ["horizon_oriented_scan_t55-57.txt", "horizon_oriented_scan_t58-60.txt"], "what": "last"}		campaign/05_binary_spiral/p012_paper/v2_spiral_d12_p012_L128_lvl5_t150_prof_r03600/horizon_oriented_scan_t58-60.txt	2026-09-26	last scanned slice; no longer quoted in research.tex (2026-09-24 feedback edits); row kept for provenance; frozen 2026-10-02: source run ARCHIVED out of the pack (00_archive, superseded superposed/Bowen-York data); value measured before archiving, re-measure on the csm/lbf rerun
clmSpiralBlindInner	1.8	1.8		manual				research/merger/GPU_PLAN.md, heading '### R0 VERDICT (2026-09-21, ~07:20) — THE SPIRAL HAS A COMMON HORIZON; THE WALL IS CENSORED, NOT NAKED'; runs_registry.tsv row v2_spiral_d12_p012_L128_lvl5from0_t100 ('both signs of theta_out on every sphere r=1.8-3.4')		theta_+ on coordinate spheres of the t = 59.0 level-5 slice (level-3 and level-4 sampling): shape-free flow finder (grteclyn-wrapper/scripts/validation/ah_flow_finder.py) run on level-5 plotfiles kept on the second GPU node's local scratch, never copied to NFS or packed; the finder's output is not in the pack either (also plot_spiral_collapse.FLOW_MOTS), so this cannot be recomputed from results/merger; no longer quoted in research.tex (2026-09-24 feedback edits); row kept for provenance
clmSpiralBlindOuter	3.4	3.4		manual				research/merger/GPU_PLAN.md, heading '### R0 VERDICT (2026-09-21, ~07:20) — THE SPIRAL HAS A COMMON HORIZON; THE WALL IS CENSORED, NOT NAKED'		as clmSpiralBlindInner; no longer quoted in research.tex (2026-09-24 feedback edits); row kept for provenance
clmSpiralBlindThetaMin	-0.2	-0.2		manual				research/merger/GPU_PLAN.md, heading '### R0 VERDICT (2026-09-21, ~07:20) — THE SPIRAL HAS A COMMON HORIZON; THE WALL IS CENSORED, NOT NAKED'		as clmSpiralBlindInner; no longer quoted in research.tex (2026-09-24 feedback edits); row kept for provenance
clmSpiralBlindThetaMax	+0.15	0.15		manual				research/merger/GPU_PLAN.md, heading '### R0 VERDICT (2026-09-21, ~07:20) — THE SPIRAL HAS A COMMON HORIZON; THE WALL IS CENSORED, NOT NAKED'		as clmSpiralBlindInner; no longer quoted in research.tex (2026-09-24 feedback edits); row kept for provenance
clmSpiralFlowBirthTime	55.0	55.0		manual			orizon, present from $t=55.0$, is only \ || with a horizon from $t=55.0$ and too yo	research/merger/GPU_PLAN.md, heading '### R0 VERDICT (2026-09-21, ~07:20) — THE SPIRAL HAS A COMMON HORIZON; THE WALL IS CENSORED, NOT NAKED', bullet 'SLICE-HUNT VERDICT (2026-09-21 06:59 ...)'		the earliest surviving production-chain slice; birth precedes it. shape-free flow finder (grteclyn-wrapper/scripts/validation/ah_flow_finder.py) run on level-5 plotfiles kept on the second GPU node's local scratch, never copied to NFS or packed; the finder's output is not in the pack either (also plot_spiral_collapse.FLOW_MOTS), so this cannot be recomputed from results/merger. Re-quoted in the GW section and the scalar_censorship caption; anchors re-cut 2026-09-24 (feedback edits)
clmSpiralRemnantMass	2.08	2.08		manual			(irreducible mass $2.08$)	research/merger/GPU_PLAN.md, heading '### R0 VERDICT (2026-09-21, ~07:20) — THE SPIRAL HAS A COMMON HORIZON; THE WALL IS CENSORED, NOT NAKED', bullet 'SLICE-HUNT VERDICT (2026-09-21 06:59 ...)'		M_MS 2.083/2.079/2.075 at t = 98/99/100. The Discussion re-quotes it. shape-free flow finder (grteclyn-wrapper/scripts/validation/ah_flow_finder.py) run on level-5 plotfiles kept on the second GPU node's local scratch, never copied to NFS or packed; the finder's output is not in the pack either (also plot_spiral_collapse.FLOW_MOTS), so this cannot be recomputed from results/merger
clmFlowSliceCount	seven	7		manual				research/merger/GPU_PLAN.md, heading '### R0 VERDICT (2026-09-21, ~07:20) — THE SPIRAL HAS A COMMON HORIZON; THE WALL IS CENSORED, NOT NAKED', bullet 'SLICE-HUNT VERDICT (2026-09-21 06:59 ...)'		t = 55, 56, 57 (production chain), 59 (level 5 from t = 0), 98, 99, 100 (freeze arm); no longer quoted in research.tex (2026-09-24 feedback edits); row kept for provenance
clmFlowSlicesFirst	55	55		manual				research/merger/GPU_PLAN.md, heading '### R0 VERDICT (2026-09-21, ~07:20) — THE SPIRAL HAS A COMMON HORIZON; THE WALL IS CENSORED, NOT NAKED', bullet 'SLICE-HUNT VERDICT (2026-09-21 06:59 ...)'		= clmSpiralFlowBirthTime; no longer quoted in research.tex (2026-09-24 feedback edits); row kept for provenance
clmMouthTauAgreement	19	19		manual	expr	{"formula": "100*(f/m-1)", "f": {"fn": "mergers_mouth", "run": "merge_orbit_flip_d12_p045_L128_lvl5_t100", "what": "tau"}, "m": {"fn": "mergers_mouth", "run": "v2_spiral_d12_p012_L128_lvl3_t050_mouths", "what": "tau"}}		plot_mouth_growth.py on both arms	2026-09-26	4.392/3.703 - 1 = 18.6 %; no longer quoted in research.tex (2026-09-26 referee fixes); row kept for provenance; frozen 2026-10-02: source run ARCHIVED out of the pack (00_archive, superseded superposed/Bowen-York data); value measured before archiving, re-measure on the csm/lbf rerun
clmSpiralRestartTime	36	36		manual	mergers_restart_time	{"run": "v2_spiral_d12_p012_L128_lvl5_t150_prof_r03600"}	$ on $L=128$ ($t_0=0$, $36$) and $\clm	campaign/05_binary_spiral/p012_paper/v2_spiral_d12_p012_L128_lvl5_t150_prof_r03600/evolution_params.txt (amr.restart ...Chk03600)	2026-09-26	anchors re-cut 2026-09-24 (feedback edits); frozen 2026-10-02: source run ARCHIVED out of the pack (00_archive, superseded superposed/Bowen-York data); value measured before archiving, re-measure on the csm/lbf rerun
clmSpiralDeath	60.45	60.45		manual	mergers_death_time	{"run": "v2_spiral_d12_p012_L128_lvl5_t150_prof_r03600"}	iralFromZeroDeath$ and $60.45$ on $L=128$ || NaN at $t=60.45$ (cro	campaign/05_binary_spiral/p012_paper/v2_spiral_d12_p012_L128_lvl5_t150_prof_r03600/run_tail.log	2026-09-26	60.445; printed 60.45 in the wall section, the ladder caption and (since 2026-09-24) the collapse caption; anchors re-cut 2026-09-24 (feedback edits); frozen 2026-10-02: source run ARCHIVED out of the pack (00_archive, superseded superposed/Bowen-York data); value measured before archiving, re-measure on the csm/lbf rerun
clmSpiralAnatomyFirst	36.0	36.0		manual	mergers_profile	{"run": "v2_spiral_d12_p012_L128_lvl5_t150_prof_r03600", "what": "first"}		campaign/05_binary_spiral/p012_paper/v2_spiral_d12_p012_L128_lvl5_t150_prof_r03600/core_radial_profile.dat.gz	2026-09-26	2026-09-24 FINDINGS fix: the profile's own first time is 36.01; the figure labels it 36.0; no longer quoted in research.tex (2026-09-24 feedback edits); row kept for provenance; frozen 2026-10-02: source run ARCHIVED out of the pack (00_archive, superseded superposed/Bowen-York data); value measured before archiving, re-measure on the csm/lbf rerun
clmSpiralAnatomyLast	60.4	60.4		manual	mergers_profile	{"run": "v2_spiral_d12_p012_L128_lvl5_t150_prof_r03600", "what": "last"}		campaign/05_binary_spiral/p012_paper/v2_spiral_d12_p012_L128_lvl5_t150_prof_r03600/core_radial_profile.dat.gz	2026-09-26	60.44; no longer quoted in research.tex (2026-09-24 feedback edits); row kept for provenance; frozen 2026-10-02: source run ARCHIVED out of the pack (00_archive, superseded superposed/Bowen-York data); value measured before archiving, re-measure on the csm/lbf rerun
clmLadderRestartTime	50	50		def	mergers_restart_time	{"run": "ladder_L5_r05000"}	from one $t=50$ checkpoint || from one $t=50$ state || ($t_0=50$);	campaign/05_binary_spiral/p012_ladder/ladder_L5_r05000/evolution_params.txt (amr.restart ...Chk05000)	2026-09-26	levels 4-7 restart the same Chk05000; the level-3 rung is r03000, which ran through t = 50 itself (refinement_ladder.dat)
clmGaugeEtaRestartTime	50	50		def	mergers_restart_time	{"run": "merge_twin_p012_eta4_lvl5_t066_r05000"}	level 5 from $t=50$ dies || ($t_0=50$,	campaign/05_binary_spiral/p012/merge_twin_p012_eta4_lvl5_t066_r05000/evolution_params.txt (restart of the eta-4 level-3 arm's Chk05000)	2026-09-26	
clmLadderLevelLow	3	3		manual	param	{"run": "merge_orbit_flip_d12_r03000", "key": "max_level"}	maximum levels $3$--	campaign/05_binary_spiral/p012/merge_orbit_flip_d12_r03000/evolution_params.txt	2026-09-26	frozen 2026-10-02: source run ARCHIVED out of the pack (00_archive, superseded superposed/Bowen-York data); value measured before archiving, re-measure on the csm/lbf rerun
clmLadderLevelHigh	7	7		def	param	{"run": "ladder_L7_r05000", "key": "max_level"}	--$7$, every arm	campaign/05_binary_spiral/p012_ladder/ladder_L7_r05000/evolution_params.txt	2026-09-26	
clmLadderGainOne	+1.03	1.03		manual	expr	{"formula": "b-a", "b": {"fn": "mergers_death_time", "run": "ladder_L4_r05000"}, "a": {"fn": "mergers_death_time", "run": "merge_orbit_flip_d12_r03000"}}	doubling saturating: $+1.03$,	run_tail.log of the ladder arms (refinement_ladder.dat)	2026-10-05	53.0956 - 52.0675; frozen 2026-10-02: source run ARCHIVED out of the pack (00_archive, superseded superposed/Bowen-York data); value measured before archiving, re-measure on the csm/lbf rerun
clmLadderGainTwo	+2.51	2.51		auto	expr	{"formula": "b-a", "b": {"fn": "mergers_death_time", "run": "ladder_L5_r05000"}, "a": {"fn": "mergers_death_time", "run": "ladder_L4_r05000"}}	, $+2.51$,	run_tail.log of the ladder arms	2026-09-26	55.6038 - 53.0956
clmLadderGainThree	+0.53	0.53		auto	expr	{"formula": "b-a", "b": {"fn": "mergers_death_time", "run": "ladder_L6_r05000"}, "a": {"fn": "mergers_death_time", "run": "ladder_L5_r05000"}}	, $+0.53$,	run_tail.log of the ladder arms	2026-09-26	56.1348 - 55.6038
clmLadderGainFour	+0.06	0.06		auto	expr	{"formula": "b-a", "b": {"fn": "mergers_death_time", "run": "ladder_L7_r05000"}, "a": {"fn": "mergers_death_time", "run": "ladder_L6_r05000"}}	$+0.06$ units (Fig	run_tail.log of the ladder arms	2026-09-26	56.1988 - 56.1348
clmLadderFactorWord	Sixteen	16		manual	mergers_level_factor	{"lo": "merge_orbit_flip_d12_r03000", "hi": "ladder_L7_r05000"}	Sixteen times the resolution	max_level of the level-3 and level-7 rungs	2026-09-26	2^(7-3); frozen 2026-10-02: source run ARCHIVED out of the pack (00_archive, superseded superposed/Bowen-York data); value measured before archiving, re-measure on the csm/lbf rerun
clmLadderFactor	16	16		manual	mergers_level_factor	{"lo": "merge_orbit_flip_d12_r03000", "hi": "ladder_L7_r05000"}		max_level of the level-3 and level-7 rungs	2026-09-26	the abstract's form of clmLadderFactorWord; no longer quoted in research.tex (2026-09-26 referee fixes); row kept for provenance; no longer quoted in research.tex (2026-09-26 referee fixes); row kept for provenance; frozen 2026-10-02: source run ARCHIVED out of the pack (00_archive, superseded superposed/Bowen-York data); value measured before archiving, re-measure on the csm/lbf rerun
clmLadderTotalGain	4.13	4.13		manual	expr	{"formula": "b-a", "b": {"fn": "mergers_death_time", "run": "ladder_L7_r05000"}, "a": {"fn": "mergers_death_time", "run": "merge_orbit_flip_d12_r03000"}}	resolution bought $4.13$ units	run_tail.log of the ladder arms	2026-10-05	56.1988 - 52.0675; frozen 2026-10-02: source run ARCHIVED out of the pack (00_archive, superseded superposed/Bowen-York data); value measured before archiving, re-measure on the csm/lbf rerun
clmLadderHalfStepGain	+0.36	0.36		auto	expr	{"formula": "b-a", "b": {"fn": "mergers_death_time", "run": "ladder_L5_halfstep_r05000"}, "a": {"fn": "mergers_death_time", "run": "ladder_L5_r05000"}}	level 5 bought $+0.36$, the core matter damping	run_tail.log of the ladder arms	2026-10-05	55.9614 - 55.6038
clmSpiralFromZeroDeath	59.94	59.94		manual	mergers_death_time	{"run": "v2_spiral_d12_p012_L128_lvl5from0_t100"}	standard gauge $59.94$ and	campaign/05_binary_spiral/p012_paper/v2_spiral_d12_p012_L128_lvl5from0_t100/run_tail.log	2026-09-26	59.943; frozen 2026-10-02: source run ARCHIVED out of the pack (00_archive, superseded superposed/Bowen-York data); value measured before archiving, re-measure on the csm/lbf rerun
clmSpiralFromZeroDeathShort	59.9	59.9		manual	mergers_death_time	{"run": "v2_spiral_d12_p012_L128_lvl5from0_t100"}	ilure ($t=59.9$, das	campaign/05_binary_spiral/p012_paper/v2_spiral_d12_p012_L128_lvl5from0_t100/run_tail.log	2026-09-26	the scalar_censorship caption's form of the 59.943 death; frozen 2026-10-02: source run ARCHIVED out of the pack (00_archive, superseded superposed/Bowen-York data); value measured before archiving, re-measure on the csm/lbf rerun
clmGaugeHalvedDeath	43.6	43.6		auto	mergers_death_time	{"run": "merge_twin_p012_lc1_t060"}	dies at $t=43.6$ with || Level 3: $t=43.6$,	campaign/05_binary_spiral/p012/merge_twin_p012_lc1_t060/run_tail.log	2026-09-26	43.649 (K NaN)
clmGaugeHarmonicDeath	49.0	49.0		auto	mergers_death_time	{"run": "merge_twin_p012_lp2_t060"}	$49.0$ with the harmonic-class || , $49.0$,	campaign/05_binary_spiral/p012/merge_twin_p012_lp2_t060/run_tail.log	2026-09-26	49.029
clmGaugeStandardDeath	52.1	52.1		manual	mergers_death_time	{"run": "merge_orbit_flip_d12_r03000"}	$52.1$ in the standard gauge || , $52.1$,	campaign/05_binary_spiral/p012/merge_orbit_flip_d12_r03000/run_tail.log	2026-09-26	52.0675; frozen 2026-10-02: source run ARCHIVED out of the pack (00_archive, superseded superposed/Bowen-York data); value measured before archiving, re-measure on the csm/lbf rerun
clmGaugeEtaDeath	61.9	61.9		auto	mergers_death_time	{"run": "merge_twin_p012_eta4_t100"}	and $61.9$ with the shift || , $61.9$. Level 5	campaign/05_binary_spiral/p012/merge_twin_p012_eta4_t100/run_tail.log	2026-09-26	61.916
clmGaugeEta	4	4		def	param	{"run": "merge_twin_p012_eta4_t100", "key": "eta"}	\to4$, which || ($\eta=4$), and trapping || the $\eta=4$ arm restarted || ; $\eta=4$, || the $\eta=4$ arm carrie || der $\eta=4$ the || standard and the $\eta=4$ gauge	campaign/05_binary_spiral/p012/merge_twin_p012_eta4_t100/evolution_params.txt (and campaign/04_binary_headon/merge_headon_flip_d8_eta4_t050, the eta-4 level-5 arms)	2026-09-26	eta = 1 is the campaign default (ledger_single clmShiftEta)
clmGaugeDelay	10	10	abs:1	manual	expr	{"formula": "((a-b)+(c-d)+(e-f))/3", "a": {"fn": "mergers_tracker_merge_time", "run": "merge_twin_p012_eta4_t100"}, "b": {"fn": "mergers_tracker_merge_time", "run": "merge_orbit_flip_d12_r03000"}, "c": {"fn": "mergers_first_time", "run": "merge_twin_p012_eta4_t100", "file": "collapse_diagnostics.dat", "col": "min_chi", "op": "<=", "threshold": 1.0001e-08}, "d": {"fn": "mergers_first_time", "run": "merge_orbit_flip_d12_r03000", "file": "collapse_diagnostics.dat", "col": "min_chi", "op": "<=", "threshold": 1.0001e-08}, "e": {"fn": "mergers_death_time", "run": "merge_twin_p012_eta4_t100"}, "f": {"fn": "mergers_death_time", "run": "merge_orbit_flip_d12_r03000"}}	by ${\sim}10$ units	campaign/05_binary_spiral/p012/merge_twin_p012_eta4_t100 vs campaign/05_binary_spiral/p012/merge_orbit_flip_d12_r03000	2026-09-26	mean of the three delays: coalescence 9.64, chi floor 10.69, death 9.85. approximate (~ / \approx in the text): tolerance one unit of the last printed digit.; frozen 2026-10-02: source run ARCHIVED out of the pack (00_archive, superseded superposed/Bowen-York data); value measured before archiving, re-measure on the csm/lbf rerun
clmGaugeEtaCoalescence	41.7	41.7		auto	mergers_tracker_merge_time	{"run": "merge_twin_p012_eta4_t100"}	g the two centres at $t=41.7$ against $\	campaign/05_binary_spiral/p012/merge_twin_p012_eta4_t100/throat_track.dat	2026-09-26	41.70; anchors re-cut 2026-09-24 (feedback edits)
clmGaugeStandardCoalescence	32.1	32.1		manual	mergers_tracker_merge_time	{"run": "merge_orbit_flip_d12_r03000"}	against $32.1$, $\chi$	campaign/05_binary_spiral/p012/merge_orbit_flip_d12_r03000/throat_track.dat	2026-09-26	32.06 (merge_twin_p012_plain_t100 from t = 0: 32.05); frozen 2026-10-02: source run ARCHIVED out of the pack (00_archive, superseded superposed/Bowen-York data); value measured before archiving, re-measure on the csm/lbf rerun
clmGaugeEtaChiFloor	55.6	55.6		auto	mergers_first_time	{"run": "merge_twin_p012_eta4_t100", "file": "collapse_diagnostics.dat", "col": "min_chi", "op": "<=", "threshold": 1.0001e-08}	floor at $55.6$ against	campaign/05_binary_spiral/p012/merge_twin_p012_eta4_t100/collapse_diagnostics.dat	2026-09-26	first min chi on the 1e-8 clamp: 55.60
clmGaugeStandardChiFloor	44.9	44.9		manual	mergers_first_time	{"run": "merge_orbit_flip_d12_r03000", "file": "collapse_diagnostics.dat", "col": "min_chi", "op": "<=", "threshold": 1.0001e-08}	against $44.9$)	campaign/05_binary_spiral/p012/merge_orbit_flip_d12_r03000/collapse_diagnostics.dat	2026-09-26	44.91; frozen 2026-10-02: source run ARCHIVED out of the pack (00_archive, superseded superposed/Bowen-York data); value measured before archiving, re-measure on the csm/lbf rerun
clmHeadonHarmonicDeath	25.2	25.2		auto	mergers_death_time	{"run": "merge_headon_flip_d8_lp2_t030"}	deaths at $25.2$ (harmonic)	campaign/04_binary_headon/merge_headon_flip_d8_lp2_t030/run_tail.log	2026-09-26	25.225
clmHeadonStandardDeath	26.9	26.9		manual	mergers_death_time	{"run": "merge_headon_flip_d8_v1_t100"}	$26.9$ (standard)	campaign/04_binary_headon/merge_headon_flip_d8_v1_t100/run_tail.log	2026-09-26	26.9125 (= clmHeadonScoutDeath); frozen 2026-10-02: source run ARCHIVED out of the pack (00_archive, superseded superposed/Bowen-York data); value measured before archiving, re-measure on the csm/lbf rerun
clmHeadonEtaDeath	34.2	34.2		auto	mergers_death_time	{"run": "merge_headon_flip_d8_eta4_t050"}	and $34.2$ ($\eta	campaign/04_binary_headon/merge_headon_flip_d8_eta4_t050/run_tail.log	2026-09-26	34.151
clmHeadonHarmonicMotsTime	20.8	20.8		auto	mergers_mots_first	{"run": "merge_headon_flip_d8_lp2_t030"}	appears at $t=20.8$ with	campaign/04_binary_headon/merge_headon_flip_d8_lp2_t030/horizon_scan.dat (live oriented scan, centre C)	2026-09-26	
clmHeadonHarmonicMotsRadius	5.47	5.47		auto	mergers_mots_first	{"run": "merge_headon_flip_d8_lp2_t030", "col": "R_mots"}	with $R=5.47$ against	campaign/04_binary_headon/merge_headon_flip_d8_lp2_t030/horizon_scan.dat	2026-09-26	5.465
clmHeadonStandardMotsRadius	5.40	5.40		manual	mergers_mots_first	{"run": "merge_headon_flip_d8_v1_t100", "col": "R_mots"}	the standard $5.40$---	campaign/04_binary_headon/merge_headon_flip_d8_v1_t100/horizon_scan.dat (live scan, first MOTS row t = 22)	2026-09-26	5.402 on the scout's LIVE scan; its offline fine scan reads 5.56 at the same t = 22 (clmHeadonMotsRadius); frozen 2026-10-02: source run ARCHIVED out of the pack (00_archive, superseded superposed/Bowen-York data); value measured before archiving, re-measure on the csm/lbf rerun
clmHeadonHarmonicLead	4.4	4.4		auto	expr	{"formula": "d-m", "d": {"fn": "mergers_death_time", "run": "merge_headon_flip_d8_lp2_t030"}, "m": {"fn": "mergers_mots_first", "run": "merge_headon_flip_d8_lp2_t030"}}	clock, $4.4$ units ahead	campaign/04_binary_headon/merge_headon_flip_d8_lp2_t030/run_tail.log and horizon_scan.dat	2026-09-26	25.225 - 20.8
clmHeadonEtaTrapped	30.8	30.8		auto	mergers_mots_first	{"run": "merge_headon_flip_d8_eta4_t050", "trapped": true}		campaign/04_binary_headon/merge_headon_flip_d8_eta4_t050/horizon_scan.dat	2026-09-26	first row with fully trapped spheres (no MOTS row ever); superseded 2026-09-26 by the flow finder's MOTS from t <= 30.0 (clmHeadonEtaMotsTime); no longer quoted in research.tex (2026-09-26 referee fixes); row kept for provenance
clmGaugeEtaLevelFiveDeath	60.04	60.04		auto	mergers_death_time	{"run": "merge_twin_p012_eta4_lvl5_t066_r05000"}	dies at $60.04$, || $60.04$ and	campaign/05_binary_spiral/p012/merge_twin_p012_eta4_lvl5_t066_r05000/run_tail.log	2026-09-26	60.04125, the last ADVANCE before the h11 NaN. Primary since 2026-09-25: the pack now holds the full log (the 09-24 repack), so the death is read from run_tail.log instead of the transcribed wall_clocks.dat row
clmGaugeEtaLevelFiveGap	1.9	1.9		auto	expr	{"formula": "a-b", "a": {"fn": "mergers_death_time", "run": "merge_twin_p012_eta4_t100"}, "b": {"fn": "mergers_death_time", "run": "merge_twin_p012_eta4_lvl5_t066_r05000"}}	$1.9$ units \emph{before}	campaign/05_binary_spiral/p012/merge_twin_p012_eta4_t100/run_tail.log and campaign/05_binary_spiral/p012/merge_twin_p012_eta4_lvl5_t066_r05000/run_tail.log	2026-09-26	61.916 - 60.041 = 1.875
clmGaugeEtaRestartSixty	60	60		def	mergers_restart_time	{"run": "merge_twin_p012_eta4_lvl5_t066_r06000"}	restart at $t=60$ fails || $60$).	campaign/05_binary_spiral/p012/merge_twin_p012_eta4_lvl5_t066_r06000/evolution_params.txt (amr.restart ...Chk06000)	2026-09-26	
clmGaugeEtaRestartSixtyDeath	60.05	60.05		auto	mergers_death_time	{"run": "merge_twin_p012_eta4_lvl5_t066_r06000"}	at once, at $60.05$) || and $60.05$ ($t_0	campaign/05_binary_spiral/p012/merge_twin_p012_eta4_lvl5_t066_r06000/run_tail.log	2026-09-26	60.0547
clmGaugeStandardLevelFiveDeath	55.60	55.60		auto	mergers_death_time	{"run": "ladder_L5_r05000"}	dies at $55.60$---a || and $55.60$ on $L=64$	campaign/05_binary_spiral/p012_ladder/ladder_L5_r05000/run_tail.log	2026-09-26	55.6038
clmGaugeLevelFiveSpread	4	4	abs:1	auto	expr	{"formula": "a-b", "a": {"fn": "mergers_death_time", "run": "merge_twin_p012_eta4_lvl5_t066_r05000"}, "b": {"fn": "mergers_death_time", "run": "ladder_L5_r05000"}}	separation of ${\sim}4$ units	campaign/05_binary_spiral/p012/merge_twin_p012_eta4_lvl5_t066_r05000/run_tail.log and campaign/05_binary_spiral/p012_ladder/ladder_L5_r05000/run_tail.log	2026-09-26	60.041 - 55.604 = 4.44. approximate (~ / \approx in the text): tolerance one unit of the last printed digit.
clmGaugeLevelThreeSpread	9.8	9.8		manual	expr	{"formula": "a-b", "a": {"fn": "mergers_death_time", "run": "merge_twin_p012_eta4_t100"}, "b": {"fn": "mergers_death_time", "run": "merge_orbit_flip_d12_r03000"}}	against $9.8$ at level 3	campaign/05_binary_spiral/p012/merge_twin_p012_eta4_t100 and campaign/05_binary_spiral/p012/merge_orbit_flip_d12_r03000 run_tail.log	2026-09-26	61.916 - 52.0675 = 9.85; frozen 2026-10-02: source run ARCHIVED out of the pack (00_archive, superseded superposed/Bowen-York data); value measured before archiving, re-measure on the csm/lbf rerun
clmGaugeLapseCoeff	2	2		manual	param	{"run": "merge_orbit_flip_d12_r03000", "key": "lapse_coeff"}	gauge is $c=2$,	campaign/05_binary_spiral/p012/merge_orbit_flip_d12_r03000/evolution_params.txt (lapse_coeff)	2026-09-26	the standard gauge's 1+log coefficient; the halved-coefficient arm merge_twin_p012_lc1_t060 has 1; frozen 2026-10-02: source run ARCHIVED out of the pack (00_archive, superseded superposed/Bowen-York data); value measured before archiving, re-measure on the csm/lbf rerun
clmGaugeLapsePower	1	1		manual	param	{"run": "merge_orbit_flip_d12_r03000", "key": "lapse_power"}	$p=1$, $\eta	campaign/05_binary_spiral/p012/merge_orbit_flip_d12_r03000/evolution_params.txt (lapse_power)	2026-09-26	the harmonic-class arm merge_twin_p012_lp2_t060 has 2; eta = 1 in the same list is ledger_single's clmShiftEta; frozen 2026-10-02: source run ARCHIVED out of the pack (00_archive, superseded superposed/Bowen-York data); value measured before archiving, re-measure on the csm/lbf rerun
clmControlChiDigits	four	4		auto	mergers_twin_digits	{"a": "single_hold_t100", "b": "single_hold_chireg_t100", "t": 100}	re-converge to four digits	campaign/01_single_throat/hold/single_hold_t100 vs campaign/01_single_throat/hold/single_hold_chireg_t100: collapse_diagnostics.dat, constraint_norms.dat	2026-09-26	the chi-clamp twins (min_chi 1e-8 vs 1e-20) at t = 100: worst relative difference 2.7e-5 (max|K|), floor(-log10) = 4; lapse, chi and both norms agree to 1e-8 (registry: 'equal to 4 digits at t = 100')
clmControlOverlapStart	57.0	57.0		manual	mergers_restart_time	{"run": "v2_spiral_d12_p012_L128_lvl5_t100_freeze_r05700"}		campaign/05_binary_spiral/p012_paper/v2_spiral_d12_p012_L128_lvl5_t100_freeze_r05700/evolution_params.txt (amr.restart ...Chk05700; core_fill_from_time 57.0)	2026-09-26	no longer quoted in research.tex (2026-09-24 feedback edits); row kept for provenance; frozen 2026-10-02: source run ARCHIVED out of the pack (00_archive, superseded superposed/Bowen-York data); value measured before archiving, re-measure on the csm/lbf rerun
clmControlOverlapEnd	60.4	60.4		manual	mergers_death_time	{"run": "v2_spiral_d12_p012_L128_lvl5_t150_prof_r03600"}		campaign/05_binary_spiral/p012_paper/v2_spiral_d12_p012_L128_lvl5_t150_prof_r03600/run_tail.log	2026-09-26	60.445; no longer quoted in research.tex (2026-09-24 feedback edits); row kept for provenance; frozen 2026-10-02: source run ARCHIVED out of the pack (00_archive, superseded superposed/Bowen-York data); value measured before archiving, re-measure on the csm/lbf rerun
clmControlByteRows	2384	2384		manual	mergers_rows	{"run": "v2_spiral_d12_p012_L128_lvl5_t150_prof_r03600", "file": "Weyl4_mode_22.dat", "t0": 36.0, "t1": 59.84}	over $2384$ output rows	campaign/05_binary_spiral/p012_paper/v2_spiral_d12_p012_L128_lvl5_t150_prof_r03600/Weyl4_mode_22.dat; campaign/05_binary_spiral/p012_paper/v2_spiral_d12_p012_L128_lvl5_t150_prof_r03600/README.md point 4	2026-09-26	counts the shared window t = 36.01-59.84 of the profiled arm; the byte identity itself cannot be re-checked: the predecessor v2_spiral_d12_p012_L128_lvl5_t100_r03600 was unpacked 2026-09-16 (a byte-exact prefix, registry); frozen 2026-10-02: source run ARCHIVED out of the pack (00_archive, superseded superposed/Bowen-York data); value measured before archiving, re-measure on the csm/lbf rerun
clmControlDtMedium	0.05	0.05		def	param	{"run": "single_hold_dt005_t070", "key": "dt_multiplier"}	fail: a multiplier of $0.05$ departs fr	campaign/01_single_throat/hold/single_hold_dt005_t070/evolution_params.txt	2026-09-26	anchors re-cut 2026-09-24 (feedback edits)
clmControlDtMediumDeparture	33	33	abs:1	auto	mergers_departure_time	{"ref": "single_hold_t100", "twin": "single_hold_dt005_t070"}	at $t\approx33$, and	campaign/01_single_throat/hold/single_hold_dt005_t070 vs campaign/01_single_throat/hold/single_hold_t100 constraint_norms.dat	2026-09-26	first time the Hamiltonian norm differs from the dt = 0.02 reference by x2: 32.95 (registry: 'NOT the dt = 0.02 solution past t ~ 33'). The departure is criterion-dependent: max|K| is already x2 off at t = 28.2, the throat radius only leaves 1e-3 at t = 36. approximate (~ / \approx in the text): tolerance one unit of the last printed digit.
clmControlDtLarge	0.1	0.1		def	param	{"run": "single_hold_dt01_t070", "key": "dt_multiplier"}	and $0.1$ dies	campaign/01_single_throat/hold/single_hold_dt01_t070/evolution_params.txt	2026-09-26	
clmControlDtLargeDeath	16	16		auto	mergers_death_time	{"run": "single_hold_dt01_t070"}	trolDtLarge$ dies at $t=16$.	campaign/01_single_throat/hold/single_hold_dt01_t070/run_tail.log	2026-09-26	16.069; anchors re-cut 2026-09-24 (feedback edits)
clmControlFloorDecades	four	4		auto	mergers_psi4_decades	{"run": "single_eps_p1e2_t100", "radius": 14, "early_t1": 40, "late_t0": 80}		campaign/01_single_throat/seed/single_eps_p1e2_t100/psi4_mode_l2m0.dat (the spherical control of the quadrupole arms)	2026-09-26	log10 of peak |r psi4(2,0)| after t = 80 over its peak up to t = 40 at R = 14: log10(1.8e-1/3.3e-5) = 3.7 (GPU_PLAN queue 2c / README numbers); no longer quoted in research.tex (2026-09-24 feedback edits); row kept for provenance
clmControlFloorInnerSphere	14	14		def	mergers_stream_radius	{"run": "single_eps_p1e2_t100", "file": "psi4_mode_l2m0.dat", "index": 0}		campaign/01_single_throat/seed/single_eps_p1e2_t100/psi4_mode_l2m0.dat header	2026-09-26	the consumer's inner sphere on the L = 64 single-throat arms; no longer quoted in research.tex (2026-09-24 feedback edits); row kept for provenance
clmControlFloorOuterSphere	30	30		def	mergers_stream_radius	{"run": "single_eps_p1e2_t100", "file": "psi4_mode_l2m0.dat", "index": 1}		campaign/01_single_throat/seed/single_eps_p1e2_t100/psi4_mode_l2m0.dat header	2026-09-26	the consumer's outer sphere; no longer quoted in research.tex (2026-09-24 feedback edits); row kept for provenance
clmControlFloorOuter	1.1\times10^{-3}	1.1e-3		auto	mergers_psi4_level	{"run": "single_eps_p1e2_t100", "radius": 30}		campaign/01_single_throat/seed/single_eps_p1e2_t100/psi4_mode_l2m0.dat	2026-09-26	peak |r psi4(2,0)| at R = 30 over the whole record: 1.06e-3; no longer quoted in research.tex (2026-09-24 feedback edits); row kept for provenance
clmHelferMinSepThree	4.6	4.6		auto	mergers_sep	{"run": "merge_twin_p012_helfer_t100", "what": "min"}		campaign/05_binary_spiral/p012/merge_twin_p012_helfer_t100/binary_throat_diagnostics.dat	2026-09-26	4.556 at t = 36.25; no longer quoted in research.tex (2026-09-24 feedback edits); row kept for provenance
clmHelferMinSepFour	4.9	4.9		auto	mergers_sep	{"run": "merge_twin_p012_helfer_lvl4_t100", "what": "min"}		campaign/05_binary_spiral/p012/merge_twin_p012_helfer_lvl4_t100/binary_throat_diagnostics.dat	2026-09-26	4.940; no longer quoted in research.tex (2026-09-24 feedback edits); row kept for provenance
clmHelferLevelFiveStop	32	32		auto	mergers_end_time	{"run": "merge_twin_p012_helfer_lvl5_t100"}		campaign/05_binary_spiral/p012/merge_twin_p012_helfer_lvl5_t100/run_tail.log	2026-09-26	last ADVANCE 32.069; no longer quoted in research.tex (2026-09-24 feedback edits); row kept for provenance
clmHelferLevelFiveSep	5.2	5.2		auto	mergers_sep	{"run": "merge_twin_p012_helfer_lvl5_t100", "what": "last"}		campaign/05_binary_spiral/p012/merge_twin_p012_helfer_lvl5_t100/binary_throat_diagnostics.dat	2026-09-26	5.163 on the last row; no longer quoted in research.tex (2026-09-24 feedback edits); row kept for provenance
clmHelferFlybyHamStart	3.2\times10^{-3}	3.2e-3		auto	mergers_value	{"run": "merge_orbit_flip_d12_p045_helfer_t090", "file": "constraint_norms.dat", "col": "L2_Ham", "t": 30}		campaign/06_binary_flyby/p045/merge_orbit_flip_d12_p045_helfer_t090/constraint_norms.dat	2026-09-26	3.18e-3 at t = 30, where the corrected fly-by departs from its plain twin (registry); the plain twin merge_orbit_flip_d12_p045_t200 holds 2.2e-3 over the same window. The Helfer arm's early record carries one-row spikes (0.77 at t = 12.85), so the window matters; no longer quoted in research.tex (2026-09-24 feedback edits); row kept for provenance
clmHelferFlybyHamEnd	1.6\times10^{-2}	1.6e-2		auto	mergers_value	{"run": "merge_orbit_flip_d12_p045_helfer_t090", "file": "constraint_norms.dat", "col": "L2_Ham", "t": 37}		campaign/06_binary_flyby/p045/merge_orbit_flip_d12_p045_helfer_t090/constraint_norms.dat	2026-09-26	1.59e-2 at t = 37 (the record stops at 37.29); 'seven units' is the t = 30-37 window; no longer quoted in research.tex (2026-09-24 feedback edits); row kept for provenance
clmGrtresnaErrorBefore	4.9	4.9		manual				research/merger/GPU_PLAN.md §2 checklist ('GRTresna outer boundary condition on psi_reg ... Robin, psi_robin_boundary, GRTresna 7ae07cd -- psi 4.89 % -> 0.68 %') and §3 queue row 3 ('DROPPED 2026-09-15')		an offline GRTresna solve at N = 64 against the exact drainhole; no solver output is packed; no longer quoted in research.tex (2026-09-24 feedback edits); row kept for provenance
clmGrtresnaErrorAfter	0.7	0.7		manual				same GPU_PLAN lines as clmGrtresnaErrorBefore (0.68 %)		offline solve, not packed; no longer quoted in research.tex (2026-09-24 feedback edits); row kept for provenance
clmRemnantRadiusMean	4.16	4.16	abs:0.01	manual	expr	{"formula": "(h+4.15)/2", "h": {"fn": "mergers_mots_value", "run": "merge_headon_flip_d8_v1_lvl3down_t100_r03500", "col": "R_mots", "t": 97}}	both end at $R\simeq4.16$	campaign/04_binary_headon/merge_headon_flip_d8_v1_lvl3down_t100_r03500/horizon_scan.dat (t = 97) and the spiral's manual 4.15 (research/merger/GPU_PLAN.md, heading '### R0 VERDICT (2026-09-21, ~07:20) — THE SPIRAL HAS A COMMON HORIZON; THE WALL IS CENSORED, NOT NAKED', bullet 'SLICE-HUNT VERDICT (2026-09-21 06:59 ...)')	2026-09-26	mean of the head-on 4.167 and the spiral 4.15 (manual clmSpiralRemnantRadius) = 4.159. approximate (~ / \approx in the text): tolerance one unit of the last printed digit.; frozen 2026-10-02: source run ARCHIVED out of the pack (00_archive, superseded superposed/Bowen-York data); value measured before archiving, re-measure on the csm/lbf rerun
clmSpiralFlowLeadWord	five	5		manual	expr	{"formula": "d-55.0", "d": {"fn": "mergers_death_time", "run": "v2_spiral_d12_p012_L128_lvl5_t150_prof_r03600"}}	FlowBirthTime$, is only five units old a	campaign/05_binary_spiral/p012_paper/v2_spiral_d12_p012_L128_lvl5_t150_prof_r03600/run_tail.log minus the flow finder's t = 55.0 (manual)	2026-09-26	the abstract's (and GW section's) form of clmSpiralFlowLead: 5.445; anchors re-cut 2026-09-24 (feedback edits); frozen 2026-10-02: source run ARCHIVED out of the pack (00_archive, superseded superposed/Bowen-York data); value measured before archiving, re-measure on the csm/lbf rerun
clmHeadonGwShare	1.7	1.7		manual			carry only $1.7\%$ of that loss	100 x E_GW / (M_MS(18) - M_MS(100)) = 100 x 0.0073 / 0.4276	2026-10-05	re-measured 2026-10-05 on the finder's history (was the superposed scan's share)
clmGaugeEtaWallLag	6.3	6.3		auto	expr	{"formula": "d-c", "d": {"fn": "mergers_death_time", "run": "merge_twin_p012_eta4_t100"}, "c": {"fn": "mergers_first_time", "run": "merge_twin_p012_eta4_t100", "file": "collapse_diagnostics.dat", "col": "min_chi", "op": "<=", "threshold": 1.0001e-08}}	ws its $\chi$ floor by $6.3$ units agai	clmGaugeEtaDeath - clmGaugeEtaChiFloor	2026-09-26	added 2026-09-24 (user feedback on the paper; D2 spiral analysis); anchors re-cut 2026-09-24 (feedback edits)
clmGaugeStandardWallLag	7.2	7.2		manual	expr	{"formula": "d-c", "d": {"fn": "mergers_death_time", "run": "merge_orbit_flip_d12_r03000"}, "c": {"fn": "mergers_first_time", "run": "merge_orbit_flip_d12_r03000", "file": "collapse_diagnostics.dat", "col": "min_chi", "op": "<=", "threshold": 1.0001e-08}}	WallLag$ units against $7.2$---not beca	clmGaugeStandardDeath - clmGaugeStandardChiFloor	2026-09-26	added 2026-09-24 (user feedback on the paper; D2 spiral analysis); anchors re-cut 2026-09-24 (feedback edits); frozen 2026-10-02: source run ARCHIVED out of the pack (00_archive, superseded superposed/Bowen-York data); value measured before archiving, re-measure on the csm/lbf rerun
clmWallLevelThreeLo	52.1	52.1		manual			failure arrived at $t=52.1$--	grteclyn-wrapper/scripts/analysis/merger_feedback/wall_vs_momentum.py: level-3 deaths across the momentum scan (L = 64) 52.07/53.35/52.09/52.98 at p = 0.12/0.15/0.20/0.25	2026-10-05	added 2026-09-24 (user feedback on the paper; D2 spiral analysis); anchors re-cut 2026-09-24 (feedback edits)
clmWallLevelThreeHi	53.4	53.4		manual			\clmWallLevelThreeLo$--$53.4$ with no tr	grteclyn-wrapper/scripts/analysis/merger_feedback/wall_vs_momentum.py (same)		added 2026-09-24 (user feedback on the paper; D2 spiral analysis); anchors re-cut 2026-09-24 (feedback edits)
clmWallKLo	0.71	0.71		manual			arms dying at $\max|K|=0.71$--$\clmWall	grteclyn-wrapper/scripts/analysis/merger_feedback/wall_vs_momentum.py: max|K| one unit before the level-5 NaN, p = 0.15/0.20/0.25: 0.94/0.71/1.05		added 2026-09-24 (user feedback on the paper; D2 spiral analysis); anchors re-cut 2026-09-24 (feedback edits)
clmWallKHi	1.05	1.05		manual			$\max|K|=\clmWallKLo$--$1.05$; and the h	grteclyn-wrapper/scripts/analysis/merger_feedback/wall_vs_momentum.py (same)		added 2026-09-24 (user feedback on the paper; D2 spiral analysis); anchors re-cut 2026-09-24 (feedback edits)
clmHeadonKPeak	1.36	1.36		manual			passed a peak of $1.36$ and survived	grteclyn-wrapper/scripts/analysis/merger_feedback/wall_vs_momentum.py: the level-5 head-on's max|K| peak (t = 31.5), which it survives	2026-10-05	added 2026-09-24 (user feedback on the paper; D2 spiral analysis); anchors re-cut 2026-09-24 (feedback edits)
clmFlybyTrust	70	70		def	trust_window	{"run": "merge_orbit_flip_d12_p045_L128_lvl5_t100"}	run after $t=70$ (second rule)	results/merger/trust_windows.tsv (the fly-by's row)	2026-09-26	added 2026-09-26 (referee fixes): the fly-by's constraint norms grow by orders of magnitude as its mouths inflate (L2 H 5.8e-4 at t = 40, 2.5e-2 at t = 70, 0.51 at t = 100)
clmFlybyTrustRetarded	50	50		manual	expr	{"formula": "a-b", "a": {"fn": "trust_window", "run": "merge_orbit_flip_d12_p045_L128_lvl5_t100"}, "b": {"fn": "param", "run": "merge_orbit_flip_d12_p045_L128_lvl5_t100", "key": "extraction_radii", "index": 0}}	ends ($t-R=50$). || drawn to $t-R=50$ (the fly-by || drawn to $t-R=50$ (its trust || this sphere ($t-R=50$).	the trust window (clmFlybyTrust) at the innermost extraction sphere R = 20: the retarded time of plot_psi4_gallery's fly-by gate	2026-09-26	added 2026-09-26; frozen 2026-10-02: source run ARCHIVED out of the pack (00_archive, superseded superposed/Bowen-York data); value measured before archiving, re-measure on the csm/lbf rerun
clmMouthTauFlybyPlaced	3.9	3.9		manual	mergers_mouth	{"run": "merge_orbit_flip_d12_p045_L128_lvl5_t100", "what": "tau_placed"}	er ($\tau=3.9$ over	results/merger/analysis/mouth_placement.py; extract_mergers.mergers_mouth: R/R_p(d) - 1 with R_p the placement curve at the pit separation reached (power law between probes), fitted as plot_mouth_growth._tau over t = 8-25	2026-09-26	3.920 (subtracting the excess: 3.873); the uncorrected 4.331; rms 0.21 against 0.15 uncorrected; local e-fold 3.1 -> 5.5 across the window; added 2026-09-26 (referee fixes: the correction SHORTENS tau, so the reading is not a lower bound); frozen 2026-10-02: source run ARCHIVED out of the pack (00_archive, superseded superposed/Bowen-York data); value measured before archiving, re-measure on the csm/lbf rerun
clmMouthSeedFlybyPlaced	2\times10^{-4}	2e-4		manual	mergers_mouth	{"run": "merge_orbit_flip_d12_p045_L128_lvl5_t100", "what": "seed_placed"}	seed of $2\times10^{-4}$--$\c || {\rm eff}=2\times10^{-4}$--$\c || ve seed, $2\times10^{-4}$--$\c	as clmMouthTauFlybyPlaced: the corrected fit back-extrapolated to t = 0	2026-09-26	2.28e-4 (subtracting: 2.41e-4), against the uncorrected 6.44e-4 (clmDetEffSeed); added 2026-09-26; frozen 2026-10-02: source run ARCHIVED out of the pack (00_archive, superseded superposed/Bowen-York data); value measured before archiving, re-measure on the csm/lbf rerun
clmHeadonEtaMotsTime	30.0	30.0		manual			from $t\le30.0$ ($R=	research/merger/GPU_PLAN.md, heading '### 2026-09-25 (morning) — the η = 4 level-5 probes closed out: the spiral wall is censored under η = 4 too; every η = 4 "no horizon" was the finder's box', hunt table row 'head-on, level 3 (R3a, …_eta4_t050, NFS keeps) | 30.0 | 5.41 ± 0.02'; logs runs/wormhole_merger/04_binary_headon/_keep_r3a_eta4_plt03000/l3headon_p03000_s{3.0,5.0,7.5}.log; registry row merge_headon_flip_d8_eta4_t050 (2026-09-25 addendum)		earliest slice hunted, so an upper bound on formation ('t <= 30.0'). The slice is the stop-30 twin merge_headon_flip_d8_eta4_t030's Plt03000, bit-identical to merge_headon_flip_d8_eta4_t050 over t <= 30 (collapse_diagnostics and constraint_norms identical on all 601 shared rows). shape-free flow finder (grteclyn-wrapper/scripts/validation/ah_flow_finder.py, level-2 sampling, half 9, lmax 8, centre (32,32,32), inner/middle/outer seeds); slices deleted 2026-09-25 (MANIFEST_CLEANUP_2026-09-25), logs only, nothing in the pack; added 2026-09-26 (referee fixes: the 09-25 eta = 4 hunts in Sec. spiral:wall)
clmHeadonEtaMotsRadius	5.41	5.41		manual			Time$ ($R=5.41$), wh	research/merger/GPU_PLAN.md, heading '### 2026-09-25 (morning) — the η = 4 level-5 probes closed out: the spiral wall is censored under η = 4 too; every η = 4 "no horizon" was the finder's box', same table row; logs as clmHeadonEtaMotsTime		seeds r0 = 3.0/5.0/7.5: R 5.387/5.412/5.425 (bracket mid 5.406 +- 0.019); M_MS 2.705/2.698/2.701; theta_in max -0.19. shape-free flow finder (grteclyn-wrapper/scripts/validation/ah_flow_finder.py, level-2 sampling, half 9, lmax 8, centre (32,32,32), inner/middle/outer seeds); slices deleted 2026-09-25 (MANIFEST_CLEANUP_2026-09-25), logs only, nothing in the pack; added 2026-09-26 (referee fixes: the 09-25 eta = 4 hunts in Sec. spiral:wall)
clmHeadonEtaLevelFiveEnd	40	40		auto	mergers_end_time	{"run": "merge_headon_flip_d8_eta4_lvl5_t040_r03200"}	ure to $t=40$. In	campaign/04_binary_headon/merge_headon_flip_d8_eta4_lvl5_t040_r03200/run_tail.log	2026-09-26	last ADVANCE 39.9996875, no NaN (stop 40): 5.85 past the level-3 death 34.15; added 2026-09-26 (referee fixes: the 09-25 eta = 4 hunts in Sec. spiral:wall)
clmGaugeEtaMotsTime	55.2	55.2		manual			from $t\le55.2$ ($R=	research/merger/GPU_PLAN.md, heading '### 2026-09-25 (morning) — the η = 4 level-5 probes closed out: the spiral wall is censored under η = 4 too; every η = 4 "no horizon" was the finder's box', table row 'spiral, level 5 (_r05000) | 55.2 | 4.827 ± 0.004'; logs runs/wormhole_merger/05_binary_spiral/p012/_keep_eta4_lvl5_mots_r05000/spiral4_p05520_l10_s{3.0,6.0}.log; registry row merge_twin_p012_eta4_lvl5_t066_r05000		earliest surviving slice (rolling keep-last 25: Plt05520-06000), so 't <= 55.2'; converges only at lmax 10 (lmax 8 stalls at rms 3.4e-3 on the same surface: spiral2_p05520_*); theta_in max -0.05..-0.06 (newborn). shape-free flow finder (grteclyn-wrapper/scripts/validation/ah_flow_finder.py, level-2 sampling, half 9, lmax 8, centre (32,32,32), inner/middle/outer seeds); slices deleted 2026-09-25 (MANIFEST_CLEANUP_2026-09-25), logs only, nothing in the pack; added 2026-09-26 (referee fixes: the 09-25 eta = 4 hunts in Sec. spiral:wall)
clmGaugeEtaMotsRadius	4.83	4.83		manual			Time$ ($R=4.83$, $M_	research/merger/GPU_PLAN.md, heading '### 2026-09-25 (morning) — the η = 4 level-5 probes closed out: the spiral wall is censored under η = 4 too; every η = 4 "no horizon" was the finder's box', same row; logs as clmGaugeEtaMotsTime		lmax-10 seeds 4.8225/4.8313 -> 4.827 +- 0.004; M_MS 2.412/2.414; added 2026-09-26 (referee fixes: the 09-25 eta = 4 hunts in Sec. spiral:wall)
clmGaugeEtaMassAgreement	0.3	0.3		manual			$ within $0.3\%$ of	research/merger/GPU_PLAN.md, heading '### 2026-09-25 (morning) — the η = 4 level-5 probes closed out: the spiral wall is censored under η = 4 too; every η = 4 "no horizon" was the finder's box', verdict (2) ('M_MS within 0.3 % of the standard level-5 hunt at equal t (R0: 2.412 / 2.400 / 2.387 / 2.361 at 55 / 56 / 57 / 59)'); eta-4 logs runs/wormhole_merger/05_binary_spiral/p012/_keep_eta4_lvl5_mots_r05000/; standard values research/merger/GPU_PLAN.md, heading '### R0 VERDICT (2026-09-21, ~07:20) — THE SPIRAL HAS A COMMON HORIZON; THE WALL IS CENSORED, NOT NAKED', bullet 'SLICE-HUNT VERDICT'		eta-4 seed means 2.4127/2.3910/2.3783/2.3546 at t = 55.2/57/58/60 against the standard 2.412/2.3997/2.3874/2.3606 at 55/56/57/59: +0.03 % (55.2 vs 55.0), +0.13 % (standard interpolated to 55.2), +0.14 % (56), +0.15 % (57, the only time both hunted), +0.18 % (58), +0.25 % (59, eta-4 interpolated); worst 0.25 %, eta-4 always the higher. Cross-box: the eta-4 arm is L = 64, the standard hunts L = 128 (production chain at 55-57, level-5-from-0 arm at 59); added 2026-09-26 (referee fixes: the 09-25 eta = 4 hunts in Sec. spiral:wall)
clmGaugeEtaLevelThreeMotsFirst	60.01	60.01		manual			l 3 at $t=60.01$ and	research/merger/GPU_PLAN.md, heading '### 2026-09-25 (morning) — the η = 4 level-5 probes closed out: the spiral wall is censored under η = 4 too; every η = 4 "no horizon" was the finder's box', table row 'spiral, level 3 (R1, merge_twin_p012_eta4_t100, NFS keeps) | 60.01 | 4.710 ± 0.013'; logs runs/wormhole_merger/05_binary_spiral/p012/_keep_r1_eta4_plt06001/l3spiral_p06001_s{3.0,4.0,6.5}.log; registry row merge_twin_p012_eta4_t100 (2026-09-25 addendum)		slice from the stop-60 twin merge_twin_p012_eta4_t060 (bit-identical to merge_twin_p012_eta4_t100 on all 1201 shared rows, t <= 60); R 4.710 +- 0.013, M_MS 2.355 (= the level-5 arm at t = 60.0 to 4 digits). shape-free flow finder (grteclyn-wrapper/scripts/validation/ah_flow_finder.py, level-2 sampling, half 9, lmax 8, centre (32,32,32), inner/middle/outer seeds); slices deleted 2026-09-25 (MANIFEST_CLEANUP_2026-09-25), logs only, nothing in the pack; added 2026-09-26 (referee fixes: the 09-25 eta = 4 hunts in Sec. spiral:wall)
clmGaugeEtaLevelThreeMotsLast	61.5	61.5		manual			rst$ and $61.5$, bef	research/merger/GPU_PLAN.md, heading '### 2026-09-25 (morning) — the η = 4 level-5 probes closed out: the spiral wall is censored under η = 4 too; every η = 4 "no horizon" was the finder's box', table row '| 61.5 | 4.676 ± 0.014 | 2.338 |'; logs runs/wormhole_merger/05_binary_spiral/p012/_keep_r1_eta4_t100_deathwin/l3spiral_p06150_s{3.0,4.0,6.5}.log		R 4.676 +- 0.014, M_MS 2.338, theta_in <= -0.23; 0.42 before the NaN (61.916). shape-free flow finder (grteclyn-wrapper/scripts/validation/ah_flow_finder.py, level-2 sampling, half 9, lmax 8, centre (32,32,32), inner/middle/outer seeds); slices deleted 2026-09-25 (MANIFEST_CLEANUP_2026-09-25), logs only, nothing in the pack; added 2026-09-26 (referee fixes: the 09-25 eta = 4 hunts in Sec. spiral:wall)
clmGaugeEtaDeathFine	61.92	61.92		auto	mergers_death_time	{"run": "merge_twin_p012_eta4_t100"}	ilure at $61.92$. Und	campaign/05_binary_spiral/p012/merge_twin_p012_eta4_t100/run_tail.log	2026-09-26	61.91625; the two-decimal form the new sentence prints (clmGaugeEtaDeath prints 61.9); added 2026-09-26 (referee fixes: the 09-25 eta = 4 hunts in Sec. spiral:wall)
clmGaugeHarmonicSurfaceLead	0.03	0.03		auto	expr	{"formula": "d-49.0", "d": {"fn": "mergers_death_time", "run": "merge_twin_p012_lp2_t060"}}	trapped, $0.03$ befo	campaign/05_binary_spiral/p012/merge_twin_p012_lp2_t060/run_tail.log (death 49.02875) minus the slice time 49.0 (research/merger/GPU_PLAN.md, heading '### 2026-09-25 (morning) — the η = 4 level-5 probes closed out: the spiral wall is censored under η = 4 too; every η = 4 "no horizon" was the finder's box', bullet 'The harmonic-class spiral (R2, level 3) re-hunted'; logs runs/wormhole_merger/05_binary_spiral/p012/_keep_r2_lp2_plt04900/l3lp2_p04900_*.log)	2026-09-26	0.029. On the t = 49.0 slice: one theta_out = 0 surface, R 4.90 (4.886-4.905) / M_MS 2.448, h 2.84-3.58, theta_in max +0.06..+0.09 on part of it: not trapped. Spiral arm only (the harmonic head-on has a star-scan MOTS from 20.8); added 2026-09-26 (referee fixes: the 09-25 eta = 4 hunts in Sec. spiral:wall)
# ---- 2026-09-27: constraint-solved data and matched placement (Sec. model:solve, Tables placement and energy); t = 0 data in results/merger/t0_matching
clmSolveShellHamSup	9.7\times10^{-3}	0.0097		manual			falls from $9.7\times10^{-3}$	GPU_PLAN 2026-09-27 (05:45 UTC): constraint_solve_t0_check.py on the superposed d = 8 start, level 3		
clmSolveShellHamSolved	5.1\times10^{-6}	5.1e-06		manual			to $5.1\times10^{-6}$ rms	GPU_PLAN 2026-09-27 (05:45 UTC): the solved d = 8 start, level 3 (reproduced on CPU 12:15 UTC)		
clmFarMassIso	-4.8105	-4.8105		auto	t0_matching	{"file": "t0_checks.tsv", "match": {"d": "0"}, "expr": "M_far"}	e^{\pi m/a}=-4.8105$	results/merger/t0_matching/t0_checks.tsv (t = 0, CPU, 2026-09-27; GPU_PLAN 12:15 UTC)		
clmFarChargeIso	3.0344	3.0344		auto	t0_matching	{"file": "t0_checks.tsv", "match": {"d": "0"}, "expr": "Q_far"}	\sqrt{4\pi}=3.0344$	results/merger/t0_matching/t0_checks.tsv (t = 0, CPU, 2026-09-27; GPU_PLAN 12:15 UTC)		
clmPlaceOneBodyEight	1.149	1.149		auto	t0_matching	{"file": "t0_checks.tsv", "match": {"d": "8", "sign": "-1", "mode": "sup"}, "expr": "m1"}	one-body mass $m'=1.149$ || \tcell{msup}{1.149} || have $m'=1.149$ at	results/merger/t0_matching/t0_checks.tsv (t = 0, CPU, 2026-09-27; GPU_PLAN 12:15 UTC)		
clmPlaceRminEight	4.466	4.466		auto	t0_matching	{"file": "t0_checks.tsv", "match": {"d": "8", "sign": "-1", "mode": "sup"}, "expr": "R_min"}	and $R_{\min}=4.466$, || \tcell{Rsup}{4.466}	results/merger/t0_matching/t0_checks.tsv (t = 0, CPU, 2026-09-27; GPU_PLAN 12:15 UTC)		
clmPlaceRminExcessEight	14.8	14.8		auto	t0_matching	{"file": "t0_checks.tsv", "match": {"d": "8", "sign": "-1", "mode": "sup"}, "expr": "100*(R_min/RSTAR-1)"}	$14.8\%$ above $R_\star$	results/merger/t0_matching/t0_checks.tsv (t = 0, CPU, 2026-09-27; GPU_PLAN 12:15 UTC)		
clmPlaceOneBodyTwelve	1.094	1.094		auto	t0_matching	{"file": "t0_checks.tsv", "match": {"d": "12", "sign": "-1", "mode": "sup"}, "expr": "m1"}	it has $m'=1.094$ || and $m'=1.094$ at $d=12$	results/merger/t0_matching/t0_checks.tsv (t = 0, CPU, 2026-09-27; GPU_PLAN 12:15 UTC)		
clmSolveKeepsMfar	0.1	0.1		manual			moves by $0.1\%$	results/merger/t0_matching/t0_checks.tsv (t = 0, CPU, 2026-09-27; GPU_PLAN 12:15 UTC): |M_far(solved, superposed c)/M_far(superposed) - 1| = 0.09 %		
clmSolveKeepsRmin	1.3	1.3		manual			and $R_{\min}$ by $1.3\%$	results/merger/t0_matching/t0_checks.tsv (t = 0, CPU, 2026-09-27; GPU_PLAN 12:15 UTC): R_min 4.5225 / 4.4658 - 1 = 1.27 %		
clmMatchedRminDev	0.06	0.06		auto	t0_matching	{"file": "t0_checks.tsv", "match": {"d": "8", "sign": "-1", "mode": "3"}, "expr": "100*abs(R_min/RSTAR-1)"}	lands within $0.06\%$ of	results/merger/t0_matching/t0_checks.tsv (t = 0, CPU, 2026-09-27; GPU_PLAN 12:15 UTC)		
clmMatchedRminDevOrbit	0.02	0.02		auto	t0_matching	{"file": "t0_checks.tsv", "match": {"d": "12", "sign": "-1", "mode": "3"}, "expr": "100*abs(R_min/RSTAR-1)"}	within $0.02\%$ of $R_\star$)	results/merger/t0_matching/t0_checks.tsv (t = 0, CPU, 2026-09-27; GPU_PLAN 12:15 UTC)		
clmVolumeIdentityExact	0.14	0.14		auto	t0_matching	{"file": "t0_checks.tsv", "match": {"d": "0"}, "expr": "100*(M_ADM-1)"}	$M=1$ to $0.14\%$	results/merger/t0_matching/t0_checks.tsv (t = 0, CPU, 2026-09-27; GPU_PLAN 12:15 UTC)		
clmEnergyLawDevNear	3	3		auto	t0_matching	{"file": "energy_scan.tsv", "match": {"d": "8", "sign": "-1"}, "expr": "100*abs(E_b/(-lam**2*(1+5*sign)/d)-1)"}	to $3\%$ at $d=8$	results/merger/t0_matching/energy_scan.tsv (t = 0, CPU, 2026-09-27; GPU_PLAN 12:15 UTC)		the worse sign at d = 8
clmEnergyLawDevFar	0.5	0.5		auto	t0_matching	{"file": "energy_scan.tsv", "match": {"d": "48", "sign": "1"}, "expr": "100*abs(E_b/(-lam**2*(1+5*sign)/d)-1)"}	and $0.5\%$ at $d=48$	results/merger/t0_matching/energy_scan.tsv (t = 0, CPU, 2026-09-27; GPU_PLAN 12:15 UTC)		the worse sign at d = 48
clmEnergyLimitAttract	+4	4		manual			$E_b\,d\to+4$	Eq. (ebind) as d -> infinity: -m^2(1 - Q) = a^2 at a = 2, m = 1		
clmEnergyLimitRepel	-6	-6		manual			$E_b\,d\to-6$	Eq. (ebind) as d -> infinity: -m^2(1 + Q) = -(a^2 + 2 m^2) at a = 2, m = 1		
clmPerMassProd	0.110	0.11		auto	t0_matching	{"file": "t0_checks.tsv", "match": {"d": "12", "sign": "-1", "mode": "sup"}, "expr": "0.12/m1"}	$p/m'=0.110$	results/merger/t0_matching/t0_checks.tsv (t = 0, CPU, 2026-09-27; GPU_PLAN 12:15 UTC)		
clmMatchedOneBodyTol	6\times10^{-6}	6e-6		manual			$m'=1$ to $6\times10^{-6}$ across	constraint_solve.dat column m1_A of the production binaries (head-on csm 3.4e-7, d6 chain 2e-6, lbf p=0.25/0.45/0.60/0.90 up to 5.6e-6, d12 lbf spiral 4.0e-6)	2026-10-05	max |m1_A - 1| over the production binaries' packed solves; the matched iteration's convergence, not a measurement
clmPerMassFlyby	0.411	0.411		auto	t0_matching	{"file": "t0_checks.tsv", "match": {"d": "12", "sign": "-1", "mode": "sup"}, "expr": "0.45/m1"}	to $0.411$ per one-body mass	results/merger/t0_matching/t0_checks.tsv (t = 0, CPU, 2026-09-27; GPU_PLAN 12:15 UTC)	2026-10-05	2026-10-05: the units paragraph now quotes the superposed per-mass range (Prod--Flyby); the 0.25/0.35 rows retired
clmSolvedHeadonHorizonLarger	4$--$5			manual			two units later and $4$--$5\%$ larger	results/merger/README.md, CS-1 (merge_headon_flip_d8_cs_lvl3_t030): horizon_offline_scan.dat against the scout's		
clmSolvedHeadonMadm	2.738	2.738		auto	t0_matching	{"file": "t0_checks.tsv", "match": {"d": "8", "sign": "-1", "mode": "0"}, "expr": "M_ADM"}	its $M_{\rm ADM}=2.738$ puts || \tcell{Asol}{2.738}	results/merger/t0_matching/t0_checks.tsv (t = 0, CPU, 2026-09-27; GPU_PLAN 12:15 UTC)		
clmSolvedHeadonPenrose	7$--$8			manual			$7$--$8\%$ above the pair's mass	R/2 = 2.93-2.97 (CS-1 horizon_offline_scan.dat, M_MS column) against M_ADM = 2.738		
clmSuperposedMadm	2.00	2.0		manual			& $2.00$ \\ || its $2.00$ is read	the superposition's tail: M_ADM = m_A + m_B by construction (u_A + u_B)		
clmPlaceTabRiso	3.890	3.89		auto	t0_matching	{"file": "t0_checks.tsv", "match": {"d": "0"}, "expr": "R_min"}	\tcell{Riso}{3.890}	results/merger/t0_matching/t0_checks.tsv (t = 0, CPU, 2026-09-27; GPU_PLAN 12:15 UTC)		
clmPlaceTabMiso	-4.810	-4.81		auto	t0_matching	{"file": "t0_checks.tsv", "match": {"d": "0"}, "expr": "M_far"}	\tcell{Miso}{$-4.810$}	results/merger/t0_matching/t0_checks.tsv (t = 0, CPU, 2026-09-27; GPU_PLAN 12:15 UTC)		
clmPlaceTabAiso	1.001	1.001		auto	t0_matching	{"file": "t0_checks.tsv", "match": {"d": "0"}, "expr": "M_ADM"}	\tcell{Aiso}{1.001}	results/merger/t0_matching/t0_checks.tsv (t = 0, CPU, 2026-09-27; GPU_PLAN 12:15 UTC)		
clmPlaceTabMsup	-5.363	-5.363		auto	t0_matching	{"file": "t0_checks.tsv", "match": {"d": "8", "sign": "-1", "mode": "sup"}, "expr": "M_far"}	\tcell{Msup}{$-5.363$}	results/merger/t0_matching/t0_checks.tsv (t = 0, CPU, 2026-09-27; GPU_PLAN 12:15 UTC)		
clmPlaceTabRsol	4.523	4.523		auto	t0_matching	{"file": "t0_checks.tsv", "match": {"d": "8", "sign": "-1", "mode": "0"}, "expr": "R_min"}	\tcell{Rsol}{4.523}	results/merger/t0_matching/t0_checks.tsv (t = 0, CPU, 2026-09-27; GPU_PLAN 12:15 UTC)		
clmPlaceTabMsol	-5.368	-5.368		auto	t0_matching	{"file": "t0_checks.tsv", "match": {"d": "8", "sign": "-1", "mode": "0"}, "expr": "M_far"}	\tcell{Msol}{$-5.368$}	results/merger/t0_matching/t0_checks.tsv (t = 0, CPU, 2026-09-27; GPU_PLAN 12:15 UTC)		
clmPlaceTabMsolOneBody	1.148	1.148		auto	t0_matching	{"file": "t0_checks.tsv", "match": {"d": "8", "sign": "-1", "mode": "0"}, "expr": "m1"}	\tcell{msol}{1.148}	results/merger/t0_matching/t0_checks.tsv (t = 0, CPU, 2026-09-27; GPU_PLAN 12:15 UTC)		
clmPlaceTabRmat	3.892	3.892		auto	t0_matching	{"file": "t0_checks.tsv", "match": {"d": "8", "sign": "-1", "mode": "3"}, "expr": "R_min"}	\tcell{Rmat}{3.892}	results/merger/t0_matching/t0_checks.tsv (t = 0, CPU, 2026-09-27; GPU_PLAN 12:15 UTC)		
clmPlaceTabMmat	-4.810	-4.81		auto	t0_matching	{"file": "t0_checks.tsv", "match": {"d": "8", "sign": "-1", "mode": "3"}, "expr": "M_far"}	\tcell{Mmat}{$-4.810$}	results/merger/t0_matching/t0_checks.tsv (t = 0, CPU, 2026-09-27; GPU_PLAN 12:15 UTC)		
clmPlaceTabAmat	2.362	2.362		auto	t0_matching	{"file": "t0_checks.tsv", "match": {"d": "8", "sign": "-1", "mode": "3"}, "expr": "M_ADM"}	\tcell{Amat}{2.362}	results/merger/t0_matching/t0_checks.tsv (t = 0, CPU, 2026-09-27; GPU_PLAN 12:15 UTC)		
clmEnergyLambdaAttractEight	0.857	0.857		auto	t0_matching	{"file": "energy_scan.tsv", "match": {"d": "8", "sign": "-1"}, "expr": "lam"}	\tcell{Lo8}{0.857}	results/merger/t0_matching/energy_scan.tsv (t = 0, CPU, 2026-09-27; GPU_PLAN 12:15 UTC)		
clmEnergyBindAttractEight	+0.357	0.357		auto	t0_matching	{"file": "energy_scan.tsv", "match": {"d": "8", "sign": "-1"}, "expr": "E_b"}	\tcell{Eo8}{$+0.357$}	results/merger/t0_matching/energy_scan.tsv (t = 0, CPU, 2026-09-27; GPU_PLAN 12:15 UTC)		
clmEnergyLawAttractEight	+0.367	0.367		auto	t0_matching	{"file": "energy_scan.tsv", "match": {"d": "8", "sign": "-1"}, "expr": "-lam**2*(1+5*sign)/d"}	\tcell{Po8}{$+0.367$}	results/merger/t0_matching/energy_scan.tsv (t = 0, CPU, 2026-09-27; GPU_PLAN 12:15 UTC)		
clmEnergyLambdaRepelEight	0.906	0.906		auto	t0_matching	{"file": "energy_scan.tsv", "match": {"d": "8", "sign": "1"}, "expr": "lam"}	\tcell{Ll8}{0.906}	results/merger/t0_matching/energy_scan.tsv (t = 0, CPU, 2026-09-27; GPU_PLAN 12:15 UTC)		
clmEnergyBindRepelEight	-0.619	-0.619		auto	t0_matching	{"file": "energy_scan.tsv", "match": {"d": "8", "sign": "1"}, "expr": "E_b"}	\tcell{El8}{$-0.619$}	results/merger/t0_matching/energy_scan.tsv (t = 0, CPU, 2026-09-27; GPU_PLAN 12:15 UTC)		
clmEnergyLawRepelEight	-0.616	-0.616		auto	t0_matching	{"file": "energy_scan.tsv", "match": {"d": "8", "sign": "1"}, "expr": "-lam**2*(1+5*sign)/d"}	\tcell{Pl8}{$-0.616$}	results/merger/t0_matching/energy_scan.tsv (t = 0, CPU, 2026-09-27; GPU_PLAN 12:15 UTC)		
clmEnergyLambdaAttractTwelve	0.906	0.906		auto	t0_matching	{"file": "energy_scan.tsv", "match": {"d": "12", "sign": "-1"}, "expr": "lam"}	\tcell{Lo12}{0.906}	results/merger/t0_matching/energy_scan.tsv (t = 0, CPU, 2026-09-27; GPU_PLAN 12:15 UTC)		
clmEnergyBindAttractTwelve	+0.269	0.269		auto	t0_matching	{"file": "energy_scan.tsv", "match": {"d": "12", "sign": "-1"}, "expr": "E_b"}	\tcell{Eo12}{$+0.269$}	results/merger/t0_matching/energy_scan.tsv (t = 0, CPU, 2026-09-27; GPU_PLAN 12:15 UTC)		
clmEnergyLawAttractTwelve	+0.274	0.274		auto	t0_matching	{"file": "energy_scan.tsv", "match": {"d": "12", "sign": "-1"}, "expr": "-lam**2*(1+5*sign)/d"}	\tcell{Po12}{$+0.274$}	results/merger/t0_matching/energy_scan.tsv (t = 0, CPU, 2026-09-27; GPU_PLAN 12:15 UTC)		
clmEnergyLambdaRepelTwelve	0.931	0.931		auto	t0_matching	{"file": "energy_scan.tsv", "match": {"d": "12", "sign": "1"}, "expr": "lam"}	\tcell{Ll12}{0.931}	results/merger/t0_matching/energy_scan.tsv (t = 0, CPU, 2026-09-27; GPU_PLAN 12:15 UTC)		
clmEnergyBindRepelTwelve	-0.437	-0.437		auto	t0_matching	{"file": "energy_scan.tsv", "match": {"d": "12", "sign": "1"}, "expr": "E_b"}	\tcell{El12}{$-0.437$}	results/merger/t0_matching/energy_scan.tsv (t = 0, CPU, 2026-09-27; GPU_PLAN 12:15 UTC)		
clmEnergyLawRepelTwelve	-0.433	-0.433		auto	t0_matching	{"file": "energy_scan.tsv", "match": {"d": "12", "sign": "1"}, "expr": "-lam**2*(1+5*sign)/d"}	\tcell{Pl12}{$-0.433$}	results/merger/t0_matching/energy_scan.tsv (t = 0, CPU, 2026-09-27; GPU_PLAN 12:15 UTC)		
clmEnergyLambdaAttractSixteen	0.931	0.931		auto	t0_matching	{"file": "energy_scan.tsv", "match": {"d": "16", "sign": "-1"}, "expr": "lam"}	\tcell{Lo16}{0.931}	results/merger/t0_matching/energy_scan.tsv (t = 0, CPU, 2026-09-27; GPU_PLAN 12:15 UTC)		
clmEnergyBindAttractSixteen	+0.214	0.214		auto	t0_matching	{"file": "energy_scan.tsv", "match": {"d": "16", "sign": "-1"}, "expr": "E_b"}	\tcell{Eo16}{$+0.214$}	results/merger/t0_matching/energy_scan.tsv (t = 0, CPU, 2026-09-27; GPU_PLAN 12:15 UTC)		
clmEnergyLawAttractSixteen	+0.217	0.217		auto	t0_matching	{"file": "energy_scan.tsv", "match": {"d": "16", "sign": "-1"}, "expr": "-lam**2*(1+5*sign)/d"}	\tcell{Po16}{$+0.217$}	results/merger/t0_matching/energy_scan.tsv (t = 0, CPU, 2026-09-27; GPU_PLAN 12:15 UTC)		
clmEnergyLambdaRepelSixteen	0.946	0.946		auto	t0_matching	{"file": "energy_scan.tsv", "match": {"d": "16", "sign": "1"}, "expr": "lam"}	\tcell{Ll16}{0.946}	results/merger/t0_matching/energy_scan.tsv (t = 0, CPU, 2026-09-27; GPU_PLAN 12:15 UTC)		
clmEnergyBindRepelSixteen	-0.338	-0.338		auto	t0_matching	{"file": "energy_scan.tsv", "match": {"d": "16", "sign": "1"}, "expr": "E_b"}	\tcell{El16}{$-0.338$}	results/merger/t0_matching/energy_scan.tsv (t = 0, CPU, 2026-09-27; GPU_PLAN 12:15 UTC)		
clmEnergyLawRepelSixteen	-0.335	-0.335		auto	t0_matching	{"file": "energy_scan.tsv", "match": {"d": "16", "sign": "1"}, "expr": "-lam**2*(1+5*sign)/d"}	\tcell{Pl16}{$-0.335$}	results/merger/t0_matching/energy_scan.tsv (t = 0, CPU, 2026-09-27; GPU_PLAN 12:15 UTC)		
clmEnergyLambdaAttractTwentyFour	0.955	0.955		auto	t0_matching	{"file": "energy_scan.tsv", "match": {"d": "24", "sign": "-1"}, "expr": "lam"}	\tcell{Lo24}{0.955}	results/merger/t0_matching/energy_scan.tsv (t = 0, CPU, 2026-09-27; GPU_PLAN 12:15 UTC)		
clmEnergyBindAttractTwentyFour	+0.151	0.151		auto	t0_matching	{"file": "energy_scan.tsv", "match": {"d": "24", "sign": "-1"}, "expr": "E_b"}	\tcell{Eo24}{$+0.151$}	results/merger/t0_matching/energy_scan.tsv (t = 0, CPU, 2026-09-27; GPU_PLAN 12:15 UTC)		
clmEnergyLawAttractTwentyFour	+0.152	0.152		auto	t0_matching	{"file": "energy_scan.tsv", "match": {"d": "24", "sign": "-1"}, "expr": "-lam**2*(1+5*sign)/d"}	\tcell{Po24}{$+0.152$}	results/merger/t0_matching/energy_scan.tsv (t = 0, CPU, 2026-09-27; GPU_PLAN 12:15 UTC)		
clmEnergyLambdaRepelTwentyFour	0.962	0.962		auto	t0_matching	{"file": "energy_scan.tsv", "match": {"d": "24", "sign": "1"}, "expr": "lam"}	\tcell{Ll24}{0.962}	results/merger/t0_matching/energy_scan.tsv (t = 0, CPU, 2026-09-27; GPU_PLAN 12:15 UTC)		
clmEnergyBindRepelTwentyFour	-0.233	-0.233		auto	t0_matching	{"file": "energy_scan.tsv", "match": {"d": "24", "sign": "1"}, "expr": "E_b"}	\tcell{El24}{$-0.233$}	results/merger/t0_matching/energy_scan.tsv (t = 0, CPU, 2026-09-27; GPU_PLAN 12:15 UTC)		
clmEnergyLawRepelTwentyFour	-0.231	-0.231		auto	t0_matching	{"file": "energy_scan.tsv", "match": {"d": "24", "sign": "1"}, "expr": "-lam**2*(1+5*sign)/d"}	\tcell{Pl24}{$-0.231$}	results/merger/t0_matching/energy_scan.tsv (t = 0, CPU, 2026-09-27; GPU_PLAN 12:15 UTC)		
clmEnergyLambdaAttractFortyEight	0.979	0.979		auto	t0_matching	{"file": "energy_scan.tsv", "match": {"d": "48", "sign": "-1"}, "expr": "lam"}	\tcell{Lo48}{0.979}	results/merger/t0_matching/energy_scan.tsv (t = 0, CPU, 2026-09-27; GPU_PLAN 12:15 UTC)		
clmEnergyBindAttractFortyEight	+0.080	0.08		auto	t0_matching	{"file": "energy_scan.tsv", "match": {"d": "48", "sign": "-1"}, "expr": "E_b"}	\tcell{Eo48}{$+0.080$}	results/merger/t0_matching/energy_scan.tsv (t = 0, CPU, 2026-09-27; GPU_PLAN 12:15 UTC)		
clmEnergyLawAttractFortyEight	+0.080	0.08		auto	t0_matching	{"file": "energy_scan.tsv", "match": {"d": "48", "sign": "-1"}, "expr": "-lam**2*(1+5*sign)/d"}	\tcell{Po48}{$+0.080$}	results/merger/t0_matching/energy_scan.tsv (t = 0, CPU, 2026-09-27; GPU_PLAN 12:15 UTC)		
clmEnergyLambdaRepelFortyEight	0.980	0.98		auto	t0_matching	{"file": "energy_scan.tsv", "match": {"d": "48", "sign": "1"}, "expr": "lam"}	\tcell{Ll48}{0.980}	results/merger/t0_matching/energy_scan.tsv (t = 0, CPU, 2026-09-27; GPU_PLAN 12:15 UTC)		
clmEnergyBindRepelFortyEight	-0.121	-0.121		auto	t0_matching	{"file": "energy_scan.tsv", "match": {"d": "48", "sign": "1"}, "expr": "E_b"}	\tcell{El48}{$-0.121$}	results/merger/t0_matching/energy_scan.tsv (t = 0, CPU, 2026-09-27; GPU_PLAN 12:15 UTC)		
clmEnergyLawRepelFortyEight	-0.120	-0.12		auto	t0_matching	{"file": "energy_scan.tsv", "match": {"d": "48", "sign": "1"}, "expr": "-lam**2*(1+5*sign)/d"}	\tcell{Pl48}{$-0.120$}	results/merger/t0_matching/energy_scan.tsv (t = 0, CPU, 2026-09-27; GPU_PLAN 12:15 UTC)		

# ---- the mode-3 head-on chain (2026-09-30): the figure's caption numbers; VALIDATION.md in the leg-3 pack
clmHeadonCsmAdmMass	2.3573	2.3573		manual			$M_{\rm ADM}=2.3573$), and the	campaign/04_binary_headon/csm/merge_headon_flip_d8_v1_L128_lvl4from50_scalar_t100_csm_r05000/VALIDATION.md	2026-09-30	ADM mass by the volume identity, leg 1's constraint_solve.dat (M_ADM column, mode 3)
clmHeadonCsmSeamOne	35	35		manual			seams, $t=35$ and $\clmH	campaign/04_binary_headon/csm/merge_headon_flip_d8_v1_L128_lvl4from50_scalar_t100_csm_r05000/VALIDATION.md	2026-09-30	leg 1 -> leg 2 restart (Chk03500)
clmHeadonCsmSeamTwo	50.8	50.8		manual			eamOne$ and $50.8$; levels	campaign/04_binary_headon/csm/merge_headon_flip_d8_v1_L128_lvl4from50_scalar_t100_csm_r05000/VALIDATION.md	2026-09-30	leg 2 stopped by hand at t = 50.80; leg 3 restarts from Chk05000
clmHeadonCsmNanTime	38.845	38.845		manual			core at $t=38.845$---inside	campaign/04_binary_headon/csm/merge_headon_flip_d8_v1_L128_lvl4from50_scalar_t100_csm_r05000/VALIDATION.md	2026-09-30	leg 1's run.log: NaN in h11 at the merged core, inside the MOTS
clmHeadonCsmMotsTime	18	18		auto	mergers_spectral_value	{"runs": ["merge_headon_flip_d8_v1_L128_lvl5from0_mots_t035_csm", "merge_headon_flip_d8_v1_L128_lvl6from35_mots_t050_csm_r03500", "merge_headon_flip_d8_v1_L128_lvl4from50_mots_t100_csm_r05000"], "col": "time", "at": "first"}	MOTS around both mouths from $t=18$ (Fig || born at $t=18$ with $R=	04_binary_headon/mots/: the chain's MOTS replay (ho1/ho2/ho3), mots_spectral.dat joined	2026-10-05	horizon birth: the finder's first converged row; the round scan read it 4 units late (t=22)
clmHeadonCsmMotsRadius	5.634	5.634		auto	mergers_spectral_value	{"runs": ["merge_headon_flip_d8_v1_L128_lvl5from0_mots_t035_csm", "merge_headon_flip_d8_v1_L128_lvl6from35_mots_t050_csm_r03500", "merge_headon_flip_d8_v1_L128_lvl4from50_mots_t100_csm_r05000"], "col": "R", "at": "first"}	with $R=5.634$, $M_ || with $R=5.634$ ($M_	04_binary_headon/mots/: the chain's MOTS replay (ho1/ho2/ho3), mots_spectral.dat joined	2026-10-05	
clmHeadonCsmMotsMass	2.817	2.817		auto	mergers_spectral_value	{"runs": ["merge_headon_flip_d8_v1_L128_lvl5from0_mots_t035_csm", "merge_headon_flip_d8_v1_L128_lvl6from35_mots_t050_csm_r03500", "merge_headon_flip_d8_v1_L128_lvl4from50_mots_t100_csm_r05000"], "col": "M_MS", "at": "first"}	$M_{\rm MS}=2.817$ and $ || falls from $2.817$ to || ($M_{\rm MS}=2.817$)	04_binary_headon/mots/: the chain's MOTS replay (ho1/ho2/ho3), mots_spectral.dat joined	2026-10-05	= R/2 on a MOTS
clmHeadonCsmEndRadius	4.7787	4.7787		auto	mergers_spectral_value	{"runs": ["merge_headon_flip_d8_v1_L128_lvl5from0_mots_t035_csm", "merge_headon_flip_d8_v1_L128_lvl6from35_mots_t050_csm_r03500", "merge_headon_flip_d8_v1_L128_lvl4from50_mots_t100_csm_r05000"], "col": "R", "at": "last"}	to $R=4.7787$ at $t=100$ || $R=4.7787$ and $M_	04_binary_headon/mots/: the chain's MOTS replay (ho1/ho2/ho3), mots_spectral.dat joined	2026-10-05	
clmHeadonCsmEndOverSchw	1.4	1.4		auto	mergers_spectral_over	{"runs": ["merge_headon_flip_d8_v1_L128_lvl5from0_mots_t035_csm", "merge_headon_flip_d8_v1_L128_lvl6from35_mots_t050_csm_r03500", "merge_headon_flip_d8_v1_L128_lvl4from50_mots_t100_csm_r05000"], "madm_run": "merge_headon_flip_d8_v1_L128_lvl5from0_scalar_chk_t100_csm", "col": "R", "at": "last", "factor": 2.0}	$1.4\%$ above $2M_{\rm ADM}$ in radius || $1.4\%$ above $2M_{\rm ADM}$ and	04_binary_headon/mots/: the chain's MOTS replay (ho1/ho2/ho3), mots_spectral.dat joined	2026-10-05	recomputed 1.36; ABOVE 2 M_ADM (the oriented scan read 0.6% UNDER: the scans' shape systematic)
clmHeadonCsmEndMass	2.3894	2.3894		auto	mergers_spectral_value	{"runs": ["merge_headon_flip_d8_v1_L128_lvl5from0_mots_t035_csm", "merge_headon_flip_d8_v1_L128_lvl6from35_mots_t050_csm_r03500", "merge_headon_flip_d8_v1_L128_lvl4from50_mots_t100_csm_r05000"], "col": "M_MS", "at": "last"}	to $2.3894$. Grav || $M_{\rm MS}=2.3894$ at $t=100$	04_binary_headon/mots/: the chain's MOTS replay (ho1/ho2/ho3), mots_spectral.dat joined	2026-10-05	
clmHeadonCsmEndMassOverAdm	1.4	1.4		auto	mergers_spectral_over	{"runs": ["merge_headon_flip_d8_v1_L128_lvl5from0_mots_t035_csm", "merge_headon_flip_d8_v1_L128_lvl6from35_mots_t050_csm_r03500", "merge_headon_flip_d8_v1_L128_lvl4from50_mots_t100_csm_r05000"], "madm_run": "merge_headon_flip_d8_v1_L128_lvl5from0_scalar_chk_t100_csm", "col": "M_MS", "at": "last"}	$1.4\%$ above $M_{\rm ADM}$ in mass || $1.4\%$ above $M_{\rm ADM}$.	04_binary_headon/mots/: the chain's MOTS replay (ho1/ho2/ho3), mots_spectral.dat joined	2026-10-05	recomputed 1.36
clmHeadonCsmPenrose	19.5	19.5		auto	mergers_spectral_over	{"runs": ["merge_headon_flip_d8_v1_L128_lvl5from0_mots_t035_csm", "merge_headon_flip_d8_v1_L128_lvl6from35_mots_t050_csm_r03500", "merge_headon_flip_d8_v1_L128_lvl4from50_mots_t100_csm_r05000"], "madm_run": "merge_headon_flip_d8_v1_L128_lvl5from0_scalar_chk_t100_csm", "col": "M_MS", "at": "first"}	exceeds $M_{\rm ADM}$ by $19.5\%$	04_binary_headon/mots/: the chain's MOTS replay (ho1/ho2/ho3), mots_spectral.dat joined	2026-10-05	100 (M_MS(birth)/M_ADM - 1); the round scan read 6.6% (its late, small birth)
clmHeadonCsmBornArea	1.05	1.05		auto	mergers_spectral_area_ratio	{"runs": ["merge_headon_flip_d8_v1_L128_lvl5from0_mots_t035_csm", "merge_headon_flip_d8_v1_L128_lvl6from35_mots_t050_csm_r03500", "merge_headon_flip_d8_v1_L128_lvl4from50_mots_t100_csm_r05000"], "at": "first"}	$1.05$ times the two throats' summed area	04_binary_headon/mots/: the chain's MOTS replay (ho1/ho2/ho3), mots_spectral.dat joined	2026-10-05	(R_birth / sqrt2 R*)^2 = 1.049: born with MORE area than the throats it swallows, then shrinks (area theorem backwards)
clmHeadonCsmScalarImplied	0.039	0.039		manual			puts $E_\phi=-0.039$, negative	M_ADM - M_MS(100) - E_GW = 2.3573 - 2.3894 - 0.0073 = -0.0394	2026-10-05	E_GW = clmDetEHeadon x M_ADM = 3.1e-3 x 2.357 = 0.0073; updated 2026-10-05 onto the finder's end mass (was 0.023 on the oriented scan's 2.373)
clmHeadonCsmBirthSep	3.4	3.4		manual			${\sim}3.4$ coordinate units apart	binary_throat_diagnostics.dat of the csm leg 1: separation interpolated at t = 18 (sep<4 at 17.05, <2 at 21.10)	2026-10-05	the horizon is born before the pits meet
clmHeadonCsmBornDeform	0.104	0.104		auto	mergers_spectral_value	{"runs": ["merge_headon_flip_d8_v1_L128_lvl5from0_mots_t035_csm", "merge_headon_flip_d8_v1_L128_lvl6from35_mots_t050_csm_r03500", "merge_headon_flip_d8_v1_L128_lvl4from50_mots_t100_csm_r05000"], "col": "deform", "at": "first"}	a tenth out of round (deformation $0.104$) || rounding from deformation $0.104$ to	04_binary_headon/mots/: the chain's MOTS replay (ho1/ho2/ho3), mots_spectral.dat joined	2026-10-05	
clmHeadonCsmEndDeform	0.004	0.004		auto	mergers_spectral_value	{"runs": ["merge_headon_flip_d8_v1_L128_lvl5from0_mots_t035_csm", "merge_headon_flip_d8_v1_L128_lvl6from35_mots_t050_csm_r03500", "merge_headon_flip_d8_v1_L128_lvl4from50_mots_t100_csm_r05000"], "col": "deform", "at": "last"}	to $0.004$, while $M_	04_binary_headon/mots/: the chain's MOTS replay (ho1/ho2/ho3), mots_spectral.dat joined	2026-10-05	recomputed 0.0039
clmHeadonScanLate	4	4		manual			birth $4$ units late and $\clmHeadonScanSmall\%$ small and || birth $4$ units late and $\clmHeadonScanSmall\%$ small, goes	round scan first MOTS row t = 22 (horizon_scan.dat centre C of the csm legs) minus the finder's birth t = 18	2026-10-05	the scan demotion, measured
clmHeadonScanSmall	11	11		manual			and $11\%$ small and || and $11\%$ small, goes	100 (1 - 5.024/5.634): the scan's first R against the finder's birth R	2026-10-05	recomputed 10.8
clmHeadonCsmSeamJumpOne	0.08	0.08		auto	mergers_spectral_seam	{"a": "merge_headon_flip_d8_v1_L128_lvl5from0_mots_t035_csm", "b": "merge_headon_flip_d8_v1_L128_lvl6from35_mots_t050_csm_r03500"}	steps by $0.08\%$ and	04_binary_headon/mots/: the chain's MOTS replay (ho1/ho2/ho3), mots_spectral.dat joined	2026-10-05	R across the t = 35 seam (adjacent rows, 1 unit apart); recomputed 0.082
clmHeadonCsmSeamJumpTwo	0.04	0.04		auto	mergers_spectral_seam	{"a": "merge_headon_flip_d8_v1_L128_lvl6from35_mots_t050_csm_r03500", "b": "merge_headon_flip_d8_v1_L128_lvl4from50_mots_t100_csm_r05000"}	and $0.04\%$), and in-code	04_binary_headon/mots/: the chain's MOTS replay (ho1/ho2/ho3), mots_spectral.dat joined	2026-10-05	R across the t = 50 seam; recomputed 0.037
clmHeadonCsmShrinkR	15.2	15.2		auto	mergers_spectral_shrink	{"runs": ["merge_headon_flip_d8_v1_L128_lvl5from0_mots_t035_csm", "merge_headon_flip_d8_v1_L128_lvl6from35_mots_t050_csm_r03500", "merge_headon_flip_d8_v1_L128_lvl4from50_mots_t100_csm_r05000"], "col": "R"}	$R$ falls $15.2\%$ from birth	04_binary_headon/mots/: the chain's MOTS replay (ho1/ho2/ho3), mots_spectral.dat joined	2026-10-05	
clmHeadonCsmShrinkArea	28	28		auto	mergers_spectral_shrink	{"runs": ["merge_headon_flip_d8_v1_L128_lvl5from0_mots_t035_csm", "merge_headon_flip_d8_v1_L128_lvl6from35_mots_t050_csm_r03500", "merge_headon_flip_d8_v1_L128_lvl4from50_mots_t100_csm_r05000"], "col": "area"}	$28\%$ of the birth area gone	04_binary_headon/mots/: the chain's MOTS replay (ho1/ho2/ho3), mots_spectral.dat joined	2026-10-05	recomputed 28.1
clmHeadonCsmRows	84	84		auto	mergers_spectral_count	{"runs": ["merge_headon_flip_d8_v1_L128_lvl5from0_mots_t035_csm", "merge_headon_flip_d8_v1_L128_lvl6from35_mots_t050_csm_r03500", "merge_headon_flip_d8_v1_L128_lvl4from50_mots_t100_csm_r05000"]}	the finder's $84$ rows	04_binary_headon/mots/: the chain's MOTS replay (ho1/ho2/ho3), mots_spectral.dat joined	2026-10-05	one row per plotfile, t = 18-100, no gap
clmHeadonCsmRowWobble	0.08	0.08		auto	mergers_spectral_maxrise	{"runs": ["merge_headon_flip_d8_v1_L128_lvl5from0_mots_t035_csm", "merge_headon_flip_d8_v1_L128_lvl6from35_mots_t050_csm_r03500", "merge_headon_flip_d8_v1_L128_lvl4from50_mots_t100_csm_r05000"], "col": "R"}	by more than $0.08\%$, and unlike || monotone to $0.08\%$ per row	04_binary_headon/mots/: the chain's MOTS replay (ho1/ho2/ho3), mots_spectral.dat joined	2026-10-05	largest single-row fractional RISE of R: the history never backtracks past this; recomputed 0.082
clmHeadonFirstLawMeasured	-4.1\times10^{-3}	-4.1e-3		manual			$\Delta R=-4.1\times10^{-3}$ is bracketed	04_binary_headon/first_law/merge_headon_flip_d8_v1_L128_lvl4from50_hfl_t060_csm_r05000/VALIDATION.md (level 3, lmax 6)	2026-10-05	R measured over t = 51-60, every plotfile kept (-0.00411)
clmHeadonFirstLawPhantom	-7.0\times10^{-3}	-7.0e-3		manual			$-7.0\times10^{-3}$ from the phantom influx alone	04_binary_headon/first_law/merge_headon_flip_d8_v1_L128_lvl4from50_hfl_t060_csm_r05000/VALIDATION.md (level 3, lmax 6)	2026-10-05	spherical first law, phantom term (-0.00704)
clmHeadonFirstLawShear	-2.5\times10^{-3}	-2.5e-3		manual			$-2.5\times10^{-3}$ with the outgoing shear	04_binary_headon/first_law/merge_headon_flip_d8_v1_L128_lvl4from50_hfl_t060_csm_r05000/VALIDATION.md (level 3, lmax 6)	2026-10-05	phantom + shear (-0.00252)
clmHeadonCsmFluxFold	69	69		auto	mergers_spectral_dropfold	{"runs": ["merge_headon_flip_d8_v1_L128_lvl5from0_mots_t035_csm", "merge_headon_flip_d8_v1_L128_lvl6from35_mots_t050_csm_r03500", "merge_headon_flip_d8_v1_L128_lvl4from50_mots_t100_csm_r05000"], "col": "dRdt_phantom", "a0": 45, "a1": 55, "b0": 90, "b1": 100}	sits $69$-fold below	04_binary_headon/mots/: the chain's MOTS replay (ho1/ho2/ho3), mots_spectral.dat joined	2026-10-05	window means of |dR/dt| from the phantom flux; recomputed 69.495
clmHeadonCsmRateFold	112	112		auto	mergers_spectral_dropfold	{"runs": ["merge_headon_flip_d8_v1_L128_lvl5from0_mots_t035_csm", "merge_headon_flip_d8_v1_L128_lvl6from35_mots_t050_csm_r03500", "merge_headon_flip_d8_v1_L128_lvl4from50_mots_t100_csm_r05000"], "col": "dRdt_total", "a0": 45, "a1": 55, "b0": 90, "b1": 100}	rate $112$-fold, and	04_binary_headon/mots/: the chain's MOTS replay (ho1/ho2/ho3), mots_spectral.dat joined	2026-10-05	recomputed 112.4
clmHeadonCsmSlope	3.2\times10^{-4}	3.2e-4	rel:0.02	auto	mergers_spectral_slope	{"runs": ["merge_headon_flip_d8_v1_L128_lvl5from0_mots_t035_csm", "merge_headon_flip_d8_v1_L128_lvl6from35_mots_t050_csm_r03500", "merge_headon_flip_d8_v1_L128_lvl4from50_mots_t100_csm_r05000"], "col": "R", "t0": 51, "t1": 100}	drifts at $3.2\times10^{-4}$ per unit	04_binary_headon/mots/: the chain's MOTS replay (ho1/ho2/ho3), mots_spectral.dat joined	2026-10-05	|dR/dt| least squares over t = 51-100; recomputed 3.18e-4
clmMergerRemnantAgree	2.2	2.2		manual			settles within $2.2\%$ of the same radius	d6 settle leg mots_spectral R(100) = 4.883 vs the head-on chain's 4.7787: 100 x (4.883/4.7787 - 1) = 2.18	2026-10-05	the two remnants' radii; both from the 3D finder
clmFlybyLbfClosest	2.32	2.32		auto	mergers_pit_separation	{"runs": "merge_orbit_flip_d12_p025_L128_lvl5_t100_lbf_csm"}	passes at $2.32$ ($t\approx || falls from $2.32$ at $p=	binary_throat_diagnostics.dat (packed)	2026-10-05	closest approach of the boosted p=0.25 fly-by (recomputed 2.3177 at t=48.4)
clmFlybyLbfClosestTime	48	48		auto	mergers_pit_separation	{"runs": "merge_orbit_flip_d12_p025_L128_lvl5_t100_lbf_csm", "what": "time"}	($t\approx48$) and recedes	binary_throat_diagnostics.dat (packed)	2026-10-05	recomputed 48.40
clmFlybyLbfFar	8.5	8.5		auto	mergers_pit_separation	{"runs": "merge_orbit_flip_d12_p025_L128_lvl5_t100_lbf_csm", "at": "last"}	recedes to $8.5$ by $t=100$	binary_throat_diagnostics.dat (packed)	2026-10-05	pit separation at the stop (recomputed 8.55)
clmPFortyFiveClosest	2.18	2.18		auto	mergers_pit_separation	{"runs": "merge_orbit_flip_d12_p045_L128_lvl4_t100_lbf_csm"}	passes closer, $2.18$ at $t || through $2.18$ at $\c	binary_throat_diagnostics.dat (packed)	2026-10-05	closest approach of the p=0.45 death-clock run (recomputed 2.183 at t=48.5)
clmPFortyFiveClosestTime	48	48		auto	mergers_pit_separation	{"runs": "merge_orbit_flip_d12_p045_L128_lvl4_t100_lbf_csm", "what": "time"}	at $t\approx48$, and recedes	binary_throat_diagnostics.dat (packed)	2026-10-05	recomputed 48.45
clmPFortyFiveFar	5.3	5.3		auto	mergers_pit_separation	{"runs": "merge_orbit_flip_d12_p045_L128_lvl4_t100_lbf_csm", "at": "last"}	recedes to $5.3$. Both	binary_throat_diagnostics.dat (packed)	2026-10-05	recomputed 5.31
clmPSixtyContactSep	1.86	1.86		auto	mergers_pit_separation	{"runs": "merge_orbit_flip_d12_p060_L128_lvl4_t040_lbf_csm", "at": "last"}	(pit separation $1.86$ at its first leg's stop)	binary_throat_diagnostics.dat (packed)	2026-10-05	the t040 leg's last row: contact
clmPNinetyContactSep	2.4	2.4		auto	mergers_pit_separation	{"runs": "merge_orbit_flip_d12_p090_L128_lvl4_t040_lbf_csm", "at": "last"}	($2.4$ and still falling)	binary_throat_diagnostics.dat (packed)	2026-10-05	recomputed 2.41 at the t=40 stop; contact just past it (the chi extension)
clmPFortyFiveCircFrac	90	90		auto	mergers_circular_fraction	{"run": "merge_orbit_flip_d12_p045_L128_lvl4_t100_lbf_csm"}	$90$--$\clmPSixtyCircFrac\%$ of the circular momentum	evolution_params.txt (p, d) through p_circ = m sqrt((1+Q) m / 2d)	2026-10-05	p_circ = 0.4997 at d = 12
clmPSixtyCircFrac	120	120		auto	mergers_circular_fraction	{"run": "merge_orbit_flip_d12_p060_L128_lvl4_t040_lbf_csm"}	--$120\%$ of the circular momentum	evolution_params.txt (p, d) through p_circ = m sqrt((1+Q) m / 2d)	2026-10-05	
clmFlybyLbfTrust	63.3	63.3		manual			criterion at $t=63.3$ as they do || (solid, to $t=63.3$)	results/merger/trust_windows.tsv	2026-10-05	L2 Ham crosses 2.5e-2 for good at 63.3; the run reached t=100 with no NaN
clmPFortyFiveTrust	67.6	67.6		manual			(dashed, to $t=67.6$)	results/merger/trust_windows.tsv	2026-10-05	L2 Ham sustained crossing at 67.6; no NaN to t=100 at stock settings (the death-clock run: no wall)
clmPSixtyContactTime	40	40		manual			contact at $t\approx40$ (pit separation	binary_throat_diagnostics.dat (packed): separation < 2 at t = 40.1 on the r04000 extension	2026-10-05	
clmDTwelveInwardP	0.25	0.25		manual			($p=0.25$ aimed straight at	evolution_params.txt of spiral_d12_pin025_lvl3_t040_lbf_csm (inward momentum)	2026-10-05	
clmDTwelveInflEight	4.7	4.7		manual			grows $+4.7\%$ by $t=8$	runs_registry.tsv / STATUS 2026-10-01: SCOUT-d12pin R_min growth (horizon_scan per-mouth rows)	2026-10-05	
clmDTwelveInflTwentyFour	72	72		manual			and $+72\%$ by $t=24$	runs_registry.tsv / STATUS 2026-10-01: SCOUT-d12pin R_min growth	2026-10-05	
clmDTwelveStallSep	2.2	2.2		manual			stalls near separation $2.2$	SCOUT-d12pin binary_throat_diagnostics: the infall stalls at ~2.2 against the swelling throats	2026-10-05	
clmSpiralLbfDeath	71.78	71.78		manual			interior failure at $t=71.78$ having never trapped	results/merger/trust_windows.tsv	2026-10-05	NaN in h11 (level 2); finder window valid to t ~ 61, nan rows throughout
clmRaceKickTwelve	0.4	0.4		manual			by $0.4\%$ at $d=12$	GPU_PLAN 2026-09-29: the companion compresses each mouth; same in superposed and mode-3 data	2026-10-05	
clmRaceKickEight	1.2	1.2		manual			and $1.2\%$ at $d=8$	GPU_PLAN 2026-09-29	2026-10-05	
clmSeedSolvedMotsR	4.306	4.306		auto	mergers_spectral_value	{"runs": "single_eps_p1e1_t100_csm", "col": "R", "at": "first"}	MOTS on its $t=0$ slice, $R=4.306$	01_single_throat/seed/single_eps_p1e1_t100_csm/mots_spectral.dat	2026-10-05	SEED-csm: the +10% kick carried through the mode-2 solve is born trapped; the solve keeps the kick
clmRaceFoldsHeadon	3.1	3.1		manual			arrives $3.1$ e-folds in and wins	horizon birth t = 18 (clmHeadonCsmMotsTime) / tau = 5.88 (clmTauLevelThree)	2026-10-05	
clmRaceFoldsSix	2.2	2.2		manual			arrives at $2.2$ e-folds and wins || $t=\clmMergerMotsTime$---$2.2$ e-folds into	horizon birth t = 13 (clmMergerMotsTime) / tau = 5.88	2026-10-05	
clmRaceFoldsTwelve	8	8		manual			approach, $8$ e-folds to its closest pass	closest approach t ~ 48 (clmFlybyLbfClosestTime) / tau = 5.88 = 8.2	2026-10-05	
clmDSixP	0.10	0.10		manual			tangential twist, $p=0.10$ per mouth || ($d=6$, tangential $p=0.10$, opposite signs || the $d=6$, $p=0.10$ merger	evolution_params.txt of the d6 chain (tangential momentum per mouth)	2026-10-05	
clmMergerMotsTime	13	13		auto	mergers_spectral_value	{"runs": ["spiral_d6_p010_L128_lvl5from0_t060_lbf_csm", "spiral_d6_p010_L128_lvl5from25_sig10_t060_lbf_csm_r02500", "spiral_d6_p010_L128_lvl5from30_sig10_chi1e4_t060_lbf_csm_r03000", "spiral_d6_p010_L128_lvl4from35_t100_lbf_csm_r03500"], "col": "time", "at": "first"}	both mouths from $t=13$---$\c || born at $t=13$ and settling	05_binary_spiral/merger_d6/: the chain's own mots_spectral.dat (leg 1 + sigma + chi + settle joined; the lvl6/lvl7 diagnostic arms are not part of the used history)	2026-10-05	
clmMergerMotsRadius	5.60	5.60		auto	mergers_spectral_value	{"runs": ["spiral_d6_p010_L128_lvl5from0_t060_lbf_csm", "spiral_d6_p010_L128_lvl5from25_sig10_t060_lbf_csm_r02500", "spiral_d6_p010_L128_lvl5from30_sig10_chi1e4_t060_lbf_csm_r03000", "spiral_d6_p010_L128_lvl4from35_t100_lbf_csm_r03500"], "col": "R", "at": "first"}	born with $R=5.60$ ($M_	05_binary_spiral/merger_d6/: the chain's own mots_spectral.dat (leg 1 + sigma + chi + settle joined; the lvl6/lvl7 diagnostic arms are not part of the used history)	2026-10-05	recomputed 5.5997
clmMergerMotsMass	2.80	2.80		auto	mergers_spectral_value	{"runs": ["spiral_d6_p010_L128_lvl5from0_t060_lbf_csm", "spiral_d6_p010_L128_lvl5from25_sig10_t060_lbf_csm_r02500", "spiral_d6_p010_L128_lvl5from30_sig10_chi1e4_t060_lbf_csm_r03000", "spiral_d6_p010_L128_lvl4from35_t100_lbf_csm_r03500"], "col": "M_MS", "at": "first"}	($M_{\rm MS}=2.80$, deformation	05_binary_spiral/merger_d6/: the chain's own mots_spectral.dat (leg 1 + sigma + chi + settle joined; the lvl6/lvl7 diagnostic arms are not part of the used history)	2026-10-05	
clmMergerBornDeform	0.115	0.115		auto	mergers_spectral_value	{"runs": ["spiral_d6_p010_L128_lvl5from0_t060_lbf_csm", "spiral_d6_p010_L128_lvl5from25_sig10_t060_lbf_csm_r02500", "spiral_d6_p010_L128_lvl5from30_sig10_chi1e4_t060_lbf_csm_r03000", "spiral_d6_p010_L128_lvl4from35_t100_lbf_csm_r03500"], "col": "deform", "at": "first"}	deformation $0.115$)	05_binary_spiral/merger_d6/: the chain's own mots_spectral.dat (leg 1 + sigma + chi + settle joined; the lvl6/lvl7 diagnostic arms are not part of the used history)	2026-10-05	
clmMergerRowWobble	0.05	0.05		auto	mergers_spectral_maxrise	{"runs": ["spiral_d6_p010_L128_lvl5from0_t060_lbf_csm", "spiral_d6_p010_L128_lvl5from25_sig10_t060_lbf_csm_r02500", "spiral_d6_p010_L128_lvl5from30_sig10_chi1e4_t060_lbf_csm_r03000", "spiral_d6_p010_L128_lvl4from35_t100_lbf_csm_r03500"], "col": "R"}	($\le0.05\%$ per row	05_binary_spiral/merger_d6/: the chain's own mots_spectral.dat (leg 1 + sigma + chi + settle joined; the lvl6/lvl7 diagnostic arms are not part of the used history)	2026-10-05	recomputed 0.048
clmMergerRows	88	88		auto	mergers_spectral_count	{"runs": ["spiral_d6_p010_L128_lvl5from0_t060_lbf_csm", "spiral_d6_p010_L128_lvl5from25_sig10_t060_lbf_csm_r02500", "spiral_d6_p010_L128_lvl5from30_sig10_chi1e4_t060_lbf_csm_r03000", "spiral_d6_p010_L128_lvl4from35_t100_lbf_csm_r03500"]}	the finder's $88$ rows)	05_binary_spiral/merger_d6/: the chain's own mots_spectral.dat (leg 1 + sigma + chi + settle joined; the lvl6/lvl7 diagnostic arms are not part of the used history)	2026-10-05	
clmMergerShrinkR	12.8	12.8		auto	mergers_spectral_shrink	{"runs": ["spiral_d6_p010_L128_lvl5from0_t060_lbf_csm", "spiral_d6_p010_L128_lvl5from25_sig10_t060_lbf_csm_r02500", "spiral_d6_p010_L128_lvl5from30_sig10_chi1e4_t060_lbf_csm_r03000", "spiral_d6_p010_L128_lvl4from35_t100_lbf_csm_r03500"], "col": "R"}	by $12.8\%$ to $R=	05_binary_spiral/merger_d6/: the chain's own mots_spectral.dat (leg 1 + sigma + chi + settle joined; the lvl6/lvl7 diagnostic arms are not part of the used history)	2026-10-05	
clmMergerEndRadius	4.883	4.883		auto	mergers_spectral_value	{"runs": ["spiral_d6_p010_L128_lvl5from0_t060_lbf_csm", "spiral_d6_p010_L128_lvl5from25_sig10_t060_lbf_csm_r02500", "spiral_d6_p010_L128_lvl5from30_sig10_chi1e4_t060_lbf_csm_r03000", "spiral_d6_p010_L128_lvl4from35_t100_lbf_csm_r03500"], "col": "R", "at": "last"}	to $R=4.883$, $M_	05_binary_spiral/merger_d6/: the chain's own mots_spectral.dat (leg 1 + sigma + chi + settle joined; the lvl6/lvl7 diagnostic arms are not part of the used history)	2026-10-05	
clmMergerEndMass	2.441	2.441		auto	mergers_spectral_value	{"runs": ["spiral_d6_p010_L128_lvl5from0_t060_lbf_csm", "spiral_d6_p010_L128_lvl5from25_sig10_t060_lbf_csm_r02500", "spiral_d6_p010_L128_lvl5from30_sig10_chi1e4_t060_lbf_csm_r03000", "spiral_d6_p010_L128_lvl4from35_t100_lbf_csm_r03500"], "col": "M_MS", "at": "last"}	$M_{\rm MS}=2.441$, deformation	05_binary_spiral/merger_d6/: the chain's own mots_spectral.dat (leg 1 + sigma + chi + settle joined; the lvl6/lvl7 diagnostic arms are not part of the used history)	2026-10-05	
clmMergerEndDeform	0.016	0.016		auto	mergers_spectral_value	{"runs": ["spiral_d6_p010_L128_lvl5from0_t060_lbf_csm", "spiral_d6_p010_L128_lvl5from25_sig10_t060_lbf_csm_r02500", "spiral_d6_p010_L128_lvl5from30_sig10_chi1e4_t060_lbf_csm_r03000", "spiral_d6_p010_L128_lvl4from35_t100_lbf_csm_r03500"], "col": "deform", "at": "last"}	deformation $0.016$ at $t=100$	05_binary_spiral/merger_d6/: the chain's own mots_spectral.dat (leg 1 + sigma + chi + settle joined; the lvl6/lvl7 diagnostic arms are not part of the used history)	2026-10-05	
clmMergerBirthSep	3.6	3.6		manual			the pits still $3.6$ apart	binary_throat_diagnostics.dat of the d6 leg 1: separation interpolated at t = 13 (3.58)	2026-10-05	
clmMergerLegOneStop	26.26	26.26		manual			stopped at $t=26.26$ as the merged core's $K$ ran away; a $\sigma || stopped at $t=26.26$ as the merged core's $K$ ran away; the $\sigma	results/merger/trust_windows.tsv	2026-10-05	leg 1 stopped by hand pre-NaN; trust 25.5
clmMergerLvlSixDeath	29.4	29.4		manual			level-6 restart dies at $t=29.4$ and || die at $t=29.4$ and, \emph	results/merger/trust_windows.tsv	2026-10-05	single-cell h11 NaN at the core centre, 29.407
clmMergerLvlSevenDeath	27.5	27.5		manual			dies \emph{earlier}, at $t=27.5$ with || \emph{earlier}, $27.5$, each a single-cell || chain's restarts at $t=27.5$--$\c	results/merger/trust_windows.tsv	2026-10-05	the lvl7 arm, 27.53: finer dies sooner; resolution ruled out
clmMergerSigDeath	30.5	30.5		manual			the $K$ wall to $t=30.5$ || at the same cell at $t=30.5$ (death crosses) || --$30.5$, the $p=\c	results/merger/trust_windows.tsv	2026-10-05	sigma 1.0 cleared the K wall, died at the cell at 30.53; its Chk03000 is the chi leg's restart
clmMergerChiStop	36.6	36.6		manual			past every earlier death, to $t=36.6$ || --$36.6$ inside the horizon	results/merger/trust_windows.tsv / STATUS 2026-10-02 (D6-chi)	2026-10-05	stopped by hand once Chk03500 was NFS-secured; crossed the 30.53 death point clean
clmMergerSettleChi	7\times10^{-5}	7e-5		manual			own $\chi_{\min}\sim7\times10^{-5}$, below	STATUS/GPU_PLAN 2026-10-03 (D6-lvl4from35): min chi runs ~6.7e-5 naturally post-wall	2026-10-05	
clmMergerSeamOne	25	25		manual			the restarts, $t=25$, $\c	the chain's restart checkpoints (Chk02500/Chk03000/Chk03500)	2026-10-05	
clmMergerSeamTwo	30	30		manual			$t=\clmMergerSeamOne$, $30$ and || to $t=30$--$\clmMergerChiStop$ inside	the chain's restart checkpoints	2026-10-05	
clmMergerSeamThree	35	35		manual			$\clmMergerSeamTwo$ and $35$; levels	the chain's restart checkpoints	2026-10-05	
clmMergerWallLeadLo	15	15		manual			arrive $15$--$\clmMergerWallLeadHi$ units after its horizon	cell NaNs at 27.5-30.5 minus horizon birth 13: leads 14.5-17.5	2026-10-05	
clmMergerWallLeadHi	18	18		manual			--$18$ units after its horizon	cell NaNs at 27.5-30.5 minus horizon birth 13	2026-10-05	
clmPSixtyExtDeath	55.5	55.5		manual			plunge at $t=55.5$---in every case || to $t=55.5$ and $\c	results/merger/trust_windows.tsv	2026-10-05	the t100 extension's h11 single-cell NaN at 55.52; the chi-floor leg then crosses it
clmPNinetyDeath	45.3	45.3		manual			arm at $t=45.3$ with $\chi$ nowhere || and $45.3$), the $d=6$	results/merger/trust_windows.tsv	2026-10-05	the p=0.90 chi leg dies 45.27; trust 45.2
clmPNinetyKLo	93	93		manual			core, $93\to\clmPNinetyKHi$ in one step	results/merger/trust_windows.tsv	2026-10-05	max|K| at the merging core, one step before the NaN
clmPNinetyKHi	172	172		manual			$\clmPNinetyKLo\to172$ in one step	results/merger/trust_windows.tsv	2026-10-05	
clmPNinetyChiMin	5.4\times10^{-3}	5.4e-3		manual			($\chi_{\min}=5.4\times10^{-3}$)	results/merger/trust_windows.tsv	2026-10-05	chi never near the 1e-4 floor: the K wall is not the chi-steepness wall
clmEgwPSixty	0.60	0.60		manual			The two faster arms plunge: $p=0.60$ reaches	evolution_params.txt of merge_orbit_flip_d12_p060_L128_lvl4_t040_lbf_csm (tangential momentum per mouth)	2026-10-05	
clmEgwPNinety	0.90	0.90		manual			and $p=0.90$ just past its	evolution_params.txt of merge_orbit_flip_d12_p090_L128_lvl4_t040_lbf_csm (tangential momentum per mouth)	2026-10-05	
clmHeadonCsmWallLead	21	21		manual			the head-on's $21$ after its	campaign/04_binary_headon/csm: level-5 cell NaN at t=38.845 (clmHeadonCsmNanTime) minus the finder's birth t=18 (clmHeadonCsmMotsTime)	2026-10-05	38.845 - 18 = 20.8
