# downsampled to dt=0.5 from the every-step stream
# time max_abs_ricci_scalar max_ricci_tensor_sq max_Kij_sq L2_ricci_scalar
   0.0100000    6.6029320165e-03    1.4534079724e-05    2.7772676483e-11    1.2483115388e-01
   0.5100000    6.5519645242e-03    1.4310736097e-05    2.5608510322e-09    8.9685525939e-02
   1.0100000    6.5303108673e-03    1.4216647616e-05    1.7670290701e-09    7.8833092816e-02
   1.5100000    6.4674109687e-03    1.3944095890e-05    2.1607917888e-09    7.5965072112e-02
   2.0100000    6.3644783772e-03    1.3503788453e-05    1.8063241287e-09    7.4304312188e-02
   2.5100000    6.3927166871e-03    1.3623449386e-05    2.3664767236e-09    7.3068594393e-02
   3.0100000    6.4282463494e-03    1.3775826939e-05    1.0147420049e-08    7.2382428128e-02
   3.5100000    6.5072077758e-03    1.4115841607e-05    1.0164069271e-08    7.2093973486e-02
   4.0100000    6.4348794642e-03    1.3803746209e-05    9.8434802609e-09    7.1967052863e-02
   4.5100000    6.4046550308e-03    1.3674404390e-05    2.5789784515e-09    7.1883879759e-02
   5.0100000    6.3836392101e-03    1.3584822219e-05    2.5308131066e-09    7.1803144266e-02
   5.5100000    6.3350311519e-03    1.3378742547e-05    1.2275714468e-09    7.1719804933e-02
   6.0100000    6.3364559146e-03    1.3384758651e-05    8.7146444857e-10    7.1647995156e-02
   6.5100000    6.3465036655e-03    1.3427243670e-05    7.3231743350e-10    7.1582148887e-02
   7.0100000    6.3568098630e-03    1.3470896053e-05    6.8247123833e-10    7.1523044088e-02
   7.5100000    6.3636737455e-03    1.3500000754e-05    8.8638068710e-10    7.1477488772e-02
   8.0100000    6.3565569670e-03    1.3469829382e-05    8.6044975085e-10    7.1441335961e-02
   8.5100000    6.3355619287e-03    1.3381003886e-05    7.8690462984e-10    7.1410905963e-02
   9.0100000    6.3098685498e-03    1.3272696298e-05    9.6858635881e-10    7.1385753273e-02
   9.5100000    6.2903271148e-03    1.3190614531e-05    9.9270849808e-10    7.1364472137e-02
  10.0100000    6.2848665824e-03    1.3167725099e-05    8.6226048017e-10    7.1345022820e-02
  10.5100000    6.2940475491e-03    1.3206226916e-05    7.3250335864e-10    7.1326068370e-02
  11.0100000    6.3097807703e-03    1.3272329530e-05    9.0039725278e-10    7.1307380178e-02
  11.5100000    6.3205548982e-03    1.3317690011e-05    8.5501278490e-10    7.1289707413e-02
  12.0100000    6.3178303385e-03    1.3306214099e-05    7.0761873437e-10    7.1274194155e-02
  12.5100000    6.3004043439e-03    1.3232918388e-05    9.0972638162e-10    7.1261505501e-02
  13.0100000    6.2755750673e-03    1.3128827977e-05    1.2727743547e-09    7.1251124939e-02
  13.5100000    6.2550963106e-03    1.3043283974e-05    1.2815943683e-09    7.1241411686e-02
  14.0100000    6.2479667791e-03    1.3013568397e-05    9.4662591787e-10    7.1230589073e-02
  14.5100000    6.2552615557e-03    1.3043973751e-05    7.1287617049e-10    7.1217924838e-02
  15.0100000    6.2699079422e-03    1.3105128675e-05    8.5192820691e-10    7.1204154564e-02
  15.5100000    6.2809382760e-03    1.3151281400e-05    9.0692186821e-10    7.1190970505e-02
  16.0100000    6.2798036798e-03    1.3146534748e-05    8.5376753020e-10    7.1180070298e-02
  16.5100000    6.2652653035e-03    1.3085739695e-05    1.0648222013e-09    7.1172286109e-02
  17.0100000    6.2439397620e-03    1.2996814977e-05    1.4069331358e-09    7.1167133616e-02
  17.5100000    6.2262142834e-03    1.2923132485e-05    1.4297740825e-09    7.1163052290e-02
  18.0100000    6.2201288892e-03    1.2897886035e-05    1.1246291532e-09    7.1158316321e-02
  18.5100000    6.2268488066e-03    1.2925772007e-05    8.2534651765e-10    7.1152084451e-02
  19.0100000    6.2402054681e-03    1.2981286365e-05    9.3826917520e-10    7.1144870238e-02
  19.5100000    6.2504472785e-03    1.3023936580e-05    9.7401463013e-10    7.1138146246e-02
  20.0100000    6.2499804192e-03    1.3021995586e-05    9.1975580198e-10    7.1133414880e-02
  20.5100000    6.2377075148e-03    1.2970909139e-05    1.1484383164e-09    7.1131341097e-02
  21.0100000    6.2194079445e-03    1.2894921266e-05    1.4883736660e-09    7.1131396279e-02
  21.5100000    6.2041079877e-03    1.2831562027e-05    1.5292589454e-09    7.1132154634e-02
  22.0100000    6.1987584223e-03    1.2809449637e-05    1.2776946455e-09    7.1132128707e-02
  22.5100000    6.2043776621e-03    1.2832689344e-05    9.7301805483e-10    7.1130663466e-02
  23.0100000    6.2157396454e-03    1.2879737070e-05    1.0564318228e-09    7.1128286736e-02
  23.5100000    6.2246060939e-03    1.2916511142e-05    1.0746975604e-09    7.1126314791e-02
  24.0100000    6.2245608286e-03    1.2916326626e-05    1.0129281092e-09    7.1126043217e-02
  24.5100000    6.2145958618e-03    1.2875008391e-05    1.2835753563e-09    7.1128014879e-02
  25.0100000    6.1994451555e-03    1.2812314222e-05    1.5460168816e-09    7.1131761091e-02
  25.5100000    6.1865974863e-03    1.2759271695e-05    1.5677030628e-09    7.1136096205e-02
  26.0100000    6.1818935281e-03    1.2739882316e-05    1.3533227580e-09    7.1139797040e-02
  26.5100000    6.1863076098e-03    1.2758086665e-05    1.1574637456e-09    7.1142329116e-02
  27.0100000    6.1956541410e-03    1.2796669031e-05    1.2558169527e-09    7.1144131514e-02
  27.5100000    6.2032093278e-03    1.2827898548e-05    1.2815293870e-09    7.1146256893e-02
  28.0100000    6.2036235558e-03    1.2829613292e-05    1.2523487657e-09    7.1149731208e-02
  28.5100000    6.1958662966e-03    1.2797551200e-05    1.3235430142e-09    7.1154972494e-02
  29.0100000    6.1835832603e-03    1.2746865391e-05    1.5579158366e-09    7.1161606346e-02
  29.5100000    6.1727903031e-03    1.2702412839e-05    1.6126454710e-09    7.1168691237e-02
  30.0100000    6.1683675591e-03    1.2684222088e-05    1.4653143036e-09    7.1175289593e-02
  30.5100000    6.1714050031e-03    1.2696720154e-05    1.3717925932e-09    7.1180985278e-02
  31.0100000    6.1788083062e-03    1.2727201914e-05    1.4333274691e-09    7.1186039841e-02
  31.5100000    6.1852324899e-03    1.2753681648e-05    1.4536915583e-09    7.1191195302e-02
  32.0100000    6.1861610248e-03    1.2757512998e-05    1.4525393217e-09    7.1197264343e-02
  32.5100000    6.1803795238e-03    1.2733682098e-05    1.4328508375e-09    7.1204643286e-02
  33.0100000    6.1704841628e-03    1.2692944958e-05    1.5756463466e-09    7.1213143083e-02
  33.5100000    6.1612321097e-03    1.2654916190e-05    1.6230006776e-09    7.1222102431e-02
  34.0100000    6.1567874093e-03    1.2636669703e-05    1.5062354316e-09    7.1230792485e-02
  34.5100000    6.1584641374e-03    1.2643557121e-05    1.5798026408e-09    7.1238783566e-02
  35.0100000    6.1641605150e-03    1.2666960085e-05    1.6595753790e-09    7.1246173146e-02
  35.5100000    6.1696754287e-03    1.2689638405e-05    1.6998068717e-09    7.1253542994e-02
  36.0100000    6.1710985590e-03    1.2695497141e-05    1.6972586146e-09    7.1261549684e-02
  36.5100000    6.1669436759e-03    1.2678413450e-05    1.6759908462e-09    7.1270607712e-02
  37.0100000    6.1588744868e-03    1.2645264330e-05    1.6675095976e-09    7.1280655646e-02
  37.5100000    6.1506618321e-03    1.2611570890e-05    1.6964368250e-09    7.1291183176e-02
  38.0100000    6.1460062435e-03    1.2592493113e-05    1.7696544082e-09    7.1301562929e-02
  38.5100000    6.1464930655e-03    1.2594492392e-05    1.8671711510e-09    7.1311345658e-02
  39.0100000    6.1508152817e-03    1.2612212708e-05    1.9471175479e-09    7.1320560725e-02
  39.5100000    6.1556172098e-03    1.2631912328e-05    1.9757202779e-09    7.1329633499e-02
  40.0100000    6.1574112410e-03    1.2639276612e-05    1.9601415435e-09    7.1339124988e-02
  40.5100000    6.1544806496e-03    1.2627252662e-05    1.9412659740e-09    7.1349470508e-02
  41.0100000    6.1477565087e-03    1.2599686175e-05    1.9546395742e-09    7.1360724682e-02
  41.5100000    6.1402519386e-03    1.2568959258e-05    2.0077690300e-09    7.1372545211e-02
  42.0100000    6.1353582238e-03    1.2548947986e-05    2.0871319972e-09    7.1384361779e-02
  42.5100000    6.1349201316e-03    1.2547166910e-05    2.1710015273e-09    7.1395696728e-02
  43.0100000    6.1382280548e-03    1.2560706399e-05    2.2350511764e-09    7.1406488933e-02
  43.5100000    6.1425042078e-03    1.2578214497e-05    2.2621273711e-09    7.1417064414e-02
  44.0100000    6.1445161908e-03    1.2586456782e-05    2.2589587407e-09    7.1427940999e-02
  44.5100000    6.1423849605e-03    1.2577729613e-05    2.2578007734e-09    7.1439556335e-02
  45.0100000    6.1366016009e-03    1.2554060050e-05    2.2921057530e-09    7.1452026229e-02
  45.5100000    6.1296900206e-03    1.2525802389e-05    2.3681909725e-09    7.1465086141e-02
  46.0100000    6.1247428363e-03    1.2505597328e-05    2.4607945500e-09    7.1478235390e-02
  46.5100000    6.1236846182e-03    1.2501281764e-05    2.5379426472e-09    7.1491012423e-02
  47.0100000    6.1262160528e-03    1.2511624858e-05    2.5873573302e-09    7.1503243890e-02
  47.5100000    6.1300170901e-03    1.2527160490e-05    2.6167115149e-09    7.1515162119e-02
  48.0100000    6.1320917920e-03    1.2535645861e-05    2.6339602838e-09    7.1527279416e-02
  48.5100000    6.1304867223e-03    1.2529087527e-05    2.6400337542e-09    7.1540071526e-02
  49.0100000    6.1253996828e-03    1.2508305487e-05    2.6411947272e-09    7.1553698165e-02
  49.5100000    6.1190173298e-03    1.2482255820e-05    2.6571587421e-09    7.1567925145e-02
  50.0100000    6.1141912381e-03    1.2462578203e-05    2.7080777794e-09    7.1582273358e-02
  50.5100000    6.1128004362e-03    1.2456915418e-05    2.7915765445e-09    7.1596296338e-02
  51.0100000    6.1147377377e-03    1.2464820718e-05    2.8787057396e-09    7.1609828394e-02
  51.5100000    6.1180123648e-03    1.2478183442e-05    2.9367089015e-09    7.1623066408e-02
  52.0100000    6.1199117155e-03    1.2485939095e-05    2.9570045222e-09    7.1636449820e-02
  52.5100000    6.1185881038e-03    1.2480542845e-05    2.9598240611e-09    7.1650402643e-02
  53.0100000    6.1141051710e-03    1.2462264417e-05    2.9753058694e-09    7.1665082978e-02
  53.5100000    6.1083172445e-03    1.2438685379e-05    3.0183673936e-09    7.1680304548e-02
  54.0100000    6.1037368082e-03    1.2420044292e-05    3.0831507844e-09    7.1695649424e-02
  54.5100000    6.1021093553e-03    1.2413430179e-05    3.1598948306e-09    7.1710699669e-02
  55.0100000    6.1034641294e-03    1.2418951338e-05    3.2400123836e-09    7.1725273313e-02
  55.5100000    6.1061206892e-03    1.2429771126e-05    3.3049524912e-09    7.1739530960e-02
  56.0100000    6.1076811346e-03    1.2436127573e-05    3.3333231827e-09    7.1753878560e-02
  56.5100000    6.1064635584e-03    1.2431170019e-05    3.3315421336e-09    7.1768708437e-02
  57.0100000    6.1024622980e-03    1.2414886496e-05    3.3382499044e-09    7.1784164626e-02
  57.5100000    6.0972395582e-03    1.2393651644e-05    3.3821106077e-09    7.1800080440e-02
  58.0100000    6.0929415709e-03    1.2376194484e-05    3.4542088247e-09    7.1816093236e-02
  58.5100000    6.0911031977e-03    1.2368737458e-05    3.5293787610e-09    7.1831845634e-02
  59.0100000    6.0918372143e-03    1.2371727049e-05    3.5936472688e-09    7.1847174535e-02
  59.5100000    6.0937870058e-03    1.2379651744e-05    3.6478558298e-09    7.1862207802e-02
  60.0100000    6.0949252390e-03    1.2384277233e-05    3.6931280029e-09    7.1877286406e-02
  60.5100000    6.0937650879e-03    1.2379567002e-05    3.7306605001e-09    7.1892746671e-02
  61.0100000    6.0901970737e-03    1.2365088140e-05    3.7632322948e-09    7.1908716689e-02
  61.5100000    6.0854505146e-03    1.2345841124e-05    3.7909069324e-09    7.1925063381e-02
  62.0100000    6.0813188951e-03    1.2329094923e-05    3.8231236312e-09    7.1941492778e-02
  62.5100000    6.0791577841e-03    1.2320328736e-05    3.8833463316e-09    7.1957713220e-02
  63.0100000    6.0791638845e-03    1.2320335113e-05    3.9801033882e-09    7.1973596678e-02
  63.5100000    6.0802988439e-03    1.2324918770e-05    4.0855891592e-09    7.1989251017e-02
  64.0100000    6.0809254954e-03    1.2327458595e-05    4.1529929791e-09    7.2004948241e-02
  64.5100000    6.0797752049e-03    1.2322816657e-05    4.1602413299e-09    7.2020952458e-02
  65.0100000    6.0766252391e-03    1.2310086668e-05    4.1319401907e-09    7.2037375909e-02
  65.5100000    6.0723307313e-03    1.2292723677e-05    4.1129639829e-09    7.2054149182e-02
  66.0100000    6.0683144536e-03    1.2276472714e-05    4.1306881078e-09    7.2071064075e-02
  66.5100000    6.0658064378e-03    1.2266299511e-05    4.1881918600e-09    7.2087871680e-02
  67.0100000    6.0651580539e-03    1.2263636362e-05    4.2756022365e-09    7.2104419129e-02
  67.5100000    6.0656327947e-03    1.2265538113e-05    4.3672881869e-09    7.2120740036e-02
  68.0100000    6.0658706096e-03    1.2266530352e-05    4.4308194894e-09    7.2137032072e-02
  68.5100000    6.0646999671e-03    1.2261864078e-05    4.4528036400e-09    7.2153524599e-02
  69.0100000    6.0617646932e-03    1.2250055043e-05    4.4523143488e-09    7.2170344037e-02
  69.5100000    6.0576732608e-03    1.2233524458e-05    4.4644575031e-09    7.2187458537e-02
  70.0100000    6.0536211400e-03    1.2217106489e-05    4.5143973348e-09    7.2204719047e-02
  70.5100000    6.0506846734e-03    1.2205188996e-05    4.6037561610e-09    7.2221961998e-02
  71.0100000    6.0492529146e-03    1.2199383703e-05    4.7094730794e-09    7.2239080482e-02
  71.5100000    6.0489157430e-03    1.2198048735e-05    4.7981743716e-09    7.2256057863e-02
  72.0100000    6.0487153295e-03    1.2197301194e-05    4.8506656971e-09    7.2272997538e-02
  72.5100000    6.0476061437e-03    1.2192888280e-05    4.8720178572e-09    7.2290088752e-02
  73.0100000    6.0450297989e-03    1.2182528785e-05    4.8833393917e-09    7.2307488496e-02
  73.5100000    6.0412769120e-03    1.2167387783e-05    4.8756384898e-09    7.2325215105e-02
  74.0100000    6.0372888876e-03    1.2151276887e-05    4.8774577460e-09    7.2343135364e-02
  74.5100000    6.0340614599e-03    1.2138240105e-05    4.9029932932e-09    7.2361045095e-02
  75.0100000    6.0321174084e-03    1.2130414441e-05    5.0257262985e-09    7.2378783588e-02
  75.5100000    6.0312624175e-03    1.2127026520e-05    5.1832172140e-09    7.2396313694e-02
  76.0100000    6.0306566781e-03    1.2124665805e-05    5.3074612677e-09    7.2413733928e-02
  76.5100000    6.0292756452e-03    1.2119153736e-05    5.3630393522e-09    7.2431216638e-02
  77.0100000    6.0265567728e-03    1.2108198122e-05    5.3769316860e-09    7.2448916417e-02
  77.5100000    6.0227069846e-03    1.2092665048e-05    5.4022365141e-09    7.2466901854e-02
  78.0100000    6.0184885713e-03    1.2075683060e-05    5.4745722434e-09    7.2485123782e-02
  78.5100000    6.0148077572e-03    1.2060925513e-05    5.5926240036e-09    7.2503432935e-02
  79.0100000    6.0123082703e-03    1.2050954302e-05    5.7292800974e-09    7.2521651915e-02
  79.5100000    6.0109843474e-03    1.2045695751e-05    5.8577998418e-09    7.2539686095e-02
  80.0100000    6.0101010195e-03    1.2042169608e-05    5.9535278726e-09    7.2557599995e-02
  80.5100000    6.0086594930e-03    1.2036377657e-05    5.9976993204e-09    7.2575567044e-02
  81.0100000    6.0060334194e-03    1.2025836507e-05    5.9963641226e-09    7.2593738310e-02
  81.5100000    6.0022593771e-03    1.2010712444e-05    5.9841855351e-09    7.2612162454e-02
  82.0100000    5.9979505488e-03    1.1993463862e-05    6.0124425961e-09    7.2630779424e-02
  82.5100000    5.9939924867e-03    1.1977630557e-05    6.1162293323e-09    7.2649437744e-02
  83.0100000    5.9928815245e-03    1.1972750310e-05    6.2801613226e-09    7.2667952057e-02
  83.5100000    5.9942024549e-03    1.1978030200e-05    6.4469736962e-09    7.2686212215e-02
  84.0100000    5.9959550812e-03    1.1985053590e-05    6.5565341020e-09    7.2704263361e-02
  84.5100000    5.9972393583e-03    1.1990227589e-05    6.5853202691e-09    7.2722276396e-02
  85.0100000    5.9974384447e-03    1.1991067919e-05    6.5625899799e-09    7.2740447497e-02
  85.5100000    5.9965530756e-03    1.1987549293e-05    6.5489601506e-09    7.2758892698e-02
  86.0100000    5.9951800070e-03    1.1982043885e-05    6.5958805124e-09    7.2777580930e-02
  86.5100000    5.9941664301e-03    1.1977954347e-05    6.7187171381e-09    7.2796356048e-02
  87.0100000    5.9941153943e-03    1.1977726677e-05    6.8909711036e-09    7.2815045194e-02
  87.5100000    5.9950428027e-03    1.1981452628e-05    7.0574956622e-09    7.2833592130e-02
  88.0100000    5.9964044553e-03    1.1986955000e-05    7.1621990115e-09    7.2852077921e-02
  88.5100000    5.9974408344e-03    1.1991162891e-05    7.1828600209e-09    7.2870638236e-02
  89.0100000    5.9975988604e-03    1.1991822633e-05    7.1508619166e-09    7.2889393453e-02
  89.5100000    5.9968050493e-03    1.1988626777e-05    7.1338417737e-09    7.2908379817e-02
  90.0100000    5.9954793869e-03    1.1983281643e-05    7.1901606028e-09    7.2927519578e-02
  90.5100000    5.9942987998e-03    1.1978537384e-05    7.3292053814e-09    7.2946665620e-02
  91.0100000    5.9938257663e-03    1.1976670881e-05    7.5068910332e-09    7.2965683715e-02
  91.5100000    5.9941901767e-03    1.1978197901e-05    7.6547539827e-09    7.2984515646e-02
  92.0100000    5.9950063747e-03    1.1981542276e-05    7.7240786224e-09    7.3003194838e-02
  92.5100000    5.9955935127e-03    1.1983934428e-05    7.7165852140e-09    7.3021842930e-02
  93.0100000    5.9953822685e-03    1.1983071435e-05    7.6835665350e-09    7.3040608474e-02
  93.5100000    5.9942558785e-03    1.1978505697e-05    7.6925139850e-09    7.3059568889e-02
  94.0100000    5.9926092986e-03    1.1971867678e-05    7.7820954530e-09    7.3078701561e-02
  94.5100000    5.9911018292e-03    1.1965836084e-05    7.9350705722e-09    7.3097920241e-02
  95.0100000    5.9902720536e-03    1.1962569561e-05    8.0902529910e-09    7.3117110716e-02
  95.5100000    5.9902432451e-03    1.1962529436e-05    8.1901159941e-09    7.3136178446e-02
  96.0100000    5.9906689860e-03    1.1964287028e-05    8.2244831879e-09    7.3155137251e-02
  96.5100000    5.9909337218e-03    1.1965358888e-05    8.2300769029e-09    7.3174109828e-02
  97.0100000    5.9904982343e-03    1.1963602642e-05    8.2505093137e-09    7.3193224942e-02
  97.5100000    5.9892034340e-03    1.1958413744e-05    8.3023282854e-09    7.3212545468e-02
  98.0100000    5.9873567042e-03    1.1951040985e-05    8.3740006516e-09    7.3232050634e-02
  98.5100000    5.9855420104e-03    1.1943814294e-05    8.4503684693e-09    7.3251645532e-02
  99.0100000    5.9842654748e-03    1.1938739233e-05    8.5294535465e-09    7.3271208060e-02
  99.5100000    5.9836592046e-03    1.1936333592e-05    8.6154087206e-09    7.3290676394e-02
 100.0100000    5.9834292624e-03    1.1935426962e-05    8.7025343733e-09    7.3310082572e-02
 100.5100000    5.9830661386e-03    1.1933991768e-05    8.7749125748e-09    7.3329512040e-02
 101.0100000    5.9821610896e-03    1.1930395786e-05    8.8222642462e-09    7.3349052817e-02
 101.5100000    5.9806210660e-03    1.1924261574e-05    8.8547684139e-09    7.3368741643e-02
 102.0100000    5.9786731187e-03    1.1916493155e-05    8.8955344713e-09    7.3388540658e-02
 102.5100000    5.9766979375e-03    1.1908615964e-05    8.9594527421e-09    7.3408371629e-02
 103.0100000    5.9750164018e-03    1.1901919693e-05    9.0369618991e-09    7.3428167351e-02
 103.5100000    5.9737428050e-03    1.1896864012e-05    9.1028201754e-09    7.3447896121e-02
 104.0100000    5.9727583898e-03    1.1892969610e-05    9.1974596522e-09    7.3467566571e-02
 104.5100000    5.9717951045e-03    1.1889156684e-05    9.2867339297e-09    7.3487207271e-02
 105.0100000    5.9705730637e-03    1.1884301486e-05    9.3679253449e-09    7.3506842652e-02
 105.5100000    5.9689216369e-03    1.1877724796e-05    9.4596162736e-09    7.3526494629e-02
 106.0100000    5.9668398378e-03    1.1869431585e-05    9.5641048550e-09    7.3546188433e-02
 106.5100000    5.9644914909e-03    1.1860085406e-05    9.6800536015e-09    7.3565940698e-02
 107.0100000    5.9621462053e-03    1.1850766311e-05    9.8072004129e-09    7.3585736181e-02
 107.5100000    5.9600693885e-03    1.1842529223e-05    9.9345875362e-09    7.3605530406e-02
 108.0100000    5.9583782595e-03    1.1835832122e-05    1.0047226108e-08    7.3625265741e-02
 108.5100000    5.9569350077e-03    1.1830116671e-05    1.0141570989e-08    7.3644910150e-02
 109.0100000    5.9553808751e-03    1.1823951046e-05    1.0226735305e-08    7.3664502623e-02
 109.5100000    5.9533430819e-03    1.1815857094e-05    1.0319754724e-08    7.3684137233e-02
 110.0100000    5.9506941930e-03    1.1805338965e-05    1.0434121521e-08    7.3703910657e-02
 110.5100000    5.9476608902e-03    1.1793306543e-05    1.0564764236e-08    7.3723855643e-02
 111.0100000    5.9446805212e-03    1.1781497180e-05    1.0691249648e-08    7.3743904152e-02
 111.5100000    5.9421100900e-03    1.1771320486e-05    1.0795179695e-08    7.3763938597e-02
 112.0100000    5.9400032221e-03    1.1762981872e-05    1.0876656042e-08    7.3783863509e-02
 112.5100000    5.9380941099e-03    1.1755426637e-05    1.0954309169e-08    7.3803668251e-02
 113.0100000    5.9359674738e-03    1.1747013575e-05    1.1049167696e-08    7.3823435195e-02
 113.5100000    5.9332959329e-03    1.1736450132e-05    1.1168289302e-08    7.3843274313e-02
 114.0100000    5.9300200508e-03    1.1723501706e-05    1.1301724492e-08    7.3863257195e-02
 114.5100000    5.9263819474e-03    1.1709125013e-05    1.1428092754e-08    7.3883364342e-02
 115.0100000    5.9227859855e-03    1.1694918641e-05    1.1527828004e-08    7.3903508828e-02
 115.5100000    5.9195583638e-03    1.1682172870e-05    1.1600243075e-08    7.3923602190e-02
 116.0100000    5.9167574294e-03    1.1671119342e-05    1.1662531528e-08    7.3943595230e-02
 116.5100000    5.9141587892e-03    1.1660872230e-05    1.1734299359e-08    7.3963509486e-02
 117.0100000    5.9130078967e-03    1.1655846318e-05    1.1824784508e-08    7.3983421180e-02
 117.5100000    5.9141068964e-03    1.1660208978e-05    1.1933620490e-08    7.4003417320e-02
 118.0100000    5.9146497777e-03    1.1662371926e-05    1.2055498267e-08    7.4023547438e-02
 118.5100000    5.9148327371e-03    1.1663104975e-05    1.2180628167e-08    7.4043795294e-02
 119.0100000    5.9150185726e-03    1.1663841142e-05    1.2295780182e-08    7.4064103342e-02
 119.5100000    5.9155191088e-03    1.1665818832e-05    1.2389719076e-08    7.4084401256e-02
 120.0100000    5.9164097188e-03    1.1669346425e-05    1.2460609324e-08    7.4104636870e-02
 120.5100000    5.9174911642e-03    1.1673643417e-05    1.2516946332e-08    7.4124814737e-02
 121.0100000    5.9184228820e-03    1.1677359210e-05    1.2575154457e-08    7.4144994840e-02
 121.5100000    5.9189360861e-03    1.1679416555e-05    1.2651996727e-08    7.4165248911e-02
 122.0100000    5.9189857162e-03    1.1679624415e-05    1.2754715204e-08    7.4185615590e-02
 122.5100000    5.9187533427e-03    1.1678701903e-05    1.2875901689e-08    7.4206075276e-02
 123.0100000    5.9185171714e-03    1.1677763785e-05    1.2994085718e-08    7.4226559787e-02
 123.5100000    5.9184826287e-03    1.1677637528e-05    1.3084392107e-08    7.4246999596e-02
 124.0100000    5.9186771956e-03    1.1678434746e-05    1.3137041925e-08    7.4267369590e-02
 124.5100000    5.9189614943e-03    1.1679593400e-05    1.3165503631e-08    7.4287701198e-02
 125.0100000    5.9191307712e-03    1.1680289039e-05    1.3196986384e-08    7.4308043498e-02
 125.5100000    5.9190284838e-03    1.1679896547e-05    1.3256960147e-08    7.4328426319e-02
 126.0100000    5.9186046196e-03    1.1678224620e-05    1.3352115899e-08    7.4348857667e-02
 126.5100000    5.9179109973e-03    1.1675490156e-05    1.3467267249e-08    7.4369330381e-02
 127.0100000    5.9170702798e-03    1.1672186166e-05    1.3576442948e-08    7.4389841625e-02
 127.5100000    5.9162405788e-03    1.1668937495e-05    1.3655902322e-08    7.4410384249e-02
 128.0100000    5.9155599130e-03    1.1666282755e-05    1.3695778894e-08    7.4430929291e-02
 128.5100000    5.9150658572e-03    1.1664360997e-05    1.3740820223e-08    7.4451428104e-02
 129.0100000    5.9146417413e-03    1.1662704046e-05    1.3847568998e-08    7.4471839489e-02
 129.5100000    5.9140554350e-03    1.1660394287e-05    1.3977869562e-08    7.4492186494e-02
 130.0100000    5.9130886567e-03    1.1656577421e-05    1.4139122880e-08    7.4512553370e-02
 130.5100000    5.9116752957e-03    1.1651005124e-05    1.4319373333e-08    7.4533025192e-02
 131.0100000    5.9099579656e-03    1.1644249590e-05    1.4493388424e-08    7.4553624357e-02
 131.5100000    5.9082232486e-03    1.1637440262e-05    1.4636542532e-08    7.4574284699e-02
 132.0100000    5.9067389141e-03    1.1631622227e-05    1.4744035587e-08    7.4594903015e-02
 132.5100000    5.9055769357e-03    1.1627067739e-05    1.4839546721e-08    7.4615417442e-02
 133.0100000    5.9045440412e-03    1.1623012100e-05    1.4957848730e-08    7.4635858721e-02
 133.5100000    5.9032957938e-03    1.1618103674e-05    1.5111696123e-08    7.4656332226e-02
 134.0100000    5.9015728164e-03    1.1611326939e-05    1.5284341368e-08    7.4676937910e-02
 134.5100000    5.8993829540e-03    1.1602713939e-05    1.5446164778e-08    7.4697694886e-02
 135.0100000    5.8969854061e-03    1.1593283617e-05    1.5575001251e-08    7.4718525337e-02
 135.5100000    5.8946932188e-03    1.1584270747e-05    1.5675989788e-08    7.4739310003e-02
 136.0100000    5.8926531330e-03    1.1576261636e-05    1.5775543957e-08    7.4759969826e-02
 136.5100000    5.8907656755e-03    1.1568872561e-05    1.5891883628e-08    7.4780515945e-02
 137.0100000    5.8887839839e-03    1.1561128167e-05    1.6027958041e-08    7.4801029813e-02
 137.5100000    5.8864941371e-03    1.1552169210e-05    1.6179588705e-08    7.4821594817e-02
 138.0100000    5.8838419032e-03    1.1541763829e-05    1.6332038251e-08    7.4842238601e-02
 138.5100000    5.8809363974e-03    1.1530339307e-05    1.6466343949e-08    7.4862926428e-02
 139.0100000    5.8779527942e-03    1.1518603979e-05    1.6575008668e-08    7.4883604889e-02
 139.5100000    5.8750112848e-03    1.1507057835e-05    1.6670911499e-08    7.4904253120e-02
 140.0100000    5.8721144470e-03    1.1495727680e-05    1.6780583758e-08    7.4924894935e-02
 140.5100000    5.8691789982e-03    1.1484282026e-05    1.6917208470e-08    7.4945569654e-02
 141.0100000    5.8661199567e-03    1.1472364513e-05    1.7059174394e-08    7.4966296324e-02
 141.5100000    5.8629041441e-03    1.1459817098e-05    1.7165011934e-08    7.4987055525e-02
 142.0100000    5.8595350549e-03    1.1446638121e-05    1.7217895866e-08    7.5007807694e-02
 142.5100000    5.8560090213e-03    1.1432822251e-05    1.7251991492e-08    7.5028534670e-02
 143.0100000    5.8543978870e-03    1.1425975027e-05    1.7327737322e-08    7.5049261793e-02
 143.5100000    5.8555390151e-03    1.1430452375e-05    1.7476426450e-08    7.5070035910e-02
 144.0100000    5.8565030536e-03    1.1434269672e-05    1.7669774003e-08    7.5090876658e-02
 144.5100000    5.8574203429e-03    1.1437916666e-05    1.7841094847e-08    7.5111752793e-02
 145.0100000    5.8584363620e-03    1.1441932397e-05    1.7938099932e-08    7.5132603037e-02
 145.5100000    5.8595828089e-03    1.1446423934e-05    1.7965104634e-08    7.5153390606e-02
 146.0100000    5.8607127472e-03    1.1450826533e-05    1.7977809850e-08    7.5174146888e-02
 146.5100000    5.8615806074e-03    1.1454206488e-05    1.8036252143e-08    7.5194955055e-02
 147.0100000    5.8620273377e-03    1.1455962531e-05    1.8157524021e-08    7.5215891644e-02
 147.5100000    5.8621233003e-03    1.1456371141e-05    1.8303471529e-08    7.5236965525e-02
 148.0100000    5.8621364267e-03    1.1456465617e-05    1.8441214428e-08    7.5258103174e-02
 148.5100000    5.8623335617e-03    1.1457273091e-05    1.8611055257e-08    7.5279205842e-02
 149.0100000    5.8627711148e-03    1.1459007416e-05    1.8712234817e-08    7.5300224338e-02
 149.5100000    5.8632496569e-03    1.1460892243e-05    1.8776303736e-08    7.5321186973e-02
 150.0100000    5.8634689194e-03    1.1461760169e-05    1.8833857311e-08    7.5342165265e-02
 150.5100000    5.8632488676e-03    1.1460912037e-05    1.8918651549e-08    7.5363212953e-02
 151.0100000    5.8626399316e-03    1.1458547430e-05    1.9059268561e-08    7.5384327592e-02
 151.5100000    5.8618584882e-03    1.1455512800e-05    1.9243462755e-08    7.5405458640e-02
 152.0100000    5.8611251061e-03    1.1452668484e-05    1.9417844986e-08    7.5426549886e-02
 152.5100000    5.8605296177e-03    1.1450361637e-05    1.9568351061e-08    7.5447573574e-02
 153.0100000    5.8599989053e-03    1.1448302990e-05    1.9704085175e-08    7.5468534805e-02
 153.5100000    5.8593676318e-03    1.1445846414e-05    1.9852043802e-08    7.5489457564e-02
 154.0100000    5.8584912836e-03    1.1442431382e-05    2.0022452568e-08    7.5510369190e-02
 154.5100000    5.8573200038e-03    1.1437868859e-05    2.0197854578e-08    7.5531293185e-02
 155.0100000    5.8558938431e-03    1.1432318592e-05    2.0352660057e-08    7.5552243495e-02
 155.5100000    5.8542933772e-03    1.1426093438e-05    2.0486006588e-08    7.5573223443e-02
 156.0100000    5.8526027848e-03    1.1419515927e-05    2.0626513636e-08    7.5594223386e-02
 156.5100000    5.8508953634e-03    1.1412866122e-05    2.0800484914e-08    7.5615213924e-02
 157.0100000    5.8492109492e-03    1.1406298771e-05    2.1000618515e-08    7.5636162775e-02
 157.5100000    5.8475184924e-03    1.1399698863e-05    2.1188545912e-08    7.5657063805e-02
 158.0100000    5.8457037265e-03    1.1392629438e-05    2.1332608042e-08    7.5677948306e-02
 158.5100000    5.8436212203e-03    1.1384528285e-05    2.1435193162e-08    7.5698871510e-02
 159.0100000    5.8411936524e-03    1.1375092174e-05    2.1525018192e-08    7.5719877189e-02
 159.5100000    5.8384828070e-03    1.1364556120e-05    2.1635260192e-08    7.5740967321e-02
 160.0100000    5.8356606553e-03    1.1353585163e-05    2.1786728157e-08    7.5762097355e-02
 160.5100000    5.8328888149e-03    1.1342806988e-05    2.1978751586e-08    7.5783204451e-02
 161.0100000    5.8302010663e-03    1.1332354367e-05    2.2183128793e-08    7.5804257317e-02
 161.5100000    5.8274842525e-03    1.1321791142e-05    2.2351150356e-08    7.5825282251e-02
 162.0100000    5.8245655782e-03    1.1310452516e-05    2.2445715873e-08    7.5846337616e-02
 162.5100000    5.8213312622e-03    1.1297903993e-05    2.2480427351e-08    7.5867467800e-02
 163.0100000    5.8177927702e-03    1.1284192462e-05    2.2519275011e-08    7.5888679075e-02
 163.5100000    5.8140658814e-03    1.1269760524e-05    2.2667465718e-08    7.5909936851e-02
 164.0100000    5.8102854367e-03    1.1255120110e-05    2.2929168371e-08    7.5931189326e-02
 164.5100000    5.8065162838e-03    1.1240518389e-05    2.3160910946e-08    7.5952407566e-02
 165.0100000    5.8077408469e-03    1.1244732653e-05    2.3331084907e-08    7.5973599205e-02
 165.5100000    5.8094601001e-03    1.1251410476e-05    2.3458385493e-08    7.5994791348e-02
 166.0100000    5.8109411001e-03    1.1257174704e-05    2.3588289454e-08    7.6022863402e-02
 166.5100000    5.8121490290e-03    1.1261885596e-05    2.3747487939e-08    7.6044387634e-02
 167.0100000    5.8131443367e-03    1.1265769757e-05    2.3930190273e-08    7.6064265728e-02
 167.5100000    5.8140150873e-03    1.1269166567e-05    2.4123437039e-08    7.6083083845e-02
 168.0100000    5.8148079360e-03    1.1272261501e-05    2.4326584184e-08    7.6102303055e-02
 168.5100000    5.8155120249e-03    1.1275017013e-05    2.4539755231e-08    7.6122395759e-02
 169.0100000    5.8160934375e-03    1.1277300747e-05    2.4743859728e-08    7.6143193429e-02
 169.5100000    5.8165349467e-03    1.1279041136e-05    2.4907230140e-08    7.6164379241e-02
 170.0100000    5.8168425440e-03    1.1280257654e-05    2.5018642132e-08    7.6185713921e-02
 170.5100000    5.8170213780e-03    1.1280969726e-05    2.5109449597e-08    7.6207073548e-02
 171.0100000    5.8170541468e-03    1.1281111729e-05    2.5232341273e-08    7.6228416057e-02
 171.5100000    5.8169077397e-03    1.1280557997e-05    2.5413393347e-08    7.6249743354e-02
 172.0100000    5.8165626737e-03    1.1279237673e-05    2.5627827381e-08    7.6271075429e-02
 172.5100000    5.8160374168e-03    1.1277227325e-05    2.5824321383e-08    7.6292425942e-02
 173.0100000    5.8153841977e-03    1.1274728934e-05    2.5969468828e-08    7.6313790040e-02
 173.5100000    5.8146567006e-03    1.1271940595e-05    2.6067542589e-08    7.6335151016e-02
 174.0100000    5.8138716799e-03    1.1268913172e-05    2.6147002809e-08    7.6356487095e-02
 174.5100000    5.8129901428e-03    1.1265490890e-05    2.6239483904e-08    7.6377782928e-02
 175.0100000    5.8119306150e-03    1.1261371088e-05    2.6368545153e-08    7.6399042896e-02
 175.5100000    5.8106098500e-03    1.1256254082e-05    2.6542284174e-08    7.6420288161e-02
 176.0100000    5.8089929427e-03    1.1250018889e-05    2.6743048821e-08    7.6441544572e-02
 176.5100000    5.8071248883e-03    1.1242832787e-05    2.6928512911e-08    7.6462822981e-02
 177.0100000    5.8051156364e-03    1.1235097521e-05    2.7056027535e-08    7.6484104893e-02
 177.5100000    5.8030744755e-03    1.1227214125e-05    2.7117686196e-08    7.6505352450e-02
 178.0100000    5.8010312923e-03    1.1219296616e-05    2.7153993797e-08    7.6526539812e-02
 178.5100000    5.7989053083e-03    1.1211052619e-05    2.7224551715e-08    7.6547684563e-02
 179.0100000    5.7965543202e-03    1.1201958196e-05    2.7360467917e-08    7.6568842604e-02
 179.5100000    5.7938739979e-03    1.1191623602e-05    2.7539175125e-08    7.6590071890e-02
 180.0100000    5.7908742897e-03    1.1180080569e-05    2.7755530598e-08    7.6611398207e-02
 180.5100000    5.7876756117e-03    1.1167772884e-05    2.7994875961e-08    7.6632803224e-02
 181.0100000    5.7844243382e-03    1.1155245054e-05    2.8178632619e-08    7.6654241018e-02
 181.5100000    5.7811892593e-03    1.1142757987e-05    2.8366599681e-08    7.6675666105e-02
 182.0100000    5.7779181602e-03    1.1130125640e-05    2.8610454304e-08    7.6697061230e-02
 182.5100000    5.7744793210e-03    1.1116864584e-05    2.8912391310e-08    7.6718448145e-02
 183.0100000    5.7707517443e-03    1.1102525393e-05    2.9224915172e-08    7.6739867797e-02
 183.5100000    5.7667068615e-03    1.1086997117e-05    2.9499720968e-08    7.6761349755e-02
 184.0100000    5.7674316891e-03    1.1089278850e-05    2.9730103377e-08    7.6782889903e-02
 184.5100000    5.7689576853e-03    1.1095190349e-05    2.9941512178e-08    7.6804447287e-02
 185.0100000    5.7704085051e-03    1.1100790981e-05    3.0157762792e-08    7.6825970891e-02
 185.5100000    5.7718412249e-03    1.1106309101e-05    3.0385407121e-08    7.6847438159e-02
 186.0100000    5.7732185353e-03    1.1111620188e-05    3.0611353605e-08    7.6868865528e-02
 186.5100000    5.7744403075e-03    1.1116352407e-05    3.0809084697e-08    7.6890289053e-02
 187.0100000    5.7754122350e-03    1.1120140518e-05    3.0970556746e-08    7.6911739802e-02
 187.5100000    5.7760987905e-03    1.1122832022e-05    3.1130937220e-08    7.6933227486e-02
 188.0100000    5.7765351494e-03    1.1124545563e-05    3.1337599072e-08    7.6954743849e-02
 188.5100000    5.7768030282e-03    1.1125590917e-05    3.1593736294e-08    7.6976274047e-02
 189.0100000    5.7769820596e-03    1.1126284557e-05    3.1850990896e-08    7.6997804193e-02
 189.5100000    5.7770999843e-03    1.1126748547e-05    3.2054972129e-08    7.7019327108e-02
 190.0100000    5.7771151898e-03    1.1126830870e-05    3.2191624340e-08    7.7040839316e-02
 190.5100000    5.7769460124e-03    1.1126213111e-05    3.2288974229e-08    7.7062341598e-02
 191.0100000    5.7765260444e-03    1.1124628785e-05    3.2396855115e-08    7.7083840162e-02
 191.5100000    5.7758432566e-03    1.1122024111e-05    3.2569218298e-08    7.7105340121e-02
 192.0100000    5.7749304571e-03    1.1118526336e-05    3.2825337606e-08    7.7126845115e-02
 192.5100000    5.7738219371e-03    1.1114272571e-05    3.3103861888e-08    7.7148357235e-02
 193.0100000    5.7725307045e-03    1.1109314991e-05    3.3293006801e-08    7.7169877136e-02
 193.5100000    5.7710674335e-03    1.1103692828e-05    3.3346591459e-08    7.7191401968e-02
 194.0100000    5.7694582046e-03    1.1097506596e-05    3.3352530916e-08    7.7212922080e-02
 194.5100000    5.7677243529e-03    1.1090845297e-05    3.3446241306e-08    7.7234432965e-02
 195.0100000    5.7658486890e-03    1.1083652943e-05    3.3666908565e-08    7.7255944563e-02
 195.5100000    5.7637727724e-03    1.1075708615e-05    3.3927216845e-08    7.7277476910e-02
 196.0100000    5.7614348323e-03    1.1066766032e-05    3.4111228975e-08    7.7299051240e-02
 196.5100000    5.7588198030e-03    1.1056750007e-05    3.4182269116e-08    7.7320672882e-02
 197.0100000    5.7559801428e-03    1.1045849426e-05    3.4201900819e-08    7.7342321423e-02
 197.5100000    5.7530038032e-03    1.1034405866e-05    3.4255010391e-08    7.7363962726e-02
 198.0100000    5.7499482022e-03    1.1022660089e-05    3.4371021866e-08    7.7385570106e-02
 198.5100000    5.7480189744e-03    1.1014705363e-05    3.4583037179e-08    7.7407138977e-02
 199.0100000    5.7461794598e-03    1.1007660823e-05    3.4978963059e-08    7.7428686684e-02
 199.5100000    5.7441933117e-03    1.1000069718e-05    3.5338378020e-08    7.7450240410e-02
 200.0100000    5.7420344411e-03    1.0991810632e-05    3.5649719808e-08    7.7471817478e-02
 200.5100000    5.7396926061e-03    1.0982827134e-05    3.5918902968e-08    7.7493413049e-02
 201.0100000    5.7371807915e-03    1.0973167638e-05    3.6161463959e-08    7.7515009182e-02
 201.5100000    5.7345234645e-03    1.0962943535e-05    3.6407063175e-08    7.7536592827e-02
 202.0100000    5.7348605788e-03    1.0964435680e-05    3.6687841835e-08    7.7558169321e-02
 202.5100000    5.7364486322e-03    1.0970549475e-05    3.7006966878e-08    7.7579758375e-02
 203.0100000    5.7378837467e-03    1.0976114830e-05    3.7330068527e-08    7.7601376723e-02
 203.5100000    5.7391237496e-03    1.0980939172e-05    3.7618274150e-08    7.7623026519e-02
 204.0100000    5.7401307356e-03    1.0984841448e-05    3.7861357630e-08    7.7644695051e-02
 204.5100000    5.7408846356e-03    1.0987732034e-05    3.8071168201e-08    7.7666369791e-02
 205.0100000    5.7413916592e-03    1.0989654024e-05    3.8259136125e-08    7.7688051463e-02
 205.5100000    5.7416830372e-03    1.0990760230e-05    3.8440314019e-08    7.7709749102e-02
 206.0100000    5.7417959453e-03    1.0991214185e-05    3.8646835744e-08    7.7731468135e-02
 206.5100000    5.7417481763e-03    1.0991080909e-05    3.8907770787e-08    7.7753200176e-02
 207.0100000    5.7415298982e-03    1.0990301686e-05    3.9207947294e-08    7.7774923212e-02
 207.5100000    5.7411155578e-03    1.0988756785e-05    3.9482337077e-08    7.7796616132e-02
 208.0100000    5.7404775422e-03    1.0986332615e-05    3.9668131131e-08    7.7818278383e-02
 208.5100000    5.7395918405e-03    1.0982945678e-05    3.9767955971e-08    7.7839934748e-02
 209.0100000    5.7384445630e-03    1.0978558061e-05    3.9852948506e-08    7.7861615892e-02
 209.5100000    5.7370445518e-03    1.0973213985e-05    3.9998154400e-08    7.7883333922e-02
 210.0100000    5.7354295350e-03    1.0967057818e-05    4.0217772010e-08    7.7905071351e-02
 210.5100000    5.7336513584e-03    1.0960280562e-05    4.0459473164e-08    7.7926791352e-02
 211.0100000    5.7317445366e-03    1.0953007791e-05    4.0657627670e-08    7.7948466754e-02
 211.5100000    5.7296990594e-03    1.0945202247e-05    4.0790748916e-08    7.7970103345e-02
 212.0100000    5.7274574669e-03    1.0936651791e-05    4.0886162220e-08    7.7991737052e-02
 212.5100000    5.7260517652e-03    1.0930823834e-05    4.0980071399e-08    7.8013410366e-02
 213.0100000    5.7251782656e-03    1.0927479736e-05    4.1088721310e-08    7.8035143646e-02
 213.5100000    5.7241365572e-03    1.0923498695e-05    4.1214479910e-08    7.8056922446e-02
 214.0100000    5.7229585496e-03    1.0918996785e-05    4.1359491084e-08    7.8078710905e-02
 214.5100000    5.7216496314e-03    1.0913991021e-05    4.1518113953e-08    7.8100478146e-02
 215.0100000    5.7201876179e-03    1.0908396913e-05    4.1726132920e-08    7.8122221204e-02
 215.5100000    5.7185484619e-03    1.0902125702e-05    4.2085414869e-08    7.8143965828e-02
 216.0100000    5.7167309187e-03    1.0895176332e-05    4.2400210159e-08    7.8165745028e-02
 216.5100000    5.7147526961e-03    1.0887618649e-05    4.2708893286e-08    7.8187576141e-02
 217.0100000    5.7126244429e-03    1.0879493324e-05    4.3051993013e-08    7.8209451146e-02
 217.5100000    5.7103340889e-03    1.0870753066e-05    4.3433282147e-08    7.8231345928e-02
 218.0100000    5.7078597107e-03    1.0861313504e-05    4.3814385776e-08    7.8253235719e-02
 218.5100000    5.7056560822e-03    1.0853207291e-05    4.4152423117e-08    7.8275105109e-02
 219.0100000    5.7069578097e-03    1.0858198023e-05    4.4442145625e-08    7.8296952704e-02
 219.5100000    5.7080660786e-03    1.0862461860e-05    4.4716257652e-08    7.8318789064e-02
 220.0100000    5.7089260570e-03    1.0865780796e-05    4.5004961756e-08    7.8340628944e-02
 220.5100000    5.7094975628e-03    1.0867993367e-05    4.5303543047e-08    7.8362479297e-02
 221.0100000    5.7097793977e-03    1.0869092411e-05    4.5584432971e-08    7.8384333140e-02
 221.5100000    5.7098047522e-03    1.0869207673e-05    4.5836636055e-08    7.8406175684e-02
 222.0100000    5.7096139991e-03    1.0868498486e-05    4.6080089885e-08    7.8427995075e-02
 222.5100000    5.7092286460e-03    1.0867051088e-05    4.6335424686e-08    7.8449790222e-02
 223.0100000    5.7086442625e-03    1.0864850728e-05    4.6590402468e-08    7.8471569698e-02
 223.5100000    5.7078402592e-03    1.0861819309e-05    4.6808619734e-08    7.8493343597e-02
 224.0100000    5.7067932055e-03    1.0857865928e-05    4.6973969827e-08    7.8515118769e-02
 224.5100000    5.7054855539e-03    1.0852919665e-05    4.7117918498e-08    7.8536902454e-02
 225.0100000    5.7039109194e-03    1.0846951125e-05    4.7289871839e-08    7.8558703083e-02
 225.5100000    5.7020780554e-03    1.0839991434e-05    4.7503033040e-08    7.8580523458e-02
 226.0100000    5.7000097548e-03    1.0832131290e-05    4.7720768311e-08    7.8602357073e-02
 226.5100000    5.6990422459e-03    1.0828017690e-05    4.7896668018e-08    7.8624192187e-02
 227.0100000    5.6990222632e-03    1.0827921661e-05    4.8020760377e-08    7.8646025993e-02
 227.5100000    5.6988313651e-03    1.0827186374e-05    4.8121102669e-08    7.8667869939e-02
 228.0100000    5.6984672864e-03    1.0825801635e-05    4.8226714668e-08    7.8689734222e-02
 228.5100000    5.6979293514e-03    1.0823754789e-05    4.8341417104e-08    7.8711616550e-02
 229.0100000    5.6972193070e-03    1.0821044335e-05    4.8454724237e-08    7.8733504903e-02
 229.5100000    5.6963338679e-03    1.0817659807e-05    4.8564985912e-08    7.8755391885e-02
 230.0100000    5.6952612546e-03    1.0813566109e-05    4.8678488795e-08    7.8777286977e-02
 230.5100000    5.6939897334e-03    1.0808725886e-05    4.9051761219e-08    7.8799208862e-02
 231.0100000    5.6925201454e-03    1.0803140277e-05    4.9503348747e-08    7.8821166197e-02
 231.5100000    5.6908681517e-03    1.0796860331e-05    4.9913807471e-08    7.8843145692e-02
 232.0100000    5.6890524888e-03    1.0789951577e-05    5.0279742500e-08    7.8865123102e-02
 232.5100000    5.6870794216e-03    1.0782441062e-05    5.0638930000e-08    7.8887085207e-02
 233.0100000    5.6849368547e-03    1.0774292170e-05    5.1028101561e-08    7.8909039251e-02
 233.5100000    5.6826030368e-03    1.0765429511e-05    5.1442833519e-08    7.8931006843e-02
 234.0100000    5.6800625535e-03    1.0755794174e-05    5.1842730689e-08    7.8953008178e-02
 234.5100000    5.6796474841e-03    1.0754658776e-05    5.2194778583e-08    7.8982338708e-02
 235.0100000    5.6800387903e-03    1.0756183998e-05    5.2502439617e-08    7.9003650110e-02
 235.5100000    5.6802133627e-03    1.0756875405e-05    5.2792975203e-08    7.9024611995e-02
 236.0100000    5.6802225216e-03    1.0756929220e-05    5.3085764879e-08    7.9044084230e-02
 236.5100000    5.6800538268e-03    1.0756307792e-05    5.3380211659e-08    7.9063832651e-02
 237.0100000    5.6796321960e-03    1.0754735785e-05    5.3667781670e-08    7.9084561534e-02
 237.5100000    5.6788705633e-03    1.0751885948e-05    5.3943726199e-08    7.9106103576e-02
 238.0100000    5.6777333562e-03    1.0747618785e-05    5.4204435289e-08    7.9128074676e-02
 238.5100000    5.6762646718e-03    1.0742093006e-05    5.4440742264e-08    7.9150182994e-02
 239.0100000    5.6745583432e-03    1.0735657836e-05    5.4643011075e-08    7.9172268719e-02
 239.5100000    5.6726903896e-03    1.0728601815e-05    5.4812152849e-08    7.9194265191e-02
 240.0100000    5.6706626339e-03    1.0720939740e-05    5.4962155145e-08    7.9216171767e-02
 240.5100000    5.6712652024e-03    1.0722763077e-05    5.5111680176e-08    7.9238035007e-02
 241.0100000    5.6718515751e-03    1.0724973984e-05    5.5272946961e-08    7.9259919110e-02
 241.5100000    5.6722350212e-03    1.0726420538e-05    5.5444528866e-08    7.9281868623e-02
 242.0100000    5.6724024747e-03    1.0727046546e-05    5.5609126722e-08    7.9303882037e-02
 242.5100000    5.6723633363e-03    1.0726884713e-05    5.5739398014e-08    7.9325920702e-02
 243.0100000    5.6721428125e-03    1.0726033060e-05    5.5816236535e-08    7.9347943410e-02
 243.5100000    5.6717584041e-03    1.0724561913e-05    5.5848798724e-08    7.9369939177e-02
 244.0100000    5.6712009781e-03    1.0722437916e-05    5.5872502139e-08    7.9391935505e-02
 244.5100000    5.6704404683e-03    1.0719545950e-05    5.6208134883e-08    7.9413970803e-02
 245.0100000    5.6694525202e-03    1.0715793701e-05    5.6711188081e-08    7.9436059989e-02
 245.5100000    5.6682403150e-03    1.0711195766e-05    5.7204120881e-08    7.9458182982e-02
 246.0100000    5.6668302234e-03    1.0705854024e-05    5.7664836364e-08    7.9480300915e-02
 246.5100000    5.6652464435e-03    1.0699857903e-05    5.8090043279e-08    7.9502387097e-02
 247.0100000    5.6634893867e-03    1.0693203944e-05    5.8486061613e-08    7.9524444839e-02
 247.5100000    5.6615363184e-03    1.0685804390e-05    5.8865029236e-08    7.9546499059e-02
 248.0100000    5.6593611251e-03    1.0677566071e-05    5.9243746890e-08    7.9568572294e-02
 248.5100000    5.6569556232e-03    1.0668467424e-05    5.9632057327e-08    7.9590665916e-02
 249.0100000    5.6543368713e-03    1.0658577818e-05    6.0017979972e-08    7.9612759705e-02
 249.5100000    5.6529668615e-03    1.0653983358e-05    6.0374201159e-08    7.9634828063e-02
 250.0100000    5.6525836955e-03    1.0652570788e-05    6.0686618523e-08    7.9656861276e-02
 250.5100000    5.6519382529e-03    1.0650168155e-05    6.0971185076e-08    7.9678878409e-02
 251.0100000    5.6509659470e-03    1.0646529629e-05    6.1254021683e-08    7.9700918659e-02
 251.5100000    5.6496281671e-03    1.0641510727e-05    6.1536733809e-08    7.9723010046e-02
 252.0100000    5.6479547152e-03    1.0635227619e-05    6.1795881832e-08    7.9745144794e-02
 252.5100000    5.6460231808e-03    1.0627976266e-05    6.2024918116e-08    7.9767287626e-02
 253.0100000    5.6438891795e-03    1.0619966877e-05    6.2255035314e-08    7.9789407789e-02
 253.5100000    5.6427219953e-03    1.0615164994e-05    6.2504188083e-08    7.9811506339e-02
 254.0100000    5.6440502841e-03    1.0620156841e-05    6.2728580816e-08    7.9833614227e-02
 254.5100000    5.6451444678e-03    1.0624259466e-05    6.2876805031e-08    7.9855764223e-02
 255.0100000    5.6459909103e-03    1.0627427467e-05    6.2969541543e-08    7.9877963550e-02
 255.5100000    5.6466164927e-03    1.0629769631e-05    6.3061088243e-08    7.9900188986e-02
 256.0100000    5.6470546323e-03    1.0631414087e-05    6.3151132941e-08    7.9922405636e-02
 256.5100000    5.6473131205e-03    1.0632384665e-05    6.3206506465e-08    7.9944589247e-02
 257.0100000    5.6473754338e-03    1.0632610335e-05    6.3238842936e-08    7.9966734183e-02
 257.5100000    5.6472183856e-03    1.0631999295e-05    6.3394945569e-08    7.9988849629e-02
 258.0100000    5.6468303064e-03    1.0630511374e-05    6.3975976042e-08    8.0010952771e-02
 258.5100000    5.6462194322e-03    1.0628186551e-05    6.4549331365e-08    8.0033063767e-02
 259.0100000    5.6453989461e-03    1.0625081329e-05    6.5085579683e-08    8.0055197216e-02
 259.5100000    5.6443688999e-03    1.0621195158e-05    6.5549398972e-08    8.0077349184e-02
 260.0100000    5.6431246444e-03    1.0616502884e-05    6.5932382655e-08    8.0099497269e-02
 260.5100000    5.6416710664e-03    1.0611014857e-05    6.6280928925e-08    8.0121617736e-02
 261.0100000    5.6400147190e-03    1.0604754706e-05    6.6671972494e-08    8.0143707245e-02
 261.5100000    5.6381541318e-03    1.0597724993e-05    6.7142903124e-08    8.0165792597e-02
 262.0100000    5.6360866871e-03    1.0589927370e-05    6.7640444322e-08    8.0187916370e-02
 262.5100000    5.6338135501e-03    1.0581371780e-05    6.8056216761e-08    8.0210108885e-02
 263.0100000    5.6313342338e-03    1.0572051162e-05    6.8330269447e-08    8.0232368299e-02
 263.5100000    5.6286466602e-03    1.0561946402e-05    6.8507783074e-08    8.0254664598e-02
 264.0100000    5.6257549988e-03    1.0551066900e-05    6.8685176074e-08    8.0276961299e-02
 264.5100000    5.6226695172e-03    1.0539457101e-05    6.8923367923e-08    8.0299238369e-02
 265.0100000    5.6203095347e-03    1.0531436832e-05    6.9219850246e-08    8.0321505275e-02
 265.5100000    5.6181519081e-03    1.0523359315e-05    6.9529846682e-08    8.0343791797e-02
 266.0100000    5.6155719900e-03    1.0513711998e-05    6.9794170543e-08    8.0366120887e-02
 266.5100000    5.6157485223e-03    1.0513910918e-05    6.9970932668e-08    8.0388485781e-02
 267.0100000    5.6174834521e-03    1.0520405753e-05    7.0065344488e-08    8.0410850602e-02
 267.5100000    5.6189950693e-03    1.0526055777e-05    7.0128200458e-08    8.0433175749e-02
 268.0100000    5.6202854074e-03    1.0530873640e-05    7.0218056581e-08    8.0455445873e-02
 268.5100000    5.6213546520e-03    1.0534867996e-05    7.0357525175e-08    8.0477677621e-02
 269.0100000    5.6222026374e-03    1.0538042326e-05    7.0515952992e-08    8.0499904425e-02
 269.5100000    5.6228310561e-03    1.0540399907e-05    7.0633753246e-08    8.0522149786e-02
 270.0100000    5.6232422370e-03    1.0541941743e-05    7.0804009116e-08    8.0544409458e-02
 270.5100000    5.6234369667e-03    1.0542664405e-05    7.1389512141e-08    8.0566659026e-02
 271.0100000    5.6234152453e-03    1.0542567232e-05    7.1936159721e-08    8.0588878022e-02
 271.5100000    5.6231775185e-03    1.0541656135e-05    7.2482639740e-08    8.0611069550e-02
 272.0100000    5.6227233515e-03    1.0539934112e-05    7.3039818018e-08    8.0633260556e-02
 272.5100000    5.6220502941e-03    1.0537393637e-05    7.3584705393e-08    8.0655480970e-02
 273.0100000    5.6211567935e-03    1.0534028155e-05    7.4085378255e-08    8.0677738479e-02
 273.5100000    5.6200467168e-03    1.0529851663e-05    7.4530264362e-08    8.0700011606e-02
 274.0100000    5.6187282838e-03    1.0524895591e-05    7.4937199545e-08    8.0722268316e-02
 274.5100000    5.6172057740e-03    1.0519175937e-05    7.5334278447e-08    8.0744493846e-02
 275.0100000    5.6154721449e-03    1.0512664240e-05    7.5728171874e-08    8.0766703669e-02
 275.5100000    5.6135112339e-03    1.0505297769e-05    7.6093800696e-08    8.0788931351e-02
 276.0100000    5.6113096123e-03    1.0497027705e-05    7.6402729331e-08    8.0811203419e-02
 276.5100000    5.6088695661e-03    1.0487868637e-05    7.6660336339e-08    8.0833519721e-02
 277.0100000    5.6062107797e-03    1.0477900808e-05    7.6903161149e-08    8.0855854509e-02
 277.5100000    5.6033544953e-03    1.0467205541e-05    7.7155300622e-08    8.0878179993e-02
 278.0100000    5.6003018119e-03    1.0455783152e-05    7.7398379233e-08    8.0900489960e-02
 278.5100000    5.5970298024e-03    1.0443543226e-05    7.7593221144e-08    8.0922805495e-02
 279.0100000    5.5935142521e-03    1.0430395499e-05    7.7724157427e-08    8.0945160023e-02
 279.5100000    5.5912384055e-03    1.0422316898e-05    7.7809962880e-08    8.0967574434e-02
 280.0100000    5.5931565776e-03    1.0429461871e-05    7.7873603485e-08    8.0990042572e-02
 280.5100000    5.5948755909e-03    1.0435867360e-05    7.7917179676e-08    8.1012536739e-02
 281.0100000    5.5963905147e-03    1.0441513192e-05    7.7933462286e-08    8.1035027844e-02
 281.5100000    5.5976770629e-03    1.0446306679e-05    7.7929625599e-08    8.1057502414e-02
 282.0100000    5.5987172945e-03    1.0450179917e-05    7.8375946121e-08    8.1079965656e-02
 282.5100000    5.5995173288e-03    1.0453155965e-05    7.9048444442e-08    8.1102432338e-02
 283.0100000    5.6000998071e-03    1.0455319701e-05    7.9695054219e-08    8.1124911494e-02
 283.5100000    5.6004802679e-03    1.0456728803e-05    8.0273053378e-08    8.1147397494e-02
 284.0100000    5.6006513218e-03    1.0457354884e-05    8.0778843292e-08    8.1169873897e-02
 284.5100000    5.6005890725e-03    1.0457108395e-05    8.1255490988e-08    8.1192325173e-02
 285.0100000    5.6002746053e-03    1.0455919394e-05    8.1742924828e-08    8.1214745386e-02
 285.5100000    5.5997102579e-03    1.0453797723e-05    8.2234869345e-08    8.1237138342e-02
 286.0100000    5.5989161859e-03    1.0450818959e-05    8.2693965734e-08    8.1259512181e-02
 286.5100000    5.5979110679e-03    1.0447051837e-05    8.3100752172e-08    8.1281872333e-02
 287.0100000    5.5966951491e-03    1.0442495954e-05    8.3472865143e-08    8.1314241401e-02
 287.5100000    5.5952510681e-03    1.0437086686e-05    8.3831879354e-08    8.1332230658e-02
 288.0100000    5.5935605515e-03    1.0430758274e-05    8.4165450897e-08    8.1353886072e-02
 288.5100000    5.5916202612e-03    1.0423501608e-05    8.4437946450e-08    8.1373731088e-02
 289.0100000    5.5894426939e-03    1.0415365173e-05    8.4637175450e-08    8.1393717669e-02
 289.5100000    5.5870440773e-03    1.0406408787e-05    8.4797633034e-08    8.1414832755e-02
 290.0100000    5.5844326221e-03    1.0396661199e-05    8.4969255213e-08    8.1436877533e-02
 290.5100000    5.5816065495e-03    1.0386115391e-05    8.5165615266e-08    8.1459344430e-02
 291.0100000    5.5785596194e-03    1.0374750491e-05    8.5348058559e-08    8.1481890838e-02
 291.5100000    5.5752864540e-03    1.0362550387e-05    8.5460670452e-08    8.1504395552e-02
 292.0100000    5.5717841613e-03    1.0349507433e-05    8.5478623654e-08    8.1526860149e-02
 292.5100000    5.5696979701e-03    1.0342153366e-05    8.5425290566e-08    8.1549318881e-02
 293.0100000    5.5716222515e-03    1.0349299371e-05    8.5421128788e-08    8.1571794260e-02
 293.5100000    5.5733162252e-03    1.0355591808e-05    8.6125234301e-08    8.1594286949e-02
 294.0100000    5.5747873197e-03    1.0361055047e-05    8.6845340156e-08    8.1616785094e-02
 294.5100000    5.5760327337e-03    1.0365675926e-05    8.7559664212e-08    8.1639280063e-02
 295.0100000    5.5770426792e-03    1.0369416686e-05    8.8228787384e-08    8.1661776263e-02
 295.5100000    5.5778084128e-03    1.0372246119e-05    8.8821744615e-08    8.1684286678e-02
 296.0100000    5.5783284023e-03    1.0374162408e-05    8.9332753464e-08    8.1706819915e-02
 296.5100000    5.5786083459e-03    1.0375190452e-05    8.9780022894e-08    8.1729370305e-02
 297.0100000    5.5786555569e-03    1.0375357337e-05    9.0191727984e-08    8.1751918462e-02
 297.5100000    5.5784724694e-03    1.0374667389e-05    9.0590845107e-08    8.1774444038e-02
 298.0100000    5.5780550864e-03    1.0373100026e-05    9.0985751504e-08    8.1796940581e-02
 298.5100000    5.5773980099e-03    1.0370633615e-05    9.1366500046e-08    8.1819418993e-02
 299.0100000    5.5765008783e-03    1.0367271003e-05    9.1707783807e-08    8.1841897961e-02
 299.5100000    5.5753690087e-03    1.0363038265e-05    9.1981578379e-08    8.1864389750e-02
 300.0100000    5.5740072935e-03    1.0357956826e-05    9.2176402364e-08    8.1886893887e-02
 300.5100000    5.5724143787e-03    1.0352020075e-05    9.2309055481e-08    8.1909403407e-02
 301.0100000    5.5705840091e-03    1.0345201240e-05    9.2414167988e-08    8.1931914264e-02
 301.5100000    5.5685122521e-03    1.0337484467e-05    9.2517251324e-08    8.1954428929e-02
 302.0100000    5.5662030111e-03    1.0328886770e-05    9.2615893266e-08    8.1976951758e-02
 302.5100000    5.5636657205e-03    1.0319447145e-05    9.2686244926e-08    8.1999483868e-02
 303.0100000    5.5609067360e-03    1.0309191326e-05    9.2705899164e-08    8.2022024953e-02
 303.5100000    5.5579232919e-03    1.0298108453e-05    9.2668156982e-08    8.2044576780e-02
 304.0100000    5.5547063277e-03    1.0286163698e-05    9.3123095903e-08    8.2067143699e-02
 304.5100000    5.5512484939e-03    1.0273330882e-05    9.3871332738e-08    8.2089729271e-02
 305.0100000    5.5487466274e-03    1.0264449031e-05    9.4608477868e-08    8.2112332448e-02
 305.5100000    5.5506834441e-03    1.0271610334e-05    9.5343048083e-08    8.2134947708e-02
 306.0100000    5.5523715911e-03    1.0277857201e-05    9.6027860489e-08    8.2157568037e-02
 306.5100000    5.5538179314e-03    1.0283212553e-05    9.6607791420e-08    8.2180189243e-02
 307.0100000    5.5550276739e-03    1.0287690044e-05    9.7095527108e-08    8.2202811681e-02
 307.5100000    5.5559984892e-03    1.0291276456e-05    9.7553575388e-08    8.2225437538e-02
 308.0100000    5.5567229466e-03    1.0293944519e-05    9.8009243303e-08    8.2248065930e-02
 308.5100000    5.5571973520e-03    1.0295685397e-05    9.8436091569e-08    8.2270691073e-02
 309.0100000    5.5574250032e-03    1.0296516325e-05    9.8811090395e-08    8.2293307703e-02
 309.5100000    5.5574096060e-03    1.0296451581e-05    9.9143507368e-08    8.2315916435e-02
 310.0100000    5.5571501067e-03    1.0295482702e-05    9.9446125113e-08    8.2338521950e-02
 310.5100000    5.5566461201e-03    1.0293602618e-05    9.9708243971e-08    8.2361127686e-02
 311.0100000    5.5559033640e-03    1.0290830759e-05    9.9904563138e-08    8.2383733060e-02
 311.5100000    5.5549267737e-03    1.0287188841e-05    1.0002324123e-07    8.2406334676e-02
 312.0100000    5.5537127147e-03    1.0282668840e-05    1.0008322491e-07    8.2428929916e-02
 312.5100000    5.5522550905e-03    1.0277251453e-05    1.0011851655e-07    8.2451519967e-02
 313.0100000    5.5505547182e-03    1.0270939299e-05    1.0014076375e-07    8.2474109974e-02
 313.5100000    5.5486166357e-03    1.0263748600e-05    1.0012635283e-07    8.2496707742e-02
 314.0100000    5.5464424785e-03    1.0255683755e-05    1.0004552195e-07    8.2519321023e-02
 314.5100000    5.5440306099e-03    1.0246739431e-05    1.0079467761e-07    8.2541952368e-02
 315.0100000    5.5413808494e-03    1.0236917758e-05    1.0157927476e-07    8.2564595196e-02
 315.5100000    5.5384950581e-03    1.0226229165e-05    1.0232715823e-07    8.2587236776e-02
 316.0100000    5.5353737673e-03    1.0214678687e-05    1.0303424754e-07    8.2609867993e-02
 316.5100000    5.5320148943e-03    1.0202260395e-05    1.0367518799e-07    8.2632491257e-02
 317.0100000    5.5284161007e-03    1.0188965719e-05    1.0422926052e-07    8.2655118847e-02
 317.5100000    5.5299274987e-03    1.0194912085e-05    1.0471185332e-07    8.2677763358e-02
 318.0100000    5.5316708562e-03    1.0201330090e-05    1.0516420845e-07    8.2700428849e-02
 318.5100000    5.5331529030e-03    1.0206783583e-05    1.0560533193e-07    8.2723108763e-02
 319.0100000    5.5343804827e-03    1.0211300810e-05    1.0600924638e-07    8.2745790790e-02
 319.5100000    5.5353611244e-03    1.0214911409e-05    1.0633891397e-07    8.2768465028e-02
 320.0100000    5.5360965145e-03    1.0217619321e-05    1.0659091985e-07    8.2791129594e-02
 320.5100000    5.5365837490e-03    1.0219408310e-05    1.0679623171e-07    8.2813790861e-02
 321.0100000    5.5368180815e-03    1.0220256822e-05    1.0698380397e-07    8.2836459504e-02
 321.5100000    5.5367962287e-03    1.0220154347e-05    1.0715215816e-07    8.2859145041e-02
 322.0100000    5.5365214650e-03    1.0219119313e-05    1.0727273173e-07    8.2881851306e-02
 322.5100000    5.5360032209e-03    1.0217192000e-05    1.0731496108e-07    8.2904574830e-02
 323.0100000    5.5352483938e-03    1.0214397442e-05    1.0727164290e-07    8.2927306879e-02
 323.5100000    5.5342544402e-03    1.0210720306e-05    1.0716521863e-07    8.2950038047e-02
 324.0100000    5.5330127219e-03    1.0206122737e-05    1.0708214535e-07    8.2972763655e-02
 324.5100000    5.5315181685e-03    1.0200585487e-05    1.0799448978e-07    8.2995486899e-02
 325.0100000    5.5297749022e-03    1.0194129136e-05    1.0887896458e-07    8.3018217213e-02
 325.5100000    5.5277923764e-03    1.0186795380e-05    1.0970794241e-07    8.3040965423e-02
 326.0100000    5.5255763138e-03    1.0178608750e-05    1.1046006670e-07    8.3063739059e-02
 326.5100000    5.5231229792e-03    1.0169554257e-05    1.1113949405e-07    8.3086538304e-02
 327.0100000    5.5204220895e-03    1.0159590759e-05    1.1176472796e-07    8.3109354634e-02
 327.5100000    5.5174669121e-03    1.0148692011e-05    1.1234652521e-07    8.3132175190e-02
 328.0100000    5.5142626216e-03    1.0136879361e-05    1.1288274209e-07    8.3154990987e-02
 328.5100000    5.5108234888e-03    1.0124210147e-05    1.1336646645e-07    8.3177803518e-02
 329.0100000    5.5089703464e-03    1.0117744520e-05    1.1378771094e-07    8.3200624539e-02
 329.5100000    5.5108646502e-03    1.0124704112e-05    1.1413041562e-07    8.3223468673e-02
 330.0100000    5.5125137280e-03    1.0130762735e-05    1.1438257858e-07    8.3246342042e-02
 330.5100000    5.5138971501e-03    1.0135839505e-05    1.1455487350e-07    8.3269234717e-02
 331.0100000    5.5149991499e-03    1.0139875728e-05    1.1467806896e-07    8.3292124847e-02
 331.5100000    5.5158239488e-03    1.0142892189e-05    1.1477100345e-07    8.3319912113e-02
 332.0100000    5.5163944687e-03    1.0144979578e-05    1.1481455300e-07    8.3342600055e-02
 332.5100000    5.5167326882e-03    1.0146219833e-05    1.1476771386e-07    8.3363343463e-02
 333.0100000    5.5168390844e-03    1.0146608436e-05    1.1461293557e-07    8.3383402763e-02
 333.5100000    5.5166914375e-03    1.0146054557e-05    1.1438117803e-07    8.3404574961e-02
 334.0100000    5.5162647409e-03    1.0144461943e-05    1.1514840057e-07    8.3426954788e-02
 334.5100000    5.5155533836e-03    1.0141814535e-05    1.1609732281e-07    8.3449910273e-02
 335.0100000    5.5145755536e-03    1.0138189221e-05    1.1702082653e-07    8.3472919525e-02
 335.5100000    5.5133574809e-03    1.0133690145e-05    1.1785929439e-07    8.3495773724e-02
 336.0100000    5.5119129128e-03    1.0128367871e-05    1.1856674456e-07    8.3518472041e-02
 336.5100000    5.5102353600e-03    1.0122191925e-05    1.1914631965e-07    8.3541085988e-02
 337.0100000    5.5083077308e-03    1.0115092432e-05    1.1964624542e-07    8.3563683080e-02
 337.5100000    5.5061187906e-03    1.0107026803e-05    1.2012185220e-07    8.3586299527e-02
 338.0100000    5.5036716236e-03    1.0098011868e-05    1.2059447689e-07    8.3608941092e-02
 338.5100000    5.5009785272e-03    1.0088100653e-05    1.2103794122e-07    8.3631598803e-02
 339.0100000    5.4980496425e-03    1.0077335165e-05    1.2139997714e-07    8.3654267579e-02
 339.5100000    5.4948865582e-03    1.0065721011e-05    1.2163957410e-07    8.3676956796e-02
 340.0100000    5.4914847965e-03    1.0053238937e-05    1.2175308294e-07    8.3699685571e-02
 340.5100000    5.4897003288e-03    1.0047027336e-05    1.2177425562e-07    8.3722468094e-02
 341.0100000    5.4915349394e-03    1.0053736139e-05    1.2175161456e-07    8.3745302491e-02
 341.5100000    5.4931033951e-03    1.0059470673e-05    1.2171822036e-07    8.3768172053e-02
 342.0100000    5.4944084403e-03    1.0064242567e-05    1.2167159530e-07    8.3791056983e-02
 342.5100000    5.4954523246e-03    1.0068060173e-05    1.2157611727e-07    8.3813948117e-02
 343.0100000    5.4962359935e-03    1.0070925303e-05    1.2175788885e-07    8.3836854035e-02
 343.5100000    5.4967615362e-03    1.0072843196e-05    1.2276568105e-07    8.3859795038e-02
 344.0100000    5.4970334154e-03    1.0073828331e-05    1.2366880071e-07    8.3882788299e-02
 344.5100000    5.4970553034e-03    1.0073893717e-05    1.2450178180e-07    8.3905834992e-02
 345.0100000    5.4968254676e-03    1.0073034215e-05    1.2529423987e-07    8.3928916623e-02
 345.5100000    5.4963366803e-03    1.0071225740e-05    1.2605068083e-07    8.3952003319e-02
 346.0100000    5.4955824786e-03    1.0068446959e-05    1.2675093814e-07    8.3975069926e-02
 346.5100000    5.4945649681e-03    1.0064706282e-05    1.2736578875e-07    8.3998111477e-02
 347.0100000    5.4932965352e-03    1.0060047324e-05    1.2787428382e-07    8.4021147264e-02
 347.5100000    5.4917918936e-03    1.0054520907e-05    1.2827177906e-07    8.4044206244e-02
 348.0100000    5.4900563791e-03    1.0048144969e-05    1.2857066824e-07    8.4067303080e-02
 348.5100000    5.4880812150e-03    1.0040889501e-05    1.2880326103e-07    8.4090424360e-02
 349.0100000    5.4858495341e-03    1.0032698034e-05    1.2901414242e-07    8.4113534739e-02
 349.5100000    5.4833493101e-03    1.0023531641e-05    1.2921754028e-07    8.4136597022e-02
 350.0100000    5.4805858761e-03    1.0013411473e-05    1.2935179113e-07    8.4159593464e-02
 350.5100000    5.4775803480e-03    1.0002412627e-05    1.2931164117e-07    8.4182535641e-02
 351.0100000    5.4743486622e-03    9.9905903775e-06    1.2905834864e-07    8.4205455325e-02
 351.5100000    5.4708833936e-03    9.9779174404e-06    1.2868031847e-07    8.4228381552e-02
 352.0100000    5.4720722193e-03    9.9825670702e-06    1.2868968660e-07    8.4251317960e-02
 352.5100000    5.4737239624e-03    9.9885838158e-06    1.2982316168e-07    8.4274235344e-02
 353.0100000    5.4750842087e-03    9.9935373274e-06    1.3089659655e-07    8.4297087999e-02
 353.5100000    5.4761645218e-03    9.9974713413e-06    1.3185597569e-07    8.4319845516e-02
 354.0100000    5.4769797032e-03    1.0000439540e-05    1.3269304023e-07    8.4342517238e-02
 354.5100000    5.4775416473e-03    1.0002482985e-05    1.3341469234e-07    8.4365148431e-02
 355.0100000    5.4778547214e-03    1.0003614774e-05    1.3403160226e-07    8.4387791136e-02
 355.5100000    5.4779127876e-03    1.0003811292e-05    1.3456611902e-07    8.4410472962e-02
 356.0100000    5.4777017287e-03    1.0003022378e-05    1.3504313618e-07    8.4433184142e-02
 356.5100000    5.4772106429e-03    1.0001211001e-05    1.3547118874e-07    8.4455890430e-02
 357.0100000    5.4764449435e-03    9.9983987125e-06    1.3583223848e-07    8.4478563122e-02
 357.5100000    5.4754261411e-03    9.9946634501e-06    1.3608187633e-07    8.4501206104e-02
 358.0100000    5.4741753730e-03    9.9900803156e-06    1.3617453752e-07    8.4523860943e-02
 358.5100000    5.4726985501e-03    9.9846698160e-06    1.3611694509e-07    8.4546584993e-02
 359.0100000    5.4709875808e-03    9.9784040350e-06    1.3598964638e-07    8.4569417217e-02
 359.5100000    5.4690298912e-03    9.9712406724e-06    1.3587554524e-07    8.4592356112e-02
 360.0100000    5.4668136138e-03    9.9631395762e-06    1.3575661792e-07    8.4615365974e-02
 360.5100000    5.4643316646e-03    9.9540758044e-06    1.3551896065e-07    8.4638406512e-02
 361.0100000    5.4615903638e-03    9.9440713583e-06    1.3637951436e-07    8.4661463466e-02
 361.5100000    5.4586105371e-03    9.9332010256e-06    1.3731332541e-07    8.4684558095e-02
 362.0100000    5.4554107783e-03    9.9215330618e-06    1.3816614072e-07    8.4707729587e-02
 362.5100000    5.4519901174e-03    9.9090665251e-06    1.3901629340e-07    8.4731004757e-02
 363.0100000    5.4532821429e-03    9.9140532379e-06    1.3984470181e-07    8.4754376841e-02
 363.5100000    5.4549264504e-03    9.9200240545e-06    1.4059812933e-07    8.4777806244e-02
 364.0100000    5.4562669365e-03    9.9248929855e-06    1.4125958213e-07    8.4801242378e-02
 364.5100000    5.4573075923e-03    9.9286740552e-06    1.4183745607e-07    8.4824652338e-02
 365.0100000    5.4580795674e-03    9.9314777981e-06    1.4232119175e-07    8.4848036332e-02
 365.5100000    5.4586172887e-03    9.9334262789e-06    1.4268368550e-07    8.4871419351e-02
 366.0100000    5.4589347781e-03    9.9345695482e-06    1.4291886727e-07    8.4894825345e-02
 366.5100000    5.4590190159e-03    9.9348622052e-06    1.4304820766e-07    8.4918252114e-02
 367.0100000    5.4588386586e-03    9.9341929173e-06    1.4308809708e-07    8.4941664333e-02
 367.5100000    5.4583634404e-03    9.9324521328e-06    1.4303263837e-07    8.4965009753e-02
 368.0100000    5.4575861465e-03    9.9296115671e-06    1.4287521220e-07    8.4988247992e-02
 368.5100000    5.4565312632e-03    9.9257580799e-06    1.4262950620e-07    8.5011372131e-02
 369.0100000    5.4552395677e-03    9.9210402636e-06    1.4231551638e-07    8.5034408274e-02
 369.5100000    5.4537371929e-03    9.9155560222e-06    1.4322930593e-07    8.5057393886e-02
 370.0100000    5.4520136040e-03    9.9092700950e-06    1.4438023843e-07    8.5080349655e-02
 370.5100000    5.4500278567e-03    9.9020345887e-06    1.4541118150e-07    8.5103263603e-02
 371.0100000    5.4477390098e-03    9.8936997109e-06    1.4633304194e-07    8.5130243953e-02
 371.5100000    5.4451374156e-03    9.8842296892e-06    1.4717361698e-07    8.5152718137e-02
 372.0100000    5.4422533436e-03    9.8737359850e-06    1.4795415605e-07    8.5172713984e-02
 372.5100000    5.4391350085e-03    9.8623972232e-06    1.4866496634e-07    8.5192467897e-02
 373.0100000    5.4358114013e-03    9.8503222977e-06    1.4926558495e-07    8.5213711460e-02
 373.5100000    5.4341536751e-03    9.8445752686e-06    1.4971439985e-07    8.5236249061e-02
 374.0100000    5.4358468717e-03    9.8507069450e-06    1.5000191941e-07    8.5259301943e-02
 374.5100000    5.4372173498e-03    9.8556690599e-06    1.5015515036e-07    8.5282339477e-02
 375.0100000    5.4382624747e-03    9.8594498226e-06    1.5020957779e-07    8.5305183620e-02
 375.5100000    5.4390210734e-03    9.8621893151e-06    1.5017888984e-07    8.5327858802e-02
 376.0100000    5.4395451535e-03    9.8640772139e-06    1.5005228924e-07    8.5350468959e-02
 376.5100000    5.4398644875e-03    9.8652232479e-06    1.4981716847e-07    8.5373138059e-02
 377.0100000    5.4399708956e-03    9.8655986402e-06    1.4947766722e-07    8.5395969977e-02
 377.5100000    5.4398296330e-03    9.8650765488e-06    1.4946227030e-07    8.5419013281e-02
 378.0100000    5.4394062834e-03    9.8635299922e-06    1.5070825644e-07    8.5442248708e-02
 378.5100000    5.4386914197e-03    9.8609226802e-06    1.5186284408e-07    8.5465611857e-02
 379.0100000    5.4377088896e-03    9.8573406202e-06    1.5289878562e-07    8.5489037644e-02
 379.5100000    5.4365019812e-03    9.8529426857e-06    1.5381286811e-07    8.5512497887e-02
 380.0100000    5.4351043625e-03    9.8478545640e-06    1.5462350021e-07    8.5536008930e-02
 380.5100000    5.4335149625e-03    9.8420758493e-06    1.5533042764e-07    8.5559606388e-02
 381.0100000    5.4316965116e-03    9.8354728955e-06    1.5590157494e-07    8.5583307136e-02
 381.5100000    5.4296011913e-03    9.8278712978e-06    1.5631403611e-07    8.5607085112e-02
 382.0100000    5.4272049701e-03    9.8191817857e-06    1.5659309850e-07    8.5630876742e-02
 382.5100000    5.4245237843e-03    9.8094612591e-06    1.5678993668e-07    8.5654611881e-02
 383.0100000    5.4215984903e-03    9.7988595919e-06    1.5692277534e-07    8.5678248437e-02
 383.5100000    5.4184608561e-03    9.7874955494e-06    1.5695620420e-07    8.5701788217e-02
 384.0100000    5.4159795952e-03    9.7787652210e-06    1.5684244360e-07    8.5725264059e-02
 384.5100000    5.4177859325e-03    9.7852850887e-06    1.5657086262e-07    8.5748706875e-02
 385.0100000    5.4192772007e-03    9.7906702382e-06    1.5617104689e-07    8.5772115053e-02
 385.5100000    5.4204250900e-03    9.7948155864e-06    1.5573658238e-07    8.5795448490e-02
 386.0100000    5.4212425534e-03    9.7977653121e-06    1.5711929445e-07    8.5818653071e-02
 386.5100000    5.4217754306e-03    9.7996838811e-06    1.5841987636e-07    8.5841696434e-02
 387.0100000    5.4220712462e-03    9.8007433488e-06    1.5959499915e-07    8.5864589037e-02
 387.5100000    5.4221479277e-03    9.8010094944e-06    1.6062117125e-07    8.5887379030e-02
 388.0100000    5.4219833140e-03    9.8004029564e-06    1.6151431316e-07    8.5910126138e-02
 388.5100000    5.4215336247e-03    9.7987654849e-06    1.6230739894e-07    8.5932869667e-02
 389.0100000    5.4207705151e-03    9.7959941331e-06    1.6298418489e-07    8.5955610171e-02
 389.5100000    5.4197065208e-03    9.7921340159e-06    1.6346744935e-07    8.5978318761e-02
 390.0100000    5.4183852945e-03    9.7873436124e-06    1.6372004818e-07    8.6000968253e-02
 390.5100000    5.4168484941e-03    9.7817749302e-06    1.6382027273e-07    8.6023565072e-02
 391.0100000    5.4151100410e-03    9.7754796976e-06    1.6387224336e-07    8.6046158710e-02
 391.5100000    5.4131534210e-03    9.7683989435e-06    1.6387102073e-07    8.6068818674e-02
 392.0100000    5.4109483001e-03    9.7604231807e-06    1.6372219123e-07    8.6091594877e-02
 392.5100000    5.4084739559e-03    9.7514779505e-06    1.6337535068e-07    8.6114491345e-02
 393.0100000    5.4057330603e-03    9.7415743063e-06    1.6287795255e-07    8.6137472773e-02
 393.5100000    5.4027458046e-03    9.7307873129e-06    1.6286002203e-07    8.6160496694e-02
 394.0100000    5.3995328329e-03    9.7191935360e-06    1.6432496367e-07    8.6183546703e-02
 394.5100000    5.3978456237e-03    9.7133371317e-06    1.6566378843e-07    8.6206646781e-02
 395.0100000    5.3994992530e-03    9.7192848850e-06    1.6681051721e-07    8.6229847193e-02
 395.5100000    5.4008843116e-03    9.7242663411e-06    1.6773829243e-07    8.6253189453e-02
 396.0100000    5.4019754003e-03    9.7281889401e-06    1.6847519555e-07    8.6276673773e-02
 396.5100000    5.4027715996e-03    9.7310480516e-06    1.6908478757e-07    8.6300252165e-02
 397.0100000    5.4032954541e-03    9.7329239830e-06    1.6961980156e-07    8.6323855160e-02
 397.5100000    5.4035700130e-03    9.7339000063e-06    1.7008219394e-07    8.6347434819e-02
 398.0100000    5.4036016340e-03    9.7340004420e-06    1.7042664283e-07    8.6370992293e-02
 398.5100000    5.4033835103e-03    9.7332024351e-06    1.7060378659e-07    8.6394569303e-02
 399.0100000    5.4029075882e-03    9.7314775728e-06    1.7059245125e-07    8.6418209824e-02
 399.5100000    5.4021689143e-03    9.7288068788e-06    1.7039285974e-07    8.6441920601e-02
 400.0100000    5.4011639300e-03    9.7251753963e-06    1.7001152559e-07    8.6465658631e-02
 400.5100000    5.3998920986e-03    9.7205798711e-06    1.6946229126e-07    8.6489353867e-02
 401.0100000    5.3983587449e-03    9.7150404746e-06    1.6876820470e-07    8.6512950645e-02
 401.5100000    5.3965728411e-03    9.7085926552e-06    1.6981687529e-07    8.6536438632e-02
 402.0100000    5.3945438657e-03    9.7012741008e-06    1.7110431477e-07    8.6559854011e-02
 402.5100000    5.3922792842e-03    9.6931137483e-06    1.7229234356e-07    8.6583251250e-02
 403.0100000    5.3897776173e-03    9.6841061375e-06    1.7339469759e-07    8.6606662283e-02
 403.5100000    5.3870255979e-03    9.6742022725e-06    1.7439479592e-07    8.6630070477e-02
 404.0100000    5.3840098119e-03    9.6633536005e-06    1.7524423688e-07    8.6653419378e-02
 404.5100000    5.3807291717e-03    9.6515581588e-06    1.7591070292e-07    8.6676650782e-02
 405.0100000    5.3813125347e-03    9.6538524433e-06    1.7640855800e-07    8.6699744838e-02
 405.5100000    5.3827126739e-03    9.6588747041e-06    1.7676973935e-07    8.6722733885e-02
 406.0100000    5.3838561392e-03    9.6629780863e-06    1.7699665099e-07    8.6745680743e-02
 406.5100000    5.3847414296e-03    9.6661539649e-06    1.7705826691e-07    8.6774917889e-02
 407.0100000    5.3853552044e-03    9.6683520830e-06    1.7692882633e-07    8.6795446292e-02
 407.5100000    5.3856820652e-03    9.6695170463e-06    1.7661769932e-07    8.6817189634e-02
 408.0100000    5.3857191227e-03    9.6696400054e-06    1.7615852616e-07    8.6836700202e-02
 408.5100000    5.3854815854e-03    9.6687769675e-06    1.7557650743e-07    8.6857119599e-02
 409.0100000    5.3849937430e-03    9.6670153242e-06    1.7652453574e-07    8.6879367356e-02
 409.5100000    5.3842735522e-03    9.6644188462e-06    1.7797985899e-07    8.6902668679e-02
 410.0100000    5.3833228964e-03    9.6609937526e-06    1.7925980142e-07    8.6926178334e-02
 410.5100000    5.3821285504e-03    9.6566927927e-06    1.8038877775e-07    8.6949531206e-02
 411.0100000    5.3806728969e-03    9.6514536582e-06    1.8139390506e-07    8.6972699954e-02
 411.5100000    5.3789488831e-03    9.6452524221e-06    1.8227774541e-07    8.6995760334e-02
 412.0100000    5.3769683397e-03    9.6381331851e-06    1.8301039894e-07    8.7018790212e-02
 412.5100000    5.3747559060e-03    9.6301858552e-06    1.8354690027e-07    8.7041863416e-02
 413.0100000    5.3723327362e-03    9.6214870646e-06    1.8385769524e-07    8.7065053789e-02
 413.5100000    5.3697020250e-03    9.6120481358e-06    1.8394853345e-07    8.7088416903e-02
 414.0100000    5.3668467254e-03    9.6018078827e-06    1.8385320828e-07    8.7111962683e-02
 414.5100000    5.3637415447e-03    9.5906771176e-06    1.8360669906e-07    8.7135646002e-02
 415.0100000    5.3630621033e-03    9.5884258952e-06    1.8322401491e-07    8.7159388708e-02
 415.5100000    5.3645008962e-03    9.5935683932e-06    1.8270110300e-07    8.7183121936e-02
 416.0100000    5.3656784560e-03    9.5977795648e-06    1.8202931687e-07    8.7206821196e-02
 416.5100000    5.3666081878e-03    9.6011038189e-06    1.8348475360e-07    8.7230508832e-02
 417.0100000    5.3672876026e-03    9.6035282506e-06    1.8494239079e-07    8.7254222730e-02
 417.5100000    5.3677031219e-03    9.6050029354e-06    1.8619549103e-07    8.7277977031e-02
 418.0100000    5.3678427138e-03    9.6054871588e-06    1.8725147256e-07    8.7301743972e-02
 418.5100000    5.3677058084e-03    9.6049827780e-06    1.8813757452e-07    8.7325467049e-02
 419.0100000    5.3673031481e-03    9.6035305300e-06    1.8887910941e-07    8.7349092986e-02
 419.5100000    5.3666478756e-03    9.6011767921e-06    1.8947932940e-07    8.7372599905e-02
 420.0100000    5.3657461414e-03    9.5979412367e-06    1.8991814061e-07    8.7396003374e-02
 420.5100000    5.3645953425e-03    9.5938128699e-06    1.9016797875e-07    8.7419337731e-02
 421.0100000    5.3631908183e-03    9.5887753093e-06    1.9021147797e-07    8.7442629064e-02
 421.5100000    5.3615333604e-03    9.5828332218e-06    1.9005011146e-07    8.7465879968e-02
 422.0100000    5.3596294271e-03    9.5760118599e-06    1.8970351641e-07    8.7489072949e-02
 422.5100000    5.3574850071e-03    9.5683343390e-06    1.8920043531e-07    8.7512187125e-02
 423.0100000    5.3551005555e-03    9.5598034953e-06    1.8856703395e-07    8.7535219014e-02
 423.5100000    5.3524713395e-03    9.5504033164e-06    1.8885104234e-07    8.7558194152e-02
 424.0100000    5.3495927009e-03    9.5401178281e-06    1.9064615919e-07    8.7581158458e-02
 424.5100000    5.3464664434e-03    9.5289540551e-06    1.9225018697e-07    8.7604154508e-02
 425.0100000    5.3455997164e-03    9.5260285797e-06    1.9349825669e-07    8.7627199931e-02
 425.5100000    5.3469507530e-03    9.5308411319e-06    1.9435870622e-07    8.7650283124e-02
 426.0100000    5.3480456487e-03    9.5347406182e-06    1.9500106623e-07    8.7673379911e-02
 426.5100000    5.3488872014e-03    9.5377373335e-06    1.9561923093e-07    8.7696479059e-02
 427.0100000    5.3494705587e-03    9.5398137696e-06    1.9622712261e-07    8.7719596347e-02
 427.5100000    5.3497895245e-03    9.5409470173e-06    1.9668067457e-07    8.7742765696e-02
 428.0100000    5.3498446968e-03    9.5411381180e-06    1.9685775973e-07    8.7766016804e-02
 428.5100000    5.3496469763e-03    9.5404250559e-06    1.9675629695e-07    8.7789358363e-02
 429.0100000    5.3492107037e-03    9.5388586905e-06    1.9644166317e-07    8.7812776213e-02
 429.5100000    5.3485423272e-03    9.5364625844e-06    1.9596068425e-07    8.7836243818e-02
 430.0100000    5.3476380920e-03    9.5332247850e-06    1.9531856662e-07    8.7859736988e-02
 430.5100000    5.3464916424e-03    9.5291244990e-06    1.9483141512e-07    8.7883244887e-02
 431.0100000    5.3450985937e-03    9.5241474561e-06    1.9659046312e-07    8.7906771817e-02
 431.5100000    5.3434546718e-03    9.5182784509e-06    1.9813068894e-07    8.7930328068e-02
 432.0100000    5.3415587051e-03    9.5115122196e-06    1.9945290826e-07    8.7953915290e-02
 432.5100000    5.3394204205e-03    9.5038825782e-06    2.0056329102e-07    8.7977517492e-02
 433.0100000    5.3370559035e-03    9.4954476873e-06    2.0146802701e-07    8.8001106645e-02
 433.5100000    5.3344690743e-03    9.4862243490e-06    2.0217733637e-07    8.8024658579e-02
 434.0100000    5.3316429405e-03    9.4761557480e-06    2.0270644835e-07    8.8048164706e-02
 434.5100000    5.3285540871e-03    9.4651614094e-06    2.0306119597e-07    8.8071631477e-02
 435.0100000    5.3285393638e-03    9.4652609177e-06    2.0320878453e-07    8.8095069696e-02
 435.5100000    5.3297584881e-03    9.4695917137e-06    2.0307828883e-07    8.8118482522e-02
 436.0100000    5.3307048004e-03    9.4729501304e-06    2.0262146160e-07    8.8141863197e-02
 436.5100000    5.3314037244e-03    9.4754259793e-06    2.0187315814e-07    8.8165204574e-02
 437.0100000    5.3318683260e-03    9.4770672899e-06    2.0093305653e-07    8.8188510559e-02
 437.5100000    5.3320903155e-03    9.4778466957e-06    2.0024771435e-07    8.8211798818e-02
 438.0100000    5.3320530309e-03    9.4777060728e-06    2.0197298874e-07    8.8235093556e-02
 438.5100000    5.3317517360e-03    9.4766281741e-06    2.0358232940e-07    8.8258414266e-02
 439.0100000    5.3311974829e-03    9.4746507559e-06    2.0502913381e-07    8.8281766720e-02
 439.5100000    5.3304096906e-03    9.4718412806e-06    2.0627610142e-07    8.8305143267e-02
 440.0100000    5.3294094944e-03    9.4682746030e-06    2.0729600080e-07    8.8332065884e-02
 440.5100000    5.3282086330e-03    9.4639940069e-06    2.0806186427e-07    8.8355510992e-02
 441.0100000    5.3267972742e-03    9.4589671026e-06    2.0855531910e-07    8.8375617464e-02
 441.5100000    5.3251483299e-03    9.4530996504e-06    2.0879250440e-07    8.8395569886e-02
 442.0100000    5.3232379175e-03    9.4463073408e-06    2.0882880462e-07    8.8417814199e-02
 442.5100000    5.3210625484e-03    9.4385772259e-06    2.0871823790e-07    8.8441827841e-02
 443.0100000    5.3186408387e-03    9.4299750489e-06    2.0846077206e-07    8.8466317202e-02
 443.5100000    5.3160008497e-03    9.4206012526e-06    2.0799492806e-07    8.8490520578e-02
 444.0100000    5.3131602370e-03    9.4105203268e-06    2.0724934629e-07    8.8514288368e-02
 444.5100000    5.3103529962e-03    9.4007028099e-06    2.0720690731e-07    8.8537755888e-02
 445.0100000    5.3117924021e-03    9.4057985103e-06    2.0889566329e-07    8.8561095181e-02
 445.5100000    5.3129310045e-03    9.4098296875e-06    2.1043513461e-07    8.8584420190e-02
 446.0100000    5.3137579376e-03    9.4127567722e-06    2.1188678408e-07    8.8607774384e-02
 446.5100000    5.3142939950e-03    9.4146525328e-06    2.1322116061e-07    8.8631149158e-02
 447.0100000    5.3145798130e-03    9.4156604172e-06    2.1433544125e-07    8.8654513772e-02
 447.5100000    5.3146492008e-03    9.4159001914e-06    2.1512815083e-07    8.8677843994e-02
 448.0100000    5.3145070168e-03    9.4153895324e-06    2.1557004973e-07    8.8701136665e-02
 448.5100000    5.3141279719e-03    9.4140393605e-06    2.1571564177e-07    8.8724406002e-02
 449.0100000    5.3134781666e-03    9.4117295399e-06    2.1565010861e-07    8.8747668122e-02
 449.5100000    5.3125430850e-03    9.4084080640e-06    2.1541938971e-07    8.8770925746e-02
 450.0100000    5.3113407074e-03    9.4041384574e-06    2.1500129161e-07    8.8794165289e-02
 450.5100000    5.3099104880e-03    9.3990617324e-06    2.1433641285e-07    8.8817370163e-02
 451.0100000    5.3082866612e-03    9.3933015535e-06    2.1338647551e-07    8.8840540366e-02
 451.5100000    5.3064753003e-03    9.3868813625e-06    2.1463064586e-07    8.8863702411e-02
 452.0100000    5.3044521097e-03    9.3797151829e-06    2.1634709514e-07    8.8886900281e-02
 452.5100000    5.3021824733e-03    9.3716790692e-06    2.1786568524e-07    8.8910172246e-02
 453.0100000    5.2996478441e-03    9.3627065872e-06    2.1918550485e-07    8.8933530354e-02
 453.5100000    5.2968583812e-03    9.3528351831e-06    2.2026853571e-07    8.8956957893e-02
 454.0100000    5.2938441778e-03    9.3421746676e-06    2.2107225199e-07    8.8980427335e-02
 454.5100000    5.2933640675e-03    9.3405948284e-06    2.2157947850e-07    8.9003924941e-02
 455.0100000    5.2945668796e-03    9.3448389262e-06    2.2180111364e-07    8.9027459485e-02
 455.5100000    5.2955346099e-03    9.3482523632e-06    2.2176131317e-07    8.9051048133e-02
 456.0100000    5.2962490880e-03    9.3507696246e-06    2.2149131799e-07    8.9074696019e-02
 456.5100000    5.2966946696e-03    9.3523358639e-06    2.2103965464e-07    8.9098387193e-02
 457.0100000    5.2968686290e-03    9.3529427847e-06    2.2045362123e-07    8.9122091174e-02
 457.5100000    5.2967843490e-03    9.3526385632e-06    2.1969934779e-07    8.9145779444e-02
 458.0100000    5.2964657818e-03    9.3515075421e-06    2.2016423710e-07    8.9169440210e-02
 458.5100000    5.2959335745e-03    9.3496215187e-06    2.2177827681e-07    8.9193080277e-02
 459.0100000    5.2951917273e-03    9.3469936309e-06    2.2312476507e-07    8.9216714721e-02
 459.5100000    5.2942261011e-03    9.3435740551e-06    2.2440017323e-07    8.9240353837e-02
 460.0100000    5.2930155851e-03    9.3392896869e-06    2.2560375085e-07    8.9263993326e-02
 460.5100000    5.2915472601e-03    9.3340970219e-06    2.2659943752e-07    8.9287611841e-02
 461.0100000    5.2898261038e-03    9.3280153409e-06    2.2729552473e-07    8.9311180394e-02
 461.5100000    5.2878731884e-03    9.3211196023e-06    2.2768897605e-07    8.9334680216e-02
 462.0100000    5.2857127745e-03    9.3134949867e-06    2.2779745382e-07    8.9358116266e-02
 462.5100000    5.2833559968e-03    9.3051802237e-06    2.2763112201e-07    8.9381514708e-02
 463.0100000    5.2807917256e-03    9.2961364636e-06    2.2721059844e-07    8.9404904813e-02
 463.5100000    5.2779928021e-03    9.2862698362e-06    2.2655653326e-07    8.9428299133e-02
 464.0100000    5.2760596355e-03    9.2795649371e-06    2.2566188023e-07    8.9451688413e-02
 464.5100000    5.2772497349e-03    9.2837521024e-06    2.2552994316e-07    8.9475053388e-02
 465.0100000    5.2781602286e-03    9.2869570668e-06    2.2748666864e-07    8.9498379663e-02
 465.5100000    5.2788092796e-03    9.2892414147e-06    2.2921364091e-07    8.9521665388e-02
 466.0100000    5.2792252103e-03    9.2907031195e-06    2.3071404977e-07    8.9544922689e-02
 466.5100000    5.2794272279e-03    9.2914095674e-06    2.3196458541e-07    8.9568173574e-02
 467.0100000    5.2794065612e-03    9.2913307928e-06    2.3293937851e-07    8.9591439335e-02
 467.5100000    5.2791341121e-03    9.2903654510e-06    2.3363233487e-07    8.9614729492e-02
 468.0100000    5.2785896191e-03    9.2884428325e-06    2.3403971713e-07    8.9638038902e-02
 468.5100000    5.2777811089e-03    9.2855912856e-06    2.3413367522e-07    8.9661353825e-02
 469.0100000    5.2767380649e-03    9.2819144432e-06    2.3387371278e-07    8.9684662651e-02
 469.5100000    5.2754915228e-03    9.2775214880e-06    2.3324231640e-07    8.9707966625e-02
 470.0100000    5.2740577259e-03    9.2724698477e-06    2.3226399026e-07    8.9731283003e-02
 470.5100000    5.2724287176e-03    9.2667321613e-06    2.3099926125e-07    8.9754635762e-02
 471.0100000    5.2705765147e-03    9.2602109770e-06    2.3078472240e-07    8.9793375001e-02
 471.5100000    5.2684761300e-03    9.2528197506e-06    2.3271192857e-07    8.9805654460e-02
 472.0100000    5.2661267044e-03    9.2445569289e-06    2.3450550889e-07    8.9828853237e-02
 472.5100000    5.2635488811e-03    9.2354962178e-06    2.3611340593e-07    8.9847991958e-02
 473.0100000    5.2607693105e-03    9.2257318773e-06    2.3746491300e-07    8.9867786152e-02
 473.5100000    5.2580043426e-03    9.2161197971e-06    2.3850862361e-07    8.9890434687e-02
 474.0100000    5.2592319457e-03    9.2204200161e-06    2.3921793816e-07    8.9914897436e-02
 474.5100000    5.2602318890e-03    9.2239228811e-06    2.3957866108e-07    8.9939678748e-02
 475.0100000    5.2609766597e-03    9.2265324200e-06    2.3959123828e-07    8.9964057355e-02
 475.5100000    5.2614493823e-03    9.2281887725e-06    2.3928227088e-07    8.9987970351e-02
 476.0100000    5.2616555881e-03    9.2289097878e-06    2.3869067912e-07    9.0011591861e-02
 476.5100000    5.2616203445e-03    9.2287819510e-06    2.3782981001e-07    9.0035092387e-02
 477.0100000    5.2613748603e-03    9.2279142923e-06    2.3667511625e-07    9.0058582589e-02
 477.5100000    5.2609389264e-03    9.2263769439e-06    2.3757696192e-07    9.0082121995e-02
 478.0100000    5.2603084773e-03    9.2241569679e-06    2.3949475951e-07    9.0105730916e-02
 478.5100000    5.2594578939e-03    9.2211657312e-06    2.4116697127e-07    9.0129398485e-02
 479.0100000    5.2583582886e-03    9.2173025988e-06    2.4264252281e-07    9.0153092273e-02
 479.5100000    5.2569984275e-03    9.2125282438e-06    2.4391393865e-07    9.0176770988e-02
 480.0100000    5.2553922916e-03    9.2068914526e-06    2.4490662271e-07    9.0200398030e-02
 480.5100000    5.2535701019e-03    9.2004982351e-06    2.4553214326e-07    9.0223952674e-02
 481.0100000    5.2515595813e-03    9.1934466745e-06    2.4575519296e-07    9.0247435699e-02
 481.5100000    5.2493674126e-03    9.1857618989e-06    2.4561329084e-07    9.0270866404e-02
 482.0100000    5.2469731344e-03    9.1773739713e-06    2.4517676035e-07    9.0294270796e-02
 482.5100000    5.2443420467e-03    9.1690919368e-06    2.4449058787e-07    9.0317664922e-02
 483.0100000    5.2425515494e-03    9.1629991527e-06    2.4354935280e-07    9.0341042510e-02
 483.5100000    5.2422763108e-03    9.1610113324e-06    2.4238498409e-07    9.0364378188e-02
 484.0100000    5.2431165287e-03    9.1639471720e-06    2.4469183931e-07    9.0387646713e-02
 484.5100000    5.2437227026e-03    9.1660667030e-06    2.4667752656e-07    9.0410844078e-02
 485.0100000    5.2441187305e-03    9.1674529225e-06    2.4835567853e-07    9.0433996281e-02
 485.5100000    5.2443053174e-03    9.1681061322e-06    2.4974966285e-07    9.0457149729e-02
 486.0100000    5.2442622307e-03    9.1679534536e-06    2.5085279974e-07    9.0480345964e-02
 486.5100000    5.2439643614e-03    9.1669067473e-06    2.5162211679e-07    9.0503597219e-02
 487.0100000    5.2434020446e-03    9.1649337791e-06    2.5201623908e-07    9.0526884138e-02
 487.5100000    5.2425928083e-03    9.1620978016e-06    2.5205418564e-07    9.0550177008e-02
 488.0100000    5.2415736849e-03    9.1585292412e-06    2.5182746279e-07    9.0573460288e-02
 488.5100000    5.2403777731e-03    9.1543437301e-06    2.5139423896e-07    9.0596743152e-02
 489.0100000    5.2390136993e-03    9.1495713387e-06    2.5064933079e-07    9.0620052718e-02
 489.5100000    5.2374624620e-03    9.1441462540e-06    2.4939921566e-07    9.0643416109e-02
 490.0100000    5.2356921135e-03    9.1379577639e-06    2.4972303786e-07    9.0666845014e-02
 490.5100000    5.2336813104e-03    9.1309318728e-06    2.5172130023e-07    9.0690334640e-02
 491.0100000    5.2314364858e-03    9.1230912460e-06    2.5355537545e-07    9.0713873324e-02
 491.5100000    5.2289885311e-03    9.1145442439e-06    2.5510044707e-07    9.0737450426e-02
 492.0100000    5.2263703593e-03    9.1054070321e-06    2.5629691535e-07    9.0761059596e-02
 492.5100000    5.2267541436e-03    9.1077819263e-06    2.5717632831e-07    9.0784700862e-02
 493.0100000    5.2279328946e-03    9.1119203186e-06    2.5774075918e-07    9.0808379766e-02
 493.5100000    5.2283681533e-03    9.1134607697e-06    2.5792677340e-07    9.0832101999e-02
 494.0100000    5.2281102420e-03    9.1125784163e-06    2.5768656566e-07    9.0855866893e-02
 494.5100000    5.2272144715e-03    9.1094679382e-06    2.5704034310e-07    9.0879662346e-02
 495.0100000    5.2265603444e-03    9.1061201968e-06    2.5604424344e-07    9.0903464724e-02
 495.5100000    5.2264936329e-03    9.1058828375e-06    2.5474390723e-07    9.0927248126e-02
 496.0100000    5.2262434833e-03    9.1050062796e-06    2.5461618948e-07    9.0950998098e-02
 496.5100000    5.2258201832e-03    9.1035266463e-06    2.5686923506e-07    9.0974717646e-02
 497.0100000    5.2252000243e-03    9.1013609397e-06    2.5882791505e-07    9.0998420949e-02
 497.5100000    5.2243465078e-03    9.0983815045e-06    2.6044336562e-07    9.1022120945e-02
 498.0100000    5.2232377972e-03    9.0945124212e-06    2.6167956019e-07    9.1045818322e-02
 498.5100000    5.2218781189e-03    9.0897694817e-06    2.6255384901e-07    9.1069497989e-02
 499.0100000    5.2202942446e-03    9.0842475097e-06    2.6311221490e-07    9.1093136818e-02
 499.5100000    5.2198092881e-03    9.0836101073e-06    2.6335207713e-07    9.1116717265e-02
 500.0100000    5.2195601747e-03    9.0827749773e-06    2.6319919947e-07    9.1140235382e-02
 500.5100000    5.2185936138e-03    9.0794474912e-06    2.6257225302e-07    9.1163699100e-02
 501.0100000    5.2169431897e-03    9.0737361602e-06    2.6145272554e-07    9.1193277171e-02
 501.5100000    5.2146618858e-03    9.0658153468e-06    2.5989672621e-07    9.1216875357e-02
 502.0100000    5.2117873186e-03    9.0558121601e-06    2.5891329851e-07    9.1237768552e-02
 502.5100000    5.2083216926e-03    9.0437421516e-06    2.6103518256e-07    9.1255298689e-02
 503.0100000    5.2082002387e-03    9.0422144464e-06    2.6301485063e-07    9.1275227329e-02
 503.5100000    5.2086880851e-03    9.0439100856e-06    2.6483293354e-07    9.1298332285e-02
 504.0100000    5.2090018201e-03    9.0449989789e-06    2.6640637452e-07    9.1322767112e-02
 504.5100000    5.2102807977e-03    9.0503992244e-06    2.6762113616e-07    9.1347034458e-02
 505.0100000    5.2111300447e-03    9.0533832842e-06    2.6838493209e-07    9.1370678386e-02
 505.5100000    5.2113090959e-03    9.0540354930e-06    2.6867072349e-07    9.1393834246e-02
 506.0100000    5.2108706569e-03    9.0525355459e-06    2.6852003798e-07    9.1416753023e-02
 506.5100000    5.2098243844e-03    9.0489161008e-06    2.6800710655e-07    9.1439617476e-02
 507.0100000    5.2081452172e-03    9.0430910068e-06    2.6718886490e-07    9.1462534704e-02
 507.5100000    5.2058012127e-03    9.0349525199e-06    2.6606675146e-07    9.1485564843e-02
 508.0100000    5.2034913869e-03    9.0258412122e-06    2.6552479243e-07    9.1508738125e-02
 508.5100000    5.2019716998e-03    9.0205628805e-06    2.6803525243e-07    9.1532061274e-02
 509.0100000    5.2002239596e-03    9.0144952773e-06    2.7011721947e-07    9.1555520147e-02
 509.5100000    5.1988056823e-03    9.0105534966e-06    2.7179780927e-07    9.1579083761e-02
 510.0100000    5.2009756915e-03    9.0181150808e-06    2.7314251907e-07    9.1602714189e-02
 510.5100000    5.2024855920e-03    9.0233823875e-06    2.7417951869e-07    9.1626381742e-02
 511.0100000    5.2032917684e-03    9.0262036800e-06    2.7486684421e-07    9.1650077089e-02
 511.5100000    5.2033505311e-03    9.0264289838e-06    2.7513252865e-07    9.1673811153e-02
 512.0100000    5.2026529765e-03    9.0240278767e-06    2.7493584132e-07    9.1697602767e-02
 512.5100000    5.2012344939e-03    9.0191217760e-06    2.7428638817e-07    9.1721462560e-02
 513.0100000    5.1991540037e-03    9.0119142376e-06    2.7321790528e-07    9.1745383774e-02
 513.5100000    5.1964618410e-03    9.0025824712e-06    2.7175957255e-07    9.1769343255e-02
 514.0100000    5.1931781554e-03    8.9912028598e-06    2.7183449713e-07    9.1793306120e-02
 514.5100000    5.1912546022e-03    8.9834352418e-06    2.7424810643e-07    9.1817233945e-02
 515.0100000    5.1909778177e-03    8.9824704356e-06    2.7629902204e-07    9.1841100018e-02
 515.5100000    5.1923501086e-03    8.9882226707e-06    2.7797806339e-07    9.1864899417e-02
 516.0100000    5.1940515655e-03    8.9941445936e-06    2.7926768871e-07    9.1888643254e-02
 516.5100000    5.1949781866e-03    8.9973774774e-06    2.8014397178e-07    9.1912345606e-02
 517.0100000    5.1952220027e-03    8.9982385741e-06    2.8062107638e-07    9.1936010750e-02
 517.5100000    5.1948415536e-03    8.9969320634e-06    2.8077044371e-07    9.1959623541e-02
 518.0100000    5.1938357233e-03    8.9934567530e-06    2.8061314317e-07    9.1983153957e-02
 518.5100000    5.1921786951e-03    8.9877257493e-06    2.7999703304e-07    9.2006577522e-02
 519.0100000    5.1898562231e-03    8.9796914385e-06    2.7872207274e-07    9.2029891994e-02
 519.5100000    5.1868669541e-03    8.9693504907e-06    2.7682469818e-07    9.2053115849e-02
 520.0100000    5.1832154576e-03    8.9567212271e-06    2.7786742298e-07    9.2076274908e-02
 520.5100000    5.1803962722e-03    8.9468227282e-06    2.8029198331e-07    9.2099387221e-02
 521.0100000    5.1831729117e-03    8.9564463320e-06    2.8234747337e-07    9.2122452329e-02
 521.5100000    5.1852630486e-03    8.9636994586e-06    2.8394519419e-07    9.2145454824e-02
 522.0100000    5.1866431975e-03    8.9684985532e-06    2.8515490415e-07    9.2168385170e-02
 522.5100000    5.1872830216e-03    8.9707352299e-06    2.8602603337e-07    9.2191260532e-02
 523.0100000    5.1871730365e-03    8.9703735004e-06    2.8649792202e-07    9.2214126153e-02
 523.5100000    5.1863335289e-03    8.9674823932e-06    2.8648327464e-07    9.2237037249e-02
 524.0100000    5.1848087697e-03    8.9622164580e-06    2.8595836062e-07    9.2260034801e-02
 524.5100000    5.1826455015e-03    8.9547405805e-06    2.8496022497e-07    9.2283128904e-02
 525.0100000    5.1798710477e-03    8.9451534754e-06    2.8354278641e-07    9.2306300529e-02
 525.5100000    5.1764885854e-03    8.9334711097e-06    2.8226672710e-07    9.2329523596e-02
 526.0100000    5.1724850976e-03    8.9196537725e-06    2.8495814551e-07    9.2352792823e-02
 526.5100000    5.1749480677e-03    8.9280323120e-06    2.8730334639e-07    9.2376135785e-02
 527.0100000    5.1771802353e-03    8.9357690662e-06    2.8921705118e-07    9.2399599436e-02
 527.5100000    5.1786135126e-03    8.9407434091e-06    2.9063161414e-07    9.2423220383e-02
 528.0100000    5.1793304925e-03    8.9432370272e-06    2.9155906746e-07    9.2446999140e-02
 528.5100000    5.1793910390e-03    8.9434580162e-06    2.9207100286e-07    9.2470895817e-02
 529.0100000    5.1788172527e-03    8.9414890574e-06    2.9220377181e-07    9.2494851351e-02
 529.5100000    5.1775980841e-03    8.9372998446e-06    2.9190373718e-07    9.2518821011e-02
 530.0100000    5.1757083347e-03    8.9308070961e-06    2.9106833314e-07    9.2550570611e-02
 530.5100000    5.1731308228e-03    8.9219474039e-06    2.8962292676e-07    9.2576573462e-02
 531.0100000    5.1698670342e-03    8.9107157927e-06    2.8756997110e-07    9.2594966222e-02
 531.5100000    5.1659321371e-03    8.8971560866e-06    2.8831335045e-07    9.2612313710e-02
 532.0100000    5.1667462096e-03    8.8998145260e-06    2.9033780074e-07    9.2633805402e-02
 532.5100000    5.1691557107e-03    8.9081177744e-06    2.9213138185e-07    9.2658533565e-02
 533.0100000    5.1708845307e-03    8.9140731075e-06    2.9374879886e-07    9.2684014462e-02
 533.5100000    5.1718902821e-03    8.9175434755e-06    2.9513966060e-07    9.2708856956e-02
 534.0100000    5.1721262199e-03    8.9183703676e-06    2.9616230602e-07    9.2732861225e-02
 534.5100000    5.1715758952e-03    8.9164938568e-06    2.9664988249e-07    9.2756318631e-02
 535.0100000    5.1702648565e-03    8.9119965406e-06    2.9651026312e-07    9.2779532686e-02
 535.5100000    5.1682516403e-03    8.9050755964e-06    2.9578631408e-07    9.2802673803e-02
 536.0100000    5.1656048889e-03    8.8959652917e-06    2.9460760860e-07    9.2825789817e-02
 536.5100000    5.1623743932e-03    8.8848379567e-06    2.9306880279e-07    9.2848859067e-02
 537.0100000    5.1585706031e-03    8.8717344486e-06    2.9292718861e-07    9.2871847175e-02
 537.5100000    5.1592709035e-03    8.8740034230e-06    2.9568322547e-07    9.2894745009e-02
 538.0100000    5.1617151842e-03    8.8824370267e-06    2.9792509664e-07    9.2917575515e-02
 538.5100000    5.1632674836e-03    8.8878072646e-06    2.9967082852e-07    9.2940374882e-02
 539.0100000    5.1640013857e-03    8.8903629491e-06    3.0101904079e-07    9.2963166054e-02
 539.5100000    5.1640250337e-03    8.8904702321e-06    3.0203467771e-07    9.2985944502e-02
 540.0100000    5.1634288613e-03    8.8884358910e-06    3.0267670112e-07    9.3008688069e-02
 540.5100000    5.1622491776e-03    8.8843844656e-06    3.0283753359e-07    9.3031385007e-02
 541.0100000    5.1604657080e-03    8.8782496745e-06    3.0243904995e-07    9.3054058088e-02
 541.5100000    5.1580275234e-03    8.8698613948e-06    3.0147734643e-07    9.3076766082e-02
 542.0100000    5.1548914648e-03    8.8590757839e-06    2.9998624328e-07    9.3099581378e-02
 542.5100000    5.1510490634e-03    8.8458675226e-06    2.9859054275e-07    9.3122558061e-02
 543.0100000    5.1515631443e-03    8.8475152587e-06    3.0135198599e-07    9.3145713863e-02
 543.5100000    5.1538916409e-03    8.8555440491e-06    3.0370806950e-07    9.3169036067e-02
 544.0100000    5.1555806877e-03    8.8613733347e-06    3.0566941079e-07    9.3192496004e-02
 544.5100000    5.1565967159e-03    8.8648863631e-06    3.0723500227e-07    9.3216061715e-02
 545.0100000    5.1568701010e-03    8.8658432368e-06    3.0837177706e-07    9.3239713660e-02
 545.5100000    5.1563641000e-03    8.8641177121e-06    3.0905079738e-07    9.3263457081e-02
 546.0100000    5.1550893894e-03    8.8597469020e-06    3.0928817596e-07    9.3287316307e-02
 546.5100000    5.1530922914e-03    8.8528908221e-06    3.0905692911e-07    9.3311312068e-02
 547.0100000    5.1504423025e-03    8.8437900464e-06    3.0817365672e-07    9.3335437251e-02
 547.5100000    5.1471979509e-03    8.8326487922e-06    3.0645432664e-07    9.3359647325e-02
 548.0100000    5.1433669410e-03    8.8194982075e-06    3.0401835491e-07    9.3383875386e-02
 548.5100000    5.1453066749e-03    8.8260448089e-06    3.0648825899e-07    9.3408065729e-02
 549.0100000    5.1476234780e-03    8.8340267615e-06    3.0914606023e-07    9.3432198660e-02
 549.5100000    5.1490210906e-03    8.8388536112e-06    3.1129656401e-07    9.3456281972e-02
 550.0100000    5.1495762963e-03    8.8407849831e-06    3.1280499249e-07    9.3480318813e-02
 550.5100000    5.1494088625e-03    8.8402297159e-06    3.1376259859e-07    9.3504284921e-02
 551.0100000    5.1486222102e-03    8.8375426874e-06    3.1427691189e-07    9.3528132755e-02
 551.5100000    5.1472521381e-03    8.8328485425e-06    3.1434170773e-07    9.3551814314e-02
 552.0100000    5.1452590777e-03    8.8260143829e-06    3.1389096082e-07    9.3575305678e-02
 552.5100000    5.1425751183e-03    8.8168104374e-06    3.1288615722e-07    9.3598619219e-02
 553.0100000    5.1391645501e-03    8.8051174823e-06    3.1132951915e-07    9.3621796170e-02
 553.5100000    5.1354654259e-03    8.7923112612e-06    3.0924093905e-07    9.3644882371e-02
 554.0100000    5.1380630752e-03    8.8012397255e-06    3.1203642947e-07    9.3667901781e-02
 554.5100000    5.1399773859e-03    8.8078258660e-06    3.1452748242e-07    9.3690847524e-02
 555.0100000    5.1412702600e-03    8.8122808489e-06    3.1658636517e-07    9.3713698633e-02
 555.5100000    5.1419115845e-03    8.8145002988e-06    3.1817914155e-07    9.3736448245e-02
 556.0100000    5.1418269306e-03    8.8142265399e-06    3.1923784984e-07    9.3759120326e-02
 556.5100000    5.1409607786e-03    8.8112664620e-06    3.1973416383e-07    9.3781765900e-02
 557.0100000    5.1393217737e-03    8.8056499987e-06    3.1971089721e-07    9.3804445078e-02
 557.5100000    5.1369782867e-03    8.7976177172e-06    3.1920806879e-07    9.3827204710e-02
 558.0100000    5.1340083477e-03    8.7874480551e-06    3.1818497472e-07    9.3862114478e-02
 558.5100000    5.1304508560e-03    8.7752846994e-06    3.1653722150e-07    9.3888646910e-02
 559.0100000    5.1291612440e-03    8.7707834666e-06    3.1462841636e-07    9.3904516018e-02
 559.5100000    5.1319143665e-03    8.7802651096e-06    3.1726197695e-07    9.3918570305e-02
 560.0100000    5.1338153230e-03    8.7868170732e-06    3.1927355101e-07    9.3937838230e-02
 560.5100000    5.1348286832e-03    8.7903014069e-06    3.2077646570e-07    9.3961435621e-02
 561.0100000    5.1349979114e-03    8.7908650910e-06    3.2190582762e-07    9.3986380822e-02
 561.5100000    5.1344180861e-03    8.7888469396e-06    3.2272576672e-07    9.4010971366e-02
 562.0100000    5.1331799886e-03    8.7845769993e-06    3.2320446569e-07    9.4034892370e-02
 562.5100000    5.1313298156e-03    8.7782283746e-06    3.2326360397e-07    9.4058382164e-02
 563.0100000    5.1288666765e-03    8.7698038771e-06    3.2283145204e-07    9.4081714899e-02
 563.5100000    5.1257667066e-03    8.7592194093e-06    3.2185457803e-07    9.4105078028e-02
 564.0100000    5.1220094927e-03    8.7463980955e-06    3.2029150366e-07    9.4128586819e-02
 564.5100000    5.1238751296e-03    8.7526923621e-06    3.1970770982e-07    9.4152296993e-02
 565.0100000    5.1259153516e-03    8.7596869546e-06    3.2273830158e-07    9.4176201986e-02
 565.5100000    5.1271817582e-03    8.7640205311e-06    3.2519022024e-07    9.4200237494e-02
 566.0100000    5.1277635431e-03    8.7660073892e-06    3.2708580526e-07    9.4224305456e-02
 566.5100000    5.1276879711e-03    8.7657518724e-06    3.2846943135e-07    9.4248309844e-02
 567.0100000    5.1269338156e-03    8.7631870905e-06    3.2936936050e-07    9.4272187760e-02
 567.5100000    5.1254701332e-03    8.7582052532e-06    3.2977455959e-07    9.4295922733e-02
 568.0100000    5.1232898350e-03    8.7507755976e-06    3.2965264068e-07    9.4319535932e-02
 568.5100000    5.1204177125e-03    8.7409776843e-06    3.2898474144e-07    9.4343060037e-02
 569.0100000    5.1168889516e-03    8.7289324800e-06    3.2777018479e-07    9.4366511841e-02
 569.5100000    5.1150819562e-03    8.7226500621e-06    3.2599851400e-07    9.4389880535e-02
 570.0100000    5.1176282130e-03    8.7313647443e-06    3.2660890315e-07    9.4413132517e-02
 570.5100000    5.1194392349e-03    8.7375731026e-06    3.2965657678e-07    9.4436229718e-02
 571.0100000    5.1204655532e-03    8.7411025139e-06    3.3218883646e-07    9.4459159873e-02
 571.5100000    5.1206827424e-03    8.7418655690e-06    3.3414439430e-07    9.4481957295e-02
 572.0100000    5.1201081178e-03    8.7399192003e-06    3.3548548330e-07    9.4504690230e-02
 572.5100000    5.1188008737e-03    8.7354661849e-06    3.3620301473e-07    9.4527423240e-02
 573.0100000    5.1168459912e-03    8.7287997616e-06    3.3633139561e-07    9.4550182206e-02
 573.5100000    5.1142968422e-03    8.7201061327e-06    3.3596993755e-07    9.4572942137e-02
 574.0100000    5.1111380548e-03    8.7093367555e-06    3.3519145544e-07    9.4595648565e-02
 574.5100000    5.1073274341e-03    8.6963516849e-06    3.3385291421e-07    9.4618268022e-02
 575.0100000    5.1098842695e-03    8.7049791358e-06    3.3164916312e-07    9.4640831479e-02
 575.5100000    5.1119296255e-03    8.7119794443e-06    3.3370258150e-07    9.4663428436e-02
 576.0100000    5.1131048902e-03    8.7160092684e-06    3.3623825685e-07    9.4686156913e-02
 576.5100000    5.1135102414e-03    8.7174089141e-06    3.3850364561e-07    9.4709073910e-02
 577.0100000    5.1132407403e-03    8.7165035907e-06    3.4024694131e-07    9.4732176861e-02
 577.5100000    5.1123367718e-03    8.7134328270e-06    3.4128784660e-07    9.4755418788e-02
 578.0100000    5.1107798166e-03    8.7081348823e-06    3.4168214539e-07    9.4778745006e-02
 578.5100000    5.1085338150e-03    8.7004876260e-06    3.4155117892e-07    9.4802128641e-02
 579.0100000    5.1055901493e-03    8.6904626679e-06    3.4090145126e-07    9.4825583040e-02
 579.5100000    5.1019731913e-03    8.6781455679e-06    3.3963228503e-07    9.4849146552e-02
 580.0100000    5.1023787098e-03    8.6794231284e-06    3.3765046670e-07    9.4872852319e-02
 580.5100000    5.1045553295e-03    8.6868535088e-06    3.3736608663e-07    9.4896702429e-02
 581.0100000    5.1059995972e-03    8.6917890685e-06    3.4026265184e-07    9.4920662488e-02
 581.5100000    5.1067338281e-03    8.6943046254e-06    3.4263993207e-07    9.4944678473e-02
 582.0100000    5.1067381444e-03    8.6943321573e-06    3.4451542769e-07    9.4968701962e-02
 582.5100000    5.1059865313e-03    8.6917831665e-06    3.4585522221e-07    9.4992708594e-02
 583.0100000    5.1044877069e-03    8.6866878166e-06    3.4661622382e-07    9.5016702279e-02
 583.5100000    5.1022902690e-03    8.6792124557e-06    3.4675623066e-07    9.5040701364e-02
 584.0100000    5.0994424650e-03    8.6695224506e-06    3.4623561510e-07    9.5064711398e-02
 584.5100000    5.0959580236e-03    8.6576666520e-06    3.4505403580e-07    9.5088704523e-02
 585.0100000    5.0947614934e-03    8.6534916898e-06    3.4326889596e-07    9.5131358699e-02
 585.5100000    5.0972301948e-03    8.6619013990e-06    3.4094755713e-07    9.5161061793e-02
 586.0100000    5.0989018589e-03    8.6676114831e-06    3.4397355055e-07    9.5175514404e-02
 586.5100000    5.0997702382e-03    8.6706046739e-06    3.4691955960e-07    9.5186761852e-02
 587.0100000    5.0998506484e-03    8.6709296931e-06    3.4910470053e-07    9.5204290149e-02
 587.5100000    5.0991771528e-03    8.6686893995e-06    3.5037628863e-07    9.5227206551e-02
 588.0100000    5.0977877462e-03    8.6639956028e-06    3.5073477052e-07    9.5251754213e-02
 588.5100000    5.0957127767e-03    8.6569406986e-06    3.5037169076e-07    9.5275711957e-02
 589.0100000    5.0929760549e-03    8.6476102219e-06    3.4955911763e-07    9.5298623503e-02
 589.5100000    5.0896026094e-03    8.6361080825e-06    3.4847453971e-07    9.5320787157e-02
 590.0100000    5.0875876920e-03    8.6291297856e-06    3.4711048842e-07    9.5342595249e-02
 590.5100000    5.0901539003e-03    8.6378497787e-06    3.4532583440e-07    9.5364348288e-02
 591.0100000    5.0918371238e-03    8.6435931076e-06    3.4642150090e-07    9.5386242650e-02
 591.5100000    5.0926879198e-03    8.6465209502e-06    3.4990211674e-07    9.5408372086e-02
 592.0100000    5.0927713702e-03    8.6468396875e-06    3.5267519055e-07    9.5430735368e-02
 592.5100000    5.0921456557e-03    8.6447354289e-06    3.5474324153e-07    9.5453268934e-02
 593.0100000    5.0908508440e-03    8.6403420335e-06    3.5611749023e-07    9.5475897617e-02
 593.5100000    5.0889105899e-03    8.6337476397e-06    3.5679148933e-07    9.5498581024e-02
 594.0100000    5.0863375501e-03    8.6250078497e-06    3.5675226114e-07    9.5521334223e-02
 594.5100000    5.0831337871e-03    8.6141400786e-06    3.5601324354e-07    9.5544213421e-02
 595.0100000    5.0805879018e-03    8.6054219273e-06    3.5462807385e-07    9.5567276233e-02
 595.5100000    5.0831045343e-03    8.6139924347e-06    3.5266115125e-07    9.5590544502e-02
 596.0100000    5.0848362292e-03    8.6198964752e-06    3.5196736612e-07    9.5613994927e-02
 596.5100000    5.0858333080e-03    8.6233006060e-06    3.5554958057e-07    9.5637574445e-02
 597.0100000    5.0861054479e-03    8.6242387372e-06    3.5847100326e-07    9.5661227482e-02
 597.5100000    5.0856462076e-03    8.6226920927e-06    3.6066020809e-07    9.5684927533e-02
 598.0100000    5.0844625907e-03    8.6186867908e-06    3.6210465711e-07    9.5708687358e-02
 598.5100000    5.0825660176e-03    8.6122625459e-06    3.6283440472e-07    9.5732529174e-02
 599.0100000    5.0799660183e-03    8.6034528299e-06    3.6288831576e-07    9.5756447700e-02
 599.5100000    5.0766922502e-03    8.5923614940e-06    3.6230034010e-07    9.5780406276e-02
 600.0100000    5.0740671668e-03    8.5833740328e-06    3.6114537788e-07    9.5804356974e-02
 600.5100000    5.0766938545e-03    8.5922922621e-06    3.5951369479e-07    9.5828255501e-02
 601.0100000    5.0784898796e-03    8.5983967631e-06    3.5788584113e-07    9.5852066011e-02
 601.5100000    5.0794524108e-03    8.6016753217e-06    3.6109847917e-07    9.5875762136e-02
 602.0100000    5.0795961132e-03    8.6021766134e-06    3.6333514107e-07    9.5899324683e-02
 602.5100000    5.0789514630e-03    8.6000043091e-06    3.6512615108e-07    9.5922743831e-02
 603.0100000    5.0775706066e-03    8.5953365568e-06    3.6669062663e-07    9.5946027757e-02
 603.5100000    5.0755142658e-03    8.5883809700e-06    3.6776042508e-07    9.5969198283e-02
 604.0100000    5.0728273026e-03    8.5792914580e-06    3.6803222097e-07    9.5992270198e-02
 604.5100000    5.0695272521e-03    8.5681297251e-06    3.6749171943e-07    9.6015241040e-02
 605.0100000    5.0676176888e-03    8.5615781459e-06    3.6628303093e-07    9.6038103945e-02
 605.5100000    5.0700926874e-03    8.5699703349e-06    3.6449410807e-07    9.6060865887e-02
 606.0100000    5.0716701465e-03    8.5753256054e-06    3.6211992460e-07    9.6083552345e-02
 606.5100000    5.0724202798e-03    8.5778793341e-06    3.6534499687e-07    9.6106195344e-02
 607.0100000    5.0724159932e-03    8.5778776610e-06    3.6855480036e-07    9.6128814809e-02
 607.5100000    5.0717045216e-03    8.5754809098e-06    3.7098032843e-07    9.6151410191e-02
 608.0100000    5.0703173441e-03    8.5707965676e-06    3.7264490742e-07    9.6173972506e-02
 608.5100000    5.0682871862e-03    8.5639367311e-06    3.7361045564e-07    9.6196507594e-02
 609.0100000    5.0656385683e-03    8.5549864460e-06    3.7390032144e-07    9.6219050419e-02
 609.5100000    5.0623729111e-03    8.5439539272e-06    3.7348520109e-07    9.6241659674e-02
 610.0100000    5.0613452067e-03    8.5403937243e-06    3.7232699290e-07    9.6264397017e-02
 610.5100000    5.0636179748e-03    8.5480953824e-06    3.7042709718e-07    9.6287302602e-02
 611.0100000    5.0650371085e-03    8.5529125522e-06    3.6783102587e-07    9.6310380181e-02
 611.5100000    5.0656678093e-03    8.5550604482e-06    3.7029859322e-07    9.6359331311e-02
 612.0100000    5.0655792954e-03    8.5547709313e-06    3.7364230434e-07    9.6393969680e-02
 612.5100000    5.0648266775e-03    8.5522346613e-06    3.7634269098e-07    9.6409063940e-02
 613.0100000    5.0634337875e-03    8.5475425167e-06    3.7828268235e-07    9.6415465340e-02
 613.5100000    5.0613901284e-03    8.5406692359e-06    3.7935439144e-07    9.6428908680e-02
 614.0100000    5.0586635886e-03    8.5315084551e-06    3.7941144923e-07    9.6450501320e-02
 614.5100000    5.0552261664e-03    8.5199560728e-06    3.7833553189e-07    9.6475530253e-02
 615.0100000    5.0553267044e-03    8.5202365539e-06    3.7619188700e-07    9.6500574747e-02
 615.5100000    5.0574496249e-03    8.5274195382e-06    3.7326817588e-07    9.6524622889e-02
 616.0100000    5.0588104812e-03    8.5319975798e-06    3.6991103628e-07    9.6547869646e-02
 616.5100000    5.0594231420e-03    8.5340309832e-06    3.7239571639e-07    9.6570733281e-02
 617.0100000    5.0592746346e-03    8.5334986558e-06    3.7573412810e-07    9.6593526497e-02
 617.5100000    5.0583544422e-03    8.5303833654e-06    3.7857021582e-07    9.6616424865e-02
 618.0100000    5.0566750503e-03    8.5247320466e-06    3.8069208268e-07    9.6639482198e-02
 618.5100000    5.0542747552e-03    8.5166646741e-06    3.8197509075e-07    9.6662651597e-02
 619.0100000    5.0512066326e-03    8.5063445074e-06    3.8238272387e-07    9.6685827704e-02
 619.5100000    5.0475190934e-03    8.4939243543e-06    3.8194250509e-07    9.6708903563e-02
 620.0100000    5.0495795605e-03    8.5007669783e-06    3.8070744851e-07    9.6731814548e-02
 620.5100000    5.0514950342e-03    8.5072223842e-06    3.7871483544e-07    9.6754552037e-02
 621.0100000    5.0525222706e-03    8.5106932042e-06    3.7597794638e-07    9.6777150782e-02
 621.5100000    5.0526912153e-03    8.5112840749e-06    3.7925861197e-07    9.6799662085e-02
 622.0100000    5.0520712680e-03    8.5092239859e-06    3.8259164255e-07    9.6822128100e-02
 622.5100000    5.0507511037e-03    8.5048028283e-06    3.8526857910e-07    9.6844566285e-02
 623.0100000    5.0488029819e-03    8.4982576527e-06    3.8724978908e-07    9.6866969908e-02
 623.5100000    5.0462566031e-03    8.4896885205e-06    3.8849214564e-07    9.6889334370e-02
 624.0100000    5.0431127793e-03    8.4791041849e-06    3.8894242058e-07    9.6911688354e-02
 624.5100000    5.0411440501e-03    8.4723837216e-06    3.8853446993e-07    9.6934088748e-02
 625.0100000    5.0435038811e-03    8.4803434156e-06    3.8721880467e-07    9.6956585923e-02
 625.5100000    5.0449618931e-03    8.4852696663e-06    3.8502068035e-07    9.6979199346e-02
 626.0100000    5.0456359193e-03    8.4875559072e-06    3.8278040907e-07    9.7001916966e-02
 626.5100000    5.0455984587e-03    8.4874445642e-06    3.8715079532e-07    9.7024714142e-02
 627.0100000    5.0448820765e-03    8.4850451190e-06    3.9088673701e-07    9.7047584856e-02
 627.5100000    5.0435138629e-03    8.4804496597e-06    3.9342111745e-07    9.7070554070e-02
 628.0100000    5.0415010788e-03    8.4736840159e-06    3.9456646866e-07    9.7093648904e-02
 628.5100000    5.0388229949e-03    8.4646809060e-06    3.9480603894e-07    9.7116862326e-02
 629.0100000    5.0354618571e-03    8.4533852308e-06    3.9466859014e-07    9.7140151993e-02
 629.5100000    5.0358598957e-03    8.4546528220e-06    3.9409836337e-07    9.7163470035e-02
 630.0100000    5.0378336362e-03    8.4613134248e-06    3.9269568709e-07    9.7186793937e-02
 630.5100000    5.0390129571e-03    8.4653016249e-06    3.9029110369e-07    9.7210134834e-02
 631.0100000    5.0394527813e-03    8.4667992615e-06    3.8890250286e-07    9.7233519298e-02
 631.5100000    5.0391733279e-03    8.4658736146e-06    3.9264894377e-07    9.7256963942e-02
 632.0100000    5.0381707781e-03    8.4625129074e-06    3.9575138492e-07    9.7280465617e-02
 632.5100000    5.0364466271e-03    8.4567243618e-06    3.9817192334e-07    9.7304009355e-02
 633.0100000    5.0340190869e-03    8.4485721490e-06    3.9982925927e-07    9.7327576533e-02
 633.5100000    5.0309051277e-03    8.4381171513e-06    4.0057658531e-07    9.7351141869e-02
 634.0100000    5.0278299326e-03    8.4277076426e-06    4.0033193566e-07    9.7374669336e-02
 634.5100000    5.0302423291e-03    8.4358270638e-06    3.9916625909e-07    9.7398119966e-02
 635.0100000    5.0318608783e-03    8.4412836951e-06    3.9722046808e-07    9.7421468572e-02
 635.5100000    5.0327191182e-03    8.4441868498e-06    3.9457189852e-07    9.7444717425e-02
 636.0100000    5.0328204448e-03    8.4445452903e-06    3.9518461258e-07    9.7467895664e-02
 636.5100000    5.0321588669e-03    8.4423383198e-06    3.9882249998e-07    9.7491039611e-02
 637.0100000    5.0307361672e-03    8.4375733143e-06    4.0161889514e-07    9.7514166316e-02
 637.5100000    5.0285752356e-03    8.4303288604e-06    4.0358250798e-07    9.7574410850e-02
 638.0100000    5.0257296540e-03    8.4207862078e-06    4.0481246518e-07    9.7614302587e-02
 638.5100000    5.0222689115e-03    8.4091814841e-06    4.0535771939e-07    9.7626561502e-02
 639.0100000    5.0226303242e-03    8.4103116459e-06    4.0513499145e-07    9.7626397923e-02
 639.5100000    5.0246986512e-03    8.4172708912e-06    4.0399297197e-07    9.7634846374e-02
 640.0100000    5.0258951096e-03    8.4213225140e-06    4.0180558984e-07    9.7653718927e-02
 640.5100000    5.0262267282e-03    8.4224902505e-06    3.9849386928e-07    9.7677139735e-02
 641.0100000    5.0257379185e-03    8.4209126845e-06    4.0094718784e-07    9.7700804382e-02
 641.5100000    5.0245083589e-03    8.4168371014e-06    4.0336538021e-07    9.7723440920e-02
 642.0100000    5.0226304664e-03    8.4105539720e-06    4.0493717448e-07    9.7745274738e-02
 642.5100000    5.0201712997e-03    8.4022835571e-06    4.0590619747e-07    9.7766788835e-02
 643.0100000    5.0171427574e-03    8.3920830976e-06    4.0646140837e-07    9.7788336155e-02
 643.5100000    5.0151271424e-03    8.3851967372e-06    4.0661858661e-07    9.7810126865e-02
 644.0100000    5.0174954626e-03    8.3931197509e-06    4.0621920851e-07    9.7832255426e-02
 644.5100000    5.0189384442e-03    8.3979743882e-06    4.0504588267e-07    9.7854713895e-02
 645.0100000    5.0195367101e-03    8.4000150999e-06    4.0295123037e-07    9.7877418767e-02
 645.5100000    5.0193928548e-03    8.3995633871e-06    4.0200845143e-07    9.7900255860e-02
 646.0100000    5.0185848366e-03    8.3968662049e-06    4.0603378566e-07    9.7923128755e-02
 646.5100000    5.0171393586e-03    8.3920155321e-06    4.0916940700e-07    9.7945992057e-02
 647.0100000    5.0150416260e-03    8.3849773462e-06    4.1144587660e-07    9.7968852581e-02
 647.5100000    5.0122617790e-03    8.3756686042e-06    4.1293437985e-07    9.7991743483e-02
 648.0100000    5.0087863583e-03    8.3640535701e-06    4.1369774328e-07    9.8014688680e-02
 648.5100000    5.0104907742e-03    8.3697082739e-06    4.1373082095e-07    9.8037676594e-02
 649.0100000    5.0121460555e-03    8.3752780322e-06    4.1296185506e-07    9.8060668760e-02
 649.5100000    5.0130108578e-03    8.3781965199e-06    4.1130468660e-07    9.8083632644e-02
 650.0100000    5.0131482627e-03    8.3786735450e-06    4.0869061051e-07    9.8106556635e-02
 650.5100000    5.0125646043e-03    8.3767327524e-06    4.1069331639e-07    9.8129447678e-02
 651.0100000    5.0112717435e-03    8.3724175174e-06    4.1439774489e-07    9.8152333621e-02
 651.5100000    5.0092995360e-03    8.3658311782e-06    4.1748361889e-07    9.8175253539e-02
 652.0100000    5.0066433709e-03    8.3569610706e-06    4.2011551478e-07    9.8198224432e-02
 652.5100000    5.0032870634e-03    8.3457560807e-06    4.2204999081e-07    9.8221221650e-02
 653.0100000    5.0030172860e-03    8.3447829706e-06    4.2255403709e-07    9.8244202434e-02
 653.5100000    5.0049428677e-03    8.3512367794e-06    4.2117452764e-07    9.8267146073e-02
 654.0100000    5.0061035826e-03    8.3551361017e-06    4.1845065835e-07    9.8290068000e-02
 654.5100000    5.0065211830e-03    8.3565526266e-06    4.1536472891e-07    9.8312997726e-02
 655.0100000    5.0061911933e-03    8.3554708151e-06    4.1402469974e-07    9.8335941354e-02
 655.5100000    5.0050990899e-03    8.3518414876e-06    4.1850684849e-07    9.8358861648e-02
 656.0100000    5.0032490095e-03    8.3456781490e-06    4.2196692192e-07    9.8381703253e-02
 656.5100000    5.0006858018e-03    8.3371316056e-06    4.2443007826e-07    9.8404447266e-02
 657.0100000    4.9974826483e-03    8.3264494006e-06    4.2591730231e-07    9.8427132987e-02
 657.5100000    4.9957435479e-03    8.3205640329e-06    4.2643445522e-07    9.8449821703e-02
 658.0100000    4.9979830144e-03    8.3280568053e-06    4.2605354063e-07    9.8472552750e-02
 658.5100000    4.9994211803e-03    8.3328780167e-06    4.2484070480e-07    9.8495335453e-02
 659.0100000    5.0000362992e-03    8.3349504648e-06    4.2275053609e-07    9.8518163054e-02
 659.5100000    4.9998013186e-03    8.3341811136e-06    4.1967649497e-07    9.8541023518e-02
 660.0100000    4.9987314583e-03    8.3306214541e-06    4.2191009940e-07    9.8563904177e-02
 660.5100000    4.9969128524e-03    8.3245623570e-06    4.2538596961e-07    9.8586792595e-02
 661.0100000    4.9944688361e-03    8.3164191484e-06    4.2804040686e-07    9.8609674912e-02
 661.5100000    4.9914893290e-03    8.3064946248e-06    4.2992862313e-07    9.8632540865e-02
 662.0100000    4.9888075121e-03    8.2974810248e-06    4.3101953899e-07    9.8655399898e-02
 662.5100000    4.9913344647e-03    8.3059203123e-06    4.3120339156e-07    9.8678289870e-02
 663.0100000    4.9929168746e-03    8.3112141234e-06    4.3035948585e-07    9.8750801725e-02
 663.5100000    4.9935498775e-03    8.3133415607e-06    4.2845028313e-07    9.8797914161e-02
 664.0100000    4.9933175572e-03    8.3125786040e-06    4.2557455509e-07    9.8815070548e-02
 664.5100000    4.9923595267e-03    8.3093898860e-06    4.2513526250e-07    9.8807795537e-02
 665.0100000    4.9907973363e-03    8.3041866055e-06    4.2940356338e-07    9.8808155908e-02
 665.5100000    4.9886758504e-03    8.2971307862e-06    4.3294987027e-07    9.8823028950e-02
 666.0100000    4.9859587274e-03    8.2881145181e-06    4.3541448637e-07    9.8845585599e-02
 666.5100000    4.9825759687e-03    8.2769098433e-06    4.3645934323e-07    9.8869488984e-02
 667.0100000    4.9848888816e-03    8.2845916705e-06    4.3597537642e-07    9.8892405084e-02
 667.5100000    4.9863712178e-03    8.2895839162e-06    4.3410912792e-07    9.8914335485e-02
 668.0100000    4.9869854884e-03    8.2916464062e-06    4.3117431914e-07    9.8935818655e-02
 668.5100000    4.9868656550e-03    8.2912200203e-06    4.2754166205e-07    9.8957258502e-02
 669.0100000    4.9860973528e-03    8.2886105959e-06    4.2400653586e-07    9.8978869914e-02
 669.5100000    4.9846874203e-03    8.2838731230e-06    4.2832858405e-07    9.9000739609e-02
 670.0100000    4.9825882535e-03    8.2768724004e-06    4.3227621731e-07    9.9022867905e-02
 670.5100000    4.9797597106e-03    8.2674781970e-06    4.3554453697e-07    9.9045199145e-02
 671.0100000    4.9762193121e-03    8.2557357428e-06    4.3781863119e-07    9.9067650828e-02
 671.5100000    4.9777771776e-03    8.2608466981e-06    4.3888886607e-07    9.9090138981e-02
 672.0100000    4.9792366496e-03    8.2657070969e-06    4.3869960227e-07    9.9112594240e-02
 672.5100000    4.9799765252e-03    8.2681694981e-06    4.3733055403e-07    9.9134976527e-02
 673.0100000    4.9800426688e-03    8.2683973201e-06    4.3495085208e-07    9.9157285776e-02
 673.5100000    4.9794082774e-03    8.2663075692e-06    4.3175295746e-07    9.9179549315e-02
 674.0100000    4.9780216219e-03    8.2617257743e-06    4.3475160161e-07    9.9201803813e-02
 674.5100000    4.9758825769e-03    8.2546447494e-06    4.3918282716e-07    9.9224089188e-02
 675.0100000    4.9730555475e-03    8.2452745100e-06    4.4269422817e-07    9.9246427995e-02
 675.5100000    4.9696000838e-03    8.2338153878e-06    4.4504585884e-07    9.9268801052e-02
 676.0100000    4.9708193840e-03    8.2377913621e-06    4.4619766746e-07    9.9291165606e-02
 676.5100000    4.9725472447e-03    8.2435469753e-06    4.4637631292e-07    9.9313499775e-02
 677.0100000    4.9735339825e-03    8.2468457086e-06    4.4593263895e-07    9.9335820782e-02
 677.5100000    4.9736991754e-03    8.2474166950e-06    4.4489265527e-07    9.9358171245e-02
 678.0100000    4.9730282880e-03    8.2452086720e-06    4.4258765864e-07    9.9380594691e-02
 678.5100000    4.9715759868e-03    8.2404032785e-06    4.4221057430e-07    9.9403108783e-02
 679.0100000    4.9694122002e-03    8.2332359747e-06    4.4499167062e-07    9.9425698054e-02
 679.5100000    4.9666085932e-03    8.2239497698e-06    4.4767784500e-07    9.9448347752e-02
 680.0100000    4.9632285539e-03    8.2127598139e-06    4.5027876672e-07    9.9471076130e-02
 680.5100000    4.9646019384e-03    8.2172574507e-06    4.5198893935e-07    9.9493907878e-02
 681.0100000    4.9663947769e-03    8.2232251445e-06    4.5228733278e-07    9.9516820116e-02
 681.5100000    4.9673193997e-03    8.2263101163e-06    4.5131345153e-07    9.9539736400e-02
 682.0100000    4.9673577135e-03    8.2264505771e-06    4.4936401493e-07    9.9562584508e-02
 682.5100000    4.9665564359e-03    8.2238028220e-06    4.4647411302e-07    9.9585362739e-02
 683.0100000    4.9650094521e-03    8.2186819879e-06    4.4570708854e-07    9.9608144647e-02
 683.5100000    4.9628133150e-03    8.2114124919e-06    4.4991496976e-07    9.9631015668e-02
 684.0100000    4.9600359656e-03    8.2022225426e-06    4.5320608714e-07    9.9654009288e-02
 684.5100000    4.9566992153e-03    8.1911860583e-06    4.5554238435e-07    9.9677097409e-02
 685.0100000    4.9584418549e-03    8.1968865763e-06    4.5684867539e-07    9.9700224418e-02
 685.5100000    4.9600649270e-03    8.2022816445e-06    4.5703838616e-07    9.9723344017e-02
 686.0100000    4.9607452545e-03    8.2045525532e-06    4.5607181229e-07    9.9746432078e-02
 686.5100000    4.9605540449e-03    8.2039334508e-06    4.5398051323e-07    9.9769477056e-02
 687.0100000    4.9596102304e-03    8.2008189176e-06    4.5084565755e-07    9.9792466974e-02
 687.5100000    4.9580232593e-03    8.1955741572e-06    4.4888169287e-07    9.9815388928e-02
 688.0100000    4.9558421244e-03    8.1883649944e-06    4.5329745253e-07    9.9949226882e-02
 688.5100000    4.9530552568e-03    8.1791558870e-06    4.5699599599e-07    9.9948149892e-02
 689.0100000    4.9496346586e-03    8.1678552479e-06    4.5979415517e-07    9.9986831087e-02
 689.5100000    4.9518075549e-03    8.1749700883e-06    4.6145068923e-07    9.9976019102e-02
 690.0100000    4.9531807572e-03    8.1795194300e-06    4.6189475988e-07    9.9961210682e-02
 690.5100000    4.9536911128e-03    8.1812119417e-06    4.6130144147e-07    9.9965150441e-02
 691.0100000    4.9534584642e-03    8.1804552516e-06    4.5983328337e-07    9.9983367845e-02
 691.5100000    4.9525683820e-03    8.1775463682e-06    4.5734164736e-07    1.0000623993e-01
 692.0100000    4.9510451804e-03    8.1725713252e-06    4.5481999040e-07    1.0002874118e-01
 692.5100000    4.9488709045e-03    8.1654595767e-06    4.5887631562e-07    1.0004994843e-01
 693.0100000    4.9460289240e-03    8.1561303870e-06    4.6130005364e-07    1.0007040848e-01
 693.5100000    4.9432509231e-03    8.1468834587e-06    4.6239467613e-07    1.0009073886e-01
 694.0100000    4.9453778513e-03    8.1538912492e-06    4.6263460970e-07    1.0011132504e-01
 694.5100000    4.9466310401e-03    8.1579885998e-06    4.6234214898e-07    1.0013234349e-01
 695.0100000    4.9471260812e-03    8.1595854890e-06    4.6158241816e-07    1.0015380625e-01
 695.5100000    4.9469329096e-03    8.1589323167e-06    4.6023390707e-07    1.0017561327e-01
 696.0100000    4.9460574486e-03    8.1560485664e-06    4.5808399283e-07    1.0019762485e-01
 696.5100000    4.9444700858e-03    8.1508225151e-06    4.5587200903e-07    1.0021972723e-01
 697.0100000    4.9421532039e-03    8.1431832868e-06    4.6097333755e-07    1.0024186274e-01
 697.5100000    4.9391263483e-03    8.1331959262e-06    4.6479056231e-07    1.0026402167e-01
 698.0100000    4.9372429523e-03    8.1269020908e-06    4.6737637709e-07    1.0028620246e-01
 698.5100000    4.9391626299e-03    8.1332603179e-06    4.6891419487e-07    1.0030838554e-01
 699.0100000    4.9402898553e-03    8.1370164616e-06    4.6958358392e-07    1.0033055645e-01
 699.5100000    4.9406919903e-03    8.1383833582e-06    4.6942580539e-07    1.0035272429e-01
 700.0100000    4.9403412243e-03    8.1372585714e-06    4.6828667300e-07    1.0037490291e-01
 700.5100000    4.9391965929e-03    8.1335019958e-06    4.6594346142e-07    1.0039710344e-01
 701.0100000    4.9373051842e-03    8.1272731335e-06    4.6360208582e-07    1.0041934400e-01
 701.5100000    4.9347377089e-03    8.1188147521e-06    4.6910124251e-07    1.0044163454e-01
 702.0100000    4.9315171172e-03    8.1082117858e-06    4.7400964463e-07    1.0046395570e-01
 702.5100000    4.9307905226e-03    8.1057525314e-06    4.7756200290e-07    1.0048627663e-01
 703.0100000    4.9325588128e-03    8.1116055378e-06    4.7878126643e-07    1.0050858399e-01
 703.5100000    4.9335595397e-03    8.1149351290e-06    4.7781013862e-07    1.0053087602e-01
 704.0100000    4.9337681697e-03    8.1156559958e-06    4.7593581632e-07    1.0055314788e-01
 704.5100000    4.9331740213e-03    8.1137285558e-06    4.7400434152e-07    1.0057541052e-01
 705.0100000    4.9318037703e-03    8.1092374935e-06    4.7156601267e-07    1.0059771758e-01
 705.5100000    4.9297154876e-03    8.1023741027e-06    4.6948595667e-07    1.0062014799e-01
 706.0100000    4.9269808323e-03    8.0933788387e-06    4.7408159025e-07    1.0064274249e-01
 706.5100000    4.9236583100e-03    8.0824520253e-06    4.7783177818e-07    1.0066544939e-01
 707.0100000    4.9245431831e-03    8.0852845398e-06    4.8063551798e-07    1.0068813468e-01
 707.5100000    4.9261717042e-03    8.0906596858e-06    4.8223702747e-07    1.0071066308e-01
 708.0100000    4.9269543325e-03    8.0932537094e-06    4.8250228919e-07    1.0073300076e-01
 708.5100000    4.9268956660e-03    8.0930775194e-06    4.8150736965e-07    1.0075524922e-01
 709.0100000    4.9260342778e-03    8.0902565155e-06    4.7943846929e-07    1.0077756738e-01
 709.5100000    4.9244473109e-03    8.0850463590e-06    4.7639130243e-07    1.0080005692e-01
 710.0100000    4.9222188581e-03    8.0777276691e-06    4.7470873779e-07    1.0082271457e-01
 710.5100000    4.9194029522e-03    8.0684825199e-06    4.7958427100e-07    1.0084546831e-01
 711.0100000    4.9165264770e-03    8.0589617076e-06    4.8323619193e-07    1.0086824256e-01
 711.5100000    4.9187474242e-03    8.0662751191e-06    4.8567365912e-07    1.0089099829e-01
 712.0100000    4.9200303762e-03    8.0705079254e-06    4.8697869234e-07    1.0091373211e-01
 712.5100000    4.9204309379e-03    8.0718406891e-06    4.8712562734e-07    1.0093645237e-01
 713.0100000    4.9200262550e-03    8.0705270965e-06    4.8603336491e-07    1.0095916113e-01
 713.5100000    4.9189001385e-03    8.0668438233e-06    4.8372614098e-07    1.0107482008e-01
 714.0100000    4.9171259070e-03    8.0610321310e-06    4.8034166526e-07    1.0114262781e-01
 714.5100000    4.9147439171e-03    8.0532230795e-06    4.7997145679e-07    1.0114138140e-01
 715.0100000    4.9117533121e-03    8.0434128655e-06    4.8482408104e-07    1.0111045274e-01
 715.5100000    4.9107880332e-03    8.0401641791e-06    4.8869027714e-07    1.0109782776e-01
 716.0100000    4.9125595987e-03    8.0459861784e-06    4.9144066232e-07    1.0110823639e-01
 716.5100000    4.9134055523e-03    8.0487925801e-06    4.9300797598e-07    1.0112931371e-01
 717.0100000    4.9134193633e-03    8.0488985566e-06    4.9322996295e-07    1.0115186667e-01
 717.5100000    4.9127025996e-03    8.0466299232e-06    4.9176208115e-07    1.0117301079e-01
 718.0100000    4.9113336287e-03    8.0422184123e-06    4.8833182866e-07    1.0119295160e-01
 718.5100000    4.9093482036e-03    8.0357512823e-06    4.8310740587e-07    1.0121245246e-01
 719.0100000    4.9067394160e-03    8.0271931659e-06    4.8268735115e-07    1.0123205972e-01
 719.5100000    4.9034784705e-03    8.0164658814e-06    4.8586488707e-07    1.0125207521e-01
 720.0100000    4.9044747636e-03    8.0196100094e-06    4.8873824507e-07    1.0127261382e-01
 720.5100000    4.9057974823e-03    8.0239196331e-06    4.9120358150e-07    1.0129364047e-01
 721.0100000    4.9062587845e-03    8.0254237739e-06    4.9288430139e-07    1.0131502320e-01
 721.5100000    4.9059859885e-03    8.0245338895e-06    4.9336928082e-07    1.0133660023e-01
 722.0100000    4.9050627210e-03    8.0215164717e-06    4.9237223252e-07    1.0135824315e-01
 722.5100000    4.9035121050e-03    8.0164456061e-06    4.8981992860e-07    1.0137988234e-01
 723.0100000    4.9013147828e-03    8.0092630901e-06    4.8587339502e-07    1.0140149428e-01
 723.5100000    4.8984388166e-03    7.9998715049e-06    4.8894618680e-07    1.0142309796e-01
 724.0100000    4.8962501014e-03    7.9926726846e-06    4.9372547788e-07    1.0144473973e-01
 724.5100000    4.8981250445e-03    7.9988444220e-06    4.9761109432e-07    1.0146644306e-01
 725.0100000    4.8990724227e-03    8.0019764558e-06    5.0024805423e-07    1.0148819031e-01
 725.5100000    4.8992639993e-03    8.0026280326e-06    5.0151161081e-07    1.0150995855e-01
 726.0100000    4.8988107744e-03    8.0011630975e-06    5.0167142401e-07    1.0153174299e-01
 726.5100000    4.8976777507e-03    7.9974688841e-06    5.0109220133e-07    1.0155354732e-01
 727.0100000    4.8958207368e-03    7.9914043373e-06    4.9949133994e-07    1.0157537891e-01
 727.5100000    4.8932779753e-03    7.9831008761e-06    4.9572964897e-07    1.0159725076e-01
 728.0100000    4.8900957944e-03    7.9727176795e-06    4.9882330747e-07    1.0161916483e-01
 728.5100000    4.8904285177e-03    7.9737635780e-06    5.0137887238e-07    1.0164109426e-01
 729.0100000    4.8918652853e-03    7.9784941922e-06    5.0431778649e-07    1.0166299687e-01
 729.5100000    4.8924832338e-03    7.9805467950e-06    5.0687390745e-07    1.0168484896e-01
 730.0100000    4.8923547115e-03    7.9801521080e-06    5.0782690422e-07    1.0170667688e-01
 730.5100000    4.8915029678e-03    7.9773842556e-06    5.0690230026e-07    1.0172857022e-01
 731.0100000    4.8899321995e-03    7.9722594564e-06    5.0455502809e-07    1.0175063871e-01
 731.5100000    4.8876570803e-03    7.9648314526e-06    5.0110046953e-07    1.0177291717e-01
 732.0100000    4.8847180153e-03    7.9552395499e-06    5.0015382538e-07    1.0179530810e-01
 732.5100000    4.8822829843e-03    7.9472182843e-06    5.0487550812e-07    1.0181763228e-01
 733.0100000    4.8841546730e-03    7.9533390230e-06    5.0836160065e-07    1.0183976088e-01
 733.5100000    4.8851829604e-03    7.9567108325e-06    5.1056276239e-07    1.0186172066e-01
 734.0100000    4.8854109836e-03    7.9574734650e-06    5.1154964639e-07    1.0188366859e-01
 734.5100000    4.8848540954e-03    7.9556762637e-06    5.1147291844e-07    1.0190576383e-01
 735.0100000    4.8835382445e-03    7.9514024285e-06    5.1038043536e-07    1.0192806653e-01
 735.5100000    4.8815167578e-03    7.9448250026e-06    5.0811691760e-07    1.0195053440e-01
 736.0100000    4.8788559817e-03    7.9361620500e-06    5.0446096276e-07    1.0197308223e-01
 736.5100000    4.8756156761e-03    7.9256131401e-06    5.0655091887e-07    1.0199563932e-01
 737.0100000    4.8760846361e-03    7.9270722969e-06    5.1113167860e-07    1.0201817066e-01
 737.5100000    4.8775275899e-03    7.9317908984e-06    5.1444277616e-07    1.0204066882e-01
 738.0100000    4.8781364881e-03    7.9337954003e-06    5.1649206263e-07    1.0224272356e-01
 738.5100000    4.8779179553e-03    7.9331068265e-06    5.1728313857e-07    1.0223723507e-01
 739.0100000    4.8769038688e-03    7.9298272615e-06    5.1676804956e-07    1.0228730688e-01
 739.5100000    4.8751672183e-03    7.9241908463e-06    5.1492898182e-07    1.0225182919e-01
 740.0100000    4.8727989233e-03    7.9164903527e-06    5.1185880227e-07    1.0220974321e-01
 740.5100000    4.8698687089e-03    7.9069552412e-06    5.0816594230e-07    1.0219929966e-01
 741.0100000    4.8679799718e-03    7.9007332195e-06    5.1381509116e-07    1.0221287321e-01
 741.5100000    4.8698307120e-03    7.9067780973e-06    5.1835256441e-07    1.0223445770e-01
 742.0100000    4.8707951009e-03    7.9099703826e-06    5.2151344823e-07    1.0225576304e-01
 742.5100000    4.8708915235e-03    7.9103669412e-06    5.2307150261e-07    1.0227520310e-01
 743.0100000    4.8701716350e-03    7.9081149607e-06    5.2280701565e-07    1.0229354752e-01
 743.5100000    4.8687181975e-03    7.9034541483e-06    5.2053711044e-07    1.0231169830e-01
 744.0100000    4.8666186112e-03    7.8966490988e-06    5.1635775361e-07    1.0233022997e-01
 744.5100000    4.8639370172e-03    7.8879118860e-06    5.1081412435e-07    1.0234941080e-01
 745.0100000    4.8606939968e-03    7.8773325121e-06    5.0983394186e-07    1.0236925652e-01
 745.5100000    4.8619877386e-03    7.8814154047e-06    5.1446134109e-07    1.0238961357e-01
 746.0100000    4.8632618642e-03    7.8855224515e-06    5.1872652866e-07    1.0241027419e-01
 746.5100000    4.8636215808e-03    7.8866748038e-06    5.2198093481e-07    1.0243106786e-01
 747.0100000    4.8631445422e-03    7.8851263586e-06    5.2358735288e-07    1.0245188217e-01
 747.5100000    4.8619263425e-03    7.8811868907e-06    5.2333398818e-07    1.0247266974e-01
 748.0100000    4.8600634090e-03    7.8751676651e-06    5.2149403083e-07    1.0249345890e-01
 748.5100000    4.8576235340e-03    7.8672858344e-06    5.1850176601e-07    1.0251430271e-01
 749.0100000    4.8545741794e-03    7.8574318964e-06    5.1454813729e-07    1.0253521762e-01
 749.5100000    4.8538249374e-03    7.8549631689e-06    5.1996727104e-07    1.0255619317e-01
 750.0100000    4.8553946150e-03    7.8600831769e-06    5.2555518330e-07    1.0257722261e-01
 750.5100000    4.8560459887e-03    7.8622176251e-06    5.3058018376e-07    1.0259829972e-01
 751.0100000    4.8557975541e-03    7.8614281105e-06    5.3457016698e-07    1.0261941679e-01
 751.5100000    4.8547978103e-03    7.8582018438e-06    5.3603020832e-07    1.0264058394e-01
 752.0100000    4.8531826174e-03    7.8529856514e-06    5.3375466768e-07    1.0266182798e-01
 752.5100000    4.8509666360e-03    7.8458302909e-06    5.2869769582e-07    1.0268316154e-01
 753.0100000    4.8481201633e-03    7.8366392550e-06    5.2324443816e-07    1.0270457280e-01
 753.5100000    4.8456078615e-03    7.8284585291e-06    5.2361708243e-07    1.0272604071e-01
 754.0100000    4.8473981468e-03    7.8342765586e-06    5.2963022963e-07    1.0274752962e-01
 754.5100000    4.8482519335e-03    7.8370565542e-06    5.3374778554e-07    1.0276898203e-01
 755.0100000    4.8482621248e-03    7.8371015933e-06    5.3629032982e-07    1.0279036748e-01
 755.5100000    4.8475321453e-03    7.8347490676e-06    5.3752063724e-07    1.0281175376e-01
 756.0100000    4.8461405799e-03    7.8302552740e-06    5.3729599787e-07    1.0283329149e-01
 756.5100000    4.8441227790e-03    7.8237362434e-06    5.3547490776e-07    1.0285508910e-01
 757.0100000    4.8414808642e-03    7.8152002234e-06    5.3214776249e-07    1.0287709481e-01
 757.5100000    4.8382102003e-03    7.8046338072e-06    5.2746990027e-07    1.0289910517e-01
 758.0100000    4.8394312389e-03    7.8085083938e-06    5.3137593565e-07    1.0292090713e-01
 758.5100000    4.8404936560e-03    7.8119587340e-06    5.3580226498e-07    1.0294244738e-01
 759.0100000    4.8406864757e-03    7.8126001898e-06    5.3902099972e-07    1.0296387254e-01
 759.5100000    4.8401268023e-03    7.8108109568e-06    5.4095822597e-07    1.0298539722e-01
 760.0100000    4.8389105376e-03    7.8069002399e-06    5.4151308403e-07    1.0300714192e-01
 760.5100000    4.8370719533e-03    7.8009788607e-06    5.4063258923e-07    1.0302908720e-01
 761.0100000    4.8345939284e-03    7.7929925423e-06    5.3837688306e-07    1.0305114077e-01
 761.5100000    4.8314605799e-03    7.7828917456e-06    5.3482146513e-07    1.0307322153e-01
 762.0100000    4.8311704675e-03    7.7818892153e-06    5.3466395852e-07    1.0309529215e-01
 762.5100000    4.8324333263e-03    7.7859866474e-06    5.4014876392e-07    1.0311734599e-01
 763.0100000    4.8328265008e-03    7.7872767476e-06    5.4410630252e-07    1.0331444096e-01
 763.5100000    4.8324574508e-03    7.7861083741e-06    5.4643467202e-07    1.0339694387e-01
 764.0100000    4.8314069969e-03    7.7827422805e-06    5.4726076214e-07    1.0335756260e-01
 764.5100000    4.8297067656e-03    7.7772767591e-06    5.4675625496e-07    1.0329073835e-01
 765.0100000    4.8273509041e-03    7.7696895733e-06    5.4500646847e-07    1.0326160989e-01
 765.5100000    4.8243335252e-03    7.7599664670e-06    5.4201177547e-07    1.0326753399e-01
 766.0100000    4.8226906575e-03    7.7546035524e-06    5.3775313101e-07    1.0328724731e-01
 766.5100000    4.8241329758e-03    7.7592951454e-06    5.4371981131e-07    1.0330787689e-01
 767.0100000    4.8247067346e-03    7.7612156558e-06    5.4811881794e-07    1.0332618759e-01
 767.5100000    4.8245139188e-03    7.7606860302e-06    5.5067517700e-07    1.0334288155e-01
 768.0100000    4.8236188511e-03    7.7578925330e-06    5.5130991150e-07    1.0335913290e-01
 768.5100000    4.8220453120e-03    7.7528863008e-06    5.5008352268e-07    1.0337572607e-01
 769.0100000    4.8197911408e-03    7.7456440458e-06    5.4715779868e-07    1.0339308011e-01
 769.5100000    4.8168723278e-03    7.7362196733e-06    5.4288545149e-07    1.0341132609e-01
 770.0100000    4.8140606491e-03    7.7270332826e-06    5.3777096215e-07    1.0343036251e-01
 770.5100000    4.8156803293e-03    7.7321825663e-06    5.3983696081e-07    1.0344994690e-01
 771.0100000    4.8164356751e-03    7.7345666440e-06    5.4519995994e-07    1.0346979834e-01
 771.5100000    4.8164090543e-03    7.7344667414e-06    5.4926717143e-07    1.0348971315e-01
 772.0100000    4.8156541886e-03    7.7320589023e-06    5.5167360781e-07    1.0350962767e-01
 772.5100000    4.8142007654e-03    7.7274302197e-06    5.5242036274e-07    1.0352954983e-01
 773.0100000    4.8120089732e-03    7.7204379211e-06    5.5169742871e-07    1.0354948868e-01
 773.5100000    4.8091251289e-03    7.7112187182e-06    5.4976876604e-07    1.0356947341e-01
 774.0100000    4.8057134889e-03    7.7002960623e-06    5.4703290837e-07    1.0358955646e-01
 774.5100000    4.8072645448e-03    7.7052256096e-06    5.4892977726e-07    1.0360975976e-01
 775.0100000    4.8081438166e-03    7.7080675120e-06    5.5734083000e-07    1.0363005622e-01
 775.5100000    4.8082200981e-03    7.7083359231e-06    5.6235885076e-07    1.0365041204e-01
 776.0100000    4.8075836989e-03    7.7063276841e-06    5.6282186184e-07    1.0367080856e-01
 776.5100000    4.8062041582e-03    7.7019417875e-06    5.6063273881e-07    1.0369122171e-01
 777.0100000    4.8040763130e-03    7.6951521643e-06    5.5874471307e-07    1.0371163293e-01
 777.5100000    4.8012802934e-03    7.6862080854e-06    5.5773931141e-07    1.0373207121e-01
 778.0100000    4.7979122409e-03    7.6754177932e-06    5.5584045824e-07    1.0375259568e-01
 778.5100000    4.7986425535e-03    7.6776700597e-06    5.5165930553e-07    1.0377321617e-01
 779.0100000    4.7996985785e-03    7.6810643479e-06    5.5677857011e-07    1.0379385334e-01
 779.5100000    4.7999292159e-03    7.6818177654e-06    5.6155609545e-07    1.0381439634e-01
 780.0100000    4.7993586527e-03    7.6800076053e-06    5.6484841571e-07    1.0383481762e-01
 780.5100000    4.7980154022e-03    7.6757237605e-06    5.6634662649e-07    1.0385524095e-01
 781.0100000    4.7959521285e-03    7.6691325494e-06    5.6610679025e-07    1.0387586608e-01
 781.5100000    4.7932434727e-03    7.6604708653e-06    5.6434309437e-07    1.0389679232e-01
 782.0100000    4.7899654514e-03    7.6499835199e-06    5.6118069048e-07    1.0391790881e-01
 782.5100000    4.7899732675e-03    7.6499338774e-06    5.5662307448e-07    1.0393895840e-01
 783.0100000    4.7910213269e-03    7.6533049948e-06    5.5828883781e-07    1.0395973932e-01
 783.5100000    4.7912195419e-03    7.6539610912e-06    5.6340516727e-07    1.0398028135e-01
