#       time         integral Re         integral Im         integral Re         integral Im         integral Re         integral Im         integral Re         integral Im
#       r =            14.000000           14.000000           20.000000           20.000000           26.000000           26.000000           30.000000           30.000000
   0.0100000   -8.5378824687e-10   -1.2829712065e-09   -4.5822980520e-12   -2.1615542159e-11   -4.8943091316e-09   -3.3222096352e-09   -1.0405028044e-11   -1.7824075613e-10
   0.0200000   -1.0381098695e-09   -1.3285434822e-09   -2.6543662757e-11    3.1160458788e-12   -4.7760747562e-09   -3.2931341555e-09   -1.6764924629e-11   -2.7035061336e-10
   0.0300000   -1.2268757429e-09   -1.3730831861e-09   -5.0372429820e-11    2.5087068390e-11   -4.6626839517e-09   -3.2586720928e-09   -2.2427446895e-11   -3.5313441873e-10
   0.0400000   -1.4180969373e-09   -1.4152391475e-09   -7.6091466906e-11    4.4185488348e-11   -4.5549617538e-09   -3.2193452067e-09   -2.7424218963e-11   -4.2692007136e-10
   0.0500000   -1.6095719635e-09   -1.4535774827e-09   -1.0370422603e-10    6.0275088028e-11   -4.4524246092e-09   -3.1749070021e-09   -3.1797050469e-11   -4.9203026828e-10
   0.0600000   -1.7989064312e-09   -1.4866252833e-09   -1.3316243936e-10    7.3217274453e-11   -4.3544137923e-09   -3.1250425028e-09   -3.5583149297e-11   -5.4878742732e-10
   0.0700000   -1.9835899328e-09   -1.5128801963e-09   -1.6437164098e-10    8.2857845437e-11   -4.2600933386e-09   -3.0693792819e-09   -3.8817572769e-11   -5.9750703160e-10
   0.0800000   -2.1609806566e-09   -1.5308822090e-09   -1.9715553955e-10    8.9021226396e-11   -4.1684659295e-09   -3.0074882538e-09   -4.1541757643e-11   -6.3850645764e-10
   0.0900000   -2.3283928242e-09   -1.5392152101e-09   -2.3128487616e-10    9.1500983603e-11   -4.0784129564e-09   -2.9389118856e-09   -4.3794105545e-11   -6.7209289157e-10
   0.1000000   -2.4831192516e-09   -1.5365411165e-09   -2.6646390687e-10    9.0068588149e-11   -3.9887042114e-09   -2.8631559593e-09   -4.5612695650e-11   -6.9857204482e-10
   0.1100000   -2.6225030050e-09   -1.5216494739e-09   -3.0232084809e-10    8.4455727774e-11   -3.8980526502e-09   -2.7797253661e-09   -4.7029903912e-11   -7.1824656774e-10
   0.1200000   -2.7439522931e-09   -1.4934534193e-09   -3.3842836959e-10    7.4372413213e-11   -3.8051016539e-09   -2.6881353187e-09   -4.8086001429e-11   -7.3140855560e-10
   0.1300000   -2.8450269352e-09   -1.4510593981e-09   -3.7431168481e-10    5.9494686755e-11   -3.7085088387e-09   -2.5879156952e-09   -4.8809688279e-11   -7.3834987343e-10
   0.1400000   -2.9234703145e-09   -1.3937452524e-09   -4.0944542718e-10    3.9496180395e-11   -3.6069263042e-09   -2.4786451253e-09   -4.9235987981e-11   -7.3935204402e-10
   0.1500000   -2.9772643958e-09   -1.3210135565e-09   -4.4325623215e-10    1.4034186251e-11   -3.4990662590e-09   -2.3599538208e-09   -4.9391868658e-11   -7.3469111261e-10
   0.1600000   -3.0046797524e-09   -1.2326046336e-09   -4.7515699520e-10   -1.7222331426e-11   -3.3837131186e-09   -2.2315472927e-09   -4.9305218076e-11   -7.2464308975e-10
   0.1700000   -3.0042912301e-09   -1.1284895498e-09   -5.0454016034e-10   -5.4596926906e-11   -3.2597644864e-09   -2.0932143723e-09   -4.9003428979e-11   -7.0946871806e-10
   0.1800000   -2.9750503586e-09   -1.0088943685e-09   -5.3080227734e-10   -9.8365370376e-11   -3.1262429747e-09   -1.9448462552e-09   -4.8507574104e-11   -6.8942728343e-10
   0.1900000   -2.9162845478e-09   -8.7427730991e-10   -5.5333957418e-10   -1.4877235562e-10   -2.9823309596e-09   -1.7864442524e-09   -4.7841855288e-11   -6.6476844478e-10
   0.2000000   -2.8277266958e-09   -7.2537474045e-10   -5.7158158808e-10   -2.0597874894e-10   -2.8273919224e-09   -1.6181349389e-09   -4.7024106481e-11   -6.3574036515e-10
   0.2100000   -2.7095090696e-09   -5.6312059903e-10   -5.8498892741e-10   -2.7010292452e-10   -2.6609886216e-09   -1.4401764801e-09   -4.6075012983e-11   -6.0258158712e-10
   0.2200000   -2.5621820647e-09   -3.8870942368e-10   -5.9305790260e-10   -3.4115662145e-10   -2.4828995081e-09   -1.2529646774e-09   -4.5006264632e-11   -5.6552327513e-10
   0.2300000   -2.3866933005e-09   -2.0352927624e-10   -5.9537429932e-10   -4.1907383913e-10   -2.2931268072e-09   -1.0570411053e-09   -4.3832100525e-11   -5.2478959856e-10
   0.2400000   -2.1843424480e-09   -9.1496767083e-12   -5.9155921651e-10   -5.0368960564e-10   -2.0919213584e-09   -8.5309369896e-10   -4.2569160799e-11   -4.8059870025e-10
   0.2500000   -1.9568151191e-09    1.9270211475e-10   -5.8133973810e-10   -5.9474294943e-10   -1.8797694261e-09   -6.4195647131e-10   -4.1227199464e-11   -4.3316327345e-10
   0.2600000   -1.7060995836e-09    4.0016177171e-10   -5.6453044531e-10   -6.9186749970e-10   -1.6574016757e-09   -4.2461325576e-10   -3.9813988748e-11   -3.8268960644e-10
   0.2700000   -1.4344594773e-09    6.1125395061e-10   -5.4104883517e-10   -7.9460577461e-10   -1.4257975141e-09   -2.0217826161e-10   -3.8338916285e-11   -3.2937639306e-10
   0.2800000   -1.1443636504e-09    8.2395004678e-10   -5.1093836577e-10   -9.0241107915e-10   -1.1861741932e-09    2.4086539229e-11   -3.6806327863e-11   -2.7341090112e-10
   0.2900000   -8.3850430553e-10    1.0361801953e-09   -4.7434723061e-10   -1.0146347942e-09   -9.3996967022e-10    2.5279846270e-10   -3.5224705643e-11   -2.1498405203e-10
   0.3000000   -5.1969189688e-10    1.2458316604e-09   -4.3158392717e-10   -1.1305755044e-09   -6.8884086842e-10    4.8246421660e-10   -3.3596831753e-11   -1.5427273493e-10
   0.3100000   -1.9082223367e-10    1.4508430036e-09   -3.8308152122e-10   -1.2494301561e-09   -4.3463734496e-10    7.1148007974e-10   -3.1929202030e-11   -9.1451080709e-11
   0.3200000    1.4515916358e-10    1.6491972293e-09   -3.2944104854e-10   -1.3703566973e-09   -1.7939022450e-10    9.3816423537e-10   -3.0219201351e-11   -2.6681752466e-11
   0.3300000    4.8533575873e-10    1.8389671839e-09   -2.7139772317e-10   -1.4924524163e-09    7.4722280678e-11    1.1607584595e-09   -2.8470405105e-11    3.9873867795e-11
   0.3400000    8.2682695103e-10    2.0183042905e-09   -2.0986004866e-10   -1.6147491545e-09    3.2539447082e-10    1.3774551413e-09   -2.6684128666e-11    1.0805968745e-10
   0.3500000    1.1668295846e-09    2.1854988570e-09   -1.4588485432e-10   -1.7362516120e-09    5.7021802405e-10    1.5864157013e-09   -2.4862483470e-11    1.7772775787e-10
   0.3600000    1.5026671159e-09    2.3390048783e-09   -8.0660688749e-11   -1.8559157059e-09    8.0672557068e-10    1.7857873867e-09   -2.2998942251e-11    2.4873530105e-10
   0.3700000    1.8318075514e-09    2.4774142024e-09   -1.5522667634e-11   -1.9726529226e-09    1.0324143653e-09    1.9737294206e-09   -2.1097651199e-11    3.2094723714e-10
   0.3800000    2.1518525579e-09    2.5995148796e-09    4.8089779796e-11   -2.0853256823e-09    1.2447729804e-09    2.1484318841e-09   -1.9154992362e-11    3.9423082332e-10
   0.3900000    2.4606368969e-09    2.7042882861e-09    1.0863726516e-10   -2.1927540094e-09    1.4413320459e-09    2.3081412432e-09   -1.7169129254e-11    4.6846412258e-10
   0.4000000    2.7561836591e-09    2.7909277522e-09    1.6453492367e-10   -2.2936988779e-09    1.6196831115e-09    2.4511758465e-09   -1.5139096759e-11    5.4352391242e-10
   0.4100000    3.0367113989e-09    2.8588057493e-09    2.1418244248e-10   -2.3868576217e-09    1.7775322044e-09    2.5759591149e-09   -1.3062174792e-11    6.1929883792e-10
   0.4200000    3.3007058066e-09    2.9075375631e-09    2.5599400675e-10   -2.4708596095e-09    1.9127055946e-09    2.6810280596e-09   -1.0931239217e-11    6.9567569678e-10
   0.4300000    3.5468024557e-09    2.9369261073e-09    2.8845120035e-10   -2.5442530860e-09    2.0232051394e-09    2.7650621831e-09   -8.7512676481e-12    7.7255101227e-10
   0.4400000    3.7739373679e-09    2.9470167814e-09    3.1015986296e-10   -2.6055284605e-09    2.1072277043e-09    2.8269041473e-09   -6.5126951986e-12    8.4982667637e-10
   0.4500000    3.9812325259e-09    2.9380295880e-09    3.1991496369e-10   -2.6530906932e-09    2.1632040641e-09    2.8655594671e-09   -4.2173911358e-12    9.2740771018e-10
   0.4600000    4.1680319868e-09    2.9103829414e-09    3.1672932600e-10   -2.6852949015e-09    2.1898073528e-09    2.8802402081e-09   -1.8603395749e-12    1.0052027666e-09
   0.4700000    4.3339088521e-09    2.8647136762e-09    2.9989595421e-10   -2.7004494161e-09    2.1859976542e-09    2.8703599053e-09    5.6113602011e-13    1.0831267373e-09
   0.4800000    4.4786577521e-09    2.8018167202e-09    2.6902890355e-10   -2.6968666430e-09    2.1510278012e-09    2.8355435478e-09    3.0507842083e-12    1.1610980130e-09
   0.4900000    4.6022410194e-09    2.7226235236e-09    2.2412299201e-10   -2.6728850889e-09    2.0844577616e-09    2.7756477103e-09    5.6085551012e-12    1.2390416124e-09
   0.5000000    4.7048297950e-09    2.6282457849e-09    1.6555028750e-10   -2.6269281266e-09    1.9861793672e-09    2.6907638891e-09    8.2409811214e-12    1.3168836501e-09
   0.5100000    4.7867816728e-09    2.5198962829e-09    9.4108864294e-11   -2.5575649850e-09    1.8564199547e-09    2.5812174577e-09    1.0947033972e-11    1.3945548872e-09
   0.5200000    4.8485814706e-09    2.3989011893e-09    1.1006192745e-11   -2.4635818438e-09    1.6957402739e-09    2.4475723651e-09    1.3726746279e-11    1.4719911048e-09
   0.5300000    4.8909243765e-09    2.2666585633e-09   -8.2133430248e-11   -2.3440759655e-09    1.5050418357e-09    2.2906361586e-09    1.6588043698e-11    1.5491300557e-09
   0.5400000    4.9145541315e-09    2.1246275553e-09   -1.8332375231e-10   -2.1985195171e-09    1.2855690634e-09    2.1114401374e-09    1.9525281783e-11    1.6259144983e-09
   0.5500000    4.9203712079e-09    1.9743209460e-09   -2.9020132272e-10   -2.0268416417e-09    1.0388907868e-09    1.9112554830e-09    2.2544868817e-11    1.7022897341e-09
   0.5600000    4.9093419553e-09    1.8172583065e-09   -4.0014984956e-10   -1.8295298319e-09    7.6688563089e-10    1.6915599202e-09    2.5645315828e-11    1.7782055475e-09
   0.5700000    4.8825248618e-09    1.6549191086e-09   -5.1033424818e-10   -1.6076823393e-09    4.7174478129e-10    1.4540343263e-09    2.8827751497e-11    1.8536151866e-09
   0.5800000    4.8409923858e-09    1.4887944517e-09   -6.1778711797e-10   -1.3630602764e-09    1.5593252265e-10    1.2005588731e-09    3.2089115421e-11    1.9284735300e-09
   0.5900000    4.7858833532e-09    1.3203268482e-09   -7.1950557014e-10   -1.0981317064e-09   -1.7783863712e-10    9.3318109522e-10    3.5430320574e-11    2.0027376102e-09
   0.6000000    4.7183079607e-09    1.1508820415e-09   -8.1255130583e-10   -8.1607276035e-10   -5.2661698489e-10    6.5410334107e-10    3.8853482591e-11    2.0763705751e-09
   0.6100000    4.6394098146e-09    9.8179701713e-10   -8.9414251973e-10   -5.2075848031e-10   -8.8725501411e-10    3.6565671529e-10    4.2352395726e-11    2.1493370722e-09
   0.6200000    4.5502882086e-09    8.1425548354e-10   -9.6177262628e-10   -2.1670492644e-10   -1.2564291970e-09    7.0297751870e-11    4.5930745334e-11    2.2216044417e-09
   0.6300000    4.4520433145e-09    6.4940667619e-10   -1.0132705403e-09    9.0978634852e-11   -1.6307072838e-09   -2.2944963899e-10    4.9582098236e-11    2.2931354582e-09
   0.6400000    4.3457060547e-09    4.8828530411e-10   -1.0469072574e-09    3.9675044068e-10   -2.0065454558e-09   -5.3099346480e-10    5.3307716070e-11    2.3639115685e-09
   0.6500000    4.2323165168e-09    3.3183455601e-10   -1.0614634132e-09    6.9474487436e-10   -2.3803432576e-09   -8.3170446710e-10    5.7101809792e-11    2.4338994322e-09
   0.6600000    4.1128308727e-09    1.8089995046e-10   -1.0562574059e-09    9.7893188929e-10   -2.7484999046e-09   -1.1289514187e-09    6.0962059503e-11    2.5030796434e-09
   0.6700000    3.9882027159e-09    3.6224544086e-11   -1.0311870893e-09    1.2433119292e-09   -3.1074210298e-09   -1.4201172651e-09    6.4882199102e-11    2.5714282499e-09
   0.6800000    3.8593220904e-09   -1.0151121999e-10   -9.8674788281e-10    1.4820743080e-09   -3.4535810341e-09   -1.7026355633e-09    6.8863715179e-11    2.6389276680e-09
   0.6900000    3.7270790960e-09   -2.3173544428e-10   -9.2398543848e-10    1.6898520089e-09   -3.7835618775e-09   -1.9740108643e-09    7.2895946543e-11    2.7055603555e-09
   0.7000000    3.5923104264e-09   -3.5393183191e-10   -8.4448690540e-10    1.8618319424e-09   -4.0940813971e-09   -2.2318465012e-09    7.6979790824e-11    2.7713079027e-09
   0.7100000    3.4558695149e-09   -4.6764610736e-10   -7.5029227183e-10    1.9939887365e-09   -4.3820453027e-09   -2.4738717147e-09    8.1105999115e-11    2.8361601046e-09
   0.7200000    3.3185792669e-09   -5.7251968210e-10   -6.4382599308e-10    2.0831874616e-09   -4.6445525423e-09   -2.6979610760e-09    8.5271357617e-11    2.9001028566e-09
   0.7300000    3.1812766810e-09   -6.6821068617e-10   -5.2778991794e-10    2.1273318706e-09   -4.8789659740e-09   -2.9021565303e-09    8.9467735495e-11    2.9631239782e-09
   0.7400000    3.0447609542e-09   -7.5443007632e-10   -4.0505609524e-10    2.1254095449e-09   -5.0829175104e-09   -3.0846936526e-09    9.3692319576e-11    3.0252176245e-09
   0.7500000    2.9098572320e-09   -8.3094341638e-10   -2.7854046775e-10    2.0775418628e-09   -5.2543322455e-09   -3.2440142892e-09    9.7938091995e-11    3.0863760392e-09
   0.7600000    2.7774116076e-09   -8.9755513777e-10   -1.5108925585e-10    1.9849640509e-09   -5.3914815052e-09   -3.3787781497e-09    1.0219795511e-10    3.1465916705e-09
   0.7700000    2.6482147767e-09   -9.5411325907e-10   -2.5345024084e-11    1.8499699078e-09   -5.4929606407e-09   -3.4878859652e-09    1.0646744916e-10    3.2058580878e-09
   0.7800000    2.5230844392e-09   -1.0005057128e-09    9.6363965298e-11    1.6758047234e-09   -5.5577249493e-09   -3.5704809055e-09    1.1073594208e-10    3.2641784497e-09
   0.7900000    2.4027788490e-09   -1.0366506859e-09    2.1213934458e-10    1.4665093933e-09   -5.5851197875e-09   -3.6259669294e-09    1.1499976259e-10    3.3215426948e-09
   0.8000000    2.2880543140e-09   -1.0625287559e-09    3.2055372675e-10    1.2267810537e-09   -5.5748480253e-09   -3.6540033631e-09    1.1924873054e-10    3.3779566328e-09
   0.8100000    2.1796040566e-09   -1.0781807417e-09    4.2077724819e-10    9.6173416183e-10   -5.5270034125e-09   -3.6545081744e-09    1.2347758737e-10    3.4334159255e-09
   0.8200000    2.0780563493e-09   -1.0836749930e-09    5.1256794541e-10    6.7671381438e-10   -5.4420504517e-09   -3.6276660625e-09    1.2768155425e-10    3.4879232054e-09
   0.8300000    1.9839675419e-09   -1.0791651547e-09    5.9633052260e-10    3.7706471575e-10   -5.3208447942e-09   -3.5739189682e-09    1.3184733220e-10    3.5414817469e-09
   0.8400000    1.8978065422e-09   -1.0648643050e-09    6.7306322648e-10    6.7927913763e-11   -5.1645751126e-09   -3.4939544734e-09    1.3597572320e-10    3.5940910024e-09
   0.8500000    1.8199253626e-09   -1.0410522135e-09    7.4435449854e-10   -2.4597608529e-10   -4.9747992954e-09   -3.3887006068e-09    1.4005422221e-10    3.6457623648e-09
   0.8600000    1.7505617383e-09   -1.0080813066e-09    8.1229638469e-10   -5.6050232937e-10   -4.7533963344e-09   -3.2593264939e-09    1.4408146755e-10    3.6964925275e-09
   0.8700000    1.6898322142e-09   -9.6638620423e-10    8.7940154304e-10   -8.7224571482e-10   -4.5025467033e-09   -3.1071997963e-09    1.4804290407e-10    3.7462922346e-09
   0.8800000    1.6377444986e-09   -9.1647204695e-10    9.4850434614e-10   -1.1786255149e-09   -4.2247190555e-09   -2.9339000067e-09    1.5193730604e-10    3.7951658586e-09
   0.8900000    1.5941313546e-09   -8.5893794100e-10    1.0226187952e-09   -1.4779400887e-09   -3.9226249080e-09   -2.7411788215e-09    1.5575328582e-10    3.8431191997e-09
   0.9000000    1.5587296139e-09   -7.9441611487e-10    1.1047966815e-09   -1.7694334316e-09   -3.5991922147e-09   -2.5309504283e-09    1.5948930166e-10    3.8901629178e-09
   0.9100000    1.5311265980e-09   -7.2364229118e-10    1.1979916956e-09   -2.0532066132e-09   -3.2575447609e-09   -2.3052651612e-09    1.6313627905e-10    3.9363071248e-09
   0.9200000    1.5108000541e-09   -6.4739206405e-10    1.3049081496e-09   -2.3301867081e-09   -2.9009461341e-09   -2.0662873053e-09    1.6668865183e-10    3.9815567104e-09
   0.9300000    1.4971176095e-09   -5.6649177968e-10    1.4278372821e-09   -2.6020219215e-09   -2.5327678096e-09   -1.8162668091e-09    1.7014266894e-10    4.0259223075e-09
   0.9400000    1.4893531719e-09   -4.8181317998e-10    1.5685234684e-09   -2.8708870482e-09   -2.1564625387e-09   -1.5575236321e-09    1.7348979456e-10    4.0694169256e-09
   0.9500000    1.4867188894e-09   -3.9425967131e-10    1.7280394159e-09   -3.1393837712e-09   -1.7755071759e-09   -1.2924130922e-09    1.7672740492e-10    4.1120498650e-09
   0.9600000    1.4883536156e-09   -3.0471555621e-10    1.9066793048e-09   -3.4102806573e-09   -1.3933754729e-09   -1.0233030858e-09    1.7984810889e-10    4.1538286436e-09
   0.9700000    1.4933814547e-09   -2.1410815437e-10    2.1038734635e-09   -3.6863196357e-09   -1.0134950350e-09   -7.5254695740e-10    1.8285359405e-10    4.1947721997e-09
   0.9800000    1.5008969049e-09   -1.2333719789e-10    2.3181105052e-09   -3.9700203619e-09   -6.3920977215e-10   -4.8245832649e-10    1.8573136805e-10    4.2348865520e-09
   0.9900000    1.5100142659e-09   -3.3254519188e-11    2.5469280101e-09   -4.2634417876e-09   -2.7374971479e-10   -2.1529880755e-10    1.8848152080e-10    4.2741850542e-09
   1.0000000    1.5198909491e-09    5.5310264226e-11    2.7869062319e-09   -4.5679875503e-09    7.9826118183e-11    4.6772634537e-11    1.9109901102e-10    4.3126848110e-09
   1.0100000    1.5296905957e-09    1.4158423486e-10    3.0336855482e-09   -4.8842186579e-09    4.1862809769e-10    3.0169073490e-10    1.9358254608e-10    4.3503911336e-09
   1.0200000    1.5387034325e-09    2.2486456839e-10    3.2820781127e-09   -5.2116838107e-09    7.3999243567e-10    5.4752539412e-10    1.9592497919e-10    4.3873231839e-09
   1.0300000    1.5462790337e-09    3.0452974808e-10    3.5261258514e-09   -5.5488180404e-09    1.0415059612e-09    7.8248709787e-10    1.9812983231e-10    4.4234933566e-09
   1.0400000    1.5518637320e-09    3.8001227728e-10    3.7592447704e-09   -5.8928259616e-09    1.3210040411e-09    1.0049471602e-09    2.0019109274e-10    4.4589109909e-09
   1.0500000    1.5550357167e-09    4.5087962353e-10    3.9743682436e-09   -6.2396699355e-09    1.5766368698e-09    1.2134664367e-09    2.0210683616e-10    4.4935979585e-09
   1.0600000    1.5554823240e-09    5.1677833356e-10    4.1641558450e-09   -6.5840827770e-09    1.8068383709e-09    1.4067806339e-09    2.0387656107e-10    4.5275613003e-09
   1.0700000    1.5529969277e-09    5.7747414414e-10    4.3211597924e-09   -6.9196102250e-09    2.0103666628e-09    1.5838305674e-09    2.0549670118e-10    4.5608162267e-09
   1.0800000    1.5475485760e-09    6.3278255615e-10    4.4380412915e-09   -7.2387500728e-09    2.1863146036e-09    1.7437668085e-09    2.0696991988e-10    4.5933804033e-09
   1.0900000    1.5391872803e-09    6.8267342191e-10    4.5077992841e-09   -7.5331338732e-09    2.3340893763e-09    1.8859417169e-09    2.0829089384e-10    4.6252641796e-09
   1.1000000    1.5281180518e-09    7.2719170810e-10    4.5239550544e-09   -7.7937614210e-09    2.4534393044e-09    2.0099207555e-09    2.0946565813e-10    4.6564807156e-09
   1.1100000    1.5146492478e-09    7.6648436641e-10    4.4807867650e-09   -8.0112442572e-09    2.5444442901e-09    2.1154747533e-09    2.1048709553e-10    4.6870489532e-09
   1.1200000    1.4992168460e-09    8.0076422522e-10    4.3735233516e-09   -8.1761603682e-09    2.6074915728e-09    2.2025977173e-09    2.1136025499e-10    4.7169802174e-09
   1.1300000    1.4823238755e-09    8.3032339095e-10    4.1984952896e-09   -8.2793923844e-09    2.6432800623e-09    2.2714695441e-09    2.1208664222e-10    4.7462879906e-09
   1.1400000    1.4645611035e-09    8.5554488118e-10    3.9532992177e-09   -8.3124920314e-09    2.6528207309e-09    2.3224686107e-09    2.1266075153e-10    4.7749872544e-09
   1.1500000    1.4466093565e-09    8.7684882602e-10    3.6369113887e-09   -8.2680468231e-09    2.6373728246e-09    2.3561577521e-09    2.1309247607e-10    4.8030908829e-09
   1.1600000    1.4291813170e-09    8.9469422923e-10    3.2497639884e-09   -8.1400511365e-09    2.5984514957e-09    2.3732667388e-09    2.1337457004e-10    4.8306165194e-09
   1.1700000    1.4130060790e-09    9.0959419530e-10    2.7938231037e-09   -7.9242476061e-09    2.5378158586e-09    2.3746845339e-09    2.1351737567e-10    4.8575699107e-09
   1.1800000    1.3988487334e-09    9.2203255830e-10    2.2725471037e-09   -7.6183717538e-09    2.4574103923e-09    2.3614331331e-09    2.1351669049e-10    4.8839737850e-09
   1.1900000    1.3874722572e-09    9.3254424402e-10    1.6908859887e-09   -7.2224620004e-09    2.3593595122e-09    2.3346637567e-09    2.1337614891e-10    4.9098342788e-09
   1.2000000    1.3796035551e-09    9.4163698185e-10    1.0551998954e-09   -6.7389462198e-09    2.2459236416e-09    2.2956342999e-09    2.1309395389e-10    4.9351678277e-09
   1.2100000    1.3759179130e-09    9.4982861267e-10    3.7315560268e-10   -6.1727156460e-09    2.1194760068e-09    2.2456833818e-09    2.1267879409e-10    4.9599879087e-09
   1.2200000    1.3770567734e-09    9.5756605969e-10   -3.4643876541e-10   -5.5311453900e-09    1.9824652230e-09    2.1862088686e-09    2.1213036857e-10    4.9843039819e-09
   1.2300000    1.3836114667e-09    9.6529568637e-10   -1.0937886118e-09   -4.8239174770e-09    1.8373826633e-09    2.1186648089e-09    2.1145025734e-10    5.0081281448e-09
   1.2400000    1.3960387584e-09    9.7336955952e-10   -1.8583303701e-09   -4.0628251351e-09    1.6867307196e-09    2.0445221789e-09    2.1064294941e-10    5.0314792899e-09
   1.2500000    1.4147674683e-09    9.8214666011e-10   -2.6289509374e-09   -3.2614400083e-09    1.5329717733e-09    1.9652515057e-09    2.0970822673e-10    5.0543627598e-09
   1.2600000    1.4400984740e-09    9.9191154910e-10   -3.3942205114e-09   -2.4347368141e-09    1.3785302180e-09    1.8823235846e-09    2.0865286151e-10    5.0767919149e-09
   1.2700000    1.4722121835e-09    1.0028606807e-09   -4.1426704702e-09   -1.5985800855e-09    1.2257442129e-09    1.7971482452e-09    2.0747785917e-10    5.0987792315e-09
   1.2800000    1.5112621458e-09    1.0151808009e-09   -4.8630002100e-09   -7.6924064515e-10    1.0768238253e-09    1.7111028150e-09    2.0618380955e-10    5.1203349704e-09
   1.2900000    1.5572221378e-09    1.0289518919e-09   -5.5443639941e-09    3.7165805896e-11    9.3384559636e-10    1.6254884060e-09    2.0477861517e-10    5.1414676142e-09
   1.3000000    1.6099818885e-09    1.0442497583e-09   -6.1765756130e-09    8.0523433211e-10    7.9872177693e-10    1.5415123224e-09    2.0326041076e-10    5.1621906152e-09
   1.3100000    1.6693719732e-09    1.0610726279e-09   -6.7503500734e-09    1.5207878788e-09    6.7315757634e-10    1.4602950882e-09    2.0163270511e-10    5.1825123909e-09
   1.3200000    1.7351123717e-09    1.0793683670e-09   -7.2574989928e-09    2.1713709506e-09    5.5866972012e-10    1.3828353788e-09    1.9990555948e-10    5.2024431106e-09
   1.3300000    1.8068618388e-09    1.0990479482e-09   -7.6910662529e-09    2.7466200069e-09    4.5654936038e-10    1.3100061165e-09    1.9807378623e-10    5.2219887376e-09
   1.3400000    1.8841906811e-09    1.1200090246e-09   -8.0454972067e-09    3.2386248688e-09    3.6784721638e-10    1.2425560803e-09    1.9614380026e-10    5.2411633710e-09
   1.3500000    1.9666068959e-09    1.1420793962e-09   -8.3167332910e-09    3.6421083428e-09    2.9336603952e-10    1.1810946921e-09    1.9411607016e-10    5.2599736084e-09
   1.3600000    2.0536003684e-09    1.1651259229e-09   -8.5022305034e-09    3.9545349275e-09    2.3365208675e-10    1.1260867384e-09    1.9199650095e-10    5.2784281322e-09
   1.3700000    2.1446095300e-09    1.1889385582e-09   -8.6010178405e-09    4.1760747230e-09    1.8902218769e-10    1.0778559535e-09    1.8979086515e-10    5.2965366535e-09
   1.3800000    2.2390200280e-09    1.2133213754e-09   -8.6136629652e-09    4.3094442631e-09    1.5952774296e-10    1.0365803233e-09    1.8749423877e-10    5.3143012782e-09
   1.3900000    2.3362355899e-09    1.2380954499e-09   -8.5421802217e-09    4.3596624376e-09    1.4497181170e-10    1.0022927735e-09    1.8511581115e-10    5.3317332539e-09
   1.4000000    2.4355910830e-09    1.2630355055e-09   -8.3899481360e-09    4.3336937452e-09    1.4492255747e-10    9.7489725707e-10    1.8265449565e-10    5.3488396616e-09
   1.4100000    2.5364771968e-09    1.2879738759e-09   -8.1615769511e-09    4.2399862447e-09    1.5873076185e-10    9.5415749488e-10    1.8011620113e-10    5.3656247672e-09
   1.4200000    2.6382613728e-09    1.3126948373e-09   -7.8627115805e-09    4.0880259796e-09    1.8552562258e-10    9.3972377824e-10    1.7750325377e-10    5.3820974490e-09
   1.4300000    2.7402958319e-09    1.3370415064e-09   -7.4998671632e-09    3.8877915930e-09    2.2425706923e-10    9.3112738509e-10    1.7481647512e-10    5.3982622320e-09
   1.4400000    2.8419681832e-09    1.3608078398e-09   -7.0802141487e-09    3.6492438028e-09    2.7368826666e-10    9.2779461403e-10    1.7205442126e-10    5.4141253563e-09
   1.4500000    2.9426435098e-09    1.3838309799e-09   -6.6113287920e-09    3.3818367910e-09    3.3244459162e-10    9.2907114378e-10    1.6922935447e-10    5.4296894564e-09
   1.4600000    3.0417363361e-09    1.4059367299e-09   -6.1010174778e-09    3.0940680345e-09    3.9902113320e-10    9.3421966962e-10    1.6633654644e-10    5.4449615614e-09
   1.4700000    3.1386677530e-09    1.4269691872e-09   -5.5570933570e-09    2.7931116252e-09    4.7180176871e-10    9.4244872891e-10    1.6337935543e-10    5.4599449182e-09
   1.4800000    3.2328329362e-09    1.4467498246e-09   -4.9871680264e-09    2.4845460569e-09    5.4911199554e-10    9.5291748381e-10    1.6036126635e-10    5.4746459307e-09
   1.4900000    3.3237263436e-09    1.4651557858e-09   -4.3984876749e-09    2.1721553748e-09    6.2922280958e-10    9.6475692006e-10    1.5728527668e-10    5.4890687717e-09
   1.5000000    3.4107738661e-09    1.4820040140e-09   -3.7978003878e-09    1.8578720541e-09    7.1038759457e-10    9.7708450731e-10    1.5415136052e-10    5.5032155826e-09
   1.5100000    3.4934664168e-09    1.4971508402e-09   -3.1912243720e-09    1.5417978816e-09    7.9087014743e-10    9.8903749248e-10    1.5096298817e-10    5.5170885695e-09
   1.5200000    3.5713060199e-09    1.5104306802e-09   -2.5841846803e-09    1.2223506919e-09    8.6897125453e-10    9.9975077692e-10    1.4772274291e-10    5.5306898559e-09
   1.5300000    3.6438168692e-09    1.5216930196e-09   -1.9814213067e-09    8.9651709180e-10    9.4305633464e-10    1.0083971555e-09    1.4442991253e-10    5.5440277827e-09
   1.5400000    3.7105421952e-09    1.5308077260e-09   -1.3869180190e-09    5.6012731778e-10    1.0115736995e-09    1.0142098138e-09    1.4108881028e-10    5.5571016280e-09
   1.5500000    3.7711048464e-09    1.5376337360e-09   -8.0399615935e-10    2.0826285809e-10    1.0730867852e-09    1.0164917955e-09    1.3770208437e-10    5.5699129617e-09
   1.5600000    3.8250846828e-09    1.5420263047e-09   -2.3538004615e-10   -1.6434200375e-10    1.1263019082e-09    1.0146008400e-09    1.3426887866e-10    5.5824633337e-09
   1.5700000    3.8721713839e-09    1.5438739042e-09    3.1671728182e-10   -5.6288594343e-10    1.1700675973e-09    1.0080081281e-09    1.3079075264e-10    5.5947541954e-09
   1.5800000    3.9120543175e-09    1.5430754201e-09    8.5048870336e-10   -9.9203247754e-10    1.2034111543e-09    9.9626138262e-10    1.2727427452e-10    5.6067901593e-09
   1.5900000    3.9445210534e-09    1.5395389327e-09    1.3644046356e-09   -1.4555222729e-09    1.2255426274e-09    9.7903446722e-10    1.2371470880e-10    5.6185702463e-09
   1.6000000    3.9693715617e-09    1.5332149183e-09    1.8570998072e-09   -1.9558440505e-09    1.2358762779e-09    9.5610417430e-10    1.2011650024e-10    5.6300973603e-09
   1.6100000    3.9864983087e-09    1.5240669841e-09    2.3272721287e-09   -2.4938742931e-09    1.2340367700e-09    9.2737160708e-10    1.1648343462e-10    5.6413699040e-09
   1.6200000    3.9958225781e-09    1.5120919833e-09    2.7735788510e-09   -3.0687032962e-09    1.2198488552e-09    8.9285876818e-10    1.1281499486e-10    5.6523875237e-09
   1.6300000    3.9973796770e-09    1.4973335354e-09    3.1945862238e-09   -3.6774655195e-09    1.1933635052e-09    8.5270926968e-10    1.0911170917e-10    5.6631550151e-09
   1.6400000    3.9912479321e-09    1.4798616175e-09    3.5887062173e-09   -4.3152752542e-09    1.1548445290e-09    8.0718957647e-10    1.0537839427e-10    5.6736692713e-09
   1.6500000    3.9775435821e-09    1.4598086053e-09    3.9541966631e-09   -4.9753175160e-09    1.1047755299e-09    7.5668757448e-10    1.0161275199e-10    5.6839311898e-09
   1.6600000    3.9565065599e-09    1.4373277416e-09    4.2892070195e-09   -5.6489141829e-09    1.0438295773e-09    7.0170185962e-10    9.7819831816e-11    5.6939426125e-09
   1.6700000    3.9284211332e-09    1.4126066836e-09    4.5917766240e-09   -6.3257767740e-09    9.7289566771e-10    6.4284689978e-10    9.3996524612e-11    5.7036992207e-09
   1.6800000    3.8936354073e-09    1.3859021336e-09    4.8599636256e-09   -6.9943010560e-09    8.9302916015e-10    5.8083795127e-10    9.0149433064e-11    5.7132015867e-09
   1.6900000    3.8525821647e-09    1.3575099256e-09    5.0918910564e-09   -7.6418907698e-09    8.0545834092e-10    5.1647957655e-10    8.6275702834e-11    5.7224499248e-09
   1.7000000    3.8057310364e-09    1.3277245554e-09    5.2858752096e-09   -8.2553889765e-09    7.1157141805e-10    4.5065564898e-10    8.2378788355e-11    5.7314435297e-09
   1.7100000    3.7536324066e-09    1.2969239239e-09    5.4405099750e-09   -8.8215344483e-09    6.1287191468e-10    3.8430946016e-10    7.8457286490e-11    5.7401823548e-09
   1.7200000    3.6968751128e-09    1.2654919419e-09    5.5547773455e-09   -9.3274037413e-09    5.1098960148e-10    3.1845459233e-10    7.4514387569e-11    5.7486657715e-09
   1.7300000    3.6360824207e-09    1.2338300917e-09    5.6281110907e-09   -9.7608853792e-09    4.0761881214e-10    2.5413662662e-10    7.0552983663e-11    5.7568917859e-09
   1.7400000    3.5719329447e-09    1.2023429414e-09    5.6604634542e-09   -1.0111151363e-08    3.0453681519e-10    1.9242261689e-10    6.6570907542e-11    5.7648553462e-09
   1.7500000    3.5051452766e-09    1.1714675000e-09    5.6523496071e-09   -1.0369042882e-08    2.0353729902e-10    1.3439773351e-10    6.2575165399e-11    5.7725602436e-09
   1.7600000    3.4364382979e-09    1.1416264667e-09    5.6048358839e-09   -1.0527485748e-08    1.0644644045e-10    8.1135727874e-11    5.8561148968e-11    5.7800022312e-09
   1.7700000    3.3665896117e-09    1.1132350524e-09    5.5194827759e-09   -1.0581764972e-08    1.5054257732e-11    3.3685480198e-11    5.4532289071e-11    5.7871828752e-09
   1.7800000    3.2963524746e-09    1.0866908830e-09    5.3983095777e-09   -1.0529771967e-08   -6.8892140829e-11   -6.9362808327e-12    5.0491178359e-11    5.7940962219e-09
   1.7900000    3.2264892885e-09    1.0623743363e-09    5.2437150023e-09   -1.0372142812e-08   -1.4369044057e-10   -3.9773835569e-11    4.6436065626e-11    5.8007446676e-09
   1.8000000    3.1578064375e-09    1.0406047724e-09    5.0583386817e-09   -1.0112305881e-08   -2.0776096677e-10   -6.3932847589e-11    4.2365865740e-11    5.8071239588e-09
   1.8100000    3.0910658264e-09    1.0216991688e-09    4.8449535399e-09   -9.7564086660e-09   -2.5961342522e-10   -7.8603494402e-11    3.8290945222e-11    5.8132336355e-09
   1.8200000    3.0270233569e-09    1.0059054102e-09    4.6063187587e-09   -9.3131805588e-09   -2.9790969102e-10   -8.3076658955e-11    3.4206518538e-11    5.8190739453e-09
   1.8300000    2.9663812485e-09    9.9341256573e-10    4.3450940270e-09   -8.7936652159e-09   -3.2145934147e-10   -7.6737045926e-11    3.0113032152e-11    5.8246395544e-09
   1.8400000    2.9098564654e-09    9.8437778046e-10    4.0637049588e-09   -8.2108562400e-09   -3.2925512983e-10   -5.9100068879e-11    2.6015373108e-11    5.8299318370e-09
   1.8500000    2.8581105197e-09    9.7888479716e-10    3.7642772888e-09   -7.5792953953e-09   -3.2048320460e-10   -2.9798179651e-11    2.1912596434e-11    5.8349468278e-09
   1.8600000    2.8117156796e-09    9.7698640398e-10    3.4485852163e-09   -6.9145697724e-09   -2.9452030485e-10    1.1397026776e-11    1.7803965165e-11    5.8396838802e-09
   1.8700000    2.7712382361e-09    9.7866219766e-10    3.1180381841e-09   -6.2327275660e-09   -2.5096260674e-10    6.4588901269e-11    1.3691958628e-11    5.8441412875e-09
   1.8800000    2.7371279993e-09    9.8387098813e-10    2.7736678281e-09   -5.5497963552e-09   -1.8963110592e-10    1.2972295260e-10    9.5824077035e-12    5.8483166998e-09
   1.8900000    2.7097799937e-09    9.9248204549e-10    2.4162686514e-09   -4.8811478973e-09   -1.1056179172e-10    2.0660775996e-10    5.4705050980e-12    5.8522113319e-09
   1.9000000    2.6894678009e-09    1.0043903234e-09    2.0464032858e-09   -4.2410011787e-09   -1.4024519323e-11    2.9491042951e-10    1.3603511021e-12    5.8558175703e-09
   1.9100000    2.6764210525e-09    1.0194088621e-09    1.6645829321e-09   -3.6419111666e-09    9.9487196887e-11    3.9416139595e-10   -2.7471909714e-12    5.8591431051e-09
   1.9200000    2.6706974527e-09    1.0373794963e-09    1.2713742908e-09   -3.0943642501e-09    2.2926508898e-10    5.0374502561e-10   -6.8519024845e-12    5.8621789539e-09
   1.9300000    2.6722989699e-09    1.0580937267e-09    8.6756174762e-10   -2.6064517220e-09    3.7438877142e-10    6.2292031456e-10   -1.0949125132e-11    5.8649292040e-09
   1.9400000    2.6810798303e-09    1.0813687842e-09    4.5428991305e-10   -2.1836548659e-09    5.3373496567e-10    7.5082121963e-10   -1.5039791592e-11    5.8673896131e-09
   1.9500000    2.6967444313e-09    1.1070146205e-09    3.3195493122e-11   -1.8287215023e-09    7.0599010598e-10    8.8646525736e-10   -1.9124794887e-11    5.8695596664e-09
   1.9600000    2.7189234262e-09    1.1348561496e-09   -3.9349340203e-10   -1.5417224886e-09    8.8967627841e-10    1.0287724017e-09   -2.3198603539e-11    5.8714409314e-09
   1.9700000    2.7471087373e-09    1.1647377627e-09   -8.2288917744e-10   -1.3201626646e-09    1.0831465031e-09    1.1765686597e-09   -2.7258487079e-11    5.8730310065e-09
   1.9800000    2.7807103901e-09    1.1965363781e-09   -1.2514014931e-09   -1.1592679368e-09    1.2846360679e-09    1.3285990814e-09   -3.1307389183e-11    5.8743292095e-09
   1.9900000    2.8190011198e-09    1.2301386948e-09   -1.6747753057e-09   -1.0523358984e-09    1.4922654540e-09    1.4835541425e-09   -3.5343967250e-11    5.8753345650e-09
   2.0000000    2.8611712712e-09    1.2654755628e-09   -2.0881278815e-09   -9.9117842733e-10    1.7040569425e-09    1.6400617172e-09   -3.9358416545e-11    5.8760488216e-09
   2.0100000    2.9063728627e-09    1.3024731500e-09   -2.4860904360e-09   -9.6664313034e-10    1.9179873581e-09    1.7967352512e-09   -4.3353970378e-11    5.8764718116e-09
   2.0200000    2.9536869781e-09    1.3410894920e-09   -2.8629507141e-09   -9.6913386411e-10    2.1319748369e-09    1.9521643734e-09   -4.7332604514e-11    5.8766039560e-09
   2.0300000    3.0021911106e-09    1.3812726758e-09   -3.2128506055e-09   -9.8915694155e-10    2.3439318727e-09    2.1049442774e-09   -5.1287744854e-11    5.8764476302e-09
   2.0400000    3.0509758551e-09    1.4229863396e-09   -3.5299865541e-09   -1.0178743541e-09    2.5517931386e-09    2.2536779911e-09   -5.5219073835e-11    5.8759970460e-09
   2.0500000    3.0991608808e-09    1.4661520596e-09   -3.8088602418e-09   -1.0475225802e-09    2.7535235440e-09    2.3970088660e-09   -5.9124384099e-11    5.8752596336e-09
   2.0600000    3.1458814278e-09    1.5106926109e-09   -4.0444898375e-09   -1.0718477493e-09    2.9471580569e-09    2.5336362842e-09   -6.3000680361e-11    5.8742324573e-09
   2.0700000    3.1904546007e-09    1.5564498488e-09   -4.2326347408e-09   -1.0863992669e-09    3.1308172521e-09    2.6623315666e-09   -6.6849078989e-11    5.8729204223e-09
   2.0800000    3.2322479224e-09    1.6032530358e-09   -4.3699870120e-09   -1.0887330176e-09    3.3027277486e-09    2.7819269740e-09   -7.0662203049e-11    5.8713223637e-09
   2.0900000    3.2707768584e-09    1.6508447208e-09   -4.4543196748e-09   -1.0784488975e-09    3.4612704921e-09    2.8913650050e-09   -7.4442630270e-11    5.8694422310e-09
   2.1000000    3.3057344065e-09    1.6988903901e-09   -4.4845961967e-09   -1.0572176762e-09    3.6049529442e-09    2.9896929291e-09   -7.8185177265e-11    5.8672802846e-09
   2.1100000    3.3369849553e-09    1.7469855456e-09   -4.4610606003e-09   -1.0285359999e-09    3.7324777593e-09    3.0760707986e-09   -8.1889189627e-11    5.8648398697e-09
   2.1200000    3.3645679940e-09    1.7946294535e-09   -4.3851897789e-09   -9.9751801311e-10    3.8427228904e-09    3.1497938056e-09   -8.5548956629e-11    5.8621228488e-09
   2.1300000    3.3886751452e-09    1.8412437338e-09   -4.2596844042e-09   -9.7051387122e-10    3.9347799775e-09    3.2102932663e-09   -8.9160367870e-11    5.8591332768e-09
   2.1400000    3.4097258859e-09    1.8861776157e-09   -4.0883426613e-09   -9.5471390940e-10    4.0079321634e-09    3.2571422718e-09   -9.2729070701e-11    5.8558713787e-09
   2.1500000    3.4282633766e-09    1.9286788268e-09   -3.8759258066e-09   -9.5766011479e-10    4.0617052064e-09    3.2900551884e-09   -9.6250784495e-11    5.8523448442e-09
   2.1600000    3.4449680381e-09    1.9679938213e-09   -3.6279824726e-09   -9.8675324438e-10    4.0958290615e-09    3.3089077568e-09   -9.9718122225e-11    5.8485556119e-09
   2.1700000    3.4606361630e-09    2.0032583197e-09   -3.3506328408e-09   -1.0488238570e-09    4.1102745990e-09    3.3137182689e-09   -1.0312745012e-10    5.8445046899e-09
   2.1800000    3.4761477445e-09    2.0336363094e-09   -3.0503387064e-09   -1.1496564475e-09    4.1052270339e-09    3.3046627082e-09   -1.0648157920e-10    5.8402009463e-09
   2.1900000    3.4924026874e-09    2.0582770012e-09   -2.7336844423e-09   -1.2935974020e-09    4.0811149152e-09    3.2820561022e-09   -1.0977690029e-10    5.8356465439e-09
   2.2000000    3.5102742731e-09    2.0763526817e-09   -2.4071639718e-09   -1.4832973978e-09    4.0385622428e-09    3.2463677934e-09   -1.1300466198e-10    5.8308471325e-09
   2.2100000    3.5305959489e-09    2.0870965723e-09   -2.0769699293e-09   -1.7194600166e-09    3.9784055105e-09    3.1981914083e-09   -1.1616719466e-10    5.8258014407e-09
   2.2200000    3.5540872374e-09    2.0898413753e-09   -1.7488397029e-09   -2.0007158159e-09    3.9016903583e-09    3.1382610122e-09   -1.1925897055e-10    5.8205230811e-09
   2.2300000    3.5813404861e-09    2.0839853721e-09   -1.4279123594e-09   -2.3236463718e-09    3.8096208162e-09    3.0674197603e-09   -1.2227760298e-10    5.8150114017e-09
   2.2400000    3.6127350444e-09    2.0690772327e-09   -1.1186188806e-09   -2.6828695661e-09    3.7035856249e-09    2.9866215653e-09   -1.2522279830e-10    5.8092726644e-09
   2.2500000    3.6484527099e-09    2.0448522347e-09   -8.2463575797e-10   -3.0712028789e-09    3.5851095804e-09    2.8969258517e-09   -1.2809028856e-10    5.8033137043e-09
   2.2600000    3.6884264768e-09    2.0111569008e-09   -5.4886054447e-10   -3.4799609336e-09    3.4558457240e-09    2.7994713518e-09   -1.3087281319e-10    5.7971431034e-09
   2.2700000    3.7323513467e-09    1.9680361563e-09   -2.9340304760e-10   -3.8993027381e-09    3.3175494170e-09    2.6954658031e-09   -1.3357104212e-10    5.7907628316e-09
   2.2800000    3.7796199231e-09    1.9157569219e-09   -5.9666661321e-11   -4.3186168419e-09    3.1720665832e-09    2.5861625054e-09   -1.3618147507e-10    5.7841798511e-09
   2.2900000    3.8294540780e-09    1.8547127073e-09    1.5163550791e-10   -4.7269636649e-09    3.0213000696e-09    2.4728654990e-09   -1.3869871304e-10    5.7774003373e-09
   2.3000000    3.8808146424e-09    1.7855266078e-09    3.4035808396e-10   -5.1134983868e-09    2.8671753463e-09    2.3569017019e-09   -1.4112590637e-10    5.7704346056e-09
   2.3100000    3.9324952627e-09    1.7089634467e-09    5.0690077961e-10   -5.4679640185e-09    2.7116452203e-09    2.2396030844e-09   -1.4345562512e-10    5.7632837378e-09
   2.3200000    3.9831252673e-09    1.6259326495e-09    6.5205625588e-10   -5.7810547299e-09    2.5566409835e-09    2.1222906898e-09   -1.4568327977e-10    5.7559611029e-09
   2.3300000    4.0313144977e-09    1.5374876637e-09    7.7695432499e-10   -6.0448213953e-09    2.4040547231e-09    2.0062654864e-09   -1.4780594553e-10    5.7484679168e-09
   2.3400000    4.0756014174e-09    1.4447750823e-09    8.8303100137e-10   -6.2529907094e-09    2.2557251463e-09    1.8927913867e-09   -1.4982391895e-10    5.7408142067e-09
   2.3500000    4.1145863036e-09    1.3490100015e-09    9.7190641544e-10   -6.4012069729e-09    2.1133979709e-09    1.7830763590e-09   -1.5173187550e-10    5.7330091304e-09
   2.3600000    4.1470288810e-09    1.2514422357e-09    1.0453785024e-09   -6.4872288953e-09    1.9787296270e-09    1.6782654282e-09   -1.5352609181e-10    5.7250566364e-09
   2.3700000    4.1718656056e-09    1.1533432430e-09    1.1054070902e-09   -6.5110224479e-09    1.8532375857e-09    1.5794222632e-09   -1.5520628654e-10    5.7169660785e-09
   2.3800000    4.1882373657e-09    1.0559438199e-09    1.1540360267e-09   -6.4747593622e-09    1.7383157628e-09    1.4875269675e-09   -1.5676732280e-10    5.7087426994e-09
   2.3900000    4.1956878628e-09    9.6042892139e-10    1.1934331087e-09   -6.3827833685e-09    1.6351976683e-09    1.4034494760e-09   -1.5820687404e-10    5.7003981611e-09
   2.4000000    4.1939959528e-09    8.6790651680e-10    1.2258502969e-09   -6.2414148400e-09    1.5449407752e-09    1.3279593314e-09   -1.5952425289e-10    5.6919353202e-09
   2.4100000    4.1834024269e-09    7.7940051487e-10    1.2536092976e-09   -6.0587578744e-09    1.4684287085e-09    1.2617013324e-09   -1.6071049783e-10    5.6833674919e-09
   2.4200000    4.1644707867e-09    6.9584769998e-10    1.2790952184e-09   -5.8444178123e-09    1.4063674642e-09    1.2052130679e-09   -1.6177060269e-10    5.6747000663e-09
   2.4300000    4.1381826857e-09    6.1806393138e-10    1.3046966710e-09   -5.6091188495e-09    1.3592595690e-09    1.1588874522e-09   -1.6269602227e-10    5.6659405170e-09
   2.4400000    4.1058213734e-09    5.4677709243e-10    1.3327944483e-09   -5.3643550265e-09    1.3274136010e-09    1.1230034710e-09   -1.6348725649e-10    5.6570969660e-09
   2.4500000    4.0689811860e-09    4.8262691309e-10    1.3656772435e-09   -5.1219317552e-09    1.3109360377e-09    1.0976995180e-09   -1.6414362654e-10    5.6481760027e-09
   2.4600000    4.0294784043e-09    4.2615185455e-10    1.4054806056e-09   -4.8935342183e-09    1.3097557959e-09    1.0829997568e-09   -1.6465994186e-10    5.6391888286e-09
   2.4700000    3.9892963976e-09    3.7787811785e-10    1.4541015652e-09   -4.6903172384e-09    1.3236036585e-09    1.0787973305e-09   -1.6503115772e-10    5.6301399597e-09
   2.4800000    3.9504460873e-09    3.3831984784e-10    1.5130935492e-09   -4.5224305507e-09    1.3520124804e-09    1.0848570153e-09   -1.6526179966e-10    5.6210405227e-09
   2.4900000    3.9148722531e-09    3.0799970558e-10    1.5835886809e-09   -4.3986843772e-09    1.3943736810e-09    1.1008352740e-09   -1.6534772887e-10    5.6118959842e-09
   2.5000000    3.8844571363e-09    2.8745721577e-10    1.6661999327e-09   -4.3261318210e-09    1.4498826307e-09    1.1262853283e-09   -1.6528288000e-10    5.6027152579e-09
   2.5100000    3.8607647651e-09    2.7731119311e-10    1.7609305258e-09   -4.3098467705e-09    1.5176156337e-09    1.1606443559e-09   -1.6507171428e-10    5.5935064626e-09
   2.5200000    3.8450611293e-09    2.7827889626e-10    1.8670844035e-09   -4.3526557028e-09    1.5965019530e-09    1.2032724889e-09   -1.6470814584e-10    5.5842778012e-09
   2.5300000    3.8382266111e-09    2.9121637509e-10    1.9832684926e-09   -4.4550638309e-09    1.6853487504e-09    1.2534453442e-09   -1.6419149007e-10    5.5750361880e-09
   2.5400000    3.8406784969e-09    3.1701538933e-10    2.1073368053e-09   -4.6151440655e-09    1.7828773586e-09    1.3103670737e-09   -1.6352188311e-10    5.5657878170e-09
   2.5500000    3.8523395705e-09    3.5674907148e-10    2.2363852857e-09   -4.8286572577e-09    1.8877321514e-09    1.3731905126e-09   -1.6269887196e-10    5.5565427777e-09
   2.5600000    3.8726672124e-09    4.1150398957e-10    2.3668205192e-09   -5.0891768807e-09    1.9984949884e-09    1.4410157418e-09   -1.6171754868e-10    5.5473036605e-09
   2.5700000    3.9006585095e-09    4.8247154555e-10    2.4944379878e-09   -5.3882861515e-09    2.1137064150e-09    1.5129144996e-09   -1.6057758543e-10    5.5380838230e-09
   2.5800000    3.9348803869e-09    5.7082706884e-10    2.6144930794e-09   -5.7159788124e-09    2.2318881213e-09    1.5879479610e-09   -1.5928186513e-10    5.5288846331e-09
   2.5900000    3.9735772792e-09    6.7766096308e-10    2.7218766171e-09   -6.0609656845e-09    2.3515739485e-09    1.6651680984e-09   -1.5782593185e-10    5.5197186174e-09
   2.6000000    4.0147915687e-09    8.0394707133e-10    2.8112555590e-09   -6.4111719688e-09    2.4713150613e-09    1.7436260774e-09   -1.5621223116e-10    5.5105904018e-09
   2.6100000    4.0563805179e-09    9.5044024001e-10    2.8772550022e-09   -6.7541777153e-09    2.5897085127e-09    1.8224042273e-09   -1.5443734742e-10    5.5015049433e-09
   2.6200000    4.0962688952e-09    1.1175763562e-09    2.9146541085e-09   -7.0777292364e-09    2.7054130811e-09    1.9006163655e-09   -1.5250249800e-10    5.4924719096e-09
   2.6300000    4.1325452313e-09    1.3054297949e-09    2.9185551905e-09   -7.3701876726e-09    2.8171647559e-09    1.9774167326e-09   -1.5040766758e-10    5.4834953802e-09
   2.6400000    4.1635181205e-09    1.5135638565e-09    2.8846009901e-09   -7.6209993072e-09    2.9237918905e-09    2.0520092884e-09   -1.4815394314e-10    5.4745815985e-09
   2.6500000    4.1879089423e-09    1.7409683938e-09    2.8091598740e-09   -7.8210795735e-09    3.0242381023e-09    2.1236726871e-09   -1.4573803481e-10    5.4657382191e-09
   2.6600000    4.2049542942e-09    1.9860419082e-09    2.6894233410e-09   -7.9631295464e-09    3.1175708981e-09    2.1917444579e-09   -1.4316398762e-10    5.4569715137e-09
   2.6700000    4.2144077676e-09    2.2464728436e-09    2.5235696745e-09   -8.0418696940e-09    3.2029838647e-09    2.2556583227e-09   -1.4043205396e-10    5.4482825617e-09
   2.6800000    4.2166118384e-09    2.5192682185e-09    2.3108561764e-09   -8.0542069474e-09    3.2798227096e-09    2.3149213225e-09   -1.3753977202e-10    5.4396857021e-09
   2.6900000    4.2125296888e-09    2.8007163173e-09    2.0516553176e-09   -7.9992506712e-09    3.3475547751e-09    2.3691368385e-09   -1.3449004145e-10    5.4311782672e-09
   2.7000000    4.2036180869e-09    3.0864154672e-09    1.7474700061e-09   -7.8782978052e-09    3.4058493718e-09    2.4179909293e-09   -1.3128683842e-10    5.4227675670e-09
   2.7100000    4.1918337685e-09    3.3714194463e-09    1.4009153873e-09   -7.6946302468e-09    3.4544796288e-09    2.4612835302e-09   -1.2792684681e-10    5.4144617513e-09
   2.7200000    4.1794418026e-09    3.6501774973e-09    1.0156378683e-09   -7.4533858731e-09    3.4934000684e-09    2.4988978398e-09   -1.2441166567e-10    5.4062634760e-09
   2.7300000    4.1689075030e-09    3.9167265121e-09    5.9626283519e-10   -7.1611472747e-09    3.5227134927e-09    2.5308112143e-09   -1.2074810375e-10    5.3981749141e-09
   2.7400000    4.1626809778e-09    4.1648611200e-09    1.4819309634e-10   -6.8256912835e-09    3.5426713656e-09    2.5570995051e-09   -1.1693230239e-10    5.3902055466e-09
   2.7500000    4.1630710008e-09    4.3882663357e-09   -3.2247645599e-10   -6.4555819582e-09    3.5536625910e-09    2.5779283092e-09   -1.1296760565e-10    5.3823573222e-09
   2.7600000    4.1719753366e-09    4.5806949658e-09   -8.0917803039e-10   -6.0597974710e-09    3.5562025347e-09    2.5935399484e-09   -1.0886162940e-10    5.3746298191e-09
   2.7700000    4.1908437835e-09    4.7361967375e-09   -1.3050175975e-09   -5.6473768118e-09    3.5509484347e-09    2.6042603936e-09   -1.0460506422e-10    5.3670329171e-09
   2.7800000    4.2203256234e-09    4.8492617442e-09   -1.8029434569e-09   -5.2270752718e-09    3.5386477168e-09    2.6104903421e-09   -1.0020903592e-10    5.3595703604e-09
   2.7900000    4.2603048427e-09    4.9150382586e-09   -2.2959468831e-09   -4.8070732676e-09    3.5201518239e-09    2.6126789439e-09   -9.5676566934e-11    5.3522400097e-09
   2.8000000    4.3098087212e-09    4.9295373875e-09   -2.7771768850e-09   -4.3947724077e-09    3.4964048721e-09    2.6113516123e-09   -9.1006527311e-11    5.3450462647e-09
   2.8100000    4.3669420578e-09    4.8897373813e-09   -3.2401254664e-09   -3.9966256483e-09    3.4683865279e-09    2.6070560842e-09   -8.6207393259e-11    5.3379957107e-09
   2.8200000    4.4289491502e-09    4.7937564445e-09   -3.6786488418e-09   -3.6180312537e-09    3.4371535129e-09    2.6003888648e-09   -8.1274905599e-11    5.3310899072e-09
   2.8300000    4.4923568490e-09    4.6409301955e-09   -4.0871292261e-09   -3.2633240382e-09    3.4037888280e-09    2.5919652591e-09   -7.6218635420e-11    5.3243284642e-09
   2.8400000    4.5531281781e-09    4.4318923812e-09   -4.4604987777e-09   -2.9358250365e-09    3.3693934752e-09    2.5824104813e-09   -7.1035782710e-11    5.3177137679e-09
   2.8500000    4.6068366679e-09    4.1685786920e-09   -4.7942361938e-09   -2.6379245507e-09    3.3350456502e-09    2.5723640439e-09   -6.5736474330e-11    5.3112520211e-09
   2.8600000    4.6489995074e-09    3.8542226726e-09   -5.0843834291e-09   -2.3712046403e-09    3.3018327047e-09    2.5624422648e-09   -6.0318928497e-11    5.3049414867e-09
   2.8700000    4.6753160805e-09    3.4932895810e-09   -5.3275257383e-09   -2.1366344094e-09    3.2707918009e-09    2.5532518729e-09   -5.4792913226e-11    5.2987821634e-09
   2.8800000    4.6820582546e-09    3.0914166228e-09   -5.5207378567e-09   -1.9347324488e-09    3.2429120144e-09    2.5453628373e-09   -4.9157631779e-11    5.2927777909e-09
   2.8900000    4.6663461754e-09    2.6552244139e-09   -5.6615270972e-09   -1.7657504004e-09    3.2191046286e-09    2.5393187246e-09   -4.3417641784e-11    5.2869314232e-09
   2.9000000    4.6263788892e-09    2.1922396808e-09   -5.7478232426e-09   -1.6298286343e-09    3.2002176195e-09    2.5356078827e-09   -3.7579454803e-11    5.2812375429e-09
   2.9100000    4.5617480980e-09    1.7106395385e-09   -5.7778846403e-09   -1.5271833327e-09    3.1870039113e-09    2.5346712804e-09   -3.1646695644e-11    5.2757039679e-09
   2.9200000    4.4736011199e-09    1.2191312762e-09   -5.7502974153e-09   -1.4581842187e-09    3.1800882325e-09    2.5368804424e-09   -2.5624026121e-11    5.2703270210e-09
   2.9300000    4.3646828536e-09    7.2674786954e-10   -5.6639524090e-09   -1.4234136560e-09    3.1800153952e-09    2.5425427014e-09   -1.9516957857e-11    5.2651049789e-09
   2.9400000    4.2394791331e-09    2.4263567717e-10   -5.5180404796e-09   -1.4237904857e-09    3.1871867463e-09    2.5518991201e-09   -1.3330666898e-11    5.2600397722e-09
   2.9500000    4.1039541938e-09   -2.2414990842e-10   -5.3121192875e-09   -1.4604587454e-09    3.2018953071e-09    2.5650983938e-09   -7.0712619685e-12    5.2551343060e-09
   2.9600000    3.9654608088e-09   -6.6474175324e-10   -5.0461334134e-09   -1.5348055414e-09    3.2242859093e-09    2.5822393702e-09   -7.3725905630e-13    5.2503836579e-09
   2.9700000    3.8324196147e-09   -1.0706930437e-09   -4.7204899281e-09   -1.6483651487e-09    3.2543889690e-09    2.6033163371e-09    5.6579404078e-12    5.2457887120e-09
   2.9800000    3.7139491769e-09   -1.4340729221e-09   -4.3361885268e-09   -1.8027021782e-09    3.2920853151e-09    2.6282500354e-09    1.2111851264e-11    5.2413473654e-09
   2.9900000    3.6193813761e-09   -1.7476216915e-09   -3.8948750113e-09   -1.9993115515e-09    3.3371342938e-09    2.6568841004e-09    1.8620706684e-11    5.2370603966e-09
   3.0000000    3.5577374037e-09   -2.0047811824e-09   -3.3989783027e-09   -2.2394005930e-09    3.3891758830e-09    2.6890022883e-09    2.5179744856e-11    5.2329254453e-09
   3.0100000    3.5372053021e-09   -2.1998545684e-09   -2.8518045606e-09   -2.5238217475e-09    3.4477214954e-09    2.7242883408e-09    3.1778507899e-11    5.2289390490e-09
   3.0200000    3.5646074933e-09   -2.3279970540e-09   -2.2576165388e-09   -2.8528460252e-09    3.5121814682e-09    2.7623861241e-09    3.8419804596e-11    5.2251012840e-09
   3.0300000    3.6448679128e-09   -2.3853543290e-09   -1.6216879994e-09   -3.2260324261e-09    3.5818532673e-09    2.8028648281e-09    4.5085844670e-11    5.2214085625e-09
   3.0400000    3.7805915214e-09   -2.3690003148e-09   -9.5034614060e-10   -3.6421135883e-09    3.6559443226e-09    2.8452397738e-09    5.1779669122e-11    5.2178594689e-09
   3.0500000    3.9717174452e-09   -2.2770857596e-09   -2.5093618036e-10   -4.0988673892e-09    3.7335944786e-09    2.8889942387e-09    5.8492890965e-11    5.2144522220e-09
   3.0600000    4.2152262024e-09   -2.1088299027e-09    4.6816884106e-10   -4.5930090942e-09    3.8138754770e-09    2.9335545818e-09    6.5219943508e-11    5.2111844263e-09
   3.0700000    4.5051027312e-09   -1.8645698344e-09    1.1977610576e-09   -5.1201835669e-09    3.8957861507e-09    2.9783330161e-09    7.1952154329e-11    5.2080483359e-09
   3.0800000    4.8324204197e-09   -1.5458196568e-09    1.9278633513e-09   -5.6748851694e-09    3.9783207902e-09    3.0227160810e-09    7.8687282133e-11    5.2050465459e-09
   3.0900000    5.1855405540e-09   -1.1552996016e-09    2.6479363233e-09   -6.2505294098e-09    4.0604290378e-09    3.0660856510e-09    8.5420272512e-11    5.2021746951e-09
   3.1000000    5.5504893946e-09   -6.9702837428e-10    3.3470870737e-09   -6.8394779965e-09    4.1410658059e-09    3.1078182495e-09    9.2138359872e-11    5.1994286513e-09
   3.1100000    5.9115919879e-09   -1.7634671054e-10    4.0143402863e-09   -7.4331526508e-09    4.2192011063e-09    3.1473133892e-09    9.8839018647e-11    5.1968034293e-09
   3.1200000    6.2520000965e-09    4.0007057673e-10    4.6388641737e-09   -8.0221752250e-09    4.2938239681e-09    3.1839748525e-09    1.0551889699e-10    5.1942966897e-09
   3.1300000    6.5546318772e-09    1.0241428060e-09    5.2102598827e-09   -8.5965595727e-09    4.3639618984e-09    3.2172497744e-09    1.1216873232e-10    5.1919053595e-09
   3.1400000    6.8029286089e-09    1.6864351202e-09    5.7188293791e-09   -9.1459095695e-09    4.4287069484e-09    3.2466264456e-09    1.1878131297e-10    5.1896253352e-09
   3.1500000    6.9818063803e-09    2.3761987281e-09    6.1557914455e-09   -9.6597211390e-09    4.4872216040e-09    3.2716232849e-09    1.2535503886e-10    5.1874506734e-09
   3.1600000    7.0784093876e-09    3.0814446133e-09    6.5135740382e-09   -1.0127636509e-08    4.5387383215e-09    3.2918342781e-09    1.3187707095e-10    5.1853766638e-09
   3.1700000    7.0830013988e-09    3.7890595018e-09    6.7859289065e-09   -1.0539723887e-08    4.5826090283e-09    3.3069110068e-09    1.3834887856e-10    5.1834004870e-09
   3.1800000    6.9896800606e-09    4.4850758143e-09    6.9681479474e-09   -1.0886841998e-08    4.6182545039e-09    3.3165711111e-09    1.4475879799e-10    5.1815182747e-09
   3.1900000    6.7967846139e-09    5.1548145558e-09    7.0571116775e-09   -1.1160894663e-08    4.6452484529e-09    3.3206006946e-09    1.5110383734e-10    5.1797249782e-09
   3.2000000    6.5073632658e-09    5.7832583598e-09    7.0513984780e-09   -1.1355139290e-08    4.6632476544e-09    3.3188795274e-09    1.5737596925e-10    5.1780109157e-09
   3.2100000    6.1292953572e-09    6.3554117003e-09    6.9512619973e-09   -1.1464475914e-08    4.6720696316e-09    3.3113606767e-09    1.6356893596e-10    5.1763797819e-09
   3.2200000    5.6750651399e-09    6.8566866524e-09    6.7586054873e-09   -1.1485602451e-08    4.6716255779e-09    3.2980743199e-09    1.6968090107e-10    5.1748225105e-09
   3.2300000    5.1615679369e-09    7.2733772750e-09    6.4769112133e-09   -1.1417257424e-08    4.6619846370e-09    3.2791440388e-09    1.7570013811e-10    5.1733310896e-09
   3.2400000    4.6094510026e-09    7.5931126134e-09    6.1110953684e-09   -1.1260264935e-08    4.6433406833e-09    3.2547653396e-09    1.8162316078e-10    5.1719085839e-09
   3.2500000    4.0422569362e-09    7.8053089524e-09    5.6674002635e-09   -1.1017626946e-08    4.6159946208e-09    3.2252300143e-09    1.8744768956e-10    5.1705384488e-09
   3.2600000    3.4855413975e-09    7.9017208752e-09    5.1532065604e-09   -1.0694415529e-08    4.5803963873e-09    3.1908910921e-09    1.9316628289e-10    5.1692241716e-09
   3.2700000    2.9656439685e-09    7.8767492146e-09    4.5768298451e-09   -1.0297723472e-08    4.5371080505e-09    3.1521851650e-09    1.9877582979e-10    5.1679582030e-09
   3.2800000    2.5084448934e-09    7.7278989039e-09    3.9474037049e-09   -9.8364347036e-09    4.4868007131e-09    3.1096180774e-09    2.0426624989e-10    5.1667356283e-09
   3.2900000    2.1381512953e-09    7.4560128784e-09    3.2745976691e-09   -9.3209722219e-09    4.4302423486e-09    3.0637449931e-09    2.0963220869e-10    5.1655547231e-09
   3.3000000    1.8759378796e-09    7.0655003480e-09    2.5684698457e-09   -8.7629883126e-09    4.3682976529e-09    3.0151888908e-09    2.1487790897e-10    5.1644039881e-09
   3.3100000    1.7388628703e-09    6.5644260446e-09    1.8392920076e-09   -8.1750071766e-09    4.3019149299e-09    2.9646137228e-09    2.1998648595e-10    5.1632844786e-09
   3.3200000    1.7388108942e-09    5.9644164122e-09    1.0973457472e-09   -7.5700023155e-09    4.2321029874e-09    2.9127201511e-09    2.2496259614e-10    5.1621875083e-09
   3.3300000    1.8816902334e-09    5.2804823401e-09    3.5280627979e-10   -6.9610193499e-09    4.1599212552e-09    2.8602370665e-09    2.2979442001e-10    5.1611098285e-09
   3.3400000    2.1668904201e-09    4.5307005662e-09   -3.8441915930e-10   -6.3607633553e-09    4.0864780864e-09    2.8079181573e-09    2.3448232636e-10    5.1600490119e-09
   3.3500000    2.5870095743e-09    3.7357265251e-09   -1.1048217667e-09   -5.7811875197e-09    4.0129028948e-09    2.7565188118e-09    2.3902194104e-10    5.1589966603e-09
   3.3600000    3.1279688784e-09    2.9182340890e-09   -1.7993925804e-09   -5.2332051343e-09    3.9403278396e-09    2.7067860632e-09    2.4341009447e-10    5.1579472169e-09
   3.3700000    3.7693496528e-09    2.1021494715e-09   -2.4597267386e-09   -4.7263317234e-09    3.8698756298e-09    2.6594758243e-09    2.4763476732e-10    5.1569029402e-09
   3.3800000    4.4851650856e-09    1.3119265862e-09   -3.0781096145e-09   -4.2684918484e-09    3.8026514529e-09    2.6152984415e-09    2.5170363852e-10    5.1558527247e-09
   3.3900000    5.2448756133e-09    5.7163757350e-10   -3.6475721265e-09   -3.8658671492e-09    3.7397266524e-09    2.5749499697e-09    2.5560760834e-10    5.1547979884e-09
   3.4000000    6.0146306218e-09   -9.5918554127e-11   -4.1619760082e-09   -3.5227821277e-09    3.6821167511e-09    2.5390687287e-09    2.5934542957e-10    5.1537331671e-09
   3.4100000    6.7588932416e-09   -6.7002183001e-10   -4.6160350968e-09   -3.2417399905e-09    3.6307654652e-09    2.5082544585e-09    2.6291136730e-10    5.1526555364e-09
   3.4200000    7.4419095973e-09   -1.1329042589e-09   -5.0053747052e-09   -3.0234545845e-09    3.5865347617e-09    2.4830388602e-09    2.6630502746e-10    5.1515583112e-09
   3.4300000    8.0295578181e-09   -1.4705285478e-09   -5.3265698572e-09   -2.8670336573e-09    3.5502107570e-09    2.4639007827e-09    2.6952277910e-10    5.1504425638e-09
   3.4400000    8.4909687412e-09   -1.6731582982e-09   -5.5771365087e-09   -2.7701415690e-09    3.5224683274e-09    2.4512327008e-09    2.7256273414e-10    5.1493053217e-09
   3.4500000    8.8000841274e-09   -1.7358501020e-09   -5.7555656656e-09   -2.7292564584e-09    3.5038741217e-09    2.4453565683e-09    2.7542085527e-10    5.1481405569e-09
   3.4600000    8.9371733903e-09   -1.6588017166e-09   -5.8613123037e-09   -2.7399292216e-09    3.4948672511e-09    2.4465061196e-09    2.7810334482e-10    5.1469463019e-09
   3.4700000    8.8898907731e-09   -1.4474323524e-09   -5.8947678079e-09   -2.7970657481e-09    3.4957827349e-09    2.4548295505e-09    2.8059738233e-10    5.1457257012e-09
   3.4800000    8.6541565241e-09   -1.1122653597e-09   -5.8572738316e-09   -2.8952250400e-09    3.5068071629e-09    2.4703918894e-09    2.8290748591e-10    5.1444721711e-09
   3.4900000    8.2346505662e-09   -6.6865024483e-10   -5.7510942530e-09   -3.0288714767e-09    3.5280068605e-09    2.4931644308e-09    2.8503243816e-10    5.1431876683e-09
   3.5000000    7.6447994922e-09   -1.3625476755e-10   -5.5792965388e-09   -3.1926099783e-09    3.5593151750e-09    2.5230258638e-09    2.8697164376e-10    5.1418675818e-09
   3.5100000    6.9064620924e-09    4.6174057550e-10   -5.3458216698e-09   -3.3814441271e-09    3.6005356150e-09    2.5597706610e-09    2.8872273518e-10    5.1405130595e-09
   3.5200000    6.0492007025e-09    1.0993613964e-09   -5.0553026471e-09   -3.5908529347e-09    3.6513406767e-09    2.6031095511e-09    2.9028965991e-10    5.1391239722e-09
   3.5300000    5.1090309185e-09    1.7489773162e-09   -4.7130640025e-09   -3.8169421546e-09    3.7112910352e-09    2.6526694927e-09    2.9166793072e-10    5.1376992124e-09
   3.5400000    4.1269726006e-09    2.3823448928e-09   -4.3250267093e-09   -4.0564848459e-09    3.7798098104e-09    2.7079975215e-09    2.9286007761e-10    5.1362409715e-09
   3.5500000    3.1472190643e-09    2.9717620722e-09   -3.8976180695e-09   -4.3069409762e-09    3.8562329537e-09    2.7685742035e-09    2.9386596097e-10    5.1347487319e-09
   3.5600000    2.2152260175e-09    3.4912686936e-09   -3.4376987020e-09   -4.5663803103e-09    3.9397855911e-09    2.8338150213e-09    2.9468713599e-10    5.1332226424e-09
   3.5700000    1.3755264408e-09    3.9177068290e-09   -2.9524164986e-09   -4.8334023698e-09    4.0296195601e-09    2.9030724231e-09    2.9532447988e-10    5.1316691326e-09
   3.5800000    6.6966052663e-10    4.2317990445e-09   -2.4491685974e-09   -5.1070610226e-09    4.1247860487e-09    2.9756642640e-09    2.9577958874e-10    5.1300805748e-09
   3.5900000    1.3415527142e-10    4.4189670831e-09   -1.9354669747e-09   -5.3866439848e-09    4.2242949899e-09    3.0508557470e-09    2.9605418084e-10    5.1284664646e-09
   3.6000000   -2.0131368811e-10    4.4700518616e-09   -1.4188107359e-09   -5.6715960026e-09    4.3270984171e-09    3.1278914888e-09    2.9614934285e-10    5.1268268397e-09
   3.6100000   -3.1544489305e-10    4.3818177231e-09   -9.0661471479e-10   -5.9612996149e-09    4.4321136959e-09    3.2059886974e-09    2.9607144893e-10    5.1251671078e-09
   3.6200000   -1.9649672222e-10    4.1571382870e-09   -4.0609610996e-10   -6.2549713611e-09    4.5382241171e-09    3.2843567278e-09    2.9581762582e-10    5.1234824286e-09
   3.6300000    1.5693258288e-10    3.8050162199e-09    7.5870561488e-11   -6.5515281323e-09    4.6443299866e-09    3.3622159812e-09    2.9539228774e-10    5.1217856761e-09
   3.6400000    7.3567397647e-10    3.3403124859e-09    5.3283614711e-10   -6.8494679009e-09    4.7493261350e-09    3.4387880240e-09    2.9479849228e-10    5.1200733505e-09
   3.6500000    1.5201969352e-09    2.7831845132e-09    9.5888135916e-10   -7.1468143239e-09    4.8521308284e-09    3.5133123125e-09    2.9404049796e-10    5.1183561862e-09
   3.6600000    2.4813347770e-09    2.1583230404e-09    1.3487191418e-09   -7.4410662399e-09    4.9516996387e-09    3.5850686320e-09    2.9312108363e-10    5.1166332128e-09
   3.6700000    3.5814755202e-09    1.4940193885e-09    1.6977811346e-09   -7.7292199997e-09    5.0470548225e-09    3.6533647517e-09    2.9204443150e-10    5.1149152441e-09
   3.6800000    4.7762321311e-09    8.2097748848e-10    2.0023501254e-09   -8.0078349637e-09    5.1372652251e-09    3.7175650884e-09    2.9081510411e-10    5.1132002339e-09
   3.6900000    6.0163804154e-09    1.7107083938e-10    2.2595567076e-09   -8.2730833830e-09    5.2214814205e-09    3.7770866241e-09    2.8943358125e-10    5.1114980759e-09
   3.7000000    7.2501329132e-09   -4.2398654503e-10    2.4674930074e-09   -8.5208734660e-09    5.2989523812e-09    3.8314180412e-09    2.8791090263e-10    5.1098122341e-09
   3.7100000    8.4255446213e-09   -9.3400910278e-10    2.6252183665e-09   -8.7469979815e-09    5.3689974657e-09    3.8801035492e-09    2.8624865031e-10    5.1081459050e-09
   3.7200000    9.4929291220e-09   -1.3316391090e-09    2.7328084774e-09   -8.9473335101e-09    5.4310721519e-09    3.9227636331e-09    2.8445096357e-10    5.1065135714e-09
   3.7300000    1.0407312268e-08   -1.5935563732e-09    2.7913315536e-09   -9.1179585589e-09    5.4847179830e-09    3.9591150688e-09    2.8252052244e-10    5.1049120784e-09
   3.7400000    1.1130513517e-08   -1.7015107047e-09    2.8028175029e-09   -9.2553780387e-09    5.5296129905e-09    3.9889337797e-09    2.8046803788e-10    5.1033543537e-09
   3.7500000    1.1633112514e-08   -1.6432420301e-09    2.7702214376e-09   -9.3566905030e-09    5.5655409599e-09    4.0120932287e-09    2.7829294953e-10    5.1018425473e-09
   3.7600000    1.1895908129e-08   -1.4130441274e-09    2.6973197239e-09   -9.4197600591e-09    5.5924140162e-09    4.0285443845e-09    2.7600310370e-10    5.1003852698e-09
   3.7700000    1.1910838049e-08   -1.0121385389e-09    2.5886438704e-09   -9.4433248825e-09    5.6102639189e-09    4.0383231087e-09    2.7360884897e-10    5.0989908653e-09
   3.7800000    1.1681500933e-08   -4.4876374330e-10    2.4493149125e-09   -9.4271374572e-09    5.6192291129e-09    4.0415574484e-09    2.7110604629e-10    5.0976615026e-09
   3.7900000    1.1223014576e-08    2.6207446149e-10    2.2849268922e-09   -9.3720530461e-09    5.6195908400e-09    4.0384447147e-09    2.6851044436e-10    5.0964102437e-09
   3.8000000    1.0561319418e-08    1.0991109389e-09    2.1013929121e-09   -9.2800214799e-09    5.6117232114e-09    4.0292556583e-09    2.6581966064e-10    5.0952401158e-09
   3.8100000    9.7318768080e-09    2.0355333119e-09    1.9047609895e-09   -9.1540856611e-09    5.5961105678e-09    4.0143438444e-09    2.6304507403e-10    5.0941573814e-09
   3.8200000    8.7779640203e-09    3.0400613932e-09    1.7010309511e-09   -8.9983670200e-09    5.5733278744e-09    3.9941205344e-09    2.6019154831e-10    5.0931704675e-09
   3.8300000    7.7485035987e-09    4.0781239091e-09    1.4960411645e-09   -8.8178970554e-09    5.5440458530e-09    3.9690553568e-09    2.5726485229e-10    5.0922868721e-09
   3.8400000    6.6955262631e-09    5.1132010101e-09    1.2952486354e-09   -8.6185243616e-09    5.5090098465e-09    3.9396715526e-09    2.5427194203e-10    5.0915094358e-09
   3.8500000    5.6715874246e-09    6.1083113928e-09    1.1036012482e-09   -8.4067062934e-09    5.4690257573e-09    3.9065467131e-09    2.5121653478e-10    5.0908505098e-09
   3.8600000    4.7269178290e-09    7.0274062389e-09    9.2541556744e-10   -8.1893175909e-09    5.4249710854e-09    3.8702787294e-09    2.4810526676e-10    5.0903132589e-09
   3.8700000    3.9068940840e-09    7.8369097659e-09    7.6426426586e-10   -7.9733768539e-09    5.3777417619e-09    3.8314969031e-09    2.4494589404e-10    5.0899032189e-09
   3.8800000    3.2495602910e-09    8.5070169705e-09    6.2289492317e-10   -7.7658188282e-09    5.3282657650e-09    3.7908520323e-09    2.4174474414e-10    5.0896300153e-09
   3.8900000    2.7835561893e-09    9.0129156936e-09    5.0324026411e-10   -7.5732631862e-09    5.2775006837e-09    3.7490029384e-09    2.3850732905e-10    5.0894955321e-09
   3.9000000    2.5265182059e-09    9.3357610936e-09    4.0629737237e-10   -7.4017348320e-09    5.2263976277e-09    3.7066024530e-09    2.3523652362e-10    5.0895062048e-09
   3.9100000    2.4840967097e-09    9.4635172526e-09    3.3222809753e-10   -7.2564613968e-09    5.1758829777e-09    3.6643004369e-09    2.3194394842e-10    5.0896701487e-09
   3.9200000    2.6495014287e-09    9.3913176399e-09    2.8038206044e-10   -7.1416298091e-09    5.1268646998e-09    3.6227256396e-09    2.2862864597e-10    5.0899913003e-09
   3.9300000    3.0038578870e-09    9.1217822892e-09    2.4934165769e-10   -7.0602836019e-09    5.0802225452e-09    3.5824739318e-09    2.2530202496e-10    5.0904725312e-09
   3.9400000    3.5170215686e-09    8.6647365153e-09    2.3704607165e-10   -7.0141750830e-09    5.0367756768e-09    3.5441322046e-09    2.2196559814e-10    5.0911202319e-09
   3.9500000    4.1492896335e-09    8.0369521852e-09    2.4091097393e-10   -7.0036787406e-09    4.9972873530e-09    3.5082039548e-09    2.1862620425e-10    5.0919385708e-09
   3.9600000    4.8534593536e-09    7.2613198378e-09    2.5792643229e-10   -7.0278415417e-09    4.9624356593e-09    3.4751734174e-09    2.1529041103e-10    5.0929298243e-09
   3.9700000    5.5774818336e-09    6.3659404139e-09    2.8478853025e-10   -7.0843775817e-09    4.9328406221e-09    3.4454696826e-09    2.1196138016e-10    5.0940984158e-09
   3.9800000    6.2672744924e-09    5.3829301527e-09    3.1806270032e-10   -7.1697800482e-09    4.9090152833e-09    3.4194483772e-09    2.0864373252e-10    5.0954461924e-09
   3.9900000    6.8700103389e-09    4.3470594657e-09    3.5426711856e-10   -7.2794961792e-09    4.8913770222e-09    3.3974140781e-09    2.0534543165e-10    5.0969733411e-09
   4.0000000    7.3371068385e-09    3.2943913845e-09    3.9002868328e-10   -7.4080842177e-09    4.8802688631e-09    3.3796054063e-09    2.0206420571e-10    5.0986887850e-09
   4.0100000    7.6272195928e-09    2.2607358383e-09    4.2217655286e-10   -7.5495002267e-09    4.8758968763e-09    3.3661881588e-09    1.9881022707e-10    5.1005860242e-09
   4.0200000    7.7089704005e-09    1.2802597055e-09    4.4783844570e-10   -7.6973239286e-09    4.8783886672e-09    3.3572671208e-09    1.9558745565e-10    5.1026730867e-09
   4.0300000    7.5629862941e-09    3.8408199495e-10    4.6447698378e-10   -7.8450442124e-09    4.8877489422e-09    3.3528693850e-09    1.9239801279e-10    5.1049425004e-09
   4.0400000    7.1835380476e-09   -4.0085206780e-10    4.6998488415e-10   -7.9863183801e-09    4.9038956299e-09    3.3529647524e-09    1.8924278196e-10    5.1074032836e-09
   4.0500000    6.5793301739e-09   -1.0528522559e-09    4.6271991588e-10   -8.1152655544e-09    4.9266378818e-09    3.3574497045e-09    1.8613004636e-10    5.1100447283e-09
   4.0600000    5.7735096037e-09   -1.5561488305e-09    4.4147374165e-10   -8.2266958343e-09    4.9556729570e-09    3.3661710835e-09    1.8306088764e-10    5.1128736476e-09
   4.0700000    4.8029450298e-09   -1.9014204665e-09    4.0549232301e-10   -8.3163030367e-09    4.9906283626e-09    3.3789169750e-09    1.8003421878e-10    5.1158869444e-09
   4.0800000    3.7165941237e-09   -2.0858883972e-09    3.5447262050e-10   -8.3808630837e-09    5.0310440253e-09    3.3954121791e-09    1.7705498430e-10    5.1190796830e-09
   4.0900000    2.5732178085e-09   -2.1132764507e-09    2.8852033709e-10   -8.4182893849e-09    5.0763707770e-09    3.4153471646e-09    1.7412956880e-10    5.1224526870e-09
   4.1000000    1.4383682147e-09   -1.9933373189e-09    2.0811004895e-10   -8.4277444353e-09    5.1260030233e-09    3.4383640072e-09    1.7125686533e-10    5.1260006798e-09
   4.1100000    3.8102972931e-10   -1.7411291961e-09    1.1402565190e-10   -8.4096161015e-09    5.1792674648e-09    3.4640820411e-09    1.6843833488e-10    5.1297196116e-09
   4.1200000   -5.3030804669e-10   -1.3761443101e-09    7.3529702146e-12   -8.3654291446e-09    5.2354544584e-09    3.4920801154e-09    1.6567166121e-10    5.1336076287e-09
   4.1300000   -1.2313528156e-09   -9.2119889427e-10   -1.1060747822e-10   -8.2977704343e-09    5.2938075317e-09    3.5219315967e-09    1.6296677342e-10    5.1376566491e-09
   4.1400000   -1.6660235021e-09   -4.0122360690e-10   -2.3836142666e-10   -8.2101052963e-09    5.3535590736e-09    3.5531842402e-09    1.6031669578e-10    5.1418645947e-09
   4.1500000   -1.7898134900e-09    1.5804148728e-10   -3.7428176961e-10   -8.1065983656e-09    5.4139170869e-09    3.5854015540e-09    1.5772677110e-10    5.1462215818e-09
   4.1600000   -1.5728875166e-09    7.3130223589e-10   -5.1664374141e-10   -7.9918704464e-09    5.4741044270e-09    3.6181252797e-09    1.5519587901e-10    5.1507272625e-09
   4.1700000   -1.0023139071e-09    1.2949053800e-09   -6.6365874210e-10   -7.8707735240e-09    5.5333405336e-09    3.6509386152e-09    1.5272310516e-10    5.1553686073e-09
   4.1800000   -8.3572971767e-11    1.8279122838e-09   -8.1348425762e-10   -7.7481311824e-09    5.5908699107e-09    3.6834172953e-09    1.5030684763e-10    5.1601440500e-09
   4.1900000    1.1589008633e-09    2.3129805667e-09   -9.6429830257e-10   -7.6285588392e-09    5.6459753570e-09    3.7151763469e-09    1.4795006848e-10    5.1650430455e-09
   4.2000000    2.6822958297e-09    2.7370152783e-09   -1.1142715295e-09   -7.5161858816e-09    5.6979961678e-09    3.7458560579e-09    1.4565305713e-10    5.1700588121e-09
   4.2100000    4.4268851034e-09    3.0915513799e-09   -1.2615958637e-09   -7.4145218642e-09    5.7463021489e-09    3.7751289555e-09    1.4341330038e-10    5.1751825647e-09
   4.2200000    6.3185620432e-09    3.3729168064e-09   -1.4045166211e-09   -7.3263359002e-09    5.7903449332e-09    3.8027141430e-09    1.4123190212e-10    5.1804076368e-09
   4.2300000    8.2722321895e-09    3.5819801684e-09   -1.5413171162e-09   -7.2535453776e-09    5.8296470421e-09    3.8283753351e-09    1.3910551088e-10    5.1857241064e-09
   4.2400000    1.0195973991e-08    3.7238714916e-09   -1.6703595700e-09   -7.1971718169e-09    5.8638009944e-09    3.8519102177e-09    1.3703189715e-10    5.1911205089e-09
   4.2500000    1.1995490872e-08    3.8072441322e-09   -1.7900556791e-09   -7.1573979559e-09    5.8924888958e-09    3.8731846812e-09    1.3500947325e-10    5.1965897028e-09
   4.2600000    1.3579254233e-08    3.8434379580e-09   -1.8989170640e-09   -7.1335854484e-09    5.9154783161e-09    3.8921032306e-09    1.3304089944e-10    5.2021264112e-09
   4.2700000    1.4863313897e-08    3.8455933907e-09   -1.9955198931e-09   -7.1243932781e-09    5.9326311537e-09    3.9086215754e-09    1.3111850322e-10    5.2077143549e-09
   4.2800000    1.5776096117e-08    3.8275476138e-09   -2.0785471758e-09   -7.1279145750e-09    5.9438956381e-09    3.9227498616e-09    1.2924654215e-10    5.2133464114e-09
   4.2900000    1.6262587477e-08    3.8027909381e-09   -2.1467786037e-09   -7.1418723634e-09    5.9493254640e-09    3.9345435204e-09    1.2741792928e-10    5.2190119952e-09
   4.3000000    1.6287809721e-08    3.7835054403e-09   -2.1991372921e-09   -7.1637568447e-09    5.9490571893e-09    3.9441067126e-09    1.2563467451e-10    5.2247002747e-09
   4.3100000    1.5839379292e-08    3.7796558833e-09   -2.2346288112e-09   -7.1910480375e-09    5.9433187801e-09    3.9515661644e-09    1.2389170533e-10    5.2304037098e-09
   4.3200000    1.4928855032e-08    3.7983101843e-09   -2.2524055100e-09   -7.2213791859e-09    5.9324191743e-09    3.9571240515e-09    1.2218431753e-10    5.2361115401e-09
   4.3300000    1.3591960223e-08    3.8431663525e-09   -2.2517726423e-09   -7.2527115785e-09    5.9167533715e-09    3.9609834435e-09    1.2051726224e-10    5.2418130512e-09
   4.3400000    1.1887415410e-08    3.9142758102e-09   -2.2321856670e-09   -7.2835010176e-09    5.8967894393e-09    3.9633961953e-09    1.1888366496e-10    5.2474982754e-09
   4.3500000    9.8946104293e-09    4.0081121971e-09   -2.1932641180e-09   -7.3127464994e-09    5.8730592654e-09    3.9646283087e-09    1.1728473278e-10    5.2531555806e-09
   4.3600000    7.7100529596e-09    4.1177836383e-09   -2.1348076256e-09   -7.3401341774e-09    5.8461671206e-09    3.9649723987e-09    1.1571437585e-10    5.2587787642e-09
   4.3700000    5.4427805957e-09    4.2336638674e-09   -2.0567946880e-09   -7.3660121216e-09    5.8167415010e-09    3.9647219716e-09    1.1417225723e-10    5.2643550851e-09
   4.3800000    3.2089614188e-09    4.3440570654e-09   -1.9594076084e-09   -7.3913999646e-09    5.7854684359e-09    3.9641822597e-09    1.1265453166e-10    5.2698768174e-09
   4.3900000    1.1261095716e-09    4.4361582955e-09   -1.8430257951e-09   -7.4179173126e-09    5.7530661515e-09    3.9636519579e-09    1.1116075951e-10    5.2753350314e-09
   4.4000000   -6.9315914181e-10    4.4970437999e-09   -1.7082374651e-09   -7.4477375296e-09    5.7202662829e-09    3.9634268563e-09    1.0969204151e-10    5.2807206128e-09
   4.4100000   -2.1471733141e-09    4.5147481361e-09   -1.5558694788e-09   -7.4834102166e-09    5.6878028482e-09    3.9637887599e-09    1.0824333762e-10    5.2860262842e-09
   4.4200000   -3.1507953203e-09    4.4792655347e-09   -1.3869428159e-09   -7.5277367443e-09    5.6564268494e-09    3.9650039266e-09    1.0680823394e-10    5.2912406225e-09
   4.4300000   -3.6403692242e-09    4.3835498784e-09   -1.2027248930e-09   -7.5835901524e-09    5.6268589934e-09    3.9673105126e-09    1.0539080281e-10    5.2963591953e-09
   4.4400000   -3.5776863261e-09    4.2242054448e-09   -1.0046781000e-09   -7.6537628421e-09    5.5997930092e-09    3.9709140825e-09    1.0399204373e-10    5.3013731330e-09
   4.4500000   -2.9525198397e-09    4.0021069220e-09   -7.9446246806e-10   -7.7407428290e-09    5.5759098235e-09    3.9759995508e-09    1.0260300029e-10    5.3062752824e-09
   4.4600000   -1.7840314631e-09    3.7226749211e-09   -5.7398349259e-10   -7.8466110161e-09    5.5558179373e-09    3.9827016549e-09    1.0122749396e-10    5.3110550695e-09
   4.4700000   -1.2037728834e-10    3.3958083261e-09   -3.4525171214e-10   -7.9728259694e-09    5.5401006514e-09    3.9911320625e-09    9.9863698139e-11    5.3157139483e-09
   4.4800000    1.9630277948e-09    3.0356592885e-09   -1.1046736545e-10   -8.1201561615e-09    5.5292705217e-09    4.0013508332e-09    9.8513303136e-11    5.3202439190e-09
   4.4900000    4.3668826709e-09    2.6599381566e-09    1.2805058923e-10   -8.2885696698e-09    5.5237715304e-09    4.0133791953e-09    9.7170112991e-11    5.3246390784e-09
   4.5000000    6.9725704446e-09    2.2890916548e-09    3.6790944840e-10   -8.4771651428e-09    5.5239637567e-09    4.0271984119e-09    9.5837171508e-11    5.3288922268e-09
   4.5100000    9.6480394284e-09    1.9451281909e-09    6.0664454620e-10   -8.6841955202e-09    5.5301463749e-09    4.0427437315e-09    9.4512642809e-11    5.3330043231e-09
   4.5200000    1.2254370770e-08    1.6503824943e-09    8.4180607515e-10   -8.9070610395e-09    5.5425227317e-09    4.0599234142e-09    9.3198752547e-11    5.3369691587e-09
   4.5300000    1.4653015730e-08    1.4260729717e-09    1.0709549138e-09   -9.1423958895e-09    5.5612130204e-09    4.0785985794e-09    9.1894678880e-11    5.3407818677e-09
   4.5400000    1.6713082151e-08    1.2909954205e-09    1.2917133549e-09   -9.3861626482e-09    5.5862507324e-09    4.0985960071e-09    9.0597117854e-11    5.3444428160e-09
   4.5500000    1.8318361281e-08    1.2600794332e-09    1.5018254030e-09   -9.6338064874e-09    5.6175816574e-09    4.1197202476e-09    8.9315191635e-11    5.3479523731e-09
   4.5600000    1.9373887660e-08    1.3433255794e-09    1.6991654316e-09   -9.8803840750e-09    5.6550675221e-09    4.1417332897e-09    8.8045262143e-11    5.3513082243e-09
   4.5700000    1.9811382944e-08    1.5447758605e-09    1.8817869536e-09   -1.0120776124e-08    5.6984784177e-09    4.1643999168e-09    8.6785516206e-11    5.3545071424e-09
   4.5800000    1.9593397145e-08    1.8619148294e-09    2.0479208249e-09   -1.0349878039e-08    5.7475000227e-09    4.1874509066e-09    8.5541178270e-11    5.3575517219e-09
   4.5900000    1.8716092064e-08    2.2853885017e-09    2.1960106132e-09   -1.0562771323e-08    5.8017450609e-09    4.2106000892e-09    8.4314507956e-11    5.3604430131e-09
   4.6000000    1.7210082879e-08    2.7991109837e-09    2.3247106326e-09   -1.0754953332e-08    5.8607592093e-09    4.2335878005e-09    8.3107201241e-11    5.3631799275e-09
   4.6100000    1.5139618877e-08    3.3807640664e-09    2.4328959772e-09   -1.0922446784e-08    5.9240136243e-09    4.2561199756e-09    8.1920842020e-11    5.3657676221e-09
   4.6200000    1.2599903936e-08    4.0026635408e-09    2.5196576565e-09   -1.1062012384e-08    5.9909187817e-09    4.2779335575e-09    8.0751725528e-11    5.3682068573e-09
   4.6300000    9.7127269167e-09    4.6331097814e-09    2.5842583942e-09   -1.1171226018e-08    6.0608525687e-09    4.2987565682e-09    7.9612630294e-11    5.3704986784e-09
   4.6400000    6.6206617227e-09    5.2378514766e-09    2.6261762295e-09   -1.1248595774e-08    6.1331269989e-09    4.3183638030e-09    7.8499343637e-11    5.3726538396e-09
   4.6500000    3.4799208337e-09    5.7819221113e-09    2.6450332916e-09   -1.1293589488e-08    6.2070411627e-09    4.3365175206e-09    7.7418182257e-11    5.3746695955e-09
   4.6600000    4.5245768661e-10    6.2315359371e-09    2.6406121995e-09   -1.1306612437e-08    6.2818558896e-09    4.3530306153e-09    7.6369557721e-11    5.3765536075e-09
   4.6700000   -2.3024223241e-09    6.5560449158e-09    2.6128125941e-09   -1.1289016023e-08    6.3568292267e-09    4.3677407768e-09    7.5356256374e-11    5.3783109352e-09
   4.6800000   -4.6365610404e-09    6.7298115409e-09    2.5616394201e-09   -1.1242996084e-08    6.4312143012e-09    4.3805218868e-09    7.4385241310e-11    5.3799498857e-09
   4.6900000   -6.4209445069e-09    6.7338623647e-09    2.4872231853e-09   -1.1171456782e-08    6.5042750561e-09    4.3912777865e-09    7.3460462526e-11    5.3814742933e-09
   4.7000000   -7.5527929923e-09    6.5573136338e-09    2.3897761585e-09   -1.1077906280e-08    6.5752778225e-09    4.3999625274e-09    7.2577636317e-11    5.3828880710e-09
   4.7100000   -7.9615722568e-09    6.1983726841e-09    2.2696173708e-09   -1.0966252494e-08    6.6435439609e-09    4.4065635865e-09    7.1752865610e-11    5.3842029289e-09
   4.7200000   -7.6132317237e-09    5.6648564453e-09    2.1271816957e-09   -1.0840630874e-08    6.7084013892e-09    4.4111133559e-09    7.0979697553e-11    5.3854266260e-09
   4.7300000   -6.5126947954e-09    4.9742967271e-09    1.9630181927e-09   -1.0705219682e-08    6.7692393061e-09    4.4136740706e-09    7.0267658881e-11    5.3865654289e-09
   4.7400000   -4.7043300775e-09    4.1534420177e-09    1.7778199599e-09   -1.0564038697e-08    6.8254890004e-09    4.4143537641e-09    6.9619100332e-11    5.3876275294e-09
   4.7500000   -2.2703841819e-09    3.2372472331e-09    1.5724690469e-09   -1.0420814138e-08    6.8766570638e-09    4.4132976489e-09    6.9040975816e-11    5.3886219667e-09
   4.7600000    6.7276909529e-10    2.2674209505e-09    1.3480343344e-09   -1.0278757777e-08    6.9223000513e-09    4.4106761619e-09    6.8531925506e-11    5.3895558373e-09
   4.7700000    3.9800336513e-09    1.2904494124e-09    1.1058051841e-09   -1.0140519381e-08    6.9620659221e-09    4.4067057393e-09    6.8100372090e-11    5.3904453670e-09
   4.7800000    7.4847768659e-09    3.5544803957e-10    8.4734659485e-10   -1.0008063796e-08    6.9956626908e-09    4.4016045675e-09    6.7746263287e-11    5.3912916194e-09
   4.7900000    1.1007111106e-08   -4.8840615250e-10    5.7445761858e-10   -9.8826205864e-09    7.0228913949e-09    4.3956314733e-09    6.7476224320e-11    5.3921077311e-09
   4.8000000    1.4363217378e-08   -1.1943906421e-09    2.8927030481e-10   -9.7646981900e-09    7.0436195732e-09    4.3890530920e-09    6.7294039832e-11    5.3929033959e-09
   4.8100000    1.7374818752e-08   -1.7208065556e-09   -5.8236582006e-12   -9.6540971547e-09    7.0578189838e-09    4.3821514182e-09    6.7203162839e-11    5.3936898710e-09
   4.8200000    1.9878664251e-08   -2.0333389914e-09   -3.0812667230e-10   -9.5500168151e-09    7.0655347420e-09    4.3751964757e-09    6.7208861083e-11    5.3944747964e-09
   4.8300000    2.1735265251e-08   -2.1071545911e-09   -6.1467484951e-10   -9.4511390106e-09    7.0668948568e-09    4.3684757004e-09    6.7315375481e-11    5.3952678260e-09
   4.8400000    2.2836611225e-08   -1.9285114575e-09   -9.2224714578e-10   -9.3558028537e-09    7.0621125578e-09    4.3622688866e-09    6.7519074556e-11    5.3960802973e-09
   4.8500000    2.3112254839e-08   -1.4958869311e-09   -1.2274128697e-09   -9.2621229793e-09    7.0514725093e-09    4.3568291111e-09    6.7834757173e-11    5.3969192870e-09
   4.8600000    2.2533597602e-08   -8.2044531104e-10   -1.5266050288e-09   -9.1681999248e-09    7.0353535841e-09    4.3523968193e-09    6.8258145724e-11    5.3977982667e-09
   4.8700000    2.1115966540e-08    7.4012122882e-11   -1.8161296890e-09   -9.0722566124e-09    7.0141829295e-09    4.3491928782e-09    6.8792707358e-11    5.3987302406e-09
   4.8800000    1.8918415941e-08    1.1519413070e-09   -2.0922504962e-09   -8.9728334211e-09    6.9884574576e-09    4.3474192989e-09    6.9443244921e-11    5.3997180307e-09
   4.8900000    1.6041314260e-08    2.3674741040e-09   -2.3512657589e-09   -8.8689305737e-09    6.9587372713e-09    4.3472294677e-09    7.0210994351e-11    5.4007731087e-09
   4.9000000    1.2621619034e-08    3.6664044864e-09   -2.5895910338e-09   -8.7600958907e-09    6.9256210638e-09    4.3487504871e-09    7.1097002843e-11    5.4019067838e-09
   4.9100000    8.8262449036e-09    4.9887303072e-09   -2.8038030532e-09   -8.6465351707e-09    6.8897633854e-09    4.3520843554e-09    7.2105665072e-11    5.4031262582e-09
   4.9200000    4.8437141878e-09    6.2715689262e-09   -2.9907468079e-09   -8.5291622575e-09    6.8518455025e-09    4.3572695471e-09    7.3239443241e-11    5.4044381884e-09
   4.9300000    8.7470251456e-10    7.4522302746e-09   -3.1475763437e-09   -8.4095853502e-09    6.8125727257e-09    4.3643255556e-09    7.4495855350e-11    5.4058533656e-09
   4.9400000   -2.8783479704e-09    8.4714167853e-09   -3.2718144604e-09   -8.2900684903e-09    6.7726641215e-09    4.3732362490e-09    7.5880656011e-11    5.4073762548e-09
   4.9500000   -6.2216081640e-09    9.2763592894e-09   -3.3614341527e-09   -8.1734908740e-09    6.7328410427e-09    4.3839359544e-09    7.7390861524e-11    5.4090201779e-09
   4.9600000   -8.9801079129e-09    9.8236270269e-09   -3.4149044903e-09   -8.0631734294e-09    6.6938379508e-09    4.3963234833e-09    7.9029604933e-11    5.4107911216e-09
   4.9700000   -1.1006898345e-08    1.0081510490e-08   -3.4311719361e-09   -7.9627818215e-09    6.6563506217e-09    4.4102814810e-09    8.0793115514e-11    5.4126919644e-09
   4.9800000   -1.2191020945e-08    1.0031988116e-08   -3.4097627870e-09   -7.8761408629e-09    6.6210779087e-09    4.4256483781e-09    8.2687608414e-11    5.4147322974e-09
   4.9900000   -1.2463498536e-08    9.6718386616e-09   -3.3507275481e-09   -7.8070652885e-09    6.5886797901e-09    4.4422314145e-09    8.4708386029e-11    5.4169196916e-09
   5.0000000   -1.1801214087e-08    9.0132265873e-09   -3.2546852165e-09   -7.7591453085e-09    6.5597610823e-09    4.4598351518e-09    8.6857163523e-11    5.4192513378e-09
   5.0100000   -1.0228609696e-08    8.0833396707e-09   -3.1228009365e-09   -7.7356117660e-09    6.5349067914e-09    4.4782392862e-09    8.9129580282e-11    5.4217420368e-09
   5.0200000   -7.8165825270e-09    6.9233265390e-09   -2.9567624044e-09   -7.7391430303e-09    6.5146213649e-09    4.4972111531e-09    9.1527010388e-11    5.4243905777e-09
   5.0300000   -4.6791707276e-09    5.5864928277e-09   -2.7587719827e-09   -7.7717222254e-09    6.4993655554e-09    4.5165148754e-09    9.4045026106e-11    5.4272012589e-09
   5.0400000   -9.6793981365e-10    4.1358081364e-09   -2.5314712430e-09   -7.8345585342e-09    6.4895302092e-09    4.5359241356e-09    9.6681980762e-11    5.4301775454e-09
   5.0500000    3.1357120933e-09    2.6409209726e-09   -2.2779134173e-09   -7.9279811492e-09    6.4854328669e-09    4.5552119331e-09    9.9436062696e-11    5.4333222849e-09
   5.0600000    7.4297980842e-09    1.1747509982e-09   -2.0015458937e-09   -8.0514249735e-09    6.4873156285e-09    4.5741622236e-09    1.0230612578e-10    5.4366390872e-09
   5.0700000    1.1702123681e-08   -1.9010249724e-10   -1.7060943507e-09   -8.2034198134e-09    6.4953417863e-09    4.5925855403e-09    1.0528621164e-10    5.4401302955e-09
   5.0800000    1.5741256306e-08   -1.3851012447e-09   -1.3955370352e-09   -8.3816690685e-09    6.5096007470e-09    4.6103101383e-09    1.0837608832e-10    5.4437911855e-09
   5.0900000    1.9347406801e-08   -2.3491964371e-09   -1.0740277346e-09   -8.5831093321e-09    6.5300813809e-09    4.6271920430e-09    1.1156671945e-10    5.4476244786e-09
   5.1000000    2.2342899727e-08   -3.0320524306e-09   -7.4581213509e-10   -8.8040296053e-09    6.5567173726e-09    4.6431267832e-09    1.1485957602e-10    5.4516341776e-09
   5.1100000    2.4581307909e-08   -3.3967129854e-09   -4.1520463710e-10   -9.0402455469e-09    6.5893386103e-09    4.6580239490e-09    1.1824704630e-10    5.4558159828e-09
   5.1200000    2.5955185895e-08   -3.4215972178e-09   -8.6456379961e-11   -9.2872274617e-09    6.6277048524e-09    4.6718515615e-09    1.2172621911e-10    5.4601681145e-09
   5.1300000    2.6401528066e-08   -3.1018348792e-09    2.3624531515e-10   -9.5403240835e-09    6.6715058062e-09    4.6845999445e-09    1.2528962426e-10    5.4646868702e-09
   5.1400000    2.5905065901e-08   -2.4495657849e-09    5.4889893243e-10   -9.7948925248e-09    6.7203491921e-09    4.6963029764e-09    1.2893401440e-10    5.4693723931e-09
   5.1500000    2.4498939922e-08   -1.4936437000e-09    8.4771277331e-10   -1.0046512059e-08    6.7737773812e-09    4.7070290103e-09    1.3265263391e-10    5.4742210724e-09
   5.1600000    2.2262939139e-08   -2.7827907726e-10    1.1291710632e-09   -1.0291141565e-08    6.8312783086e-09    4.7168831668e-09    1.3644218028e-10    5.4792298922e-09
   5.1700000    1.9319111481e-08    1.1391067305e-09    1.3900905081e-09   -1.0525226499e-08    6.8922748521e-09    4.7259937607e-09    1.4029362085e-10    5.4843941296e-09
   5.1800000    1.5825285769e-08    2.6906120028e-09    1.6276392127e-09   -1.0745872874e-08    6.9561377182e-09    4.7345290081e-09    1.4420508090e-10    5.4897058624e-09
   5.1900000    1.1966659015e-08    4.3011871826e-09    1.8393793079e-09   -1.0950885404e-08    7.0222176447e-09    4.7426762815e-09    1.4816607961e-10    5.4951660900e-09
   5.2000000    7.9458903080e-09    5.8923968737e-09    2.0233208504e-09   -1.1138816351e-08    7.0898101202e-09    4.7506403177e-09    1.5217256702e-10    5.5007588852e-09
   5.2100000    3.9723932841e-09    7.3863299183e-09    2.1779000144e-09   -1.1308982736e-08    7.1581883667e-09    4.7586447962e-09    1.5621949272e-10    5.5064912243e-09
   5.2200000    2.5112477516e-10    8.7095527810e-09    2.3019912066e-09   -1.1461458925e-08    7.2266354084e-09    4.7669172233e-09    1.6029540009e-10    5.5123440800e-09
   5.2300000   -3.0280679324e-09    9.7968237897e-09    2.3949216860e-09   -1.1596980436e-08    7.2944018248e-09    4.7756870240e-09    1.6439751993e-10    5.5183184937e-09
   5.2400000   -5.7005522371e-09    1.0594383075e-08    2.4564709473e-09   -1.1716895543e-08    7.3607495045e-09    4.7851779891e-09    1.6851981137e-10    5.5244048441e-09
   5.2500000   -7.6354860011e-09    1.1062746421e-08    2.4868340250e-09   -1.1822980215e-08    7.4249616959e-09    4.7956020632e-09    1.7265495557e-10    5.5305932998e-09
   5.2600000   -8.7426061777e-09    1.1178738614e-08    2.4866234676e-09   -1.1917366608e-08    7.4863453759e-09    4.8071608185e-09    1.7679933185e-10    5.5368811602e-09
   5.2700000   -8.9767169726e-09    1.0936664298e-08    2.4568366395e-09   -1.2002368817e-08    7.5442141100e-09    4.8200180324e-09    1.8093830524e-10    5.5432527071e-09
   5.2800000   -8.3397804131e-09    1.0348645158e-08    2.3988078355e-09   -1.2080322116e-08    7.5979536243e-09    4.8343183495e-09    1.8507173161e-10    5.5497050255e-09
   5.2900000   -6.8805618582e-09    9.4440027022e-09    2.3142140124e-09   -1.2153414504e-08    7.6469796974e-09    4.8501612081e-09    1.8919065683e-10    5.5562248947e-09
   5.3000000   -4.6915443760e-09    8.2678182263e-09    2.2050264417e-09   -1.2223559994e-08    7.6907676552e-09    4.8676274187e-09    1.9328965519e-10    5.5628036836e-09
   5.3100000   -1.9036779398e-09    6.8786161055e-09    2.0734617132e-09   -1.2292278807e-08    7.7288623394e-09    4.8867371656e-09    1.9735892716e-10    5.5694335914e-09
   5.3200000    1.3210743620e-09    5.3454078590e-09    1.9219748131e-09   -1.2360576309e-08    7.7608844089e-09    4.9074729057e-09    2.0139770503e-10    5.5761017571e-09
   5.3300000    4.7987269900e-09    3.7441485122e-09    1.7531962194e-09   -1.2428850177e-08    7.7864981256e-09    4.9297723207e-09    2.0539657873e-10    5.5828025218e-09
   5.3400000    8.3334818278e-09    2.1539557922e-09    1.5699059169e-09   -1.2496881952e-08    7.8054953738e-09    4.9535260935e-09    2.0935064865e-10    5.5895246938e-09
   5.3500000    1.1728526318e-08    6.5300132762e-10    1.3750148100e-09   -1.2563799526e-08    7.8177153753e-09    4.9785885372e-09    2.1325165797e-10    5.5962591625e-09
   5.3600000    1.4796779974e-08   -6.8535691329e-10    1.1714850655e-09   -1.2628103925e-08    7.8231066586e-09    5.0047689867e-09    2.1709751879e-10    5.6029915898e-09
   5.3700000    1.7371175946e-08   -1.7963536299e-09    9.6234399047e-10   -1.2687755475e-08    7.8216902284e-09    5.0318256787e-09    2.2088117015e-10    5.6097169110e-09
   5.3800000    1.9313622529e-08   -2.6270176067e-09    7.5060427378e-10   -1.2740233121e-08    7.8135976779e-09    5.0595007424e-09    2.2459925864e-10    5.6164226225e-09
   5.3900000    2.0522470638e-08   -3.1387711927e-09    5.3923515559e-10   -1.2782678491e-08    7.7990312124e-09    5.0874949646e-09    2.2824553384e-10    5.6231013116e-09
   5.4000000    2.0937899277e-08   -3.3093483806e-09    3.3115377376e-10   -1.2812023589e-08    7.7782868857e-09    5.1154884895e-09    2.3181518303e-10    5.6297384940e-09
   5.4100000    2.0544930302e-08   -3.1337755133e-09    1.2912732537e-10   -1.2825145811e-08    7.7517472125e-09    5.1431534260e-09    2.3530195171e-10    5.6363276398e-09
   5.4200000    1.9374063876e-08   -2.6245207693e-09   -6.4225294926e-11   -1.2819031808e-08    7.7198804645e-09    5.1701324933e-09    2.3870414009e-10    5.6428608004e-09
   5.4300000    1.7499264868e-08   -1.8106885209e-09   -2.4650154937e-10   -1.2790972327e-08    7.6832069062e-09    5.1960959217e-09    2.4201733457e-10    5.6493262559e-09
   5.4400000    1.5033677380e-08   -7.3641177953e-10   -4.1551794369e-10   -1.2738687200e-08    7.6423429441e-09    5.2206915141e-09    2.4523977249e-10    5.6557169076e-09
   5.4500000    1.2123108795e-08    5.4159207328e-10   -5.6938620991e-10   -1.2660461079e-08    7.5979484009e-09    5.2436119529e-09    2.4836520010e-10    5.6620217420e-09
   5.4600000    8.9378451848e-09    1.9570061610e-09   -7.0650373132e-10   -1.2555310320e-08    7.5507456553e-09    5.2645536291e-09    2.5139256902e-10    5.6682342689e-09
   5.4700000    5.6630392010e-09    3.4374554581e-09   -8.2563096069e-10   -1.2423000105e-08    7.5015054639e-09    5.2832364461e-09    2.5431886097e-10    5.6743460069e-09
   5.4800000    2.4883472657e-09    4.9082910226e-09   -9.2586518726e-10   -1.2264178739e-08    7.4510224215e-09    5.2994549117e-09    2.5714156733e-10    5.6803449934e-09
   5.4900000   -4.0260804680e-10    6.2964364952e-09   -1.0066931797e-09   -1.2080321121e-08    7.4001201304e-09    5.3130093896e-09    2.5985721192e-10    5.6862307444e-09
   5.5000000   -2.8424267025e-09    7.5341944373e-09   -1.0679764451e-09   -1.1873750833e-08    7.3496300997e-09    5.3237547226e-09    2.6246773725e-10    5.6919910685e-09
   5.5100000   -4.6891815580e-09    8.5626535995e-09   -1.1099493814e-09   -1.1647609167e-08    7.3003902954e-09    5.3316099841e-09    2.6497111835e-10    5.6976179771e-09
   5.5200000   -5.8341987439e-09    9.3345977479e-09   -1.1332070699e-09   -1.1405697818e-08    7.2532226296e-09    5.3365586671e-09    2.6736393888e-10    5.7031091564e-09
   5.5300000   -6.2080216809e-09    9.8168384044e-09   -1.1387128445e-09   -1.1152438086e-08    7.2089375251e-09    5.3386191890e-09    2.6964603472e-10    5.7084557293e-09
   5.5400000   -5.7841122690e-09    9.9917619582e-09   -1.1277235299e-09   -1.0892662176e-08    7.1683066814e-09    5.3378881971e-09    2.7181501881e-10    5.7136525764e-09
   5.5500000   -4.5802490659e-09    9.8579889099e-09   -1.1017765065e-09   -1.0631464600e-08    7.1320422020e-09    5.3345163404e-09    2.7387545734e-10    5.7186962008e-09
   5.5600000   -2.6573642371e-09    9.4302405603e-09   -1.0626450690e-09   -1.0374099549e-08    7.1008266277e-09    5.3287058696e-09    2.7582652946e-10    5.7235779390e-09
   5.5700000   -1.1615940404e-10    8.7383435780e-09   -1.0123181457e-09   -1.0125708601e-08    7.0752522029e-09    5.3207143010e-09    2.7766498320e-10    5.7282998496e-09
   5.5800000    2.9086380436e-09    7.8254292764e-09   -9.5289154262e-10   -9.8912375828e-09    7.0558540839e-09    5.3108382680e-09    2.7939627194e-10    5.7328514381e-09
   5.5900000    6.2557302789e-09    6.7454497317e-09   -8.8654094776e-10   -9.6752475625e-09    7.0430735833e-09    5.2994221757e-09    2.8101583920e-10    5.7372337553e-09
   5.6000000    9.7462216598e-09    5.5602334141e-09   -8.1546205445e-10   -9.4817872117e-09    7.0372574904e-09    5.2868471119e-09    2.8253025959e-10    5.7414395178e-09
   5.6100000    1.3193454632e-08    4.3360856712e-09   -7.4184401866e-10   -9.3143073968e-09    7.0386655175e-09    5.2735142449e-09    2.8393668755e-10    5.7454703575e-09
   5.6200000    1.6413239509e-08    3.1401931891e-09   -6.6776320783e-10   -9.1755508241e-09    7.0474488687e-09    5.2598401111e-09    2.8523967080e-10    5.7493241015e-09
   5.6300000    1.9233947357e-08    2.0371551724e-09   -5.9518310295e-10   -9.0675632936e-09    7.0636487111e-09    5.2462514106e-09    2.8644034147e-10    5.7530003793e-09
   5.6400000    2.1505765856e-08    1.0854917833e-09   -5.2589925451e-10   -8.9916423574e-09    7.0871961905e-09    5.2331822660e-09    2.8754376007e-10    5.7564963192e-09
   5.6500000    2.3108778740e-08    3.3476018125e-10   -4.6147296650e-10   -8.9483845511e-09    7.1179323984e-09    5.2210284438e-09    2.8854651438e-10    5.7598117977e-09
   5.6600000    2.3959334279e-08   -1.7701129362e-10   -4.0325552009e-10   -8.9377247381e-09    7.1555658977e-09    5.2101909553e-09    2.8945533140e-10    5.7629455583e-09
   5.6700000    2.4014386090e-08   -4.2510445100e-10   -3.5232830282e-10   -8.9589927087e-09    7.1997216526e-09    5.2010184437e-09    2.9026932536e-10    5.7658990913e-09
   5.6800000    2.3273523058e-08   -3.9920194286e-10   -3.0949945895e-10   -9.0110497390e-09    7.2499228802e-09    5.1938359269e-09    2.9099262614e-10    5.7686730166e-09
   5.6900000    2.1778786460e-08   -1.0376197957e-10   -2.7531167199e-10   -9.0923492322e-09    7.3055944537e-09    5.1889050044e-09    2.9162964833e-10    5.7712723996e-09
   5.7000000    1.9612049476e-08    4.4247169962e-10   -2.5001666551e-10   -9.2010481660e-09    7.3660865701e-09    5.1864491890e-09    2.9218035922e-10    5.7736988242e-09
   5.7100000    1.6890266011e-08    1.2077781493e-09   -2.3362213937e-10   -9.3351392684e-09    7.4306717984e-09    5.1866252522e-09    2.9265006159e-10    5.7759521480e-09
   5.7200000    1.3758879326e-08    2.1491971351e-09   -2.2584826946e-10   -9.4925338887e-09    7.4985385345e-09    5.1895191123e-09    2.9303891602e-10    5.7780333854e-09
   5.7300000    1.0383766184e-08    3.2150144644e-09   -2.2619441294e-10   -9.6711386362e-09    7.5688559088e-09    5.1951471208e-09    2.9335414704e-10    5.7799463622e-09
   5.7400000    6.9420016983e-09    4.3477186835e-09   -2.3395498649e-10   -9.8689221226e-09    7.6407311289e-09    5.2034685445e-09    2.9359383154e-10    5.7816987553e-09
   5.7500000    3.6123161691e-09    5.4870087289e-09   -2.4824065257e-10   -1.0083987092e-08    7.7132627000e-09    5.2143533188e-09    2.9376313836e-10    5.7832913587e-09
   5.7600000    5.6539219340e-10    6.5730295008e-09   -2.6798834468e-10   -1.0314540042e-08    7.7855231025e-09    5.2276311816e-09    2.9387121266e-10    5.7847313640e-09
   5.7700000   -2.0452029368e-09    7.5495584032e-09   -2.9203856610e-10   -1.0558921592e-08    7.8566028044e-09    5.2430605782e-09    2.9391147358e-10    5.7860189232e-09
   5.7800000   -4.0910690492e-09    8.3667895857e-09   -3.1913732761e-10   -1.0815594997e-08    7.9256109970e-09    5.2603305315e-09    2.9389380155e-10    5.7871622846e-09
   5.7900000   -5.4754874856e-09    8.9838723220e-09   -3.4797797461e-10   -1.1083050545e-08    7.9916929542e-09    5.2790805781e-09    2.9382001974e-10    5.7881674457e-09
   5.8000000   -6.1382891535e-09    9.3708161197e-09   -3.7723227617e-10   -1.1359815978e-08    8.0540286122e-09    5.2989207660e-09    2.9369327860e-10    5.7890392212e-09
   5.8100000   -6.0584522517e-09    9.5098795564e-09   -4.0557536449e-10   -1.1644330181e-08    8.1118849452e-09    5.3194186477e-09    2.9351073112e-10    5.7897820721e-09
   5.8200000   -5.2546111322e-09    9.3962245632e-09   -4.3177162725e-10   -1.1934910558e-08    8.1645848989e-09    5.3401139717e-09    2.9328681426e-10    5.7904031732e-09
   5.8300000   -3.7835788218e-09    9.0378506280e-09   -4.5464754824e-10   -1.2229643290e-08    8.2115610449e-09    5.3605312219e-09    2.9301357672e-10    5.7909076203e-09
   5.8400000   -1.7364601323e-09    8.4549539682e-09   -4.7313581545e-10   -1.2526352910e-08    8.2523264606e-09    5.3802015329e-09    2.9269702013e-10    5.7913028316e-09
   5.8500000    7.6680308921e-10    7.6785829344e-09   -4.8628001446e-10   -1.2822521193e-08    8.2865147849e-09    5.3986673181e-09    2.9234366530e-10    5.7915959725e-09
   5.8600000    3.5843586148e-09    6.7488281553e-09   -4.9329899296e-10   -1.3115279903e-08    8.3138749788e-09    5.4154692931e-09    2.9195160503e-10    5.7917947010e-09
   5.8700000    6.5606361793e-09    5.7124554799e-09   -4.9357060724e-10   -1.3401397417e-08    8.3342745131e-09    5.4302071312e-09    2.9152644631e-10    5.7919022905e-09
   5.8800000    9.5348933243e-09    4.6204115052e-09   -4.8662773596e-10   -1.3677266903e-08    8.3477090211e-09    5.4425073837e-09    2.9106876810e-10    5.7919276902e-09
   5.8900000    1.2350142237e-08    3.5250952757e-09   -4.7220519916e-10   -1.3938986809e-08    8.3543050820e-09    5.4520398092e-09    2.9058057240e-10    5.7918794346e-09
   5.9000000    1.4861490653e-08    2.4776433559e-09   -4.5021464215e-10   -1.4182403962e-08    8.3542964507e-09    5.4585503301e-09    2.9006436124e-10    5.7917651269e-09
   5.9100000    1.6943812933e-08    1.5253832686e-09   -4.2074104694e-10   -1.4403233163e-08    8.3480658700e-09    5.4618434945e-09    2.8952388752e-10    5.7915876817e-09
   5.9200000    1.8498054411e-08    7.0953218063e-10   -3.8403854187e-10   -1.4597142335e-08    8.3360873368e-09    5.4617951864e-09    2.8895727449e-10    5.7913569481e-09
   5.9300000    1.9456099145e-08    6.3303146631e-11   -3.4052945127e-10   -1.4759911989e-08    8.3189624960e-09    5.4583616553e-09    2.8837061240e-10    5.7910783158e-09
   5.9400000    1.9783679130e-08   -3.8943600590e-10   -2.9076378114e-10   -1.4887601231e-08    8.2973838077e-09    5.4515706367e-09    2.8776085789e-10    5.7907636497e-09
   5.9500000    1.9481551655e-08   -6.3511925693e-10   -2.3545056577e-10   -1.4976680388e-08    8.2721353705e-09    5.4415399794e-09    2.8713346520e-10    5.7904139739e-09
   5.9600000    1.8584582266e-08   -6.7071290197e-10   -1.7536910068e-10   -1.5024199116e-08    8.2440744006e-09    5.4284534830e-09    2.8648830594e-10    5.7900420810e-09
   5.9700000    1.7158966645e-08   -5.0346244381e-10   -1.1141552383e-10   -1.5027967247e-08    8.2141278459e-09    5.4125849973e-09    2.8582485236e-10    5.7896470516e-09
   5.9800000    1.5297895604e-08   -1.5011109060e-10   -4.4548969825e-11   -1.4986656549e-08    8.1832504266e-09    5.3942641107e-09    2.8514603467e-10    5.7892426904e-09
   5.9900000    1.3115671809e-08    3.6442409381e-10    2.4207768299e-11   -1.4899943784e-08    8.1524372732e-09    5.3738995343e-09    2.8445056399e-10    5.7888310454e-09
   6.0000000    1.0740955201e-08    1.0086902723e-09    9.3812571617e-11   -1.4768573591e-08    8.1226839553e-09    5.3519344960e-09    2.8374160737e-10    5.7884210686e-09
   6.0100000    8.3092982249e-09    1.7465576993e-09    1.6317997160e-10   -1.4594482626e-08    8.0949908025e-09    5.3288885728e-09    2.8301690804e-10    5.7880179427e-09
   6.0200000    5.9554942602e-09    2.5394127481e-09    2.3122741767e-10   -1.4380745142e-08    8.0703085488e-09    5.3052947694e-09    2.8228143868e-10    5.7876254890e-09
   6.0300000    3.8061270131e-09    3.3482212131e-09    2.9687537011e-10   -1.4131572162e-08    8.0495663398e-09    5.2817205191e-09    2.8153256200e-10    5.7872530596e-09
   6.0400000    1.9728183935e-09    4.1356229473e-09    3.5904871048e-10   -1.3852288279e-08    8.0336215436e-09    5.2587463939e-09    2.8077257138e-10    5.7869010032e-09
   6.0500000    5.4650827990e-10    4.8678026556e-09    4.1671248717e-10   -1.3549196375e-08    8.0232487847e-09    5.2369559234e-09    2.8000104626e-10    5.7865791716e-09
   6.0600000   -4.0702072255e-10    5.5160076384e-09    4.6884320381e-10   -1.3229426352e-08    8.0191319862e-09    5.2169259162e-09    2.7921728645e-10    5.7862916847e-09
   6.0700000   -8.5011685222e-10    6.0578443536e-09    5.1446407034e-10   -1.2900787563e-08    8.0218604078e-09    5.1992084853e-09    2.7842120344e-10    5.7860428503e-09
   6.0800000   -7.7447015063e-10    6.4780298593e-09    5.5266430096e-10   -1.2571533369e-08    8.0318740942e-09    5.1843125943e-09    2.7761494422e-10    5.7858356634e-09
   6.0900000   -2.0074122902e-10    6.7688445394e-09    5.8256768507e-10   -1.2250144657e-08    8.0495110895e-09    5.1727135158e-09    2.7680068550e-10    5.7856737439e-09
   6.1000000    8.2349455698e-10    6.9299631243e-09    6.0338131819e-10   -1.1945086861e-08    8.0749633655e-09    5.1648237896e-09    2.7597601535e-10    5.7855659169e-09
   6.1100000    2.2270827227e-09    6.9680390295e-09    6.1439413824e-10   -1.1664531128e-08    8.1082868234e-09    5.1610068066e-09    2.7514088658e-10    5.7855090776e-09
   6.1200000    3.9201406320e-09    6.8958607543e-09    6.1496813302e-10   -1.1416125285e-08    8.1493755912e-09    5.1615363139e-09    2.7429289213e-10    5.7855119064e-09
   6.1300000    5.7995975594e-09    6.7311619328e-09    6.0460681576e-10   -1.1206778522e-08    8.1980022981e-09    5.1666299839e-09    2.7343607094e-10    5.7855728387e-09
   6.1400000    7.7553355197e-09    6.4952719009e-09    5.8289036441e-10   -1.1042381488e-08    8.2537840620e-09    5.1764159654e-09    2.7256819406e-10    5.7856993413e-09
   6.1500000    9.6765526293e-09    6.2115878749e-09    5.4956873779e-10   -1.0927688790e-08    8.3162069926e-09    5.1909314985e-09    2.7168998282e-10    5.7858897078e-09
   6.1600000    1.1458206374e-08    5.9040883886e-09    5.0452303146e-10   -1.0866093999e-08    8.3846205314e-09    5.2101404007e-09    2.7080272339e-10    5.7861470047e-09
   6.1700000    1.3006458539e-08    5.5957649176e-09    4.4783230729e-10   -1.0859613866e-08    8.4582656599e-09    5.2339248550e-09    2.6990390616e-10    5.7864724598e-09
   6.1800000    1.4243777758e-08    5.3073625958e-09    3.7971404385e-10   -1.0908726068e-08    8.5362737452e-09    5.2620837261e-09    2.6899568070e-10    5.7868708986e-09
   6.1900000    1.5112747927e-08    5.0561920998e-09    3.0057893022e-10   -1.1012425313e-08    8.6176772356e-09    5.2943359915e-09    2.6807723959e-10    5.7873374192e-09
   6.2000000    1.5578531442e-08    4.8553024208e-09    2.1105062306e-10   -1.1168220700e-08    8.7014422008e-09    5.3303548501e-09    2.6714858663e-10    5.7878762095e-09
   6.2100000    1.5630241966e-08    4.7128950292e-09    1.1194294075e-10   -1.1372244800e-08    8.7864826342e-09    5.3697277880e-09    2.6621132633e-10    5.7884892584e-09
   6.2200000    1.5280645515e-08    4.6321901199e-09    4.2513254982e-12   -1.1619348032e-08    8.8716573306e-09    5.4120012504e-09    2.6526567554e-10    5.7891745472e-09
   6.2300000    1.4564680805e-08    4.6113992957e-09   -1.1083270203e-10   -1.1903290780e-08    8.9558122826e-09    5.4566802951e-09    2.6431197964e-10    5.7899345611e-09
   6.2400000    1.3536732849e-08    4.6442399152e-09   -2.3193579534e-10   -1.2216923457e-08    9.0377922722e-09    5.5032387529e-09    2.6334943627e-10    5.7907629945e-09
   6.2500000    1.2266867087e-08    4.7206090622e-09   -3.5751403303e-10   -1.2552405835e-08    9.1164725464e-09    5.5511169214e-09    2.6237846270e-10    5.7916669326e-09
   6.2600000    1.0836318728e-08    4.8274038869e-09   -4.8589510237e-10   -1.2901435237e-08    9.1907585300e-09    5.5997641047e-09    2.6140122006e-10    5.7926397287e-09
   6.2700000    9.3324748067e-09    4.9496480698e-09   -6.1525340221e-10   -1.3255503179e-08    9.2596138169e-09    5.6486115014e-09    2.6042004724e-10    5.7936835548e-09
   6.2800000    7.8437576586e-09    5.0715659820e-09   -7.4368808092e-10   -1.3606146555e-08    9.3220844467e-09    5.6971137251e-09    2.5943323841e-10    5.7947969219e-09
   6.2900000    6.4544961459e-09    5.1776895852e-09   -8.6921382124e-10   -1.3945114314e-08    9.3773096657e-09    5.7447506044e-09    2.5844109804e-10    5.7959783046e-09
   6.3000000    5.2403347267e-09    5.2539387777e-09   -9.8982068176e-10   -1.4264660616e-08    9.4245386035e-09    5.7910159879e-09    2.5745085415e-10    5.7972276064e-09
   6.3100000    4.2641384202e-09    5.2885653321e-09   -1.1034470720e-09   -1.4557683002e-08    9.4631411813e-09    5.8354540117e-09    2.5645546770e-10    5.7985355597e-09
   6.3200000    3.5730421821e-09    5.2728502561e-09   -1.2081139847e-09   -1.4817892888e-08    9.4926194550e-09    5.8776565476e-09    2.5546227512e-10    5.7999098655e-09
   6.3300000    3.1961802857e-09    5.2016808838e-09   -1.3018590504e-09   -1.5039963832e-08    9.5126173232e-09    5.9172686916e-09    2.5446877163e-10    5.8013410734e-09
   6.3400000    3.1437396381e-09    5.0738052108e-09   -1.3828080798e-09   -1.5219602364e-08    9.5229301043e-09    5.9539835063e-09    2.5347568649e-10    5.8028308785e-09
   6.3500000    3.4071217040e-09    4.8918697354e-09   -1.4492056660e-09   -1.5353610606e-08    9.5235028936e-09    5.9875665128e-09    2.5248826042e-10    5.8043780845e-09
   6.3600000    3.9600586539e-09    4.6621839171e-09   -1.4994447114e-09   -1.5439943251e-08    9.5144357743e-09    6.0178358286e-09    2.5150758383e-10    5.8059779062e-09
   6.3700000    4.7608218680e-09    4.3943114792e-09   -1.5320904682e-09   -1.5477647788e-08    9.4959645615e-09    6.0446829873e-09    2.5053031088e-10    5.8076275140e-09
   6.3800000    5.7551290743e-09    4.1004049190e-09   -1.5459208663e-09   -1.5466904869e-08    9.4684918872e-09    6.0680449272e-09    2.4956596929e-10    5.8093238778e-09
   6.3900000    6.8797376750e-09    3.7944227730e-09   -1.5399236384e-09   -1.5408921332e-08    9.4325460779e-09    6.0879377182e-09    2.4861023577e-10    5.8110664615e-09
   6.4000000    8.0663826590e-09    3.4913076788e-09   -1.5133518282e-09   -1.5305873036e-08    9.3887913262e-09    6.1044197600e-09    2.4766487850e-10    5.8128495550e-09
   6.4100000    9.2458595499e-09    3.2060740852e-09   -1.4656998102e-09   -1.5160839407e-08    9.3380036174e-09    6.1176040107e-09    2.4673867511e-10    5.8146754844e-09
   6.4200000    1.0351953897e-08    2.9529323009e-09   -1.3967558232e-09   -1.4977683684e-08    9.2810608750e-09    6.1276466275e-09    2.4582661265e-10    5.8165338144e-09
   6.4300000    1.1325160801e-08    2.7444551040e-09   -1.3066062218e-09   -1.4760937145e-08    9.2189321687e-09    6.1347402552e-09    2.4493389532e-10    5.8184315272e-09
   6.4400000    1.2115767407e-08    2.5909779036e-09   -1.1956571972e-09   -1.4515741671e-08    9.1526718780e-09    6.1391178730e-09    2.4406333250e-10    5.8203569920e-09
   6.4500000    1.2686276788e-08    2.4999862120e-09   -1.0646147843e-09   -1.4247718537e-08    9.0833667415e-09    6.1410222929e-09    2.4321663996e-10    5.8223125666e-09
   6.4600000    1.3013082264e-08    2.4758530024e-09   -9.1450921510e-10   -1.3962871621e-08    9.0121513177e-09    6.1407329826e-09    2.4239186934e-10    5.8242937320e-09
   6.4700000    1.3087283702e-08    2.5196422708e-09   -7.4668016727e-10   -1.3667505901e-08    8.9401749546e-09    6.1385172037e-09    2.4159409041e-10    5.8262997632e-09
   6.4800000    1.2914549608e-08    2.6291850744e-09   -5.6278688083e-10   -1.3368121787e-08    8.8685867476e-09    6.1346574760e-09    2.4082651744e-10    5.8283238662e-09
   6.4900000    1.2514354393e-08    2.7993354374e-09   -3.6479331280e-10   -1.3071337861e-08    8.7985199695e-09    6.1294277597e-09    2.4009197442e-10    5.8303679374e-09
   6.5000000    1.1918181081e-08    3.0223176970e-09   -1.5494120887e-10   -1.2783817786e-08    8.7310631130e-09    6.1230894825e-09    2.3938915282e-10    5.8324284045e-09
   6.5100000    1.1167455373e-08    3.2882595567e-09    6.4245544864e-11   -1.2512188972e-08    8.6672444484e-09    6.1158872004e-09    2.3872071920e-10    5.8345028314e-09
   6.5200000    1.0310762504e-08    3.5858610808e-09    2.9000210570e-10   -1.2262941562e-08    8.6080396069e-09    6.1080475513e-09    2.3809270513e-10    5.8365871099e-09
   6.5300000    9.4009181462e-09    3.9029822744e-09    5.1935448709e-10   -1.2042375800e-08    8.5543269116e-09    6.0997759051e-09    2.3750339358e-10    5.8386818267e-09
   6.5400000    8.4918771208e-09    4.2273737759e-09    7.4912336882e-10   -1.1856493177e-08    8.5068966334e-09    6.0912352603e-09    2.3695663892e-10    5.8407854775e-09
   6.5500000    7.6358053590e-09    4.5472924559e-09    9.7600313371e-10   -1.1710911366e-08    8.4664259561e-09    6.0825729912e-09    2.3644966658e-10    5.8428971511e-09
   6.5600000    6.8802627343e-09    4.8520629466e-09    1.1965840934e-09   -1.1610784890e-08    8.4334659674e-09    6.0738992255e-09    2.3599291259e-10    5.8450097104e-09
   6.5700000    6.2659026275e-09    5.1325369108e-09    1.4073996743e-09   -1.1560688336e-08    8.4084709888e-09    6.0653049726e-09    2.3557966231e-10    5.8471274984e-09
   6.5800000    5.8246137534e-09    5.3814683636e-09    1.6049448288e-09   -1.1564512795e-08    8.3917540540e-09    6.0568521585e-09    2.3521725265e-10    5.8492471785e-09
   6.5900000    5.5781527508e-09    5.5936720045e-09    1.7858036003e-09   -1.1625357563e-08    8.3835113151e-09    6.0485606272e-09    2.3490454537e-10    5.8513699229e-09
   6.6000000    5.5375633747e-09    5.7661924236e-09    1.9466138037e-09   -1.1745420725e-08    8.3838026796e-09    6.0404555986e-09    2.3464135998e-10    5.8534914938e-09
   6.6100000    5.7030207948e-09    5.8980773264e-09    2.0841970439e-09   -1.1925889762e-08    8.3925735771e-09    6.0325293574e-09    2.3443150625e-10    5.8556075551e-09
   6.6200000    6.0643977583e-09    5.9903755919e-09    2.1955459936e-09   -1.2166868425e-08    8.4096345787e-09    6.0247611360e-09    2.3427877281e-10    5.8577266687e-09
   6.6300000    6.6022369503e-09    6.0457594967e-09    2.2779150034e-09   -1.2467226341e-08    8.4347049439e-09    6.0171280557e-09    2.3417882709e-10    5.8598432460e-09
   6.6400000    7.2892052679e-09    6.0682098903e-09    2.3288928426e-09   -1.2824588395e-08    8.4673835690e-09    6.0095917171e-09    2.3413725761e-10    5.8619557640e-09
   6.6500000    8.0918131575e-09    6.0626282062e-09    2.3464153704e-09   -1.3235268218e-08    8.5071945268e-09    6.0021282682e-09    2.3415073149e-10    5.8640692700e-09
   6.6600000    8.9724024358e-09    6.0344449713e-09    2.3288139348e-09   -1.3694231791e-08    8.5535533823e-09    5.9947030192e-09    2.3422585533e-10    5.8661794267e-09
   6.6700000    9.8911173863e-09    5.9892753406e-09    2.2748813469e-09   -1.4195103995e-08    8.6058279008e-09    5.9873032755e-09    2.3435211072e-10    5.8682865057e-09
   6.6800000    1.0807874086e-08    5.9324924702e-09    2.1839099148e-09   -1.4730221366e-08    8.6633142298e-09    5.9799305777e-09    2.3454301808e-10    5.8703934664e-09
   6.6900000    1.1684199063e-08    5.8690777307e-09    2.0557144962e-09   -1.5290685195e-08    8.7252755153e-09    5.9725869902e-09    2.3479496174e-10    5.8724961913e-09
   6.7000000    1.2484806412e-08    5.8033474612e-09    1.8906743155e-09   -1.5866508299e-08    8.7909300266e-09    5.9653136669e-09    2.3510530991e-10    5.8746008700e-09
   6.7100000    1.3178938209e-08    5.7388340525e-09    1.6897212896e-09   -1.6446709129e-08    8.8594877224e-09    5.9581657965e-09    2.3547638055e-10    5.8767061650e-09
   6.7200000    1.3741261572e-08    5.6782685986e-09    1.4544096390e-09   -1.7019584473e-08    8.9301595334e-09    5.9512188737e-09    2.3590336424e-10    5.8788138441e-09
   6.7300000    1.4152535275e-08    5.6235949043e-09    1.1868730774e-09   -1.7572879759e-08    9.0021397095e-09    5.9445594013e-09    2.3639328162e-10    5.8809200055e-09
   6.7400000    1.4399950728e-08    5.5760980028e-09    8.8983613941e-10   -1.8094074410e-08    9.0746864334e-09    5.9383048286e-09    2.3693940050e-10    5.8830328262e-09
   6.7500000    1.4476990334e-08    5.5365457220e-09    5.6660017231e-10   -1.8570638567e-08    9.1470484021e-09    5.9326047721e-09    2.3754690334e-10    5.8851485180e-09
   6.7600000    1.4383206864e-08    5.5053020640e-09    2.2102192599e-10   -1.8990364404e-08    9.2185349345e-09    5.9276031736e-09    2.3821571952e-10    5.8872708638e-09
   6.7700000    1.4123776572e-08    5.4825153526e-09   -1.4253838931e-10   -1.9341690693e-08    9.2885059456e-09    5.9234725876e-09    2.3893931547e-10    5.8893998157e-09
   6.7800000    1.3708683235e-08    5.4682660586e-09   -5.1924721619e-10   -1.9614000240e-08    9.3563798332e-09    5.9203889068e-09    2.3972206521e-10    5.8915361008e-09
   6.7900000    1.3152181512e-08    5.4626822381e-09   -9.0385378878e-10   -1.9797928871e-08    9.4216288779e-09    5.9185343197e-09    2.4055850572e-10    5.8936861056e-09
   6.8000000    1.2471955271e-08    5.4660126729e-09   -1.2907898478e-09   -1.9885696483e-08    9.4838100420e-09    5.9180899306e-09    2.4145279588e-10    5.8958476319e-09
   6.8100000    1.1688337124e-08    5.4785792501e-09   -1.6742095805e-09   -1.9871346343e-08    9.5425400275e-09    5.9192475307e-09    2.4240183177e-10    5.8980214871e-09
   6.8200000    1.0823736710e-08    5.5007830481e-09   -2.0480914164e-09   -1.9751005666e-08    9.5975186909e-09    5.9221618263e-09    2.4340412370e-10    5.9002120261e-09
   6.8300000    9.9019532827e-09    5.5329281115e-09   -2.4063174792e-09   -1.9523059521e-08    9.6485046375e-09    5.9270020970e-09    2.4445707828e-10    5.9024203469e-09
   6.8400000    8.9477625742e-09    5.5751280534e-09   -2.7427888839e-09   -1.9188282513e-08    9.6953639385e-09    5.9338986461e-09    2.4556263651e-10    5.9046480542e-09
   6.8500000    7.9864227369e-09    5.6271192930e-09   -3.0515326351e-09   -1.8749960351e-08    9.7379864965e-09    5.9429640510e-09    2.4672186942e-10    5.9068968647e-09
   6.8600000    7.0434158844e-09    5.6880105684e-09   -3.3267977889e-09   -1.8213865546e-08    9.7763795334e-09    5.9542787816e-09    2.4792423963e-10    5.9091648325e-09
   6.8700000    6.1440985078e-09    5.7561545732e-09   -3.5631302382e-09   -1.7588228687e-08    9.8105822288e-09    5.9679020192e-09    2.4917732820e-10    5.9114628738e-09
   6.8800000    5.3134055472e-09    5.8289783577e-09   -3.7555377770e-09   -1.6883644058e-08    9.8407128745e-09    5.9838551664e-09    2.5047386442e-10    5.9137845021e-09
   6.8900000    4.5755709414e-09    5.9028817527e-09   -3.8995696715e-09   -1.6112863014e-08    9.8669313910e-09    6.0021108931e-09    2.5181363499e-10    5.9161316961e-09
   6.9000000    3.9537715891e-09    5.9732223500e-09   -3.9913479031e-09   -1.5290581597e-08    9.8894610459e-09    6.0226142843e-09    2.5319894682e-10    5.9185088885e-09
   6.9100000    3.4696551530e-09    6.0344083729e-09   -4.0277215104e-09   -1.4433120393e-08    9.9085502479e-09    6.0452730732e-09    2.5462774131e-10    5.9209178595e-09
   6.9200000    3.1428345481e-09    6.0800508777e-09   -4.0063527033e-09   -1.3558108670e-08    9.9245020307e-09    6.0699626712e-09    2.5609421910e-10    5.9233571412e-09
   6.9300000    2.9902303401e-09    6.1031644232e-09   -3.9257279306e-09   -1.2684097196e-08    9.9376225487e-09    6.0965073536e-09    2.5760019057e-10    5.9258311923e-09
   6.9400000    3.0254241767e-09    6.0966062786e-09   -3.7852203983e-09   -1.1830149196e-08    9.9482716762e-09    6.1247027159e-09    2.5914515190e-10    5.9283374806e-09
   6.9500000    3.2578325556e-09    6.0533965976e-09   -3.5851805637e-09   -1.1015390366e-08    9.9568022700e-09    6.1543235709e-09    2.6072798887e-10    5.9308837846e-09
   6.9600000    3.6920213182e-09    5.9672731270e-09   -3.3268938013e-09   -1.0258593103e-08    9.9635842977e-09    6.1851202537e-09    2.6234496854e-10    5.9334632325e-09
   6.9700000    4.3269089761e-09    5.8331643225e-09   -3.0126353405e-09   -9.5777621163e-09    9.9689872990e-09    6.2168004968e-09    2.6399837204e-10    5.9360831489e-09
   6.9800000    5.1551508404e-09    5.6476674724e-09   -2.6456402916e-09   -8.9896611565e-09    9.9733939343e-09    6.2490823364e-09    2.6567744574e-10    5.9387352893e-09
   6.9900000    6.1626984571e-09    5.4094836003e-09   -2.2300727394e-09   -8.5094895402e-09    9.9771496279e-09    6.2816552344e-09    2.6739377066e-10    5.9414311364e-09
   7.0000000    7.3285060770e-09    5.1198829445e-09   -1.7710002777e-09   -8.1504582498e-09    9.9806170204e-09    6.3142099860e-09    2.6913869014e-10    5.9441661483e-09
   7.0100000    8.6245890940e-09    4.7828688804e-09   -1.2743323228e-09   -7.9235622112e-09    9.9841211696e-09    6.3464414630e-09    2.7091493526e-10    5.9469414016e-09
   7.0200000    1.0016326212e-08    4.4054633267e-09   -7.4674409077e-10   -7.8372451349e-09    9.9879860830e-09    6.3780502170e-09    2.7272052396e-10    5.9497543323e-09
   7.0300000    1.1463126354e-08    3.9975927003e-09   -1.9559784033e-10   -7.8972329826e-09    9.9924908416e-09    6.4087568773e-09    2.7455533272e-10    5.9526096671e-09
   7.0400000    1.2919508903e-08    3.5719363370e-09    3.7115632369e-10   -8.1063910076e-09    9.9979012670e-09    6.4382891920e-09    2.7641701310e-10    5.9555020558e-09
   7.0500000    1.4336421713e-08    3.1436763019e-09    9.4512245867e-10   -8.4646328163e-09    1.0004458363e-08    6.4664094176e-09    2.7830844779e-10    5.9584343326e-09
   7.0600000    1.5662933908e-08    2.7299111667e-09    1.5175426811e-09   -8.9689181822e-09    1.0012361666e-08    6.4929180721e-09    2.8022270683e-10    5.9614055139e-09
   7.0700000    1.6848069806e-08    2.3490357828e-09    2.0794432805e-09   -9.6132882078e-09    1.0021789374e-08    6.5176337244e-09    2.8216738178e-10    5.9644160848e-09
   7.0800000    1.7843054062e-08    2.0199759722e-09    2.6217959960e-09   -1.0388963987e-08    1.0032885219e-08    6.5404150501e-09    2.8413826719e-10    5.9674659445e-09
   7.0900000    1.8603275202e-08    1.7613551038e-09    3.1356236731e-09   -1.1284518663e-08    1.0045758255e-08    6.5611811194e-09    2.8613270585e-10    5.9705500844e-09
   7.1000000    1.9090558649e-08    1.5905332440e-09    3.6121942687e-09   -1.2286078958e-08    1.0060486027e-08    6.5798717895e-09    2.8815666503e-10    5.9736719523e-09
   7.1100000    1.9275111371e-08    1.5227445935e-09    4.0431294435e-09   -1.3377583477e-08    1.0077114472e-08    6.5964705977e-09    2.9020281292e-10    5.9768259380e-09
   7.1200000    1.9137290481e-08    1.5702554216e-09    4.4205467135e-09   -1.4541063496e-08    1.0095650650e-08    6.6110239323e-09    2.9227586512e-10    5.9800156211e-09
   7.1300000    1.8668953516e-08    1.7414850949e-09    4.7372461692e-09   -1.5756966455e-08    1.0116080748e-08    6.6236011163e-09    2.9437582491e-10    5.9832403587e-09
   7.1400000    1.7874442741e-08    2.0404791315e-09    4.9867776775e-09   -1.7004533499e-08    1.0138350951e-08    6.6343215122e-09    2.9650085581e-10    5.9864917224e-09
   7.1500000    1.6771069861e-08    2.4663761071e-09    5.1635932982e-09   -1.8262121661e-08    1.0162371160e-08    6.6433357897e-09    2.9865398527e-10    5.9897757520e-09
   7.1600000    1.5388895979e-08    3.0131819603e-09    5.2631656220e-09   -1.9507640604e-08    1.0188040442e-08    6.6508360149e-09    3.0083120577e-10    5.9930846366e-09
   7.1700000    1.3770176395e-08    3.6697247865e-09    5.2820762418e-09   -2.0718883885e-08    1.0215216739e-08    6.6570348685e-09    3.0303620008e-10    5.9964191999e-09
   7.1800000    1.1967941225e-08    4.4198363267e-09    5.2180741712e-09   -2.1873942919e-08    1.0243739675e-08    6.6621801425e-09    3.0527759625e-10    5.9997754947e-09
   7.1900000    1.0044225700e-08    5.2427588784e-09    5.0701573911e-09   -2.2951595528e-08    1.0273423022e-08    6.6665347535e-09    3.0754135289e-10    6.0031560883e-09
   7.2000000    8.0678362329e-09    6.1139209188e-09    4.8385861596e-09   -2.3931651806e-08    1.0304047554e-08    6.6703703446e-09    3.0983508920e-10    6.0065523319e-09
   7.2100000    6.1116294000e-09    7.0056697742e-09    4.5249704359e-09   -2.4795314687e-08    1.0335379792e-08    6.6739760112e-09    3.1215822492e-10    6.0099673151e-09
   7.2200000    4.2495817724e-09    7.8883387624e-09    4.1321666734e-09   -2.5525539862e-08    1.0367169439e-08    6.6776325132e-09    3.1450891976e-10    6.0133970619e-09
   7.2300000    2.5537769808e-09    8.7313842158e-09    3.6643697780e-09   -2.6107297319e-08    1.0399147931e-08    6.6816241768e-09    3.1689527640e-10    6.0168379784e-09
   7.2400000    1.0912576136e-09    9.5045849337e-09    3.1269853747e-09   -2.6527904227e-08    1.0431030401e-08    6.6862094224e-09    3.1930983529e-10    6.0202898881e-09
   7.2500000   -7.8694825584e-11    1.0179324827e-08    2.5266299645e-09   -2.6777214365e-08    1.0462531069e-08    6.6916567716e-09    3.2176054665e-10    6.0237488126e-09
   7.2600000   -9.0740544931e-10    1.0729681881e-08    1.8710033778e-09   -2.6847894677e-08    1.0493346837e-08    6.6981895011e-09    3.2424409548e-10    6.0272124562e-09
   7.2700000   -1.3588076678e-09    1.1133565958e-08    1.1688499416e-09   -2.6735545444e-08    1.0523176765e-08    6.7060016445e-09    3.2675863259e-10    6.0306790327e-09
   7.2800000   -1.4111903620e-09    1.1373727657e-08    4.2979993927e-10   -2.6438860138e-08    1.0551715858e-08    6.7152811237e-09    3.2930914200e-10    6.0341461307e-09
   7.2900000   -1.0582555893e-09    1.1438462877e-08   -3.3572003234e-10   -2.5959695219e-08    1.0578663144e-08    6.7261532765e-09    3.3189435142e-10    6.0376107366e-09
   7.3000000   -3.0949049677e-10    1.1322132479e-08   -1.1166691537e-09   -2.5303124895e-08    1.0603726513e-08    6.7387208753e-09    3.3451292636e-10    6.0410704742e-09
   7.3100000    8.1005940335e-10    1.1025564908e-08   -1.9014919058e-09   -2.4477425490e-08    1.0626635392e-08    6.7530444323e-09    3.3717038780e-10    6.0445240355e-09
   7.3200000    2.2608527188e-09    1.0556004953e-08   -2.6783365353e-09   -2.3493991774e-08    1.0647127696e-08    6.7691365427e-09    3.3986560563e-10    6.0479691960e-09
   7.3300000    3.9903184075e-09    9.9269049375e-09   -3.4351900170e-09   -2.2367250209e-08    1.0664949381e-08    6.7869709954e-09    3.4259524640e-10    6.0513988846e-09
   7.3400000    5.9351519664e-09    9.1575257302e-09   -4.1600240921e-09   -2.1114462993e-08    1.0679895558e-08    6.8064951322e-09    3.4536566297e-10    6.0548156458e-09
   7.3500000    8.0237842460e-09    8.2721655575e-09   -4.8410545951e-09   -1.9755535581e-08    1.0691777837e-08    6.8275878355e-09    3.4816535857e-10    6.0582189554e-09
   7.3600000    1.0179429700e-08    7.2992623245e-09   -5.4668457529e-09   -1.8312708218e-08    1.0700440338e-08    6.8501045640e-09    3.5100845137e-10    6.0616007720e-09
   7.3700000    1.2323213803e-08    6.2704140647e-09   -6.0265307702e-09   -1.6810265865e-08    1.0705772991e-08    6.8738672118e-09    3.5388480488e-10    6.0649668918e-09
   7.3800000    1.4377374882e-08    5.2191481325e-09   -6.5099662834e-09   -1.5274127138e-08    1.0707696225e-08    6.8986655348e-09    3.5680067871e-10    6.0683105820e-09
   7.3900000    1.6268404726e-08    4.1796699954e-09   -6.9079469673e-09   -1.3731460511e-08    1.0706189897e-08    6.9242578714e-09    3.5975105505e-10    6.0716285834e-09
   7.4000000    1.7929966557e-08    3.1857065385e-09   -7.2122995399e-09   -1.2210204680e-08    1.0701264635e-08    6.9503814309e-09    3.6273546041e-10    6.0749245372e-09
   7.4100000    1.9305455532e-08    2.2691898451e-09   -7.4161265568e-09   -1.0738606916e-08    1.0692982282e-08    6.9767521575e-09    3.6575515995e-10    6.0781902000e-09
   7.4200000    2.0350081979e-08    1.4592255550e-09   -7.5138604472e-09   -9.3446801178e-09    1.0681451705e-08    7.0030695388e-09    3.6881012531e-10    6.0814337439e-09
   7.4300000    2.1032434517e-08    7.8102668969e-10   -7.5014291473e-09   -8.0557080249e-09    1.0666844624e-08    7.0290432167e-09    3.7190053981e-10    6.0846414616e-09
   7.4400000    2.1335475886e-08    2.5515451053e-10   -7.3763549664e-09   -6.8977097126e-09    1.0649379067e-08    7.0543605609e-09    3.7502185436e-10    6.0878236132e-09
   7.4500000    2.1256845602e-08   -1.0317706358e-10   -7.1378529902e-09   -5.8948812953e-09    1.0629316381e-08    7.0787323922e-09    3.7817289439e-10    6.0909711552e-09
   7.4600000    2.0808627769e-08   -2.8449310879e-10   -6.7868226384e-09   -5.0691307592e-09    1.0606961590e-08    7.1018720526e-09    3.8135717812e-10    6.0940861164e-09
   7.4700000    2.0016406656e-08   -2.8529067444e-10   -6.3259912256e-09   -4.4395615261e-09    1.0582667697e-08    7.1235088770e-09    3.8456689243e-10    6.0971683023e-09
   7.4800000    1.8917946340e-08   -1.0803377055e-10   -5.7597951230e-09   -4.0220258760e-09    1.0556838739e-08    7.1433996028e-09    3.8780545750e-10    6.1002174068e-09
   7.4900000    1.7561272171e-08    2.3909775102e-10   -5.0944471259e-09   -3.8287486727e-09    1.0529898490e-08    7.1613245323e-09    3.9106771404e-10    6.1032328659e-09
   7.5000000    1.6002448789e-08    7.4262773126e-10   -4.3378530741e-09   -3.8679980963e-09    1.0502320455e-08    7.1770885618e-09    3.9435389006e-10    6.1062125602e-09
   7.5100000    1.4303173284e-08    1.3843659321e-09   -3.4994701871e-09   -4.1437814015e-09    1.0474590380e-08    7.1905455059e-09    3.9766337892e-10    6.1091582931e-09
   7.5200000    1.2528078367e-08    2.1421239832e-09   -2.5902497460e-09   -4.6557180246e-09    1.0447212573e-08    7.2015889840e-09    4.0098902824e-10    6.1120700627e-09
   7.5300000    1.0742231112e-08    2.9906268891e-09   -1.6224916501e-09   -5.3989125403e-09    1.0420716786e-08    7.2101359366e-09    4.0433573056e-10    6.1149476051e-09
   7.5400000    9.0085141629e-09    3.9023883844e-09   -6.0966366652e-10   -6.3639378431e-09    1.0395626999e-08    7.2161601143e-09    4.0769077954e-10    6.1177890335e-09
   7.5500000    7.3853782205e-09    4.8487208786e-09    4.3383979004e-10   -7.5369752143e-09    1.0372460939e-08    7.2196863757e-09    4.1106093634e-10    6.1205982749e-09
   7.5600000    5.9248157357e-09    5.8006457359e-09    1.4928387834e-09   -8.8999565049e-09    1.0351744642e-08    7.2207697702e-09    4.1444416953e-10    6.1233727907e-09
   7.5700000    4.6707205198e-09    6.7298815774e-09    2.5516592174e-09   -1.0430908077e-08    1.0333968537e-08    7.2195175346e-09    4.1783143132e-10    6.1261156916e-09
   7.5800000    3.6576182271e-09    7.6097215106e-09    3.5943630133e-09   -1.2104256030e-08    1.0319601489e-08    7.2160786121e-09    4.2122316089e-10    6.1288242968e-09
   7.5900000    2.9098653522e-09    8.4157545336e-09    4.6049890155e-09   -1.3891330633e-08    1.0309088129e-08    7.2106393116e-09    4.2461738281e-10    6.1315036265e-09
   7.6000000    2.4413423875e-09    9.1266052868e-09    5.5678248617e-09   -1.5760919522e-08    1.0302820809e-08    7.2034313535e-09    4.2800770539e-10    6.1341507673e-09
   7.6100000    2.2555491502e-09    9.7244856063e-09    6.4676811271e-09   -1.7679821372e-08    1.0301142445e-08    7.1947045768e-09    4.3139704314e-10    6.1367680949e-09
   7.6200000    2.3460329838e-09    1.0195586103e-08    7.2900971070e-09   -1.9613559737e-08    1.0304358876e-08    7.1847462567e-09    4.3477530808e-10    6.1393581675e-09
   7.6300000    2.6972741930e-09    1.0530379516e-08    8.0216269225e-09   -2.1527029158e-08    1.0312698321e-08    7.1738679839e-09    4.3814413057e-10    6.1419179696e-09
   7.6400000    3.2858349087e-09    1.0723671635e-08    8.6500305398e-09   -2.3385212313e-08    1.0326320073e-08    7.1624024307e-09    4.4149779648e-10    6.1444535969e-09
   7.6500000    4.0817756883e-09    1.0774710816e-08    9.1645102009e-09   -2.5153898748e-08    1.0345343557e-08    7.1506825400e-09    4.4483598077e-10    6.1469651224e-09
   7.6600000    5.0500418254e-09    1.0686952314e-08    9.5558545844e-09   -2.6800396024e-08    1.0369794188e-08    7.1390580898e-09    4.4815332988e-10    6.1494504347e-09
   7.6700000    6.1522135313e-09    1.0467762812e-08    9.8166308659e-09   -2.8294176582e-08    1.0399646365e-08    7.1278717779e-09    4.5144500960e-10    6.1519167860e-09
   7.6800000    7.3480136530e-09    1.0128123241e-08    9.9412724915e-09   -2.9607548689e-08    1.0434773640e-08    7.1174636549e-09    4.5471181192e-10    6.1543570840e-09
   7.6900000    8.5968419305e-09    9.6821271193e-09    9.9262209792e-09   -3.0716152659e-08    1.0475007467e-08    7.1081578615e-09    4.5794873055e-10    6.1567803768e-09
   7.7000000    9.8592049474e-09    9.1463922864e-09    9.7699409129e-09   -3.1599510000e-08    1.0520079755e-08    7.1002483132e-09    4.6115397833e-10    6.1591837995e-09
   7.7100000    1.1097951865e-08    8.5395398690e-09    9.4730125701e-09   -3.2241399698e-08    1.0569678751e-08    7.0940200938e-09    4.6432075384e-10    6.1615697788e-09
   7.7200000    1.2279322951e-08    7.8815432170e-09    9.0380844560e-09   -3.2630186443e-08    1.0623427246e-08    7.0897090921e-09    4.6745074598e-10    6.1639396518e-09
   7.7300000    1.3373712001e-08    7.1930896526e-09    8.4698501917e-09   -3.2759028424e-08    1.0680883346e-08    7.0875267252e-09    4.7053753175e-10    6.1662975912e-09
   7.7400000    1.4356288471e-08    6.4949407753e-09    7.7750414865e-09   -3.2626009931e-08    1.0741543953e-08    7.0876319932e-09    4.7357919700e-10    6.1686408208e-09
   7.7500000    1.5207271931e-08    5.8073453932e-09    6.9622679506e-09   -3.2234129378e-08    1.0804870505e-08    7.0901562187e-09    4.7657230207e-10    6.1709749444e-09
   7.7600000    1.5912109007e-08    5.1494151232e-09    6.0419302409e-09   -3.1591200155e-08    1.0870291953e-08    7.0951575131e-09    4.7951576887e-10    6.1732954488e-09
   7.7700000    1.6461324631e-08    4.5386732876e-09    5.0260940003e-09   -3.0709731216e-08    1.0937194045e-08    7.1026517663e-09    4.8240536622e-10    6.1756094234e-09
   7.7800000    1.6850321723e-08    3.9905589544e-09    3.9282992853e-09   -2.9606600379e-08    1.1004943685e-08    7.1126177348e-09    4.8524023059e-10    6.1779151149e-09
   7.7900000    1.7079010568e-08    3.5180746461e-09    2.7633918358e-09   -2.8302704558e-08    1.1072888299e-08    7.1249646436e-09    4.8801649784e-10    6.1802151532e-09
   7.8000000    1.7151202360e-08    3.1315039539e-09    1.5473245920e-09   -2.6822550176e-08    1.1140389488e-08    7.1395565262e-09    4.9073249944e-10    6.1825071642e-09
   7.8100000    1.7074143021e-08    2.8381664864e-09    2.9689509908e-10   -2.5193782447e-08    1.1206795541e-08    7.1562126724e-09    4.9338358311e-10    6.1847927902e-09
   7.8200000    1.6857929575e-08    2.6423850484e-09   -9.7045761537e-10   -2.3446619953e-08    1.1271469085e-08    7.1747001833e-09    4.9596843970e-10    6.1870759816e-09
   7.8300000    1.6514895768e-08    2.5453973808e-09   -2.2368830711e-09   -2.1613330363e-08    1.1333806399e-08    7.1947404100e-09    4.9848651299e-10    6.1893568723e-09
   7.8400000    1.6059001038e-08    2.5454494795e-09   -3.4844075268e-09   -1.9727578020e-08    1.1393228387e-08    7.2160339175e-09    5.0093799322e-10    6.1916362485e-09
   7.8500000    1.5505417053e-08    2.6380402921e-09   -4.6951506172e-09   -1.7823891759e-08    1.1449186883e-08    7.2382239915e-09    5.0331608218e-10    6.1939120149e-09
   7.8600000    1.4870024063e-08    2.8160430929e-09   -5.8516347301e-09   -1.5936986375e-08    1.1501182319e-08    7.2609570018e-09    5.0562285905e-10    6.1961889358e-09
   7.8700000    1.4169018363e-08    3.0700982874e-09   -6.9370111421e-09   -1.4101219473e-08    1.1548782893e-08    7.2838323314e-09    5.0785636353e-10    6.1984647979e-09
   7.8800000    1.3418607839e-08    3.3889483930e-09   -7.9353062517e-09   -1.2349972820e-08    1.1591607230e-08    7.3064573390e-09    5.1001105782e-10    6.2007401831e-09
   7.8900000    1.2634815624e-08    3.7598483144e-09   -8.8316797754e-09   -1.0715100121e-08    1.1629327681e-08    7.3284282229e-09    5.1208774751e-10    6.2030174855e-09
   7.9000000    1.1833253274e-08    4.1689985406e-09   -9.6126496617e-09   -9.2264355655e-09    1.1661701507e-08    7.3493509630e-09    5.1408900208e-10    6.2052912379e-09
   7.9100000    1.1029051094e-08    4.6020832511e-09   -1.0266311177e-08   -7.9112004799e-09    1.1688530834e-08    7.3688311431e-09    5.1600866649e-10    6.2075683873e-09
   7.9200000    1.0236753044e-08    5.0446290002e-09   -1.0782547986e-08   -6.7936999196e-09    1.1709724804e-08    7.3865093161e-09    5.1784803871e-10    6.2098433022e-09
   7.9300000    9.4702840770e-09    5.4825230335e-09   -1.1153152786e-08   -5.8947865793e-09    1.1725243974e-08    7.4020441063e-09    5.1960757344e-10    6.2121196338e-09
   7.9400000    8.7428919592e-09    5.9023970758e-09   -1.1372018046e-08   -5.2316120071e-09    1.1735128003e-08    7.4151280364e-09    5.2128192923e-10    6.2143971616e-09
   7.9500000    8.0671198258e-09    6.2920554994e-09   -1.1435257212e-08   -4.8172715061e-09    1.1739481933e-08    7.4255047263e-09    5.2287490285e-10    6.2166741690e-09
   7.9600000    7.4547768846e-09    6.6407222762e-09   -1.1341247241e-08   -4.6606029781e-09    1.1738516439e-08    7.4329499870e-09    5.2438746480e-10    6.2189502801e-09
   7.9700000    6.9168293492e-09    6.9394723557e-09   -1.1090730251e-08   -4.7659883778e-09    1.1732473095e-08    7.4373119910e-09    5.2581654418e-10    6.2212251702e-09
   7.9800000    6.4633241528e-09    7.1812910608e-09   -1.0686768691e-08   -5.1332722456e-09    1.1721670999e-08    7.4384705071e-09    5.2715931556e-10    6.2234955445e-09
   7.9900000    6.1033063464e-09    7.3613273914e-09   -1.0134774988e-08   -5.7576952748e-09    1.1706494954e-08    7.4363843709e-09    5.2842189974e-10    6.2257654185e-09
   8.0000000    5.8446051987e-09    7.4769094075e-09   -9.4424282975e-09   -6.6299391931e-09    1.1687388044e-08    7.4310661100e-09    5.2959797837e-10    6.2280325687e-09
   8.0100000    5.6937164500e-09    7.5275741512e-09   -8.6195671176e-09   -7.7362198233e-09    1.1664831839e-08    7.4225910491e-09    5.3069489461e-10    6.2302973255e-09
   8.0200000    5.6555391673e-09    7.5150078601e-09   -7.6780665568e-09   -9.0584773084e-09    1.1639357077e-08    7.4110906096e-09    5.3170327991e-10    6.2325582985e-09
   8.0300000    5.7331885953e-09    7.4429180572e-09   -6.6316698722e-09   -1.0574609689e-08    1.1611538350e-08    7.3967600502e-09    5.3262958871e-10    6.2348106868e-09
   8.0400000    5.9279010617e-09    7.3168693385e-09   -5.4957791616e-09   -1.2258802604e-08    1.1581970268e-08    7.3798665534e-09    5.3347535680e-10    6.2370578897e-09
   8.0500000    6.2386720953e-09    7.1440347764e-09   -4.2872193429e-09   -1.4081923992e-08    1.1551278739e-08    7.3607019300e-09    5.3423788813e-10    6.2392984696e-09
   8.0600000    6.6622572259e-09    6.9329910231e-09   -3.0240123097e-09   -1.6012007691e-08    1.1520084899e-08    7.3396336459e-09    5.3491141026e-10    6.2415298260e-09
   8.0700000    7.1929431525e-09    6.6933837775e-09   -1.7250472618e-09   -1.8014746716e-08    1.1489041059e-08    7.3170467521e-09    5.3551053533e-10    6.2437563192e-09
   8.0800000    7.8225201747e-09    6.4356278403e-09   -4.0984166135e-10   -2.0054131778e-08    1.1458773289e-08    7.2933829975e-09    5.3602552051e-10    6.2459687294e-09
   8.0900000    8.5403164564e-09    6.1706156254e-09    9.0178466026e-10   -2.2093064351e-08    1.1429910654e-08    7.2690999163e-09    5.3646010434e-10    6.2481727053e-09
   8.1000000    9.3332420709e-09    5.9093494303e-09    2.1900248601e-09   -2.4094025777e-08    1.1403066928e-08    7.2446761295e-09    5.3681489419e-10    6.2503611484e-09
   8.1100000    1.0185911052e-08    5.6626505412e-09    3.4354028272e-09   -2.6019819708e-08    1.1378823277e-08    7.2206117033e-09    5.3708863820e-10    6.2525390135e-09
   8.1200000    1.1080887402e-08    5.4408834883e-09    4.6190463803e-09   -2.7834247620e-08    1.1357725715e-08    7.1974074189e-09    5.3728584737e-10    6.2547034296e-09
   8.1300000    1.1999038306e-08    5.2536266349e-09    5.7230241881e-09   -2.9502863311e-08    1.1340294221e-08    7.1755459349e-09    5.3739972690e-10    6.2568525132e-09
   8.1400000    1.2919835362e-08    5.1094668195e-09    6.7306011385e-09   -3.0993663580e-08    1.1326982915e-08    7.1555217704e-09    5.3743921516e-10    6.2589843834e-09
   8.1500000    1.3821946384e-08    5.0156834651e-09    7.6265066942e-09   -3.2277729020e-08    1.1318212610e-08    7.1377823954e-09    5.3740193130e-10    6.2611037392e-09
   8.1600000    1.4683657848e-08    4.9780913738e-09    8.3972001284e-09   -3.3329894116e-08    1.1314337176e-08    7.1227623958e-09    5.3728756696e-10    6.2632047423e-09
   8.1700000    1.5483460720e-08    5.0008965466e-09    9.0310377947e-09   -3.4129248620e-08    1.1315652390e-08    7.1108509785e-09    5.3709871430e-10    6.2652864788e-09
   8.1800000    1.6200669457e-08    5.0865134485e-09    9.5185038369e-09   -3.4659619631e-08    1.1322386322e-08    7.1024092102e-09    5.3683418352e-10    6.2673507361e-09
   8.1900000    1.6816017279e-08    5.2354784145e-09    9.8523477509e-09   -3.4909996471e-08    1.1334704686e-08    7.0977386919e-09    5.3649495119e-10    6.2693954549e-09
   8.2000000    1.7312302893e-08    5.4464036778e-09    1.0027683791e-08   -3.4874699574e-08    1.1352702149e-08    7.0970847849e-09    5.3608169668e-10    6.2714175522e-09
   8.2100000    1.7674919837e-08    5.7159617178e-09    1.0042091637e-08   -3.4553638890e-08    1.1376383342e-08    7.1006557433e-09    5.3559753664e-10    6.2734210664e-09
   8.2200000    1.7892439243e-08    6.0388953535e-09    9.8956616339e-09   -3.3952316968e-08    1.1405703229e-08    7.1085878932e-09    5.3504478399e-10    6.2754039817e-09
   8.2300000    1.7956991917e-08    6.4081513723e-09    9.5909748820e-09   -3.3081724852e-08    1.1440531099e-08    7.1209607563e-09    5.3442224886e-10    6.2773659153e-09
   8.2400000    1.7864647101e-08    6.8149124714e-09    9.1330999882e-09   -3.1958171861e-08    1.1480673852e-08    7.1377991453e-09    5.3372765791e-10    6.2793050916e-09
   8.2500000    1.7615741312e-08    7.2488717300e-09    8.5294899993e-09   -3.0602964673e-08    1.1525855420e-08    7.1590769334e-09    5.3296572576e-10    6.2812189448e-09
   8.2600000    1.7214908395e-08    7.6983901722e-09    7.7898828056e-09   -2.9041983229e-08    1.1575738615e-08    7.1846941984e-09    5.3213872542e-10    6.2831144735e-09
   8.2700000    1.6671148582e-08    8.1508149627e-09    6.9261762395e-09   -2.7305149553e-08    1.1629927833e-08    7.2145143168e-09    5.3124241294e-10    6.2849866666e-09
   8.2800000    1.5997603024e-08    8.5927653480e-09    5.9521974342e-09   -2.5425811100e-08    1.1687958512e-08    7.2483484641e-09    5.3028346874e-10    6.2868383562e-09
   8.2900000    1.5211395878e-08    9.0105277121e-09    4.8835451000e-09   -2.3440115233e-08    1.1749320519e-08    7.2859648553e-09    5.2926335826e-10    6.2886685300e-09
   8.3000000    1.4333096784e-08    9.3904290025e-09    3.7372988224e-09   -2.1386188210e-08    1.1813447185e-08    7.3270929057e-09    5.2817838353e-10    6.2904773649e-09
   8.3100000    1.3386218517e-08    9.7192472008e-09    2.5317588999e-09   -1.9303446317e-08    1.1879734614e-08    7.3714273747e-09    5.2703513191e-10    6.2922628812e-09
   8.3200000    1.2396605747e-08    9.9846748726e-09    1.2861970449e-09   -1.7231776405e-08    1.1947556368e-08    7.4186416603e-09    5.2583315348e-10    6.2940288206e-09
   8.3300000    1.1391608818e-08    1.0175701795e-08    2.0491861819e-11   -1.5210741990e-08    1.2016236684e-08    7.4683851113e-09    5.2456897475e-10    6.2957751408e-09
   8.3400000    1.0399305085e-08    1.0283037412e-08   -1.2451645527e-09   -1.3278793745e-08    1.2085099239e-08    7.5202953427e-09    5.2325202908e-10    6.2975002035e-09
   8.3500000    9.4476315581e-09    1.0299574827e-08   -2.4905840049e-09   -1.1472567694e-08    1.2153452399e-08    7.5740028854e-09    5.2188119846e-10    6.2992080650e-09
   8.3600000    8.5635162463e-09    1.0220572739e-08   -3.6958930807e-09   -9.8261282710e-09    1.2220605809e-08    7.6291423890e-09    5.2045367866e-10    6.3008940142e-09
   8.3700000    7.7719945105e-09    1.0044067770e-08   -4.8419076417e-09   -8.3703829500e-09    1.2285874366e-08    7.6853378224e-09    5.1897908701e-10    6.3025649282e-09
   8.3800000    7.0954131747e-09    9.7709373043e-09   -5.9104077377e-09   -7.1325001819e-09    1.2348591602e-08    7.7422314955e-09    5.1745395016e-10    6.3042192571e-09
   8.3900000    6.5527119139e-09    9.4051116189e-09   -6.8844093707e-09   -6.1354366154e-09    1.2408135942e-08    7.7994830541e-09    5.1588340907e-10    6.3058573353e-09
   8.4000000    6.1587267486e-09    8.9534629952e-09   -7.7484685692e-09   -5.3974896582e-09    1.2463897589e-08    7.8567627997e-09    5.1426678072e-10    6.3074801038e-09
   8.4100000    5.9237700423e-09    8.4256737376e-09   -8.4889375487e-09   -4.9320839433e-09    1.2515314549e-08    7.9137625300e-09    5.1260703780e-10    6.3090880324e-09
   8.4200000    5.8531787130e-09    7.8341174369e-09   -9.0941206695e-09   -4.7474646755e-09    1.2561903670e-08    7.9701955331e-09    5.1090559521e-10    6.3106848643e-09
   8.4300000    5.9471740299e-09    7.1933989339e-09   -9.5544929519e-09   -4.8466817270e-09    1.2603222741e-08    8.0257990154e-09    5.0916757320e-10    6.3122705132e-09
   8.4400000    6.2007386875e-09    6.5199213149e-09   -9.8628536165e-09   -5.2275212307e-09    1.2638910212e-08    8.0803353574e-09    5.0739309593e-10    6.3138459754e-09
   8.4500000    6.6039117379e-09    5.8313900477e-09   -1.0014402581e-08   -5.8826332356e-09    1.2668664935e-08    8.1335801050e-09    5.0558655637e-10    6.3154087646e-09
   8.4600000    7.1418641713e-09    5.1462084529e-09   -1.0006785791e-08   -6.7996824546e-09    1.2692288679e-08    8.1853507722e-09    5.0374832596e-10    6.3169619085e-09
   8.4700000    7.7955544608e-09    4.4827710894e-09   -9.8401535943e-09   -7.9616384541e-09    1.2709655456e-08    8.2354591117e-09    5.0188077647e-10    6.3185071139e-09
   8.4800000    8.5422423966e-09    3.8588735222e-09   -9.5171150483e-09   -9.3471358920e-09    1.2720734296e-08    8.2837541772e-09    4.9999498727e-10    6.3200459018e-09
   8.4900000    9.3561930577e-09    3.2909785238e-09   -9.0426813395e-09   -1.0930861177e-08    1.2725588639e-08    8.3300943099e-09    4.9808215566e-10    6.3215799471e-09
   8.5000000    1.0209543690e-08    2.7936577450e-09   -8.4241520526e-09   -1.2684114457e-08    1.2724362609e-08    8.3743459116e-09    4.9615043286e-10    6.3231099850e-09
   8.5100000    1.1073101861e-08    2.3789949760e-09   -7.6710131270e-09   -1.4575293064e-08    1.2717302922e-08    8.4163926769e-09    4.9420825205e-10    6.3246340002e-09
   8.5200000    1.1917402017e-08    2.0561625959e-09   -6.7947836695e-09   -1.6570556935e-08    1.2704741648e-08    8.4561169610e-09    4.9225001698e-10    6.3261576306e-09
   8.5300000    1.2713559191e-08    1.8310923267e-09   -5.8087517914e-09   -1.8634420996e-08    1.2687100896e-08    8.4934019876e-09    4.9028480853e-10    6.3276759159e-09
   8.5400000    1.3434150245e-08    1.7062160763e-09   -4.7278384140e-09   -2.0730460477e-08    1.2664889486e-08    8.5281362469e-09    4.8831327499e-10    6.3291926595e-09
   8.5500000    1.4054227698e-08    1.6805020470e-09   -3.5683516859e-09   -2.2821958220e-08    1.2638673120e-08    8.5602049025e-09    4.8634018322e-10    6.3307113056e-09
   8.5600000    1.4552002510e-08    1.7494933767e-09   -2.3477002607e-09   -2.4872585877e-08    1.2609108483e-08    8.5894942722e-09    4.8436711960e-10    6.3322271105e-09
   8.5700000    1.4909608499e-08    1.9056480247e-09   -1.0841825445e-09   -2.6847094042e-08    1.2576905440e-08    8.6158754534e-09    4.8240099286e-10    6.3337406105e-09
   8.5800000    1.5113652790e-08    2.1386384898e-09    2.0332638839e-10   -2.8711939235e-08    1.2542820814e-08    8.6392112114e-09    4.8044592035e-10    6.3352614977e-09
   8.5900000    1.5155726217e-08    2.4360023230e-09    1.4956198477e-09   -3.0435911608e-08    1.2507658053e-08    8.6593660260e-09    4.7850068161e-10    6.3367791728e-09
   8.6000000    1.5032657711e-08    2.7836669904e-09    2.7734435389e-09   -3.1990641094e-08    1.2472226244e-08    8.6761892176e-09    4.7657360037e-10    6.3383002087e-09
   8.6100000    1.4746708275e-08    3.1667130925e-09    4.0177935039e-09   -3.3351138993e-08    1.2437384948e-08    8.6895362626e-09    4.7466354167e-10    6.3398227845e-09
   8.6200000    1.4305576981e-08    3.5700886771e-09    5.2101315969e-09   -3.4496230736e-08    1.2403964496e-08    8.6992504490e-09    4.7277827959e-10    6.3413478508e-09
   8.6300000    1.3722225650e-08    3.9793430296e-09    6.3327055923e-09   -3.5408855008e-08    1.2372793481e-08    8.7051880183e-09    4.7091815610e-10    6.3428743835e-09
   8.6400000    1.3014614011e-08    4.3812854936e-09    7.3687736416e-09   -3.6076396692e-08    1.2344692336e-08    8.7071886157e-09    4.6908626406e-10    6.3444025512e-09
   8.6500000    1.2205189123e-08    4.7646510439e-09    8.3028398121e-09   -3.6490796246e-08    1.2320423711e-08    8.7051212085e-09    4.6728943841e-10    6.3459354139e-09
   8.6600000    1.1320363815e-08    5.1205752574e-09    9.1209108005e-09   -3.6648690693e-08    1.2300699345e-08    8.6988559120e-09    4.6552753144e-10    6.3474670147e-09
   8.6700000    1.0389756048e-08    5.4428823985e-09    9.8106434241e-09   -3.6551384080e-08    1.2286171873e-08    8.6882965280e-09    4.6380653494e-10    6.3490006270e-09
   8.6800000    9.4454530628e-09    5.7284163208e-09    1.0361640287e-08   -3.6204761793e-08    1.2277429282e-08    8.6733525345e-09    4.6213034506e-10    6.3505350911e-09
   8.6900000    8.5210400743e-09    5.9769557230e-09    1.0765496451e-08   -3.5619094648e-08    1.2274954249e-08    8.6539778081e-09    4.6049791974e-10    6.3520653181e-09
   8.7000000    7.6506748593e-09    6.1911513239e-09    1.1016015427e-08   -3.4808822319e-08    1.2279137712e-08    8.6301510135e-09    4.5891173262e-10    6.3535998435e-09
   8.7100000    6.8680931898e-09    6.3761349898e-09    1.1109260004e-08   -3.3792183120e-08    1.2290275339e-08    8.6019038884e-09    4.5737829604e-10    6.3551330118e-09
   8.7200000    6.2055753574e-09    6.5391297930e-09    1.1043680781e-08   -3.2590841798e-08    1.2308545027e-08    8.5693001873e-09    4.5589763333e-10    6.3566623752e-09
   8.7300000    5.6929212590e-09    6.6888199986e-09    1.0820115404e-08   -3.1229457159e-08    1.2333993287e-08    8.5324562806e-09    4.5446840007e-10    6.3581886460e-09
   8.7400000    5.3564652641e-09    6.8347033236e-09    1.0441788766e-08   -2.9735192660e-08    1.2366563254e-08    8.4915504939e-09    4.5310392592e-10    6.3597125810e-09
   8.7500000    5.2181334287e-09    6.9863936638e-09    9.9143138036e-09   -2.8137185638e-08    1.2406085111e-08    8.4468023097e-09    4.5179448447e-10    6.3612304478e-09
   8.7600000    5.2946516033e-09    7.1528340988e-09    9.2455602610e-09   -2.6466034065e-08    1.2452241419e-08    8.3985000019e-09    4.5054552116e-10    6.3627448586e-09
   8.7700000    5.5967910669e-09    7.3416753726e-09    8.4455886033e-09   -2.4753201151e-08    1.2504614355e-08    8.3469841985e-09    4.4936103967e-10    6.3642507158e-09
   8.7800000    6.1287912262e-09    7.5586397851e-09    7.5264719600e-09   -2.3030519634e-08    1.2562671835e-08    8.2926599137e-09    4.4824233581e-10    6.3657490551e-09
   8.7900000    6.8879658161e-09    7.8069795661e-09    6.5020970274e-09   -2.1329591012e-08    1.2625763542e-08    8.2359751880e-09    4.4718503296e-10    6.3672375781e-09
   8.8000000    7.8644849443e-09    8.0872590517e-09    5.3879597022e-09   -1.9681289266e-08    1.2693161542e-08    8.1774325985e-09    4.4619581537e-10    6.3687136399e-09
   8.8100000    9.0413528117e-09    8.3970612497e-09    4.2008862970e-09   -1.8115217697e-08    1.2764035576e-08    8.1175933436e-09    4.4527161457e-10    6.3701800478e-09
   8.8200000    1.0394587223e-08    8.7310986121e-09    2.9587686928e-09   -1.6659236476e-08    1.2837500690e-08    8.0570542250e-09    4.4441166097e-10    6.3716337610e-09
   8.8300000    1.1893768567e-08    9.0814102899e-09    1.6802510468e-09   -1.5338997453e-08    1.2912582148e-08    7.9964438457e-09    4.4362158353e-10    6.3730701281e-09
   8.8400000    1.3502631248e-08    9.4376823135e-09    3.8442367345e-10   -1.4177497441e-08    1.2988289792e-08    7.9364157614e-09    4.4289767914e-10    6.3744896135e-09
   8.8500000    1.5180004012e-08    9.7878815204e-09   -9.0950802911e-10   -1.3194757762e-08    1.3063583992e-08    7.8776622003e-09    4.4223593686e-10    6.3758930776e-09
   8.8600000    1.6880952305e-08    1.0118912590e-08   -2.1825588631e-09   -1.2407408767e-08    1.3137437996e-08    7.8208632152e-09    4.4164448053e-10    6.3772744221e-09
   8.8700000    1.8558031270e-08    1.0417366110e-08   -3.4162491568e-09   -1.1828449549e-08    1.3208816562e-08    7.7667012883e-09    4.4111615584e-10    6.3786355315e-09
   8.8800000    2.0162755209e-08    1.0670383766e-08   -4.5929227371e-09   -1.1467008374e-08    1.3276708381e-08    7.7158534949e-09    4.4065380431e-10    6.3799731885e-09
   8.8900000    2.1647235126e-08    1.0866425394e-08   -5.6960609780e-09   -1.1328161739e-08    1.3340154807e-08    7.6689713130e-09    4.4025620464e-10    6.3812882106e-09
   8.9000000    2.2965700302e-08    1.0996037412e-08   -6.7105211149e-09   -1.1412811989e-08    1.3398270532e-08    7.6266730382e-09    4.3991810147e-10    6.3825778189e-09
   8.9100000    2.4076165605e-08    1.1052551392e-08   -7.6227369244e-09   -1.1717666779e-08    1.3450232379e-08    7.5895266552e-09    4.3964153707e-10    6.3838443180e-09
   8.9200000    2.4942057514e-08    1.1032488812e-08   -8.4209572782e-09   -1.2235219298e-08    1.3495321509e-08    7.5580501682e-09    4.3942599402e-10    6.3850814886e-09
   8.9300000    2.5533593737e-08    1.0935970456e-08   -9.0954028712e-09   -1.2953941359e-08    1.3532922737e-08    7.5327006021e-09    4.3926693513e-10    6.3862883075e-09
   8.9400000    2.5829127402e-08    1.0766811285e-08   -9.6383611053e-09   -1.3858370680e-08    1.3562564064e-08    7.5138440342e-09    4.3916589388e-10    6.3874674243e-09
   8.9500000    2.5816122043e-08    1.0532319346e-08   -1.0044273954e-08   -1.4929433103e-08    1.3583886010e-08    7.5017891060e-09    4.3911775548e-10    6.3886166016e-09
   8.9600000    2.5491915624e-08    1.0243077603e-08   -1.0309784474e-08   -1.6144786838e-08    1.3596700653e-08    7.4967353787e-09    4.3912226167e-10    6.3897321260e-09
   8.9700000    2.4864171629e-08    9.9123435681e-09   -1.0433718952e-08   -1.7479205967e-08    1.3600936604e-08    7.4988099786e-09    4.3917826190e-10    6.3908150078e-09
   8.9800000    2.3950833728e-08    9.5552610271e-09   -1.0417076679e-08   -1.8905123497e-08    1.3596712982e-08    7.5080159900e-09    4.3928456899e-10    6.3918602013e-09
   8.9900000    2.2779780322e-08    9.1881241445e-09   -1.0262908854e-08   -2.0393144147e-08    1.3584294208e-08    7.5242822312e-09    4.3943823736e-10    6.3928746019e-09
   9.0000000    2.1388148274e-08    8.8272569112e-09   -9.9762584723e-09   -2.1912678327e-08    1.3564101299e-08    7.5474236745e-09    4.3963841386e-10    6.3938516982e-09
   9.0100000    1.9821097635e-08    8.4881271373e-09   -9.5640087312e-09   -2.3432604259e-08    1.3536698767e-08    7.5771715824e-09    4.3987934410e-10    6.3947913603e-09
   9.0200000    1.8130332213e-08    8.1843474551e-09   -9.0347209894e-09   -2.4921914297e-08    1.3502814523e-08    7.6131528920e-09    4.4016199768e-10    6.3956932019e-09
   9.0300000    1.6372326970e-08    7.9267114663e-09   -8.3984717552e-09   -2.6350448463e-08    1.3463292117e-08    7.6549090848e-09    4.4048684354e-10    6.3965582632e-09
   9.0400000    1.4606213329e-08    7.7225018110e-09   -7.6666310188e-09   -2.7689539801e-08    1.3419122982e-08    7.7019098849e-09    4.4084713429e-10    6.3973850315e-09
   9.0500000    1.2891670697e-08    7.5749428560e-09   -6.8517094982e-09   -2.8912704473e-08    1.3371381423e-08    7.7535349553e-09    4.4124781398e-10    6.3981727045e-09
   9.0600000    1.1286434715e-08    7.4828389118e-09   -5.9670894890e-09   -2.9996181070e-08    1.3321252182e-08    7.8091234556e-09    4.4168140216e-10    6.3989210935e-09
   9.0700000    9.8441014103e-09    7.4405105008e-09   -5.0268361110e-09   -3.0919566187e-08    1.3269989828e-08    7.8679552167e-09    4.4214948820e-10    6.3996328973e-09
   9.0800000    8.6119083508e-09    7.4380610888e-09   -4.0454770768e-09   -3.1666171807e-08    1.3218890158e-08    7.9292763743e-09    4.4265373962e-10    6.4003014240e-09
   9.0900000    7.6286776450e-09    7.4618525994e-09   -3.0378067681e-09   -3.2223458353e-08    1.3169286215e-08    7.9923004555e-09    4.4318570236e-10    6.4009308661e-09
   9.1000000    6.9231627270e-09    7.4952835704e-09   -2.0186203293e-09   -3.2583249810e-08    1.3122524505e-08    8.0562441934e-09    4.4375057381e-10    6.4015237319e-09
   9.1100000    6.5126262719e-09    7.5196780917e-09   -1.0025653036e-09   -3.2741895622e-08    1.3079911134e-08    8.1203296990e-09    4.4434527977e-10    6.4020725816e-09
   9.1200000    6.4020648825e-09    7.5155800891e-09   -3.9045701051e-12   -3.2700277488e-08    1.3042725655e-08    8.1837873246e-09    4.4496520066e-10    6.4025863203e-09
   9.1300000    6.5836601698e-09    7.4638877312e-09    9.6364930880e-10   -3.2463688871e-08    1.3012178060e-08    8.2459021404e-09    4.4561687922e-10    6.4030599924e-09
   9.1400000    7.0370812535e-09    7.3472397024e-09    1.8871194491e-09   -3.2041651938e-08    1.2989382261e-08    8.3059922627e-09    4.4629533081e-10    6.4034953646e-09
   9.1500000    7.7299536704e-09    7.1512426294e-09    2.7544304712e-09   -3.1447544776e-08    1.2975351562e-08    8.3634423091e-09    4.4700391135e-10    6.4038926635e-09
   9.1600000    8.6192598953e-09    6.8656582136e-09    3.5545651493e-09   -3.0698271743e-08    1.2970950010e-08    8.4177301108e-09    4.4774059511e-10    6.4042540476e-09
   9.1700000    9.6528815050e-09    6.4853741085e-09    4.2776953132e-09   -2.9813654792e-08    1.2976904290e-08    8.4683937232e-09    4.4850927990e-10    6.4045797494e-09
   9.1800000    1.0771740488e-08    6.0111024269e-09    4.9152651733e-09   -2.8815970542e-08    1.2993748013e-08    8.5150717277e-09    4.4930374932e-10    6.4048687664e-09
   9.1900000    1.1912281681e-08    5.4498981427e-09    5.4601515973e-09   -2.7729317709e-08    1.3021855712e-08    8.5575154963e-09    4.5012888881e-10    6.4051234410e-09
   9.2000000    1.3009169153e-08    4.8151014296e-09    5.9067032943e-09   -2.6579012388e-08    1.3061389334e-08    8.5955819372e-09    4.5098209510e-10    6.4053443900e-09
   9.2100000    1.3998087984e-08    4.1262412216e-09    6.2508141053e-09   -2.5390946754e-08    1.3112320827e-08    8.6292374238e-09    4.5186866300e-10    6.4055338406e-09
   9.2200000    1.4818638963e-08    3.4082806374e-09    6.4899650354e-09   -2.4191060994e-08    1.3174416009e-08    8.6585490907e-09    4.5278782147e-10    6.4056919549e-09
   9.2300000    1.5417097923e-08    2.6907013333e-09    6.6232439219e-09   -2.3004696760e-08    1.3247218364e-08    8.6837119997e-09    4.5373987466e-10    6.4058182968e-09
   9.2400000    1.5748862559e-08    2.0062047652e-09    6.6513118957e-09   -2.1856178921e-08    1.3330083290e-08    8.7050099339e-09    4.5472361857e-10    6.4059172859e-09
   9.2500000    1.5780776830e-08    1.3892844300e-09    6.5763983097e-09   -2.0768296831e-08    1.3422163872e-08    8.7228438407e-09    4.5574312659e-10    6.4059873967e-09
   9.2600000    1.5492620917e-08    8.7446001857e-10    6.4022425826e-09   -1.9761971644e-08    1.3522427054e-08    8.7376911520e-09    4.5680037379e-10    6.4060298563e-09
   9.2700000    1.4878566345e-08    4.9452182376e-10    6.1340083211e-09   -1.8855945816e-08    1.3629662625e-08    8.7501263474e-09    4.5789332187e-10    6.4060464999e-09
   9.2800000    1.3947601232e-08    2.7877405810e-10    5.7781946467e-09   -1.8066536859e-08    1.3742504762e-08    8.7607677518e-09    4.5902644289e-10    6.4060393612e-09
   9.2900000    1.2723646376e-08    2.5142132960e-10    5.3424955608e-09   -1.7407504788e-08    1.3859467352e-08    8.7703173822e-09    4.6019707626e-10    6.4060117353e-09
   9.3000000    1.1244839604e-08    4.3002410551e-10    4.8357077146e-09   -1.6889957571e-08    1.3978940934e-08    8.7794867845e-09    4.6141572149e-10    6.4059617090e-09
   9.3100000    9.5622690016e-09    8.2429711471e-10    4.2675055975e-09   -1.6522296367e-08    1.4099243643e-08    8.7890254596e-09    4.6267190809e-10    6.4058938088e-09
   9.3200000    7.7381399054e-09    1.4352836390e-09    3.6483555321e-09   -1.6310257635e-08    1.4218618810e-08    8.7996989818e-09    4.6397868388e-10    6.4058083623e-09
   9.3300000    5.8434721331e-09    2.2548848692e-09    2.9892533387e-09   -1.6256933905e-08    1.4335314395e-08    8.8122257380e-09    4.6532612968e-10    6.4057064992e-09
   9.3400000    3.9553094812e-09    3.2658246427e-09    2.3016092221e-09   -1.6362908435e-08    1.4447571554e-08    8.8273182715e-09    4.6672190193e-10    6.4055910052e-09
   9.3500000    2.1536650493e-09    4.4420362872e-09    1.5970172684e-09   -1.6626302018e-08    1.4553655582e-08    8.8456218965e-09    4.6816742880e-10    6.4054594255e-09
   9.3600000    5.1837620507e-10    5.7495980175e-09    8.8707350506e-10   -1.7042935467e-08    1.4651918884e-08    8.8677240359e-09    4.6966129841e-10    6.4053222770e-09
   9.3700000   -8.7423929489e-10    7.1478523555e-09    1.8319588456e-10   -1.7606387848e-08    1.4740799958e-08    8.8941146131e-09    4.7120465725e-10    6.4051720763e-09
   9.3800000   -1.9544735458e-09    8.5912286569e-09   -5.0354646040e-10   -1.8308183225e-08    1.4818890710e-08    8.9251967072e-09    4.7280175072e-10    6.4050150257e-09
   9.3900000   -2.6621994878e-09    1.0030907155e-08   -1.1626192628e-09   -1.9137890809e-08    1.4884921699e-08    8.9612493561e-09    4.7445403984e-10    6.4048493749e-09
   9.4000000   -2.9494009832e-09    1.1417068132e-08   -1.7841754411e-09   -2.0083222495e-08    1.4937811637e-08    9.0024299254e-09    4.7615155164e-10    6.4046776199e-09
   9.4100000   -2.7822826217e-09    1.2700962253e-08   -2.3592126209e-09   -2.1130183190e-08    1.4976694603e-08    9.0487561019e-09    4.7790753026e-10    6.4045068803e-09
   9.4200000   -2.1428337921e-09    1.3837119923e-08   -2.8796460562e-09   -2.2263205461e-08    1.5000929553e-08    9.1001125330e-09    4.7971651007e-10    6.4043325460e-09
   9.4300000   -1.0298214776e-09    1.4785309330e-08   -3.3384855565e-09   -2.3465311405e-08    1.5010116867e-08    9.1562402724e-09    4.8157727795e-10    6.4041574805e-09
   9.4400000    5.4096524198e-10    1.5512460420e-08   -3.7299051291e-09   -2.4718259596e-08    1.5004115176e-08    9.2167283768e-09    4.8348997433e-10    6.4039835778e-09
   9.4500000    2.5371393636e-09    1.5994039249e-08   -4.0492592002e-09   -2.6002747458e-08    1.4983039008e-08    9.2810266484e-09    4.8545501795e-10    6.4038121344e-09
   9.4600000    4.9106111414e-09    1.6215196615e-08   -4.2931974536e-09   -2.7298642685e-08    1.4947278953e-08    9.3484450174e-09    4.8747311439e-10    6.4036480306e-09
   9.4700000    7.5993318097e-09    1.6171459146e-08   -4.4596570947e-09   -2.8585290231e-08    1.4897481610e-08    9.4181655258e-09    4.8954301733e-10    6.4034870257e-09
   9.4800000    1.0529331973e-08    1.5868874673e-08   -4.5478860239e-09   -2.9841709756e-08    1.4834556292e-08    9.4892642165e-09    4.9165825104e-10    6.4033347705e-09
   9.4900000    1.3617489064e-08    1.5323729694e-08   -4.5584281810e-09   -3.1047040514e-08    1.4759656524e-08    9.5607003137e-09    4.9382540399e-10    6.4031894832e-09
   9.5000000    1.6774315939e-08    1.4561763587e-08   -4.4930670032e-09   -3.2180831015e-08    1.4674149612e-08    9.6313632939e-09    4.9603929191e-10    6.4030551027e-09
   9.5100000    1.9907226288e-08    1.3616874028e-08   -4.3548058101e-09   -3.3223447921e-08    1.4579618125e-08    9.7000610364e-09    4.9829829336e-10    6.4029342049e-09
   9.5200000    2.2923772382e-08    1.2529680772e-08   -4.1477832095e-09   -3.4156479847e-08    1.4477826701e-08    9.7655630589e-09    5.0060034116e-10    6.4028234771e-09
   9.5300000    2.5734831812e-08    1.1345455754e-08   -3.8771723975e-09   -3.4963159232e-08    1.4370693777e-08    9.8266202116e-09    5.0294116943e-10    6.4027284818e-09
   9.5400000    2.8257765757e-08    1.0112167585e-08   -3.5490999561e-09   -3.5628746480e-08    1.4260246403e-08    9.8819825602e-09    5.0532056648e-10    6.4026486968e-09
   9.5500000    3.0419147962e-08    8.8782016034e-09   -3.1704892843e-09   -3.6140866766e-08    1.4148611589e-08    9.9304408993e-09    5.0773510914e-10    6.4025870926e-09
   9.5600000    3.2157185275e-08    7.6901729293e-09   -2.7489804067e-09   -3.6489882464e-08    1.4037950527e-08    9.9708205226e-09    5.1018145718e-10    6.4025392828e-09
   9.5700000    3.3423733158e-08    6.5909126041e-09   -2.2927238362e-09   -3.6669159171e-08    1.3930429599e-08    1.0002034018e-08    5.1265456577e-10    6.4025106583e-09
   9.5800000    3.4185712114e-08    5.6175405035e-09   -1.8102742951e-09   -3.6675277025e-08    1.3828186584e-08    1.0023105152e-08    5.1515450776e-10    6.4025047243e-09
   9.5900000    3.4425976765e-08    4.7999600605e-09   -1.3104010276e-09   -3.6508144202e-08    1.3733278778e-08    1.0033171233e-08    5.1767428685e-10    6.4025197410e-09
   9.6000000    3.4143667809e-08    4.1596763234e-09   -8.0195339116e-10   -3.6171062361e-08    1.3647651659e-08    1.0031529182e-08    5.2021147184e-10    6.4025550275e-09
   9.6100000    3.3353901413e-08    3.7090382380e-09   -2.9365987339e-10   -3.5670663040e-08    1.3573102569e-08    1.0017629794e-08    5.2276070622e-10    6.4026188351e-09
   9.6200000    3.2086960242e-08    3.4509692160e-09    2.0601713277e-10   -3.5016802290e-08    1.3511231099e-08    9.9911199171e-09    5.2531758967e-10    6.4027042377e-09
   9.6300000    3.0386998216e-08    3.3791746114e-09    6.8901448706e-10   -3.4222283330e-08    1.3463434071e-08    9.9518321788e-09    5.2787858045e-10    6.4028166636e-09
   9.6400000    2.8310271515e-08    3.4787545372e-09    1.1478575149e-09   -3.3302607279e-08    1.3430837868e-08    9.8998316947e-09    5.3044192506e-10    6.4029571622e-09
   9.6500000    2.5923034622e-08    3.7272877889e-09    1.5757328808e-09   -3.2275549932e-08    1.3414312054e-08    9.8353760831e-09    5.3299510857e-10    6.4031214516e-09
   9.6600000    2.3299232699e-08    4.0961973821e-09    1.9666173170e-09   -3.1160726187e-08    1.3414410185e-08    9.7589442729e-09    5.3553929906e-10    6.4033171554e-09
   9.6700000    2.0517897050e-08    4.5525086082e-09    2.3154023161e-09   -2.9979127585e-08    1.3431398683e-08    9.6712363297e-09    5.3806854934e-10    6.4035419802e-09
   9.6800000    1.7660569550e-08    5.0606529431e-09    2.6179073099e-09   -2.8752593003e-08    1.3465205707e-08    9.5731623302e-09    5.4057129902e-10    6.4037942653e-09
   9.6900000    1.4808659662e-08    5.5844192449e-09    2.8709530620e-09   -2.7503296435e-08    1.3515432020e-08    9.4658357341e-09    5.4305237908e-10    6.4040797753e-09
   9.7000000    1.2041092508e-08    6.0889677408e-09    3.0723663835e-09   -2.6253248533e-08    1.3581376915e-08    9.3505568757e-09    5.4549694439e-10    6.4043958534e-09
   9.7100000    9.4318508459e-09    6.5425347336e-09    3.2209456017e-09   -2.5023790323e-08    1.3662014509e-08    9.2288002320e-09    5.4790714700e-10    6.4047472284e-09
   9.7200000    7.0480312542e-09    6.9181162539e-09    3.3164688793e-09   -2.3835189507e-08    1.3756027726e-08    9.1021845929e-09    5.5027346794e-10    6.4051307692e-09
   9.7300000    4.9481167783e-09    7.1948125862e-09    3.3596205102e-09   -2.2706209707e-08    1.3861818648e-08    8.9724544799e-09    5.5259300904e-10    6.4055474006e-09
   9.7400000    3.1804947642e-09    7.3587504470e-09    3.3519031308e-09   -2.1653844477e-08    1.3977546000e-08    8.8414604768e-09    5.5485866876e-10    6.4059998898e-09
   9.7500000    1.7825332883e-09    7.4037002840e-09    3.2955626234e-09   -2.0693035072e-08    1.4101145677e-08    8.7111139159e-09    5.5706610912e-10    6.4064869499e-09
   9.7600000    7.7984750985e-10    7.3312041121e-09    3.1934703607e-09   -1.9836496981e-08    1.4230398024e-08    8.5833624794e-09    5.5921181072e-10    6.4070097306e-09
   9.7700000    1.8614884903e-10    7.1503350901e-09    3.0490487403e-09   -1.9094627722e-08    1.4362912528e-08    8.4601629736e-09    5.6128665480e-10    6.4075705772e-09
   9.7800000    3.2428203082e-12    6.8770568173e-09    2.8661381978e-09   -1.8475504472e-08    1.4496214735e-08    8.3434424569e-09    5.6328966355e-10    6.4081688766e-09
   9.7900000    2.2148127524e-10    6.5331967923e-09    2.6488794819e-09   -1.7984881590e-08    1.4627804685e-08    8.2350413395e-09    5.6521331700e-10    6.4088018695e-09
   9.8000000    8.2048253752e-10    6.1451153565e-09    2.4016453055e-09   -1.7626302599e-08    1.4755161763e-08    8.1367477857e-09    5.6705180464e-10    6.4094757791e-09
   9.8100000    1.7701374166e-09    5.7422152400e-09    2.1289060374e-09   -1.7401217299e-08    1.4875837717e-08    8.0501767096e-09    5.6880299422e-10    6.4101862500e-09
   9.8200000    3.0317584594e-09    5.3552293654e-09    1.8352011624e-09   -1.7309183561e-08    1.4987471227e-08    7.9767954229e-09    5.7046387778e-10    6.4109366466e-09
   9.8300000    4.5594839370e-09    5.0145396919e-09    1.5250374026e-09   -1.7348016202e-08    1.5087866600e-08    7.9178871711e-09    5.7202830931e-10    6.4117253947e-09
   9.8400000    6.3016994995e-09    4.7485056334e-09    1.2028305431e-09   -1.7514018244e-08    1.5175012654e-08    7.8745099441e-09    5.7349525412e-10    6.4125527134e-09
   9.8500000    8.2026352888e-09    4.5819124969e-09    8.7289759989e-10   -1.7802151379e-08    1.5247153876e-08    7.8474821785e-09    5.7485844228e-10    6.4134167291e-09
   9.8600000    1.0203937355e-08    4.5346687156e-09    5.3938531781e-10   -1.8206241850e-08    1.5302808495e-08    7.8373748408e-09    5.7611593035e-10    6.4143196902e-09
   9.8700000    1.2246229570e-08    4.6207042959e-09    2.0628774033e-10   -1.8719143332e-08    1.5340810450e-08    7.8444892434e-09    5.7726528444e-10    6.4152623098e-09
   9.8800000    1.4270694312e-08    4.8473451756e-09   -1.2260290070e-10   -1.9332878693e-08    1.5360344837e-08    7.8688414958e-09    5.7830221480e-10    6.4162424279e-09
   9.8900000    1.6220465746e-08    5.2148077975e-09   -4.4366152005e-10   -2.0038806641e-08    1.5360955547e-08    7.9101761659e-09    5.7922785067e-10    6.4172588568e-09
   9.9000000    1.8042100603e-08    5.7163997533e-09   -7.5350034535e-10   -2.0827665590e-08    1.5342585905e-08    7.9679423666e-09    5.8003571927e-10    6.4183136548e-09
   9.9100000    1.9686729189e-08    6.3387274071e-09   -1.0489473248e-09   -2.1689702453e-08    1.5305553654e-08    8.0413182924e-09    5.8073247380e-10    6.4194022385e-09
   9.9200000    2.1111266934e-08    7.0625100143e-09   -1.3270523670e-09   -2.2614712163e-08    1.5250589601e-08    8.1292300121e-09    5.8130988395e-10    6.4205290073e-09
   9.9300000    2.2279322066e-08    7.8635623777e-09   -1.5851519756e-09   -2.3592093629e-08    1.5178785471e-08    8.2303396155e-09    5.8176848017e-10    6.4216887786e-09
   9.9400000    2.3162022764e-08    8.7140122938e-09   -1.8208511343e-09   -2.4610920494e-08    1.5091629213e-08    8.3430898585e-09    5.8210966239e-10    6.4228853684e-09
   9.9500000    2.3738639291e-08    9.5837182002e-09   -2.0321075633e-09   -2.5659939763e-08    1.4990944832e-08    8.4657285178e-09    5.8233420730e-10    6.4241136738e-09
   9.9600000    2.3997004344e-08    1.0441719646e-08   -2.2172360250e-09   -2.6727644356e-08    1.4878881176e-08    8.5963380708e-09    5.8244176545e-10    6.4253729645e-09
   9.9700000    2.3933737680e-08    1.1257794729e-08   -2.3749757890e-09   -2.7802332602e-08    1.4757867835e-08    8.7328438490e-09    5.8243272360e-10    6.4266644038e-09
   9.9800000    2.3554331210e-08    1.2003792193e-08   -2.5045126657e-09   -2.8872184851e-08    1.4630575825e-08    8.8730932858e-09    5.8231013061e-10    6.4279836535e-09
   9.9900000    2.2872893213e-08    1.2654903606e-08   -2.6055351397e-09   -2.9925319844e-08    1.4499861927e-08    9.0148531715e-09    5.8207625408e-10    6.4293345140e-09
  10.0000000    2.1911811480e-08    1.3190701502e-08   -2.6782441880e-09   -3.0949957268e-08    1.4368717906e-08    9.1558891019e-09    5.8173374092e-10    6.4307097228e-09
  10.0100000    2.0701154483e-08    1.3595937578e-08   -2.7234022710e-09   -3.1934502084e-08    1.4240238494e-08    9.2939719085e-09    5.8128240399e-10    6.4321142370e-09
  10.0200000    1.9277820756e-08    1.3861031146e-08   -2.7422617108e-09   -3.2867690808e-08    1.4117507828e-08    9.4269406448e-09    5.8072863851e-10    6.4335417886e-09
  10.0300000    1.7684574655e-08    1.3982204334e-08   -2.7366360825e-09   -3.3738757887e-08    1.4003578732e-08    9.5527421802e-09    5.8007511355e-10    6.4349926025e-09
  10.0400000    1.5968904635e-08    1.3961343066e-08   -2.7087858208e-09   -3.4537599747e-08    1.3901402591e-08    9.6694496823e-09    5.7932520654e-10    6.4364629809e-09
  10.0500000    1.4181643132e-08    1.3805586925e-08   -2.6613807594e-09   -3.5254940700e-08    1.3813761233e-08    9.7753306191e-09    5.7848429684e-10    6.4379555918e-09
  10.0600000    1.2375585728e-08    1.3526640343e-08   -2.5974257126e-09   -3.5882503582e-08    1.3743222551e-08    9.8688482999e-09    5.7755923251e-10    6.4394653909e-09
  10.0700000    1.0603895781e-08    1.3139886012e-08   -2.5201332835e-09   -3.6413169057e-08    1.3692058449e-08    9.9487290818e-09    5.7655106202e-10    6.4409937873e-09
  10.0800000    8.9186225549e-09    1.2663285617e-08   -2.4328315938e-09   -3.6841114472e-08    1.3662221289e-08    1.0013948539e-08    5.7546827119e-10    6.4425358877e-09
  10.0900000    7.3690823480e-09    1.2116364693e-08   -2.3387911450e-09   -3.7161949770e-08    1.3655289863e-08    1.0063781003e-08    5.7431623641e-10    6.4440952288e-09
  10.1000000    6.0003800045e-09    1.1519024237e-08   -2.2411094105e-09   -3.7372804905e-08    1.3672403826e-08    1.0097817171e-08    5.7310117282e-10    6.4456625590e-09
  10.1100000    4.8519837863e-09    1.0890526072e-08   -2.1425775905e-09   -3.7472426547e-08    1.3714286718e-08    1.0115949237e-08    5.7183292278e-10    6.4472462706e-09
  10.1200000    3.9565097569e-09    1.0248484176e-08   -2.0455530269e-09   -3.7461186061e-08    1.3781163584e-08    1.0118392422e-08    5.7051316094e-10    6.4488366064e-09
  10.1300000    3.3387171156e-09    9.6082010370e-09   -1.9518005454e-09   -3.7341108115e-08    1.3872802226e-08    1.0105691227e-08    5.6914972590e-10    6.4504413212e-09
  10.1400000    3.0146986904e-09    8.9820455004e-09   -1.8624438978e-09   -3.7115851029e-08    1.3988471323e-08    1.0078689764e-08    5.6775247557e-10    6.4520528280e-09
  10.1500000    2.9913881854e-09    8.3791861524e-09   -1.7778742190e-09   -3.6790634234e-08    1.4126949571e-08    1.0038531655e-08    5.6632638399e-10    6.4536729652e-09
  10.1600000    3.2664204227e-09    7.8055818798e-09   -1.6977184251e-09   -3.6372147877e-08    1.4286552027e-08    9.9866388222e-09    5.6487802324e-10    6.4552968816e-09
  10.1700000    3.8281999278e-09    7.2641060107e-09   -1.6208089000e-09   -3.5868430645e-08    1.4465153182e-08    9.9246786592e-09    5.6341867621e-10    6.4569343159e-09
  10.1800000    4.6565180604e-09    6.7550479118e-09   -1.5452610639e-09   -3.5288719030e-08    1.4660218553e-08    9.8545406492e-09    5.6195447480e-10    6.4585778196e-09
  10.1900000    5.7232622317e-09    6.2766305721e-09   -1.4684954616e-09   -3.4643321764e-08    1.4868826763e-08    9.7782982031e-09    5.6049339778e-10    6.4602214802e-09
  10.2000000    6.9935063656e-09    5.8258340810e-09   -1.3873496852e-09   -3.3943361137e-08    1.5087775752e-08    9.6981629774e-09    5.5904292420e-10    6.4618763777e-09
  10.2100000    8.4268996722e-09    5.3991767128e-09   -1.2982199905e-09   -3.3200622607e-08    1.5313579153e-08    9.6164533330e-09    5.5761092579e-10    6.4635372057e-09
  10.2200000    9.9792280078e-09    4.9935277621e-09   -1.1971918688e-09   -3.2427341434e-08    1.5542561695e-08    9.5355374096e-09    5.5620892754e-10    6.4652042935e-09
  10.2300000    1.1604051209e-08    4.6069025394e-09   -1.0802528663e-09   -3.1635992303e-08    1.5770942709e-08    9.4577937022e-09    5.5484010726e-10    6.4668806810e-09
  10.2400000    1.3254536411e-08    4.2391403208e-09   -9.4342024872e-10   -3.0839058970e-08    1.5994859037e-08    9.3855550523e-09    5.5351915782e-10    6.4685671171e-09
  10.2500000    1.4885132449e-08    3.8923774365e-09   -7.8299307212e-10   -3.0048855376e-08    1.6210495506e-08    9.3210677554e-09    5.5224607657e-10    6.4702636396e-09
  10.2600000    1.6453321301e-08    3.5713189870e-09   -5.9570953799e-10   -2.9277347498e-08    1.6414131992e-08    9.2664420678e-09    5.5103513011e-10    6.4719710733e-09
  10.2700000    1.7921074954e-08    3.2833372307e-09   -3.7891383046e-10   -2.8535928005e-08    1.6602213714e-08    9.2236078375e-09    5.4989103332e-10    6.4736931296e-09
  10.2800000    1.9256186941e-08    3.0382292100e-09   -1.3073225286e-10   -2.7835276498e-08    1.6771468032e-08    9.1942624724e-09    5.4882010815e-10    6.4754307001e-09
  10.2900000    2.0433322184e-08    2.8478582850e-09    1.4981467436e-10   -2.7185219279e-08    1.6918910341e-08    9.1798485628e-09    5.4783401535e-10    6.4771844332e-09
  10.3000000    2.1434526749e-08    2.7253679889e-09    4.6269791282e-10   -2.6594600782e-08    1.7041966796e-08    9.1815194211e-09    5.4693652726e-10    6.4789600991e-09
  10.3100000    2.2249769896e-08    2.6844639221e-09    8.0683005088e-10   -2.6071167765e-08    1.7138469105e-08    9.2000812682e-09    5.4613355495e-10    6.4807586216e-09
  10.3200000    2.2876764126e-08    2.7383960843e-09    1.1800089225e-09   -2.5621477166e-08    1.7206784530e-08    9.2360063772e-09    5.4543463443e-10    6.4825790535e-09
  10.3300000    2.3320491838e-08    2.8988644796e-09    1.5789398981e-09   -2.5250866045e-08    1.7245797852e-08    9.2894136895e-09    5.4484612186e-10    6.4844311075e-09
  10.3400000    2.3592531215e-08    3.1750991629e-09    1.9992645919e-09   -2.4963398748e-08    1.7254962667e-08    9.3600333096e-09    5.4437094771e-10    6.4863109653e-09
  10.3500000    2.3709864199e-08    3.5727774168e-09    2.4356539397e-09   -2.4761842171e-08    1.7234293743e-08    9.4472164839e-09    5.4401491734e-10    6.4882265269e-09
  10.3600000    2.3693617908e-08    4.0932799371e-09    2.8819242273e-09   -2.4647651849e-08    1.7184434189e-08    9.5499580344e-09    5.4378708226e-10    6.4901818334e-09
  10.3700000    2.3567483607e-08    4.7329967593e-09    3.3311188283e-09   -2.4621039268e-08    1.7106605406e-08    9.6669035918e-09    5.4368986643e-10    6.4921764111e-09
  10.3800000    2.3356148261e-08    5.4830651520e-09    3.7757008158e-09   -2.4680961838e-08    1.7002603212e-08    9.7963304682e-09    5.4372602048e-10    6.4942138594e-09
  10.3900000    2.3083582188e-08    6.3291834744e-09    4.2077188872e-09   -2.4825190455e-08    1.6874770606e-08    9.9362484776e-09    5.4390012163e-10    6.4963023694e-09
  10.4000000    2.2771495964e-08    7.2519543465e-09    4.6189803924e-09   -2.5050356643e-08    1.6725964915e-08    1.0084358336e-08    5.4421923241e-10    6.4984451411e-09
  10.4100000    2.2438035711e-08    8.2273885000e-09    5.0012397167e-09   -2.5352061090e-08    1.6559515521e-08    1.0238135155e-08    5.4468561469e-10    6.5006387406e-09
  10.4200000    2.2096538600e-08    9.2277916964e-09    5.3463802284e-09   -2.5724896920e-08    1.6379131142e-08    1.0394869144e-08    5.4530258701e-10    6.5028929795e-09
  10.4300000    2.1754694331e-08    1.0222915818e-08    5.6465807303e-09   -2.6162593183e-08    1.6188879390e-08    1.0551713139e-08    5.4606698404e-10    6.5052122977e-09
  10.4400000    2.1414114278e-08    1.1181172092e-08    5.8945182035e-09   -2.6658073364e-08    1.5993072320e-08    1.0705729014e-08    5.4698690539e-10    6.5075983057e-09
  10.4500000    2.1070233067e-08    1.2071246410e-08    6.0834787768e-09   -2.7203568968e-08    1.5796205756e-08    1.0853941726e-08    5.4806072095e-10    6.5100551295e-09
  10.4600000    2.0712694906e-08    1.2863480825e-08    6.2075363052e-09   -2.7790711444e-08    1.5602851279e-08    1.0993422854e-08    5.4928804624e-10    6.5125821857e-09
  10.4700000    2.0325994462e-08    1.3531460770e-08    6.2616527198e-09   -2.8410609408e-08    1.5417588886e-08    1.1121310449e-08    5.5067308458e-10    6.5151900148e-09
  10.4800000    1.9890696776e-08    1.4053326030e-08    6.2418004088e-09   -2.9054034438e-08    1.5244895903e-08    1.1234907292e-08    5.5220630750e-10    6.5178769917e-09
  10.4900000    1.9384800169e-08    1.4413017506e-08    6.1450254008e-09   -2.9711436526e-08    1.5089070735e-08    1.1331699612e-08    5.5390047019e-10    6.5206474092e-09
  10.5000000    1.8785484785e-08    1.4601086998e-08    5.9695556083e-09   -3.0373141247e-08    1.4954135689e-08    1.1409448466e-08    5.5574784026e-10    6.5235054310e-09
  10.5100000    1.8070939398e-08    1.4615325091e-08    5.7148068676e-09   -3.1029417818e-08    1.4843731355e-08    1.1466201347e-08    5.5774190523e-10    6.5264510172e-09
  10.5200000    1.7222247007e-08    1.4461020265e-08    5.3814191423e-09   -3.1670622613e-08    1.4761081387e-08    1.1500373045e-08    5.5988573753e-10    6.5294854102e-09
  10.5300000    1.6225364072e-08    1.4150681658e-08    4.9713132677e-09   -3.2287326109e-08    1.4708884155e-08    1.1510754967e-08    5.6217600684e-10    6.5326150668e-09
  10.5400000    1.5072700242e-08    1.3703516028e-08    4.4876376669e-09   -3.2870463334e-08    1.4689279310e-08    1.1496565782e-08    5.6460615337e-10    6.5358346782e-09
  10.5500000    1.3764746085e-08    1.3144469692e-08    3.9347546611e-09   -3.3411443529e-08    1.4703754561e-08    1.1457479833e-08    5.6717464500e-10    6.5391497361e-09
  10.5600000    1.2311102102e-08    1.2502947707e-08    3.3182386926e-09   -3.3902324651e-08    1.4753139959e-08    1.1393618801e-08    5.6988174225e-10    6.5425634374e-09
  10.5700000    1.0731263355e-08    1.1811323738e-08    2.6447975655e-09   -3.4335925104e-08    1.4837580291e-08    1.1305577778e-08    5.7271038277e-10    6.5460711284e-09
  10.5800000    9.0548152477e-09    1.1103227559e-08    1.9222371334e-09   -3.4705977990e-08    1.4956490708e-08    1.1194423447e-08    5.7566700413e-10    6.5496724993e-09
  10.5900000    7.3211573850e-09    1.0411804771e-08    1.1593470515e-09   -3.5007301204e-08    1.5108605059e-08    1.1061676892e-08    5.7873901089e-10    6.5533671527e-09
  10.6000000    5.5786495945e-09    9.7679235012e-09    3.6583786444e-10   -3.5235850725e-08    1.5291940552e-08    1.0909297855e-08    5.8192534284e-10    6.5571564997e-09
  10.6100000    3.8832502220e-09    9.1985211606e-09   -4.4778286748e-10   -3.5388896540e-08    1.5503853465e-08    1.0739660673e-08    5.8521445330e-10    6.5610355412e-09
  10.6200000    2.2966492485e-09    8.7252066077e-09   -1.2703237753e-09   -3.5465083562e-08    1.5741079729e-08    1.0555509631e-08    5.8860287743e-10    6.5650051131e-09
  10.6300000    8.8408542212e-10    8.3630957007e-09   -2.0900605800e-09   -3.5464534967e-08    1.5999793265e-08    1.0359915843e-08    5.9208197529e-10    6.5690571034e-09
  10.6400000   -2.8842206697e-10    8.1200324004e-09   -2.8948544822e-09   -3.5388872717e-08    1.6275647834e-08    1.0156229603e-08    5.9564257286e-10    6.5731924185e-09
  10.6500000   -1.1567926467e-09    7.9961872822e-09   -3.6723875259e-09   -3.5241251546e-08    1.6563892559e-08    9.9480197470e-09    5.9928157468e-10    6.5774052438e-09
  10.6600000   -1.6618574840e-09    7.9841736633e-09   -4.4102859518e-09   -3.5026339499e-08    1.6859440742e-08    9.7390041916e-09    6.0298558316e-10    6.5816908021e-09
  10.6700000   -1.7523411824e-09    8.0694419434e-09   -5.0963529116e-09   -3.4750262606e-08    1.7156974311e-08    9.5329832161e-09    6.0674965336e-10    6.5860432481e-09
  10.6800000   -1.3876042865e-09    8.2312859823e-09   -5.7187535706e-09   -3.4420516125e-08    1.7451021485e-08    9.3337720347e-09    6.1056614844e-10    6.5904568424e-09
  10.6900000   -5.4015433186e-10    8.4439619760e-09   -6.2662530433e-09   -3.4045850778e-08    1.7736102548e-08    9.1451462429e-09    6.1442126947e-10    6.5949245314e-09
  10.7000000    8.0223617899e-10    8.6783574127e-09   -6.7284223753e-09   -3.3636116628e-08    1.8006804987e-08    8.9707337419e-09    6.1830917292e-10    6.5994410618e-09
  10.7100000    2.6350582102e-09    8.9036912136e-09   -7.0958688669e-09   -3.3202058956e-08    1.8257923936e-08    8.8139786139e-09    6.2222428609e-10    6.6039972208e-09
  10.7200000    4.9359986098e-09    9.0893759814e-09   -7.3604585472e-09   -3.2755080947e-08    1.8484531220e-08    8.6780338168e-09    6.2615560640e-10    6.6085840930e-09
  10.7300000    7.6646761648e-09    9.2068951060e-09   -7.5155105542e-09   -3.2307047925e-08    1.8682109640e-08    8.5657280300e-09    6.3009148663e-10    6.6131932812e-09
  10.7400000    1.0763116733e-08    9.2316135349e-09   -7.5560040587e-09   -3.1869991035e-08    1.8846627176e-08    8.4795061602e-09    6.3402498526e-10    6.6178146005e-09
  10.7500000    1.4156836531e-08    9.1442483986e-09   -7.4787576771e-09   -3.1455832685e-08    1.8974635964e-08    8.4213510684e-09    6.3794821909e-10    6.6224379858e-09
  10.7600000    1.7756712127e-08    8.9322220096e-09   -7.2825512838e-09   -3.1076116811e-08    1.9063353422e-08    8.3927759863e-09    6.4185285143e-10    6.6270568430e-09
  10.7700000    2.1461503529e-08    8.5905721702e-09   -6.9682822533e-09   -3.0741752881e-08    1.9110706568e-08    8.3947418809e-09    6.4573269331e-10    6.6316588404e-09
  10.7800000    2.5160913318e-08    8.1224225496e-09   -6.5389795046e-09   -3.0462750550e-08    1.9115399018e-08    8.4276906027e-09    6.4957361647e-10    6.6362291554e-09
  10.7900000    2.8739116131e-08    7.5390450600e-09   -5.9999044961e-09   -3.0247957516e-08    1.9076951835e-08    8.4914633726e-09    6.5337315447e-10    6.6407640664e-09
  10.8000000    3.2078659430e-08    6.8594848346e-09   -5.3584786332e-09   -3.0104867784e-08    1.8995699941e-08    8.5853509537e-09    6.5712209818e-10    6.6452433063e-09
  10.8100000    3.5064585489e-08    6.1096558391e-09   -4.6242629492e-09   -3.0039429433e-08    1.8872831932e-08    8.7080714483e-09    6.6081629389e-10    6.6496620098e-09
  10.8200000    3.7588497044e-08    5.3212013635e-09   -3.8088174135e-09   -3.0055908129e-08    1.8710336224e-08    8.8577904059e-09    6.6444195319e-10    6.6540083755e-09
  10.8300000    3.9552723440e-08    4.5298628575e-09   -2.9255650064e-09   -3.0156790155e-08    1.8511011070e-08    9.0321566514e-09    6.6800105228e-10    6.6582680116e-09
  10.8400000    4.0873999557e-08    3.7737479151e-09   -1.9895280795e-09   -3.0342679441e-08    1.8278394559e-08    9.2283401254e-09    6.7148264925e-10    6.6624304028e-09
  10.8500000    4.1486917091e-08    3.0913697467e-09   -1.0171108161e-09   -3.0612327518e-08    1.8016716568e-08    9.4430694952e-09    6.7488166676e-10    6.6664807308e-09
  10.8600000    4.1346765708e-08    2.5196456475e-09   -2.5800924330e-11   -3.0962644311e-08    1.7730827924e-08    9.6727044447e-09    6.7819520446e-10    6.6704105825e-09
  10.8700000    4.0431689221e-08    2.0919967238e-09    9.6620377104e-10   -3.1388750457e-08    1.7426086119e-08    9.9133022369e-09    6.8141417818e-10    6.6742091517e-09
  10.8800000    3.8744120537e-08    1.8366408896e-09    1.9403098314e-09   -3.1884090331e-08    1.7108289937e-08    1.0160682771e-08    6.8454107185e-10    6.6778630686e-09
  10.8900000    3.6311495677e-08    1.7749479309e-09    2.8779505460e-09   -3.2440570015e-08    1.6783545074e-08    1.0410498313e-08    6.8756359302e-10    6.6813660381e-09
  10.9000000    3.3185891082e-08    1.9204551928e-09    3.7609345882e-09   -3.3048732698e-08    1.6458163651e-08    1.0658352830e-08    6.9048397065e-10    6.6847045026e-09
  10.9100000    2.9443101196e-08    2.2779756888e-09    4.5718466257e-09   -3.3697976455e-08    1.6138542815e-08    1.0899855345e-08    6.9330049331e-10    6.6878706290e-09
  10.9200000    2.5180610615e-08    2.8433293101e-09    5.2944379798e-09   -3.4376729097e-08    1.5831019333e-08    1.1130716512e-08    6.9600911065e-10    6.6908546941e-09
  10.9300000    2.0514975420e-08    3.6033883006e-09    5.9139498686e-09   -3.5072731938e-08    1.5541762090e-08    1.1346829356e-08    6.9860777335e-10    6.6936498835e-09
  10.9400000    1.5578416620e-08    4.5366700835e-09    6.4174734655e-09   -3.5773241919e-08    1.5276644969e-08    1.1544361759e-08    7.0109514490e-10    6.6962492725e-09
  10.9500000    1.0514815552e-08    5.6142241583e-09    6.7941775229e-09   -3.6465316764e-08    1.5041121962e-08    1.1719842271e-08    7.0347422322e-10    6.6986451863e-09
  10.9600000    5.4753233702e-09    6.8010535284e-09    7.0355932619e-09   -3.7136031434e-08    1.4840137899e-08    1.1870206666e-08    7.0574112854e-10    6.7008361231e-09
  10.9700000    6.1360853204e-10    8.0575742319e-09    7.1357903389e-09   -3.7772745537e-08    1.4677977551e-08    1.1992885631e-08    7.0789574550e-10    6.7028103586e-09
  10.9800000   -3.9191309999e-09    9.3414482898e-09    7.0914823249e-09   -3.8363309703e-08    1.4558229160e-08    1.2085861060e-08    7.0994170531e-10    6.7045744142e-09
  10.9900000   -7.9789828901e-09    1.0609450768e-08    6.9021034944e-09   -3.8896310808e-08    1.4483663359e-08    1.2147702023e-08    7.1188033819e-10    6.7061206584e-09
  11.0000000   -1.1434096309e-08    1.1819439038e-08    6.5698437275e-09   -3.9361283552e-08    1.4456204316e-08    1.2177607235e-08    7.1371227247e-10    6.7074480258e-09
  11.0100000   -1.4169119797e-08    1.2932071282e-08    6.0995647838e-09   -3.9748884904e-08    1.4476855661e-08    1.2175425438e-08    7.1543990599e-10    6.7085607502e-09
  11.0200000   -1.6089149849e-08    1.3912503379e-08    5.4987249237e-09   -4.0051042340e-08    1.4545676569e-08    1.2141668740e-08    7.1706499467e-10    6.7094564775e-09
  11.0300000   -1.7123018748e-08    1.4731709610e-08    4.7772311965e-09   -4.0261145825e-08    1.4661784719e-08    1.2077496152e-08    7.1859056391e-10    6.7101380670e-09
  11.0400000   -1.7225930128e-08    1.5367672263e-08    3.9471986870e-09   -4.0374123144e-08    1.4823347526e-08    1.1984716639e-08    7.2002060042e-10    6.7106109427e-09
  11.0500000   -1.6381256247e-08    1.5806039785e-08    3.0227418823e-09   -4.0386551828e-08    1.5027624972e-08    1.1865738036e-08    7.2135834815e-10    6.7108819231e-09
  11.0600000   -1.4601424864e-08    1.6040460251e-08    2.0197033071e-09   -4.0296759927e-08    1.5271007214e-08    1.1723535402e-08    7.2260997299e-10    6.7109541194e-09
  11.0700000   -1.1927939532e-08    1.6072621650e-08    9.5532455466e-10   -4.0104817907e-08    1.5549072189e-08    1.1561607743e-08    7.2377274902e-10    6.7108347842e-09
  11.0800000   -8.4304175637e-09    1.5911769336e-08   -1.5203229704e-10   -3.9812589616e-08    1.5856656330e-08    1.1383890846e-08    7.2486123266e-10    6.7105336786e-09
  11.0900000   -4.2046890923e-09    1.5574013892e-08   -1.2832602865e-09   -3.9423725729e-08    1.6187981188e-08    1.1194687320e-08    7.2586987741e-10    6.7100617918e-09
  11.1000000    6.2982213260e-10    1.5081317376e-08   -2.4188132821e-09   -3.8943595160e-08    1.6536756484e-08    1.0998580941e-08    7.2680574367e-10    6.7094261281e-09
  11.1100000    5.9337160109e-09    1.4460228033e-08   -3.5390564875e-09   -3.8379248101e-08    1.6896257103e-08    1.0800349540e-08    7.2767220465e-10    6.7086394334e-09
  11.1200000    1.1551663860e-08    1.3740507911e-08   -4.6245827358e-09   -3.7739304608e-08    1.7259509789e-08    1.0604865551e-08    7.2847886580e-10    6.7077152006e-09
  11.1300000    1.7317207232e-08    1.2953650668e-08   -5.6565506289e-09   -3.7033837975e-08    1.7619387039e-08    1.0416994386e-08    7.2922619868e-10    6.7066673023e-09
  11.1400000    2.3057888247e-08    1.2131379042e-08   -6.6169955038e-09   -3.6274223842e-08    1.7968763409e-08    1.0241484041e-08    7.2992356319e-10    6.7055052640e-09
  11.1500000    2.8600564021e-08    1.1304322257e-08   -7.4890806630e-09   -3.5472985223e-08    1.8300683442e-08    1.0082885465e-08    7.3056822458e-10    6.7042469972e-09
  11.1600000    3.3776888082e-08    1.0500708899e-08   -8.2573868454e-09   -3.4643561200e-08    1.8608442532e-08    9.9454250127e-09    7.3117681532e-10    6.7029050767e-09
  11.1700000    3.8428681470e-08    9.7452687099e-09   -8.9081644296e-09   -3.3800131429e-08    1.8885776448e-08    9.8329377100e-09    7.3174583465e-10    6.7014897758e-09
  11.1800000    4.2412966881e-08    9.0584086208e-09   -9.4295141267e-09   -3.2957347455e-08    1.9126967447e-08    9.7487653393e-09    7.3228398779e-10    6.7000211029e-09
  11.1900000    4.5606656306e-08    8.4556604146e-09   -9.8116439710e-09   -3.2130125272e-08    1.9326964877e-08    9.6956877879e-09    7.3279400382e-10    6.6985132609e-09
  11.2000000    4.7910562402e-08    7.9473635859e-09   -1.0046922565e-08   -3.1333354788e-08    1.9481496309e-08    9.6758385100e-09    7.3328066639e-10    6.6969771592e-09
  11.2100000    4.9252724628e-08    7.5386280743e-09   -1.0130118571e-08   -3.0581663279e-08    1.9587183217e-08    9.6906780588e-09    7.3375050661e-10    6.6954264698e-09
  11.2200000    4.9590911181e-08    7.2295334798e-09   -1.0058432134e-08   -2.9889142302e-08    1.9641555648e-08    9.7409319035e-09    7.3420851004e-10    6.6938741914e-09
  11.2300000    4.8914130319e-08    7.0156319385e-09   -9.8315781587e-09   -2.9269112081e-08    1.9643189625e-08    9.8265782625e-09    7.3466020742e-10    6.6923367601e-09
  11.2400000    4.7243265813e-08    6.8885300850e-09   -9.4518114878e-09   -2.8733885180e-08    1.9591676639e-08    9.9468036495e-09    7.3510340921e-10    6.6908217472e-09
  11.2500000    4.4630490536e-08    6.8367518603e-09   -8.9239353193e-09   -2.8294525010e-08    1.9487704578e-08    1.0100059159e-08    7.3555105428e-10    6.6893387431e-09
  11.2600000    4.1157906469e-08    6.8465480618e-09   -8.2552440049e-09   -2.7960665417e-08    1.9333017864e-08    1.0284029383e-08    7.3600531477e-10    6.6879025406e-09
  11.2700000    3.6935067713e-08    6.9028464900e-09   -7.4554341565e-09   -2.7740326729e-08    1.9130395466e-08    1.0495715408e-08    7.3646607325e-10    6.6865147269e-09
  11.2800000    3.2095572878e-08    6.9902209726e-09   -6.5364855499e-09   -2.7639790476e-08    1.8883631084e-08    1.0731442576e-08    7.3694335593e-10    6.6851849284e-09
  11.2900000    2.6792963958e-08    7.0936271818e-09   -5.5125131510e-09   -2.7663439473e-08    1.8597443989e-08    1.0986954140e-08    7.3743978042e-10    6.6839204742e-09
  11.3000000    2.1195864860e-08    7.1992963257e-09   -4.3995318089e-09   -2.7813748752e-08    1.8277421704e-08    1.1257484259e-08    7.3795879111e-10    6.6827218705e-09
  11.3100000    1.5482641483e-08    7.2953657607e-09   -3.2152250540e-09   -2.8091198855e-08    1.7929894114e-08    1.1537838695e-08    7.3850597665e-10    6.6815922152e-09
  11.3200000    9.8357035346e-09    7.3722520389e-09   -1.9786693935e-09   -2.8494279394e-08    1.7561835322e-08    1.1822515228e-08    7.3907971977e-10    6.6805355255e-09
  11.3300000    4.4356778552e-09    7.4231146658e-09   -7.1002989239e-10   -2.9019534418e-08    1.7180722101e-08    1.2105788937e-08    7.3968925965e-10    6.6795473299e-09
  11.3400000   -5.4451329742e-10    7.4439355670e-09    5.6980750119e-10   -2.9661611592e-08    1.6794408281e-08    1.2381852177e-08    7.4033517247e-10    6.6786221936e-09
  11.3500000   -4.9451444222e-09    7.4335599727e-09    1.8395677144e-09   -3.0413350363e-08    1.6410960221e-08    1.2644909508e-08    7.4101904611e-10    6.6777597853e-09
  11.3600000   -8.6249749138e-09    7.3934754569e-09    3.0779924205e-09   -3.1265919833e-08    1.6038494631e-08    1.2889318628e-08    7.4175041946e-10    6.6769532595e-09
  11.3700000   -1.1465767585e-08    7.3275903746e-09    4.2642165849e-09   -3.2208959489e-08    1.5685047885e-08    1.3109695013e-08    7.4252920331e-10    6.6761957188e-09
  11.3800000   -1.3376272027e-08    7.2417992634e-09    5.3781369611e-09   -3.3230740257e-08    1.5358393728e-08    1.3301038073e-08    7.4335661924e-10    6.6754741207e-09
  11.3900000   -1.4295076992e-08    7.1435262431e-09    6.4008271072e-09   -3.4318329766e-08    1.5065891933e-08    1.3458829674e-08    7.4423597618e-10    6.6747824405e-09
  11.4000000   -1.4192775170e-08    7.0412253989e-09    7.3148601690e-09   -3.5457809830e-08    1.4814353258e-08    1.3579146083e-08    7.4517198403e-10    6.6741072986e-09
  11.4100000   -1.3072813417e-08    6.9438325486e-09    8.1046834763e-09   -3.6634476433e-08    1.4609883518e-08    1.3658739679e-08    7.4616323946e-10    6.6734344530e-09
  11.4200000   -1.0971477720e-08    6.8602040893e-09    8.7568833725e-09   -3.7833017908e-08    1.4457759023e-08    1.3695134885e-08    7.4721522170e-10    6.6727507826e-09
  11.4300000   -7.9567392746e-09    6.7987477096e-09    9.2604635166e-09   -3.9037750442e-08    1.4362324604e-08    1.3686655806e-08    7.4832654691e-10    6.6720415863e-09
  11.4400000   -4.1259378706e-09    6.7668857232e-09    9.6070251119e-09   -4.0232830589e-08    1.4326885750e-08    1.3632512184e-08    7.4950540795e-10    6.6712926863e-09
  11.4500000    3.9727652386e-10    6.7707948988e-09    9.7909380376e-09   -4.1402441178e-08    1.4353652942e-08    1.3532796260e-08    7.5074770827e-10    6.6704872941e-09
  11.4600000    5.4670045430e-09    6.8151054084e-09    9.8094674150e-09   -4.2531045229e-08    1.4443656605e-08    1.3388536090e-08    7.5205578214e-10    6.6696080359e-09
  11.4700000    1.0919844919e-08    6.9027284043e-09    9.6627393712e-09   -4.3603512041e-08    1.4596723688e-08    1.3201641984e-08    7.5343009921e-10    6.6686411241e-09
  11.4800000    1.6580160041e-08    7.0348616393e-09    9.3537648660e-09   -4.4605399048e-08    1.4811502803e-08    1.2974912539e-08    7.5487209338e-10    6.6675705200e-09
  11.4900000    2.2265755259e-08    7.2108900802e-09    8.8883582263e-09   -4.5523104972e-08    1.5085414163e-08    1.2711977947e-08    7.5638211062e-10    6.6663775923e-09
  11.5000000    2.7793736337e-08    7.4285737545e-09    8.2749820173e-09   -4.6344057293e-08    1.5414733135e-08    1.2417244184e-08    7.5796383675e-10    6.6650548272e-09
  11.5100000    3.2986385214e-08    7.6841649810e-09    7.5245527299e-09   -4.7056908119e-08    1.5794621755e-08    1.2095824328e-08    7.5961257885e-10    6.6635819485e-09
  11.5200000    3.7676748371e-08    7.9726369786e-09    6.6502346002e-09   -4.7651677271e-08    1.6219235950e-08    1.1753418588e-08    7.6132948334e-10    6.6619512909e-09
  11.5300000    4.1714007600e-08    8.2879256127e-09    5.6671488098e-09   -4.8119956654e-08    1.6681803286e-08    1.1396230005e-08    7.6311655732e-10    6.6601492341e-09
  11.5400000    4.4968139839e-08    8.6232171453e-09    4.5921102180e-09   -4.8455038809e-08    1.7174736878e-08    1.1030843480e-08    7.6497224613e-10    6.6581659550e-09
  11.5500000    4.7333956473e-08    8.9712170898e-09    3.4432117649e-09   -4.8652006917e-08    1.7689792646e-08    1.0664087887e-08    7.6689276240e-10    6.6559946448e-09
  11.5600000    4.8734313893e-08    9.3244747509e-09    2.2396043935e-09   -4.8707897599e-08    1.8218218152e-08    1.0302905620e-08    7.6887716367e-10    6.6536303367e-09
  11.5700000    4.9122404298e-08    9.6755659168e-09    1.0010976639e-09   -4.8621772188e-08    1.8750878641e-08    9.9542188048e-09    7.7092667299e-10    6.6510720817e-09
  11.5800000    4.8483005974e-08    1.0017386325e-08   -2.5222021572e-10   -4.8394737024e-08    1.9278476233e-08    9.6247864769e-09    7.7303611863e-10    6.6483179935e-09
  11.5900000    4.6832871251e-08    1.0343337454e-08   -1.5002059185e-09   -4.8030013769e-08    1.9791679058e-08    9.3210771344e-09    7.7520383563e-10    6.6453646716e-09
  11.6000000    4.4219953184e-08    1.0647494166e-08   -2.7230891666e-09   -4.7532910287e-08    2.0281328351e-08    9.0490960976e-09    7.7742699640e-10    6.6422202647e-09
  11.6100000    4.0721755332e-08    1.0924667981e-08   -3.9017074812e-09   -4.6910773552e-08    2.0738599273e-08    8.8143264239e-09    7.7970122220e-10    6.6388932374e-09
  11.6200000    3.6442731058e-08    1.1170546290e-08   -5.0178297287e-09   -4.6172892977e-08    2.1155164207e-08    8.6215448123e-09    7.8202595793e-10    6.6353862807e-09
  11.6300000    3.1510919468e-08    1.1381709983e-08   -6.0543581980e-09   -4.5330391815e-08    2.1523352198e-08    8.4747600769e-09    7.8439558506e-10    6.6317165768e-09
  11.6400000    2.6073858788e-08    1.1555635868e-08   -6.9956125742e-09   -4.4396056995e-08    2.1836324396e-08    8.3771127594e-09    7.8680986696e-10    6.6278947577e-09
  11.6500000    2.0293952334e-08    1.1690671699e-08   -7.8275060567e-09   -4.3384157665e-08    2.2088180520e-08    8.3308125479e-09    7.8925857745e-10    6.6239400843e-09
  11.6600000    1.4343461342e-08    1.1785983502e-08   -8.5377067710e-09   -4.2310179506e-08    2.2274090654e-08    8.3370643800e-09    7.9174053380e-10    6.6198746164e-09
  11.6700000    8.3991757071e-09    1.1841486761e-08   -9.1158059511e-09   -4.1190588653e-08    2.2390400277e-08    8.3960639247e-09    7.9424976556e-10    6.6157117848e-09
  11.6800000    2.6371792263e-09    1.1857749160e-08   -9.5534351782e-09   -4.0042546842e-08    2.2434684134e-08    8.5069615054e-09    7.9678260764e-10    6.6114809904e-09
  11.6900000   -2.7725215724e-09    1.1835966387e-08   -9.8443439154e-09   -3.8883611311e-08    2.2405840242e-08    8.6678817821e-09    7.9933078593e-10    6.6072049104e-09
  11.7000000   -7.6709888185e-09    1.1777800312e-08   -9.9844708761e-09   -3.7731430080e-08    2.2304073574e-08    8.8759580536e-09    8.0188902839e-10    6.6029107097e-09
  11.7100000   -1.1914893292e-08    1.1685311858e-08   -9.9719982012e-09   -3.6603434010e-08    2.2130932800e-08    9.1273806587e-09    8.0445845897e-10    6.5986274619e-09
  11.7200000   -1.5380767481e-08    1.1560932825e-08   -9.8073271093e-09   -3.5516540378e-08    2.1889296212e-08    9.4174703526e-09    8.0702314556e-10    6.5943849195e-09
  11.7300000   -1.7968338461e-08    1.1407315971e-08   -9.4930794995e-09   -3.4486899310e-08    2.1583302848e-08    9.7407664493e-09    8.0958126800e-10    6.5902081672e-09
  11.7400000   -1.9603415311e-08    1.1227347044e-08   -9.0340689906e-09   -3.3529599314e-08    2.1218312440e-08    1.0091124642e-08    8.1212895801e-10    6.5861309985e-09
  11.7500000   -2.0239781949e-08    1.1024094336e-08   -8.4372042619e-09   -3.2658450283e-08    2.0800794538e-08    1.0461863280e-08    8.1466138145e-10    6.5821847809e-09
  11.7600000   -1.9860345920e-08    1.0800729953e-08   -7.7113757252e-09   -3.1885821192e-08    2.0338228529e-08    1.0845876452e-08    8.1716248226e-10    6.5783971428e-09
  11.7700000   -1.8477443838e-08    1.0560542876e-08   -6.8673580503e-09   -3.1222444756e-08    1.9838951546e-08    1.1235794158e-08    8.1963123644e-10    6.5747985055e-09
  11.7800000   -1.6132308380e-08    1.0306939357e-08   -5.9176153556e-09   -3.0677312284e-08    1.9312055382e-08    1.1624118447e-08    8.2206351952e-10    6.5714170226e-09
  11.7900000   -1.2893546343e-08    1.0043377130e-08   -4.8761326686e-09   -3.0257601116e-08    1.8767160259e-08    1.2003394113e-08    8.2444935906e-10    6.5682785454e-09
  11.8000000   -8.8551698150e-09    9.7734817491e-09   -3.7581932854e-09   -2.9968656880e-08    1.8214307589e-08    1.2366349641e-08    8.2677930164e-10    6.5654116250e-09
  11.8100000   -4.1335860281e-09    9.5009106499e-09   -2.5801459919e-09   -2.9813969328e-08    1.7663712294e-08    1.2706062903e-08    8.2905422874e-10    6.5628335238e-09
  11.8200000    1.1357889077e-09    9.2294207460e-09   -1.3591069727e-09   -2.9795208472e-08    1.7125637768e-08    1.3016104684e-08    8.3126619458e-10    6.5605659406e-09
  11.8300000    6.8025028816e-09    8.9628660441e-09   -1.1276893611e-10   -2.9912286208e-08    1.6610171952e-08    1.3290664149e-08    8.3340227719e-10    6.5586353844e-09
  11.8400000    1.2705518505e-08    8.7051540203e-09    1.1409742987e-09   -3.0163452791e-08    1.6127043072e-08    1.3524687309e-08    8.3546358779e-10    6.5570485307e-09
  11.8500000    1.8677821651e-08    8.4602239547e-09    2.3842489160e-09   -3.0545378693e-08    1.5685439226e-08    1.3713975977e-08    8.3743556503e-10    6.5558178560e-09
  11.8600000    2.4551181756e-08    8.2320112085e-09    3.5995296439e-09   -3.1053281456e-08    1.5293846909e-08    1.3855297383e-08    8.3932012987e-10    6.5549564876e-09
  11.8700000    3.0160963929e-08    8.0244148215e-09    4.7699094920e-09   -3.1681030948e-08    1.4959896154e-08    1.3946432208e-08    8.4110408764e-10    6.5544633722e-09
  11.8800000    3.5350780137e-08    7.8411740790e-09    5.8793514083e-09   -3.2421297109e-08    1.4690219759e-08    1.3986253448e-08    8.4278730001e-10    6.5543447511e-09
  11.8900000    3.9976998030e-08    7.6858550736e-09    6.9129420665e-09   -3.3265642039e-08    1.4490285606e-08    1.3974726058e-08    8.4435725937e-10    6.5545945250e-09
  11.9000000    4.3912631079e-08    7.5616955309e-09    7.8571238912e-09   -3.4204654394e-08    1.4364352910e-08    1.3912938054e-08    8.4581394526e-10    6.5552034346e-09
  11.9100000    4.7051039812e-08    7.4715881372e-09    8.6998347434e-09   -3.5228054421e-08    1.4315337081e-08    1.3803062835e-08    8.4715191336e-10    6.5561633910e-09
  11.9200000    4.9308819793e-08    7.4178893451e-09    9.4307305289e-09   -3.6324779985e-08    1.4344794707e-08    1.3648316521e-08    8.4836168989e-10    6.5574616866e-09
  11.9300000    5.0628138513e-08    7.4024119496e-09    1.0041267366e-08   -3.7483123265e-08    1.4452857591e-08    1.3452915901e-08    8.4943625325e-10    6.5590771789e-09
  11.9400000    5.0978284456e-08    7.4262238812e-09    1.0524785667e-08   -3.8690792903e-08    1.4638246102e-08    1.3221968189e-08    8.5037983455e-10    6.5609854428e-09
  11.9500000    5.0356501969e-08    7.4896655538e-09    1.0876548085e-08   -3.9935017178e-08    1.4898271512e-08    1.2961364601e-08    8.5118292414e-10    6.5631640789e-09
  11.9600000    4.8787946999e-08    7.5922305518e-09    1.1093769562e-08   -4.1202648322e-08    1.5228894151e-08    1.2677666894e-08    8.5184042264e-10    6.5655832880e-09
  11.9700000    4.6324892090e-08    7.7325320346e-09    1.1175556133e-08   -4.2480234532e-08    1.5624776272e-08    1.2377949912e-08    8.5234850177e-10    6.5682141717e-09
  11.9800000    4.3045163405e-08    7.9082925205e-09    1.1122869540e-08   -4.3754147295e-08    1.6079397384e-08    1.2069672786e-08    8.5270371852e-10    6.5710190115e-09
  11.9900000    3.9049800276e-08    8.1163427492e-09    1.0938460005e-08   -4.5010689087e-08    1.6585149784e-08    1.1760497575e-08    8.5290501755e-10    6.5739626649e-09
  12.0000000    3.4460042172e-08    8.3526609485e-09    1.0626732458e-08   -4.6236212718e-08    1.7133480980e-08    1.1458126921e-08    8.5294523254e-10    6.5770034381e-09
  12.0100000    2.9413744132e-08    8.6124830072e-09    1.0193624910e-08   -4.7417248634e-08    1.7715037567e-08    1.1170135067e-08    8.5282057380e-10    6.5801047374e-09
  12.0200000    2.4061270892e-08    8.8903549971e-09    9.6465009382e-09   -4.8540702426e-08    1.8319845360e-08    1.0903811308e-08    8.5253130903e-10    6.5832238879e-09
  12.0300000    1.8561158628e-08    9.1803456298e-09    8.9939775384e-09   -4.9593933534e-08    1.8937481562e-08    1.0665960639e-08    8.5207306467e-10    6.5863173183e-09
  12.0400000    1.3075267563e-08    9.4761020281e-09    8.2457652138e-09   -5.0564995324e-08    1.9557275834e-08    1.0462783420e-08    8.5144738594e-10    6.5893473610e-09
  12.0500000    7.7641250370e-09    9.7711736559e-09    7.4125556410e-09   -5.1442771607e-08    2.0168476208e-08    1.0299727555e-08    8.5065137459e-10    6.5922718771e-09
  12.0600000    2.7821302115e-09    1.0059073380e-08    6.5058096343e-09   -5.2217173984e-08    2.0760461173e-08    1.0181349612e-08    8.4967645145e-10    6.5950466261e-09
  12.0700000   -1.7270072933e-09    1.0333544067e-08    5.5376504240e-09   -5.2879294016e-08    2.1322920007e-08    1.0111209388e-08    8.4853105178e-10    6.5976347095e-09
  12.0800000   -5.6343978405e-09    1.0588760636e-08    4.5206912938e-09   -5.3421563486e-08    2.1846062187e-08    1.0091792589e-08    8.4720944512e-10    6.6000001151e-09
  12.0900000   -8.8299584402e-09    1.0819428303e-08    3.4678822096e-09   -5.3837946889e-08    2.2320760813e-08    1.0124435585e-08    8.4571387985e-10    6.6021080410e-09
  12.1000000   -1.1225418928e-08    1.1021013227e-08    2.3923738646e-09   -5.4124032191e-08    2.2738747757e-08    1.0209289224e-08    8.4404264773e-10    6.6039259589e-09
  12.1100000   -1.2756927972e-08    1.1189825213e-08    1.3073654386e-09   -5.4277132849e-08    2.3092747636e-08    1.0345310429e-08    8.4219360199e-10    6.6054272807e-09
  12.1200000   -1.3386871439e-08    1.1323142298e-08    2.2596647753e-10   -5.4296389063e-08    2.3376619538e-08    1.0530253965e-08    8.4017350048e-10    6.6065810004e-09
  12.1300000   -1.3104839701e-08    1.1419172458e-08   -8.3894708793e-10   -5.4182796756e-08    2.3585459491e-08    1.0760755385e-08    8.3797588890e-10    6.6073712774e-09
  12.1400000   -1.1927735424e-08    1.1477152399e-08   -1.8748822475e-09   -5.3939224728e-08    2.3715692113e-08    1.1032334401e-08    8.3561040075e-10    6.6077774767e-09
  12.1500000   -9.8991872939e-09    1.1497203534e-08   -2.8698481954e-09   -5.3570351939e-08    2.3765147199e-08    1.1339539023e-08    8.3306993408e-10    6.6077916257e-09
  12.1600000   -7.0878910411e-09    1.1480316387e-08   -3.8125273960e-09   -5.3082635814e-08    2.3733085073e-08    1.1676030987e-08    8.3036320740e-10    6.6073990941e-09
  12.1700000   -3.5854872999e-09    1.1428218527e-08   -4.6923865112e-09   -5.2484167301e-08    2.3620217893e-08    1.2034711118e-08    8.2748738982e-10    6.6066033310e-09
  12.1800000    4.9646273039e-10    1.1343185501e-08   -5.4997820874e-09   -5.1784546865e-08    2.3428705036e-08    1.2407910374e-08    8.2445282860e-10    6.6054031256e-09
  12.1900000    5.0300440629e-09    1.1227908627e-08   -6.2261362007e-09   -5.0994742170e-08    2.3162102343e-08    1.2787500354e-08    8.2125675750e-10    6.6038047418e-09
  12.2000000    9.8750178202e-09    1.1085319955e-08   -6.8640060189e-09   -5.0126820849e-08    2.2825314869e-08    1.3165114583e-08    8.1790378233e-10    6.6018201227e-09
  12.2100000    1.4883184888e-08    1.0918418171e-08   -7.4071877841e-09   -4.9193800077e-08    2.2424499091e-08    1.3532315415e-08    8.1439767705e-10    6.5994675225e-09
  12.2200000    1.9902970850e-08    1.0730067954e-08   -7.8508013738e-09   -4.8209384698e-08    2.1966963215e-08    1.3880777421e-08    8.1074047551e-10    6.5967681130e-09
  12.2300000    2.4784180651e-08    1.0522975249e-08   -8.1913949446e-09   -4.7187726607e-08    2.1461035127e-08    1.4202496288e-08    8.0693405829e-10    6.5937386385e-09
  12.2400000    2.9382474815e-08    1.0299424668e-08   -8.4269199154e-09   -4.6143199059e-08    2.0915916494e-08    1.4489952282e-08    8.0299323774e-10    6.5904204712e-09
  12.2500000    3.3563758412e-08    1.0061417824e-08   -8.5567978227e-09   -4.5090173333e-08    2.0341502989e-08    1.4736273871e-08    7.9891232426e-10    6.5868398365e-09
  12.2600000    3.7208147263e-08    9.8105260376e-09   -8.5819171974e-09   -4.4042765481e-08    1.9748244378e-08    1.4935445931e-08    7.9470090259e-10    6.5830379889e-09
  12.2700000    4.0213498385e-08    9.5479744175e-09   -8.5045820234e-09   -4.3014665125e-08    1.9146947108e-08    1.5082409993e-08    7.9036559319e-10    6.5790475655e-09
  12.2800000    4.2498212280e-08    9.2747239437e-09   -8.3285019041e-09   -4.2018951055e-08    1.8548555771e-08    1.5173197226e-08    7.8591283014e-10    6.5749154451e-09
  12.2900000    4.4003589991e-08    8.9916019041e-09   -8.0586753139e-09   -4.1067929782e-08    1.7963992120e-08    1.5205049889e-08    7.8134502262e-10    6.5706853911e-09
  12.3000000    4.4695235241e-08    8.6994680951e-09   -7.7013323679e-09   -4.0173014009e-08    1.7403975750e-08    1.5176485857e-08    7.7666907039e-10    6.5663981530e-09
  12.3100000    4.4563847732e-08    8.3994103026e-09   -7.2637806242e-09   -3.9344607822e-08    1.6878779509e-08    1.5087336488e-08    7.7189030865e-10    6.5621089082e-09
  12.3200000    4.3625058419e-08    8.0928760963e-09   -6.7542969412e-09   -3.8592061655e-08    1.6398110313e-08    1.4938797532e-08    7.6701683549e-10    6.5578576130e-09
  12.3300000    4.1918743863e-08    7.7819401378e-09   -6.1819692416e-09   -3.7923574822e-08    1.5970903961e-08    1.4733388262e-08    7.6204880316e-10    6.5536919371e-09
  12.3400000    3.9507234831e-08    7.4694252143e-09   -5.5565629656e-09   -3.7346204351e-08    1.5605178533e-08    1.4474922939e-08    7.5700689657e-10    6.5496556631e-09
  12.3500000    3.6473354342e-08    7.1590305023e-09   -4.8883122814e-09   -3.6865834359e-08    1.5307910075e-08    1.4168457243e-08    7.5188512387e-10    6.5457987205e-09
  12.3600000    3.2917414776e-08    6.8554858424e-09   -4.1877709139e-09   -3.6487221029e-08    1.5084885942e-08    1.3820182373e-08    7.4669577530e-10    6.5421558628e-09
  12.3700000    2.8953940138e-08    6.5645127503e-09   -3.4656760679e-09   -3.6213951973e-08    1.4940605689e-08    1.3437288264e-08    7.4144084670e-10    6.5387703125e-09
  12.3800000    2.4708045401e-08    6.2927468009e-09   -2.7327246926e-09   -3.6048524494e-08    1.4878235380e-08    1.3027832840e-08    7.3613637983e-10    6.5356785285e-09
  12.3900000    2.0311409362e-08    6.0477948013e-09   -1.9994468723e-09   -3.5992338486e-08    1.4899518407e-08    1.2600570221e-08    7.3078323478e-10    6.5329158265e-09
  12.4000000    1.5898298716e-08    5.8378644001e-09   -1.2760606640e-09   -3.6045739232e-08    1.5004763637e-08    1.2164766670e-08    7.2538454041e-10    6.5305014931e-09
  12.4100000    1.1601379657e-08    5.6716287717e-09   -5.7231013121e-10   -3.6208041973e-08    1.5192843042e-08    1.1730007935e-08    7.1995192075e-10    6.5284686052e-09
  12.4200000    7.5479013951e-09    5.5578286979e-09    1.0266441002e-10   -3.6477580795e-08    1.5461196218e-08    1.1305968806e-08    7.1449255053e-10    6.5268342733e-09
  12.4300000    3.8558489461e-09    5.5049662932e-09    7.4039671842e-10   -3.6851685736e-08    1.5805915328e-08    1.0902220483e-08    7.0901347205e-10    6.5256136571e-09
  12.4400000    6.3061632370e-10    5.5208742226e-09    1.3332431326e-09   -3.7326738345e-08    1.6221760877e-08    1.0528030408e-08    7.0351894774e-10    6.5248135185e-09
  12.4500000   -2.0378538673e-09    5.6122731483e-09    1.8744741856e-09   -3.7898180296e-08    1.6702287916e-08    1.0192110149e-08    6.9801399993e-10    6.5244404012e-09
  12.4600000   -4.0776086369e-09    5.7843937083e-09    2.3582820638e-09   -3.8560484528e-08    1.7239951711e-08    9.9024446282e-09    6.9250942126e-10    6.5244952089e-09
  12.4700000   -5.4364001199e-09    6.0405830064e-09    2.7799071066e-09   -3.9307254453e-08    1.7826249863e-08    9.6661083117e-09    6.8701074838e-10    6.5249621172e-09
  12.4800000   -6.0830482102e-09    6.3819106631e-09    3.1356361382e-09   -4.0131147404e-08    1.8451828270e-08    9.4890965118e-09    6.8152256755e-10    6.5258376169e-09
  12.4900000   -6.0078844373e-09    6.8069360169e-09    3.4228317589e-09   -4.1023974634e-08    1.9106713270e-08    9.3761547607e-09    6.7605451489e-10    6.5270980077e-09
  12.5000000   -5.2228210040e-09    7.3115024462e-09    3.6399593753e-09   -4.1976728590e-08    1.9780416714e-08    9.3306902471e-09    6.7060556738e-10    6.5287188538e-09
  12.5100000   -3.7605312486e-09    7.8886776916e-09    3.7865713290e-09   -4.2979598170e-08    2.0462143086e-08    9.3546592917e-09    6.6518602399e-10    6.5306754134e-09
  12.5200000   -1.6733393271e-09    8.5287292628e-09    3.8632882532e-09   -4.4022077808e-08    2.1140982138e-08    9.4485158176e-09    6.5980532007e-10    6.5329351662e-09
  12.5300000    9.6870608406e-10    9.2193116024e-09    3.8717852339e-09   -4.5093046016e-08    2.1806090205e-08    9.6111846417e-09    6.5446498652e-10    6.5354591513e-09
  12.5400000    4.0800712757e-09    9.9456911987e-09    3.8147127622e-09   -4.6180881090e-08    2.2446867960e-08    9.8400536185e-09    6.4917062445e-10    6.5382059817e-09
  12.5500000    7.5624377956e-09    1.0691168393e-08    3.6956662091e-09   -4.7273564408e-08    2.3053135549e-08    1.0131020863e-08    6.4393078495e-10    6.5411325000e-09
  12.5600000    1.1307746801e-08    1.1437581173e-08    3.5191205722e-09   -4.8358865255e-08    2.3615320663e-08    1.0478567513e-08    6.3874991247e-10    6.5441935064e-09
  12.5700000    1.5201317993e-08    1.2165804454e-08    3.2903499752e-09   -4.9424488089e-08    2.4124624312e-08    1.0875870251e-08    6.3363385243e-10    6.5473392646e-09
  12.5800000    1.9125369221e-08    1.2856501415e-08    3.0152834702e-09   -5.0458253311e-08    2.4573139380e-08    1.1314918101e-08    6.2858765396e-10    6.5505138961e-09
  12.5900000    2.2962310311e-08    1.3490659744e-08    2.7004876676e-09   -5.1448288944e-08    2.4954014299e-08    1.1786692291e-08    6.2362014408e-10    6.5536746123e-09
  12.6000000    2.6598126215e-08    1.4050469631e-08    2.3529995255e-09   -5.2383236467e-08    2.5261535411e-08    1.2281344230e-08    6.1873028624e-10    6.5567601750e-09
  12.6100000    2.9925541869e-08    1.4519878177e-08    1.9802169617e-09   -5.3252441928e-08    2.5491249750e-08    1.2788421151e-08    6.1392611259e-10    6.5597241833e-09
  12.6200000    3.2847045583e-08    1.4885290244e-08    1.5898055193e-09   -5.4046146695e-08    2.5640027209e-08    1.3297065388e-08    6.0920917655e-10    6.5625167706e-09
  12.6300000    3.5277476485e-08    1.5136140397e-08    1.1895409777e-09   -5.4755680696e-08    2.5706094806e-08    1.3796264860e-08    6.0459477423e-10    6.5650857946e-09
  12.6400000    3.7146383893e-08    1.5265343750e-08    7.8716886369e-10   -5.5373619883e-08    2.5689097729e-08    1.4275105943e-08    6.0007738618e-10    6.5673876157e-09
  12.6500000    3.8399865822e-08    1.5269618849e-08    3.9033479123e-10   -5.5893917632e-08    2.5590066445e-08    1.4723010161e-08    5.9566648343e-10    6.5693774097e-09
  12.6600000    3.9001944198e-08    1.5149735394e-08    6.3900344676e-12   -5.6312037426e-08    2.5411415281e-08    1.5129953094e-08    5.9136934049e-10    6.5710171467e-09
  12.6700000    3.8935524222e-08    1.4910523542e-08   -3.5767708268e-10   -5.6625026690e-08    2.5156887337e-08    1.5486740332e-08    5.8719040624e-10    6.5722674273e-09
  12.6800000    3.8202679690e-08    1.4560749184e-08   -6.9540469383e-10   -5.6831584496e-08    2.4831492902e-08    1.5785178717e-08    5.8312734366e-10    6.5731019848e-09
  12.6900000    3.6824647401e-08    1.4112849324e-08   -1.0009318170e-09   -5.6932053417e-08    2.4441431138e-08    1.6018293787e-08    5.7919409703e-10    6.5734852228e-09
  12.7000000    3.4841061010e-08    1.3582472403e-08   -1.2691058214e-09   -5.6928419603e-08    2.3993970303e-08    1.6180500531e-08    5.7539079518e-10    6.5734020719e-09
  12.7100000    3.2308919911e-08    1.2987923881e-08   -1.4955871783e-09   -5.6824220505e-08    2.3497322760e-08    1.6267747139e-08    5.7172326343e-10    6.5728389408e-09
  12.7200000    2.9300946900e-08    1.2349455651e-08   -1.6768958654e-09   -5.6624472048e-08    2.2960514661e-08    1.6277610743e-08    5.6819730741e-10    6.5717849290e-09
  12.7300000    2.5903608089e-08    1.1688453919e-08   -1.8104705543e-09   -5.6335546573e-08    2.2393212205e-08    1.6209399217e-08    5.6481455043e-10    6.5702351250e-09
  12.7400000    2.2214702613e-08    1.1026590336e-08   -1.8947342268e-09   -5.5965017669e-08    2.1805576713e-08    1.6064159039e-08    5.6158186885e-10    6.5681958232e-09
  12.7500000    1.8340791112e-08    1.0384998613e-08   -1.9291290666e-09   -5.5521461186e-08    2.1208094319e-08    1.5844689602e-08    5.5850074882e-10    6.5656720441e-09
  12.7600000    1.4394222490e-08    9.7833488376e-09   -1.9140470113e-09   -5.5014295150e-08    2.0611366813e-08    1.5555518342e-08    5.5557559742e-10    6.5626823125e-09
  12.7700000    1.0490109964e-08    9.2390781175e-09   -1.8509372386e-09   -5.4453541726e-08    2.0025980917e-08    1.5202793267e-08    5.5281376627e-10    6.5592447784e-09
  12.7800000    6.7431704925e-09    8.7666155517e-09   -1.7421620379e-09   -5.3849627107e-08    1.9462290152e-08    1.4794191930e-08    5.5021313205e-10    6.5553901568e-09
  12.7900000    3.2645955386e-09    8.3767994422e-09   -1.5910303319e-09   -5.3213180632e-08    1.8930258772e-08    1.4338749547e-08    5.4778193560e-10    6.5511492903e-09
  12.8000000    1.5894976032e-10    8.0764327949e-09   -1.4016802636e-09   -5.2554825754e-08    1.8439289837e-08    1.3846694778e-08    5.4552033843e-10    6.5465594201e-09
  12.8100000   -2.4787694932e-09    7.8679787500e-09   -1.1790072171e-09   -5.1884972994e-08    1.7998062721e-08    1.3329210664e-08    5.4343128999e-10    6.5416615932e-09
  12.8200000   -4.5658450532e-09    7.7494478028e-09   -9.2857928110e-10   -5.1213667224e-08    1.7614402753e-08    1.2798229034e-08    5.4151462480e-10    6.5365059608e-09
  12.8300000   -6.0342294227e-09    7.7145163841e-09   -6.5649457914e-10   -5.0550412118e-08    1.7295121026e-08    1.2266151078e-08    5.3977569869e-10    6.5311411202e-09
  12.8400000   -6.8326260611e-09    7.7528173611e-09   -3.6928544398e-10   -4.9904067665e-08    1.7045936786e-08    1.1745570442e-08    5.3821223981e-10    6.5256227330e-09
  12.8500000   -6.9281779240e-09    7.8503727623e-09   -7.3712612756e-11   -4.9282717113e-08    1.6871355676e-08    1.1249017705e-08    5.3682992599e-10    6.5200014016e-09
  12.8600000   -6.3075384804e-09    7.9903557697e-09    2.2328092802e-10   -4.8693602395e-08    1.6774599492e-08    1.0788653504e-08    5.3562359198e-10    6.5143421503e-09
  12.8700000   -4.9776851930e-09    8.1537851045e-09    5.1483308945e-10   -4.8143076180e-08    1.6757550348e-08    1.0376004160e-08    5.3460108468e-10    6.5087041948e-09
  12.8800000   -2.9660041366e-09    8.3204345561e-09    7.9424791928e-10   -4.7636563231e-08    1.6820727881e-08    1.0021691102e-08    5.3375766713e-10    6.5031358106e-09
  12.8900000   -3.1980701573e-10    8.4698678325e-09    1.0551764313e-09   -4.7178580443e-08    1.6963255442e-08    9.7351717683e-09    5.3308928420e-10    6.4977128436e-09
  12.9000000    2.8944668090e-09    8.5824481269e-09    1.2917487880e-09   -4.6772717641e-08    1.7182912860e-08    9.5245185565e-09    5.3259924477e-10    6.4924812827e-09
  12.9100000    6.5928808946e-09    8.6402894562e-09    1.4987309164e-09   -4.6421727966e-08    1.7476134126e-08    9.3961945585e-09    5.3228419504e-10    6.4875057326e-09
  12.9200000    1.0675966369e-08    8.6282514373e-09    1.6716434624e-09   -4.6127518729e-08    1.7838075240e-08    9.3549227824e-09    5.3214257202e-10    6.4828345224e-09
  12.9300000    1.5031228619e-08    8.5347670718e-09    1.8068764862e-09   -4.5891261868e-08    1.8262717596e-08    9.4035246075e-09    5.3217206095e-10    6.4785191387e-09
  12.9400000    1.9536072920e-08    8.3525597831e-09    1.9017462879e-09   -4.5713430991e-08    1.8742929312e-08    9.5428304650e-09    5.3236775835e-10    6.4746097409e-09
  12.9500000    2.4061095619e-08    8.0791356116e-09    1.9546170019e-09   -4.5593881865e-08    1.9270617246e-08    9.7716248450e-09    5.3272549877e-10    6.4711464898e-09
  12.9600000    2.8473718165e-08    7.7171564855e-09    1.9648881031e-09   -4.5531930328e-08    1.9836839513e-08    1.0086660007e-08    5.3324085788e-10    6.4681699204e-09
  12.9700000    3.2641913009e-08    7.2744868915e-09    1.9330439426e-09   -4.5526400739e-08    2.0431944748e-08    1.0482680084e-08    5.3391180774e-10    6.4657118033e-09
  12.9800000    3.6438069966e-08    6.7640869907e-09    1.8606185825e-09   -4.5575736837e-08    2.1045769700e-08    1.0952515839e-08    5.3472912713e-10    6.4637970550e-09
  12.9900000    3.9742949002e-08    6.2036455535e-09    1.7501781431e-09   -4.5677998603e-08    2.1667780290e-08    1.1487200553e-08    5.3569112101e-10    6.4624511821e-09
  13.0000000    4.2449372441e-08    5.6149767043e-09    1.6052193679e-09   -4.5830947294e-08    2.2287247077e-08    1.2076156997e-08    5.3678863579e-10    6.4616886111e-09
  13.0100000    4.4465777333e-08    5.0232415765e-09    1.4301131723e-09   -4.6032086271e-08    2.2893445145e-08    1.2707403511e-08    5.3801934591e-10    6.4615165886e-09
  13.0200000    4.5719399389e-08    4.4559075030e-09    1.2299787623e-09   -4.6278676894e-08    2.3475808217e-08    1.3367779002e-08    5.3937099571e-10    6.4619362791e-09
  13.0300000    4.6159001558e-08    3.9417303524e-09    1.0105238467e-09   -4.6567780798e-08    2.4024128643e-08    1.4043256086e-08    5.4084066834e-10    6.4629437959e-09
  13.0400000    4.5757048610e-08    3.5094486901e-09    7.7793404613e-10   -4.6896294835e-08    2.4528737663e-08    1.4719198473e-08    5.4242004248e-10    6.4645301205e-09
  13.0500000    4.4511283523e-08    3.1865963496e-09    5.3869723041e-10   -4.7260924263e-08    2.4980652136e-08    1.5380719553e-08    5.4409754335e-10    6.4666758482e-09
  13.0600000    4.2445499596e-08    2.9982274557e-09    2.9940677715e-10   -4.7658233678e-08    2.5371730116e-08    1.6012966618e-08    5.4587006562e-10    6.4693595128e-09
  13.0700000    3.9609552876e-08    2.9657172685e-09    6.6650397755e-11   -4.8084664429e-08    2.5694841038e-08    1.6601475032e-08    5.4773100307e-10    6.4725480948e-09
  13.0800000    3.6078696232e-08    3.1056886363e-09   -1.5321461039e-10   -4.8536525727e-08    2.5943960202e-08    1.7132504385e-08    5.4967124756e-10    6.4762113047e-09
  13.0900000    3.1951898860e-08    3.4291091437e-09   -3.5417954870e-10   -4.9010010265e-08    2.6114302298e-08    1.7593342179e-08    5.5168187905e-10    6.4803077479e-09
  13.1000000    2.7349471511e-08    3.9406030437e-09   -5.3076020824e-10   -4.9501227666e-08    2.6202399952e-08    1.7972608771e-08    5.5375707855e-10    6.4847934623e-09
  13.1100000    2.2409862279e-08    4.6379075024e-09   -6.7810748270e-10   -5.0006241210e-08    2.6206166854e-08    1.8260540587e-08    5.5588316507e-10    6.4896198868e-09
  13.1200000    1.7285803523e-08    5.5117459300e-09   -7.9215955925e-10   -5.0521056366e-08    2.6124974011e-08    1.8449206267e-08    5.5805721153e-10    6.4947405191e-09
  13.1300000    1.2139753514e-08    6.5458410011e-09   -8.6970835963e-10   -5.1041692265e-08    2.5959629738e-08    1.8532753134e-08    5.6027562055e-10    6.5000934168e-09
  13.1400000    7.1389523559e-09    7.7172860180e-09   -9.0848862222e-10   -5.1564211543e-08    2.5712413749e-08    1.8507543779e-08    5.6252686951e-10    6.5056319878e-09
  13.1500000    2.4500712340e-09    8.9972210087e-09   -9.0723735874e-10   -5.2084739448e-08    2.5387041775e-08    1.8372295398e-08    5.6480145878e-10    6.5112940309e-09
  13.1600000   -1.7663847684e-09    1.0351644806e-08   -8.6567731242e-10   -5.2599543231e-08    2.4988597137e-08    1.8128125002e-08    5.6709734554e-10    6.5170227137e-09
  13.1700000   -5.3615266134e-09    1.1742656105e-08   -7.8460704748e-10   -5.3105051425e-08    2.4523485026e-08    1.7778598938e-08    5.6940824055e-10    6.5227642466e-09
  13.1800000   -8.2035690434e-09    1.3129667799e-08   -6.6582445357e-10   -5.3597904249e-08    2.3999334639e-08    1.7329657242e-08    5.7172730796e-10    6.5284654132e-09
  13.1900000   -1.0182659265e-08    1.4470915103e-08   -5.1212156994e-10   -5.4075004633e-08    2.3424855715e-08    1.6789550931e-08    5.7404989359e-10    6.5340650004e-09
  13.2000000   -1.1215497090e-08    1.5725006106e-08   -3.2719914500e-10   -5.4533552482e-08    2.2809732828e-08    1.6168700664e-08    5.7637092575e-10    6.5395151249e-09
  13.2100000   -1.1248921515e-08    1.6852499113e-08   -1.1565991070e-10   -5.4971060745e-08    2.2164466966e-08    1.5479493053e-08    5.7868809760e-10    6.5447644337e-09
  13.2200000   -1.0262712307e-08    1.7817415917e-08    1.1712065045e-10   -5.5385404510e-08    2.1500179073e-08    1.4736034694e-08    5.8099498595e-10    6.5497761733e-09
  13.2300000   -8.2713831409e-09    1.8588731143e-08    3.6509492426e-10   -5.5774791784e-08    2.0828470155e-08    1.3953895754e-08    5.8328891179e-10    6.5545010703e-09
  13.2400000   -5.3247500215e-09    1.9141617553e-08    6.2162556560e-10   -5.6137809052e-08    2.0161200144e-08    1.3149769755e-08    5.8556688524e-10    6.5589071810e-09
  13.2500000   -1.5072820810e-09    1.9458589120e-08    8.7961536934e-10   -5.6473367419e-08    1.9510304277e-08    1.2341139056e-08    5.8782777813e-10    6.5629602577e-09
  13.2600000    3.0637108421e-09    1.9530210781e-08    1.1316389200e-09   -5.6780721826e-08    1.8887586947e-08    1.1545900070e-08    5.9007268374e-10    6.5666369990e-09
  13.2700000    8.2412888127e-09    1.9355756652e-08    1.3700524373e-09   -5.7059380731e-08    1.8304520595e-08    1.0781988363e-08    5.9229581109e-10    6.5699159311e-09
  13.2800000    1.3853162617e-08    1.8943281631e-08    1.5871566321e-09   -5.7309135143e-08    1.7772044181e-08    1.0066949907e-08    5.9450102673e-10    6.5727856653e-09
  13.2900000    1.9707054972e-08    1.8309495229e-08    1.7753287413e-09   -5.7529916281e-08    1.7300387998e-08    9.4175968330e-09    5.9668355640e-10    6.5752338798e-09
  13.3000000    2.5597062805e-08    1.7479292713e-08    1.9271437663e-09   -5.7721821358e-08    1.6898860548e-08    8.8495918122e-09    5.9884793948e-10    6.5772632603e-09
  13.3100000    3.1310631296e-08    1.6484918423e-08    2.0355747913e-09   -5.7884985559e-08    1.6575712964e-08    8.3771097216e-09    6.0099860395e-10    6.5788753553e-09
  13.3200000    3.6636145129e-08    1.5364786104e-08    2.0940934968e-09   -5.8019567806e-08    1.6337957740e-08    8.0124801603e-09    6.0313348514e-10    6.5800779254e-09
  13.3300000    4.1370683437e-08    1.4162112438e-08    2.0968430204e-09   -5.8125658439e-08    1.6191245208e-08    7.7658901130e-09    6.0525837036e-10    6.5808897944e-09
  13.3400000    4.5327667824e-08    1.2923243630e-08    2.0387437879e-09   -5.8203230918e-08    1.6139756745e-08    7.6451343540e-09    6.0737112306e-10    6.5813294106e-09
  13.3500000    4.8344328517e-08    1.1695909491e-08    1.9156861957e-09   -5.8252114949e-08    1.6186102140e-08    7.6554074329e-09    6.0948352725e-10    6.5814251712e-09
  13.3600000    5.0288369026e-08    1.0527280361e-08    1.7245796669e-09   -5.8271974389e-08    1.6331271819e-08    7.7991248257e-09    6.1159171812e-10    6.5812018188e-09
  13.3700000    6.4801299800e-08    9.5185572181e-09    3.1686207610e-10   -5.8680699981e-08    1.6574569391e-08    8.0758341952e-09    6.1370726487e-10    6.5807008411e-09
  13.3800000    6.7163409687e-08    8.4641000189e-09    1.7512739166e-10   -5.8564295274e-08    1.6913620976e-08    8.4821829285e-09    6.1583594182e-10    6.5799533701e-09
  13.3900000    6.7043650720e-08    7.6346153877e-09   -2.3884252737e-11   -5.8402685002e-08    1.7344403968e-08    9.0119308672e-09    6.1797971237e-10    6.5790020132e-09
  13.4000000    6.4494067889e-08    7.0551351041e-09   -2.7868390357e-10   -5.8197609268e-08    1.7861266383e-08    9.6560293327e-09    6.2014327104e-10    6.5778922080e-09
  13.4100000    5.9649784850e-08    6.7400152537e-09   -5.8651129262e-10   -5.7951001593e-08    1.8457016387e-08    1.0402804863e-08    6.2233532294e-10    6.5766686655e-09
  13.4200000    5.2722904308e-08    6.6922211334e-09   -9.4336318468e-10   -5.7665012632e-08    1.9123037315e-08    1.1238120849e-08    6.2456634966e-10    6.5753713382e-09
  13.4300000    4.3993259583e-08    6.9031868726e-09   -1.3440443661e-09   -5.7342052685e-08    1.9849376394e-08    1.2145680287e-08    6.2683386569e-10    6.5740495884e-09
  13.4400000    3.3796389764e-08    7.3530969520e-09   -1.7822380731e-09   -5.6984763891e-08    2.0624953521e-08    1.3107331514e-08    6.2915114990e-10    6.5727503370e-09
  13.4500000    2.2509462959e-08    8.0116820336e-09   -2.2506556019e-09   -5.6596057970e-08    2.1437677954e-08    1.4103416653e-08    6.3152337126e-10    6.5715158672e-09
  13.4600000    1.0535631570e-08    8.8394350371e-09   -2.7411279858e-09   -5.6179121586e-08    2.2274686562e-08    1.5113195367e-08    6.3396482812e-10    6.5703892406e-09
  13.4700000   -1.7124890894e-09    9.7892143487e-09   -3.2447800038e-09   -5.5737448858e-08    2.3122531107e-08    1.6115268599e-08    6.3647657008e-10    6.5694119445e-09
  13.4800000   -1.3829165194e-08    1.0808285899e-08   -3.7521785509e-09   -5.5274826316e-08    2.3967419733e-08    1.7088027927e-08    6.3907050072e-10    6.5686177108e-09
  13.4900000   -2.5431449853e-08    1.1840543726e-08   -4.2535446864e-09   -5.4795347715e-08    2.4795427845e-08    1.8010128070e-08    6.4174941945e-10    6.5680467507e-09
  13.5000000   -3.6173512681e-08    1.2828914704e-08   -4.7389143878e-09   -5.4303413334e-08    2.5592756196e-08    1.8860945274e-08    6.4452807318e-10    6.5677255457e-09
  13.5100000   -4.5759201968e-08    1.3717984361e-08   -5.1983787447e-09   -5.3803723986e-08    2.6345960636e-08    1.9621031313e-08    6.4740414162e-10    6.5676830837e-09
  13.5200000   -5.3951935757e-08    1.4456303790e-08   -5.6222490736e-09   -5.3301249489e-08    2.7042199158e-08    2.0272589789e-08    6.5039582481e-10    6.5679363699e-09
  13.5300000   -6.0581927673e-08    1.4998856390e-08   -6.0012978082e-09   -5.2801240715e-08    2.7669457606e-08    2.0799842897e-08    6.5350454650e-10    6.5685066447e-09
  13.5400000   -6.5550159190e-08    1.5309122916e-08   -6.3269023216e-09   -5.2309175141e-08    2.8216767601e-08    2.1189443073e-08    6.5673892637e-10    6.5694008010e-09
  13.5500000   -6.8829306934e-08    1.5360790615e-08   -6.5912678006e-09   -5.1830722782e-08    2.8674419247e-08    2.1430780050e-08    6.6010580766e-10    6.5706367480e-09
  13.5600000   -7.0461548483e-08    1.5139169106e-08   -6.7875700567e-09   -5.1371711437e-08    2.9034152100e-08    2.1516256558e-08    6.6361513270e-10    6.5722040543e-09
  13.5700000   -7.0553293411e-08    1.4641899832e-08   -6.9101203125e-09   -5.0938056342e-08    2.9289295751e-08    2.1441542630e-08    6.6726747502e-10    6.5741090904e-09
  13.5800000   -6.9267562790e-08    1.3879360707e-08   -6.9544902792e-09   -5.0535711793e-08    2.9434941347e-08    2.1205658767e-08    6.7107477149e-10    6.5763330185e-09
  13.5900000   -6.6814020258e-08    1.2874295227e-08   -6.9176033098e-09   -5.0170602275e-08    2.9468016042e-08    2.0811106889e-08    6.7504199596e-10    6.5788697873e-09
  13.6000000   -6.3437602885e-08    1.1661006967e-08   -6.7978198521e-09   -4.9848556881e-08    2.9387407667e-08    2.0263857732e-08    6.7917259364e-10    6.5817016784e-09
  13.6100000   -5.9405801337e-08    1.0283941729e-08   -6.5949864321e-09   -4.9575203937e-08    2.9193963413e-08    1.9573275647e-08    6.8347698126e-10    6.5848034165e-09
  13.6200000   -5.4995794885e-08    8.7958072441e-09   -6.3104367442e-09   -4.9355927511e-08    2.8890532130e-08    1.8751974188e-08    6.8795361315e-10    6.5881503772e-09
  13.6300000   -5.0481489772e-08    7.2552581708e-09   -5.9469816354e-09   -4.9195739907e-08    2.8481922097e-08    1.7815618552e-08    6.9260648379e-10    6.5917158548e-09
  13.6400000   -4.6121401403e-08    5.7243079826e-09   -5.5088927733e-09   -4.9099233123e-08    2.7974867673e-08    1.6782605969e-08    6.9744623268e-10    6.5954690593e-09
  13.6500000   -4.2147749512e-08    4.2654678758e-09   -5.0017903080e-09   -4.9070480365e-08    2.7377906936e-08    1.5673743497e-08    7.0247025085e-10    6.5993705050e-09
  13.6600000   -3.8757189634e-08    2.9389617850e-09   -4.4325650413e-09   -4.9112937134e-08    2.6701274653e-08    1.4511837687e-08    7.0768593146e-10    6.6033867371e-09
  13.6700000   -3.6103552183e-08    1.7997541904e-09   -3.8092389333e-09   -4.9229378772e-08    2.5956741168e-08    1.3321218259e-08    7.1309307701e-10    6.6074819069e-09
  13.6800000   -3.4292860922e-08    8.9507831235e-10   -3.1408309023e-09   -4.9421826549e-08    2.5157402516e-08    1.2127266054e-08    7.1868713427e-10    6.6116160467e-09
  13.6900000   -3.3380682747e-08    2.6208781946e-10   -2.4371766687e-09   -4.9691489875e-08    2.4317494831e-08    1.0955867697e-08    7.2448196524e-10    6.6157513823e-09
  13.7000000   -3.3371850550e-08   -7.4012198194e-11   -1.7087442002e-09   -5.0038688137e-08    2.3452121415e-08    9.8328817434e-09    7.3046710420e-10    6.6198485665e-09
  13.7100000   -3.4222595830e-08   -1.0118740358e-10   -9.6644015899e-10   -5.0462821939e-08    2.2577032489e-08    8.7835730905e-09    7.3665108213e-10    6.6238722742e-09
  13.7200000   -3.5844576764e-08    1.7876984935e-10   -2.2139793222e-10   -5.0962335566e-08    2.1708311757e-08    7.8320770523e-09    7.4302431782e-10    6.6277904418e-09
  13.7300000   -3.8110985726e-08    7.5013827253e-10    5.1523308745e-10   -5.1534702165e-08    2.0862122755e-08    7.0008491327e-09    7.4959177569e-10    6.6315612461e-09
  13.7400000   -4.0864016592e-08    1.5840570978e-09    1.2324923984e-09   -5.2176398638e-08    2.0054389565e-08    6.3101584568e-09    7.5634964852e-10    6.6351622677e-09
  13.7500000   -4.3923394460e-08    2.6398158507e-09    1.9198066190e-09   -5.2882945543e-08    1.9300529897e-08    5.7776317091e-09    7.6329500418e-10    6.6385623143e-09
  13.7600000   -4.7095817035e-08    3.8667837424e-09    2.5672043102e-09   -5.3648908171e-08    1.8615158091e-08    5.4178106750e-09    7.7042509447e-10    6.6417363036e-09
  13.7700000   -5.0184382519e-08    5.2069209729e-09    3.1654920056e-09   -5.4467949728e-08    1.8011812572e-08    5.2418138031e-09    7.7773505357e-10    6.6446633359e-09
  13.7800000   -5.2998146648e-08    6.5975997001e-09    3.7064225128e-09   -5.5332901088e-08    1.7502689097e-08    5.2570323967e-09    7.8522140245e-10    6.6473267216e-09
  13.7900000   -5.5360919931e-08    7.9747684212e-09    4.1828283648e-09   -5.6235804722e-08    1.7098400679e-08    5.4669142221e-09    7.9287649670e-10    6.6497105803e-09
  13.8000000   -5.7119307400e-08    9.2761518893e-09    4.5887731928e-09   -5.7168023087e-08    1.6807774499e-08    5.8708126262e-09    8.0069884200e-10    6.6518113393e-09
  13.8100000   -5.8149395159e-08    1.0444460746e-08    4.9196371584e-09   -5.8120351197e-08    1.6637661708e-08    6.4639599674e-09    8.0867975619e-10    6.6536164836e-09
  13.8200000   -5.8362311263e-08    1.1430376065e-08    5.1721840152e-09   -5.9083111859e-08    1.6592781228e-08    7.2374768813e-09    8.1681617280e-10    6.6551349929e-09
  13.8300000   -5.7707756495e-08    1.2195100597e-08    5.3446404930e-09   -6.0046280668e-08    1.6675591839e-08    8.1785092008e-09    8.2509363567e-10    6.6563621376e-09
  13.8400000   -5.6176142890e-08    1.2712527548e-08    5.4366817595e-09   -6.0999644635e-08    1.6886247170e-08    9.2704212785e-09    8.3351228806e-10    6.6573078345e-09
  13.8500000   -5.3798780328e-08    1.2970558855e-08    5.4494475166e-09   -6.1932925196e-08    1.7222539036e-08    1.0493124496e-08    8.4205514152e-10    6.6579855095e-09
  13.8600000   -5.0646556989e-08    1.2971921043e-08    5.3854849454e-09   -6.2835937604e-08    1.7679917935e-08    1.1823404854e-08    8.5072264254e-10    6.6584065965e-09
  13.8700000   -4.6826744353e-08    1.2734093215e-08    5.2487148901e-09   -6.3698738717e-08    1.8251539182e-08    1.3235384306e-08    8.5949976284e-10    6.6585864316e-09
  13.8800000   -4.2478486022e-08    1.2288487308e-08    5.0443093484e-09   -6.4511751665e-08    1.8928360023e-08    1.4701036970e-08    8.6838019846e-10    6.6585482097e-09
  13.8900000   -3.7767039761e-08    1.1678825637e-08    4.7786507840e-09   -6.5265972428e-08    1.9699262731e-08    1.6190726219e-08    8.7735314237e-10    6.6583151437e-09
  13.9000000   -3.2876906731e-08    1.0958971484e-08    4.4591083567e-09   -6.5953057526e-08    2.0551267015e-08    1.7673826181e-08    8.8641103265e-10    6.6579075222e-09
  13.9100000   -2.8004239414e-08    1.0189957912e-08    4.0939774369e-09   -6.6565479327e-08    2.1469711296e-08    1.9119339226e-08    8.9553947615e-10    6.6573571951e-09
  13.9200000   -2.3348873812e-08    9.4368442315e-09    3.6922859112e-09   -6.7096651206e-08    2.2438508799e-08    2.0496558078e-08    9.0472966853e-10    6.6566914384e-09
  13.9300000   -1.9106067120e-08    8.7650973609e-09    3.2636325855e-09   -6.7541038588e-08    2.3440450546e-08    2.1775714057e-08    9.1397276876e-10    6.6559322357e-09
  13.9400000   -1.5458576548e-08    8.2369485870e-09    2.8180176212e-09   -6.7894272090e-08    2.4457467532e-08    2.2928611643e-08    9.2325919014e-10    6.6551106088e-09
  13.9500000   -1.2569060754e-08    7.9079750420e-09    2.3656277275e-09   -6.8153192092e-08    2.5470998955e-08    2.3929252916e-08    9.3257143033e-10    6.6542563319e-09
  13.9600000   -1.0573356770e-08    7.8237033485e-09    1.9167270985e-09   -6.8315962353e-08    2.6462288652e-08    2.4754431852e-08    9.4190387439e-10    6.6533953760e-09
  13.9700000   -9.5746262928e-09    8.0169889246e-09    1.4814059584e-09   -6.8382068526e-08    2.7412771592e-08    2.5384251394e-08    9.5124157564e-10    6.6525497100e-09
  13.9800000   -9.6389411715e-09    8.5058161231e-09    1.0694650879e-09   -6.8352367855e-08    2.8304386209e-08    2.5802585786e-08    9.6057950447e-10    6.6517463615e-09
  13.9900000   -1.0792056427e-08    9.2919214204e-09    6.9022642178e-10   -6.8229080273e-08    2.9119941790e-08    2.5997502235e-08    9.6990052137e-10    6.6510066132e-09
  14.0000000   -1.3017901566e-08    1.0360295296e-08    3.5238858518e-10   -6.8015791267e-08    2.9843446157e-08    2.5961551911e-08    9.7919929199e-10    6.6503510404e-09
  14.0100000   -1.6258701179e-08    1.1679424820e-08    6.3900531364e-11   -6.7717389180e-08    3.0460399210e-08    2.5692007509e-08    9.8845817345e-10    6.6497914898e-09
  14.0200000   -2.0416561727e-08    1.3202576345e-08   -1.6817028124e-10   -6.7340020743e-08    3.0958112364e-08    2.5190986292e-08    9.9767043521e-10    6.6493462116e-09
  14.0300000   -2.5356929454e-08    1.4869820316e-08   -3.3774335727e-10   -6.6891002618e-08    3.1325956369e-08    2.4465464689e-08    1.0068233894e-09    6.6490230711e-09
  14.0400000   -3.0913374668e-08    1.6610803609e-08   -4.3979708273e-10   -6.6378724891e-08    3.1555578828e-08    2.3527225955e-08    1.0159108133e-09    6.6488330948e-09
  14.0500000   -3.6893748369e-08    1.8348127204e-08   -4.7045428308e-10   -6.5812547438e-08    3.1641099543e-08    2.2392688413e-08    1.0249193671e-09    6.6487765499e-09
  14.0600000   -4.3087531795e-08    2.0001107673e-08   -4.2700724996e-10   -6.5202649196e-08    3.1579243500e-08    2.1082598495e-08    1.0338352930e-09    6.6488468939e-09
  14.0700000   -4.9273933617e-08    2.1489903097e-08   -3.0797266273e-10   -6.4559898635e-08    3.1369443431e-08    1.9621668753e-08    1.0426558591e-09    6.6490512092e-09
  14.0800000   -5.5230636762e-08    2.2739514967e-08   -1.1308398874e-10   -6.3895693098e-08    3.1013899480e-08    1.8038147537e-08    1.0513673276e-09    6.6493771250e-09
  14.0900000   -6.0742539719e-08    2.3683747844e-08    1.5671822782e-10   -6.3221795115e-08    3.0517523674e-08    1.6363242888e-08    1.0599568602e-09    6.6498146951e-09
  14.1000000   -6.5610676757e-08    2.4268615278e-08    4.9929296182e-10   -6.2550155016e-08    2.9887937160e-08    1.4630534447e-08    1.0684215570e-09    6.6503532380e-09
  14.1100000   -6.9660272351e-08    2.4455341813e-08    9.1135771920e-10   -6.1892747941e-08    2.9135328598e-08    1.2875282796e-08    1.0767485396e-09    6.6509708962e-09
  14.1200000   -7.2748021339e-08    2.4222543688e-08    1.3885441735e-09   -6.1261392856e-08    2.8272306557e-08    1.1133748104e-08    1.0849311416e-09    6.6516547672e-09
  14.1300000   -7.4768218293e-08    2.3567551904e-08    1.9254482974e-09   -6.0667562918e-08    2.7313691585e-08    9.4424360942e-09    1.0929608284e-09    6.6523787125e-09
  14.1400000   -7.5657271291e-08    2.2506798007e-08    2.5157241005e-09   -6.0122246079e-08    2.6276254887e-08    7.8373111551e-09    1.1008287703e-09    6.6531162646e-09
  14.1500000   -7.5396531590e-08    2.1075308179e-08    3.1521721674e-09   -5.9635755305e-08    2.5178438319e-08    6.3530895528e-09    1.1085241955e-09    6.6538448154e-09
  14.1600000   -7.4013337994e-08    1.9325130030e-08    3.8268424703e-09   -5.9217582440e-08    2.4040038065e-08    5.0224630460e-09    1.1160439995e-09    6.6545371353e-09
  14.1700000   -7.1579934818e-08    1.7323068206e-08    4.5310987697e-09   -5.8876268133e-08    2.2881825887e-08    3.8754057993e-09    1.1233777826e-09    6.6551614661e-09
  14.1800000   -6.8210464588e-08    1.5147462685e-08    5.2557860045e-09   -5.8619259996e-08    2.1725188310e-08    2.9385040571e-09    1.1305221861e-09    6.6556882069e-09
  14.1900000   -6.4056182973e-08    1.2884542854e-08    5.9913093442e-09   -5.8452800572e-08    2.0591717274e-08    2.2343782944e-09    1.1374689370e-09    6.6560896062e-09
  14.2000000   -5.9298997630e-08    1.0624287172e-08    6.7277421561e-09   -5.8381837195e-08    1.9502821977e-08    1.7811213545e-09    1.1442107711e-09    6.6563348330e-09
  14.2100000   -5.4143496138e-08    8.4561301026e-09    7.4549438188e-09   -5.8409951772e-08    1.8479345596e-08    1.5919200143e-09    1.1507417601e-09    6.6563934006e-09
  14.2200000   -4.8808029554e-08    6.4646309895e-09    8.1626862950e-09   -5.8539290314e-08    1.7541108684e-08    1.6746603664e-09    1.1570526595e-09    6.6562356915e-09
  14.2300000   -4.3515094324e-08    4.7255034436e-09    8.8407517141e-09   -5.8770554738e-08    1.6706587413e-08    2.0317334595e-09    1.1631455618e-09    6.6558358142e-09
  14.2400000   -3.8481420386e-08    3.3019791914e-09    9.4790390194e-09   -5.9102951828e-08    1.5992517096e-08    2.6598874062e-09    1.1690091806e-09    6.6551668313e-09
  14.2500000   -3.3908358437e-08    2.2418237469e-09    1.0067686832e-08   -5.9534232538e-08    1.5413574073e-08    3.5502493955e-09    1.1746370365e-09    6.6542013629e-09
  14.2600000   -2.9973022089e-08    1.5752436388e-09    1.0597152688e-08   -6.0060706533e-08    1.4982084272e-08    4.6884243628e-09    1.1800309820e-09    6.6529222968e-09
  14.2700000   -2.6820330969e-08    1.3135349398e-09    1.1058338724e-08   -6.0677279953e-08    1.4707756013e-08    6.0547151202e-09    1.1851854154e-09    6.6513038921e-09
  14.2800000   -2.4556749163e-08    1.4487500030e-09    1.1442656554e-08   -6.1377563817e-08    1.4597484366e-08    7.6244802337e-09    1.1900925416e-09    6.6493360121e-09
  14.2900000   -2.3245636276e-08    1.9543730726e-09    1.1742131085e-08   -6.2153928310e-08    1.4655197847e-08    9.3685798176e-09    1.1947500825e-09    6.6469988243e-09
  14.3000000   -2.2904849097e-08    2.7868076587e-09    1.1949507816e-08   -6.2997625396e-08    1.4881739939e-08    1.1253913680e-08    1.1991553276e-09    6.6442794482e-09
  14.3100000   -2.3506248707e-08    3.8878037151e-09    1.2058287640e-08   -6.3898894501e-08    1.5274844711e-08    1.3244070659e-08    1.2033030641e-09    6.6411754215e-09
  14.3200000   -2.4977589849e-08    5.1874779996e-09    1.2062833499e-08   -6.4847120896e-08    1.5829145103e-08    1.5300016400e-08    1.2071941161e-09    6.6376758979e-09
  14.3300000   -2.7206388631e-08    6.6079813369e-09    1.1958443158e-08   -6.5830976254e-08    1.6536251413e-08    1.7380919880e-08    1.2108230098e-09    6.6337814080e-09
  14.3400000   -3.0045697530e-08    8.0674694805e-09    1.1741388866e-08   -6.6838569706e-08    1.7384869124e-08    1.9444913438e-08    1.2141858526e-09    6.6294959735e-09
  14.3500000   -3.3321539465e-08    9.4841627495e-09    1.1408996440e-08   -6.7857634306e-08    1.8361027035e-08    2.1449978607e-08    1.2172935826e-09    6.6248200122e-09
  14.3600000   -3.6841532810e-08    1.0780436757e-08    1.0959697199e-08   -6.8875668400e-08    1.9448271755e-08    2.3354825350e-08    1.2201318760e-09    6.6197647592e-09
  14.3700000   -4.0404409632e-08    1.1886570146e-08    1.0393070952e-08   -6.9880134421e-08    2.0627988058e-08    2.5119716213e-08    1.2227026191e-09    6.6143397909e-09
  14.3800000   -4.3809755902e-08    1.2744011009e-08    9.7098572110e-09   -7.0858623224e-08    2.1879734268e-08    2.6707325541e-08    1.2250091154e-09    6.6085631957e-09
  14.3900000   -4.6867706120e-08    1.3308137955e-08    8.9120254161e-09   -7.1799029663e-08    2.3181610287e-08    2.8083541500e-08    1.2270498595e-09    6.6024464240e-09
  14.4000000   -4.9407895686e-08    1.3550136596e-08    8.0027787909e-09   -7.2689721722e-08    2.4510650498e-08    2.9218187285e-08    1.2288230400e-09    6.5960125601e-09
  14.4100000   -5.1287452785e-08    1.3458153106e-08    6.9865327150e-09   -7.3519678515e-08    2.5843275470e-08    3.0085693651e-08    1.2303359773e-09    6.5892834984e-09
  14.4200000   -5.2397366069e-08    1.3037565710e-08    5.8689924011e-09   -7.4278667109e-08    2.7155700161e-08    3.0665695285e-08    1.2315838823e-09    6.5822821653e-09
  14.4300000   -5.2667336515e-08    1.2310331135e-08    4.6570367067e-09   -7.4957365591e-08    2.8424417208e-08    3.0943462329e-08    1.2325735836e-09    6.5750381324e-09
  14.4400000   -5.2068277268e-08    1.1313639503e-08    3.3587771591e-09   -7.5547483658e-08    2.9626632352e-08    3.0910332885e-08    1.2333048925e-09    6.5675765407e-09
  14.4500000   -5.0613017888e-08    1.0097768810e-08    1.9834720061e-09   -7.6041885730e-08    3.0740683476e-08    3.0563872614e-08    1.2337814845e-09    6.5599329922e-09
  14.4600000   -4.8354898982e-08    8.7234197406e-09    5.4148728669e-10   -7.6434670816e-08    3.1746485967e-08    2.9908061356e-08    1.2340100108e-09    6.5521296016e-09
  14.4700000   -4.5384179172e-08    7.2585033114e-09   -9.5577618919e-10   -7.6721243581e-08    3.2625896120e-08    2.8953242748e-08    1.2339903673e-09    6.5442060864e-09
  14.4800000   -4.1823007972e-08    5.7748611111e-09   -2.4959728831e-09   -7.6898384760e-08    3.3363088619e-08    2.7715980912e-08    1.2337303435e-09    6.5361891413e-09
  14.4900000   -3.7818633334e-08    4.3446499443e-09   -4.0659082599e-09   -7.6964266464e-08    3.3944851256e-08    2.6218798408e-08    1.2332388240e-09    6.5281154942e-09
  14.5000000   -3.3535836202e-08    3.0370771525e-09   -5.6516457674e-09   -7.6918497098e-08    3.4360858067e-08    2.4489760175e-08    1.2325183429e-09    6.5200169255e-09
  14.5100000   -2.9148554167e-08    1.9151554576e-09   -7.2386530130e-09   -7.6762092866e-08    3.4603877211e-08    2.2561960104e-08    1.2315768811e-09    6.5119224776e-09
  14.5200000   -2.4831385484e-08    1.0330890377e-09   -8.8119579996e-09   -7.6497463283e-08    3.4669919266e-08    2.0472886086e-08    1.2304180456e-09    6.5038685060e-09
  14.5300000   -2.0751326150e-08    4.3393955903e-10   -1.0356276792e-08   -7.6128380674e-08    3.4558330979e-08    1.8263696019e-08    1.2290524918e-09    6.4958810142e-09
  14.5400000   -1.7060261249e-08    1.4816014786e-10   -1.1856202550e-08   -7.5659914644e-08    3.4271809790e-08    1.5978410563e-08    1.2274870854e-09    6.4879911834e-09
  14.5500000   -1.3888396257e-08    1.9251357820e-10   -1.3296407690e-08   -7.5098358362e-08    3.3816370760e-08    1.3663044887e-08    1.2257333145e-09    6.4802234064e-09
  14.5600000   -1.1339250442e-08    5.6992692252e-10   -1.4661794488e-08   -7.4451158149e-08    3.3201255931e-08    1.1364665422e-08    1.2238018573e-09    6.4726057657e-09
  14.5700000   -9.4860071317e-09    1.2698428014e-09   -1.5937705533e-08   -7.3726768635e-08    3.2438751548e-08    9.1304433793e-09    1.2216966965e-09    6.4651585689e-09
  14.5800000   -8.3697114874e-09    2.2692312796e-09   -1.7110142155e-08   -7.2934579812e-08    3.1543950512e-08    7.0067018244e-09    1.2194315044e-09    6.4579090769e-09
  14.5900000   -7.9991219717e-09    3.5340976945e-09   -1.8165927501e-08   -7.2084792093e-08    3.0534499381e-08    5.0379354707e-09    1.2170185093e-09    6.4508727636e-09
  14.6000000   -8.3523017945e-09    5.0214207512e-09   -1.9092933388e-08   -7.1188257704e-08    2.9430239255e-08    3.2659009155e-09    1.2144696530e-09    6.4440631097e-09
  14.6100000   -9.3795536767e-09    6.6814181720e-09   -1.9880232605e-08   -7.0256365709e-08    2.8252838165e-08    1.7287230889e-09    1.2117898236e-09    6.4374963729e-09
  14.6200000   -1.1007666277e-08    8.4599469632e-09   -2.0518314608e-08   -6.9300899099e-08    2.7025384574e-08    4.6008870658e-10    1.2089971651e-09    6.4311839727e-09
  14.6300000   -1.3145010182e-08    1.0300930836e-08   -2.0999228406e-08   -6.8333879089e-08    2.5771930001e-08   -5.1148878272e-10    1.2061047076e-09    6.4251307553e-09
  14.6400000   -1.5687367423e-08    1.2148753455e-08   -2.1316709750e-08   -6.7367421349e-08    2.4517030287e-08   -1.1632825632e-09    1.2031194843e-09    6.4193420807e-09
  14.6500000   -1.8523775212e-08    1.3950422081e-08   -2.1466332635e-08   -6.6413613056e-08    2.3285276762e-08   -1.4788932013e-09    1.2000572738e-09    6.4138195645e-09
  14.6600000   -2.1542381940e-08    1.5657427482e-08   -2.1445607371e-08   -6.5484352545e-08    2.2100806613e-08   -1.4486159196e-09    1.1969338568e-09    6.4085601742e-09
  14.6700000   -2.4635776374e-08    1.7227364487e-08   -2.1254049644e-08   -6.4591236107e-08    2.0986853983e-08   -1.0697101765e-09    1.1937543077e-09    6.4035623234e-09
  14.6800000   -2.7705555699e-08    1.8625004965e-08   -2.0893235445e-08   -6.3745399285e-08    1.9965258179e-08   -3.4650487524e-10    1.1905354094e-09    6.3988135035e-09
  14.6900000   -3.0665933755e-08    1.9823031284e-08   -2.0366794718e-08   -6.2957435680e-08    1.9056073289e-08    7.0961496621e-10    1.1872895592e-09    6.3943055432e-09
  14.7000000   -3.3446285481e-08    2.0802354084e-08   -1.9680420289e-08   -6.2237249594e-08    1.8277151266e-08    2.0804165891e-09    1.1840280148e-09    6.3900224845e-09
  14.7100000   -3.5992510365e-08    2.1552079374e-08   -1.8841817059e-08   -6.1593979239e-08    1.7643813267e-08    3.7410876745e-09    1.1807674260e-09    6.3859519836e-09
  14.7200000   -3.8267102423e-08    2.2068968242e-08   -1.7860598858e-08   -6.1035902042e-08    1.7168507319e-08    5.6607361278e-09    1.1775141326e-09    6.3820740931e-09
  14.7300000   -4.0248396552e-08    2.2356820701e-08   -1.6748208197e-08   -6.0570345070e-08    1.6860597938e-08    7.8029353625e-09    1.1742823867e-09    6.3783647142e-09
  14.7400000   -4.1928788252e-08    2.2425530422e-08   -1.5517728086e-08   -6.0203620626e-08    1.6726167136e-08    1.0126457793e-08    1.1710861515e-09    6.3748082457e-09
  14.7500000   -4.3312242687e-08    2.2290066061e-08   -1.4183744925e-08   -5.9940998312e-08    1.6767871864e-08    1.2586042111e-08    1.1679291931e-09    6.3713755123e-09
  14.7600000   -4.4411507313e-08    2.1969221336e-08   -1.2762124905e-08   -5.9786604490e-08    1.6984927894e-08    1.5133319710e-08    1.1648303409e-09    6.3680371182e-09
  14.7700000   -4.5245024563e-08    2.1484613569e-08   -1.1269790137e-08   -5.9743453914e-08    1.7373079627e-08    1.7717759309e-08    1.1617916851e-09    6.3647722102e-09
  14.7800000   -4.5834005021e-08    2.0859569740e-08   -9.7244754151e-09   -5.9813391232e-08    1.7924715175e-08    2.0287687557e-08    1.1588307814e-09    6.3615536054e-09
  14.7900000   -4.6199835867e-08    2.0118147427e-08   -8.1444589583e-09   -5.9997096343e-08    1.8628990685e-08    2.2791309956e-08    1.1559469075e-09    6.3583463085e-09
  14.8000000   -4.6362060738e-08    1.9284392997e-08   -6.5482789784e-09   -6.0294100198e-08    1.9472037317e-08    2.5177807744e-08    1.1531531610e-09    6.3551247212e-09
  14.8100000   -4.6336952816e-08    1.8381562761e-08   -4.9544510935e-09   -6.0702778695e-08    2.0437274785e-08    2.7398342205e-08    1.1504532942e-09    6.3518555140e-09
  14.8200000   -4.6136889788e-08    1.7431730814e-08   -3.3811999174e-09   -6.1220396523e-08    2.1505672544e-08    2.9407072846e-08    1.1478533330e-09    6.3485156408e-09
  14.8300000   -4.5770550426e-08    1.6455471346e-08   -1.8461310319e-09   -6.1843135760e-08    2.2656175913e-08    3.1162110808e-08    1.1453583464e-09    6.3450761292e-09
  14.8400000   -4.5243792473e-08    1.5471561423e-08   -3.6599960279e-10   -6.2566141447e-08    2.3866098122e-08    3.2626413311e-08    1.1429762018e-09    6.3415057241e-09
  14.8500000   -4.4561068331e-08    1.4497001083e-08    1.0435735187e-09   -6.3383587365e-08    2.5111581133e-08    3.3768548247e-08    1.1406998988e-09    6.3377787751e-09
  14.8600000   -4.3727410052e-08    1.3546971607e-08    2.3683431279e-09   -6.4288725988e-08    2.6368051022e-08    3.4563366707e-08    1.1385408048e-09    6.3338730585e-09
  14.8700000   -4.2750520352e-08    1.2634843066e-08    3.5956829702e-09   -6.5273958235e-08    2.7610732606e-08    3.4992574263e-08    1.1364947358e-09    6.3297608869e-09
  14.8800000   -4.1642957883e-08    1.1772330637e-08    4.7147412628e-09   -6.6330916936e-08    2.8815097532e-08    3.5045135885e-08    1.1345618779e-09    6.3254273348e-09
  14.8900000   -4.0423983009e-08    1.0969462990e-08    5.7166192853e-09   -6.7450518740e-08    2.9957409235e-08    3.4717534922e-08    1.1327413105e-09    6.3208441374e-09
  14.9000000   -3.9121094110e-08    1.0234624452e-08    6.5944994219e-09   -6.8623105901e-08    3.1015144730e-08    3.4013915953e-08    1.1310268663e-09    6.3160003639e-09
  14.9100000   -3.7770720443e-08    9.5745793535e-09    7.3437338584e-09   -6.9838478693e-08    3.1967473352e-08    3.2946012515e-08    1.1294174968e-09    6.3108805993e-09
  14.9200000   -3.6418359416e-08    8.9943927729e-09    7.9618926199e-09   -7.1086011322e-08    3.2795657584e-08    3.1532982067e-08    1.1279030425e-09    6.3054700015e-09
  14.9300000   -3.5117707252e-08    8.4973331703e-09    8.4487557538e-09   -7.2354755081e-08    3.3483440054e-08    2.9801055723e-08    1.1264862402e-09    6.2997600945e-09
  14.9400000   -3.3928978241e-08    8.0848162909e-09    8.8063013576e-09   -7.3633531114e-08    3.4017352465e-08    2.7783033629e-08    1.1251525270e-09    6.2937438524e-09
  14.9500000   -3.2916376085e-08    7.7562580506e-09    9.0386085927e-09   -7.4911012197e-08    3.4387007393e-08    2.5517665482e-08    1.1238965125e-09    6.2874171852e-09
  14.9600000   -3.2144958430e-08    7.5090746531e-09    9.1517471080e-09   -7.6175847536e-08    3.4585289824e-08    2.3048895248e-08    1.1227066684e-09    6.2807726481e-09
  14.9700000   -3.1676875390e-08    7.3385559686e-09    9.1536389209e-09   -7.7416740232e-08    3.4608497274e-08    2.0425001060e-08    1.1215711763e-09    6.2738143974e-09
  14.9800000   -3.1567481493e-08    7.2380437952e-09    9.0538428031e-09   -7.8622565231e-08    3.4456434529e-08    1.7697649050e-08    1.1204787695e-09    6.2665449400e-09
  14.9900000   -3.1861331549e-08    7.1991116928e-09    8.8633634464e-09   -7.9782466894e-08    3.4132405002e-08    1.4920848034e-08    1.1194157137e-09    6.2589703442e-09
  15.0000000   -3.2588583973e-08    7.2116783874e-09    8.5943893346e-09   -8.0885930992e-08    3.3643156101e-08    1.2149875292e-08    1.1183722089e-09    6.2511007357e-09
  15.0100000   -3.3761782557e-08    7.2645896313e-09    8.2600207018e-09   -8.1922907718e-08    3.2998735539e-08    9.4401760011e-09    1.1173308010e-09    6.2429404516e-09
  15.0200000   -3.5373632009e-08    7.3460028540e-09    7.8740025520e-09   -8.2883910725e-08    3.2212301459e-08    6.8462316782e-09    1.1162741294e-09    6.2345002462e-09
  15.0300000   -3.7395697456e-08    7.4439610529e-09    7.4504270468e-09   -8.3760074034e-08    3.1299857613e-08    4.4204545337e-09    1.1151874674e-09    6.2258002528e-09
  15.0400000   -3.9778269517e-08    7.5471002355e-09    7.0034295359e-09   -8.4543268758e-08    3.0279922194e-08    2.2121272012e-09    1.1140554436e-09    6.2168507899e-09
  15.0500000   -4.2451504080e-08    7.6452757257e-09    6.5468981970e-09   -8.5226180528e-08    2.9173188711e-08    2.6639134348e-10    1.1128655638e-09    6.2076697584e-09
  15.0600000   -4.5327757583e-08    7.7301713536e-09    6.0941931955e-09   -8.5802387629e-08    2.8002097541e-08   -1.3766921647e-09    1.1115932165e-09    6.1982736650e-09
  15.0700000   -4.8305170297e-08    7.7959766580e-09    5.6578656480e-09   -8.6266428278e-08    2.6790381506e-08   -2.6829340017e-09    1.1102217638e-09    6.1886811718e-09
  15.0800000   -5.1272143680e-08    7.8397775715e-09    5.2494155691e-09   -8.6613880781e-08    2.5562604261e-08   -3.6247875815e-09    1.1087375333e-09    6.1789133013e-09
  15.0900000   -5.4112691685e-08    7.8619529751e-09    4.8790622523e-09   -8.6841418117e-08    2.4343660231e-08   -4.1818814898e-09    1.1071253396e-09    6.1689854054e-09
  15.1000000   -5.6712185316e-08    7.8662827793e-09    4.5555401812e-09   -8.6946867327e-08    2.3158303618e-08   -4.3414723591e-09    1.1053557891e-09    6.1589218650e-09
  15.1100000   -5.8963297257e-08    7.8598682118e-09    4.2859626694e-09   -8.6929246669e-08    2.2030622704e-08   -4.0987324666e-09    1.1034195208e-09    6.1487406627e-09
  15.1200000   -6.0771791897e-08    7.8529338806e-09    4.0756597657e-09   -8.6788833692e-08    2.0983585021e-08   -3.4568667755e-09    1.1013023930e-09    6.1384630366e-09
  15.1300000   -6.2061727353e-08    7.8581932337e-09    3.9281458361e-09   -8.6527149976e-08    2.0038551754e-08   -2.4270756093e-09    1.0989769365e-09    6.1281083973e-09
  15.1400000   -6.2779822803e-08    7.8902164258e-09    3.8450279577e-09   -8.6147014865e-08    1.9214904601e-08   -1.0283565237e-09    1.0964350026e-09    6.1176932882e-09
  15.1500000   -6.2898654213e-08    7.9645265799e-09    3.8260443124e-09   -8.5652546536e-08    1.8529593695e-08    7.1285458956e-10    1.0936594015e-09    6.1072402599e-09
  15.1600000   -6.2418644875e-08    8.0966495345e-09    3.8690990709e-09   -8.5049150112e-08    1.7996856884e-08    2.7631960790e-09    1.0906280852e-09    6.0967631687e-09
  15.1700000   -6.1368430918e-08    8.3008834758e-09    3.9703345729e-09   -8.4343493493e-08    1.7627923104e-08    5.0830345574e-09    1.0873355390e-09    6.0862781681e-09
  15.1800000   -5.9803713076e-08    8.5893277228e-09    4.1242839038e-09   -8.3543520106e-08    1.7430774873e-08    7.6272528616e-09    1.0837611132e-09    6.0758082324e-09
  15.1900000   -5.7804754591e-08    8.9708418509e-09    4.3240118291e-09   -8.2658342616e-08    1.7410003064e-08    1.0346123366e-08    1.0798995360e-09    6.0653604288e-09
  15.2000000   -5.5472315905e-08    9.4500699972e-09    4.5613051006e-09   -8.1698244729e-08    1.7566729227e-08    1.3186328057e-08    1.0757326232e-09    6.0549549730e-09
  15.2100000   -5.2922582541e-08    1.0026779103e-08    4.8269279101e-09   -8.0674564828e-08    1.7898569314e-08    1.6091980905e-08    1.0712557596e-09    6.0446009198e-09
  15.2200000   -5.0281133219e-08    1.0695450819e-08    5.1108163472e-09   -7.9599639762e-08    1.8399699514e-08    1.9005792616e-08    1.0664541862e-09    6.0343095016e-09
  15.2300000   -4.7676431810e-08    1.1444980011e-08    5.4023874219e-09   -7.8486692773e-08    1.9060989034e-08    2.1870193223e-08    1.0613253486e-09    6.0240920944e-09
  15.2400000   -4.5233135521e-08    1.2258964903e-08    5.6907877162e-09   -7.7349696388e-08    1.9870124955e-08    2.4628474599e-08    1.0558580118e-09    6.0139618803e-09
  15.2500000   -4.3065572842e-08    1.3116055674e-08    5.9651715283e-09   -7.6203284649e-08    2.0811950017e-08    2.7225976133e-08    1.0500489673e-09    6.0039246515e-09
  15.2600000   -4.1271830885e-08    1.3990856638e-08    6.2149765567e-09   -7.5062576372e-08    2.1868701943e-08    2.9611128399e-08    1.0438942871e-09    5.9939857726e-09
  15.2700000   -3.9928720315e-08    1.4854943178e-08    6.4302161504e-09   -7.3943030121e-08    2.3020406581e-08    3.1736552551e-08    1.0373962436e-09    5.9841593406e-09
  15.2800000   -3.9087899345e-08    1.5678139148e-08    6.6016884678e-09   -7.2860276736e-08    2.4245257411e-08    3.3559960086e-08    1.0305499390e-09    5.9744474244e-09
  15.2900000   -3.8773480592e-08    1.6430092366e-08    6.7212407884e-09   -7.1829938988e-08    2.5520062941e-08    3.5045045420e-08    1.0233617626e-09    5.9648596071e-09
  15.3000000   -3.8981036159e-08    1.7081741140e-08    6.7819548657e-09   -7.0867440569e-08    2.6820716448e-08    3.6162204707e-08    1.0158292687e-09    5.9553969172e-09
  15.3100000   -3.9678217152e-08    1.7606930551e-08    6.7783384443e-09   -6.9987837655e-08    2.8122671570e-08    3.6889132977e-08    1.0079588166e-09    5.9460683061e-09
  15.3200000   -4.0806936004e-08    1.7983912294e-08    6.7064469884e-09   -6.9205585593e-08    2.9401412188e-08    3.7211294462e-08    9.9975652327e-10    5.9368776492e-09
  15.3300000   -4.2286751248e-08    1.8196536062e-08    6.5640116198e-09   -6.8534361557e-08    3.0632984214e-08    3.7122194819e-08    9.9123055614e-10    5.9278282448e-09
  15.3400000   -4.4019595057e-08    1.8235461336e-08    6.3504632958e-09   -6.7986870948e-08    3.1794412491e-08    3.6623531074e-08    9.8238687625e-10    5.9189216303e-09
  15.3500000   -4.5895177014e-08    1.8098756815e-08    6.0669759646e-09   -6.7574642359e-08    3.2864202630e-08    3.5725157750e-08    9.7323809671e-10    5.9101704127e-09
  15.3600000   -4.7797071791e-08    1.7792289689e-08    5.7164367038e-09   -6.7307838550e-08    3.3822730895e-08    3.4444885266e-08    9.6380204488e-10    5.9015724158e-09
  15.3700000   -4.9608921017e-08    1.7329627175e-08    5.3033605419e-09   -6.7195092825e-08    3.4652649502e-08    3.2808135898e-08    9.5408529079e-10    5.8931390002e-09
  15.3800000   -5.1220518736e-08    1.6731590344e-08    4.8338072615e-09   -6.7243309541e-08    3.5339194024e-08    3.0847417997e-08    9.4410381160e-10    5.8848696942e-09
  15.3900000   -5.2533348977e-08    1.6025342075e-08    4.3152118418e-09   -6.7457559474e-08    3.5870517241e-08    2.8601694754e-08    9.3387513060e-10    5.8767741852e-09
  15.4000000   -5.3465385373e-08    1.5243142146e-08    3.7562099538e-09   -6.7840908280e-08    3.6237848844e-08    2.6115588448e-08    9.2341547843e-10    5.8688537426e-09
  15.4100000   -5.3954757674e-08    1.4420788254e-08    3.1664265409e-09   -6.8394325781e-08    3.6435715370e-08    2.3438492376e-08    9.1274500354e-10    5.8611220746e-09
  15.4200000   -5.3962344484e-08    1.3595873984e-08    2.5562239903e-09   -6.9116609201e-08    3.6461990225e-08    2.0623574688e-08    9.0187911504e-10    5.8535805103e-09
  15.4300000   -5.3472869926e-08    1.2805796224e-08    1.9364474101e-09   -7.0004287301e-08    3.6317954938e-08    1.7726726809e-08    8.9084123838e-10    5.8462313569e-09
  15.4400000   -5.2494811820e-08    1.2085882397e-08    1.3181675309e-09   -7.1051634127e-08    3.6008227485e-08    1.4805424977e-08    8.7965012115e-10    5.8390909173e-09
  15.4500000   -5.1058981109e-08    1.1467489884e-08    7.1237116061e-10   -7.2250633829e-08    3.5540684673e-08    1.1917611858e-08    8.6832692854e-10    5.8321607185e-09
  15.4600000   -4.9215940311e-08    1.0976319186e-08    1.2969977418e-10   -7.3591053833e-08    3.4926268280e-08    9.1205116148e-09    8.5690110006e-10    5.8254515998e-09
  15.4700000   -4.7032468143e-08    1.0630988703e-08   -4.1984044900e-10   -7.5060454668e-08    3.4178750541e-08    6.4695077670e-09    8.4538638557e-10    5.8189690935e-09
  15.4800000   -4.4587426763e-08    1.0441920658e-08   -9.2712703955e-10   -7.6644341138e-08    3.3314453420e-08    4.0170308860e-09    8.3380947611e-10    5.8127229552e-09
  15.4900000   -4.1967037629e-08    1.0410760488e-08   -1.3841833922e-09   -7.8326262498e-08    3.2351910920e-08    1.8115357703e-09    8.2218767532e-10    5.8067137170e-09
  15.5000000   -3.9260144519e-08    1.0530120529e-08   -1.7843672273e-09   -8.0088032760e-08    3.1311481734e-08   -1.0347538317e-10    8.1055142694e-10    5.8009550416e-09
  15.5100000   -3.6553652959e-08    1.0783868145e-08   -2.1225919175e-09   -8.1909852883e-08    3.0214915432e-08   -1.6902951751e-09    7.9891868045e-10    5.7954553763e-09
  15.5200000   -3.3928211233e-08    1.1147810146e-08   -2.3954468426e-09   -8.3770601436e-08    2.9084947643e-08   -2.9177512082e-09    7.8731593218e-10    5.7902196304e-09
  15.5300000   -3.1454770257e-08    1.1590951243e-08   -2.6013032961e-09   -8.5648086892e-08    2.7944808429e-08   -3.7618185260e-09    7.7576003534e-10    5.7852517557e-09
  15.5400000   -2.9191697995e-08    1.2076923829e-08   -2.7404184704e-09   -8.7519292767e-08    2.6817753352e-08   -4.2060553542e-09    7.6427352325e-10    5.7805630205e-09
  15.5500000   -2.7183055989e-08    1.2565880806e-08   -2.8149071843e-09   -8.9360747078e-08    2.5726613767e-08   -4.2419482235e-09    7.5287674549e-10    5.7761544290e-09
  15.5600000   -2.5457674422e-08    1.3016510865e-08   -2.8287442941e-09   -9.1148786098e-08    2.4693330329e-08   -3.8690301214e-09    7.4159434194e-10    5.7720312815e-09
  15.5700000   -2.4029245400e-08    1.3388190120e-08   -2.7876665961e-09   -9.2859927166e-08    2.3738512767e-08   -3.0948540857e-09    7.3043992513e-10    5.7681988679e-09
  15.5800000   -2.2897354184e-08    1.3643084631e-08   -2.6990668854e-09   -9.4471222294e-08    2.2881038210e-08   -1.9348565237e-09    7.1943839289e-10    5.7646608068e-09
  15.5900000   -2.2049144060e-08    1.3748138156e-08   -2.5718202761e-09   -9.5960582306e-08    2.2137683349e-08   -4.1199702525e-10    7.0860022989e-10    5.7614137947e-09
  15.6000000   -2.1461693810e-08    1.3676885214e-08   -2.4160897943e-09   -9.7307145555e-08    2.1522803629e-08    1.4437188587e-09    6.9794358110e-10    5.7584665833e-09
  15.6100000   -2.1104634161e-08    1.3410999861e-08   -2.2430457129e-09   -9.8491611655e-08    2.1048046392e-08    3.5958516915e-09    6.8748161393e-10    5.7558117242e-09
  15.6200000   -2.0943178410e-08    1.2941248899e-08   -2.0646439478e-09   -9.9496577681e-08    2.0722136031e-08    6.0022986363e-09    6.7723579082e-10    5.7534533766e-09
  15.6300000   -2.0940846682e-08    1.2268244913e-08   -1.8932755731e-09   -1.0030683376e-07    2.0550719638e-08    8.6161177213e-09    6.6720439608e-10    5.7513869420e-09
  15.6400000   -2.1062149942e-08    1.1402648473e-08   -1.7414905800e-09   -1.0090966967e-07    2.0536279295e-08    1.1386490729e-08    6.5740743805e-10    5.7496092368e-09
  15.6500000   -2.1274874608e-08    1.0364828041e-08   -1.6216220975e-09   -1.0129510084e-07    2.0678083895e-08    1.4259754394e-08    6.4784992980e-10    5.7481157163e-09
  15.6600000   -2.1551759541e-08    9.1841176306e-09   -1.5454836248e-09   -1.0145611606e-07    2.0972238045e-08    1.7180467932e-08    6.3854008952e-10    5.7469024192e-09
  15.6700000   -2.1871729706e-08    7.8976568731e-09   -1.5240372429e-09   -1.0138884045e-07    2.1411782350e-08    2.0092514738e-08    6.2948416427e-10    5.7459594415e-09
  15.6800000   -2.2220348991e-08    6.5488208981e-09   -1.5670549396e-09   -1.0109267404e-07    2.1986825495e-08    2.2940206753e-08    6.2068497213e-10    5.7452840797e-09
  15.6900000   -2.2589756248e-08    5.1854803329e-09   -1.6828326189e-09   -1.0057037298e-07    2.2684809449e-08    2.5669399582e-08    6.1214821679e-10    5.7448683824e-09
  15.7000000   -2.2978089394e-08    3.8578579954e-09   -1.8779117449e-09   -9.9828105780e-08    2.3490730791e-08    2.8228534254e-08    6.0387442291e-10    5.7446985329e-09
  15.7100000   -2.3388397067e-08    2.6164477996e-09   -2.1568556036e-09   -9.8875415610e-08    2.4387524382e-08    3.0569643923e-08    5.9585479908e-10    5.7447648049e-09
  15.7200000   -2.3827197212e-08    1.5099186026e-09   -2.5220225434e-09   -9.7725164946e-08    2.5356348652e-08    3.2649289242e-08    5.8810048345e-10    5.7450607422e-09
  15.7300000   -2.4302976448e-08    5.8296464726e-10   -2.9734470115e-09   -9.6393405905e-08    2.6377028333e-08    3.4429362790e-08    5.8059870472e-10    5.7455733300e-09
  15.7400000   -2.4824558786e-08   -1.2545118909e-10   -3.5087183195e-09   -9.4899201042e-08    2.7428453101e-08    3.5877818847e-08    5.7334795502e-10    5.7462892106e-09
  15.7500000   -2.5399612019e-08   -5.8372205166e-10   -4.1229388609e-09   -9.3264392459e-08    2.8489032344e-08    3.6969270803e-08    5.6633828230e-10    5.7472009718e-09
  15.7600000   -2.6033398538e-08   -7.6891758227e-10   -4.8087400108e-09   -9.1513329759e-08    2.9537125365e-08    3.7685423098e-08    5.5956330717e-10    5.7482887716e-09
  15.7700000   -2.6727898118e-08   -6.6758966407e-10   -5.5563418896e-09   -8.9672546634e-08    3.0551476300e-08    3.8015397014e-08    5.5301662009e-10    5.7495477785e-09
  15.7800000   -2.7481220226e-08   -2.7628384096e-10   -6.3536825052e-09   -8.7770361567e-08    3.1511644350e-08    3.7955879219e-08    5.4668696339e-10    5.7509614080e-09
  15.7900000   -2.8287624073e-08    3.9838882319e-10   -7.1866051976e-09   -8.5836497910e-08    3.2398447655e-08    3.7511142424e-08    5.4056413563e-10    5.7525199277e-09
  15.8000000   -2.9137717985e-08    1.3401517778e-09   -8.0390815709e-09   -8.3901649535e-08    3.3194300529e-08    3.6692888506e-08    5.3463270812e-10    5.7542082993e-09
  15.8100000   -3.0019255896e-08    2.5237959151e-09   -8.8935141467e-09   -8.1997002519e-08    3.3883604721e-08    3.5519955050e-08    5.2887988295e-10    5.7560152994e-09
  15.8200000   -3.0918099671e-08    3.9162153700e-09   -9.7310560505e-09   -8.0153749433e-08    3.4453038513e-08    3.4017901669e-08    5.2329863824e-10    5.7579315024e-09
  15.8300000   -3.1819377504e-08    5.4778859338e-09   -1.0531986681e-08   -7.8402623897e-08    3.4891826550e-08    3.2218423239e-08    5.1786775306e-10    5.7599435878e-09
  15.8400000   -3.2708782519e-08    7.1643296295e-09   -1.1276114833e-08   -7.6773387725e-08    3.5191936857e-08    3.0158706973e-08    5.1257512168e-10    5.7620431538e-09
  15.8500000   -3.3573724589e-08    8.9280059458e-09   -1.1943200199e-08   -7.5294353530e-08    3.5348250834e-08    2.7880622832e-08    5.0741283870e-10    5.7642218937e-09
  15.8600000   -3.4404409645e-08    1.0719974028e-08   -1.2513377487e-08   -7.3991900910e-08    3.5358644631e-08    2.5429869070e-08    5.0235656711e-10    5.7664693462e-09
  15.8700000   -3.5194588187e-08    1.2491830065e-08   -1.2967633355e-08   -7.2890053084e-08    3.5224002613e-08    2.2855031001e-08    4.9739711291e-10    5.7687766967e-09
  15.8800000   -3.5942030966e-08    1.4197355917e-08   -1.3288219928e-08   -7.2010038129e-08    3.4948239006e-08    2.0206622937e-08    4.9251648036e-10    5.7711356235e-09
  15.8900000   -3.6648515987e-08    1.5794151275e-08   -1.3459094103e-08   -7.1369916718e-08    3.4538171223e-08    1.7536039082e-08    4.8770354364e-10    5.7735424610e-09
  15.9000000   -3.7319534838e-08    1.7244974406e-08   -1.3466315035e-08   -7.0984242908e-08    3.4003368981e-08    1.4894564767e-08    4.8294333393e-10    5.7759905988e-09
  15.9100000   -3.7963531037e-08    1.8518917826e-08   -1.3298438053e-08   -7.0863808649e-08    3.3355953289e-08    1.2332360798e-08    4.7822088736e-10    5.7784766129e-09
  15.9200000   -3.8590890484e-08    1.9592268378e-08   -1.2946813881e-08   -7.1015377723e-08    3.2610378650e-08    9.8974923972e-09    4.7352190267e-10    5.7809979000e-09
  15.9300000   -3.9212593135e-08    2.0449026759e-08   -1.2405897012e-08   -7.1441573042e-08    3.1783097344e-08    7.6350158440e-09    4.6883766504e-10    5.7835517909e-09
  15.9400000   -3.9838823804e-08    2.1081161802e-08   -1.1673465921e-08   -7.2140752253e-08    3.0892236373e-08    5.5861149607e-09    4.6415327562e-10    5.7861304749e-09
  15.9500000   -4.0477604081e-08    2.1488552036e-08   -1.0750788717e-08   -7.3106991703e-08    2.9957228865e-08    3.7873471251e-09    4.5945926320e-10    5.7887375955e-09
  15.9600000   -4.1133431638e-08    2.1678632508e-08   -9.6427108075e-09   -7.4330155769e-08    2.8998416609e-08    2.2699859878e-09    4.5474554455e-10    5.7913756124e-09
  15.9700000   -4.1806352571e-08    2.1665725737e-08   -8.3577089803e-09   -7.5795973630e-08    2.8036644354e-08    1.0594580199e-09    4.5000780932e-10    5.7940448270e-09
  15.9800000   -4.2491138107e-08    2.1470168844e-08   -6.9078212198e-09   -7.7486275151e-08    2.7092849406e-08    1.7493108533e-10    4.4523233441e-10    5.7967419602e-09
  15.9900000   -4.3177145808e-08    2.1117352608e-08   -5.3085535473e-09   -7.9379216446e-08    2.6187629222e-08   -3.7099917706e-10    4.4041669893e-10    5.7994756138e-09
  16.0000000   -4.3848522484e-08    2.0636379556e-08   -3.5786702061e-09   -8.1449605371e-08    2.5340817382e-08   -5.7244452739e-10    4.3555307481e-10    5.8022408135e-09
  16.0100000   -4.4484910761e-08    2.0058866082e-08   -1.7399614333e-09   -8.3669298357e-08    2.4571144446e-08   -4.3028055420e-10    4.3064182404e-10    5.8050502010e-09
  16.0200000   -4.5062682958e-08    1.9417526835e-08    1.8310170735e-10   -8.6007630703e-08    2.3895821336e-08    4.7966737739e-11    4.2567597217e-10    5.8078948624e-09
  16.0300000   -4.5556526138e-08    1.8744856173e-08    2.1637469072e-09   -8.8431883096e-08    2.3330207000e-08    8.4837898595e-10    4.2065919290e-10    5.8107926177e-09
  16.0400000   -4.5941396783e-08    1.8071839676e-08    4.1733188917e-09   -9.0907832758e-08    2.2887524353e-08    1.9509905705e-09    4.1558718542e-10    5.8137345163e-09
  16.0500000   -4.6194548850e-08    1.7426722723e-08    6.1817908569e-09   -9.3400281501e-08    2.2578586866e-08    3.3302489646e-09    4.1046377689e-10    5.8167335597e-09
  16.0600000   -4.6297709387e-08    1.6833992632e-08    8.1582532712e-09   -9.5873635740e-08    2.2411603810e-08    4.9556415672e-09    4.0529030084e-10    5.8197920537e-09
  16.0700000   -4.6239087132e-08    1.6313484097e-08    1.0071500493e-08   -9.8292503102e-08    2.2392011298e-08    6.7923189370e-09    4.0007728112e-10    5.8229106372e-09
  16.0800000   -4.6015036191e-08    1.5879650903e-08    1.1890559182e-08   -1.0062228239e-07    2.2522384732e-08    8.8018716836e-09    3.9482309473e-10    5.8260951898e-09
  16.0900000   -4.5631323109e-08    1.5541150626e-08    1.3585274485e-08   -1.0282972635e-07    2.2802354077e-08    1.0943128667e-08    3.8953438776e-10    5.8293489629e-09
  16.1000000   -4.5104022778e-08    1.5300595190e-08    1.5126875499e-08   -1.0488351005e-07    2.3228677076e-08    1.3173002288e-08    3.8422438874e-10    5.8326742307e-09
  16.1100000   -4.4459456091e-08    1.5154590630e-08    1.6488523872e-08   -1.0675476545e-07    2.3795243119e-08    1.5447374198e-08    3.7889438183e-10    5.8360716812e-09
  16.1200000   -4.3733655618e-08    1.5093985312e-08    1.7645830665e-08   -1.0841757137e-07    2.4493235197e-08    1.7721953381e-08    3.7356118096e-10    5.8395450909e-09
  16.1300000   -4.2971185984e-08    1.5104352400e-08    1.8577340452e-08   -1.0984940950e-07    2.5311273012e-08    1.9953172750e-08    3.6823419654e-10    5.8430918482e-09
  16.1400000   -4.2223130780e-08    1.5166728576e-08    1.9264981531e-08   -1.1103153893e-07    2.6235663394e-08    2.2099019389e-08    3.6292290513e-10    5.8467190905e-09
  16.1500000   -4.1544621328e-08    1.5258419018e-08    1.9694423749e-08   -1.1194932129e-07    2.7250636123e-08    2.4119839720e-08    3.5764022683e-10    5.8504219587e-09
  16.1600000   -4.0991968161e-08    1.5354170325e-08    1.9855402186e-08   -1.1259251545e-07    2.8338669136e-08    2.5979061645e-08    3.5239898053e-10    5.8541987599e-09
  16.1700000   -4.0619422903e-08    1.5427190558e-08    1.9741964701e-08   -1.1295542005e-07    2.9480812632e-08    2.7643866889e-08    3.4721542888e-10    5.8580491895e-09
  16.1800000   -4.0475856605e-08    1.5450457976e-08    1.9352635591e-08   -1.1303698876e-07    3.0657042499e-08    2.9085764189e-08    3.4209859850e-10    5.8619720290e-09
  16.1900000   -4.0601576445e-08    1.5397986825e-08    1.8690497696e-08   -1.1284087906e-07    3.1846652850e-08    3.0281093641e-08    3.3706880366e-10    5.8659646104e-09
  16.2000000   -4.1025455204e-08    1.5246019714e-08    1.7763191225e-08   -1.1237536997e-07    3.3028619807e-08    3.1211380682e-08    3.3213453736e-10    5.8700182155e-09
  16.2100000   -4.1762387026e-08    1.4974200686e-08    1.6582836646e-08   -1.1165325682e-07    3.4182030744e-08    3.1863600454e-08    3.2731426698e-10    5.8741338652e-09
  16.2200000   -4.2811595016e-08    1.4566573350e-08    1.5165874766e-08   -1.1069159180e-07    3.5286436693e-08    3.2230355153e-08    3.2262273929e-10    5.8783039199e-09
  16.2300000   -4.4155530014e-08    1.4012529765e-08    1.3532809978e-08   -1.0951144027e-07    3.6322250090e-08    3.2309900823e-08    3.1807073683e-10    5.8825218012e-09
  16.2400000   -4.5759687774e-08    1.3307428396e-08    1.1707906177e-08   -1.0813750830e-07    3.7271094842e-08    3.2106085172e-08    3.1367692226e-10    5.8867880152e-09
  16.2500000   -4.7573364276e-08    1.2453050162e-08    9.7187622876e-09   -1.0659770319e-07    3.8116139768e-08    3.1628149917e-08    3.0945347741e-10    5.8910883991e-09
  16.2600000   -4.9531217748e-08    1.1457827476e-08    7.5958985547e-09   -1.0492266701e-07    3.8842405681e-08    3.0890468961e-08    3.0541499288e-10    5.8954214220e-09
  16.2700000   -5.1555715714e-08    1.0336662432e-08    5.3722067730e-09   -1.0314525064e-07    3.9437024729e-08    2.9912163831e-08    3.0157701644e-10    5.8997837541e-09
  16.2800000   -5.3560297814e-08    9.1106707822e-09    3.0824247438e-09   -1.0129993398e-07    3.9889486466e-08    2.8716618487e-08    2.9794602003e-10    5.9041650899e-09
  16.2900000   -5.5453058162e-08    7.8064861133e-09    7.6252531691e-10   -9.9422230650e-08    4.0191785949e-08    2.7330966062e-08    2.9453936079e-10    5.9085625083e-09
  16.3000000   -5.7140859967e-08    6.4554701253e-09   -1.5508893050e-09   -9.7548091877e-08    4.0338568286e-08    2.5785466385e-08    2.9136736833e-10    5.9129690386e-09
  16.3100000   -5.8533676821e-08    5.0926198746e-09   -3.8212315574e-09   -9.5713261676e-08    4.0327234460e-08    2.4112871307e-08    2.8843717323e-10    5.9173746962e-09
  16.3200000   -5.9548812797e-08    3.7553532626e-09   -6.0125458897e-09   -9.3952649447e-08    4.0157928003e-08    2.2347726001e-08    2.8576566252e-10    5.9217831077e-09
  16.3300000   -6.0114952735e-08    2.4821235121e-09   -8.0901260428e-09   -9.2299753448e-08    3.9833558493e-08    2.0525661019e-08    2.8335359798e-10    5.9261832321e-09
  16.3400000   -6.0175770226e-08    1.3110859769e-09   -1.0021113682e-08   -9.0786077316e-08    3.9359700293e-08    1.8682687401e-08    2.8121438141e-10    5.9305745897e-09
  16.3500000   -5.9692891643e-08    2.7855294694e-10   -1.1775087212e-08   -8.9440548036e-08    3.8744510642e-08    1.6854482148e-08    2.7935580867e-10    5.9349539132e-09
  16.3600000   -5.8648032581e-08   -5.8222152862e-10   -1.3324549088e-08   -8.8289064778e-08    3.7998523533e-08    1.5075724482e-08    2.7778101655e-10    5.9393179482e-09
  16.3700000   -5.7044357310e-08   -1.2424308574e-09   -1.4645400134e-08   -8.7354041334e-08    3.7134492170e-08    1.3379415272e-08    2.7649551849e-10    5.9436664943e-09
  16.3800000   -5.4906802358e-08   -1.6787144850e-09   -1.5717372327e-08   -8.6654002510e-08    3.6167090707e-08    1.1796325362e-08    2.7550415634e-10    5.9479980319e-09
  16.3900000   -5.2281497016e-08   -1.8740892387e-09   -1.6524329854e-08   -8.6203309019e-08    3.5112700539e-08    1.0354415776e-08    2.7481093338e-10    5.9523110867e-09
  16.4000000   -4.9234166917e-08   -1.8184975941e-09   -1.7054558750e-08   -8.6011916497e-08    3.3989070582e-08    9.0783897666e-09    2.7441715123e-10    5.9566117902e-09
  16.4100000   -4.5847767147e-08   -1.5092763847e-09   -1.7300937374e-08   -8.6085185656e-08    3.2814970105e-08    7.9892752213e-09    2.7431978223e-10    5.9608952556e-09
  16.4200000   -4.2219335903e-08   -9.5113993301e-10   -1.7261035546e-08   -8.6423849132e-08    3.1609910110e-08    7.1041300781e-09    2.7452811215e-10    5.9651678763e-09
  16.4300000   -3.8456194483e-08   -1.5597574974e-10   -1.6937140600e-08   -8.7023994649e-08    3.0393751718e-08    6.4357966955e-09    2.7503255525e-10    5.9694310316e-09
  16.4400000   -3.4671790580e-08    8.5763620173e-10   -1.6336197424e-08   -8.7877173988e-08    2.9186360471e-08    5.9927843589e-09    2.7583207633e-10    5.9736847497e-09
  16.4500000   -3.0981227422e-08    2.0651573336e-09   -1.5469640916e-08   -8.8970573457e-08    2.8007261634e-08    5.7791825103e-09    2.7692404743e-10    5.9779382353e-09
  16.4600000   -2.7496810113e-08    3.4371091856e-09   -1.4353190847e-08   -9.0287244249e-08    2.6875297640e-08    5.7947289933e-09    2.7831066853e-10    5.9821920321e-09
  16.4700000   -2.4323744159e-08    4.9401384274e-09   -1.3006543004e-08   -9.1806446982e-08    2.5808317259e-08    6.0349103599e-09    2.7997894085e-10    5.9864506737e-09
  16.4800000   -2.1556087628e-08    6.5382603987e-09   -1.1453023991e-08   -9.3504054641e-08    2.4822861599e-08    6.4911484977e-09    2.8192894275e-10    5.9907193357e-09
  16.4900000   -1.9273199115e-08    8.1942348357e-09   -9.7191510774e-09   -9.5352963980e-08    2.3933891324e-08    7.1511083416e-09    2.8415048924e-10    5.9950017903e-09
  16.5000000   -1.7536927490e-08    9.8707932991e-09   -7.8341584149e-09   -9.7323619189e-08    2.3154553801e-08    7.9989875213e-09    2.8663425039e-10    5.9993036961e-09
  16.5100000   -1.6389352502e-08    1.1531931911e-08   -5.8294977575e-09   -9.9384569409e-08    2.2495964064e-08    9.0159546667e-09    2.8937831071e-10    6.0036276875e-09
  16.5200000   -1.5851486667e-08    1.3144016721e-08   -3.7382748960e-09   -1.0150302449e-07    2.1967047962e-08    1.0180554487e-08    2.9237012662e-10    6.0079744483e-09
  16.5300000   -1.5922751690e-08    1.4676810196e-08   -1.5946895948e-09   -1.0364544471e-07    2.1574394408e-08    1.1469200986e-08    2.9560032715e-10    6.0123485681e-09
  16.5400000   -1.6581218230e-08    1.6104213042e-08    5.6654298975e-10   -1.0577816322e-07    2.1322185584e-08    1.2856672025e-08    2.9906302620e-10    6.0167533323e-09
  16.5500000   -1.7784839067e-08    1.7404910572e-08    2.7107743919e-09   -1.0786798809e-07    2.1212162007e-08    1.4316652143e-08    3.0274582989e-10    6.0211895222e-09
  16.5600000   -1.9473248066e-08    1.8562653123e-08    4.8039993593e-09   -1.0988278838e-07    2.1243589684e-08    1.5822227451e-08    3.0663778647e-10    6.0256495180e-09
  16.5700000   -2.1570327437e-08    1.9566414225e-08    6.8133876036e-09   -1.1179206733e-07    2.1413340330e-08    1.7346408760e-08    3.1072911667e-10    6.0301415438e-09
  16.5800000   -2.3987356527e-08    2.0410256570e-08    8.7078143254e-09   -1.1356749566e-07    2.1715966730e-08    1.8862640331e-08    3.1500644641e-10    6.0346601773e-09
  16.5900000   -2.6626483154e-08    2.1092995032e-08    1.0458338206e-08   -1.1518341394e-07    2.2143823485e-08    2.0345285748e-08    3.1946556762e-10    6.0391965384e-09
  16.6000000   -2.9384493479e-08    2.1617760056e-08    1.2038629678e-08   -1.1661726453e-07    2.2687220175e-08    2.1770037816e-08    3.2408360635e-10    6.0437550566e-09
  16.6100000   -3.2156882651e-08    2.1991344506e-08    1.3425375324e-08   -1.1784997548e-07    2.3334655101e-08    2.3114348637e-08    3.2886075965e-10    6.0483252233e-09
  16.6200000   -3.4841716688e-08    2.2223422007e-08    1.4598567829e-08   -1.1886628556e-07    2.4073008990e-08    2.4357771214e-08    3.3378034973e-10    6.0528965263e-09
  16.6300000   -3.7343443280e-08    2.2325882730e-08    1.5541793058e-08   -1.1965497301e-07    2.4887802630e-08    2.5482260458e-08    3.3883121731e-10    6.0574625437e-09
  16.6400000   -3.9576493711e-08    2.2311842444e-08    1.6242402554e-08   -1.2020903799e-07    2.5763473255e-08    2.6472423789e-08    3.4400157957e-10    6.0620110758e-09
  16.6500000   -4.1468250936e-08    2.2195058015e-08    1.6691665007e-08   -1.2052577806e-07    2.6683661750e-08    2.7315664522e-08    3.4927853636e-10    6.0665344777e-09
  16.6600000   -4.2961854279e-08    2.1989159066e-08    1.6884801809e-08   -1.2060682320e-07    2.7631504644e-08    2.8002371363e-08    3.5465604665e-10    6.0710198009e-09
  16.6700000   -4.4018088373e-08    2.1707039206e-08    1.6820998034e-08   -1.2045804470e-07    2.8589947255e-08    2.8525907411e-08    3.6012264386e-10    6.0754504798e-09
  16.6800000   -4.4616669246e-08    2.1360367527e-08    1.6503298952e-08   -1.2008941292e-07    2.9542051244e-08    2.8882681227e-08    3.6566742910e-10    6.0798162880e-09
  16.6900000   -4.4756957914e-08    2.0959286001e-08    1.5938513915e-08   -1.1951477224e-07    3.0471255367e-08    2.9072038412e-08    3.7127929878e-10    6.0840987877e-09
  16.7000000   -4.4457840997e-08    2.0512144708e-08    1.5136997840e-08   -1.1875158497e-07    3.1361728055e-08    2.9096178312e-08    3.7695170146e-10    6.0882807770e-09
  16.7100000   -4.3756758374e-08    2.0025477856e-08    1.4112401003e-08   -1.1782055041e-07    3.2198555864e-08    2.8959994862e-08    3.8267227296e-10    6.0923514476e-09
  16.7200000   -4.2708237981e-08    1.9504116729e-08    1.2881409732e-08   -1.1674519893e-07    3.2968064815e-08    2.8670873408e-08    3.8842934478e-10    6.0962902745e-09
  16.7300000   -4.1381607485e-08    1.8951228312e-08    1.1463377134e-08   -1.1555143510e-07    3.3658008141e-08    2.8238457638e-08    3.9422411012e-10    6.1000849343e-09
  16.7400000   -3.9858156538e-08    1.8368734498e-08    9.8799913033e-09   -1.1426705976e-07    3.4257777416e-08    2.7674378380e-08    4.0004087569e-10    6.1037084908e-09
  16.7500000   -3.8227873219e-08    1.7757528867e-08    8.1548645316e-09   -1.1292122684e-07    3.4758563825e-08    2.6991963111e-08    4.0587614811e-10    6.1071566440e-09
  16.7600000   -3.6585698295e-08    1.7117923662e-08    6.3131552375e-09   -1.1154389867e-07    3.5153509029e-08    2.6205924245e-08    4.1172477631e-10    6.1104067495e-09
  16.7700000   -3.5027738265e-08    1.6449960342e-08    4.3811221245e-09   -1.1016529697e-07    3.5437783070e-08    2.5332052508e-08    4.1757958268e-10    6.1134432619e-09
  16.7800000   -3.3647095393e-08    1.5753782167e-08    2.3857471615e-09   -1.0881535889e-07    3.5608673903e-08    2.4386868461e-08    4.2343560862e-10    6.1162521649e-09
  16.7900000   -3.2530044102e-08    1.5029968863e-08    3.5429074779e-10   -1.0752317954e-07    3.5665577930e-08    2.3387339732e-08    4.2929180598e-10    6.1188168362e-09
  16.8000000   -3.1752259155e-08    1.4279817354e-08   -1.6860877873e-09   -1.0631649200e-07    3.5610026246e-08    2.2350541464e-08    4.3514328057e-10    6.1211262764e-09
  16.8100000   -3.1375459064e-08    1.3505513447e-08   -3.7087099046e-09   -1.0522118749e-07    3.5445606183e-08    2.1293375179e-08    4.4098125132e-10    6.1231678048e-09
  16.8200000   -3.1444546312e-08    1.2710245534e-08   -5.6877369772e-09   -1.0426085326e-07    3.5177894316e-08    2.0232300383e-08    4.4680769642e-10    6.1249289890e-09
  16.8300000   -3.1985391878e-08    1.1898309541e-08   -7.5984822722e-09   -1.0345638160e-07    3.4814342644e-08    1.9183073042e-08    4.5262626849e-10    6.1264001990e-09
  16.8400000   -3.3003320572e-08    1.1075024044e-08   -9.4177277109e-09   -1.0282561019e-07    3.4364109303e-08    1.8160527568e-08    4.5842732046e-10    6.1275719013e-09
  16.8500000   -3.4482469767e-08    1.0246653000e-08   -1.1123964888e-08   -1.0238301968e-07    3.3837884593e-08    1.7178402781e-08    4.6421258905e-10    6.1284355841e-09
  16.8600000   -3.6385872568e-08    9.4202665600e-09   -1.2697619229e-08   -1.0213954983e-07    3.3247726993e-08    1.6249139798e-08    4.6998346273e-10    6.1289840677e-09
  16.8700000   -3.8656604815e-08    8.6035585052e-09   -1.4121224493e-08   -1.0210239779e-07    3.2606777069e-08    1.5383807473e-08    4.7574447152e-10    6.1292144791e-09
  16.8800000   -4.1219580963e-08    7.8047027677e-09   -1.5379575933e-08   -1.0227497882e-07    3.1929083347e-08    1.4591972481e-08    4.8149549841e-10    6.1291206941e-09
  16.8900000   -4.3984185537e-08    7.0319960468e-09   -1.6459817436e-08   -1.0265685421e-07    3.1229272731e-08    1.3881650651e-08    4.8723560181e-10    6.1287020494e-09
  16.9000000   -4.6847607822e-08    6.2938105935e-09   -1.7351510245e-08   -1.0324384222e-07    3.0522344308e-08    1.3259283255e-08    4.9296986511e-10    6.1279567230e-09
  16.9100000   -4.9698772982e-08    5.5982877115e-09   -1.8046656954e-08   -1.0402810785e-07    2.9823390657e-08    1.2729730184e-08    4.9870274495e-10    6.1268824843e-09
  16.9200000   -5.2422527359e-08    4.9532477491e-09   -1.8539704810e-08   -1.0499835521e-07    2.9147296739e-08    1.2296301667e-08    5.0443851132e-10    6.1254814591e-09
  16.9300000   -5.4904185430e-08    4.3660156375e-09   -1.8827482317e-08   -1.0614010015e-07    2.8508517327e-08    1.1960799203e-08    5.1017551978e-10    6.1237539179e-09
  16.9400000   -5.7034057386e-08    3.8433407019e-09   -1.8909151096e-08   -1.0743593954e-07    2.7920778709e-08    1.1723611396e-08    5.1592144837e-10    6.1217054265e-09
  16.9500000   -5.8711836337e-08    3.3912954171e-09   -1.8786104719e-08   -1.0886593957e-07    2.7396879910e-08    1.1583784570e-08    5.2168728872e-10    6.1193365067e-09
  16.9600000   -5.9850631684e-08    3.0152760394e-09   -1.8461867139e-08   -1.1040800904e-07    2.6948445696e-08    1.1539140818e-08    5.2746986090e-10    6.1166566352e-09
  16.9700000   -6.0380586376e-08    2.7199974579e-09   -1.7941954570e-08   -1.1203831928e-07    2.6585722875e-08    1.1586386811e-08    5.3327883878e-10    6.1136648456e-09
  16.9800000   -6.0251662410e-08    2.5095019034e-09   -1.7233721198e-08   -1.1373178781e-07    2.6317405704e-08    1.1721232999e-08    5.3911846613e-10    6.1103698788e-09
  16.9900000   -5.9435837574e-08    2.3871135576e-09   -1.6346246854e-08   -1.1546253716e-07    2.6150472000e-08    1.1938538650e-08    5.4499630245e-10    6.1067791735e-09
  17.0000000   -5.7928303381e-08    2.3555286574e-09   -1.5290137153e-08   -1.1720436071e-07    2.6090099491e-08    1.2232432132e-08    5.5091643335e-10    6.1028969961e-09
  17.0100000   -5.5747830352e-08    2.4167876596e-09   -1.4077392716e-08   -1.1893119667e-07    2.6139522640e-08    1.2596421346e-08    5.5689018535e-10    6.0987268112e-09
  17.0200000   -5.2936110769e-08    2.5722863822e-09   -1.2721235560e-08   -1.2061761212e-07    2.6300033658e-08    1.3023531774e-08    5.6291525267e-10    6.0942816958e-09
  17.0300000   -4.9556308374e-08    2.8227563966e-09   -1.1235960690e-08   -1.2223924686e-07    2.6570896108e-08    1.3506435403e-08    5.6899984191e-10    6.0895650551e-09
  17.0400000   -4.5690730922e-08    3.1682265945e-09   -9.6367878452e-09   -1.2377322084e-07    2.6949407464e-08    1.4037529115e-08    5.7515285501e-10    6.0845856871e-09
  17.0500000   -4.1437763393e-08    3.6080006207e-09   -7.9396969740e-09   -1.2519852169e-07    2.7430933058e-08    1.4609057059e-08    5.8137619291e-10    6.0793497267e-09
  17.0600000   -3.6908269109e-08    4.1405452123e-09   -6.1613156363e-09   -1.2649638209e-07    2.8008985453e-08    1.5213190752e-08    5.8767749220e-10    6.0738634170e-09
  17.0700000   -3.2221557383e-08    4.7635032802e-09   -4.3187677220e-09   -1.2765051358e-07    2.8675314842e-08    1.5842106547e-08    5.9406550241e-10    6.0681327468e-09
  17.0800000   -2.7501085020e-08    5.4735465623e-09   -2.4295586699e-09   -1.2864744851e-07    2.9420082046e-08    1.6488063351e-08    6.0053309530e-10    6.0621647318e-09
  17.0900000   -2.2870126726e-08    6.2664132045e-09   -5.1145263917e-10   -1.2947664530e-07    3.0232024093e-08    1.7143455246e-08    6.0709644364e-10    6.0559658965e-09
  17.1000000   -1.8447504440e-08    7.1367306003e-09    1.4176356594e-09   -1.3013067572e-07    3.1098620271e-08    1.7800869903e-08    6.1375292994e-10    6.0495390898e-09
  17.1100000   -1.4343681742e-08    8.0781060554e-09    3.3397505708e-09   -1.3060530439e-07    3.2006356295e-08    1.8453131485e-08    6.2050961008e-10    6.0428915475e-09
  17.1200000   -1.0657253287e-08    9.0830512588e-09    5.2369803990e-09   -1.3089948193e-07    3.2940924710e-08    1.9093328476e-08    6.2736889879e-10    6.0360257563e-09
  17.1300000   -7.4719795147e-09    1.0143082479e-08    7.0915850610e-09   -1.3101533806e-07    3.3887480111e-08    1.9714860961e-08    6.3433394607e-10    6.0289487265e-09
  17.1400000   -4.8545225375e-09    1.1248684174e-08    8.8860899634e-09   -1.3095807963e-07    3.4830902189e-08    2.0311453811e-08    6.4140050660e-10    6.0216613237e-09
  17.1500000   -2.8528745610e-09    1.2389471185e-08    1.0603361322e-08   -1.3073582273e-07    3.5756074885e-08    2.0877194880e-08    6.4857682949e-10    6.0141646545e-09
  17.1600000   -1.4955541793e-09    1.3554294496e-08    1.2226736612e-08   -1.3035943610e-07    3.6648139251e-08    2.1406553393e-08    6.5586335042e-10    6.0064633859e-09
  17.1700000   -7.9159434629e-10    1.4731344186e-08    1.3740133579e-08   -1.2984225427e-07    3.7492751769e-08    2.1894398604e-08    6.6325925092e-10    5.9985593104e-09
  17.1800000   -7.3113146366e-10    1.5908366724e-08    1.5128144423e-08   -1.2919984230e-07    3.8276342922e-08    2.2336035672e-08    6.7076409179e-10    5.9904516477e-09
  17.1900000   -1.2867838005e-09    1.7072754784e-08    1.6376160973e-08   -1.2844964485e-07    3.8986375150e-08    2.2727227659e-08    6.7837429677e-10    5.9821417373e-09
  17.2000000   -2.4154422885e-09    1.8211756983e-08    1.7470496986e-08   -1.2761066423e-07    3.9611559444e-08    2.3064215213e-08    6.8609381499e-10    5.9736319795e-09
  17.2100000   -4.0606158400e-09    1.9312633156e-08    1.8398524264e-08   -1.2670308114e-07    4.0142045550e-08    2.3343757765e-08    6.9391822659e-10    5.9649175739e-09
  17.2200000   -6.1550531561e-09    2.0362799187e-08    1.9148799341e-08   -1.2574790068e-07    4.0569633651e-08    2.3563159277e-08    7.0184256185e-10    5.9559928846e-09
  17.2300000   -8.6235502536e-09    2.1349973582e-08    1.9711205236e-08   -1.2476655507e-07    4.0887907688e-08    2.3720312996e-08    7.0986543914e-10    5.9468639779e-09
  17.2400000   -1.1385892580e-08    2.2262248240e-08    2.0077088892e-08   -1.2378049535e-07    4.1092369003e-08    2.3813716031e-08    7.1798390829e-10    5.9375244451e-09
  17.2500000   -1.4359675719e-08    2.3088205233e-08    2.0239413367e-08   -1.2281087214e-07    4.1180531139e-08    2.3842523032e-08    7.2619344338e-10    5.9279695673e-09
  17.2600000   -1.7463028931e-08    2.3816978199e-08    2.0192889427e-08   -1.2187812794e-07    4.1151962230e-08    2.3806563996e-08    7.3449192363e-10    5.9181954056e-09
  17.2700000   -2.0617045716e-08    2.4438342665e-08    1.9934118122e-08   -1.2100166424e-07    4.1008331379e-08    2.3706389813e-08    7.4287087085e-10    5.9081984665e-09
  17.2800000   -2.3748040642e-08    2.4942718255e-08    1.9461698887e-08   -1.2019953618e-07    4.0753374066e-08    2.3543279641e-08    7.5132889489e-10    5.8979752634e-09
  17.2900000   -2.6789163259e-08    2.5321226307e-08    1.8776385917e-08   -1.1948815855e-07    4.0392839298e-08    2.3319289018e-08    7.5985851914e-10    5.8875225585e-09
  17.3000000   -2.9681996354e-08    2.5565780317e-08    1.7881155628e-08   -1.1888205643e-07    3.9934421530e-08    2.3037236766e-08    7.6845798002e-10    5.8768336191e-09
  17.3100000   -3.2377387278e-08    2.5669141816e-08    1.6781313912e-08   -1.1839363594e-07    3.9387629338e-08    2.2700716427e-08    7.7711302077e-10    5.8659020526e-09
  17.3200000   -3.4836048034e-08    2.5625017496e-08    1.5484539206e-08   -1.1803305359e-07    3.8763634194e-08    2.2314106914e-08    7.8582530009e-10    5.8547250043e-09
  17.3300000   -3.7028848876e-08    2.5428174293e-08    1.4000938630e-08   -1.1780806239e-07    3.8075069674e-08    2.1882527898e-08    7.9458407091e-10    5.8432933127e-09
  17.3400000   -3.8936633330e-08    2.5074598301e-08    1.2343057718e-08   -1.1772391913e-07    3.7335844550e-08    2.1411838477e-08    8.0337910838e-10    5.8316102445e-09
  17.3500000   -4.0549725814e-08    2.4561707614e-08    1.0525817940e-08   -1.1778337761e-07    3.6560899465e-08    2.0908569434e-08    8.1221149134e-10    5.8196641725e-09
  17.3600000   -4.1867313384e-08    2.3888555475e-08    8.5665184367e-09   -1.1798667502e-07    3.5765940089e-08    2.0379862624e-08    8.2107599488e-10    5.8074512040e-09
  17.3700000   -4.2896598012e-08    2.3056084155e-08    6.4846973744e-09   -1.1833159349e-07    3.4967170288e-08    1.9833433966e-08    8.2995932550e-10    5.7949696304e-09
  17.3800000   -4.3651628363e-08    2.2067352251e-08    4.3020024881e-09   -1.1881355078e-07    3.4181001274e-08    1.9277443209e-08    8.3885413815e-10    5.7822158496e-09
  17.3900000   -4.4152364312e-08    2.0927774235e-08    2.0420280724e-09   -1.1942573476e-07    3.3423779241e-08    1.8720414241e-08    8.4776186893e-10    5.7691884112e-09
  17.4000000   -4.4423368601e-08    1.9645411733e-08   -2.6989388520e-10   -1.2015927487e-07    3.2711480498e-08    1.8171120587e-08    8.5666846017e-10    5.7558847804e-09
  17.4100000   -4.4492710419e-08    1.8231074179e-08   -2.6069553760e-09   -1.2100343593e-07    3.2059429196e-08    1.7638465489e-08    8.6557586548e-10    5.7423078395e-09
  17.4200000   -4.4390740466e-08    1.6698520243e-08   -4.9411524152e-09   -1.2194585810e-07    3.1481999162e-08    1.7131323798e-08    8.7447183566e-10    5.7284576241e-09
  17.4300000   -4.4149076788e-08    1.5064434745e-08   -7.2436249144e-09   -1.2297280315e-07    3.0992367786e-08    1.6658433147e-08    8.8334931438e-10    5.7143349971e-09
  17.4400000   -4.3799526499e-08    1.3348450085e-08   -9.4849826946e-09   -1.2406943130e-07    3.0602262071e-08    1.6228211010e-08    8.9220914055e-10    5.6999422554e-09
  17.4500000   -4.3373148867e-08    1.1572948829e-08   -1.1635711572e-08   -1.2522004910e-07    3.0321734224e-08    1.5848646524e-08    9.0103581184e-10    5.6852900612e-09
  17.4600000   -4.2899493772e-08    9.7628251009e-09   -1.3666556170e-08   -1.2640848246e-07    3.0158940839e-08    1.5527111789e-08    9.0983218564e-10    5.6703818382e-09
  17.4700000   -4.2405752648e-08    7.9451162265e-09   -1.5548965058e-08   -1.2761826711e-07    3.0120033327e-08    1.5270239347e-08    9.1859130669e-10    5.6552216581e-09
  17.4800000   -4.1916328470e-08    6.1484226115e-09   -1.7255493657e-08   -1.2883302521e-07    3.0208942563e-08    1.5083789337e-08    9.2731034043e-10    5.6398276940e-09
  17.4900000   -4.1452230755e-08    4.4023882564e-09   -1.8760260998e-08   -1.3003670477e-07    3.0427374397e-08    1.4972494214e-08    9.3597801822e-10    5.6242053452e-09
  17.5000000   -4.1030796613e-08    2.7368975510e-09   -2.0039361293e-08   -1.3121386497e-07    3.0774655639e-08    1.4939972164e-08    9.4459889577e-10    5.6083744872e-09
  17.5100000   -4.0665434623e-08    1.1813802944e-09   -2.1071288583e-08   -1.3234993287e-07    3.1247801801e-08    1.4988607847e-08    9.5315983022e-10    5.5923442034e-09
  17.5200000   -4.0365568771e-08   -2.3605210584e-10   -2.1837350786e-08   -1.3343142823e-07    3.1841495179e-08    1.5119484100e-08    9.6166121411e-10    5.5761352015e-09
  17.5300000   -4.0136726367e-08   -1.4894893663e-09   -2.2322021598e-08   -1.3444618803e-07    3.2548143904e-08    1.5332319932e-08    9.7009909737e-10    5.5597622232e-09
  17.5400000   -3.9980583110e-08   -2.5559751208e-09   -2.2513278514e-08   -1.3538354811e-07    3.3358017894e-08    1.5625431682e-08    9.7847210280e-10    5.5432444478e-09
  17.5500000   -3.9895362399e-08   -3.4162949793e-09   -2.2402918541e-08   -1.3623447267e-07    3.4259374582e-08    1.5995725922e-08    9.8677281459e-10    5.5266000494e-09
  17.5600000   -3.9876156340e-08   -4.0556729418e-09   -2.1986776413e-08   -1.3699170842e-07    3.5238646377e-08    1.6438705680e-08    9.9499956982e-10    5.5098569245e-09
  17.5700000   -3.9915419042e-08   -4.4643233792e-09   -2.1264949788e-08   -1.3764985134e-07    3.6280643965e-08    1.6948519340e-08    1.0031516184e-09    5.4930326217e-09
  17.5800000   -4.0003555924e-08   -4.6378306148e-09   -2.0241907196e-08   -1.3820541693e-07    3.7368812920e-08    1.7518035242e-08    1.0112249836e-09    5.4761497105e-09
  17.5900000   -4.0129476031e-08   -4.5773587040e-09   -1.8926545637e-08   -1.3865685599e-07    3.8485508559e-08    1.8138910290e-08    1.0192193791e-09    5.4592323998e-09
  17.6000000   -4.0281347203e-08   -4.2897599281e-09   -1.7332208386e-08   -1.3900452076e-07    3.9612270379e-08    1.8801744808e-08    1.0271261741e-09    5.4423017298e-09
  17.6100000   -4.0447089089e-08   -3.7872732897e-09   -1.5476607569e-08   -1.3925065096e-07    4.0730164372e-08    1.9496193450e-08    1.0349538698e-09    5.4253835404e-09
  17.6200000   -4.0615125995e-08   -3.0872618326e-09   -1.3381672547e-08   -1.3939928862e-07    4.1820079365e-08    2.0211155943e-08    1.0426886078e-09    5.4084992400e-09
  17.6300000   -4.0774875304e-08   -2.2115721412e-09   -1.1073326856e-08   -1.3945615061e-07    4.2863059488e-08    2.0934938845e-08    1.0503372847e-09    5.3916735594e-09
  17.6400000   -4.0917222175e-08   -1.1858250920e-09   -8.5811987871e-09   -1.3942851702e-07    4.3840651781e-08    2.1655463966e-08    1.0578904940e-09    5.3749251115e-09
  17.6500000   -4.1034973726e-08   -3.8533517425e-11   -5.9382712478e-09   -1.3932507011e-07    4.4735208649e-08    2.2360480437e-08    1.0653542284e-09    5.3582746224e-09
  17.6600000   -4.1123058971e-08    1.1999313824e-09   -3.1804563697e-09   -1.3915571462e-07    4.5530203874e-08    2.3037769403e-08    1.0727226596e-09    5.3417418627e-09
  17.6700000   -4.1178591544e-08    2.4983994724e-09   -3.4608897864e-10   -1.3893137259e-07    4.6210547651e-08    2.3675398971e-08    1.0799935574e-09    5.3253436508e-09
  17.6800000   -4.1200977660e-08    3.8260176231e-09    2.5245800606e-09   -1.3866378725e-07    4.6762826040e-08    2.4261916056e-08    1.0871690181e-09    5.3090978869e-09
  17.6900000   -4.1191600533e-08    5.1533440963e-09    5.3899796085e-09   -1.3836527494e-07    4.7175580910e-08    2.4786559616e-08    1.0942441619e-09    5.2930171636e-09
  17.7000000   -4.1153650284e-08    6.4533192029e-09    8.2078316050e-09   -1.3804853340e-07    4.7439501691e-08    2.5239505221e-08    1.1012222522e-09    5.2771120772e-09
  17.7100000   -4.1091614777e-08    7.7022572800e-09    1.0935815536e-08   -1.3772637573e-07    4.7547615226e-08    2.5612023695e-08    1.1080920264e-09    5.2613946827e-09
  17.7200000   -4.1010901514e-08    8.8805674126e-09    1.3532187073e-08   -1.3741153227e-07    4.7495421164e-08    2.5896672869e-08    1.1148641644e-09    5.2458755818e-09
  17.7300000   -4.0917203524e-08    9.9733511164e-09    1.5956505146e-08   -1.3711640194e-07    4.7280987152e-08    2.6087463810e-08    1.1215275148e-09    5.2305517390e-09
  17.7400000   -4.0816008378e-08    1.0970780146e-08    1.8170246932e-08   -1.3685283623e-07    4.6905006700e-08    2.6179968582e-08    1.1280855918e-09    5.2154321578e-09
  17.7500000   -4.0712049260e-08    1.1868252755e-08    2.0137480421e-08   -1.3663195540e-07    4.6370807507e-08    2.6171453223e-08    1.1345377926e-09    5.2005166253e-09
  17.7600000   -4.0608784388e-08    1.2666315833e-08    2.1825468914e-08   -1.3646392488e-07    4.5684302246e-08    2.6060928577e-08    1.1408824210e-09    5.1858022447e-09
  17.7700000   -4.0508056463e-08    1.3370355802e-08    2.3205262538e-08   -1.3635781692e-07    4.4853919777e-08    2.5849192132e-08    1.1471157235e-09    5.1712908170e-09
  17.7800000   -4.0409826705e-08    1.3990100686e-08    2.4252208962e-08   -1.3632143210e-07    4.3890477545e-08    2.5538857530e-08    1.1532383469e-09    5.1569684523e-09
  17.7900000   -4.0312005045e-08    1.4538882845e-08    2.4946437421e-08   -1.3636119240e-07    4.2806986763e-08    2.5134303918e-08    1.1592491257e-09    5.1428333280e-09
  17.8000000   -4.0210499306e-08    1.5032825249e-08    2.5273253213e-08   -1.3648200244e-07    4.1618475422e-08    2.4641630088e-08    1.1651468035e-09    5.1288759805e-09
  17.8100000   -4.0099405809e-08    1.5489826055e-08    2.5223457136e-08   -1.3668722035e-07    4.0341737710e-08    2.4068560881e-08    1.1709270727e-09    5.1150801555e-09
  17.8200000   -3.9971309653e-08    1.5928500591e-08    2.4793579372e-08   -1.3697856298e-07    3.8995024207e-08    2.3424313074e-08    1.1765955324e-09    5.1014389257e-09
  17.8300000   -3.9817696745e-08    1.6367141573e-08    2.3986029730e-08   -1.3735610739e-07    3.7597797709e-08    2.2719444057e-08    1.1821412641e-09    5.0879388540e-09
  17.8400000   -3.9629587058e-08    1.6822638623e-08    2.2809144174e-08   -1.3781829241e-07    3.6170342457e-08    2.1965677422e-08    1.1875704900e-09    5.0745606669e-09
  17.8500000   -3.9398052336e-08    1.7309500374e-08    2.1277135229e-08   -1.3836193914e-07    3.4733483270e-08    2.1175692633e-08    1.1928784293e-09    5.0612899359e-09
  17.8600000   -3.9114900421e-08    1.7838988752e-08    1.9409952406e-08   -1.3898233831e-07    3.3308174053e-08    2.0362885762e-08    1.1980667572e-09    5.0481165228e-09
  17.8700000   -3.8773243664e-08    1.8418402109e-08    1.7233040795e-08   -1.3967329801e-07    3.1915194299e-08    1.9541160605e-08    1.2031298007e-09    5.0350188170e-09
  17.8800000   -3.8368128499e-08    1.9050552810e-08    1.4777002486e-08   -1.4042729677e-07    3.0574763933e-08    1.8724637224e-08    1.2080689862e-09    5.0219865815e-09
  17.8900000   -3.7896889836e-08    1.9733421414e-08    1.2077168548e-08   -1.4123559607e-07    2.9306221217e-08    1.7927422235e-08    1.2128808878e-09    5.0089989356e-09
  17.9000000   -3.7359521521e-08    2.0460098869e-08    9.1730811696e-09   -1.4208839932e-07    2.8127671015e-08    1.7163319342e-08    1.2175644817e-09    4.9960478091e-09
  17.9100000   -3.6758759681e-08    2.1218861958e-08    6.1079126369e-09   -1.4297504194e-07    2.7055696509e-08    1.6445620361e-08    1.2221228353e-09    4.9831113397e-09
  17.9200000   -3.6100121456e-08    2.1993564207e-08    2.9278043899e-09   -1.4388413969e-07    2.6105056115e-08    1.5786794991e-08    1.2265494951e-09    4.9701820254e-09
  17.9300000   -3.5391611884e-08    2.2764145486e-08   -3.1885108970e-10   -1.4480384991e-07    2.5288451058e-08    1.5198296445e-08    1.2308403331e-09    4.9572402636e-09
  17.9400000   -3.4643350221e-08    2.3507332216e-08   -3.5821661534e-09   -1.4572204005e-07    2.4616309400e-08    1.4690334054e-08    1.2350050406e-09    4.9442825810e-09
  17.9500000   -3.3867032957e-08    2.4197572603e-08   -6.8115580761e-09   -1.4662652963e-07    2.4096599962e-08    1.4271685874e-08    1.2390320414e-09    4.9312976942e-09
  17.9600000   -3.3075217655e-08    2.4807995073e-08   -9.9565530227e-09   -1.4750528978e-07    2.3734702341e-08    1.3949503929e-08    1.2429268480e-09    4.9182753323e-09
  17.9700000   -3.2280593773e-08    2.5311402273e-08   -1.2967616241e-08   -1.4834667460e-07    2.3533327714e-08    1.3729223308e-08    1.2466894798e-09    4.9052035020e-09
  17.9800000   -3.1495033227e-08    2.5681398649e-08   -1.5796975066e-08   -1.4913964719e-07    2.3492471428e-08    1.3614414493e-08    1.2503132762e-09    4.8920844071e-09
  17.9900000   -3.0728969448e-08    2.5893393740e-08   -1.8399392705e-08   -1.4987394883e-07    2.3609432894e-08    1.3606719692e-08    1.2538000968e-09    4.8789089536e-09
  18.0000000   -2.9990535526e-08    2.5925676192e-08   -2.0732925709e-08   -1.5054033051e-07    2.3878854328e-08    1.3705843307e-08    1.2571520065e-09    4.8656779756e-09
  18.0100000   -2.9284970576e-08    2.5760183285e-08   -2.2759652286e-08   -1.5113070285e-07    2.4292832001e-08    1.3909526990e-08    1.2603629896e-09    4.8523856260e-09
  18.0200000   -2.8614173627e-08    2.5383325483e-08   -2.4446292416e-08   -1.5163830728e-07    2.4841072901e-08    1.4213595308e-08    1.2634352242e-09    4.8390317690e-09
  18.0300000   -2.7976389973e-08    2.4786593673e-08   -2.5764803719e-08   -1.5205784616e-07    2.5511059931e-08    1.4612055833e-08    1.2663678951e-09    4.8256168931e-09
  18.0400000   -2.7366201844e-08    2.3966941725e-08   -2.6692855515e-08   -1.5238559952e-07    2.6288290986e-08    1.5097186945e-08    1.2691672596e-09    4.8121443899e-09
  18.0500000   -2.6774760761e-08    2.2927009122e-08   -2.7214227137e-08   -1.5261948975e-07    2.7156554909e-08    1.5659673967e-08    1.2718258580e-09    4.7986162720e-09
  18.0600000   -2.6190090654e-08    2.1675152711e-08   -2.7319122882e-08   -1.5275917645e-07    2.8098200384e-08    1.6288817025e-08    1.2743445910e-09    4.7850287493e-09
  18.0700000   -2.5597919920e-08    2.0225321563e-08   -2.7004333314e-08   -1.5280604261e-07    2.9094465672e-08    1.6972712940e-08    1.2767281596e-09    4.7713924559e-09
  18.0800000   -2.4982369216e-08    1.8596697715e-08   -2.6273340584e-08   -1.5276322395e-07    3.0125805853e-08    1.7698470824e-08    1.2789701833e-09    4.7577121819e-09
  18.0900000   -2.4327077054e-08    1.6813139067e-08   -2.5136279071e-08   -1.5263554596e-07    3.1172260106e-08    1.8452483884e-08    1.2810760659e-09    4.7439844162e-09
  18.1000000   -2.3616261033e-08    1.4902653611e-08   -2.3609794840e-08   -1.5242947483e-07    3.2213771553e-08    1.9220676595e-08    1.2830457879e-09    4.7302193938e-09
  18.1100000   -2.2835879562e-08    1.2896561323e-08   -2.1716798481e-08   -1.5215302994e-07    3.3230566931e-08    1.9988756918e-08    1.2848782252e-09    4.7164207401e-09
  18.1200000   -2.1974763214e-08    1.0828726120e-08   -1.9486093749e-08   -1.5181563115e-07    3.4203503438e-08    2.0742504580e-08    1.2865756066e-09    4.7025940334e-09
  18.1300000   -2.1025707369e-08    8.7346629125e-09   -1.6951955021e-08   -1.5142797357e-07    3.5114404267e-08    2.1468037149e-08    1.2881353346e-09    4.6887375281e-09
  18.1400000   -1.9986353392e-08    6.6505915150e-09   -1.4153538526e-08   -1.5100183820e-07    3.5946363259e-08    2.2152081859e-08    1.2895624504e-09    4.6748585088e-09
  18.1500000   -1.8859903346e-08    4.6126320036e-09   -1.1134275834e-08   -1.5054990519e-07    3.6684042559e-08    2.2782205280e-08    1.2908516449e-09    4.6609600826e-09
  18.1600000   -1.7655585057e-08    2.6559101954e-09   -7.9411696307e-09   -1.5008551864e-07    3.7313962268e-08    2.3347060342e-08    1.2920104269e-09    4.6470492366e-09
  18.1700000   -1.6388916378e-08    8.1379277143e-10   -4.6240159973e-09   -1.4962248166e-07    3.7824685143e-08    2.3836612851e-08    1.2930313142e-09    4.6331256827e-09
  18.1800000   -1.5081480682e-08   -8.8281044848e-10   -1.2346247672e-09   -1.4917479705e-07    3.8207048402e-08    2.4242312994e-08    1.2939253119e-09    4.6191934088e-09
  18.1900000   -1.3760572422e-08   -2.4061131045e-09    2.1740555678e-09   -1.4875639902e-07    3.8454291551e-08    2.4557254784e-08    1.2946835212e-09    4.6052532421e-09
  18.2000000   -1.2458503723e-08   -3.7318838335e-09    5.5487861671e-09   -1.4838094157e-07    3.8562180763e-08    2.4776313854e-08    1.2953105438e-09    4.5913133508e-09
  18.2100000   -1.1211590813e-08   -4.8398794902e-09    8.8368980395e-09   -1.4806152700e-07    3.8529057741e-08    2.4896228310e-08    1.2958033709e-09    4.5773698026e-09
  18.2200000   -1.0058899827e-08   -5.7141684757e-09    1.1987137178e-08   -1.4781045675e-07    3.8355866800e-08    2.4915669023e-08    1.2961656419e-09    4.5634328841e-09
  18.2300000   -9.0409181942e-09   -6.3432293099e-09    1.4950532094e-08   -1.4763899636e-07    3.8046118989e-08    2.4835235089e-08    1.2963937619e-09    4.5495017622e-09
  18.2400000   -8.1980076293e-09   -6.7200707724e-09    1.7681128935e-08   -1.4755717649e-07    3.7605813599e-08    2.4657483063e-08    1.2964899298e-09    4.5355810954e-09
  18.2500000   -7.5687776707e-09   -6.8422389589e-09    2.0136759867e-08   -1.4757356541e-07    3.7043326386e-08    2.4386806109e-08    1.2964495550e-09    4.5216769044e-09
  18.2600000   -7.1885175414e-09   -6.7116591959e-09    2.2279694131e-08   -1.4769513196e-07    3.6369250655e-08    2.4029390676e-08    1.2962751126e-09    4.5077877221e-09
  18.2700000   -7.0877625246e-09   -6.3345002337e-09    2.4077244925e-08   -1.4792704797e-07    3.5596185884e-08    2.3593070694e-08    1.2959661908e-09    4.4939244490e-09
  18.2800000   -7.2908762707e-09   -5.7209412290e-09    2.5502277645e-08   -1.4827261237e-07    3.4738521050e-08    2.3087181512e-08    1.2955180247e-09    4.4800886302e-09
  18.2900000   -7.8148264754e-09   -4.8848159812e-09    2.6533609993e-08   -1.4873312626e-07    3.3812154352e-08    2.2522356596e-08    1.2949315618e-09    4.4662879411e-09
  18.3000000   -8.6684386358e-09   -3.8433400174e-09    2.7156326951e-08   -1.4930787510e-07    3.2834222401e-08    2.1910345136e-08    1.2941999681e-09    4.4525359427e-09
  18.3100000   -9.8516075241e-09   -2.6167601986e-09    2.7361989656e-08   -1.4999408666e-07    3.1822774943e-08    2.1263757455e-08    1.2933260053e-09    4.4388324213e-09
  18.3200000   -1.1355104205e-08   -1.2278469825e-09    2.7148725470e-08   -1.5078695490e-07    3.0796466978e-08    2.0595815827e-08    1.2923009618e-09    4.4251912032e-09
  18.3300000   -1.3160442497e-08    2.9843934767e-10    2.6521234570e-08   -1.5167970832e-07    2.9774231942e-08    1.9920110803e-08    1.2911271435e-09    4.4116224412e-09
  18.3400000   -1.5240311900e-08    1.9354004033e-09    2.5490656217e-08   -1.5266368550e-07    2.8774918565e-08    1.9250346278e-08    1.2897991997e-09    4.3981388435e-09
  18.3500000   -1.7559138748e-08    3.6551267841e-09    2.4074366817e-08   -1.5372846860e-07    2.7816996795e-08    1.8600049364e-08    1.2883106155e-09    4.3847514711e-09
  18.3600000   -2.0074063008e-08    5.4289022104e-09    2.2295626155e-08   -1.5486204841e-07    2.6918223855e-08    1.7982323132e-08    1.2866589149e-09    4.3714769270e-09
  18.3700000   -2.2735990825e-08    7.2277271227e-09    2.0183189764e-08   -1.5605102086e-07    2.6095329067e-08    1.7409600787e-08    1.2848367648e-09    4.3583237107e-09
  18.3800000   -2.5491052474e-08    9.0228499008e-09    1.7770797607e-08   -1.5728077836e-07    2.5363756715e-08    1.6893398333e-08    1.2828453742e-09    4.3453129800e-09
  18.3900000   -2.8282012314e-08    1.0786161682e-08    1.5096597314e-08   -1.5853580344e-07    2.4737370854e-08    1.6444107095e-08    1.2806720115e-09    4.3324611076e-09
  18.4000000   -3.1049948369e-08    1.2490865046e-08    1.2202514681e-08   -1.5979987979e-07    2.4228254572e-08    1.6070790173e-08    1.2783168935e-09    4.3197795026e-09
  18.4100000   -3.3735925802e-08    1.4111796744e-08    9.1335265944e-09   -1.6105641303e-07    2.3846502415e-08    1.5781020853e-08    1.2757713663e-09    4.3072895455e-09
  18.4200000   -3.6282574851e-08    1.5626032884e-08    5.9369722440e-09   -1.6228869807e-07    2.3600057659e-08    1.5580749725e-08    1.2730290843e-09    4.2950063896e-09
  18.4300000   -3.8635798904e-08    1.7013250915e-08    2.6617463686e-09   -1.6348023159e-07    2.3494606270e-08    1.5474182722e-08    1.2700869187e-09    4.2829458411e-09
  18.4400000   -4.0746185824e-08    1.8256206822e-08   -6.4246084865e-10   -1.6461499121e-07    2.3533470969e-08    1.5463728991e-08    1.2669386286e-09    4.2711295474e-09
  18.4500000   -4.2570468115e-08    1.9341037422e-08   -3.9259522353e-09   -1.6567775879e-07    2.3717576338e-08    1.5549939650e-08    1.2635777680e-09    4.2595659605e-09
  18.4600000   -4.4072616945e-08    2.0257611780e-08   -7.1397700878e-09   -1.6665437166e-07    2.4045490019e-08    1.5731532919e-08    1.2599957009e-09    4.2482850130e-09
  18.4700000   -4.5224921127e-08    2.0999689917e-08   -1.0236496231e-08   -1.6753200275e-07    2.4513404886e-08    1.6005421840e-08    1.2561909549e-09    4.2372911118e-09
  18.4800000   -4.6008709063e-08    2.1565078963e-08   -1.3170913058e-08   -1.6829940464e-07    2.5115265584e-08    1.6366768821e-08    1.2521510419e-09    4.2265998314e-09
  18.4900000   -4.6414892565e-08    2.1955620835e-08   -1.5900709006e-08   -1.6894715767e-07    2.5842882724e-08    1.6809096366e-08    1.2478751542e-09    4.2162266982e-09
  18.5000000   -4.6444216797e-08    2.2177129483e-08   -1.8387057227e-08   -1.6946780512e-07    2.6686068996e-08    1.7324427683e-08    1.2433571525e-09    4.2061868442e-09
  18.5100000   -4.6107330372e-08    2.2239122912e-08   -2.0595191348e-08   -1.6985606779e-07    2.7632866536e-08    1.7903446896e-08    1.2385946491e-09    4.1964884297e-09
  18.5200000   -4.5424462884e-08    2.2154548732e-08   -2.2494848173e-08   -1.7010892960e-07    2.8669716880e-08    1.8535661558e-08    1.2335805163e-09    4.1871409922e-09
  18.5300000   -4.4424918153e-08    2.1939283917e-08   -2.4060685081e-08   -1.7022574675e-07    2.9781746429e-08    1.9209640495e-08    1.2283074935e-09    4.1781546310e-09
  18.5400000   -4.3146471839e-08    2.1611561141e-08   -2.5272578106e-08   -1.7020826335e-07    3.0952991828e-08    1.9913209956e-08    1.2227758809e-09    4.1695341380e-09
  18.5500000   -4.1634220723e-08    2.1191348426e-08   -2.6115843664e-08   -1.7006062194e-07    3.2166708829e-08    2.0633697253e-08    1.2169805581e-09    4.1612871666e-09
  18.5600000   -3.9939521457e-08    2.0699607725e-08   -2.6581393969e-08   -1.6978931886e-07    3.3405624539e-08    2.1358174665e-08    1.2109221420e-09    4.1534128537e-09
  18.5700000   -3.8118536246e-08    2.0157497733e-08   -2.6665757402e-08   -1.6940311247e-07    3.4652257329e-08    2.2073691140e-08    1.2045966608e-09    4.1459156848e-09
  18.5800000   -3.6230776841e-08    1.9585547110e-08   -2.6371046795e-08   -1.6891288480e-07    3.5889201290e-08    2.2767532208e-08    1.1980016488e-09    4.1387919104e-09
  18.5900000   -3.4337389472e-08    1.9002923394e-08   -2.5704859769e-08   -1.6833149272e-07    3.7099398479e-08    2.3427432443e-08    1.1911354244e-09    4.1320497359e-09
  18.6000000   -3.2499456254e-08    1.8426570413e-08   -2.4680029479e-08   -1.6767352497e-07    3.8266420721e-08    2.4041807094e-08    1.1840010065e-09    4.1256770827e-09
  18.6100000   -3.0776118341e-08    1.7870601068e-08   -2.3314397880e-08   -1.6695509065e-07    3.9374745487e-08    2.4599948948e-08    1.1765982289e-09    4.1196744612e-09
  18.6200000   -2.9222891311e-08    1.7345694112e-08   -2.1630425572e-08   -1.6619354583e-07    4.0409967414e-08    2.5092246462e-08    1.1689286215e-09    4.1140318539e-09
  18.6300000   -2.7889860180e-08    1.6858656795e-08   -1.9654814266e-08   -1.6540716906e-07    4.1359055029e-08    2.5510312696e-08    1.1609980022e-09    4.1087450578e-09
  18.6400000   -2.6820069669e-08    1.6412141381e-08   -1.7418019112e-08   -1.6461488103e-07    4.2210515674e-08    2.5847132434e-08    1.1528058606e-09    4.1038079097e-09
  18.6500000   -2.6048050745e-08    1.6004591420e-08   -1.4953768087e-08   -1.6383588008e-07    4.2954568223e-08    2.6097196798e-08    1.1443582830e-09    4.0992144748e-09
  18.6600000   -2.5598566024e-08    1.5630353203e-08   -1.2298516210e-08   -1.6308932208e-07    4.3583286855e-08    2.6256535693e-08    1.1356607505e-09    4.0949517254e-09
  18.6700000   -2.5485642610e-08    1.5279968591e-08   -9.4908704310e-09   -1.6239398358e-07    4.4090674922e-08    2.6322832334e-08    1.1267197330e-09    4.0910119357e-09
  18.6800000   -2.5711845470e-08    1.4940776260e-08   -6.5710135706e-09   -1.6176790077e-07    4.4472789614e-08    2.6295391989e-08    1.1175444118e-09    4.0873852746e-09
  18.6900000   -2.6267991530e-08    1.4597520003e-08   -3.5801151512e-09   -1.6122807169e-07    4.4727694508e-08    2.6175149047e-08    1.1081424415e-09    4.0840613116e-09
  18.7000000   -2.7133199837e-08    1.4233294575e-08   -5.5974493774e-10   -1.6079013335e-07    4.4855526372e-08    2.5964621688e-08    1.0985201817e-09    4.0810325079e-09
  18.7100000   -2.8275345966e-08    1.3830579990e-08    2.4487163375e-09   -1.6046805295e-07    4.4858428807e-08    2.5667849995e-08    1.0886959799e-09    4.0782849788e-09
  18.7200000   -2.9651952958e-08    1.3372271280e-08    5.4046342851e-09   -1.6027389941e-07    4.4740481767e-08    2.5290292289e-08    1.0786710536e-09    4.0758144238e-09
  18.7300000   -3.1211377215e-08    1.2842893912e-08    8.2686394602e-09   -1.6021762207e-07    4.4507612269e-08    2.4838699874e-08    1.0684646997e-09    4.0736084362e-09
  18.7400000   -3.2894462128e-08    1.2229682860e-08    1.1003152893e-08   -1.6030682820e-07    4.4167478671e-08    2.4320981347e-08    1.0580837139e-09    4.0716586595e-09
  18.7500000   -3.4636471172e-08    1.1523632165e-08    1.3572834843e-08   -1.6054665322e-07    4.3729300316e-08    2.3746039479e-08    1.0475518291e-09    4.0699573702e-09
  18.7600000   -3.6369315677e-08    1.0720533491e-08    1.5945008620e-08   -1.6093966448e-07    4.3203699480e-08    2.3123586816e-08    1.0368754448e-09    4.0684945763e-09
  18.7700000   -3.8023862927e-08    9.8216680929e-09    1.8090046405e-08   -1.6148580669e-07    4.2602481679e-08    2.2463972793e-08    1.0260706381e-09    4.0672636157e-09
  18.7800000   -3.9532521163e-08    8.8343853112e-09    1.9981686179e-08   -1.6218237045e-07    4.1938455285e-08    2.1777987336e-08    1.0151553453e-09    4.0662540549e-09
  18.7900000   -4.0831743264e-08    7.7723248830e-09    2.1597289964e-08   -1.6302404997e-07    4.1225189324e-08    2.1076640458e-08    1.0041466784e-09    4.0654671481e-09
  18.8000000   -4.1864342805e-08    6.6554645697e-09    2.2918081858e-08   -1.6400302612e-07    4.0476799289e-08    2.0371004977e-08    9.9306313692e-10    4.0648854802e-09
  18.8100000   -4.2581859433e-08    5.5097738094e-09    2.3929303685e-08   -1.6510909250e-07    3.9707697121e-08    1.9671989591e-08    9.8192043968e-10    4.0645024121e-09
  18.8200000   -4.2946467487e-08    4.3665839809e-09    2.4620320087e-08   -1.6632984148e-07    3.8932373076e-08    1.8990166238e-08    9.7073383903e-10    4.0643194364e-09
  18.8300000   -4.2932533424e-08    3.2615646769e-09    2.4984664853e-08   -1.6765088162e-07    3.8165150513e-08    1.8335604795e-08    9.5953022968e-10    4.0643170367e-09
  18.8400000   -4.2527809811e-08    2.2335760356e-09    2.5020067776e-08   -1.6905607099e-07    3.7419959875e-08    1.7717700152e-08    9.4831927520e-10    4.0644990404e-09
  18.8500000   -4.1734002230e-08    1.3231757901e-09    2.4728389639e-08   -1.7052782350e-07    3.6710145178e-08    1.7145039173e-08    9.3712291839e-10    4.0648488981e-09
  18.8600000   -4.0566971625e-08    5.7090793249e-10    2.4115531477e-08   -1.7204741691e-07    3.6048230672e-08    1.6625271245e-08    9.2596143128e-10    4.0653649797e-09
  18.8700000   -3.9056131551e-08    1.5588997806e-11    2.3191285034e-08   -1.7359531142e-07    3.5445755058e-08    1.6165004228e-08    9.1484938893e-10    4.0660373984e-09
  18.8800000   -3.7243528602e-08   -3.0749461758e-10    2.1969186934e-08   -1.7515153450e-07    3.4913124599e-08    1.5769735810e-08    9.0380795514e-10    4.0668579912e-09
  18.8900000   -3.5182209092e-08   -3.6843097513e-10    2.0466276828e-08   -1.7669597361e-07    3.4459414066e-08    1.5443780708e-08    8.9285499033e-10    4.0678125545e-09
  18.9000000   -3.2934238543e-08   -1.4428584931e-10    1.8702847564e-08   -1.7820879022e-07    3.4092310347e-08    1.5190228883e-08    8.8200732745e-10    4.0688921891e-09
  18.9100000   -3.0568235181e-08    3.7944273304e-10    1.6702184847e-08   -1.7967073630e-07    3.3817951262e-08    1.5010960183e-08    8.7128568104e-10    4.0700867453e-09
  18.9200000   -2.8156675988e-08    1.2076517965e-09    1.4490255723e-08   -1.8106352661e-07    3.3640907430e-08    1.4906616802e-08    8.6069752504e-10    4.0713809632e-09
  18.9300000   -2.5773019001e-08    2.3348106759e-09    1.2095368782e-08   -1.8237012546e-07    3.3564083766e-08    1.4876668332e-08    8.5026633344e-10    4.0727663311e-09
  18.9400000   -2.3488594104e-08    3.7445774326e-09    9.5478507417e-09   -1.8357508105e-07    3.3588741734e-08    1.4919432466e-08    8.4000225529e-10    4.0742227614e-09
  18.9500000   -2.1369856697e-08    5.4097890870e-09    6.8796808046e-09   -1.8466474034e-07    3.3714471380e-08    1.5032159171e-08    8.2992214395e-10    4.0757366594e-09
  18.9600000   -1.9475517380e-08    7.2929897501e-09    4.1241238386e-09   -1.8562754936e-07    3.3939228924e-08    1.5211093410e-08    8.2004051728e-10    4.0772983263e-09
  18.9700000   -1.7854243477e-08    9.3473806950e-09    1.3153520928e-09   -1.8645420085e-07    3.4259393449e-08    1.5451601472e-08    8.1036159929e-10    4.0788833084e-09
  18.9800000   -1.6542564468e-08    1.1518153730e-08   -1.5119284078e-09   -1.8713779987e-07    3.4669843476e-08    1.5748249640e-08    8.0090111728e-10    4.0804803992e-09
  18.9900000   -1.5563508426e-08    1.3744357264e-08   -4.3228734889e-09   -1.8767397913e-07    3.5164039853e-08    1.6094915202e-08    7.9167000995e-10    4.0820663655e-09
  19.0000000   -1.4925567824e-08    1.5960985554e-08   -7.0828492740e-09   -1.8806096151e-07    3.5734160900e-08    1.6484945350e-08    7.8267065488e-10    4.0836283185e-09
  19.0100000   -1.4622606403e-08    1.8101309102e-08   -9.7578432480e-09   -1.8829956098e-07    3.6371204483e-08    1.6911229176e-08    7.7391486199e-10    4.0851439399e-09
  19.0200000   -1.4634078424e-08    2.0099451402e-08   -1.2314805282e-08   -1.8839316267e-07    3.7065188848e-08    1.7366366113e-08    7.6540669785e-10    4.0866008839e-09
  19.0300000   -1.4926180437e-08    2.1892927942e-08   -1.4722023308e-08   -1.8834763776e-07    3.7805232826e-08    1.7842758146e-08    7.5714423899e-10    4.0879797219e-09
  19.0400000   -1.5453415751e-08    2.3425169372e-08   -1.6949451358e-08   -1.8817122235e-07    3.8579815219e-08    1.8332758071e-08    7.4913481813e-10    4.0892592625e-09
  19.0500000   -1.6160739232e-08    2.4647853903e-08   -1.8969060474e-08   -1.8787434360e-07    3.9376894856e-08    1.8828751073e-08    7.4137680626e-10    4.0904266839e-09
  19.0600000   -1.6986122001e-08    2.5522966467e-08   -2.0755114137e-08   -1.8746941174e-07    4.0184109003e-08    1.9323292164e-08    7.3386924247e-10    4.0914671874e-09
  19.0700000   -1.7863557734e-08    2.6024488081e-08   -2.2284516142e-08   -1.8697060422e-07    4.0988961822e-08    1.9809184594e-08    7.2661142448e-10    4.0923667597e-09
  19.0800000   -1.8726002717e-08    2.6139583376e-08   -2.3537021541e-08   -1.8639357055e-07    4.1779037350e-08    2.0279578711e-08    7.1959693125e-10    4.0931085127e-09
  19.0900000   -1.9508702394e-08    2.5869306733e-08   -2.4495527210e-08   -1.8575513745e-07    4.2542125461e-08    2.0728047157e-08    7.1282132852e-10    4.0936845881e-09
  19.1000000   -2.0152096813e-08    2.5228715305e-08   -2.5146255834e-08   -1.8507301796e-07    4.3266465061e-08    2.1148670412e-08    7.0627578386e-10    4.0940805899e-09
  19.1100000   -2.0604753964e-08    2.4246419679e-08   -2.5478966524e-08   -1.8436546894e-07    4.3940865153e-08    2.1536064241e-08    6.9995029052e-10    4.0942913702e-09
  19.1200000   -2.0825844109e-08    2.2963511955e-08   -2.5487091221e-08   -1.8365095299e-07    4.4554909760e-08    2.1885451340e-08    6.9383282924e-10    4.0943080678e-09
  19.1300000   -2.0787096152e-08    2.1432019579e-08   -2.5167862463e-08   -1.8294782877e-07    4.5099082262e-08    2.2192700226e-08    6.8791999385e-10    4.0941266707e-09
  19.1400000   -2.0474271471e-08    1.9712801642e-08   -2.4522392498e-08   -1.8227400320e-07    4.5564903379e-08    2.2454311601e-08    6.8219092480e-10    4.0937409612e-09
  19.1500000   -1.9887913209e-08    1.7873145892e-08   -2.3555708919e-08   -1.8164662641e-07    4.5945074961e-08    2.2667494891e-08    6.7663276044e-10    4.0931565541e-09
  19.1600000   -1.9043538978e-08    1.5983913164e-08   -2.2276768484e-08   -1.8108180851e-07    4.6233582721e-08    2.2830132425e-08    6.7122815474e-10    4.0923643754e-09
  19.1700000   -1.7970996593e-08    1.4116698695e-08   -2.0698412003e-08   -1.8059431319e-07    4.6425765066e-08    2.2940800813e-08    6.6596296744e-10    4.0913770257e-09
  19.1800000   -1.6713264365e-08    1.2340838250e-08   -1.8837254168e-08   -1.8019733301e-07    4.6518393343e-08    2.2998752281e-08    6.6081512534e-10    4.0901955121e-09
  19.1900000   -1.5324499540e-08    1.0720491799e-08   -1.6713601464e-08   -1.7990230361e-07    4.6509749044e-08    2.3003903742e-08    6.5577370074e-10    4.0888261235e-09
  19.2000000   -1.3867800080e-08    9.3119566213e-09   -1.4351214511e-08   -1.7971867230e-07    4.6399605324e-08    2.2956839376e-08    6.5080756182e-10    4.0872745577e-09
  19.2100000   -1.2412196663e-08    8.1613750736e-09   -1.1777139562e-08   -1.7965379067e-07    4.6189292226e-08    2.2858741887e-08    6.4590339415e-10    4.0855528355e-09
  19.2200000   -1.1029611820e-08    7.3027870671e-09   -9.0214080165e-09   -1.7971282415e-07    4.5881625703e-08    2.2711431895e-08    6.4103706875e-10    4.0836731504e-09
  19.2300000   -9.7915169900e-09    6.7567523531e-09   -6.1167502689e-09   -1.7989867798e-07    4.5480908861e-08    2.2517275431e-08    6.3618829743e-10    4.0816407944e-09
  19.2400000   -8.7655703026e-09    6.5296512967e-09   -3.0982188561e-09   -1.8021199770e-07    4.4992896589e-08    2.2279193891e-08    6.3133173230e-10    4.0794725080e-09
  19.2500000   -8.0124758194e-09    6.6134483629e-09   -2.8238107782e-12   -1.8065118316e-07    4.4424670131e-08    2.2000606062e-08    6.2644795441e-10    4.0771844397e-09
  19.2600000   -7.5829400840e-09    6.9862430418e-09    3.1309003025e-09   -1.8121246727e-07    4.3784583175e-08    2.1685422887e-08    6.2151314345e-10    4.0747876081e-09
  19.2700000   -7.5152962693e-09    7.6133440428e-09    6.2633449598e-09   -1.8189002278e-07    4.3082142833e-08    2.1337954886e-08    6.1650359973e-10    4.0722944877e-09
  19.2800000   -7.8333394249e-09    8.4490541607e-09    9.3543228512e-09   -1.8267610603e-07    4.2327880969e-08    2.0962942406e-08    6.1139166182e-10    4.0697206093e-09
  19.2900000   -8.5450704075e-09    9.4387138019e-09    1.2363547278e-08   -1.8356121934e-07    4.1533197090e-08    2.0565459125e-08    6.0616392000e-10    4.0670882154e-09
  19.3000000   -9.6419511029e-09    1.0521403904e-08    1.5251180269e-08   -1.8453433503e-07    4.0710211509e-08    2.0150897410e-08    6.0078891978e-10    4.0643984485e-09
  19.3100000   -1.1098988097e-08    1.1632730120e-08    1.7978319994e-08   -1.8558310620e-07    3.9871601026e-08    1.9724897171e-08    5.9524964835e-10    4.0616700941e-09
  19.3200000   -1.2875392160e-08    1.2707861733e-08    2.0507556107e-08   -1.8669412309e-07    3.9030394818e-08    1.9293324759e-08    5.8951928020e-10    4.0589172597e-09
  19.3300000   -1.4916138460e-08    1.3684501260e-08    2.2803481674e-08   -1.8785318044e-07    3.8199816917e-08    1.8862182223e-08    5.8358016497e-10    4.0561471299e-09
  19.3400000   -1.7154043498e-08    1.4505825893e-08    2.4833204838e-08   -1.8904552117e-07    3.7393064965e-08    1.8437598930e-08    5.7741098289e-10    4.0533780966e-09
  19.3500000   -1.9512407872e-08    1.5123090119e-08    2.6566840008e-08   -1.9025614102e-07    3.6623130811e-08    1.8025719268e-08    5.7099339528e-10    4.0506134007e-09
  19.3600000   -2.1908142972e-08    1.5497843962e-08    2.7977944535e-08   -1.9147004914e-07    3.5902596797e-08    1.7632689789e-08    5.6430558627e-10    4.0478674832e-09
  19.3700000   -2.4255149705e-08    1.5603725449e-08    2.9043979797e-08   -1.9267252322e-07    3.5243428948e-08    1.7264537027e-08    5.5733406236e-10    4.0451449790e-09
  19.3800000   -2.6467931579e-08    1.5427656805e-08    2.9746665738e-08   -1.9384938603e-07    3.4656828461e-08    1.6927133706e-08    5.5005524802e-10    4.0424561357e-09
  19.3900000   -2.8465104616e-08    1.4970393635e-08    3.0072320655e-08   -1.9498722518e-07    3.4152999773e-08    1.6626110237e-08    5.4245887454e-10    4.0398021484e-09
  19.4000000   -3.0172851287e-08    1.4246478398e-08    3.0012120464e-08   -1.9607361504e-07    3.3741020916e-08    1.6366768822e-08    5.3452954631e-10    4.0371897362e-09
  19.4100000   -3.1528043531e-08    1.3283561722e-08    2.9562346636e-08   -1.9709731188e-07    3.3428647938e-08    1.6154008073e-08    5.2625292488e-10    4.0346247570e-09
  19.4200000   -3.2480883357e-08    1.2121094083e-08    2.8724493630e-08   -1.9804843770e-07    3.3222214464e-08    1.5992253932e-08    5.1761742749e-10    4.0321060470e-09
  19.4300000   -3.2996995545e-08    1.0808506225e-08    2.7505357290e-08   -1.9891859581e-07    3.3126476099e-08    1.5885358526e-08    5.0861592650e-10    4.0296348563e-09
  19.4400000   -3.3058867006e-08    9.4028544082e-09    2.5917054195e-08   -1.9970098265e-07    3.3144532004e-08    1.5836524707e-08    4.9923836853e-10    4.0272140711e-09
  19.4500000   -3.2666625409e-08    7.9662709348e-09    2.3976910504e-08   -2.0039048947e-07    3.3277742587e-08    1.5848243899e-08    4.8947705553e-10    4.0248507983e-09
  19.4600000   -3.1837896837e-08    6.5631231809e-09    2.1707348359e-08   -2.0098371293e-07    3.3525647859e-08    1.5922208833e-08    4.7932993144e-10    4.0225360907e-09
  19.4700000   -3.0607075486e-08    5.2570086523e-09    1.9135617326e-08   -2.0147898810e-07    3.3885977486e-08    1.6059245940e-08    4.6879283880e-10    4.0202763746e-09
  19.4800000   -2.9023759016e-08    4.1079054109e-09    1.6293521976e-08   -2.0187636518e-07    3.4354639190e-08    1.6259291748e-08    4.5786245718e-10    4.0180654873e-09
  19.4900000   -2.7150556315e-08    3.1694899536e-09    1.3217031589e-08   -2.0217754859e-07    3.4925722397e-08    1.6521295146e-08    4.4654041801e-10    4.0159094500e-09
  19.5000000   -2.5060379525e-08    2.4866638253e-09    9.9458254000e-09   -2.0238583757e-07    3.5591586988e-08    1.6843236744e-08    4.3483135332e-10    4.0138027396e-09
  19.5100000   -2.2833215144e-08    2.0936790877e-09    6.5228158762e-09   -2.0250601147e-07    3.6342928773e-08    1.7222061811e-08    4.2273746942e-10    4.0117471571e-09
  19.5200000   -2.0552644991e-08    2.0125168462e-09    2.9935416081e-09   -2.0254420714e-07    3.7168885795e-08    1.7653731497e-08    4.1026345447e-10    4.0097446884e-09
  19.5300000   -1.8302265510e-08    2.2520875497e-09   -5.9440947399e-10   -2.0250778508e-07    3.8057187603e-08    1.8133186060e-08    3.9742089202e-10    4.0077948802e-09
  19.5400000   -1.6162048876e-08    2.8077790555e-09   -4.1920748709e-09   -2.0240513568e-07    3.8994326608e-08    1.8654400527e-08    3.8422006470e-10    4.0058972807e-09
  19.5500000   -1.4204984465e-08    3.6618581485e-09   -7.7498036756e-09   -2.0224553747e-07    3.9965709937e-08    1.9210434705e-08    3.7066536150e-10    4.0040562780e-09
  19.5600000   -1.2493930692e-08    4.7842584427e-09   -1.1217950270e-08   -2.0203896024e-07    4.0955909070e-08    1.9793497193e-08    3.5677763347e-10    4.0022710347e-09
  19.5700000   -1.1079165676e-08    6.1340471369e-09   -1.4547628923e-08   -2.0179587099e-07    4.1948857304e-08    2.0395046019e-08    3.4257113235e-10    4.0005469193e-09
  19.5800000   -9.9962859302e-09    7.6612584437e-09   -1.7691397381e-08   -2.0152706145e-07    4.2928105255e-08    2.1005875692e-08    3.2806200221e-10    3.9988900326e-09
  19.5900000   -9.2650103328e-09    9.3092151062e-09   -2.0603989593e-08   -2.0124344406e-07    4.3877051275e-08    2.1616259555e-08    3.1326702016e-10    3.9972955800e-09
  19.6000000   -8.8885792143e-09    1.1017009277e-08   -2.3243003144e-08   -2.0095586240e-07    4.4779241475e-08    2.2216102406e-08    2.9820924897e-10    3.9957739488e-09
  19.6100000   -8.8540504525e-09    1.2722259551e-08   -2.5569542983e-08   -2.0067494799e-07    4.5618605947e-08    2.2795054426e-08    2.8291336549e-10    3.9943294027e-09
  19.6200000   -9.1332174483e-09    1.4363705352e-08   -2.7548855513e-08   -2.0041092779e-07    4.6379714182e-08    2.3342727791e-08    2.6739490279e-10    3.9929624740e-09
  19.6300000   -9.6843049378e-09    1.5883901085e-08   -2.9150867298e-08   -2.0017347257e-07    4.7048058522e-08    2.3848853796e-08    2.5168185583e-10    3.9916820520e-09
  19.6400000   -1.0454315308e-08    1.7231646870e-08   -3.0350704734e-08   -1.9997158792e-07    4.7610305254e-08    2.4303463477e-08    2.3580305046e-10    3.9904827915e-09
  19.6500000   -1.1381808337e-08    1.8363944663e-08   -3.1129102756e-08   -1.9981346836e-07    4.8054494461e-08    2.4697097951e-08    2.1978460454e-10    3.9893803214e-09
  19.6600000   -1.2400159222e-08    1.9247771879e-08   -3.1472750617e-08   -1.9970641020e-07    4.8370323088e-08    2.5020955359e-08    2.0365383106e-10    3.9883702563e-09
  19.6700000   -1.3440890148e-08    1.9861168956e-08   -3.1374553137e-08   -1.9965674197e-07    4.8549268615e-08    2.5267127861e-08    1.8743738350e-10    3.9874560551e-09
  19.6800000   -1.4437137221e-08    2.0193974315e-08   -3.0833815265e-08   -1.9966973142e-07    4.8584827430e-08    2.5428735210e-08    1.7116702255e-10    3.9866389640e-09
  19.6900000   -1.5326995439e-08    2.0247906846e-08   -2.9856296795e-08   -1.9974957347e-07    4.8472615374e-08    2.5500125827e-08    1.5487540542e-10    3.9859173966e-09
  19.7000000   -1.6056592139e-08    2.0036120282e-08   -2.8454192893e-08   -1.9989936862e-07    4.8210494701e-08    2.5476989330e-08    1.3858686988e-10    3.9852955482e-09
  19.7100000   -1.6582624464e-08    1.9582292569e-08   -2.6646019690e-08   -2.0012108120e-07    4.7798646535e-08    2.5356506017e-08    1.2234057618e-10    3.9847641741e-09
  19.7200000   -1.6874524893e-08    1.8919192637e-08   -2.4456392907e-08   -2.0041558682e-07    4.7239608113e-08    2.5137453429e-08    1.0616269989e-10    3.9843268277e-09
  19.7300000   -1.6915756305e-08    1.8086996559e-08   -2.1915707747e-08   -2.0078269833e-07    4.6538297964e-08    2.4820275945e-08    9.0088443899e-11    3.9839714738e-09
  19.7400000   -1.6704537163e-08    1.7131127417e-08   -1.9059740175e-08   -2.0122117945e-07    4.5701939328e-08    2.4407169094e-08    7.4148667887e-11    3.9836910230e-09
  19.7500000   -1.6253790014e-08    1.6100071895e-08   -1.5929155387e-08   -2.0172882983e-07    4.4740002280e-08    2.3902044591e-08    5.8371217390e-11    3.9834791482e-09
  19.7600000   -1.5590182453e-08    1.5043016105e-08   -1.2568922842e-08   -2.0230252973e-07    4.3664102526e-08    2.3310560977e-08    4.2795386908e-11    3.9833211974e-09
  19.7700000   -1.4752718226e-08    1.4007515872e-08   -9.0276978379e-09   -2.0293833565e-07    4.2487815147e-08    2.2640069201e-08    2.7451245918e-11    3.9832067378e-09
  19.7800000   -1.3790495611e-08    1.3037397311e-08   -5.3570980444e-09   -2.0363153924e-07    4.1226515235e-08    2.1899531968e-08    1.2363964692e-11    3.9831228873e-09
  19.7900000   -1.2760069110e-08    1.2170710869e-08   -1.6109576672e-09   -2.0437677078e-07    3.9897146017e-08    2.1099398717e-08   -2.4324824776e-12    3.9830478170e-09
  19.8000000   -1.1722323406e-08    1.1438221662e-08    2.1554832789e-09   -2.0516809397e-07    3.8517956824e-08    2.0251478203e-08   -1.6904686374e-11    3.9829623401e-09
  19.8100000   -1.0739279230e-08    1.0862096694e-08    5.8863702008e-09   -2.0599909934e-07    3.7108231741e-08    1.9368761442e-08   -3.1032111866e-11    3.9828512215e-09
  19.8200000   -9.8707477197e-09    1.0455115929e-08    9.5261136444e-09   -2.0686299246e-07    3.5687997792e-08    1.8465203444e-08   -4.4779300682e-11    3.9826877927e-09
  19.8300000   -9.1711187858e-09    1.0220292282e-08    1.3020207565e-08   -2.0775270495e-07    3.4277682757e-08    1.7555494625e-08   -5.8122698876e-11    3.9824550345e-09
  19.8400000   -8.6864897910e-09    1.0151039374e-08    1.6316058201e-08   -2.0866098001e-07    3.2897820219e-08    1.6654835094e-08   -7.1036697232e-11    3.9821191356e-09
  19.8500000   -8.4521478190e-09    1.0231703567e-08    1.9363805240e-08   -2.0958048519e-07    3.1568669363e-08    1.5778642296e-08   -8.3493471808e-11    3.9816594896e-09
  19.8600000   -8.4906950840e-09    1.0438527812e-08    2.2117077666e-08   -2.1050387295e-07    3.0309937534e-08    1.4942282509e-08   -9.5469438384e-11    3.9810477828e-09
  19.8700000   -8.8108527322e-09    1.0741012763e-08    2.4533738097e-08   -2.1142390031e-07    2.9140380106e-08    1.4160780297e-08   -1.0694570531e-10    3.9802617611e-09
  19.8800000   -9.4068464437e-09    1.1103557914e-08    2.6576512845e-08   -2.1233350663e-07    2.8077540779e-08    1.3448543366e-08   -1.1789895553e-10    3.9792683529e-09
  19.8900000   -1.0258782893e-08    1.1487249362e-08    2.8213609441e-08   -2.1322588591e-07    2.7137394915e-08    1.2819070491e-08   -1.2831075816e-10    3.9780449043e-09
  19.9000000   -1.1333571193e-08    1.1851837918e-08    2.9419219522e-08   -2.1409458007e-07    2.6334096589e-08    1.2284686056e-08   -1.3815570497e-10    3.9765605630e-09
  19.9100000   -1.2586593047e-08    1.2157698140e-08    3.0173933002e-08   -2.1493354032e-07    2.5679730980e-08    1.1856280065e-08   -1.4742320670e-10    3.9747893232e-09
  19.9200000   -1.3964110653e-08    1.2367788932e-08    3.0465064757e-08   -2.1573719826e-07    2.5184070445e-08    1.1543071175e-08   -1.5609984179e-10    3.9727090347e-09
  19.9300000   -1.5405855197e-08    1.2449390815e-08    3.0286889155e-08   -2.1650054258e-07    2.4854387017e-08    1.1352413851e-08   -1.6416628938e-10    3.9702880200e-09
  19.9400000   -1.6848280020e-08    1.2375693599e-08    2.9640739773e-08   -2.1721916558e-07    2.4695327354e-08    1.1289609786e-08   -1.7161205316e-10    3.9675082919e-09
  19.9500000   -1.8227749178e-08    1.2127071645e-08    2.8535034097e-08   -2.1788930336e-07    2.4708809874e-08    1.1357777298e-08   -1.7842730328e-10    3.9643458789e-09
  19.9600000   -1.9483868123e-08    1.1691963833e-08    2.6985163452e-08   -2.1850792539e-07    2.4893925363e-08    1.1557756009e-08   -1.8459807798e-10    3.9607812830e-09
  19.9700000   -2.0562585962e-08    1.1067465164e-08    2.5013304975e-08   -2.1907275118e-07    2.5246982946e-08    1.1888025833e-08   -1.9012817675e-10    3.9567898820e-09
  19.9800000   -2.1418930206e-08    1.0259579545e-08    2.2648078716e-08   -2.1958229408e-07    2.5761500855e-08    1.2344716020e-08   -1.9499486292e-10    3.9523600797e-09
  19.9900000   -2.2019319596e-08    9.2829554840e-09    1.9924174669e-08   -2.2003589791e-07    2.6428332447e-08    1.2921634199e-08   -1.9920510434e-10    3.9474759371e-09
  20.0000000   -2.2343191483e-08    8.1603383082e-09    1.6881819843e-08   -2.2043375623e-07    2.7235770720e-08    1.3610329884e-08   -2.0275277416e-10    3.9421265977e-09
  20.0100000   -2.2384061288e-08    6.9217008279e-09    1.3566207245e-08   -2.2077691531e-07    2.8169723904e-08    1.4400242635e-08   -2.0563635681e-10    3.9362978388e-09
  20.0200000   -2.2149686916e-08    5.6030382638e-09    1.0026817661e-08   -2.2106731905e-07    2.9213945413e-08    1.5278835255e-08   -2.0786178861e-10    3.9299840871e-09
  20.0300000   -2.1661542980e-08    4.2450321934e-09    6.3166761826e-09   -2.2130778655e-07    3.0350302778e-08    1.6231828113e-08   -2.0942286413e-10    3.9231822267e-09
  20.0400000   -2.0953586926e-08    2.8914405753e-09    2.4915841222e-09   -2.2150199097e-07    3.1559043844e-08    1.7243431648e-08   -2.1032141248e-10    3.9158868803e-09
  20.0500000   -2.0070279001e-08    1.5874264405e-09   -1.3907431516e-09   -2.2165446982e-07    3.2819123837e-08    1.8296613829e-08   -2.1056619510e-10    3.9081030260e-09
  20.0600000   -1.9064133756e-08    3.7788517089e-10   -5.2715282981e-09   -2.2177057741e-07    3.4108574908e-08    1.9373430510e-08   -2.1016499999e-10    3.8998288309e-09
  20.0700000   -1.7992742983e-08   -6.9420358989e-10   -9.0918103735e-09   -2.2185643300e-07    3.5404839236e-08    2.0455327757e-08   -2.0912103710e-10    3.8910686133e-09
  20.0800000   -1.6915571476e-08   -1.5893175993e-09   -1.2793358728e-08   -2.2191888929e-07    3.6685171186e-08    2.1523493170e-08   -2.0744385114e-10    3.8818289146e-09
  20.0900000   -1.5890697160e-08   -2.2728000470e-09   -1.6319520278e-08   -2.2196543842e-07    3.7926988015e-08    2.2559215937e-08   -2.0514268261e-10    3.8721202048e-09
  20.1000000   -1.4971483421e-08   -2.7160069728e-09   -1.9616101459e-08   -2.2200416106e-07    3.9108291170e-08    2.3544235951e-08   -2.0222698313e-10    3.8619572050e-09
  20.1100000   -1.4203677316e-08   -2.8973076178e-09   -2.2632184259e-08   -2.2204360076e-07    4.0208026670e-08    2.4461081799e-08   -1.9871414101e-10    3.8513533833e-09
  20.1200000   -1.3622756226e-08   -2.8027144294e-09   -2.5320885632e-08   -2.2209267339e-07    4.1206412068e-08    2.5293441450e-08   -1.9461400403e-10    3.8403188720e-09
  20.1300000   -1.3251950638e-08   -2.4262908798e-09   -2.7640098177e-08   -2.2216057623e-07    4.2085329449e-08    2.6026452653e-08   -1.8993923102e-10    3.8288758056e-09
  20.1400000   -1.3100774205e-08   -1.7702552563e-09   -2.9553088693e-08   -2.2225661994e-07    4.2828580874e-08    2.6647012110e-08   -1.8471053234e-10    3.8170396707e-09
  20.1500000   -1.3164556045e-08   -8.4482561689e-10   -3.1029092807e-08   -2.2239010615e-07    4.3422232711e-08    2.7144027065e-08   -1.7893591763e-10    3.8048312944e-09
  20.1600000   -1.3424416893e-08    3.3221889999e-10   -3.2043787692e-08   -2.2257018779e-07    4.3854800737e-08    2.7508664115e-08   -1.7263990970e-10    3.7922742036e-09
  20.1700000   -1.3848239899e-08    1.7361720104e-09   -3.2579621236e-08   -2.2280572514e-07    4.4117473605e-08    2.7734513423e-08   -1.6583976121e-10    3.7793895736e-09
  20.1800000   -1.4392326847e-08    3.3362596376e-09   -3.2626135190e-08   -2.2310509360e-07    4.4204288248e-08    2.7817740303e-08   -1.5854987180e-10    3.7662010462e-09
  20.1900000   -1.5003701656e-08    5.0966929887e-09   -3.2180103089e-08   -2.2347608057e-07    4.4112211651e-08    2.7757167950e-08   -1.5078975706e-10    3.7527353963e-09
  20.2000000   -1.5622796710e-08    6.9777283837e-09   -3.1245591768e-08   -2.2392566999e-07    4.3841204241e-08    2.7554306678e-08   -1.4258329706e-10    3.7390145780e-09
  20.2100000   -1.6186788997e-08    8.9369862116e-09   -2.9833904791e-08   -2.2445994458e-07    4.3394237132e-08    2.7213369213e-08   -1.3394816860e-10    3.7250653667e-09
  20.2200000   -1.6632858023e-08    1.0930594723e-08   -2.7963426458e-08   -2.2508390306e-07    4.2777253875e-08    2.6741162023e-08   -1.2490691106e-10    3.7109091173e-09
  20.2300000   -1.6901756842e-08    1.2914537380e-08   -2.5659350316e-08   -2.2580132982e-07    4.1999050667e-08    2.6147002164e-08   -1.1547849199e-10    3.6965765390e-09
  20.2400000   -1.6941031965e-08    1.4845762283e-08   -2.2953297539e-08   -2.2661466998e-07    4.1071157057e-08    2.5442521330e-08   -1.0568410682e-10    3.6820897528e-09
  20.2500000   -1.6708017798e-08    1.6683410658e-08   -1.9882872427e-08   -2.2752493843e-07    4.0007642097e-08    2.4641468699e-08   -9.5545340196e-11    3.6674735444e-09
  20.2600000   -1.6172364419e-08    1.8389778489e-08   -1.6491093428e-08   -2.2853160353e-07    3.8824862950e-08    2.3759444172e-08   -8.5084812178e-11    3.6527562773e-09
  20.2700000   -1.5317930634e-08    1.9931260070e-08   -1.2825750012e-08   -2.2963253048e-07    3.7541224508e-08    2.2813590023e-08   -7.4323000611e-11    3.6379578983e-09
  20.2800000   -1.4143932805e-08    2.1279073832e-08   -8.9387106898e-09   -2.3082393952e-07    3.6176840126e-08    2.1822280052e-08   -6.3282875808e-11    3.6231037489e-09
  20.2900000   -1.2665517285e-08    2.2409868649e-08   -4.8851576003e-09   -2.3210038523e-07    3.4753231312e-08    2.0804766378e-08   -5.1984690502e-11    3.6082169650e-09
  20.3000000   -1.0913258431e-08    2.3306125392e-08   -7.2275806435e-10   -2.3345475291e-07    3.3292933915e-08    1.9780782372e-08   -4.0448073086e-11    3.5933166780e-09
  20.3100000   -8.9321644444e-09    2.3956474250e-08    3.4891764777e-09   -2.3487831416e-07    3.1819147233e-08    1.8770186874e-08   -2.8695661864e-11    3.5784212923e-09
  20.3200000   -6.7797210519e-09    2.4355631551e-08    7.6905627028e-09   -2.3636080493e-07    3.0355333374e-08    1.7792551883e-08   -1.6749593946e-11    3.5635553733e-09
  20.3300000   -4.5234892586e-09    2.4504455374e-08    1.1821427854e-08   -2.3789048415e-07    2.8924836847e-08    1.6866799999e-08   -4.6278682004e-12    3.5487371012e-09
  20.3400000   -2.2381094692e-09    2.4409618956e-08    1.5822782801e-08   -2.3945429418e-07    2.7550491949e-08    1.6010806090e-08    7.6458557860e-12    3.5339768993e-09
  20.3500000   -2.0344055128e-12    2.4083236369e-08    1.9637505715e-08   -2.4103802962e-07    2.6254242066e-08    1.5241082714e-08    2.0052794546e-11    3.5192936193e-09
  20.3600000    2.1060209153e-09    2.3542300175e-08    2.3211141742e-08   -2.4262650212e-07    2.5056786863e-08    1.4572413992e-08    3.2581154789e-11    3.5046984538e-09
  20.3700000    4.0105371441e-09    2.2808102108e-08    2.6492708731e-08   -2.4420374693e-07    2.3977237437e-08    1.4017594008e-08    4.5205821949e-11    3.4902031564e-09
  20.3800000    5.6425890123e-09    2.1905379890e-08    2.9435428860e-08   -2.4575330867e-07    2.3032796797e-08    1.3587160634e-08    5.7906058492e-11    3.4758214583e-09
  20.3900000    6.9428001359e-09    2.0861650640e-08    3.1997398723e-08   -2.4725842695e-07    2.2238491077e-08    1.3289190912e-08    7.0667019645e-11    3.4615585681e-09
  20.4000000    7.8639216988e-09    1.9706243227e-08    3.4142168172e-08   -2.4870237126e-07    2.1606905509e-08    1.3129140792e-08    8.3470089880e-11    3.4474216150e-09
  20.4100000    8.3728122469e-09    1.8469436559e-08    3.5839268742e-08   -2.5006869217e-07    2.1148025558e-08    1.3109737891e-08    9.6303434382e-11    3.4334132105e-09
  20.4200000    8.4516871774e-09    1.7181548432e-08    3.7064626090e-08   -2.5134151520e-07    2.0869037031e-08    1.3230924810e-08    1.0915183597e-10    3.4195389349e-09
  20.4300000    8.0986569867e-09    1.5872133089e-08    3.7800876090e-08   -2.5250585707e-07    2.0774242953e-08    1.3489868906e-08    1.2198985898e-10    3.4057961809e-09
  20.4400000    7.3276375572e-09    1.4569030580e-08    3.8037587270e-08   -2.5354788027e-07    2.0864987460e-08    1.3881017700e-08    1.3480802877e-10    3.3921843260e-09
  20.4500000    6.1673647306e-09    1.3297717703e-08    3.7771381498e-08   -2.5445521121e-07    2.1139646271e-08    1.4396201993e-08    1.4759255366e-10    3.3786995282e-09
  20.4600000    4.6599516755e-09    1.2080596346e-08    3.7005943855e-08   -2.5521716616e-07    2.1593678359e-08    1.5024819328e-08    1.6033431743e-10    3.3653396507e-09
  20.4700000    2.8586792905e-09    1.0936449246e-08    3.5751922838e-08   -2.5582504198e-07    2.2219685071e-08    1.5754025574e-08    1.7301086250e-10    3.3520934653e-09
  20.4800000    8.2549612813e-10    9.8800306373e-09    3.4026741139e-08   -2.5627229899e-07    2.3007566656e-08    1.6569010816e-08    1.8561745533e-10    3.3389548491e-09
  20.4900000   -1.3718294488e-09    8.9217270699e-09    3.1854301571e-08   -2.5655477040e-07    2.3944684246e-08    1.7453281379e-08    1.9812990370e-10    3.3259163888e-09
  20.5000000   -3.6627430369e-09    8.0675305104e-09    2.9264599974e-08   -2.5667080253e-07    2.5016070361e-08    1.8388992520e-08    2.1054925202e-10    3.3129600377e-09
  20.5100000   -5.9769894872e-09    7.3189771448e-09    2.6293238856e-08   -2.5662137572e-07    2.6204707708e-08    1.9357316264e-08    2.2285453191e-10    3.3000770677e-09
  20.5200000   -8.2474233327e-09    6.6733963070e-09    2.2980897790e-08   -2.5641019050e-07    2.7491762519e-08    2.0338795290e-08    2.3503568089e-10    3.2872472989e-09
  20.5300000   -1.0412736476e-08    6.1243153419e-09    1.9372695622e-08   -2.5604364410e-07    2.8856958381e-08    2.1313753608e-08    2.4708130577e-10    3.2744590637e-09
  20.5400000   -1.2419656190e-08    5.6619049099e-09    1.5517506579e-08   -2.5553086913e-07    3.0278856069e-08    2.2262654218e-08    2.5898135573e-10    3.2616921821e-09
  20.5500000   -1.4224670435e-08    5.2736307231e-09    1.1467238971e-08   -2.5488360512e-07    3.1735240911e-08    2.3166523279e-08    2.7072660630e-10    3.2489317794e-09
  20.5600000   -1.5795316868e-08    4.9450431789e-09    7.2760770662e-09   -2.5411611504e-07    3.3203452672e-08    2.4007290964e-08    2.8229785965e-10    3.2361585211e-09
  20.5700000   -1.7110833765e-08    4.6606182962e-09    2.9996564865e-09   -2.5324497577e-07    3.4660789585e-08    2.4768167068e-08    2.9369162465e-10    3.2233482645e-09
  20.5800000   -1.8162165541e-08    4.4046798844e-09   -1.3056818775e-09   -2.5228888776e-07    3.6084821493e-08    2.5433945809e-08    3.0489055293e-10    3.2104878508e-09
  20.5900000   -1.8951514931e-08    4.1622852482e-09   -5.5837432925e-09   -2.5126840196e-07    3.7453784018e-08    2.5991314725e-08    3.1588925904e-10    3.1975518050e-09
  20.6000000   -1.9491355747e-08    3.9201978597e-09   -9.7792420232e-09   -2.5020559259e-07    3.8746901235e-08    2.6429114088e-08    3.2667003275e-10    3.1845225143e-09
  20.6100000   -1.9803061633e-08    3.6677207829e-09   -1.3838584741e-08   -2.4912373979e-07    3.9944711783e-08    2.6738538336e-08    3.3722883698e-10    3.1713750557e-09
  20.6200000   -1.9915060091e-08    3.3975145757e-09   -1.7710577036e-08   -2.4804694105e-07    4.1029382499e-08    2.6913293164e-08    3.4754380445e-10    3.1580982957e-09
  20.6300000   -1.9860958439e-08    3.1061362769e-09   -2.1347115010e-08   -2.4699971308e-07    4.1984955013e-08    2.6949711967e-08    3.5760934212e-10    3.1446666949e-09
  20.6400000   -1.9677358918e-08    2.7946891406e-09   -2.4703823907e-08   -2.4600656965e-07    4.2797596798e-08    2.6846819509e-08    3.6741052924e-10    3.1310623447e-09
  20.6500000   -1.9401883717e-08    2.4689311492e-09   -2.7740596948e-08   -2.4509160246e-07    4.3455812215e-08    2.6606331760e-08    3.7693916802e-10    3.1172660135e-09
  20.6600000   -1.9071026380e-08    2.1394404519e-09   -3.0422106548e-08   -2.4427802573e-07    4.3950605928e-08    2.6232596178e-08    3.8617206430e-10    3.1032633894e-09
  20.6700000   -1.8718415009e-08    1.8213957192e-09   -3.2718196200e-08   -2.4358779146e-07    4.4275606387e-08    2.5732509483e-08    3.9510271180e-10    3.0890382296e-09
  20.6800000   -1.8373217346e-08    1.5341785815e-09   -3.4604217636e-08   -2.4304110150e-07    4.4427120380e-08    2.5115337574e-08    4.0371370015e-10    3.0745751380e-09
  20.6900000   -1.8058887430e-08    1.3006988971e-09   -3.6061274359e-08   -2.4265609840e-07    4.4404235763e-08    2.4392541777e-08    4.1199113521e-10    3.0598581194e-09
  20.7000000   -1.7792256158e-08    1.1465196978e-09   -3.7076366190e-08   -2.4244840856e-07    4.4208735369e-08    2.3577525204e-08    4.1992145833e-10    3.0448751878e-09
  20.7100000   -1.7583025603e-08    1.0987301129e-09   -3.7642453611e-08   -2.4243090584e-07    4.3845133567e-08    2.2685359858e-08    4.2748455540e-10    3.0296179037e-09
  20.7200000   -1.7433572734e-08    1.1847686614e-09   -3.7758452404e-08   -2.4261334985e-07    4.3320526106e-08    2.1732463501e-08    4.3466818495e-10    3.0140728557e-09
  20.7300000   -1.7339200085e-08    1.4309396388e-09   -3.7429107778e-08   -2.4300218366e-07    4.2644476444e-08    2.0736297539e-08    4.4145383412e-10    2.9982325931e-09
  20.7400000   -1.7288524934e-08    1.8610420476e-09   -3.6664814376e-08   -2.4360036031e-07    4.1828890695e-08    1.9714976263e-08    4.4782579100e-10    2.9820947701e-09
  20.7500000   -1.7264341244e-08    2.4949141334e-09   -3.5481330456e-08   -2.4440719326e-07    4.0887745372e-08    1.8686942715e-08    4.5375956954e-10    2.9656491772e-09
  20.7600000   -1.7244574898e-08    3.3470404008e-09   -3.3899484038e-08   -2.4541831870e-07    3.9836936341e-08    1.7670577415e-08    4.5924487502e-10    2.9488874182e-09
  20.7700000   -1.7203368375e-08    4.4253497075e-09   -3.1944725566e-08   -2.4662570815e-07    3.8693965094e-08    1.6683862194e-08    4.6425878115e-10    2.9318093701e-09
  20.7800000   -1.7112392170e-08    5.7300788758e-09   -2.9646719031e-08   -2.4801772087e-07    3.7477700046e-08    1.5744015650e-08    4.6878330639e-10    2.9144187075e-09
  20.7900000   -1.6942090625e-08    7.2531042687e-09   -2.7038812517e-08   -2.4957926268e-07    3.6208037313e-08    1.4867185810e-08    4.7280020844e-10    2.8967073961e-09
  20.8000000   -1.6662951689e-08    8.9773611587e-09   -2.4157506616e-08   -2.5129199150e-07    3.4905624391e-08    1.4068131522e-08    4.7628721354e-10    2.8786801027e-09
  20.8100000   -1.6246760589e-08    1.0876871899e-08   -2.1041909708e-08   -2.5313457680e-07    3.3591535219e-08    1.3359962021e-08    4.7922060045e-10    2.8603371710e-09
  20.8200000   -1.5667771211e-08    1.2916944513e-08   -1.7733131847e-08   -2.5508303783e-07    3.2286939449e-08    1.2753886224e-08    4.8158784549e-10    2.8416796040e-09
  20.8300000   -1.4903758862e-08    1.5054894810e-08   -1.4273708380e-08   -2.5711110486e-07    3.1012795665e-08    1.2259052524e-08    4.8336200173e-10    2.8227098126e-09
  20.8400000   -1.3936937934e-08    1.7241234136e-08   -1.0707005452e-08   -2.5919067679e-07    2.9789512366e-08    1.1882375422e-08    4.8452765087e-10    2.8034294996e-09
  20.8500000   -1.2754786465e-08    1.9421037098e-08   -7.0766408130e-09   -2.6129227369e-07    2.8636683520e-08    1.1628440428e-08    4.8505836718e-10    2.7838414025e-09
  20.8600000   -1.1350671764e-08    2.1535821944e-08   -3.4259359938e-09   -2.6338552344e-07    2.7572773862e-08    1.1499455038e-08    4.8493791432e-10    2.7639529615e-09
  20.8700000   -9.7244168708e-09    2.3525620717e-08    2.0264605429e-10   -2.6543970853e-07    2.6614843867e-08    1.1495238489e-08    4.8414628680e-10    2.7437653168e-09
  20.8800000   -7.8826250035e-09    2.5331300973e-08    3.7679726147e-09   -2.6742428313e-07    2.5778328811e-08    1.1613264798e-08    4.8266035545e-10    2.7232839133e-09
  20.8900000   -5.8389041236e-09    2.6896888751e-08    7.2307294052e-09   -2.6930940297e-07    2.5076822323e-08    1.1848757554e-08    4.8046848156e-10    2.7025151357e-09
  20.9000000   -3.6139269871e-09    2.8171989785e-08    1.0553813558e-08   -2.7106649874e-07    2.4521857230e-08    1.2194829326e-08    4.7754224939e-10    2.6814610723e-09
  20.9100000   -1.2352597057e-09    2.9114002584e-08    1.3702720421e-08   -2.7266874839e-07    2.4122763343e-08    1.2642622323e-08    4.7386615125e-10    2.6601340788e-09
  20.9200000    1.2629024330e-09    2.9690197356e-08    1.6645869931e-08   -2.7409159355e-07    2.3886583450e-08    1.3181578303e-08    4.6942685232e-10    2.6385304973e-09
  20.9300000    3.8401819509e-09    2.9879344257e-08    1.9354825823e-08   -2.7531317372e-07    2.3817926312e-08    1.3799600675e-08    4.6420180109e-10    2.6166580836e-09
  20.9400000    6.4508232035e-09    2.9673007331e-08    2.1804562341e-08   -2.7631476021e-07    2.3918956642e-08    1.4483387574e-08    4.5818309569e-10    2.5945225941e-09
  20.9500000    9.0444504927e-09    2.9076348547e-08    2.3973599536e-08   -2.7708109478e-07    2.4189364453e-08    1.5218686753e-08    4.5135261310e-10    2.5721339840e-09
  20.9600000    1.1567213380e-08    2.8108178502e-08    2.5844080530e-08   -2.7760069861e-07    2.4626408314e-08    1.5990591623e-08    4.4370202305e-10    2.5494905322e-09
  20.9700000    1.3963117640e-08    2.6800671017e-08    2.7401859178e-08   -2.7786608921e-07    2.5224941918e-08    1.6783857115e-08    4.3521463051e-10    2.5266044366e-09
  20.9800000    1.6175437227e-08    2.5198242308e-08    2.8636489730e-08   -2.7787397405e-07    2.5977540875e-08    1.7583207039e-08    4.2588400897e-10    2.5034758158e-09
  20.9900000    1.8148421474e-08    2.3356011654e-08    2.9541187724e-08   -2.7762530457e-07    2.6874615604e-08    1.8373606855e-08    4.1570608080e-10    2.4801108138e-09
  21.0000000    1.9829033019e-08    2.1337545641e-08    3.0112754168e-08   -2.7712531526e-07    2.7904562026e-08    1.9140591713e-08    4.0466557332e-10    2.4565244488e-09
  21.0100000    2.1168739796e-08    1.9212365966e-08    3.0351444639e-08   -2.7638343704e-07    2.9053967936e-08    1.9870500599e-08    3.9276528047e-10    2.4327186602e-09
  21.0200000    2.2125413901e-08    1.7052962276e-08    3.0260832519e-08   -2.7541317840e-07    3.0307804454e-08    2.0550742384e-08    3.8000681289e-10    2.4086972226e-09
  21.0300000    2.2665085287e-08    1.4931642965e-08    2.9847653415e-08   -2.7423190429e-07    3.1649660897e-08    2.1170011478e-08    3.6638092532e-10    2.3844756084e-09
  21.0400000    2.2763597088e-08    1.2917297476e-08    2.9121589728e-08   -2.7286054694e-07    3.3061998789e-08    2.1718446177e-08    3.5190280718e-10    2.3600556814e-09
  21.0500000    2.2407986999e-08    1.1072324544e-08    2.8095050045e-08   -2.7132327358e-07    3.4526437727e-08    2.2187827419e-08    3.3657014048e-10    2.3354590529e-09
  21.0600000    2.1597589462e-08    9.4497112036e-09    2.6783007961e-08   -2.6964707080e-07    3.6023988774e-08    2.2571660189e-08    3.2039564994e-10    2.3106843084e-09
  21.0700000    2.0344745710e-08    8.0905234793e-09    2.5202706259e-08   -2.6786129862e-07    3.7535374660e-08    2.2865242887e-08    3.0339199000e-10    2.2857459120e-09
  21.0800000    1.8675017683e-08    7.0220208257e-09    2.3373480063e-08   -2.6599715953e-07    3.9041291727e-08    2.3065733983e-08    2.8557213376e-10    2.2606584511e-09
  21.0900000    1.6626982138e-08    6.2562839843e-09    2.1316506116e-08   -2.6408721947e-07    4.0522695601e-08    2.3172133163e-08    2.6694996933e-10    2.2354314443e-09
  21.1000000    1.4251366169e-08    5.7896097305e-09    1.9054594978e-08   -2.6216481378e-07    4.1961093198e-08    2.3185223314e-08    2.4755121006e-10    2.2100783335e-09
  21.1100000    1.1609733820e-08    5.6027771677e-09    1.6611966013e-08   -2.6026349250e-07    4.3338778434e-08    2.3107522190e-08    2.2739619070e-10    2.1846183555e-09
  21.1200000    8.7725736243e-09    5.6620036357e-09    1.4014045689e-08   -2.5841644249e-07    4.4639102367e-08    2.2943165389e-08    2.0651121660e-10    2.1590601647e-09
  21.1300000    5.8169415766e-09    5.9206094874e-09    1.1287262726e-08   -2.5665594259e-07    4.5846713889e-08    2.2697758962e-08    1.8492981048e-10    2.1334234879e-09
  21.1400000    2.8237226020e-09    6.3215635608e-09    8.4588698661e-09   -2.5501280428e-07    4.6947744883e-08    2.2378219070e-08    1.6268148813e-10    2.1077247006e-09
  21.1500000   -1.2540399681e-10    6.8004525248e-09    5.5567494069e-09   -2.5351586274e-07    4.7930028830e-08    2.1992593470e-08    1.3980421325e-10    2.0819825813e-09
  21.1600000   -2.9511531527e-09    7.2888989106e-09    2.6092634674e-09   -2.5219150561e-07    4.8783247291e-08    2.1549846918e-08    1.1633252202e-10    2.0562113217e-09
  21.1700000   -5.5799995859e-09    7.7184134886e-09   -3.5495465466e-10   -2.5106324313e-07    4.9499067689e-08    2.1059658458e-08    9.2316796824e-11    2.0304297169e-09
  21.1800000   -7.9471710089e-09    8.0241397064e-09   -3.3071176287e-09   -2.5015134997e-07    5.0071242199e-08    2.0532183917e-08    6.7794610008e-11    2.0046554040e-09
  21.1900000   -9.9994016171e-09    8.1486831153e-09   -6.2184697529e-09   -2.4947251351e-07    5.0495675058e-08    1.9977851546e-08    4.2819321077e-11    1.9789053504e-09
  21.2000000   -1.1697505611e-08    8.0454779911e-09   -9.0604556193e-09   -2.4903964258e-07    5.0770482403e-08    1.9407130367e-08    1.7436513654e-11    1.9532008228e-09
  21.2100000   -1.3017980343e-08    7.6817726775e-09   -1.1804855604e-08   -2.4886165368e-07    5.0895970490e-08    1.8830328024e-08   -8.2972705474e-12    1.9275605686e-09
  21.2200000   -1.3954169453e-08    7.0409322991e-09   -1.4423991959e-08   -2.4894337518e-07    5.0874639273e-08    1.8257384072e-08   -3.4324367186e-11    1.9019957835e-09
  21.2300000   -1.4516639931e-08    6.1239948547e-09   -1.6890861464e-08   -2.4928554892e-07    5.0711091756e-08    1.7697685199e-08   -6.0589166326e-11    1.8765263475e-09
  21.2400000   -1.4732507282e-08    4.9502316452e-09   -1.9179363806e-08   -2.4988485629e-07    5.0411966477e-08    1.7159928962e-08   -8.7025156140e-11    1.8511677825e-09
  21.2500000   -1.4644232610e-08    3.5568812785e-09   -2.1264471536e-08   -2.5073404297e-07    4.9985816907e-08    1.6651947216e-08   -1.1357261630e-10    1.8259357963e-09
  21.2600000   -1.4307380859e-08    1.9978421801e-09   -2.3122451703e-08   -2.5182210184e-07    4.9442937126e-08    1.6180606357e-08   -1.4016441637e-10    1.8008437345e-09
  21.2700000   -1.3787835934e-08    3.4151321582e-10   -2.4731073102e-08   -2.5313456073e-07    4.8795236738e-08    1.5751727209e-08   -1.6674676837e-10    1.7759046426e-09
  21.2800000   -1.3158207965e-08   -1.3322949038e-09   -2.6069845729e-08   -2.5465375757e-07    4.8056010502e-08    1.5370019084e-08   -1.9322875209e-10    1.7511297863e-09
  21.2900000   -1.2494061333e-08   -2.9359533318e-09   -2.7120260061e-08   -2.5635922207e-07    4.7239724858e-08    1.5039037969e-08   -2.1955437054e-10    1.7265311672e-09
  21.3000000   -1.1869625682e-08   -4.3784064334e-09   -2.7866019799e-08   -2.5822808158e-07    4.6361816773e-08    1.4761180824e-08   -2.4565084697e-10    1.7021124691e-09
  21.3100000   -1.1353653698e-08   -5.5695693734e-09   -2.8293320250e-08   -2.6023550664e-07    4.5438411466e-08    1.4537713705e-08   -2.7144252360e-10    1.6778870253e-09
  21.3200000   -1.1005337466e-08   -6.4251631673e-09   -2.8391080348e-08   -2.6235518277e-07    4.4486102381e-08    1.4368812886e-08   -2.9686089527e-10    1.6538521938e-09
  21.3300000   -1.0870723932e-08   -6.8710812475e-09   -2.8151202734e-08   -2.6455980081e-07    4.3521682673e-08    1.4253610876e-08   -3.2183944005e-10    1.6300212991e-09
  21.3400000   -1.0979614452e-08   -6.8476227872e-09   -2.7568799855e-08   -2.6682153305e-07    4.2561882187e-08    1.4190303571e-08   -3.4630047252e-10    1.6063929529e-09
  21.3500000   -1.1343285312e-08   -6.3130515304e-09   -2.6642453431e-08   -2.6911254426e-07    4.1623129405e-08    1.4176234222e-08   -3.7016759994e-10    1.5829665315e-09
  21.3600000   -1.1953112237e-08   -5.2463719786e-09   -2.5374378188e-08   -2.7140544751e-07    4.0721271595e-08    1.4208009993e-08   -3.9337964629e-10    1.5597445577e-09
  21.3700000   -1.2780299841e-08   -3.6491636400e-09   -2.3770634060e-08   -2.7367377838e-07    3.9871381881e-08    1.4281625787e-08   -4.1586216293e-10    1.5367206688e-09
  21.3800000   -1.3776541114e-08   -1.5464009153e-09   -2.1841258038e-08   -2.7589241059e-07    3.9087500009e-08    1.4392578905e-08   -4.3754879659e-10    1.5138947153e-09
  21.3900000   -1.4875899764e-08    1.0138829660e-09   -1.9600368570e-08   -2.7803794086e-07    3.8382416863e-08    1.4536018871e-08   -4.5837293015e-10    1.4912594074e-09
  21.4000000   -1.5997568293e-08    3.9620011305e-09   -1.7066236514e-08   -2.8008903496e-07    3.7767531249e-08    1.4706850172e-08   -4.7827133464e-10    1.4688117761e-09
  21.4100000   -1.7049687884e-08    7.2092169134e-09   -1.4261263115e-08   -2.8202672550e-07    3.7252647040e-08    1.4899885551e-08   -4.9718308722e-10    1.4465430707e-09
  21.4200000   -1.7933675419e-08    1.0651116742e-08   -1.1211956610e-08   -2.8383463939e-07    3.6845847924e-08    1.5109934873e-08   -5.1504515587e-10    1.4244488067e-09
  21.4300000   -1.8549322793e-08    1.4171969061e-08   -7.9488101608e-09   -2.8549920247e-07    3.6553374207e-08    1.5331923854e-08   -5.3180967141e-10    1.4025192339e-09
  21.4400000   -1.8799997310e-08    1.7649650792e-08   -4.5061030544e-09   -2.8700972568e-07    3.6379553334e-08    1.5560994155e-08   -5.4741562328e-10    1.3807471521e-09
  21.4500000   -1.8598047154e-08    2.0960923291e-08   -9.2166460941e-10   -2.8835851722e-07    3.6326731743e-08    1.5792567245e-08   -5.6181781289e-10    1.3591220852e-09
  21.4600000   -1.7869733083e-08    2.3986937019e-08    2.7634556382e-09   -2.8954084332e-07    3.6395262528e-08    1.6022414814e-08   -5.7497005654e-10    1.3376353875e-09
  21.4700000   -1.6559885617e-08    2.6618508683e-08    6.5053607629e-09   -2.9055489252e-07    3.6583506642e-08    1.6246721992e-08   -5.8684046541e-10    1.3162807698e-09
  21.4800000   -1.4635644272e-08    2.8761084801e-08    1.0257811476e-08   -2.9140168963e-07    3.6887853624e-08    1.6462115273e-08   -5.9738857755e-10    1.2950476117e-09
  21.4900000   -1.2089377270e-08    3.0339072187e-08    1.3972719432e-08   -2.9208492224e-07    3.7302807019e-08    1.6665661696e-08   -6.0657849583e-10    1.2739282175e-09
  21.5000000   -8.9403391441e-09    3.1299312368e-08    1.7600731845e-08   -2.9261073473e-07    3.7821070411e-08    1.6854883495e-08   -6.1439099587e-10    1.2529145566e-09
  21.5100000   -5.2351203149e-09    3.1613570778e-08    2.1091922590e-08   -2.9298754222e-07    3.8433679468e-08    1.7027767075e-08   -6.2080255046e-10    1.2320030902e-09
  21.5200000   -1.0469011814e-09    3.1279858263e-08    2.4396421692e-08   -2.9322569490e-07    3.9130106868e-08    1.7182711929e-08   -6.2579881990e-10    1.2111828513e-09
  21.5300000    3.5266933495e-09    3.0322533381e-08    2.7465196282e-08   -2.9333726565e-07    3.9898469251e-08    1.7318515762e-08   -6.2937578554e-10    1.1904502756e-09
  21.5400000    8.3669554373e-09    2.8791269285e-08    3.0250767841e-08   -2.9333567152e-07    4.0725698142e-08    1.7434317132e-08   -6.3152036711e-10    1.1698027134e-09
  21.5500000    1.3338444915e-08    2.6758718982e-08    3.2708012176e-08   -2.9323543782e-07    4.1597731589e-08    1.7529559263e-08   -6.3223988242e-10    1.1492399327e-09
  21.5600000    1.8294244339e-08    2.4317235240e-08    3.4794916644e-08   -2.9305181987e-07    4.2499760680e-08    1.7603935037e-08   -6.3154292896e-10    1.1287570167e-09
  21.5700000    2.3081980121e-08    2.1574618501e-08    3.6473345453e-08   -2.9280051636e-07    4.3416407884e-08    1.7657347224e-08   -6.2944526963e-10    1.1083548443e-09
  21.5800000    2.7549994762e-08    1.8649207277e-08    3.7709779377e-08   -2.9249740442e-07    4.4332002315e-08    1.7689840023e-08   -6.2596583784e-10    1.0880361088e-09
  21.5900000    3.1553868867e-08    1.5664406678e-08    3.8475992253e-08   -2.9215820984e-07    4.5230792753e-08    1.7701562849e-08   -6.2113046668e-10    1.0678015937e-09
  21.6000000    3.4962430730e-08    1.2743169851e-08    3.8749705636e-08   -2.9179827927e-07    4.6097184452e-08    1.7692716230e-08   -6.1497215618e-10    1.0476515533e-09
  21.6100000    3.7663576459e-08    1.0002385073e-08    3.8515146634e-08   -2.9143236703e-07    4.6915977154e-08    1.7663547821e-08   -6.0753078199e-10    1.0275988190e-09
  21.6200000    3.9568961883e-08    7.5476976724e-09    3.7763529934e-08   -2.9107441545e-07    4.7672567717e-08    1.7614289376e-08   -5.9884662099e-10    1.0076438491e-09
  21.6300000    4.0617976103e-08    5.4688978537e-09    3.6493456368e-08   -2.9073740312e-07    4.8353196652e-08    1.7545163221e-08   -5.8897523086e-10    9.8779726549e-10
  21.6400000    4.0780368243e-08    3.8360400747e-09    3.4711179152e-08   -2.9043323261e-07    4.8945121197e-08    1.7456374819e-08   -5.7796234895e-10    9.6806648342e-10
  21.6500000    4.0057565112e-08    2.6966033706e-09    3.2430762833e-08   -2.9017261380e-07    4.9436797494e-08    1.7348112450e-08   -5.6587518416e-10    9.4846186371e-10
  21.6600000    3.8482670029e-08    2.0737839350e-09    2.9674131595e-08   -2.8996504244e-07    4.9818054752e-08    1.7220562013e-08   -5.5277496822e-10    9.2899124926e-10
  21.6700000    3.6118965596e-08    1.9658081390e-09    2.6470969056e-08   -2.8981874736e-07    5.0080251703e-08    1.7073938749e-08   -5.3873548799e-10    9.0967247803e-10
  21.6800000    3.3057176682e-08    2.3466411437e-09    2.2858470648e-08   -2.8974071178e-07    5.0216356597e-08    1.6908513101e-08   -5.2383254901e-10    8.9051110470e-10
  21.6900000    2.9411521063e-08    3.1677207209e-09    1.8880994025e-08   -2.8973672294e-07    5.0221077838e-08    1.6724649178e-08   -5.0813869155e-10    8.7152302826e-10
  21.7000000    2.5314775964e-08    4.3606789031e-09    1.4589537804e-08   -2.8981141624e-07    5.0090915580e-08    1.6522844763e-08   -4.9173779938e-10    8.5272361466e-10
  21.7100000    2.0912559463e-08    5.8411570964e-09    1.0041113205e-08   -2.8996836111e-07    4.9824207645e-08    1.6303810605e-08   -4.7471878412e-10    8.3412753502e-10
  21.7200000    1.6357093673e-08    7.5131371555e-09    5.2979887568e-09   -2.9021015281e-07    4.9421149598e-08    1.6068482320e-08   -4.5716285219e-10    8.1574662142e-10
  21.7300000    1.1800859563e-08    9.2737980071e-09    4.2679878205e-10   -2.9053850979e-07    4.8883775209e-08    1.5818082853e-08   -4.3916477698e-10    7.9759563211e-10
  21.7400000    7.3901626990e-09    1.1018630341e-08   -4.5024321346e-09   -2.9095440581e-07    4.8215937160e-08    1.5554172601e-08   -4.2081422414e-10    7.7969128637e-10
  21.7500000    3.2592341057e-09    1.2646589691e-08   -9.4173512923e-09   -2.9145814860e-07    4.7423218253e-08    1.5278686170e-08   -4.0220347379e-10    7.6204743012e-10
  21.7600000   -4.7506036707e-10    1.4064779279e-08   -1.4244422167e-08   -2.9204950701e-07    4.6512868320e-08    1.4993972793e-08   -3.8342355640e-10    7.4467746511e-10
  21.7700000   -3.7177541850e-09    1.5192913458e-08   -1.8910120019e-08   -2.9272777800e-07    4.5493684618e-08    1.4702785721e-08   -3.6457605677e-10    7.2760016744e-10
  21.7800000   -6.3990557804e-09    1.5966835094e-08   -2.3342172700e-08   -2.9349189566e-07    4.4375885721e-08    1.4408319679e-08   -3.4575029823e-10    7.1082648200e-10
  21.7900000   -8.4765247623e-09    1.6341340875e-08   -2.7470765062e-08   -2.9434046525e-07    4.3170942620e-08    1.4114195791e-08   -3.2703964311e-10    6.9437300467e-10
  21.8000000   -9.9359604833e-09    1.6291926629e-08   -3.1229812703e-08   -2.9527183343e-07    4.1891452184e-08    1.3824444232e-08   -3.0853569350e-10    6.7825137386e-10
  21.8100000   -1.0790916979e-08    1.5815554466e-08   -3.4558151033e-08   -2.9628410014e-07    4.0550926000e-08    1.3543460882e-08   -2.9032902992e-10    6.6247201579e-10
  21.8200000   -1.1081049187e-08    1.4930386335e-08   -3.7400623959e-08   -2.9737512158e-07    3.9163613932e-08    1.3275960573e-08   -2.7250643739e-10    6.4705380299e-10
  21.8300000   -1.0869278762e-08    1.3674440868e-08   -3.9709219164e-08   -2.9854252510e-07    3.7744293046e-08    1.3026917137e-08   -2.5515533346e-10    6.3200286956e-10
  21.8400000   -1.0237862062e-08    1.2103355758e-08   -4.1443971690e-08   -2.9978362869e-07    3.6308085395e-08    1.2801484673e-08   -2.3835522810e-10    6.1733356943e-10
  21.8500000   -9.2836803209e-09    1.0287381849e-08   -4.2573827372e-08   -3.0109543244e-07    3.4870216459e-08    1.2604875071e-08   -2.2218270944e-10    6.0305181555e-10
  21.8600000   -8.1130915791e-09    8.3077796831e-09   -4.3077337091e-08   -3.0247455704e-07    3.3445853532e-08    1.2442296237e-08   -2.0671180987e-10    5.8917057474e-10
  21.8700000   -6.8362770967e-09    6.2526762241e-09   -4.2943172257e-08   -3.0391713983e-07    3.2049864542e-08    1.2318791800e-08   -1.9201073745e-10    5.7569231973e-10
  21.8800000   -5.5616364835e-09    4.2128785336e-09   -4.2170536269e-08   -3.0541878497e-07    3.0696643748e-08    1.2239162812e-08   -1.7813986815e-10    5.6262746041e-10
  21.8900000   -4.3903210625e-09    2.2775167409e-09   -4.0769313280e-08   -3.0697447494e-07    2.9399922270e-08    1.2207802528e-08   -1.6515738988e-10    5.4997920893e-10
  21.9000000   -3.4112681816e-09    5.2997022192e-10   -3.8760080565e-08   -3.0857851313e-07    2.8172579012e-08    1.2228589567e-08   -1.5311406687e-10    5.3775695108e-10
  21.9100000   -2.6968472021e-09   -9.5578450401e-10   -3.6173910738e-08   -3.1022442668e-07    2.7026481924e-08    1.2304766430e-08   -1.4205765431e-10    5.2595745302e-10
  21.9200000   -2.2994867196e-09   -2.1183583228e-09   -3.3051976262e-08   -3.1190494182e-07    2.5972353436e-08    1.2438810615e-08   -1.3202388766e-10    5.1457890093e-10
  21.9300000   -2.2491960668e-09   -2.9114115909e-09   -2.9444958133e-08   -3.1361194923e-07    2.5019627059e-08    1.2632322249e-08   -1.2304926508e-10    5.0362553442e-10
  21.9400000   -2.5521911644e-09   -3.3052823556e-09   -2.5412273523e-08   -3.1533645607e-07    2.4176349894e-08    1.2885938812e-08   -1.1515435618e-10    4.9309606586e-10
  21.9500000   -3.1907866288e-09   -3.2878804813e-09   -2.1021147005e-08   -3.1706865346e-07    2.3449081417e-08    1.3199243172e-08   -1.0836076966e-10    4.8298610060e-10
  21.9600000   -4.1242899671e-09   -2.8646571808e-09   -1.6345497105e-08   -3.1879791988e-07    2.2842824145e-08    1.3570725054e-08   -1.0267215153e-10    4.7328742009e-10
  21.9700000   -5.2910724898e-09   -2.0578607190e-09   -1.1464671639e-08   -3.2051291039e-07    2.2360992427e-08    1.3997700502e-08   -9.8097707602e-11    4.6399128115e-10
  21.9800000   -6.6116041677e-09   -9.0497440126e-10   -6.4620981436e-09   -3.2220167100e-07    2.2005369017e-08    1.4476329543e-08   -9.4633594489e-11    4.5509181093e-10
  21.9900000   -7.9922542981e-09    5.4342554632e-10   -1.4237935930e-09   -3.2385174186e-07    2.1776114943e-08    1.5001601155e-08   -9.2268206831e-11    4.4657818488e-10
  22.0000000   -9.3298515971e-09    2.2263785139e-09    3.5631549556e-09   -3.2545037518e-07    2.1671790907e-08    1.5567370197e-08   -9.0981145501e-11    4.3843053929e-10
  22.0100000   -1.0516602164e-08    4.0754536015e-09    8.4121895093e-09   -3.2698469106e-07    2.1689397254e-08    1.6166442243e-08   -9.0750924557e-11    4.3063793015e-10
  22.0200000   -1.1445232531e-08    6.0181096429e-09    1.3038876483e-08   -3.2844192507e-07    2.1824433014e-08    1.6790625704e-08   -9.1549015335e-11    4.2318105829e-10
  22.0300000   -1.2014172712e-08    7.9808609267e-09    1.7362502923e-08   -3.2980966888e-07    2.2070977498e-08    1.7430853594e-08   -9.3329884143e-11    4.1604096163e-10
  22.0400000   -1.2132393637e-08    9.8925176955e-09    2.1307592729e-08   -3.3107612263e-07    2.2421789249e-08    1.8077344983e-08   -9.6058409702e-11    4.0919423077e-10
  22.0500000   -1.1723894505e-08    1.1686992765e-08    2.4805374311e-08   -3.3223038619e-07    2.2868444090e-08    1.8719717513e-08   -9.9684935575e-11    4.0261632245e-10
  22.0600000   -1.0731547289e-08    1.3305935499e-08    2.7795152160e-08   -3.3326271053e-07    2.3401435307e-08    1.9347219235e-08   -1.0415145100e-10    3.9627748655e-10
  22.0700000   -9.1200309859e-09    1.4700845001e-08    3.0225501464e-08   -3.3416478134e-07    2.4010355387e-08    1.9948862215e-08   -1.0940209064e-10    3.9015374349e-10
  22.0800000   -6.8779523030e-09    1.5834517795e-08    3.2055345424e-08   -3.3493000527e-07    2.4683999293e-08    2.0513690243e-08   -1.1536701246e-10    3.8421632971e-10
  22.0900000   -4.0188989178e-09    1.6682100175e-08    3.3254819621e-08   -3.3555371779e-07    2.5410583563e-08    2.1030944314e-08   -1.2198657661e-10    3.7843040541e-10
  22.1000000   -5.8145136073e-10    1.7231505998e-08    3.3805947686e-08   -3.3603341231e-07    2.6177875107e-08    2.1490296620e-08   -1.2919266867e-10    3.7276349471e-10
  22.1100000    3.3718270753e-09    1.7483164335e-08    3.3703086493e-08   -3.3636891526e-07    2.6973398003e-08    2.1882093222e-08   -1.3690531307e-10    3.6717704214e-10
  22.1200000    7.7564675979e-09    1.7449415622e-08    3.2953160001e-08   -3.3656255123e-07    2.7784574372e-08    2.2197520752e-08   -1.4505156638e-10    3.6163763993e-10
  22.1300000    1.2468969275e-08    1.7153314247e-08    3.1575626043e-08   -3.3661921359e-07    2.8598924182e-08    2.2428845567e-08   -1.5355728502e-10    3.5610513180e-10
  22.1400000    1.7390548873e-08    1.6627032599e-08    2.9602208329e-08   -3.3654639829e-07    2.9404228844e-08    2.2569581841e-08   -1.6234430513e-10    3.5054093854e-10
  22.1500000    2.2391488465e-08    1.5910120883e-08    2.7076412019e-08   -3.3635422579e-07    3.0188691486e-08    2.2614657594e-08   -1.7133674693e-10    3.4489935094e-10
  22.1600000    2.7335876899e-08    1.5047341693e-08    2.4052738161e-08   -3.3605531963e-07    3.0941095151e-08    2.2560567418e-08   -1.8045400180e-10    3.3915038076e-10
  22.1700000    3.2086693519e-08    1.4086605612e-08    2.0595759964e-08   -3.3566469109e-07    3.1650949591e-08    2.2405480416e-08   -1.8962549280e-10    3.3324531558e-10
  22.1800000    3.6510884453e-08    1.3076791298e-08    1.6778923941e-08   -3.3519954674e-07    3.2308630357e-08    2.2149350535e-08   -1.9877255510e-10    3.2714856077e-10
  22.1900000    4.0484150834e-08    1.2065637448e-08    1.2683172840e-08   -3.3467902056e-07    3.2905503157e-08    2.1793922268e-08   -2.0782128698e-10    3.2081672173e-10
  22.2000000    4.3895658375e-08    1.1097860804e-08    8.3954395556e-09   -3.3412384817e-07    3.3434016558e-08    2.1342782403e-08   -2.1671254123e-10    3.1420566131e-10
  22.2100000    4.6651942414e-08    1.0213499444e-08    4.0069459303e-09   -3.3355600840e-07    3.3887809848e-08    2.0801339202e-08   -2.2537203746e-10    3.0728534233e-10
  22.2200000    4.8680250105e-08    9.4464717830e-09   -3.8854445619e-10   -3.3299831352e-07    3.4261769118e-08    2.0176747832e-08   -2.3374007159e-10    3.0001259834e-10
  22.2300000    4.9931056282e-08    8.8235940019e-09   -4.6965944666e-09   -3.3247394474e-07    3.4552104875e-08    1.9477841992e-08   -2.4176894043e-10    2.9235554748e-10
  22.2400000    5.0379574908e-08    8.3637637206e-09   -8.8239708498e-09   -3.3200596487e-07    3.4756360621e-08    1.8714988376e-08   -2.4939208116e-10    2.8427959389e-10
  22.2500000    5.0026514130e-08    8.0776363924e-09   -1.2680544104e-08   -3.3161682565e-07    3.4873458162e-08    1.7899925593e-08   -2.5657433275e-10    2.7575155578e-10
  22.2600000    4.8897690229e-08    7.9675758390e-09   -1.6181104639e-08   -3.3132785456e-07    3.4903685054e-08    1.7045596124e-08   -2.6327110665e-10    2.6674214800e-10
  22.2700000    4.7042585988e-08    8.0280204232e-09   -1.9247186586e-08   -3.3115873177e-07    3.4848667639e-08    1.6165883100e-08   -2.6944750632e-10    2.5722539992e-10
  22.2800000    4.4532354145e-08    8.2460238697e-09   -2.1808689316e-08   -3.3112701285e-07    3.4711357715e-08    1.5275410102e-08   -2.7507665252e-10    2.4718432126e-10
  22.2900000    4.1456784066e-08    8.6021321214e-09   -2.3805425977e-08   -3.3124766634e-07    3.4495939583e-08    1.4389259341e-08   -2.8013743034e-10    2.3659576304e-10
  22.3000000    3.7920654438e-08    9.0714665978e-09   -2.5188437830e-08   -3.3153261709e-07    3.4207794776e-08    1.3522694107e-08   -2.8461732460e-10    2.2544294160e-10
  22.3100000    3.4039714287e-08    9.6250084229e-09   -2.5921145462e-08   -3.3199038763e-07    3.3853387999e-08    1.2690875386e-08   -2.8850646064e-10    2.1371708457e-10
  22.3200000    2.9936143211e-08    1.0230870308e-08   -2.5980242699e-08   -3.3262579581e-07    3.3440201128e-08    1.1908593176e-08   -2.9180325540e-10    2.0141333852e-10
  22.3300000    2.5734061543e-08    1.0855765707e-08   -2.5356344904e-08   -3.3343967400e-07    3.2976560273e-08    1.1189950036e-08   -2.9452041205e-10    1.8852730250e-10
  22.3400000    2.1554948209e-08    1.1466390732e-08   -2.4054364411e-08   -3.3442873737e-07    3.2471578191e-08    1.0548092323e-08   -2.9666564154e-10    1.7506307239e-10
  22.3500000    1.7513413208e-08    1.2030795342e-08   -2.2093596363e-08   -3.3558549026e-07    3.1934976388e-08    9.9949737916e-09   -2.9826077288e-10    1.6102721879e-10
  22.3600000    1.3713191648e-08    1.2519598148e-08   -1.9507539435e-08   -3.3689823086e-07    3.1376961354e-08    9.5410748350e-09   -2.9933567467e-10    1.4643140683e-10
  22.3700000    1.0243922826e-08    1.2907223163e-08   -1.6343393265e-08   -3.3835117872e-07    3.0808070948e-08    9.1952320339e-09   -2.9991779142e-10    1.3129483541e-10
  22.3800000    7.1783330113e-09    1.3172741325e-08   -1.2661307079e-08   -3.3992465119e-07    3.0239031898e-08    8.9643781719e-09   -3.0005521799e-10    1.1563926387e-10
  22.3900000    4.5703813269e-09    1.3300652911e-08   -8.5333325208e-09   -3.4159538000e-07    2.9680594132e-08    8.8534591892e-09   -2.9978624851e-10    9.9485565708e-11
  22.4000000    2.4541750221e-09    1.3281468958e-08   -4.0421410031e-09   -3.4333688097e-07    2.9143401724e-08    8.8652748367e-09   -2.9916259425e-10    8.2874227223e-11
  22.4100000    8.4354606835e-10    1.3111859745e-08    7.2051409346e-10   -3.4511995078e-07    2.8637832276e-08    9.0003958489e-09   -2.9824223089e-10    6.5840024006e-11
  22.4200000   -2.6716486198e-10    1.2794852118e-08    5.6555114826e-09   -3.4691318016e-07    2.8173860919e-08    9.2571629394e-09   -2.9708241659e-10    4.8419053643e-11
  22.4300000   -9.0200400113e-10    1.2339447210e-08    1.0658282063e-08   -3.4868358175e-07    2.7760912926e-08    9.6316344157e-09   -2.9575183105e-10    3.0654981638e-11
  22.4400000   -1.1012596912e-09    1.1760359629e-08    1.5620844721e-08   -3.5039728286e-07    2.7407755053e-08    1.0117687580e-08   -2.9431154131e-10    1.2599363835e-11
  22.4500000   -9.1886119950e-10    1.1077199783e-08    2.0433948151e-08   -3.5202020682e-07    2.7122347491e-08    1.0707062304e-08   -2.9283541407e-10   -5.6943105249e-12
  22.4600000   -4.1936267865e-10    1.0313748058e-08    2.4989271293e-08   -3.5351883571e-07    2.6911760891e-08    1.1389525025e-08   -2.9139700499e-10   -2.4173397668e-11
  22.4700000    3.2543219684e-10    9.4969482152e-09    2.9181638320e-08   -3.5486095555e-07    2.6782077112e-08    1.2153019787e-08   -2.9006385381e-10   -4.2776379938e-11
  22.4800000    1.2399732869e-09    8.6557799132e-09    3.2911207733e-08   -3.5601638652e-07    2.6738300042e-08    1.2983887258e-08   -2.8891333006e-10   -6.1444183801e-11
  22.4900000    2.2485552079e-09    7.8201828959e-09    3.6085576821e-08   -3.5695774707e-07    2.6784296480e-08    1.3867063257e-08   -2.8802240439e-10   -8.0112173807e-11
  22.5000000    3.2785466372e-09    7.0197679399e-09    3.8621775888e-08   -3.5766111063e-07    2.6922738740e-08    1.4786387012e-08   -2.8745944635e-10   -9.8717877208e-11
  22.5100000    4.2634971009e-09    6.2827266154e-09    4.0448127254e-08   -3.5810666124e-07    2.7155074090e-08    1.5724864949e-08   -2.8729773548e-10   -1.1719249726e-10
  22.5200000    5.1458224812e-09    5.6346923246e-09    4.1505878154e-08   -3.5827922549e-07    2.7481498554e-08    1.6664976616e-08   -2.8760909491e-10   -1.3546809683e-10
  22.5300000    5.8787701743e-09    5.0978575249e-09    4.1750580604e-08   -3.5816878863e-07    2.7900956311e-08    1.7588983215e-08   -2.8845818081e-10   -1.5347976208e-10
  22.5400000    6.4281658016e-09    4.6900239695e-09    4.1153287982e-08   -3.5777086196e-07    2.8411165134e-08    1.8479259417e-08   -2.8991139815e-10   -1.7116057712e-10
  22.5500000    6.7730729329e-09    4.4240360600e-09    3.9701373266e-08   -3.5708675097e-07    2.9008600103e-08    1.9318614237e-08   -2.9202656973e-10   -1.8844380985e-10
  22.5600000    6.9062096222e-09    4.3072922609e-09    3.7399092421e-08   -3.5612371998e-07    2.9688602945e-08    2.0090598058e-08   -2.9486856719e-10   -2.0526958061e-10
  22.5700000    6.8335519781e-09    4.3415340302e-09    3.4267796129e-08   -3.5489501298e-07    3.0445401775e-08    2.0779802089e-08   -2.9848039830e-10   -2.2157033177e-10
  22.5800000    6.5733507715e-09    4.5228285713e-09    3.0345806986e-08   -3.5341978912e-07    3.1272169892e-08    2.1372157575e-08   -3.0290966387e-10   -2.3728299989e-10
  22.5900000    6.1547706978e-09    4.8417852542e-09    2.5687980767e-08   -3.5172286245e-07    3.2161147494e-08    2.1855185468e-08   -3.0819522984e-10   -2.5235932907e-10
  22.6000000    5.6159995635e-09    5.2839527911e-09    2.0364879442e-08   -3.4983436395e-07    3.3103709572e-08    2.2218222852e-08   -3.1437408305e-10   -2.6673516791e-10
  22.6100000    5.0020874035e-09    5.8304375872e-09    1.4461729220e-08   -3.4778929355e-07    3.4090495804e-08    2.2452639587e-08   -3.2146815324e-10   -2.8037460499e-10
  22.6200000    4.3626400308e-09    6.4586786614e-09    8.0769204603e-09   -3.4562690191e-07    3.5111514077e-08    2.2552003272e-08   -3.2950610528e-10   -2.9321784327e-10
  22.6300000    3.7493498261e-09    7.1433194226e-09    1.3203891935e-09   -3.4338998448e-07    3.6156270923e-08    2.2512190777e-08   -3.3849819878e-10   -3.0523307956e-10
  22.6400000    3.2136675831e-09    7.8571747020e-09   -5.6884057876e-09   -3.4112413691e-07    3.7213902880e-08    2.2331488486e-08   -3.4844796342e-10   -3.1637936204e-10
  22.6500000    2.8045185050e-09    8.5722719688e-09   -1.2822604134e-08   -3.3887686018e-07    3.8273309834e-08    2.2010631243e-08   -3.5935632311e-10   -3.2662671555e-10
  22.6600000    2.5663467116e-09    9.2608769253e-09   -1.9950303214e-08   -3.3669665231e-07    3.9323300285e-08    2.1552777816e-08   -3.7121459475e-10   -3.3595828303e-10
  22.6700000    2.5373446985e-09    9.8964973379e-09   -2.6937022937e-08   -3.3463200419e-07    4.0352738114e-08    2.0963504466e-08   -3.8400557247e-10   -3.4434423423e-10
  22.6800000    2.7481522560e-09    1.0454756179e-08   -3.3648304949e-08   -3.3273044571e-07    4.1350663289e-08    2.0250704890e-08   -3.9770711866e-10   -3.5177975477e-10
  22.6900000    3.2209467297e-09    1.0914306243e-08   -3.9952293737e-08   -3.3103754005e-07    4.2306452010e-08    1.9424441751e-08   -4.1229385731e-10   -3.5825790885e-10
  22.7000000    3.9688213048e-09    1.1257533956e-08   -4.5722312123e-08   -3.2959588255e-07    4.3209951041e-08    1.8496800317e-08   -4.2772269910e-10   -3.6378028819e-10
  22.7100000    4.9956699053e-09    1.1471024507e-08   -5.0839419706e-08   -3.2844420383e-07    4.4051596887e-08    1.7481689800e-08   -4.4395272251e-10   -3.6835893804e-10
  22.7200000    6.2963859602e-09    1.1546075287e-08   -5.5194810961e-08   -3.2761646153e-07    4.4822561853e-08    1.6394586580e-08   -4.6093600815e-10   -3.7200409474e-10
  22.7300000    7.8574208137e-09    1.1478899780e-08   -5.8692054476e-08   -3.2714105308e-07    4.5514853838e-08    1.5252305262e-08   -4.7861604408e-10   -3.7474061147e-10
  22.7400000    9.6575045160e-09    1.1270682406e-08   -6.1249159213e-08   -3.2704013029e-07    4.6121418585e-08    1.4072683790e-08   -4.9693045334e-10   -3.7659475122e-10
  22.7500000    1.1668731814e-08    1.0927492241e-08   -6.2800370149e-08   -3.2732899674e-07    4.6636267609e-08    1.2874309670e-08   -5.1582317390e-10   -3.7760698353e-10
  22.7600000    1.3857603979e-08    1.0460084933e-08   -6.3297641086e-08   -3.2801567986e-07    4.7054536731e-08    1.1676180225e-08   -5.3521330411e-10   -3.7781826733e-10
  22.7700000    1.6186287026e-08    9.8835462207e-09   -6.2711850364e-08   -3.2910059236e-07    4.7372573595e-08    1.0497404305e-08   -5.5503054107e-10   -3.7727522398e-10
  22.7800000    1.8613820337e-08    9.2166991802e-09   -6.1033622698e-08   -3.3057638260e-07    4.7587970641e-08    9.3568564942e-09   -5.7520359396e-10   -3.7603817954e-10
  22.7900000    2.1097288162e-08    8.4816039307e-09   -5.8273800439e-08   -3.3242795498e-07    4.7699645453e-08    8.2728953037e-09   -5.9564517020e-10   -3.7416530766e-10
  22.8000000    2.3592902042e-08    7.7028945444e-09   -5.4463530387e-08   -3.3463259463e-07    4.7707842197e-08    7.2630039853e-09   -6.1628120669e-10   -3.7172613554e-10
  22.8100000    2.6057054600e-08    6.9069365253e-09   -4.9653956667e-08   -3.3716029275e-07    4.7614140627e-08    6.3435489666e-09   -6.3702975356e-10   -3.6879467364e-10
  22.8200000    2.8447173515e-08    6.1211830517e-09   -4.3915539732e-08   -3.3997422813e-07    4.7421470980e-08    5.5294788743e-09   -6.5779996845e-10   -3.6544533330e-10
  22.8300000    3.0722448624e-08    5.3733162020e-09   -3.7336990702e-08   -3.4303137144e-07    4.7134082397e-08    4.8340702821e-09   -6.7851809002e-10   -3.6176023916e-10
  22.8400000    3.2844542882e-08    4.6904187961e-09   -3.0023840936e-08   -3.4628325081e-07    4.6757484872e-08    4.2687374096e-09   -6.9909669644e-10   -3.5783252926e-10
  22.8500000    3.4778043754e-08    4.0982569664e-09   -2.2096687585e-08   -3.4967684295e-07    4.6298425382e-08    3.8428070599e-09   -7.1945300186e-10   -3.5374747593e-10
  22.8600000    3.6491020703e-08    3.6204378511e-09   -1.3689116332e-08   -3.5315554306e-07    4.5764780752e-08    3.5633823279e-09   -7.3951685587e-10   -3.4959684055e-10
  22.8700000    3.7955363703e-08    3.2777965757e-09   -4.9453583395e-09   -3.5666026248e-07    4.5165496007e-08    3.4352323542e-09   -7.5921067934e-10   -3.4548061072e-10
  22.8800000    3.9147214951e-08    3.0876077346e-09    3.9822673339e-09   -3.6013056178e-07    4.4510460103e-08    3.4607151449e-09   -7.7845105534e-10   -3.4149516739e-10
  22.8900000    4.0047270944e-08    3.0631432934e-09    1.2936119037e-08   -3.6350586142e-07    4.3810395633e-08    3.6397267986e-09   -7.9717844424e-10   -3.3773790753e-10
  22.9000000    4.0641072470e-08    3.2131194036e-09    2.1756097060e-08   -3.6672663834e-07    4.3076716779e-08    3.9697192699e-09   -8.1532302524e-10   -3.3430652004e-10
  22.9100000    4.0919455760e-08    3.5413248035e-09    3.0282618308e-08   -3.6973568324e-07    4.2321404859e-08    4.4457273845e-09   -8.3282848197e-10   -3.3130625567e-10
  22.9200000    4.0878746697e-08    4.0463517429e-09    3.8359586957e-08   -3.7247922665e-07    4.1556823492e-08    5.0604844896e-09   -8.4963869156e-10   -3.2883118448e-10
  22.9300000    4.0521081897e-08    4.7215673732e-09    4.5837347573e-08   -3.7490811692e-07    4.0795573801e-08    5.8045014172e-09   -8.6569668786e-10   -3.2698097279e-10
  22.9400000    3.9854645353e-08    5.5550219267e-09    5.2575526468e-08   -3.7697888104e-07    4.0050320293e-08    6.6662599788e-09   -8.8096829266e-10   -3.2584867887e-10
  22.9500000    3.8893773195e-08    6.5296758020e-09    5.8445735816e-08   -3.7865464987e-07    3.9333591135e-08    7.6323780762e-09   -8.9540936258e-10   -3.2552954064e-10
  22.9600000    3.7658932621e-08    7.6238353833e-09    6.3334104400e-08   -3.7990604894e-07    3.8657640898e-08    8.6878322153e-09   -9.0899171555e-10   -3.2610721880e-10
  22.9700000    3.6176604755e-08    8.8115045799e-09    6.7143488227e-08   -3.8071189124e-07    3.8034244445e-08    9.8162081121e-09   -9.2168635296e-10   -3.2767859934e-10
  22.9800000    3.4478870051e-08    1.0063191516e-08    6.9795483473e-08   -3.8105970414e-07    3.7474508595e-08    1.0999964713e-08   -9.3347499093e-10   -3.3030750083e-10
  22.9900000    3.2602890403e-08    1.1346676066e-08    7.1232029554e-08   -3.8094616375e-07    3.6988726573e-08    1.2220711183e-08   -9.4434437860e-10   -3.3408152923e-10
  23.0000000    3.0590055116e-08    1.2627970923e-08    7.1416662379e-08   -3.8037725834e-07    3.6586192497e-08    1.3459509298e-08   -9.5428816913e-10   -3.3906465115e-10
  23.0100000    2.8484910368e-08    1.3872341599e-08    7.0335406438e-08   -3.7936834513e-07    3.6275070474e-08    1.4697166122e-08   -9.6330493411e-10   -3.4532348859e-10
  23.0200000    2.6334018804e-08    1.5045484458e-08    6.7997218700e-08   -3.7794399882e-07    3.6062215280e-08    1.5914559953e-08   -9.7139935165e-10   -3.5290962519e-10
  23.0300000    2.4184346981e-08    1.6114691211e-08    6.4434012466e-08   -3.7613764442e-07    3.5953068606e-08    1.7092915752e-08   -9.7858599575e-10   -3.6187440944e-10
  23.0400000    2.2081788740e-08    1.7049937261e-08    5.9700267527e-08   -3.7399107330e-07    3.5951551934e-08    1.8214126787e-08   -9.8487704350e-10   -3.7225428903e-10
  23.0500000    2.0069500605e-08    1.7825061662e-08    5.3872199485e-08   -3.7155372573e-07    3.6059959182e-08    1.9261028737e-08   -9.9030369074e-10   -3.8408648693e-10
  23.0600000    1.8186156876e-08    1.8418745302e-08    4.7046541369e-08   -3.6888185459e-07    3.6278893304e-08    2.0217673563e-08   -9.9488779717e-10   -3.9739749084e-10
  23.0700000    1.6464606316e-08    1.8815336887e-08    3.9338910877e-08   -3.6603754537e-07    3.6607227972e-08    2.1069577184e-08   -9.9866001254e-10   -4.1219731586e-10
  23.0800000    1.4930348240e-08    1.9005452835e-08    3.0881820679e-08   -3.6308755088e-07    3.7042065883e-08    2.1803946746e-08   -1.0016568029e-09   -4.2849494986e-10
  23.0900000    1.3600461098e-08    1.8986521804e-08    2.1822374017e-08   -3.6010213057e-07    3.7578773243e-08    2.2409879276e-08   -1.0039208365e-09   -4.4628573848e-10
  23.1000000    1.2483025237e-08    1.8762797167e-08    1.2319653813e-08   -3.5715371403e-07    3.8210977789e-08    2.2878515462e-08   -1.0054928959e-09   -4.6556215490e-10
  23.1100000    1.1576773144e-08    1.8345265669e-08    2.5418833642e-09   -3.5431553606e-07    3.8930653373e-08    2.3203194756e-08   -1.0064196795e-09   -4.8629589630e-10
  23.1200000    1.0871259587e-08    1.7751258558e-08   -7.3365778039e-09   -3.5166025399e-07    3.9728188962e-08    2.3379549595e-08   -1.0067428256e-09   -5.0846641115e-10
  23.1300000    1.0347669146e-08    1.7003637131e-08   -1.7138428969e-08   -3.4925854675e-07    4.0592509131e-08    2.3405554807e-08   -1.0065221124e-09   -5.3202401832e-10
  23.1400000    9.9799729049e-09    1.6129883575e-08   -2.6686606292e-08   -3.4717773505e-07    4.1511208816e-08    2.3281559408e-08   -1.0057966387e-09   -5.5692941272e-10
  23.1500000    9.7366439435e-09    1.5160827335e-08   -3.5807573205e-08   -3.4548047121e-07    4.2470726308e-08    2.3010301736e-08   -1.0046217020e-09   -5.8312438028e-10
  23.1600000    9.5827955732e-09    1.4129291627e-08   -4.4334477693e-08   -3.4422349246e-07    4.3456509806e-08    2.2596799407e-08   -1.0030484806e-09   -6.1054475335e-10
  23.1700000    9.4825072131e-09    1.3068584775e-08   -5.2110256971e-08   -3.4345644629e-07    4.4453244518e-08    2.2048325502e-08   -1.0011216677e-09   -6.3911916453e-10
  23.1800000    9.4015053763e-09    1.2010867140e-08   -5.8990560267e-08   -3.4322089255e-07    4.5445071372e-08    2.1374247570e-08   -9.9889603231e-10   -6.6876939608e-10
  23.1900000    9.3097541667e-09    1.0985710856e-08   -6.4846431486e-08   -3.4354942124e-07    4.6415801606e-08    2.0585889894e-08   -9.9641427674e-10   -6.9940940216e-10
  23.2000000    9.1840402179e-09    1.0018595565e-08   -6.9566736277e-08   -3.4446491562e-07    4.7349208571e-08    1.9696342155e-08   -9.9371972716e-10   -7.3094862343e-10
  23.2100000    9.0101866476e-09    9.1297159012e-09   -7.3060291140e-08   -3.4598002162e-07    4.8229269319e-08    1.8720239687e-08   -9.9085505683e-10   -7.6329147299e-10
  23.2200000    8.7849410420e-09    8.3329792163e-09   -7.5257587642e-08   -3.4809678838e-07    4.9040410275e-08    1.7673542080e-08   -9.8785675378e-10   -7.9633529423e-10
  23.2300000    8.5172388362e-09    7.6354046718e-09   -7.6112163058e-08   -3.5080650514e-07    4.9767803669e-08    1.6573268086e-08   -9.8476067940e-10   -8.2997291053e-10
  23.2400000    8.2288352872e-09    7.0367066947e-09   -7.5601523179e-08   -3.5408975202e-07    5.0397567417e-08    1.5437214742e-08   -9.8159703195e-10   -8.6409758016e-10
  23.2500000    7.9541104297e-09    6.5295141329e-09   -7.3727668048e-08   -3.5791662571e-07    5.0917077951e-08    1.4283667100e-08   -9.7839454288e-10   -8.9860405722e-10
  23.2600000    7.7390768704e-09    6.0997777484e-09   -7.0517115668e-08   -3.6224716730e-07    5.1315161480e-08    1.3131119078e-08   -9.7517572469e-10   -9.3337161300e-10
  23.2700000    7.6396311022e-09    5.7277344870e-09   -6.6020522508e-08   -3.6703202200e-07    5.1582316920e-08    1.1997970815e-08   -9.7196026694e-10   -9.6829138337e-10
  23.2800000    7.7189005276e-09    5.3891412823e-09   -6.0311828537e-08   -3.7221318992e-07    5.1710911480e-08    1.0902215593e-08   -9.6875783625e-10   -1.0032467313e-09
  23.2900000    8.0441173122e-09    5.0568567537e-09   -5.3487001518e-08   -3.7772504442e-07    5.1695356706e-08    9.8611734255e-09   -9.6557640773e-10   -1.0381286758e-09
  23.3000000    8.6826881489e-09    4.7025623034e-09   -4.5662364398e-08   -3.8349540600e-07    5.1532219254e-08    8.8911991730e-09   -9.6241990851e-10   -1.0728226470e-09
  23.3100000    9.6981354667e-09    4.2987818644e-09   -3.6972503508e-08   -3.8944679046e-07    5.1220344283e-08    8.0074427285e-09   -9.5928930446e-10   -1.1072252331e-09
  23.3200000    1.1145724369e-08    3.8208378816e-09   -2.7567936840e-08   -3.9549776647e-07    5.0760910142e-08    7.2235669752e-09   -9.5617838141e-10   -1.1412256370e-09
  23.3300000    1.3068277181e-08    3.2487417664e-09   -1.7612388518e-08   -4.0156435902e-07    5.0157454069e-08    6.5515635288e-09   -9.5307249848e-10   -1.1747262260e-09
  23.3400000    1.5492255107e-08    2.5689397598e-09   -7.2798597638e-09   -4.0756152125e-07    4.9415878404e-08    6.0015583964e-09   -9.4996134805e-10   -1.2076287660e-09
  23.3500000    1.8424427155e-08    1.7757330555e-09    3.2484613846e-09   -4.1340465663e-07    4.8544390038e-08    5.5816337074e-09   -9.4682720637e-10   -1.2398426445e-09
  23.3600000    2.1849234338e-08    8.7240874990e-10    1.3787486483e-08   -4.1901108064e-07    4.7553385880e-08    5.2977191415e-09   -9.4363963772e-10   -1.2712795392e-09
  23.3700000    2.5727271672e-08   -1.2817924383e-10    2.4151538144e-08   -4.2430152988e-07    4.6455354303e-08    5.1534975582e-09   -9.4037637416e-10   -1.3018616627e-09
  23.3800000    2.9994780893e-08   -1.2034457284e-09    3.4157704221e-08   -4.2920154047e-07    4.5264683924e-08    5.1503434315e-09   -9.3700818611e-10   -1.3315158711e-09
  23.3900000    3.4564356765e-08   -2.3215589811e-09    4.3629121076e-08   -4.3364279530e-07    4.3997457736e-08    5.2873161674e-09   -9.3350016681e-10   -1.3601741165e-09
  23.4000000    3.9326988626e-08   -3.4423459981e-09    5.2398167478e-08   -4.3756436003e-07    4.2671211324e-08    5.5611799359e-09   -9.2981740148e-10   -1.3877835030e-09
  23.4100000    4.4155216073e-08   -4.5188451120e-09    6.0309453669e-08   -4.4091373982e-07    4.1304648047e-08    5.9664671623e-09   -9.2592029300e-10   -1.4142919301e-09
  23.4200000    4.8907443656e-08   -5.4992039545e-09    6.7222663769e-08   -4.4364787226e-07    3.9917367730e-08    6.4955802760e-09   -9.2177249431e-10   -1.4396548544e-09
  23.4300000    5.3433224007e-08   -6.3290150436e-09    7.3015017041e-08   -4.4573387083e-07    3.8529517918e-08    7.1389110694e-09   -9.1733419260e-10   -1.4638358437e-09
  23.4400000    5.7579300258e-08   -6.9539925838e-09    7.7583511320e-08   -4.4714965339e-07    3.7161462612e-08    7.8850287318e-09   -9.1256685406e-10   -1.4868188663e-09
  23.4500000    6.1196017976e-08   -7.3226618379e-09    8.0846745081e-08   -4.4788434202e-07    3.5833440550e-08    8.7208521821e-09   -9.0742705185e-10   -1.5085744068e-09
  23.4600000    6.4143956763e-08   -7.3891754193e-09    8.2746348565e-08   -4.4793847962e-07    3.4565213387e-08    9.6319186448e-09   -9.0187767703e-10   -1.5290997398e-09
  23.4700000    6.6300429022e-08   -7.1159610318e-09    8.3248035919e-08   -4.4732403748e-07    3.3375704333e-08    1.0602589270e-08   -8.9587949577e-10   -1.5483958901e-09
  23.4800000    6.7565450629e-08   -6.4761484250e-09    8.2342188098e-08   -4.4606423692e-07    3.2282657866e-08    1.1616338836e-08   -8.8940017607e-10   -1.5664645030e-09
  23.4900000    6.7866852150e-08   -5.4555172526e-09    8.0043990560e-08   -4.4419315003e-07    3.1302310737e-08    1.2656036596e-08   -8.8240067548e-10   -1.5833223973e-09
  23.5000000    6.7164386103e-08   -4.0539766606e-09    7.6393129138e-08   -4.4175514695e-07    3.0449095333e-08    1.3704237216e-08   -8.7485225719e-10   -1.5989893045e-09
  23.5100000    6.5452454391e-08   -2.2864306565e-09    7.1453046665e-08   -4.3880411707e-07    2.9735341717e-08    1.4743503221e-08   -8.6672885904e-10   -1.6135000753e-09
  23.5200000    6.2761380066e-08   -1.8296696648e-10    6.5309760512e-08   -4.3540255655e-07    2.9171045044e-08    1.5756663927e-08   -8.5800236313e-10   -1.6268764968e-09
  23.5300000    5.9157011351e-08    2.2117209557e-09    5.8070310182e-08   -4.3162050592e-07    2.8763634507e-08    1.6727143801e-08   -8.4865430879e-10   -1.6391680569e-09
  23.5400000    5.4738770706e-08    4.8395100005e-09    4.9860775241e-08   -4.2753434886e-07    2.8517834219e-08    1.7639216276e-08   -8.3866906152e-10   -1.6504190729e-09
  23.5500000    4.9636045232e-08    7.6308421461e-09    4.0824004569e-08   -4.2322549040e-07    2.8435524286e-08    1.8478307705e-08   -8.2803665884e-10   -1.6606816397e-09
  23.5600000    4.4003381714e-08    1.0507158171e-08    3.1117023448e-08   -4.1877899026e-07    2.8515661726e-08    1.9231211783e-08   -8.1675605766e-10   -1.6700071210e-09
  23.5700000    3.8014202601e-08    1.3383932585e-08    2.0908222288e-08   -4.1428208302e-07    2.8754288374e-08    1.9886330464e-08   -8.0482355350e-10   -1.6784580795e-09
  23.5800000    3.1853810085e-08    1.6174070522e-08    1.0374291642e-08   -4.0982271736e-07    2.9144535512e-08    2.0433838047e-08   -7.9224246600e-10   -1.6860946985e-09
  23.5900000    2.5711844819e-08    1.8791419957e-08   -3.0288950328e-10   -4.0548806264e-07    2.9676739852e-08    2.0865903532e-08   -7.7902960145e-10   -1.6929797306e-09
  23.6000000    1.9774378645e-08    2.1154413984e-08   -1.0939542119e-08   -4.0136300555e-07    3.0338555449e-08    2.1176753277e-08   -7.6520331989e-10   -1.6991818752e-09
  23.6100000    1.4216332914e-08    2.3189530093e-08   -2.1353221457e-08   -3.9752874150e-07    3.1115183375e-08    2.1362817346e-08   -7.5078640737e-10   -1.7047654148e-09
  23.6200000    9.1944180396e-09    2.4834392820e-08   -3.1366066485e-08   -3.9406139281e-07    3.1989587105e-08    2.1422711929e-08   -7.3581159119e-10   -1.7098021840e-09
  23.6300000    4.8410752124e-09    2.6040565371e-08   -4.0807900558e-08   -3.9103075667e-07    3.2942780977e-08    2.1357314867e-08   -7.2031412787e-10   -1.7143537958e-09
  23.6400000    1.2595041458e-09    2.6775569011e-08   -4.9519256024e-08   -3.8849912109e-07    3.3954168531e-08    2.1169697640e-08   -7.0434061018e-10   -1.7184939201e-09
  23.6500000   -1.4796303017e-09    2.7024292886e-08   -5.7354106864e-08   -3.8652024529e-07    3.5001915319e-08    2.0865075942e-08   -6.8793353220e-10   -1.7222830790e-09
  23.6600000   -3.3400768296e-09    2.6789594843e-08   -6.4182395137e-08   -3.8513848009e-07    3.6063312481e-08    2.0450699010e-08   -6.7115248303e-10   -1.7257853850e-09
  23.6700000   -4.3200076918e-09    2.6092136659e-08   -6.9892269006e-08   -3.8438805116e-07    3.7115212392e-08    1.9935683414e-08   -6.5405252430e-10   -1.7290639176e-09
  23.6800000   -4.4503074422e-09    2.4969291242e-08   -7.4391935005e-08   -3.8429250231e-07    3.8134459340e-08    1.9330859557e-08   -6.3669946046e-10   -1.7321799953e-09
  23.6900000   -3.7913125302e-09    2.3473406745e-08   -7.7611209178e-08   -3.8486433989e-07    3.9098323426e-08    1.8648560277e-08   -6.1916105241e-10   -1.7351854190e-09
  23.7000000   -2.4281899535e-09    2.1669322731e-08   -7.9502596423e-08   -3.8610488863e-07    3.9984921063e-08    1.7902385733e-08   -6.0151307509e-10   -1.7381310271e-09
  23.7100000   -4.6504938350e-10    1.9631388885e-08   -8.0042035179e-08   -3.8800424316e-07    4.0773663281e-08    1.7106919496e-08   -5.8383375131e-10   -1.7410639139e-09
  23.7200000    1.9816215522e-09    1.7439982039e-08   -7.9229143553e-08   -3.9054152972e-07    4.1445633233e-08    1.6277504834e-08   -5.6620192091e-10   -1.7440309338e-09
  23.7300000    4.7899810962e-09    1.5177895191e-08   -7.7087121930e-08   -3.9368524714e-07    4.1984013850e-08    1.5429902987e-08   -5.4869527830e-10   -1.7470672541e-09
  23.7400000    7.8399214038e-09    1.2926542376e-08   -7.3662157059e-08   -3.9739387613e-07    4.2374390246e-08    1.4580049495e-08   -5.3140684613e-10   -1.7502059802e-09
  23.7500000    1.1019698320e-08    1.0762459017e-08   -6.9022498870e-08   -4.0161654515e-07    4.2605074697e-08    1.3743710651e-08   -5.1441790213e-10   -1.7534721877e-09
  23.7600000    1.4231857745e-08    8.7538794439e-09   -6.3257064553e-08   -4.0629394228e-07    4.2667374815e-08    1.2936232936e-08   -4.9781678840e-10   -1.7568903834e-09
  23.7700000    1.7397979379e-08    6.9580348424e-09   -5.6473775995e-08   -4.1135931779e-07    4.2555771011e-08    1.2172235164e-08   -4.8168679979e-10   -1.7604724480e-09
  23.7800000    2.0462050147e-08    5.4188382688e-09   -4.8797490528e-08   -4.1673958603e-07    4.2268115412e-08    1.1465350824e-08   -4.6612053034e-10   -1.7642365106e-09
  23.7900000    2.3392359567e-08    4.1654208302e-09   -4.0367704931e-08   -4.2235657745e-07    4.1805675810e-08    1.0827973143e-08   -4.5120318171e-10   -1.7681856000e-09
  23.8000000    2.6181591072e-08    3.2112793263e-09   -3.1335973531e-08   -4.2812834089e-07    4.1173179482e-08    1.0271053302e-08   -4.3701729098e-10   -1.7723177423e-09
  23.8100000    2.8845220895e-08    2.5545108103e-09   -2.1863161435e-08   -4.3397045931e-07    4.0378757249e-08    9.8038778571e-09   -4.2364817381e-10   -1.7766252746e-09
  23.8200000    3.1418484391e-08    2.1784722923e-09   -1.2116549405e-08   -4.3979746863e-07    3.9433854559e-08    9.4339205221e-09   -4.1117116945e-10   -1.7810995352e-09
  23.8300000    3.3951773599e-08    2.0534691654e-09   -2.2668141867e-09   -4.4552423383e-07    3.8353047011e-08    9.1667148161e-09   -3.9966572751e-10   -1.7857182318e-09
  23.8400000    3.6504913437e-08    2.1388849815e-09    7.5149654263e-09   -4.5106732632e-07    3.7153798717e-08    9.0057635695e-09   -3.8920727664e-10   -1.7904619554e-09
  23.8500000    3.9140818536e-08    2.3859305503e-09    1.7060339254e-08   -4.5634637583e-07    3.5856202154e-08    8.9524851801e-09   -3.7986254204e-10   -1.7953019652e-09
  23.8600000    4.1918610220e-08    2.7406421931e-09    2.6206443335e-08   -4.6128533665e-07    3.4482599322e-08    9.0062113531e-09   -3.7169491750e-10   -1.8002105597e-09
  23.8700000    4.4886846152e-08    3.1471568857e-09    3.4798775836e-08   -4.6581367901e-07    3.3057182792e-08    9.1642068451e-09   -3.6476542088e-10   -1.8051436121e-09
  23.8800000    4.8077252308e-08    3.5509879826e-09    4.2693891399e-08   -4.6986753292e-07    3.1605603239e-08    9.4217380986e-09   -3.5912557921e-10   -1.8100653937e-09
  23.8900000    5.1499302367e-08    3.9019731419e-09    4.9761778384e-08   -4.7339063957e-07    3.0154460927e-08    9.7721830280e-09   -3.5482395274e-10   -1.8149263590e-09
  23.9000000    5.5136069288e-08    4.1571079666e-09    5.5888071578e-08   -4.7633522312e-07    2.8730827647e-08    1.0207175526e-08   -3.5190919297e-10   -1.8196808808e-09
  23.9100000    5.8941702666e-08    4.2827525350e-09    6.0975912967e-08   -4.7866270047e-07    2.7361738253e-08    1.0716775115e-08   -3.5040864593e-10   -1.8242785616e-09
  23.9200000    6.2840594861e-08    4.2562645198e-09    6.4947489417e-08   -4.8034425915e-07    2.6073665645e-08    1.1289659260e-08   -3.5035885587e-10   -1.8286639149e-09
  23.9300000    6.6728490064e-08    4.0669825907e-09    6.7745246657e-08   -4.8136123870e-07    2.4892032200e-08    1.1913365275e-08   -3.5178197662e-10   -1.8327725625e-09
  23.9400000    7.0475542786e-08    3.7165399250e-09    6.9332711198e-08   -4.8170538710e-07    2.3840701078e-08    1.2574540122e-08   -3.5469417207e-10   -1.8365559159e-09
  23.9500000    7.3931139323e-08    3.2182784601e-09    6.9694946435e-08   -4.8137893658e-07    2.2941499900e-08    1.3259188941e-08   -3.5910803736e-10   -1.8399498948e-09
  23.9600000    7.6930265697e-08    2.5961794263e-09    6.8838653918e-08   -4.8039447840e-07    2.2213788478e-08    1.3952941208e-08   -3.6503185191e-10   -1.8428948409e-09
  23.9700000    7.9301401186e-08    1.8831404327e-09    6.6791792714e-08   -4.7877472748e-07    2.1674042790e-08    1.4641375756e-08   -3.7245841110e-10   -1.8453258217e-09
  23.9800000    8.0875105024e-08    1.1186458620e-09    6.3602974041e-08   -4.7655210098e-07    2.1335553836e-08    1.5310238308e-08   -3.8138579583e-10   -1.8471795209e-09
  23.9900000    8.1493191967e-08    3.4631107006e-10    5.9340377728e-08   -4.7376815056e-07    2.1208070889e-08    1.5945745977e-08   -3.9179902937e-10   -1.8484064719e-09
  24.0000000    8.1017917398e-08   -3.8905933355e-10    5.4090409957e-08   -4.7047286743e-07    2.1297627578e-08    1.6534840667e-08   -4.0368093253e-10   -1.8489334839e-09
  24.0100000    7.9340644944e-08   -1.0441893531e-09    4.7956002300e-08   -4.6672383178e-07    2.1606346596e-08    1.7065420629e-08   -4.1700916127e-10   -1.8487054682e-09
  24.0200000    7.6389487156e-08   -1.5800428190e-09    4.1054691425e-08   -4.6258527668e-07    2.2132377606e-08    1.7526578003e-08   -4.3176481508e-10   -1.8476645613e-09
  24.0300000    7.2135636490e-08   -1.9642115631e-09    3.3516416102e-08   -4.5812704804e-07    2.2869873639e-08    1.7908773056e-08   -4.4791281940e-10   -1.8457552627e-09
  24.0400000    6.6597751496e-08   -2.1728317017e-09    2.5481121597e-08   -4.5342349097e-07    2.3809071482e-08    1.8204038131e-08   -4.6541329848e-10   -1.8429170689e-09
  24.0500000    5.9844436375e-08   -2.1920597710e-09    1.7096275278e-08   -4.4855227516e-07    2.4936403529e-08    1.8406078243e-08   -4.8423201228e-10   -1.8391081412e-09
  24.0600000    5.1994219193e-08   -2.0187983518e-09    8.5141901802e-09   -4.4359314197e-07    2.6234717696e-08    1.8510370976e-08   -5.0432523376e-10   -1.8342770914e-09
  24.0700000    4.3213407026e-08   -1.6608419217e-09   -1.1067141548e-10   -4.3862670037e-07    2.7683601387e-08    1.8514267564e-08   -5.2565633187e-10   -1.8283749438e-09
  24.0800000    3.3711466007e-08   -1.1362543093e-09   -8.6244126212e-09   -4.3373317546e-07    2.9259682332e-08    1.8416979048e-08   -5.4817354426e-10   -1.8213631492e-09
  24.0900000   -1.6924797377e-07   -9.1141245707e-09   -1.6894556789e-08   -4.2894287324e-07    3.0937046637e-08    1.8219598282e-08   -5.7183377049e-10   -1.8132038739e-09
  24.1000000   -1.8645879226e-07   -8.1231307084e-09   -2.4764554543e-08   -4.2437716885e-07    3.2687727936e-08    1.7925027260e-08   -5.9658939427e-10   -1.8038619313e-09
  24.1100000   -2.0076473478e-07   -7.1081692391e-09   -3.2097655499e-08   -4.2010893886e-07    3.4482176617e-08    1.7537922446e-08   -6.2238705956e-10   -1.7933025496e-09
  24.1200000   -2.1193523092e-07   -6.0855140099e-09   -3.8767331464e-08   -4.1620628875e-07    3.6289832465e-08    1.7064560701e-08   -6.4918370008e-10   -1.7815102925e-09
  24.1300000   -2.1978736939e-07   -5.0688510908e-09   -4.4659359385e-08   -4.1273149013e-07    3.8079671204e-08    1.6512713671e-08   -6.7693088597e-10   -1.7684491734e-09
  24.1400000   -2.2419000959e-07   -4.0686469482e-09   -4.9673698926e-08   -4.0974010274e-07    3.9820783137e-08    1.5891459603e-08   -7.0557935105e-10   -1.7541031945e-09
  24.1500000   -2.2506687403e-07   -3.0915468520e-09   -5.3726081893e-08   -4.0728016717e-07    4.1482975066e-08    1.5211004893e-08   -7.3508266004e-10   -1.7384611496e-09
  24.1600000   -2.2239868168e-07   -2.1399839289e-09   -5.6749352894e-08   -4.0539148351e-07    4.3037307365e-08    1.4482449542e-08   -7.6539601229e-10   -1.7215072654e-09
  24.1700000   -2.1622402319e-07   -1.2120124110e-09   -5.8694452395e-08   -4.0410509044e-07    4.4456686561e-08    1.3717583899e-08   -7.9647752448e-10   -1.7032324645e-09
  24.1800000   -2.0663916590e-07   -3.0136105287e-10   -5.9531170285e-08   -4.0344281474e-07    4.5716385831e-08    1.2928649835e-08   -8.2827496577e-10   -1.6836306865e-09
  24.1900000   -1.9379652186e-07    6.0236425319e-10   -5.9248498650e-08   -4.0341700018e-07    4.6794502534e-08    1.2128073892e-08   -8.6075941721e-10   -1.6627082102e-09
  24.2000000   -1.7790207138e-07    1.5130010040e-09   -5.7854705637e-08   -4.0403037056e-07    4.7672412454e-08    1.1328258777e-08   -8.9388749071e-10   -1.6404534837e-09
  24.2100000   -1.5921156979e-07    2.4471941102e-09   -5.5377066945e-08   -4.0527603025e-07    4.8335152770e-08    1.0541322975e-08   -9.2762669015e-10   -1.6168767303e-09
  24.2200000   -1.3802581376e-07    3.4233706628e-09   -5.1861281564e-08   -4.0713762908e-07    4.8771719105e-08    9.7788980758e-09   -9.6194171435e-10   -1.5919813228e-09
  24.2300000   -1.1468493941e-07    4.4606080913e-09   -4.7370588968e-08   -4.0958964279e-07    4.8975299961e-08    9.0519083344e-09   -9.9679222797e-10   -1.5657718389e-09
  24.2400000   -8.9562056501e-08    5.5773902715e-09   -4.1984626764e-08   -4.1259782471e-07    4.8943452363e-08    8.3703620596e-09   -1.0321654324e-09   -1.5382638190e-09
  24.2500000   -6.3056206760e-08    6.7903133874e-09   -3.5797970290e-08   -4.1611974803e-07    4.8678166076e-08    7.7432197794e-09   -1.0680183551e-09   -1.5094595436e-09
  24.2600000   -3.5584929974e-08    8.1127552223e-09   -2.8918504102e-08   -4.2010549084e-07    4.8185847189e-08    7.1782313651e-09   -1.1043320206e-09   -1.4793691961e-09
  24.2700000   -7.5767054640e-09    9.5537292700e-09   -2.1465528760e-08   -4.2449842806e-07    4.7477243287e-08    6.6818135059e-09   -1.1410850410e-09   -1.4480058672e-09
  24.2800000    2.0536787695e-08    1.1116753576e-08   -1.3567735902e-08   -4.2923610765e-07    4.6567276388e-08    6.2589861576e-09   -1.1782505605e-09   -1.4153798773e-09
  24.2900000    4.8328129160e-08    1.2799031776e-08   -5.3610260076e-09   -4.3425122120e-07    4.5474744978e-08    5.9132964009e-09   -1.2158147410e-09   -1.3814939416e-09
  24.3000000    7.5381443800e-08    1.4590837832e-08    3.0137745478e-09   -4.3947264257e-07    4.4222044236e-08    5.6468154164e-09   -1.2537495220e-09   -1.3463641721e-09
  24.3100000    1.0129907181e-07    1.6475256697e-08    1.1413237401e-08   -4.4482649888e-07    4.2834726881e-08    5.4601423023e-09   -1.2920401063e-09   -1.3099907929e-09
  24.3200000    1.2570776446e-07    1.8428237584e-08    1.9693721923e-08   -4.5023729777e-07    4.1341065164e-08    5.3524484855e-09   -1.3306709728e-09   -1.2723820037e-09
  24.3300000    1.4826410036e-07    2.0419004879e-08    2.7713707915e-08   -4.5562905406e-07    3.9771500105e-08    5.3215424751e-09   -1.3696194917e-09   -1.2335403548e-09
  24.3400000    1.6865921811e-07    2.2410812461e-08    3.5336112982e-08   -4.6092644423e-07    3.8158090703e-08    5.3639776374e-09   -1.4088681195e-09   -1.1934724667e-09
  24.3500000    1.8662264477e-07    2.4362057812e-08    4.2430501699e-08   -4.6605590474e-07    3.6533923408e-08    5.4751580281e-09   -1.4483975619e-09   -1.1521702275e-09
  24.3600000    2.0192534540e-07    2.6227597537e-08    4.8875168665e-08   -4.7094672927e-07    3.4932465786e-08    5.6495119387e-09   -1.4881949548e-09   -1.1096346967e-09
  24.3700000    2.1438187989e-07    2.7960389807e-08    5.4559083695e-08   -4.7553211623e-07    3.3386943519e-08    5.8806086314e-09   -1.5282328533e-09   -1.0658555691e-09
  24.3800000    2.2385186749e-07    2.9513273069e-08    5.9383665289e-08   -4.7975013607e-07    3.1929701591e-08    6.1613722762e-09   -1.5684898094e-09   -1.0208251280e-09
  24.3900000    2.3024055873e-07    3.0840815005e-08    6.3264280855e-08   -4.8354461274e-07    3.0591593202e-08    6.4842509801e-09   -1.6089493193e-09   -9.7453554541e-10
  24.4000000    2.3349875018e-07    3.1901147100e-08    6.6131630694e-08   -4.8686595216e-07    2.9401342562e-08    6.8413894724e-09   -1.6495816708e-09   -9.2696255268e-10
  24.4100000    2.3362215857e-07    3.2657778988e-08    6.7932741725e-08   -4.8967185244e-07    2.8385039734e-08    7.2248481843e-09   -1.6903608748e-09   -8.7809516898e-10
  24.4200000    2.3065019241e-07    3.3081095719e-08    6.8631822900e-08   -4.9192786646e-07    2.7565570301e-08    7.6267603128e-09   -1.7312615338e-09   -8.2791712856e-10
  24.4300000    2.2466417979e-07    3.3149776993e-08    6.8210764280e-08   -4.9360788712e-07    2.6962193875e-08    8.0395128114e-09   -1.7722494766e-09   -7.7639914842e-10
  24.4400000    2.1578537370e-07    3.2851755472e-08    6.6669407716e-08   -4.9469451769e-07    2.6590145905e-08    8.4559340934e-09   -1.8132934735e-09   -7.2352586025e-10
  24.4500000    2.0417246964e-07    3.2184847702e-08    6.4025481376e-08   -4.9517926245e-07    2.6460299369e-08    8.8693973830e-09   -1.8543557285e-09   -6.6926801238e-10
  24.4600000    1.9001892306e-07    3.1156931082e-08    6.0314313809e-08   -4.9506263047e-07    2.6578960094e-08    9.2739940910e-09   -1.8953972294e-09   -6.1360029362e-10
  24.4700000    1.7355002081e-07    2.9785719401e-08    5.5588236400e-08   -4.9435405948e-07    2.6947696555e-08    9.6646003859e-09   -1.9363776910e-09   -5.5649667675e-10
  24.4800000    1.5501982641e-07    2.8098088239e-08    4.9915745301e-08   -4.9307178351e-07    2.7563286452e-08    1.0036983967e-08   -1.9772610144e-09   -4.9793332658e-10
  24.4900000    1.3470779036e-07    2.6128943645e-08    4.3380397811e-08   -4.9124249310e-07    2.8417729456e-08    1.0387852791e-08   -2.0179956705e-09   -4.3788464041e-10
  24.5000000    1.1291532481e-07    2.3919817434e-08    3.6079482484e-08   -4.8890091718e-07    2.9498402507e-08    1.0714882973e-08   -2.0585318357e-09   -3.7632540188e-10
  24.5100000    8.9962112005e-08    2.1517100959e-08    2.8122532357e-08   -4.8608928703e-07    3.0788241435e-08    1.1016713500e-08   -2.0988246192e-09   -3.1323108087e-10
  24.5200000    6.6182333159e-08    1.8970052477e-08    1.9629579425e-08   -4.8285666644e-07    3.2266047301e-08    1.1292921386e-08   -2.1388174390e-09   -2.4858794735e-10
  24.5300000    4.1920592385e-08    1.6328741320e-08    1.0729290191e-08   -4.7925824156e-07    3.3906872689e-08    1.1543994299e-08   -2.1784601599e-09   -1.8237373580e-10
  24.5400000    1.7527684044e-08    1.3641922736e-08    1.5570031524e-09   -4.7535446122e-07    3.5682446810e-08    1.1771214126e-08   -2.2177062820e-09   -1.1458694871e-10
  24.5500000   -6.6438035051e-09    1.0955022489e-08   -7.7473727301e-09   -4.7121013807e-07    3.7561713360e-08    1.1976590368e-08   -2.2564905496e-09   -4.5210428498e-11
  24.5600000   -3.0244108450e-08    8.3083768799e-09   -1.7041517169e-08   -4.6689349989e-07    3.9511397177e-08    1.2162737969e-08   -2.2947638444e-09    2.5748963839e-11
  24.5700000   -5.2931088074e-08    5.7356385973e-09   -2.6182863024e-08   -4.6247518365e-07    4.1496607302e-08    1.2332729867e-08   -2.3324698159e-09    9.8290162718e-11
  24.5800000   -7.4375079442e-08    3.2626792282e-09   -3.5030779691e-08   -4.5802718299e-07    4.3481523975e-08    1.2489981430e-08   -2.3695573483e-09    1.7239263813e-10
  24.5900000   -9.4263919083e-08    9.0692015637e-10   -4.3448732205e-08   -4.5362181625e-07    4.5430033290e-08    1.2638067104e-08   -2.4059640669e-09    2.4804412300e-10
  24.6000000   -1.1230786704e-07   -1.3229352568e-09   -5.1306333956e-08   -4.4933066500e-07    4.7306435104e-08    1.2780568081e-08   -2.4416403857e-09    3.2521539795e-10
  24.6100000   -1.2824447398e-07   -3.4265076216e-09   -5.8481350778e-08   -4.4522354805e-07    4.9076105678e-08    1.2920946946e-08   -2.4765401999e-09    4.0386398276e-10
  24.6200000   -1.4184325854e-07   -5.4109578912e-09   -6.4861562561e-08   -4.4136752059e-07    5.0706160839e-08    1.3062365858e-08   -2.5106113141e-09    4.8394528247e-10
  24.6300000   -1.5291002980e-07   -7.2896855357e-09   -7.0346480359e-08   -4.3782589421e-07    5.2166107331e-08    1.3207543013e-08   -2.5438050620e-09    5.6539938832e-10
  24.6400000   -1.6129077406e-07   -9.0806178119e-09   -7.4848835895e-08   -4.3465737426e-07    5.3428395867e-08    1.3358629440e-08   -2.5760861425e-09    6.4816370157e-10
  24.6500000   -1.6687498967e-07   -1.0804132401e-08   -7.8295975641e-08   -4.3191517898e-07    5.4468989375e-08    1.3517112894e-08   -2.6074094767e-09    7.3215723869e-10
  24.6600000   -1.6959829041e-07   -1.2480834639e-08   -8.0630916886e-08   -4.2964634004e-07    5.5267818744e-08    1.3683682769e-08   -2.6377366789e-09    8.1729858707e-10
  24.6700000   -1.6944416333e-07   -1.4129139284e-08   -8.1813262595e-08   -4.2789101461e-07    5.5809186592e-08    1.3858198490e-08   -2.6670357617e-09    9.0347873526e-10
  24.6800000   -1.6644489804e-07   -1.5762948440e-08   -8.1819845865e-08   -4.2668192200e-07    5.6082095547e-08    1.4039634703e-08   -2.6952796485e-09    9.9059655442e-10
  24.6900000   -1.6068143159e-07   -1.7389485804e-08   -8.0645068421e-08   -4.2604393281e-07    5.6080440781e-08    1.4226029582e-08   -2.7224469186e-09    1.0785377282e-09
  24.7000000   -1.5228226627e-07   -1.9007434425e-08   -7.8301055214e-08   -4.2599368202e-07    5.5803204482e-08    1.4414537637e-08   -2.7485201788e-09    1.1671698954e-09
  24.7100000   -1.4142116751e-07   -2.0605500806e-08   -7.4817490795e-08   -4.2653941557e-07    5.5254458025e-08    1.4601440981e-08   -2.7734807340e-09    1.2563575966e-09
  24.7200000   -1.2831393613e-07   -2.2161528414e-08   -7.0241239055e-08   -4.2768083813e-07    5.4443308760e-08    1.4782227585e-08   -2.7973216501e-09    1.3459566456e-09
  24.7300000   -1.1321407290e-07   -2.3642230029e-08   -6.4635641016e-08   -4.2940915847e-07    5.3383767626e-08    1.4951663646e-08   -2.8200401400e-09    1.4358174409e-09
  24.7400000   -9.6407644043e-08   -2.5003647576e-08   -5.8079663392e-08   -4.3170724930e-07    5.2094502905e-08    1.5103941624e-08   -2.8416446704e-09    1.5257808590e-09
  24.7500000   -7.8207267078e-08   -2.6192265720e-08   -5.0666706259e-08   -4.3454989319e-07    5.0598485955e-08    1.5232788485e-08   -2.8621331979e-09    1.6156853152e-09
  24.7600000   -5.8945448479e-08   -2.7146878647e-08   -4.2503301691e-08   -4.3790415577e-07    4.8922599581e-08    1.5331638754e-08   -2.8815206021e-09    1.7053661544e-09
  24.7700000   -3.8967478471e-08   -2.7801117062e-08   -3.3707532278e-08   -4.4172989635e-07    4.7097127544e-08    1.5393818203e-08   -2.8998268190e-09    1.7946549313e-09
  24.7800000   -1.8624045230e-08   -2.8086461796e-08   -2.4407313141e-08   -4.4598033675e-07    4.5155203297e-08    1.5412727571e-08   -2.9170711420e-09    1.8833831176e-09
  24.7900000    1.7362888978e-09   -2.7935807891e-08   -1.4738524070e-08   -4.5060273429e-07    4.3132172573e-08    1.5382022776e-08   -2.9332820553e-09    1.9713762631e-09
  24.8000000    2.1774278175e-08   -2.7287207773e-08   -4.8429872517e-09   -4.5553916927e-07    4.1064968974e-08    1.5295844175e-08   -2.9484861139e-09    2.0584750891e-09
  24.8100000    4.1166970252e-08   -2.6087807534e-08    5.1335854572e-09   -4.6072735086e-07    3.8991395282e-08    1.5148988997e-08   -2.9627236947e-09    2.1445152144e-09
  24.8200000    5.9614098782e-08   -2.4297648618e-08    1.5043780893e-08   -4.6610153333e-07    3.6949415751e-08    1.4937100835e-08   -2.9760242229e-09    2.2293390042e-09
  24.8300000    7.6843692581e-08   -2.1893168665e-08    2.4740654662e-08   -4.7159345199e-07    3.4976428531e-08    1.4656870361e-08   -2.9884321582e-09    2.3128031536e-09
  24.8400000    9.2616695645e-08   -1.8870233191e-08    3.4079934068e-08   -4.7713330414e-07    3.3108563997e-08    1.4306182474e-08   -2.9999951467e-09    2.3947655118e-09
  24.8500000    1.0673065933e-07   -1.5246463672e-08    4.2922175191e-08   -4.8265074329e-07    3.1379999296e-08    1.3884244742e-08   -3.0107537820e-09    2.4751022721e-09
  24.8600000    1.1902233685e-07   -1.1062629214e-08    5.1134859000e-08   -4.8807589882e-07    2.9822285879e-08    1.3391735181e-08   -3.0207522596e-09    2.5536967411e-09
  24.8700000    1.2936895536e-07   -6.3832448972e-09    5.8594399529e-08   -4.9334035357e-07    2.8463754636e-08    1.2830839906e-08   -3.0300403866e-09    2.6304554405e-09
  24.8800000    1.3768851829e-07   -1.2957824090e-09    6.5188004397e-08   -4.9837815813e-07    2.7328960120e-08    1.2205345340e-08   -3.0386662890e-09    2.7052947069e-09
  24.8900000    1.4393889586e-07    4.0910097228e-09    7.0815434431e-08   -5.0312673919e-07    2.6438224729e-08    1.1520625404e-08   -3.0466739090e-09    2.7781553979e-09
  24.9000000    1.4811594756e-07    9.6500256836e-09    7.5390535013e-08   -5.0752784426e-07    2.5807195280e-08    1.0783658830e-08   -3.0541145885e-09    2.8489882454e-09
  24.9100000    1.5025067778e-07    1.5239752806e-08    7.8842597380e-08   -5.1152834205e-07    2.5446578633e-08    1.0002927551e-08   -3.0610279043e-09    2.9177780632e-09
  24.9200000    1.5040572736e-07    2.0709196686e-08    8.1117473037e-08   -5.1508103343e-07    2.5361881269e-08    9.1883492319e-09   -3.0674591102e-09    2.9845223937e-09
  24.9300000    1.4867131254e-07    2.5903512131e-08    8.2178468602e-08   -5.1814530821e-07    2.5553319530e-08    8.3511259147e-09   -3.0734510160e-09    3.0492450887e-09
  24.9400000    1.4516077975e-07    3.0670166090e-08    8.2006990631e-08   -5.2068774977e-07    2.6015797455e-08    7.5035939261e-09   -3.0790374753e-09    3.1119926183e-09
  24.9500000    1.4000604451e-07    3.4865379978e-08    8.0602891792e-08   -5.2268264027e-07    2.6738977331e-08    6.6590214122e-09   -3.0842482603e-09    3.1728435303e-09
  24.9600000    1.3335304813e-07    3.8360454412e-08    7.7984567530e-08   -5.2411234741e-07    2.7707475611e-08    5.8313435147e-09   -3.0891171046e-09    3.2318859605e-09
  24.9700000    1.2535749420e-07    4.1047842284e-08    7.4188783582e-08   -5.2496760050e-07    2.8901125998e-08    5.0349455192e-09   -3.0936671316e-09    3.2892443928e-09
  24.9800000    1.1618091206e-07    4.2846464535e-08    6.9270210819e-08   -5.2524766158e-07    3.0295374742e-08    4.2843544977e-09   -3.0979276636e-09    3.3450665942e-09
  24.9900000    1.0598740653e-07    4.3706022807e-08    6.3300704884e-08   -5.2496035535e-07    3.1861731270e-08    3.5939768222e-09   -3.1019010290e-09    3.3995103677e-09
  25.0000000    9.4940845097e-08    4.3610219688e-08    5.6368295175e-08   -5.2412197128e-07    3.3568300577e-08    2.9777558647e-09   -3.1056058629e-09    3.4527763893e-09
  25.0100000    8.3202958706e-08    4.2578330157e-08    4.8575977427e-08   -5.2275710271e-07    3.5380395771e-08    2.4488903911e-09   -3.1090457594e-09    3.5050723655e-09
  25.0200000    7.0931872480e-08    4.0665319679e-08    4.0040215095e-08   -5.2089829189e-07    3.7261178950e-08    2.0195293039e-09   -3.1122150957e-09    3.5566274150e-09
  25.0300000    5.8281586442e-08    3.7960232307e-08    3.0889274791e-08   -5.1858560865e-07    3.9172386919e-08    1.7004665279e-09   -3.1151088696e-09    3.6076863245e-09
  25.0400000    4.5401824278e-08    3.4582849973e-08    2.1261346571e-08   -5.1586609929e-07    4.1075064926e-08    1.5008662487e-09   -3.1177195334e-09    3.6585190212e-09
  25.0500000    3.2438510538e-08    3.0678845846e-08    1.1302516110e-08   -5.1279311612e-07    4.2930297270e-08    1.4280203351e-09   -3.1200284744e-09    3.7093941194e-09
  25.0600000    1.9534499654e-08    2.6413505122e-08    1.1645932277e-09   -5.0942562679e-07    4.4699971760e-08    1.4871031894e-09   -3.1220098566e-09    3.7605982766e-09
  25.0700000    6.8305182265e-09    2.1964227171e-08   -8.9971216527e-09   -5.0582733469e-07    4.6347522647e-08    1.6809994577e-09   -3.1236431730e-09    3.8124273449e-09
  25.0800000   -5.5338893026e-09    1.7512332408e-08   -1.9026212358e-08   -5.0206579366e-07    4.7838629477e-08    2.0101401015e-09   -3.1248863811e-09    3.8651779417e-09
  25.0900000   -1.7419602576e-08    1.3234356187e-08   -2.8767471063e-08   -4.9821143559e-07    4.9141905634e-08    2.4724169445e-09   -3.1257092405e-09    3.9191420267e-09
  25.1000000   -2.8687520804e-08    9.2933645043e-09   -3.8069283892e-08   -4.9433656784e-07    5.0229493180e-08    3.0631124345e-09   -3.1260709781e-09    3.9746180259e-09
  25.1100000   -3.9198620006e-08    5.8307411822e-09   -4.6785926339e-08   -4.9051430116e-07    5.1077647409e-08    3.7748782217e-09   -3.1259226899e-09    4.0318918084e-09
  25.1200000   -4.8814627372e-08    2.9588919656e-09   -5.4779830189e-08   -4.8681748994e-07    5.1667182810e-08    4.5978207946e-09   -3.1252192043e-09    4.0912458520e-09
  25.1300000   -5.7399344556e-08    7.5518679406e-10   -6.1923709468e-08   -4.8331767365e-07    5.1983883139e-08    5.5195842076e-09   -3.1239175883e-09    4.1529392340e-09
  25.1400000   -6.4820690805e-08   -7.4230338275e-10   -6.8102557860e-08   -4.8008396206e-07    5.2018776980e-08    6.5254922774e-09   -3.1219605155e-09    4.2172151910e-09
  25.1500000   -7.0953492301e-08   -1.5371876196e-09   -7.3215460212e-08   -4.7718204154e-07    5.1768340981e-08    7.5987809839e-09   -3.1192962873e-09    4.2843050980e-09
  25.1600000   -7.5682738498e-08   -1.6749507777e-09   -7.7177208070e-08   -4.7467312921e-07    5.1234598910e-08    8.7208265071e-09   -3.1158745334e-09    4.3544066769e-09
  25.1700000   -7.8907466999e-08   -1.2408215623e-09   -7.9919691956e-08   -4.7261305464e-07    5.0425090432e-08    9.8714737819e-09   -3.1116393492e-09    4.4276976117e-09
  25.1800000   -8.0544879432e-08   -3.5553269663e-10   -8.1393024964e-08   -4.7105137219e-07    4.9352757562e-08    1.1029347734e-08   -3.1065460381e-09    4.5043168936e-09
  25.1900000   -8.0534603066e-08    8.3107732089e-10   -8.1566418679e-08   -4.7003056147e-07    4.8035712798e-08    1.2172265314e-08   -3.1005329568e-09    4.5843751030e-09
  25.2000000   -7.8842884784e-08    2.1482517634e-09   -8.0428728873e-08   -4.6958532606e-07    4.6496901000e-08    1.3277604254e-08   -3.0935632055e-09    4.6679480729e-09
  25.2100000   -7.5466409470e-08    3.4138749807e-09   -7.7988756737e-08   -4.6974200802e-07    4.4763690742e-08    1.4322743278e-08   -3.0855892857e-09    4.7550714138e-09
  25.2200000   -7.0435415526e-08    4.4451005248e-09   -7.4275202706e-08   -4.7051810553e-07    4.2867355158e-08    1.5285497838e-08   -3.0765661392e-09    4.8457382564e-09
  25.2300000   -6.3816150688e-08    5.0692322850e-09   -6.9336340666e-08   -4.7192192914e-07    4.0842482722e-08    1.6144565879e-08   -3.0664629183e-09    4.9399081022e-09
  25.2400000   -5.5712160484e-08    5.1345369409e-09   -6.3239374195e-08   -4.7395237926e-07    3.8726305372e-08    1.6879950595e-08   -3.0552474854e-09    5.0374889533e-09
  25.2500000   -4.6264367888e-08    4.5203027074e-09   -5.6069508431e-08   -4.7659885616e-07    3.6558016013e-08    1.7473387278e-08   -3.0428946071e-09    5.1383562450e-09
  25.2600000   -3.5649873350e-08    3.1454388585e-09   -4.7928710404e-08   -4.7984132266e-07    3.4377987173e-08    1.7908745695e-08   -3.0293841134e-09    5.2423367091e-09
  25.2700000   -2.4079305160e-08    9.7532011262e-10   -3.8934259511e-08   -4.8365053119e-07    3.2227019382e-08    1.8172393821e-08   -3.0146992479e-09    5.3492160158e-09
  25.2800000   -1.1792860667e-08   -1.9739101333e-09   -2.9216989799e-08   -4.8798832521e-07    3.0145523067e-08    1.8253537960e-08   -2.9988401797e-09    5.4587393023e-09
  25.2900000    9.4508855477e-10   -5.6333178478e-09   -1.8919353233e-08   -4.9280813867e-07    2.8172749975e-08    1.8144486652e-08   -2.9818012779e-09    5.5706194825e-09
  25.3000000    1.3852388312e-08   -9.8824476589e-09   -8.1933074378e-09   -4.9805559362e-07    2.6346021027e-08    1.7840887598e-08   -2.9635977077e-09    5.6845202594e-09
  25.3100000    2.6636590305e-08   -1.4553149388e-08    2.8020276887e-09   -5.0366925044e-07    2.4699981816e-08    1.7341901092e-08   -2.9442455704e-09    5.8000772688e-09
  25.3200000    3.9003125297e-08   -1.9436418275e-08    1.3902749099e-08   -5.0958144494e-07    2.3265919373e-08    1.6650302641e-08   -2.9237655478e-09    5.9169002868e-09
  25.3300000    5.0663782392e-08   -2.4291640922e-08    2.4942675922e-08   -5.1571924360e-07    2.2071143773e-08    1.5772501630e-08   -2.9021905783e-09    6.0345594339e-09
  25.3400000    6.1345361730e-08   -2.8858019040e-08    3.5755914300e-08   -5.2200548157e-07    2.1138447405e-08    1.4718530376e-08   -2.8795694493e-09    6.1526067573e-09
  25.3500000    7.0797924396e-08   -3.2867629469e-08    4.6179402520e-08   -5.2835988557e-07    2.0485597950e-08    1.3501934020e-08   -2.8559469485e-09    6.2705818772e-09
  25.3600000    7.8802567604e-08   -3.6059298606e-08    5.6055415208e-08   -5.3470025723e-07    2.0125010204e-08    1.2139587357e-08   -2.8313817057e-09    6.3879975948e-09
  25.3700000    8.5177968216e-08   -3.8192857529e-08    6.5234042567e-08   -5.4094369800e-07    2.0063442025e-08    1.0651453251e-08   -2.8059333967e-09    6.5043669761e-09
  25.3800000    8.9786112606e-08   -3.9062673013e-08    7.3575519858e-08   -5.4700783579e-07    2.0301863206e-08    9.0602848576e-09   -2.7796755480e-09    6.6191903861e-09
  25.3900000    9.2536159319e-08   -3.8510145322e-08    8.0952387214e-08   -5.5281209066e-07    2.0835382024e-08    7.3912444999e-09   -2.7526869269e-09    6.7319767513e-09
  25.4000000    9.3386887835e-08   -3.6434067045e-08    8.7251504321e-08   -5.5827893195e-07    2.1653319059e-08    5.6714709908e-09   -2.7250504121e-09    6.8422291176e-09
  25.4100000    9.2347309786e-08   -3.2798455087e-08    9.2375820664e-08   -5.6333505291e-07    2.2739372701e-08    3.9296415082e-09   -2.6968595017e-09    6.9494694924e-09
  25.4200000    8.9475670153e-08   -2.7637362909e-08    9.6245919024e-08   -5.6791253911e-07    2.4071898670e-08    2.1954232730e-09   -2.6682089839e-09    7.0532404258e-09
  25.4300000    8.4876592535e-08   -2.1056224971e-08    9.8801270921e-08   -5.7194995590e-07    2.5624328682e-08    4.9897799433e-10   -2.6391939851e-09    7.1531031369e-09
  25.4400000    7.8696867021e-08   -1.3229695997e-08    1.0000119673e-07   -5.7539333492e-07    2.7365619535e-08   -1.1296480138e-09   -2.6099237187e-09    7.2486377337e-09
  25.4500000    7.1119795025e-08   -4.3958985912e-09    9.9825506059e-08   -5.7819707087e-07    2.9260854603e-08   -2.6610546374e-09   -2.5805052343e-09    7.3394718426e-09
  25.4600000    6.2358555013e-08    5.1526653132e-09    9.8274856712e-08   -5.8032469133e-07    3.1271887672e-08   -4.0670543822e-09   -2.5510477445e-09    7.4252575090e-09
  25.4700000    5.2648751295e-08    1.5081077219e-08    9.5370734269e-08   -5.8174948600e-07    3.3358063726e-08   -5.3212380871e-09   -2.5216583602e-09    7.5056925170e-09
  25.4800000    4.2240611969e-08    2.5026412039e-08    9.1155111165e-08   -5.8245501792e-07    3.5476977153e-08   -6.3994873344e-09   -2.4924554752e-09    7.5805147227e-09
  25.4900000    3.1391093134e-08    3.4613801756e-08    8.5689826683e-08   -5.8243543600e-07    3.7585303403e-08   -7.2804856784e-09   -2.4635502300e-09    7.6495201929e-09
  25.5000000    2.0356317557e-08    4.3473449675e-08    7.9055584645e-08   -5.8169565121e-07    3.9639613101e-08   -7.9461292944e-09   -2.4350495815e-09    7.7125450244e-09
  25.5100000    9.3844275040e-09    5.1257563615e-08    7.1350691681e-08   -5.8025137490e-07    4.1597233925e-08   -8.3819640203e-09   -2.4070680477e-09    7.7694794553e-09
  25.5200000   -1.2905270110e-09    5.7656589019e-08    6.2689495174e-08   -5.7812892262e-07    4.3417027977e-08   -8.5774792037e-09   -2.3797120497e-09    7.8202705967e-09
  25.5300000   -1.1453744080e-08    6.2413690742e-08    5.3200583254e-08   -5.7536489833e-07    4.5060254236e-08   -8.5263590340e-09   -2.3530818712e-09    7.8649257796e-09
  25.5400000   -2.0913775780e-08    6.5336865431e-08    4.3024750597e-08   -5.7200570387e-07    4.6491282110e-08   -8.2266967720e-09   -2.3272833475e-09    7.9034954132e-09
  25.5500000   -2.9505103302e-08    6.6307949888e-08    3.2312725317e-08   -5.6810689861e-07    4.7678325775e-08   -7.6810664906e-09   -2.3024124285e-09    7.9360941960e-09
  25.5600000   -3.7089726410e-08    6.5288072201e-08    2.1222831995e-08   -5.6373238499e-07    4.8594052733e-08   -6.8965326045e-09   -2.2785574188e-09    7.9628882062e-09
  25.5700000   -4.3557532106e-08    6.2319345042e-08    9.9184238929e-09   -5.5895347290e-07    4.9216158484e-08   -5.8845916320e-09   -2.2558061459e-09    7.9840967887e-09
  25.5800000   -4.8825550794e-08    5.7522560762e-08   -1.4346794624e-09   -5.5384782852e-07    4.9527804197e-08   -4.6610041894e-09   -2.2342291616e-09    7.9999844581e-09
  25.5900000   -5.2836437839e-08    5.1091027166e-08   -1.2670827846e-08   -5.4849829374e-07    4.9517989365e-08   -3.2455491313e-09   -2.2139077184e-09    8.0108635718e-09
  25.6000000   -5.5556380175e-08    4.3280943183e-08   -2.3627174757e-08   -5.4299163892e-07    4.9181782778e-08   -1.6617094369e-09   -2.1949003387e-09    8.0170967050e-09
  25.6100000   -5.6972579987e-08    3.4398792764e-08   -3.4146238661e-08   -5.3741721822e-07    4.8520460193e-08    6.3731739886e-11   -2.1772704865e-09    8.0190712693e-09
  25.6200000   -5.7090647562e-08    2.4786359067e-08   -4.4078400902e-08   -5.3186561214e-07    4.7541500011e-08    1.9011565393e-09   -2.1610605326e-09    8.0172159683e-09
  25.6300000   -5.5932058726e-08    1.4804183609e-08   -5.3284242896e-08   -5.2642718762e-07    4.6258511259e-08    3.8186368534e-09   -2.1463175103e-09    8.0119933645e-09
  25.6400000   -5.3532018822e-08    4.8144248078e-09   -6.1636720440e-08   -5.2119071223e-07    4.4690953335e-08    5.7825204167e-09   -2.1330693112e-09    8.0038762433e-09
  25.6500000   -4.9937654160e-08   -4.8361687211e-09   -6.9023147592e-08   -5.1624196487e-07    4.2863855318e-08    7.7580257459e-09   -2.1213456106e-09    7.9933668895e-09
  25.6600000   -4.5206912125e-08   -1.3832026621e-08   -7.5346915723e-08   -5.1166234773e-07    4.0807322734e-08    9.7099021099e-09   -2.1111616734e-09    7.9809689666e-09
  25.6700000   -3.9407902697e-08   -2.1902643377e-08   -8.0528951762e-08   -5.0752763577e-07    3.8556019974e-08    1.1603081521e-08   -2.1025238104e-09    7.9671935581e-09
  25.6800000   -3.2618983325e-08   -2.8833765061e-08   -8.4508887150e-08   -5.0390675090e-07    3.6148536101e-08    1.3403332209e-08   -2.0954340335e-09    7.9525515315e-09
  25.6900000   -2.4929193630e-08   -3.4475276340e-08   -8.7245910309e-08   -5.0086066678e-07    3.3626657708e-08    1.5077916248e-08   -2.0898874949e-09    7.9375437277e-09
  25.7000000   -1.6439095172e-08   -3.8745500710e-08   -8.8719294164e-08   -4.9844143332e-07    3.1034598816e-08    1.6596205591e-08   -2.0858625675e-09    7.9226561880e-09
  25.7100000   -7.2617017594e-09   -4.1631708755e-08   -8.8928587693e-08   -4.9669133304e-07    2.8418191952e-08    1.7930282726e-08   -2.0833496531e-09    7.9083573637e-09
  25.7200000    2.4765018036e-09   -4.3186706870e-08   -8.7893455941e-08   -4.9564220903e-07    2.5824014827e-08    1.9055475203e-08   -2.0823157187e-09    7.8950840190e-09
  25.7300000    1.2635032637e-08   -4.3521978015e-08   -8.5653218884e-08   -4.9531495954e-07    2.3298519268e-08    1.9950837210e-08   -2.0827298546e-09    7.8832441532e-09
  25.7400000    2.3059299588e-08   -4.2797675418e-08   -8.2266033874e-08   -4.9571918505e-07    2.0887161739e-08    2.0599564990e-08   -2.0845477900e-09    7.8732044228e-09
  25.7500000    3.3581168041e-08   -4.1210151359e-08   -7.7807758205e-08   -4.9685302446e-07    1.8633535012e-08    2.0989336205e-08   -2.0877303217e-09    7.8652952463e-09
  25.7600000    4.4020479797e-08   -3.8977702253e-08   -7.2370579517e-08   -4.9870321993e-07    1.6578555829e-08    2.1112542085e-08   -2.0922284027e-09    7.8597955823e-09
  25.7700000    5.4187562989e-08   -3.6325504704e-08   -6.6061296182e-08   -5.0124528566e-07    1.4759685024e-08    2.0966473508e-08   -2.0979887839e-09    7.8569326982e-09
  25.7800000    6.3886710332e-08   -3.3470516590e-08   -5.8999422623e-08   -5.0444396379e-07    1.3210224819e-08    2.0553356889e-08   -2.1049546642e-09    7.8568837992e-09
  25.7900000    7.2920646447e-08   -3.0607385854e-08   -5.1315055193e-08   -5.0825374628e-07    1.1958661140e-08    1.9880366019e-08   -2.1130756190e-09    7.8597722958e-09
  25.8000000    8.1095899548e-08   -2.7896071390e-08   -4.3146609975e-08   -5.1261965745e-07    1.1028142917e-08    1.8959445620e-08   -2.1222831198e-09    7.8656621978e-09
  25.8100000    8.8228904013e-08   -2.5452100113e-08   -3.4638367447e-08   -5.1747813318e-07    1.0436042296e-08    1.7807121738e-08   -2.1325199123e-09    7.8745563273e-09
  25.8200000    9.4152399860e-08   -2.3339814394e-08   -2.5938015619e-08   -5.2275807213e-07    1.0193595663e-08    1.6444193456e-08   -2.1437324092e-09    7.8864041640e-09
  25.8300000    9.8722047289e-08   -2.1569315040e-08   -1.7194071600e-08   -5.2838198383e-07    1.0305720061e-08    1.4895314657e-08   -2.1558535010e-09    7.9010981516e-09
  25.8400000    1.0182280298e-07   -2.0097079927e-08   -8.5533553317e-09   -5.3426727635e-07    1.0770900915e-08    1.3188552075e-08   -2.1688215211e-09    7.9184655132e-09
  25.8500000    1.0337469837e-07   -1.8830408489e-08   -1.5850777224e-10   -5.4032760570e-07    1.1581212500e-08    1.1354814998e-08   -2.1825829161e-09    7.9382936537e-09
  25.8600000    1.0333760355e-07   -1.7635252827e-08    7.8544240370e-09   -5.4647427412e-07    1.2722488083e-08    9.4272856456e-09   -2.1970849796e-09    7.9603054424e-09
  25.8700000    1.0171474795e-07   -1.6347275381e-08    1.5358281525e-08   -5.5261769022e-07    1.4174570643e-08    7.4407748514e-09   -2.2122681451e-09    7.9841805831e-09
  25.8800000    9.8554672869e-08   -1.4785174727e-08    2.2236836294e-08   -5.5866883196e-07    1.5911699329e-08    5.4310411546e-09   -2.2280855849e-09    8.0095526727e-09
  25.8900000    9.3951321271e-08   -1.2765700848e-08    2.8386763579e-08   -5.6454069672e-07    1.7903010576e-08    3.4340874027e-09   -2.2444934291e-09    8.0360139684e-09
  25.9000000    8.8042149466e-08   -1.0119346793e-08    3.3719212378e-08   -5.7014971983e-07    2.0113106967e-08    1.4854842741e-09   -2.2614463492e-09    8.0631300351e-09
  25.9100000    8.1004425718e-08   -6.7057632591e-09    3.8161268091e-08   -5.7541712299e-07    2.2502736813e-08   -3.8031802192e-10   -2.2789011979e-09    8.0904249759e-09
  25.9200000    7.3049394570e-08   -2.4279502956e-09    4.1657002702e-08   -5.8027018881e-07    2.5029566936e-08   -2.1306690505e-09   -2.2968309316e-09    8.1174008994e-09
  25.9300000    6.4414880054e-08    2.7557819741e-09    4.4168274058e-08   -5.8464343619e-07    2.7648953614e-08   -3.7353388980e-09   -2.3152013519e-09    8.1435470816e-09
  25.9400000    5.5356322992e-08    8.8229018948e-09    4.5675204906e-08   -5.8847966544e-07    3.0314812699e-08   -5.1670995266e-09   -2.3339934873e-09    8.1683371253e-09
  25.9500000    4.6136761135e-08    1.5681377763e-08    4.6176304339e-08   -5.9173084650e-07    3.2980494546e-08   -6.4022408199e-09   -2.3531862734e-09    8.1912429566e-09
  25.9600000    3.7016115547e-08    2.3168620330e-08    4.5688282671e-08   -5.9435890228e-07    3.5599679232e-08   -7.4210044072e-09   -2.3727615726e-09    8.2117271350e-09
  25.9700000    2.8240436846e-08    3.1054900806e-08    4.4245535110e-08   -5.9633625707e-07    3.8127225637e-08   -8.2079809880e-09   -2.3927130666e-09    8.2292701454e-09
  25.9800000    2.0031361429e-08    3.9051047993e-08    4.1899311723e-08   -5.9764626293e-07    4.0520072687e-08   -8.7523396833e-09   -2.4130383498e-09    8.2433582283e-09
  25.9900000    1.2576585532e-08    4.6820500443e-08    3.8716604690e-08   -5.9828341038e-07    4.2738023440e-08   -9.0480562102e-09   -2.4337303277e-09    8.2534987881e-09
  26.0000000    6.0216226565e-09    5.3994933161e-08    3.4778739166e-08   -5.9825338922e-07    4.4744497213e-08   -9.0939644452e-09   -2.4548009496e-09    8.2592279412e-09
  26.0100000    4.6353455371e-10    6.0192754966e-08    3.0179720903e-08   -5.9757290390e-07    4.6507250185e-08   -8.8937596312e-09   -2.4762524206e-09    8.2600998781e-09
  26.0200000   -4.0532750383e-09    6.5039669383e-08    2.5024396716e-08   -5.9626937405e-07    4.7998963110e-08   -8.4558731792e-09   -2.4981030782e-09    8.2557142393e-09
  26.0300000   -7.5386263044e-09    6.8190171731e-08    1.9426386291e-08   -5.9438040877e-07    4.9197723673e-08   -7.7932682899e-09   -2.5203684339e-09    8.2457039151e-09
  26.0400000   -1.0055701100e-08    6.9348737280e-08    1.3505898729e-08   -5.9195313840e-07    5.0087461626e-08   -6.9231393631e-09   -2.5430702247e-09    8.2297494397e-09
  26.0500000   -1.1717387148e-08    6.8289569111e-08    7.3874640462e-09   -5.8904339862e-07    5.0658217192e-08   -5.8665061798e-09   -2.5662280843e-09    8.2075728276e-09
  26.0600000   -1.2680230223e-08    6.4873707387e-08    1.1975611878e-09   -5.8571473447e-07    5.0906306275e-08   -4.6477840766e-09   -2.5898717687e-09    8.1789444111e-09
  26.0700000   -1.3136019266e-08    5.9062464185e-08   -4.9377452068e-09   -5.8203735461e-07    5.0834380703e-08   -3.2942029907e-09   -2.6140266997e-09    8.1436928572e-09
  26.0800000   -1.3301465464e-08    5.0926279801e-08   -1.0895122384e-08   -5.7808689890e-07    5.0451314850e-08   -1.8352612415e-09   -2.6387192373e-09    8.1016881117e-09
  26.0900000   -1.3406509970e-08    4.0648275839e-08   -1.6556233418e-08   -5.7394318511e-07    4.9772052134e-08   -3.0207480350e-10   -2.6639874755e-09    8.0528634150e-09
  26.1000000   -1.3681693921e-08    2.8522062292e-08   -2.1809926964e-08   -5.6968888196e-07    4.8817253028e-08    1.2732952148e-09   -2.6898605844e-09    7.9972002311e-09
  26.1100000   -1.4345197271e-08    1.4943772279e-08   -2.6554194062e-08   -5.6540810660e-07    4.7612858372e-08    2.8584885478e-09   -2.7163683747e-09    7.9347344849e-09
  26.1200000   -1.5590378250e-08    3.9841187978e-10   -3.0697994641e-08   -5.6118509058e-07    4.6189590244e-08    4.4215455204e-09   -2.7435440945e-09    7.8655490988e-09
  26.1300000   -1.7574045528e-08   -1.4559050027e-08   -3.4162858366e-08   -5.5710275068e-07    4.4582302064e-08    5.9315808906e-09   -2.7714218066e-09    7.7897792407e-09
  26.1400000   -2.0406606774e-08   -2.9326860843e-08   -3.6884234621e-08   -5.5324138832e-07    4.2829286097e-08    7.3593963284e-09   -2.8000255448e-09    7.7076136263e-09
  26.1500000   -2.4143969780e-08   -4.3283172539e-08   -3.8812528627e-08   -5.4967737434e-07    4.0971478154e-08    8.6781011496e-09   -2.8293892099e-09    7.6192791356e-09
  26.1600000   -2.8782205942e-08   -5.5814772736e-08   -3.9913901827e-08   -5.4648195010e-07    3.9051659659e-08    9.8636334448e-09   -2.8595331143e-09    7.5250441483e-09
  26.1700000   -3.4254919455e-08   -6.6346556209e-08   -4.0170735748e-08   -5.4372010177e-07    3.7113606700e-08    1.0895250965e-08   -2.8904861456e-09    7.4252228188e-09
  26.1800000   -4.0433586448e-08   -7.4370251174e-08   -3.9581793879e-08   -5.4144956675e-07    3.5201180383e-08    1.1755927264e-08   -2.9222693737e-09    7.3201460937e-09
  26.1900000   -4.7131013178e-08   -7.9470954502e-08   -3.8162089445e-08   -5.3971994929e-07    3.3357482261e-08    1.2432672273e-08   -2.9548942112e-09    7.2101915076e-09
  26.2000000   -5.4107665833e-08   -8.1349932487e-08   -3.5942386216e-08   -5.3857198411e-07    3.1623979682e-08    1.2916741665e-08   -2.9883738407e-09    7.0957538948e-09
  26.2100000   -6.1080652029e-08   -7.9842571951e-08   -3.2968457489e-08   -5.3803695633e-07    3.0039685201e-08    1.3203799408e-08   -3.0227284901e-09    6.9772442673e-09
  26.2200000   -6.7735022420e-08   -7.4930371264e-08   -2.9300067658e-08   -5.3813628076e-07    2.8640383588e-08    1.3293907486e-08   -3.0579566713e-09    6.8550920498e-09
  26.2300000   -7.3736922885e-08   -6.6746143133e-08   -2.5009653652e-08   -5.3888123762e-07    2.7457907184e-08    1.3191507051e-08   -3.0940581625e-09    6.7297359819e-09
  26.2400000   -7.8747808284e-08   -5.5572189166e-08   -2.0180791716e-08   -5.4027287765e-07    2.6519517687e-08    1.2905218379e-08   -3.1310343864e-09    6.6016199752e-09
  26.2500000   -8.2439489620e-08   -4.1831081681e-08   -1.4906472582e-08   -5.4230209984e-07    2.5847351052e-08    1.2447595006e-08   -3.1688721960e-09    6.4711786045e-09
  26.2600000   -8.4508911364e-08   -2.6069522779e-08   -9.2872040198e-09   -5.4494990327e-07    2.5457989393e-08    1.1834807552e-08   -3.2075628734e-09    6.3388558113e-09
  26.2700000   -8.4692278459e-08   -8.9359296462e-09   -3.4289616972e-09   -5.4818776080e-07    2.5362116286e-08    1.1086178222e-08   -3.2470839402e-09    6.2050697544e-09
  26.2800000   -8.2777864381e-08    8.8473898478e-09    2.5589102328e-09   -5.5197815782e-07    2.5564325607e-08    1.0223714471e-08   -3.2874158645e-09    6.0702340863e-09
  26.2900000   -7.8616814790e-08    2.6516158490e-08    8.5658877104e-09   -5.5627528301e-07    2.6063013224e-08    9.2715841537e-09   -3.3285315913e-09    5.9347387918e-09
  26.3000000   -7.2131601688e-08    4.3298607806e-08    1.4482416346e-08   -5.6102581601e-07    2.6850400636e-08    8.2554685665e-09   -3.3703923140e-09    5.7989458141e-09
  26.3100000   -6.3321660907e-08    5.8450972266e-08    2.0202077691e-08   -5.6616983282e-07    2.7912715152e-08    7.2019927629e-09   -3.4129663978e-09    5.6631997394e-09
  26.3200000   -5.2266106993e-08    7.1292145687e-08    2.5623627497e-08   -5.7164182203e-07    2.9230432661e-08    6.1380330658e-09   -3.4562096749e-09    5.5278133237e-09
  26.3300000   -3.9123213229e-08    8.1235881085e-08    3.0652934817e-08   -5.7737172902e-07    3.0778677423e-08    5.0901120783e-09   -3.5000673733e-09    5.3930580692e-09
  26.3400000   -2.4126893075e-08    8.7818974259e-08    3.5204788365e-08   -5.8328610690e-07    3.2527717826e-08    4.0837524754e-09   -3.5444942937e-09    5.2591799271e-09
  26.3500000   -7.5801468078e-09    9.0723850277e-08    3.9204449046e-08   -5.8930925074e-07    3.4443547648e-08    3.1428631325e-09   -3.5894357897e-09    5.1263849009e-09
  26.3600000    1.0154054148e-08    8.9794619190e-08    4.2589082217e-08   -5.9536440485e-07    3.6488550452e-08    2.2891737136e-09   -3.6348287560e-09    4.9948377538e-09
  26.3700000    2.8664233453e-08    8.5045510102e-08    4.5308817337e-08   -6.0137490586e-07    3.8622274060e-08    1.5417366212e-09   -3.6806088431e-09    4.8646691192e-09
  26.3800000    4.7503606787e-08    7.6661428922e-08    4.7327659452e-08   -6.0726535730e-07    4.0802177364e-08    9.1647295182e-10   -3.7267057925e-09    4.7359662606e-09
  26.3900000    6.6204552916e-08    6.4990436519e-08    4.8624034189e-08   -6.1296272082e-07    4.2984530652e-08    4.2579119607e-10   -3.7730582242e-09    4.6087753861e-09
  26.4000000    8.4293801580e-08    5.0528491626e-08    4.9191078562e-08   -6.1839738355e-07    4.5125260926e-08    7.8324944522e-11   -3.8195882508e-09    4.4831077317e-09
  26.4100000    1.0130769453e-07    3.3897219932e-08    4.9036605698e-08   -6.2350412676e-07    4.7180798236e-08   -1.2127607298e-10   -3.8662273021e-09    4.3589323977e-09
  26.4200000    1.1680678278e-07    1.5815697871e-08    4.8182824264e-08   -6.2822302445e-07    4.9108991870e-08   -1.7244797690e-10   -3.9128939555e-09    4.2361891607e-09
  26.4300000    1.3038965785e-07   -2.9324028666e-09    4.6665686749e-08   -6.3250021700e-07    5.0869921760e-08   -7.8700365663e-11   -3.9595136701e-09    4.1147670912e-09
  26.4400000    1.4170508181e-07   -2.1534710598e-08    4.4534044455e-08   -6.3628864367e-07    5.2426690575e-08    1.5249734765e-10   -4.0060082137e-09    3.9945371881e-09
  26.4500000    1.5046224594e-07   -3.9187283027e-08    4.1848505528e-08   -6.3954854421e-07    5.3746168203e-08    5.0987212610e-10   -4.0523106669e-09    3.8753280639e-09
  26.4600000    1.5643873628e-07   -5.5131309804e-08    3.8680029214e-08   -6.4224795968e-07    5.4799667337e-08    9.7867951660e-10   -4.0983302084e-09    3.7569488415e-09
  26.4700000    1.5948610368e-07   -6.8687595199e-08    3.5108385724e-08   -6.4436301465e-07    5.5563501836e-08    1.5410625573e-09   -4.1440017073e-09    3.6391779302e-09
  26.4800000    1.5953282744e-07   -7.9287096071e-08    3.1220385440e-08   -6.4587811110e-07    5.6019489143e-08    2.1765081907e-09   -4.1892497758e-09    3.5217693472e-09
  26.4900000    1.5658472564e-07   -8.6496196342e-08    2.7107996620e-08   -6.4678599919e-07    5.6155310175e-08    2.8623709295e-09   -4.2340026360e-09    3.4044612008e-09
  26.5000000    1.5072278329e-07   -9.0035434613e-08    2.2866356759e-08   -6.4708769530e-07    5.5964776673e-08    3.5744464614e-09   -4.2781899328e-09    3.2869726246e-09
  26.5100000    1.4209879524e-07   -8.9790935185e-08    1.8591721018e-08   -6.4679230490e-07    5.5447982254e-08    4.2875917067e-09   -4.3217465378e-09    3.1690149854e-09
  26.5200000    1.3092881656e-07   -8.5818020236e-08    1.4379411002e-08   -6.4591671577e-07    5.4611315357e-08    4.9763731442e-09   -4.3646155597e-09    3.0502811380e-09
  26.5300000    1.1748495235e-07   -7.8336823820e-08    1.0321760274e-08   -6.4448519847e-07    5.3467358131e-08    5.6157249719e-09   -4.4067409391e-09    2.9304647259e-09
  26.5400000    1.0208574220e-07   -6.7720517117e-08    6.5061652685e-09   -6.4252890473e-07    5.2034663214e-08    6.1816240050e-09   -4.4480662608e-09    2.8092582331e-09
  26.5500000    8.5085556480e-08   -5.4476339178e-08    3.0132033445e-09   -6.4008524821e-07    5.0337427202e-08    6.6516695337e-09   -4.4885472976e-09    2.6863498698e-09
  26.5600000    6.6863383139e-08   -3.9220878235e-08   -8.5078105633e-11   -6.3719727705e-07    4.8405024253e-08    7.0057697513e-09   -4.5281483875e-09    2.5614341015e-09
  26.5700000    4.7811516774e-08   -2.2650455461e-08   -2.7266811421e-09   -6.3391292989e-07    4.6271493130e-08    7.2266264979e-09   -4.5668332061e-09    2.4342165624e-09
  26.5800000    2.8324369037e-08   -5.5085890190e-09   -4.8610200596e-09   -6.3028425214e-07    4.3974854286e-08    7.3002540921e-09   -4.6045722260e-09    2.3044067813e-09
  26.5900000    8.7879233503e-09    1.1448452568e-08   -6.4499823652e-09   -6.2636661833e-07    4.1556431772e-08    7.2163875886e-09   -4.6413444222e-09    2.1717314755e-09
  26.6000000   -1.0429973630e-08    2.7485917155e-08   -7.4687638500e-09   -6.2221785844e-07    3.9060053624e-08    6.9688305551e-09   -4.6771380474e-09    2.0359420932e-09
  26.6100000   -2.8988153365e-08    4.1923196978e-08   -7.9064052751e-09   -6.1789745170e-07    3.6531228176e-08    6.5556751363e-09   -4.7119536835e-09    1.8967880819e-09
  26.6200000   -4.6579359681e-08    5.4163345362e-08   -7.7660701397e-09   -6.1346567037e-07    3.4016294902e-08    5.9794316036e-09   -4.7457850846e-09    1.7540596083e-09
  26.6300000   -6.2935937410e-08    6.3718122112e-08   -7.0649876980e-09   -6.0898274568e-07    3.1561529337e-08    5.2470646990e-09   -4.7786428885e-09    1.6075570497e-09
  26.6400000   -7.7833875675e-08    7.0227518040e-08   -5.8341289902e-09   -6.0450810445e-07    2.9212272671e-08    4.3699294331e-09   -4.8105429318e-09    1.4571122942e-09
  26.6500000   -9.1095434646e-08    7.3472997812e-08   -4.1175524490e-09   -6.0009961799e-07    2.7012076644e-08    3.3635497608e-09   -4.8415131647e-09    1.3025836732e-09
  26.6600000   -1.0258989462e-07    7.3383943122e-08   -1.9715395809e-09   -5.9581284636e-07    2.5001877748e-08    2.2473600477e-09   -4.8715790583e-09    1.1438565769e-09
  26.6700000   -1.1223305068e-07    7.0037264305e-08    5.3660854936e-10   -5.9170042058e-07    2.3219206713e-08    1.0442958303e-09   -4.9007835370e-09    9.8083701307e-10
  26.6800000   -1.1998515271e-07    6.3650377013e-08    3.3299563519e-09   -5.8781144632e-07    2.1697485382e-08   -2.1968207924e-10   -4.9291709524e-09    8.1346819132e-10
  26.6900000   -1.2584766906e-07    5.4567933113e-08    6.3235667029e-09   -5.8419096440e-07    2.0465408644e-08   -1.5161393097e-09   -4.9567868913e-09    6.4172171063e-10
  26.7000000   -1.2985903211e-07    4.3243331420e-08    9.4262933680e-09   -5.8087954668e-07    1.9546369357e-08   -2.8148245332e-09   -4.9836943224e-09    4.6559896399e-10
  26.7100000   -1.3208955946e-07    3.0215726771e-08    1.2542703798e-08   -5.7791285608e-07    1.8958047370e-08   -4.0843390771e-09   -5.0099546646e-09    2.8512487776e-10
  26.7200000   -1.3263572094e-07    1.6084096996e-08    1.5575163551e-08   -5.7532139099e-07    1.8712037992e-08   -5.2928573043e-09   -5.0356336541e-09    1.0035819607e-10
  26.7300000   -1.3161413429e-07    1.4793649775e-09    1.8425920773e-08   -5.7313026656e-07    1.8813669693e-08   -6.4089137302e-09   -5.0608060504e-09   -8.8611966832e-11
  26.7400000   -1.2915538981e-07   -1.2964104049e-08    2.0999241339e-08   -5.7135904603e-07    1.9261888524e-08   -7.4021261698e-09   -5.0855387021e-09   -2.8167295708e-10
  26.7500000   -1.2539806696e-07   -2.6635992682e-08    2.3203544742e-08   -5.7002171478e-07    2.0049253175e-08   -8.2439536558e-09   -5.1099092092e-09   -4.7868616975e-10
  26.7600000   -1.2048299126e-07   -3.8975707712e-08    2.4953418029e-08   -5.6912663804e-07    2.1162111915e-08   -8.9084384811e-09   -5.1340017879e-09   -6.7948832608e-10
  26.7700000   -1.1454803142e-07   -4.9494787919e-08    2.6171591324e-08   -5.6867667661e-07    2.2580842394e-08   -9.3728435225e-09   -5.1578851198e-09   -8.8389439021e-10
  26.7800000   -1.0772374618e-07   -5.7795514882e-08    2.6790733487e-08   -5.6866931564e-07    2.4280212899e-08   -9.6183062276e-09   -5.1816420186e-09   -1.0916940204e-09
  26.7900000   -1.0012960374e-07   -6.3584790892e-08    2.6755057999e-08   -5.6909686800e-07    2.6229875249e-08   -9.6303477155e-09   -5.2053464902e-09   -1.3026602716e-09
  26.8000000   -9.1871317636e-08   -6.6682892536e-08    2.6021731414e-08   -5.6994673919e-07    2.8394904060e-08   -9.3993380560e-09   -5.2290776247e-09   -1.5165544266e-09
  26.8100000   -8.3039121802e-08   -6.7027177505e-08    2.4562037472e-08   -5.7120171987e-07    3.0736482314e-08   -8.9208265899e-09   -5.2529036822e-09   -1.7331155933e-09
  26.8200000   -7.3707109221e-08   -6.4670381502e-08    2.2362254754e-08   -5.7284034059e-07    3.3212609865e-08   -8.1957850840e-09   -5.2768842478e-09   -1.9520744818e-09
  26.8300000   -6.3933454054e-08   -5.9774175373e-08    1.9424262516e-08   -5.7483727055e-07    3.5778870908e-08   -7.2307205403e-09   -5.3010880843e-09   -2.1731514374e-09
  26.8400000   -5.3761787838e-08   -5.2598384830e-08    1.5765788428e-08   -5.7716373830e-07    3.8389301372e-08   -6.0376673085e-09   -5.3255662613e-09   -2.3960641401e-09
  26.8500000   -4.3223162442e-08   -4.3486487313e-08    1.1420461619e-08   -5.7978794408e-07    4.0997189798e-08   -4.6340490238e-09   -5.3503693213e-09   -2.6205235642e-09
  26.8600000   -3.2338965011e-08   -3.2848173890e-08    6.4373857968e-09   -5.8267557215e-07    4.3555997199e-08   -3.0424260077e-09   -5.3755333899e-09   -2.8462371402e-09
  26.8700000   -2.1124317876e-08   -2.1140025069e-08    8.8055494842e-10   -5.8579021039e-07    4.6020168305e-08   -1.2901208152e-09   -5.4010837530e-09   -3.0729179487e-09
  26.8800000   -9.5918915206e-09   -8.8450854263e-09   -5.1721375790e-09   -5.8909386493e-07    4.8345999129e-08    5.9129799006e-10   -5.4270479693e-09   -3.3002822541e-09
  26.8900000    2.2441175047e-09    3.5477143537e-09   -1.1630148589e-08   -5.9254743074e-07    5.0492414776e-08    2.5665817669e-09   -5.4534354922e-09   -3.5280500491e-09
  26.9000000    1.4363916703e-08    1.5563419188e-08   -1.8391780029e-08   -5.9611117229e-07    5.2421739211e-08    4.5975158110e-09   -5.4802421187e-09   -3.7559548383e-09
  26.9100000    2.6738400736e-08    2.6759243530e-08   -2.5345937625e-08   -5.9974518169e-07    5.4100355470e-08    6.6436903941e-09   -5.5074624718e-09   -3.9837481133e-09
  26.9200000    3.9325670595e-08    3.6740740454e-08   -3.2374089478e-08   -6.0340988069e-07    5.5499332145e-08    8.6633230805e-09   -5.5350590295e-09   -4.2111775802e-09
  26.9300000    5.2068147616e-08    4.5175091744e-08   -3.9352391379e-08   -6.0706638960e-07    5.6594893324e-08    1.0614153391e-08   -5.5630091079e-09   -4.4380262763e-09
  26.9400000    6.4890572883e-08    5.1801252683e-08   -4.6153985599e-08   -6.1067700487e-07    5.7368889977e-08    1.2454332325e-08   -5.5912549055e-09   -4.6640922516e-09
  26.9500000    7.7698612413e-08    5.6436755479e-08   -5.2651316858e-08   -6.1420557878e-07    5.7809067843e-08    1.4143353704e-08   -5.6197446814e-09   -4.8891836199e-09
  26.9600000    9.0378599118e-08    5.8981027340e-08   -5.8718566798e-08   -6.1761788851e-07    5.7909261361e-08    1.5642951938e-08   -5.6483994025e-09   -5.1131448386e-09
  26.9700000    1.0279819572e-07    5.9415348408e-08   -6.4234066991e-08   -6.2088197004e-07    5.7669503183e-08    1.6917977170e-08   -5.6771398752e-09   -5.3358363484e-09
  26.9800000    1.1480799846e-07    5.7799536790e-08   -6.9082666346e-08   -6.2396846743e-07    5.7095959207e-08    1.7937192605e-08   -5.7058673647e-09   -5.5571452795e-09
  26.9900000    1.2624416125e-07    5.4265877473e-08   -7.3157995223e-08   -6.2685086257e-07    5.6200785312e-08    1.8674044130e-08   -5.7344848930e-09   -5.7769837352e-09
  27.0000000    1.3693188153e-07    4.9010531666e-08   -7.6364645300e-08   -6.2950577478e-07    5.5001879518e-08    1.9107303054e-08   -5.7628678829e-09   -5.9952944041e-09
  27.0100000    1.4668962618e-07    4.2283025520e-08   -7.8620127977e-08   -6.3191311547e-07    5.3522487654e-08    1.9221614723e-08   -5.7909000699e-09   -6.2120415799e-09
  27.0200000    1.5533401133e-07    3.4374251951e-08   -7.9856648949e-08   -6.3405631879e-07    5.1790782152e-08    1.9007932437e-08   -5.8184459963e-09   -6.4272185418e-09
  27.0300000    1.6268505079e-07    2.5603617604e-08   -8.0022641360e-08   -6.3592242848e-07    4.9839266670e-08    1.8463837968e-08   -5.8453640273e-09   -6.6408425356e-09
  27.0400000    1.6857173093e-07    1.6305817239e-08   -7.9083979339e-08   -6.3750223839e-07    4.7704168269e-08    1.7593671409e-08   -5.8715191026e-09   -6.8529611621e-09
  27.0500000    1.7283749366e-07    6.8178233001e-09   -7.7024958408e-08   -6.3879031392e-07    4.5424728051e-08    1.6408586757e-08   -5.8967592049e-09   -7.0636440587e-09
  27.0600000    1.7534567781e-07   -2.5335691800e-09   -7.3848896878e-08   -6.3978505469e-07    4.3042451254e-08    1.4926390654e-08   -5.9209325020e-09   -7.2729867876e-09
  27.0700000    1.7598442801e-07   -1.1443030347e-08   -6.9578404310e-08   -6.4048864047e-07    4.0600325242e-08    1.3171301153e-08   -5.9438860081e-09   -7.4811060374e-09
  27.0800000    1.7467113079e-07   -1.9636674109e-08   -6.4255333667e-08   -6.4090697991e-07    3.8142025308e-08    1.1173522767e-08   -5.9654640514e-09   -7.6881367811e-09
  27.0900000    1.7135601696e-07   -2.6880313961e-08   -5.7940375420e-08   -6.4104963226e-07    3.5711078719e-08    8.9686706647e-09   -5.9855269588e-09   -7.8942385703e-09
  27.1000000    1.6602490953e-07   -3.2985818659e-08   -5.0712283303e-08   -6.4092963802e-07    3.3350054766e-08    6.5971438604e-09   -6.0039202287e-09   -8.0995792443e-09
  27.1100000    1.5870101579e-07   -3.7815543287e-08   -4.2666796746e-08   -6.4056338946e-07    3.1099805707e-08    4.1032851354e-09   -6.0204994596e-09   -8.3043496444e-09
  27.1200000    1.4944548785e-07   -4.1284638488e-08   -3.3915232472e-08   -6.3997036848e-07    2.8998691786e-08    1.5345503822e-09   -6.0351344442e-09   -8.5087410610e-09
  27.1300000    1.3835711154e-07   -4.3361500434e-08   -2.4582759096e-08   -6.3917295160e-07    2.7081919449e-08   -1.0594992821e-09   -6.0476927397e-09   -8.7129647817e-09
  27.1400000    1.2557064797e-07   -4.4066164806e-08   -1.4806470958e-08   -6.3819609827e-07    2.5380880365e-08   -3.6281913629e-09   -6.0580584786e-09   -8.9172300756e-09
  27.1500000    1.1125437143e-07   -4.3467044277e-08   -4.7331618740e-09   -6.3706704687e-07    2.3922637841e-08   -6.1208020804e-09   -6.0661159870e-09   -9.1217494588e-09
  27.1600000    9.5606490218e-08   -4.1676135509e-08    5.4830848291e-09   -6.3581498755e-07    2.2729434023e-08   -8.4876332505e-09   -6.0717845764e-09   -9.3267419308e-09
  27.1700000    7.8850761842e-08   -3.8842808646e-08    1.5683421558e-08   -6.3447067900e-07    2.1818317085e-08   -1.0681081837e-08   -6.0749733845e-09   -9.5324128802e-09
  27.1800000    6.1231465288e-08   -3.5146689354e-08    2.5706922318e-08   -6.3306608869e-07    2.1200903032e-08   -1.2656655022e-08   -6.0756185249e-09   -9.7389644715e-09
  27.1900000    4.3007831917e-08   -3.0789721780e-08    3.5393323228e-08   -6.3163395143e-07    2.0883177345e-08   -1.4373961340e-08   -6.0736681038e-09   -9.9465950870e-09
  27.2000000    2.4448069085e-08   -2.5987765887e-08    4.4585750382e-08   -6.3020738610e-07    2.0865463725e-08   -1.5797611661e-08   -6.0690884126e-09   -1.0155486880e-08
  27.2100000    5.8232744707e-09   -2.0962049819e-08    5.3133445072e-08   -6.2881944306e-07    2.1142452112e-08   -1.6898013830e-08   -6.0618619330e-09   -1.0365804873e-08
  27.2200000   -1.2598587330e-08   -1.5930796812e-08    6.0894427883e-08   -6.2750267603e-07    2.1703382294e-08   -1.7652055098e-08   -6.0519886156e-09   -1.0577698280e-08
  27.2300000   -3.0558608230e-08   -1.1101192670e-08    6.7737974078e-08   -6.2628870066e-07    2.2532285563e-08   -1.8043690583e-08   -6.0394894365e-09   -1.0791303176e-08
  27.2400000   -4.7812338313e-08   -6.6620931930e-09    7.3546994569e-08   -6.2520777864e-07    2.3608337579e-08   -1.8064323100e-08   -6.0243946608e-09   -1.1006726648e-08
  27.2500000   -6.4134783256e-08   -2.7775360739e-09    7.8220159724e-08   -6.2428837650e-07    2.4906313453e-08   -1.7713079602e-08   -6.0067693875e-09   -1.1224047603e-08
  27.2600000   -7.9324663662e-08    4.1852577892e-10    8.1673782405e-08   -6.2355678630e-07    2.6397108929e-08   -1.6996871860e-08   -5.9866848111e-09   -1.1443331905e-08
  27.2700000   -9.3207880063e-08    2.8263458166e-09    8.3843404735e-08   -6.2303673596e-07    2.8048335552e-08   -1.5930362482e-08   -5.9642293179e-09   -1.1664608946e-08
  27.2800000   -1.0564027785e-07    4.3831000720e-09    8.4685106527e-08   -6.2274901202e-07    2.9824972282e-08   -1.4535695440e-08   -5.9395173670e-09   -1.1887889143e-08
  27.2900000   -1.1650937495e-07    5.0642383268e-09    8.4176438644e-08   -6.2271120100e-07    3.1690045204e-08   -1.2842087244e-08   -5.9126701477e-09   -1.2113148209e-08
  27.3000000   -1.2573517561e-07    4.8832617877e-09    8.2317010014e-08   -6.2293735335e-07    3.3605365610e-08   -1.0885285672e-08   -5.8838307150e-09   -1.2340340032e-08
  27.3100000   -1.3327025951e-07    3.8902644062e-09    7.9128700768e-08   -6.2343774052e-07    3.5532279442e-08   -8.7068284951e-09   -5.8531546926e-09   -1.2569386380e-08
  27.3200000   -1.3909871298e-07    2.1689748799e-09    7.4655527688e-08   -6.2421871431e-07    3.7432381080e-08   -6.3532152885e-09   -5.8208115902e-09   -1.2800180556e-08
  27.3300000   -1.4323457170e-07   -1.6727716072e-10    6.8963091466e-08   -6.2528250873e-07    3.9268269000e-08   -3.8749448966e-09   -5.7869789601e-09   -1.3032597143e-08
  27.3400000   -1.4571927307e-07   -2.9807815010e-09    6.2137696608e-08   -6.2662721414e-07    4.1004244238e-08   -1.3254739167e-09   -5.7518518139e-09   -1.3266475613e-08
  27.3500000   -1.4661867805e-07   -6.1153563951e-09    5.4285071784e-08   -6.2824669966e-07    4.2606980343e-08    1.2399453989e-09   -5.7156284781e-09   -1.3501648580e-08
  27.3600000   -1.4601947819e-07   -9.4029705458e-09    4.5528803449e-08   -6.3013067103e-07    4.4046120641e-08    3.7654286104e-09   -5.6785166190e-09   -1.3737911686e-08
  27.3700000   -1.4402524061e-07   -1.2670710228e-08    3.6008404353e-08   -6.3226476467e-07    4.5294831421e-08    6.1956564903e-09   -5.6407303285e-09   -1.3975042278e-08
  27.3800000   -1.4075233852e-07   -1.5747815101e-08    2.5877180532e-08   -6.3463068093e-07    4.6330289393e-08    8.4771069537e-09   -5.6024823278e-09   -1.4212811253e-08
  27.3900000   -1.3632561721e-07   -1.8472480978e-08    1.5299743978e-08   -6.3720642164e-07    4.7134065925e-08    1.0559233076e-08   -5.5639893037e-09   -1.4450970786e-08
  27.4000000   -1.3087415700e-07   -2.0698413341e-08    4.4494245314e-09   -6.3996654023e-07    4.7692440313e-08    1.2395565302e-08   -5.5254773439e-09   -1.4689260226e-08
  27.4100000   -1.2452730050e-07   -2.2300441774e-08   -6.4945504159e-09   -6.4288246114e-07    4.7996578745e-08    1.3944796045e-08   -5.4871474393e-09   -1.4927412719e-08
  27.4200000   -1.1741086382e-07   -2.3179445672e-08   -1.7349961018e-08   -6.4592289392e-07    4.8042699612e-08    1.5171704928e-08   -5.4492202545e-09   -1.5165153495e-08
  27.4300000   -1.0964386967e-07   -2.3266107056e-08   -2.7934576475e-08   -6.4905420447e-07    4.7832059608e-08    1.6048001107e-08   -5.4118966085e-09   -1.5402219099e-08
  27.4400000   -1.0133567438e-07   -2.2523467869e-08   -3.8069153377e-08   -6.5224092643e-07    4.7370856240e-08    1.6553004506e-08   -5.3753831268e-09   -1.5638331684e-08
  27.4500000   -9.2583869417e-08   -2.0948207495e-08   -4.7580415258e-08   -6.5544622235e-07    4.6670094502e-08    1.6674156258e-08   -5.3398566828e-09   -1.5873223184e-08
  27.4600000   -8.3472657113e-08   -1.8570659826e-08   -5.6303932231e-08   -6.5863244267e-07    4.5745269656e-08    1.6407397730e-08   -5.3055002906e-09   -1.6106639183e-08
  27.4700000   -7.4072092056e-08   -1.5453337858e-08   -6.4086889964e-08   -6.6176164725e-07    4.4616045768e-08    1.5757334764e-08   -5.2724822491e-09   -1.6338337235e-08
  27.4800000   -6.4437938154e-08   -1.1688444783e-08   -7.0790670247e-08   -6.6479619309e-07    4.3305820025e-08    1.4737212125e-08   -5.2409534824e-09   -1.6568084278e-08
  27.4900000   -5.4612230701e-08   -7.3941090204e-09   -7.6293244343e-08   -6.6769927909e-07    4.1841220187e-08    1.3368714901e-08   -5.2110577530e-09   -1.6795670855e-08
  27.5000000   -4.4624602184e-08   -2.7097998747e-09   -8.0491243498e-08   -6.7043552105e-07    4.0251536967e-08    1.1681596653e-08   -5.1829136479e-09   -1.7020899530e-08
  27.5100000   -3.4494145371e-08    2.2090648057e-09   -8.3301818578e-08   -6.7297148985e-07    3.8568162226e-08    9.7130656358e-09   -5.1566317170e-09   -1.7243604460e-08
  27.5200000   -2.4231817030e-08    7.1970630035e-09   -8.4664120776e-08   -6.7527624145e-07    3.6823904219e-08    7.5071007569e-09   -5.1323071217e-09   -1.7463638269e-08
  27.5300000   -1.3843299588e-08    1.2084904654e-08   -8.4540432068e-08   -6.7732181547e-07    3.5052371954e-08    5.1135105059e-09   -5.1100178215e-09   -1.7680880551e-08
  27.5400000   -3.3321771565e-09    1.6705687752e-08   -8.2916954226e-08   -6.7908367630e-07    3.3287287807e-08    2.5869232812e-09   -5.0898119873e-09   -1.7895237955e-08
  27.5500000    7.2967866352e-09    2.0900824477e-08   -7.9804202896e-08   -6.8054113510e-07    3.1561849364e-08   -1.4374859053e-11   -5.0717343574e-09   -1.8106649093e-08
  27.5600000    1.8034164385e-08    2.4525708324e-08   -7.5236995163e-08   -6.8167770513e-07    2.9908068378e-08   -2.6296749409e-09   -5.0558073063e-09   -1.8315083636e-08
  27.5700000    2.8862742853e-08    2.7454591030e-08   -6.9274052765e-08   -6.8248139755e-07    2.8356195363e-08   -5.1971691247e-09   -5.0420381818e-09   -1.8520528874e-08
  27.5800000    3.9754453551e-08    2.9584727088e-08   -6.1997221662e-08   -6.8294491815e-07    2.6934113537e-08   -7.6552853803e-09   -5.0304273332e-09   -1.8723012919e-08
  27.5900000    5.0667783009e-08    3.0839611301e-08   -5.3510313724e-08   -6.8306586259e-07    2.5666870539e-08   -9.9440609851e-09   -5.0209499880e-09   -1.8922590632e-08
  27.6000000    6.1545784927e-08    3.1171182407e-08   -4.3937572622e-08   -6.8284679138e-07    2.4576193106e-08   -1.2006477435e-08   -5.0135678283e-09   -1.9119333236e-08
  27.6100000    7.2314590160e-08    3.0560948448e-08   -3.3421839314e-08   -6.8229521192e-07    2.3680141585e-08   -1.3789770708e-08   -5.0082240400e-09   -1.9313352124e-08
  27.6200000    8.2882948166e-08    2.9020142512e-08   -2.2122346094e-08   -6.8142353177e-07    2.2992791930e-08   -1.5246621253e-08   -5.0048616570e-09   -1.9504776514e-08
  27.6300000    9.3142213876e-08    2.6588785263e-08   -1.0212315253e-08   -6.8024889153e-07    2.2524035845e-08   -1.6336307373e-08   -5.0034075791e-09   -1.9693763228e-08
  27.6400000    1.0296746666e-07    2.3333901356e-08    2.1237379857e-09   -6.7879294658e-07    2.2279430133e-08   -1.7025663264e-08   -5.0037748481e-09   -1.9880484040e-08
  27.6500000    1.1221940725e-07    1.9346846169e-08    1.4692877336e-08   -6.7708156056e-07    2.2260201259e-08   -1.7289913051e-08   -5.0058694393e-09   -2.0065120433e-08
  27.6600000    1.2074697260e-07    1.4739975918e-08    2.7296754702e-08   -6.7514443932e-07    2.2463241959e-08   -1.7113356336e-08   -5.0096014086e-09   -2.0247886162e-08
  27.6700000    1.2839090851e-07    9.6427765162e-09    3.9734735040e-08   -6.7301471105e-07    2.2881291886e-08   -1.6489817601e-08   -5.0148530899e-09   -2.0428993481e-08
  27.6800000    1.3498782903e-07    4.1976455036e-09    5.1807092756e-08   -6.7072839364e-07    2.3503138998e-08   -1.5422931988e-08   -5.0215223378e-09   -2.0608667414e-08
  27.6900000    1.4037493066e-07   -1.4446828593e-09    6.3318147153e-08   -6.6832390742e-07    2.4313902191e-08   -1.3926215147e-08   -5.0295003339e-09   -2.0787131824e-08
  27.7000000    1.4439500981e-07   -7.1296175932e-09    7.4079413765e-08   -6.6584144400e-07    2.5295429343e-08   -1.2022905587e-08   -5.0386707729e-09   -2.0964622924e-08
  27.7100000    1.4690177064e-07   -1.2703280740e-08    8.3912613336e-08   -6.6332236792e-07    2.6426681099e-08   -9.7456206782e-09   -5.0489089095e-09   -2.1141368387e-08
  27.7200000    1.4776511325e-07   -1.8016794077e-08    9.2652577896e-08   -6.6080857156e-07    2.7684265906e-08   -7.1357677471e-09   -5.0601147734e-09   -2.1317586395e-08
  27.7300000    1.4687620296e-07   -2.2930325411e-08    1.0014992070e-07   -6.5834183525e-07    2.9042920634e-08   -4.2428108192e-09   -5.0721650761e-09   -2.1493488810e-08
  27.7400000    1.4415236857e-07   -2.7316734265e-08    1.0627347397e-07   -6.5596315286e-07    3.0476079287e-08   -1.1232956245e-09   -5.0849518185e-09   -2.1669280240e-08
  27.7500000    1.3954113629e-07   -3.1064743705e-08    1.1091249066e-07   -6.5371207478e-07    3.1956456331e-08    2.1602435996e-09   -5.0983746861e-09   -2.1845144644e-08
  27.7600000    1.3302386541e-07   -3.4081650770e-08    1.1397847764e-07   -6.5162612153e-07    3.3456594544e-08    5.5405296549e-09   -5.1123261612e-09   -2.2021246755e-08
  27.7700000    1.2461826113e-07   -3.6295471183e-08    1.1540675640e-07   -6.4974014739e-07    3.4949471744e-08    8.9469437493e-09   -5.1267139276e-09   -2.2197729234e-08
  27.7800000    1.1438006457e-07   -3.7656458653e-08    1.1515758511e-07   -6.4808578527e-07    3.6409035738e-08    1.2306958537e-08   -5.1414503649e-09   -2.2374721424e-08
  27.7900000    1.0240357431e-07   -3.8138193727e-08    1.1321693716e-07   -6.4669096748e-07    3.7810733294e-08    1.5547684099e-08   -5.1564363341e-09   -2.2552313072e-08
  27.8000000    8.8821006564e-08   -3.7737930394e-08    1.0959688088e-07   -6.4557945099e-07    3.9132014770e-08    1.8597389191e-08   -5.1716183328e-09   -2.2730574342e-08
  27.8100000    7.3800839152e-08   -3.6476490589e-08    1.0433553928e-07   -6.4477043365e-07    4.0352734651e-08    2.1387085177e-08   -5.1869162874e-09   -2.2909547775e-08
  27.8200000    5.7544951483e-08   -3.4397561473e-08    9.7496632908e-08   -6.4427827911e-07    4.1455558864e-08    2.3852009632e-08   -5.2022678502e-09   -2.3089247225e-08
  27.8300000    4.0284736132e-08   -3.1566398416e-08    8.9168655769e-08   -6.4411223587e-07    4.2426270872e-08    2.5933067919e-08   -5.2176184937e-09   -2.3269654064e-08
  27.8400000    2.2276388700e-08   -2.8068069488e-08    7.9463624900e-08   -6.4427633543e-07    4.3253984817e-08    2.7578195204e-08   -5.2329200019e-09   -2.3450722809e-08
  27.8500000    3.7952658040e-09   -2.4005174872e-08    6.8515479519e-08   -6.4476932700e-07    4.3931345153e-08    2.8743549381e-08   -5.2481292647e-09   -2.3632380918e-08
  27.8600000   -1.4870189599e-08   -1.9495114340e-08    5.6478111309e-08   -6.4558469009e-07    4.4454573280e-08    2.9394548241e-08   -5.2632044194e-09   -2.3814522613e-08
  27.8700000   -3.3425082470e-08   -1.4666967813e-08    4.3523105768e-08   -6.4671074352e-07    4.4823495432e-08    2.9506764760e-08   -5.2781183940e-09   -2.3997017733e-08
  27.8800000   -5.1574827237e-08   -9.6579326595e-09    2.9837167305e-08   -6.4813090448e-07    4.5041441874e-08    2.9066611707e-08   -5.2928376063e-09   -2.4179713185e-08
  27.8900000   -6.9031899013e-08   -4.6095751957e-09    1.5619317902e-08   -6.4982393753e-07    4.5115095940e-08    2.8071733231e-08   -5.3073495979e-09   -2.4362428322e-08
  27.9000000   -8.5522380660e-08    3.3616735439e-10    1.0778717569e-09   -6.5176432314e-07    4.5054267499e-08    2.6531290180e-08   -5.3216354412e-09   -2.4544959635e-08
  27.9100000   -1.0079204499e-07    5.0411387731e-09   -1.3572694382e-08   -6.5392271557e-07    4.4871585280e-08    2.4465909686e-08   -5.3356850649e-09   -2.4727092165e-08
  27.9200000   -1.1461198100e-07    9.3750051036e-09   -2.8115082945e-08   -6.5626643985e-07    4.4582146369e-08    2.1907439679e-08   -5.3494824390e-09   -2.4908592691e-08
  27.9300000   -1.2678323626e-07    1.3219296280e-08   -4.2332451425e-08   -6.5876010004e-07    4.4203083294e-08    1.8898453644e-08   -5.3629989948e-09   -2.5089217782e-08
  27.9400000   -1.3714069312e-07    1.6471088022e-08   -5.6011773986e-08   -6.6136614516e-07    4.3753133404e-08    1.5491530131e-08   -5.3762206808e-09   -2.5268716436e-08
  27.9500000   -1.4555600837e-07    1.9046332521e-08   -6.8947155676e-08   -6.6404555660e-07    4.3252131635e-08    1.1748312052e-08   -5.3891406517e-09   -2.5446826092e-08
  27.9600000   -1.5193937100e-07    2.0882703962e-08   -8.0943018303e-08   -6.6675851376e-07    4.2720504840e-08    7.7383725259e-09   -5.4017543733e-09   -2.5623290573e-08
  27.9700000   -1.5624028572e-07    2.1941705796e-08   -9.1817138247e-08   -6.6946512537e-07    4.2178756489e-08    3.5379073100e-09   -5.4140518723e-09   -2.5797856775e-08
  27.9800000   -1.5844725690e-07    2.2210102397e-08   -1.0140353976e-07   -6.7212610037e-07    4.1646935452e-08   -7.7176085816e-10   -5.4260252358e-09   -2.5970267425e-08
  27.9900000   -1.5858649136e-07    2.1700482804e-08   -1.0955509027e-07   -6.7470345569e-07    4.1144161791e-08   -5.1057417433e-09   -5.4376746449e-09   -2.6140290250e-08
  28.0000000   -1.5671962943e-07    2.0450886454e-08   -1.1614584271e-07   -6.7716118793e-07    4.0688098006e-08   -9.3772761387e-09   -5.4489793544e-09   -2.6307698919e-08
  28.0100000   -1.5294076827e-07    1.8523507251e-08   -1.2107303219e-07   -6.7946593028e-07    4.0294564123e-08   -1.3499481875e-08   -5.4599189620e-09   -2.6472279888e-08
  28.0200000   -1.4737264394e-07    1.6002470734e-08   -1.2425878537e-07   -6.8158751053e-07    3.9977099478e-08   -1.7387107810e-08   -5.4704794661e-09   -2.6633842073e-08
  28.0300000   -1.4016244180e-07    1.2990741238e-08   -1.2565137070e-07   -6.8349954152e-07    3.9746633420e-08   -2.0958303122e-08   -5.4806336505e-09   -2.6792224947e-08
  28.0400000   -1.3147708738e-07    9.6062625816e-09   -1.2522611314e-07   -6.8517986885e-07    3.9611225588e-08   -2.4136286082e-08   -5.4903636344e-09   -2.6947281757e-08
  28.0500000   -1.2149840018e-07    5.9774353096e-09   -1.2298584004e-07   -6.8661098026e-07    3.9575839148e-08   -2.6851007586e-08   -5.4996483278e-09   -2.7098896290e-08
  28.0600000   -1.1041824455e-07    2.2380194941e-09   -1.1896095234e-07   -6.8778032663e-07    3.9642224471e-08   -2.9040599608e-08   -5.5084635549e-09   -2.7246979705e-08
  28.0700000   -9.8433694665e-08   -1.4780166101e-09   -1.1320902480e-07   -6.8868055652e-07    3.9808847679e-08   -3.0652757994e-08   -5.5167923101e-09   -2.7391484993e-08
  28.0800000   -8.5742459811e-08   -5.0420158732e-09   -1.0581401018e-07   -6.8930967098e-07    4.0070933253e-08   -3.1645906036e-08   -5.5246080013e-09   -2.7532380106e-08
  28.0900000   -7.2538712705e-08   -8.3357714483e-09   -9.6885018903e-08   -6.8967104612e-07    4.0420558573e-08   -3.1990124025e-08   -5.5318854049e-09   -2.7669672676e-08
  28.1000000   -5.9009402009e-08   -1.1256346259e-08   -8.6554751160e-08   -6.8977342269e-07    4.0846862990e-08   -3.1667930347e-08   -5.5386083230e-09   -2.7803402783e-08
  28.1100000   -4.5331154874e-08   -1.3720248223e-08   -7.4977445879e-08   -6.8963069925e-07    4.1336264977e-08   -3.0674755264e-08   -5.5447492864e-09   -2.7933636057e-08
  28.1200000   -3.1667702328e-08   -1.5666938525e-08   -6.2326628575e-08   -6.8926175895e-07    4.1872840053e-08   -2.9019162954e-08   -5.5502939006e-09   -2.8060473124e-08
  28.1300000   -1.8168016081e-08   -1.7061094694e-08   -4.8792440555e-08   -6.8869007375e-07    4.2438659051e-08   -2.6722834470e-08   -5.5552267502e-09   -2.8184044447e-08
  28.1400000   -4.9652073171e-09   -1.7894044721e-08   -3.4578775169e-08   -6.8794333576e-07    4.3014275407e-08   -2.3820295145e-08   -5.5595287409e-09   -2.8304496736e-08
  28.1500000    7.8240857903e-09   -1.8183811569e-08   -1.9900141179e-08   -6.8705292306e-07    4.3579182760e-08   -2.0358335626e-08   -5.5631998515e-09   -2.8422020827e-08
  28.1600000    2.0099605137e-08   -1.7974041879e-08   -4.9783831418e-09   -6.8605335079e-07    4.4112340667e-08   -1.6395237378e-08   -5.5662362959e-09   -2.8536807577e-08
  28.1700000    3.1776812966e-08   -1.7331788008e-08    9.9607199662e-09   -6.8498163976e-07    4.4592721085e-08   -1.1999703962e-08   -5.5686393161e-09   -2.8649077779e-08
  28.1800000    4.2785771201e-08   -1.6344125558e-08    2.4690956604e-08   -6.8387661032e-07    4.4999869494e-08   -7.2496463727e-09   -5.5704188952e-09   -2.8759068541e-08
  28.1900000    5.3069626181e-08   -1.5113947821e-08    3.8989167722e-08   -6.8277819600e-07    4.5314412759e-08   -2.2307031342e-09   -5.5715889156e-09   -2.8867022008e-08
  28.2000000    6.2582793167e-08   -1.3754831523e-08    5.2638694202e-08   -6.8172668054e-07    4.5518651522e-08    2.9653817183e-09   -5.5721667520e-09   -2.8973196458e-08
  28.2100000    7.1288836773e-08   -1.2385613790e-08    6.5432771192e-08   -6.8076193093e-07    4.5596999988e-08    8.2424772820e-09   -5.5721875282e-09   -2.9077848312e-08
  28.2200000    7.9158499666e-08   -1.1124469900e-08    7.7177729628e-08   -6.7992266227e-07    4.5536506380e-08    1.3501933078e-08   -5.5716851154e-09   -2.9181233152e-08
  28.2300000    8.6167514526e-08   -1.0083226543e-08    8.7696001571e-08   -6.7924565881e-07    4.5327234873e-08    1.8644491469e-08   -5.5706995759e-09   -2.9283614999e-08
  28.2400000    9.2294648529e-08   -9.3617278461e-09    9.6828916020e-08   -6.7876508469e-07    4.4962621431e-08    2.3572220544e-08   -5.5692882196e-09   -2.9385238688e-08
  28.2500000    9.7519963875e-08   -9.0429074690e-09    1.0443918295e-07   -6.7851178460e-07    4.4439771546e-08    2.8190452258e-08   -5.5675047144e-09   -2.9486338291e-08
  28.2600000    1.0182343050e-07   -9.1885130687e-09    1.1041302551e-07   -6.7851267902e-07    4.3759660471e-08    3.2409639537e-08   -5.5654225703e-09   -2.9587141053e-08
  28.2700000    1.0518378544e-07   -9.8358831903e-09    1.1466198455e-07   -6.7879019072e-07    4.2927240350e-08    3.6147144956e-08   -5.5631025073e-09   -2.9687854234e-08
  28.2800000    1.0757793979e-07   -1.0995796956e-08    1.1712430895e-07   -6.7936176279e-07    4.1951505800e-08    3.9328895846e-08   -5.5606304678e-09   -2.9788658750e-08
  28.2900000    1.0898082494e-07   -1.2651565137e-08    1.1776593141e-07   -6.8023945061e-07    4.0845427028e-08    4.1890901495e-08   -5.5580838971e-09   -2.9889716152e-08
  28.3000000    1.0936576507e-07   -1.4759360123e-08    1.1658100587e-07   -6.8142962659e-07    3.9625795102e-08    4.3780525722e-08   -5.5555551929e-09   -2.9991158864e-08
  28.3100000    1.0870529985e-07   -1.7249807437e-08    1.1359199740e-07   -6.8293277194e-07    3.8313027826e-08    4.4957615101e-08   -5.5531305104e-09   -3.0093095444e-08
  28.3200000    1.0697244457e-07   -2.0030741510e-08    1.0884934054e-07   -6.8474336568e-07    3.6930788350e-08    4.5395318105e-08   -5.5509159865e-09   -3.0195596587e-08
  28.3300000    1.0414245782e-07   -2.2991027723e-08    1.5776176892e-07   -6.8720676327e-07    5.0996202279e-08    3.5972093534e-08   -5.5318437018e-09   -3.0125729204e-08
  28.3400000    1.0019482627e-07   -2.6005128351e-08    1.5004637312e-07   -6.8966292958e-07    4.8776686305e-08    3.5690793599e-08   -5.5315661137e-09   -3.0217870973e-08
  28.3500000    9.5115695196e-08   -2.8938460425e-08    1.4007077226e-07   -6.9237235146e-07    4.6529620754e-08    3.4490031094e-08   -5.5318652339e-09   -3.0311378257e-08
  28.3600000    8.8900321413e-08   -3.1653067932e-08    1.2800542407e-07   -6.9530584682e-07    4.4290898059e-08    3.2401121930e-08   -5.5328191144e-09   -3.0406129647e-08
  28.3700000    8.1555616416e-08   -3.4013419693e-08    1.1405057391e-07   -6.9842927956e-07    4.2098710632e-08    2.9470356327e-08   -5.5345043692e-09   -3.0501996740e-08
  28.3800000    7.3102669755e-08   -3.5892179577e-08    9.8435034646e-08   -7.0170421545e-07    3.9993319961e-08    2.5757548407e-08   -5.5369975232e-09   -3.0598828088e-08
  28.3900000    6.3578972933e-08   -3.7175506559e-08    8.1411970193e-08   -7.0508848841e-07    3.8016256312e-08    2.1334937340e-08   -5.5403716097e-09   -3.0696465216e-08
  28.4000000    5.3040568700e-08   -3.7767880242e-08    6.3254363816e-08   -7.0853687222e-07    3.6209450857e-08    1.6285948392e-08   -5.5446941077e-09   -3.0794744430e-08
  28.4100000    4.1563451711e-08   -3.7596084166e-08    4.4250149170e-08   -7.1200184323e-07    3.4614322780e-08    1.0703700402e-08   -5.5500274354e-09   -3.0893488246e-08
  28.4200000    2.9244653808e-08   -3.6612241790e-08    2.4697213883e-08   -7.1543435733e-07    3.3270885633e-08    4.6893296073e-09   -5.5564345751e-09   -3.0992516727e-08
  28.4300000    1.6202650808e-08   -3.4795884137e-08    4.8982284696e-09   -7.1878468979e-07    3.2216832583e-08   -1.6497749371e-09   -5.5639634516e-09   -3.1091646116e-08
  28.4400000    2.5770757887e-09   -3.2154839089e-08   -1.4844446478e-08   -7.2200324304e-07    3.1486649165e-08   -8.2018979428e-09   -5.5726696666e-09   -3.1190688638e-08
  28.4500000   -1.1472348381e-08   -2.8725188184e-08   -3.4233860746e-08   -7.2504144675e-07    3.1110800282e-08   -1.4852940395e-08   -5.5825871483e-09   -3.1289461124e-08
  28.4600000   -2.5767547885e-08   -2.4569922630e-08   -5.2983324957e-08   -7.2785258708e-07    3.1114938397e-08   -2.1488473438e-08   -5.5937524986e-09   -3.1387772374e-08
  28.4700000   -4.0114647907e-08   -1.9776867688e-08   -7.0821107231e-08   -7.3039263629e-07    3.1519198470e-08   -2.7995703817e-08   -5.6061897657e-09   -3.1485441943e-08
  28.4800000   -5.4307218585e-08   -1.4455580142e-08   -8.7494710590e-08   -7.3262106055e-07    3.2337631045e-08   -3.4265486790e-08   -5.6199181734e-09   -3.1582282750e-08
  28.4900000   -6.8130094179e-08   -8.7337091567e-09   -1.0277482372e-07   -7.3450152757e-07    3.3577703601e-08   -4.0194206062e-08   -5.6349494426e-09   -3.1678123995e-08
  28.5000000   -8.1363802508e-08   -2.7526817301e-09   -1.1645875284e-07   -7.3600263235e-07    3.5239946992e-08   -4.5685549836e-08   -5.6512864182e-09   -3.1772793050e-08
  28.5100000   -9.3789308403e-08    3.3367525098e-09   -1.2837338575e-07   -7.3709847770e-07    3.7317724030e-08   -5.0652193392e-08   -5.6689289318e-09   -3.1866118362e-08
  28.5200000   -1.0519313120e-07    9.3793421208e-09   -1.3837759011e-07   -7.3776918630e-07    3.9797135287e-08   -5.5017247091e-08   -5.6878583685e-09   -3.1957943182e-08
  28.5300000   -1.1537241332e-07    1.5219976053e-08   -1.4636400051e-07   -7.3800134936e-07    4.2657081585e-08   -5.8715552134e-08   -5.7080533916e-09   -3.2048114433e-08
  28.5400000   -1.2414013539e-07    2.0708072776e-08   -1.5226021420e-07   -7.3778834762e-07    4.5869463273e-08   -6.1694724519e-08   -5.7294862590e-09   -3.2136486694e-08
  28.5500000   -1.3132985684e-07    2.5701863253e-08   -1.5602935515e-07   -7.3713052315e-07    4.9399510313e-08   -6.3915985761e-08   -5.7521177223e-09   -3.2222923982e-08
  28.5600000   -1.3680023131e-07    3.0071955334e-08   -1.5767001401e-07   -7.3603532738e-07    5.3206277181e-08   -6.5354723676e-08   -5.7759012191e-09   -3.2307295534e-08
  28.5700000   -1.4043892139e-07    3.3704476503e-08   -1.5721558165e-07   -7.3451726382e-07    5.7243234224e-08   -6.6000786372e-08   -5.8007888918e-09   -3.2389479690e-08
  28.5800000   -1.4216567090e-07    3.6503634337e-08   -1.5473298820e-07   -7.3259776330e-07    6.1459001450e-08   -6.5858539417e-08   -5.8267119247e-09   -3.2469363335e-08
  28.5900000   -1.4193485321e-07    3.8393582239e-08   -1.5032087164e-07   -7.3030492197e-07    6.5798179437e-08   -6.4946606869e-08   -5.8536066292e-09   -3.2546850181e-08
  28.6000000   -1.3973679073e-07    3.9319722569e-08   -1.4410725023e-07   -7.2767310389e-07    7.0202260559e-08   -6.3297420160e-08   -5.8813970050e-09   -3.2621843630e-08
  28.6100000   -1.3559833311e-07    3.9249241831e-08   -1.3624669369e-07   -7.2474252412e-07    7.4610645987e-08   -6.0956435439e-08   -5.9099990281e-09   -3.2694259142e-08
  28.6200000   -1.2958236658e-07    3.8171402397e-08   -1.2691714604e-07   -7.2155860778e-07    7.8961662516e-08   -5.7981213840e-08   -5.9393236637e-09   -3.2764023223e-08
  28.6300000   -1.2178632949e-07    3.6096956741e-08   -1.1631632914e-07   -7.1817134322e-07    8.3193666469e-08   -5.4440197330e-08   -5.9692792602e-09   -3.2831072234e-08
  28.6400000   -1.1233984129e-07    3.3057412466e-08   -1.0465788834e-07   -7.1463450554e-07    8.7246124034e-08   -5.0411367409e-08   -5.9997660528e-09   -3.2895346884e-08
  28.6500000   -1.0140145557e-07    2.9103730965e-08   -9.2167384466e-08   -7.1100486052e-07    9.1060702524e-08   -4.5980694010e-08   -6.0306783436e-09   -3.2956797956e-08
  28.6600000   -8.9154707208e-08    2.4304950956e-08   -7.9078075626e-08   -7.0734125454e-07    9.4582323248e-08   -4.1240486457e-08   -6.0619124623e-09   -3.3015388562e-08
  28.6700000   -7.5803464644e-08    1.8746268135e-08   -6.5626675377e-08   -7.0370369331e-07    9.7760154178e-08   -3.6287609850e-08   -6.0933552291e-09   -3.3071089243e-08
  28.6800000   -6.1566975363e-08    1.2527215757e-08   -5.2049169574e-08   -7.0015241062e-07    1.0054855253e-07   -3.1221669457e-08   -6.1248926670e-09   -3.3123876615e-08
  28.6900000   -4.6674477825e-08    5.7595387819e-09   -3.8576680534e-08   -6.9674688195e-07    1.0290789961e-07   -2.6143162777e-08   -6.1564148658e-09   -3.3173738606e-08
  28.7000000   -3.1359772897e-08   -1.4349325977e-09   -2.5431511240e-08   -6.9354486619e-07    1.0480533016e-07   -2.1151599025e-08   -6.1878019889e-09   -3.3220665749e-08
  28.7100000   -1.5855934323e-08   -8.9266699997e-09   -1.2823430199e-08   -6.9060148738e-07    1.0621536342e-07   -1.6343692886e-08   -6.2189419189e-09   -3.3264663467e-08
  28.7200000   -3.9015702131e-10   -1.6580613006e-08   -9.4624229291e-10   -6.8796829322e-07    1.0712035349e-07   -1.1811630849e-08   -6.2497149727e-09   -3.3305738720e-08
  28.7300000    1.4820973126e-08   -2.4258662344e-08    1.0025253233e-08   -6.8569247236e-07    1.0751085258e-07   -7.6414236421e-09   -6.2800152288e-09   -3.3343910027e-08
  28.7400000    2.9575630262e-08   -3.1822122415e-08    1.9937982942e-08   -6.8381600422e-07    1.0738577926e-07   -3.9113993108e-09   -6.3097300312e-09   -3.3379201390e-08
  28.7500000    4.3690244872e-08   -3.9134088773e-08    2.8662770446e-08   -6.8237498338e-07    1.0675243670e-07   -6.9086361082e-10   -6.3387472027e-09   -3.3411640568e-08
  28.7600000    5.7002302484e-08   -4.6061963672e-08    3.6096126492e-08   -6.8139903231e-07    1.0562640811e-07    1.9610519563e-09   -6.3669667075e-09   -3.3441264643e-08
  28.7700000    6.9372271775e-08   -5.2479989975e-08    4.2161491716e-08   -6.8091074579e-07    1.0403125793e-07    3.9963784116e-09   -6.3942876802e-09   -3.3468117029e-08
  28.7800000    8.0684818528e-08   -5.8271618419e-08    4.6810002727e-08   -6.8092534672e-07    1.0199811475e-07    5.3790045746e-09   -6.4206139119e-09   -3.3492247788e-08
  28.7900000    9.0849052330e-08   -6.3331954214e-08    5.0020686651e-08   -6.8145036801e-07    9.9565099643e-08    6.0852193145e-09   -6.4458612724e-09   -3.3513707506e-08
  28.8000000    9.9798073899e-08   -6.7569966381e-08    5.1800223641e-08   -6.8248553603e-07    9.6776614174e-08    6.1039820057e-09   -6.4699452816e-09   -3.3532553964e-08
  28.8100000    1.0748777303e-07   -7.0910539354e-08    5.2182157457e-08   -6.8402272492e-07    9.3682536399e-08    5.4369370294e-09   -6.4927950627e-09   -3.3548856713e-08
  28.8200000    1.1389501293e-07   -7.3296273209e-08    5.1225633018e-08   -6.8604606617e-07    9.0337302513e-08    4.0982427709e-09   -6.5143416340e-09   -3.3562678033e-08
  28.8300000    1.1901531867e-07   -7.4688986691e-08    4.9013733897e-08   -6.8853218494e-07    8.6798917259e-08    2.1141275633e-09   -6.5345299157e-09   -3.3574096136e-08
  28.8400000    1.2286010386e-07   -7.5070734610e-08    4.5651376896e-08   -6.9145054404e-07    8.3127870183e-08   -4.7773730047e-10   -6.5533101616e-09   -3.3583184633e-08
  28.8500000    1.2545370550e-07   -7.4444425977e-08    4.1262851092e-08   -6.9476393080e-07    7.9386061861e-08   -3.6290989280e-09   -6.5706422103e-09   -3.3590029440e-08
  28.8600000    1.2683031972e-07   -7.2833890170e-08    3.5989052312e-08   -6.9842903220e-07    7.5635655688e-08   -7.2821455685e-09   -6.5864961441e-09   -3.3594709827e-08
  28.8700000    1.2703095368e-07   -7.0283362662e-08    2.9984493843e-08   -7.0239711891e-07    7.1937958673e-08   -1.1370673593e-08   -6.6008534234e-09   -3.3597317601e-08
  28.8800000    1.2610056424e-07   -6.6856431916e-08    2.3414071320e-08   -7.0661481138e-07    6.8352329088e-08   -1.5821431821e-08   -6.6137022436e-09   -3.3597941268e-08
  28.8900000    1.2408543131e-07   -6.2634299774e-08    1.6449723958e-08   -7.1102495607e-07    6.4935105673e-08   -2.0555541601e-08   -6.6250455988e-09   -3.3596674628e-08
  28.9000000    1.2103103378e-07   -5.7713600239e-08    9.2670201856e-09   -7.1556751023e-07    6.1738617936e-08   -2.5489985743e-08   -6.6348852904e-09   -3.3593611323e-08
  28.9100000    1.1698039349e-07   -5.2203626433e-08    2.0417568343e-09   -7.2018049495e-07    5.8810275929e-08   -3.0539205110e-08   -6.6432479611e-09   -3.3588853502e-08
  28.9200000    1.1197288634e-07   -4.6223141675e-08   -5.0534289656e-09   -7.2480103478e-07    5.6191736585e-08   -3.5616648813e-08   -6.6501610223e-09   -3.3582496349e-08
  28.9300000    1.0604373608e-07   -3.9896895026e-08   -1.1852294448e-08   -7.2936629286e-07    5.3918242707e-08   -4.0636348349e-08   -6.6556654234e-09   -3.3574639735e-08
  28.9400000    9.9224066940e-08   -3.3351878644e-08   -1.8198057931e-08   -7.3381453660e-07    5.2018007928e-08   -4.5514455442e-08   -6.6598081468e-09   -3.3565394042e-08
  28.9500000    9.1541512549e-08   -2.6713586541e-08   -2.3946252521e-08   -7.3808606055e-07    5.0511816712e-08   -5.0170696342e-08   -6.6626504160e-09   -3.3554856236e-08
  28.9600000    8.3021352921e-08   -2.0102343723e-08   -2.8967311183e-08   -7.4212417829e-07    4.9412715688e-08   -5.4529742873e-08   -6.6642626000e-09   -3.3543128343e-08
  28.9700000    7.3688183614e-08   -1.3629821099e-08   -3.3148773364e-08   -7.4587610127e-07    4.8725877871e-08   -5.8522480390e-08   -6.6647083289e-09   -3.3530313917e-08
  28.9800000    6.3567817053e-08   -7.3960202131e-09   -3.6397216991e-08   -7.4929373710e-07    4.8448617605e-08   -6.2087101819e-08   -6.6640807819e-09   -3.3516518587e-08
  28.9900000    5.2689558978e-08   -1.4867542158e-09   -3.8639757906e-08   -7.5233445529e-07    4.8570552050e-08   -6.5170096020e-08   -6.6624666797e-09   -3.3501844155e-08
  29.0000000    4.1088599296e-08    4.0282939798e-09   -3.9825172417e-08   -7.5496174459e-07    4.9073896826e-08   -6.7727014197e-08   -6.6599645632e-09   -3.3486395112e-08
  29.0100000    2.8808312926e-08    9.0966917674e-09   -3.9924558269e-08   -7.5714575157e-07    4.9933935845e-08   -6.9723100266e-08   -6.6566771243e-09   -3.3470273749e-08
  29.0200000    1.5902610702e-08    1.3683721245e-08   -3.8931609487e-08   -7.5886367710e-07    5.1119563438e-08   -7.1133706809e-08   -6.6527142046e-09   -3.3453584244e-08
  29.0300000    2.4379351819e-09    1.7771881070e-08   -3.6862454428e-08   -7.6010013309e-07    5.2593984705e-08   -7.1944528626e-08   -6.6481850326e-09   -3.3436414083e-08
  29.0400000   -1.1505117474e-08    2.1359854146e-08   -3.3755054343e-08   -7.6084728963e-07    5.4315510378e-08   -7.2151630213e-08   -6.6432032148e-09   -3.3418867451e-08
  29.0500000   -2.5830636382e-08    2.4460490278e-08   -2.9668258705e-08   -7.6110495902e-07    5.6238432126e-08   -7.1761320461e-08   -6.6378946711e-09   -3.3401043511e-08
  29.0600000   -4.0426681012e-08    2.7098391170e-08   -2.4680417945e-08   -7.6088049020e-07    5.8313944526e-08   -7.0789812189e-08   -6.6323742782e-09   -3.3383028804e-08
  29.0700000   -5.5165381245e-08    2.9306899580e-08   -1.8887695394e-08   -7.6018859893e-07    6.0491152206e-08   -6.9262717261e-08   -6.6267656439e-09   -3.3364913597e-08
  29.0800000   -6.9903558325e-08    3.1124752321e-08   -1.2402066797e-08   -7.5905101494e-07    6.2718089725e-08   -6.7214400298e-08   -6.6211887749e-09   -3.3346787758e-08
  29.0900000   -8.4484080270e-08    3.2592641766e-08   -5.3490121802e-09   -7.5749605689e-07    6.4942734743e-08   -6.4687176659e-08   -6.6157660424e-09   -3.3328734595e-08
  29.1000000   -9.8737887844e-08    3.3749732891e-08    2.1349489775e-09   -7.5555808957e-07    6.7114014562e-08   -6.1730404526e-08   -6.6106151722e-09   -3.3310834489e-08
  29.1100000   -1.1248665105e-07    3.4630468423e-08    9.9049656137e-09   -7.5327687747e-07    6.9182809311e-08   -5.8399456057e-08   -6.6058544182e-09   -3.3293165431e-08
  29.1200000   -1.2554589540e-07    3.5261662902e-08    1.7810634223e-08   -7.5069683706e-07    7.1102870848e-08   -5.4754631095e-08   -6.6015955476e-09   -3.3275799559e-08
  29.1300000   -1.3772885254e-07    3.5660288773e-08    2.5698899791e-08   -7.4786625188e-07    7.2831679761e-08   -5.0859971570e-08   -6.5979544407e-09   -3.3258807255e-08
  29.1400000   -1.4885039293e-07    3.5831849792e-08    3.3416918335e-08   -7.4483640168e-07    7.4331224190e-08   -4.6782101838e-08   -6.5950255372e-09   -3.3242257051e-08
  29.1500000   -1.5873137940e-07    3.5769590991e-08    4.0814905759e-08   -7.4166067403e-07    7.5568679132e-08   -4.2589005658e-08   -6.5929138797e-09   -3.3226203975e-08
  29.1600000   -1.6720307144e-07    3.5454535770e-08    4.7748954783e-08   -7.3839363028e-07    7.6516994519e-08   -3.8348836917e-08   -6.5917125907e-09   -3.3210712455e-08
  29.1700000   -1.7411147631e-07    3.4856433847e-08    5.4083625880e-08   -7.3509008041e-07    7.7155314086e-08   -3.4128765020e-08   -6.5915061879e-09   -3.3195827036e-08
  29.1800000   -1.7932159663e-07    3.3935550355e-08    5.9694397182e-08   -7.3180415091e-07    7.7469320995e-08   -2.9993851209e-08   -6.5923739228e-09   -3.3181601927e-08
  29.1900000   -1.8272118315e-07    3.2645081390e-08    6.4469925832e-08   -7.2858838934e-07    7.7451413550e-08   -2.6006017084e-08   -6.5943895746e-09   -3.3168078998e-08
  29.2000000   -1.8422427251e-07    3.0934503509e-08    6.8314002017e-08   -7.2549289464e-07    7.7100776340e-08   -2.2223113069e-08   -6.5976098115e-09   -3.3155295396e-08
  29.2100000   -1.8377391129e-07    2.8753084764e-08    7.1147222236e-08   -7.2256456629e-07    7.6423293675e-08   -1.8698047015e-08   -6.6020896376e-09   -3.3143288673e-08
  29.2200000   -1.8134434461e-07    2.6053894625e-08    7.2908347887e-08   -7.1984630441e-07    7.5431356487e-08   -1.5478072935e-08   -6.6078734031e-09   -3.3132083500e-08
  29.2300000   -1.7694239615e-07    2.2797906340e-08    7.3555331968e-08   -7.1737641678e-07    7.4143522661e-08   -1.2604153997e-08   -6.6149954384e-09   -3.3121707474e-08
  29.2400000   -1.7060800488e-07    1.8957911966e-08    7.3065972368e-08   -7.1518803992e-07    7.2584092570e-08   -1.0110527268e-08   -6.6234825895e-09   -3.3112182805e-08
  29.2500000   -1.6241402286e-07    1.4522126443e-08    7.1438230166e-08   -7.1330872643e-07    7.0782553208e-08   -8.0243332081e-09   -6.6333461118e-09   -3.3103523432e-08
  29.2600000   -1.5246509147e-07    9.4972330660e-09    6.8690151612e-08   -7.1176006876e-07    6.8772941103e-08   -6.3654126266e-09   -6.6445929330e-09   -3.3095738864e-08
  29.2700000   -1.4089569013e-07    3.9107149418e-09    6.4859482643e-08   -7.1055749795e-07    6.6593127753e-08   -5.1462615067e-09   -6.6572181560e-09   -3.3088835321e-08
  29.2800000   -1.2786752491e-07   -2.1877464444e-09    6.0002870722e-08   -7.0971019420e-07    6.4284053061e-08   -4.3720639666e-09   -6.6712104317e-09   -3.3082817744e-08
  29.2900000   -1.1356621106e-07   -8.7258176828e-09    5.4194830100e-08   -7.0922107390e-07    6.1888901402e-08   -4.0408873106e-09   -6.6865395988e-09   -3.3077683955e-08
  29.3000000   -9.8197285258e-08   -1.5609198990e-08    4.7526304684e-08   -7.0908695346e-07    5.9452239174e-08   -4.1440112842e-09   -6.7031777688e-09   -3.3073433694e-08
  29.3100000   -8.1981971116e-08   -2.2723381018e-08    4.0103041124e-08   -7.0929876792e-07    5.7019152260e-08   -4.6662885054e-09   -6.7210785830e-09   -3.3070045254e-08
  29.3200000   -6.5152423951e-08   -2.9936422654e-08    3.2043664759e-08   -7.0984195223e-07    5.4634413595e-08   -5.5867183009e-09   -6.7401952256e-09   -3.3067513300e-08
  29.3300000   -4.7946945351e-08   -3.7102760683e-08    2.3477558161e-08   -7.1069686629e-07    5.2341607761e-08   -6.8789713114e-09   -6.7604667415e-09   -3.3065818202e-08
  29.3400000   -3.0605100800e-08   -4.4067837263e-08    1.4542634459e-08   -7.1183933731e-07    5.0182363750e-08   -8.5120893071e-09   -6.7818236959e-09   -3.3064940823e-08
  29.3500000   -1.3362956458e-08   -5.0673290468e-08    5.3828863185e-09   -7.1324128224e-07    4.8195613767e-08   -1.0451178728e-08   -6.8041932990e-09   -3.3064857907e-08
  29.3600000    3.5514137550e-09   -5.6762758617e-08   -3.8540777565e-09   -7.1487139399e-07    4.6416896374e-08   -1.2658152936e-08   -6.8274973854e-09   -3.3065543321e-08
  29.3700000    1.9922109158e-08   -6.2187673262e-08   -1.3019535002e-08   -7.1669582197e-07    4.4877747516e-08   -1.5092502298e-08   -6.8516454008e-09   -3.3066969958e-08
  29.3800000    3.5549003466e-08   -6.6813116101e-08   -2.1966187032e-08   -7.1867898157e-07    4.3605218880e-08   -1.7712080726e-08   -6.8765460472e-09   -3.3069102373e-08
  29.3900000    5.0250894599e-08   -7.0523282477e-08   -3.0550576409e-08   -7.2078427597e-07    4.2621435394e-08   -2.0473866656e-08   -6.9021005227e-09   -3.3071907037e-08
  29.4000000    6.3867950461e-08   -7.3226352626e-08   -3.8635486887e-08   -7.2297491659e-07    4.1943293937e-08   -2.3334708147e-08   -6.9282105811e-09   -3.3075350294e-08
  29.4100000    7.6263541182e-08   -7.4858605618e-08   -4.6092154251e-08   -7.2521464381e-07    4.1582243844e-08   -2.6252056408e-08   -6.9547762700e-09   -3.3079394069e-08
  29.4200000    8.7325361716e-08   -7.5387382386e-08   -5.2802342718e-08   -7.2746848184e-07    4.1544187573e-08   -2.9184595841e-08   -6.9816838151e-09   -3.3083995386e-08
  29.4300000    9.6965870925e-08   -7.4812950069e-08   -5.8660197207e-08   -7.2970340560e-07    4.1829486221e-08   -3.2092908449e-08   -7.0088312946e-09   -3.3089116068e-08
  29.4400000    1.0512219192e-07   -7.3169117319e-08   -6.3573893915e-08   -7.3188895379e-07    4.2433079571e-08   -3.4939978279e-08   -7.0361139143e-09   -3.3094713435e-08
  29.4500000    1.1175526162e-07   -7.0522360338e-08   -6.7467011026e-08   -7.3399780393e-07    4.3344661381e-08   -3.7691720526e-08   -7.0634192520e-09   -3.3100742364e-08
  29.4600000    1.1684861738e-07   -6.6969719054e-08   -7.0279625014e-08   -7.3600623219e-07    4.4548995574e-08   -4.0317341723e-08   -7.0906426045e-09   -3.3107161815e-08
  29.4700000    1.2040670216e-07   -6.2635468762e-08   -7.1969170376e-08   -7.3789448441e-07    4.6026308667e-08   -4.2789679884e-08   -7.1176807150e-09   -3.3113922163e-08
  29.4800000    1.2245284946e-07   -5.7666471836e-08   -7.2510927135e-08   -7.3964706644e-07    4.7752720018e-08   -4.5085466191e-08   -7.1444303168e-09   -3.3120977006e-08
  29.4900000    1.2302703615e-07   -5.2226731341e-08   -7.1898279345e-08   -7.4125291126e-07    4.9700772534e-08   -4.7185472903e-08   -7.1707988157e-09   -3.3128284971e-08
  29.5000000    1.2218359746e-07   -4.6491123777e-08   -7.0142632351e-08   -7.4270547688e-07    5.1840007088e-08   -4.9074614099e-08   -7.1966834518e-09   -3.3135797399e-08
  29.5100000    1.1998876273e-07   -4.0638656743e-08   -6.7273049280e-08   -7.4400266205e-07    5.4137549063e-08   -5.0741931368e-08   -7.2220049080e-09   -3.3143468185e-08
  29.5200000    1.1651840061e-07   -3.4845594395e-08   -6.3335630094e-08   -7.4514671899e-07    5.6558757633e-08   -5.2180543855e-08   -7.2466784015e-09   -3.3151251707e-08
  29.5300000    1.1185583366e-07   -2.9278574486e-08   -5.8392588436e-08   -7.4614399583e-07    5.9067861592e-08   -5.3387522557e-08   -7.2706260169e-09   -3.3159095935e-08
  29.5400000    1.0608992894e-07   -2.4088237902e-08   -5.2521139513e-08   -7.4700461516e-07    6.1628605381e-08   -5.4363686354e-08   -7.2937804152e-09   -3.3166960765e-08
  29.5500000    9.9313372525e-08   -1.9403431042e-08   -4.5812099245e-08   -7.4774205007e-07    6.4204857365e-08   -5.5113362499e-08   -7.3160790028e-09   -3.3174801496e-08
  29.5600000    9.1621268410e-08   -1.5326440731e-08   -3.8368347992e-08   -7.4837263268e-07    6.6761249205e-08   -5.5644080519e-08   -7.3374692672e-09   -3.3182569895e-08
  29.5700000    8.3110051291e-08   -1.1929275145e-08   -3.0303126366e-08   -7.4891502666e-07    6.9263703955e-08   -5.5966273009e-08   -7.3579097019e-09   -3.3190223820e-08
  29.5800000    7.3876672737e-08   -9.2513587031e-09   -2.1738152268e-08   -7.4938959788e-07    7.1679986382e-08   -5.6092879447e-08   -7.3773581810e-09   -3.3197719227e-08
  29.5900000    6.4018021131e-08   -7.2984978635e-09   -1.2801690460e-08   -7.4981780868e-07    7.3980148597e-08   -5.6038978004e-08   -7.3957942846e-09   -3.3205010038e-08
  29.6000000    5.3630533148e-08   -6.0434992395e-09   -3.6265413154e-09   -7.5022154413e-07    7.6136938593e-08   -5.5821398159e-08   -7.4131997231e-09   -3.3212061802e-08
  29.6100000    4.2810128564e-08   -5.4279680982e-09    5.6520096874e-09   -7.5062244838e-07    7.8126157651e-08   -5.5458298015e-08   -7.4295680583e-09   -3.3218828642e-08
  29.6200000    3.1652105472e-08   -5.3657135139e-09    1.4898251731e-08   -7.5104128424e-07    7.9926901943e-08   -5.4968790637e-08   -7.4449005189e-09   -3.3225274457e-08
  29.6300000    2.0251204958e-08   -5.7471644987e-09    2.3978029458e-08   -7.5149732647e-07    8.1521761259e-08   -5.4372529079e-08   -7.4592078588e-09   -3.3231357947e-08
  29.6400000    8.7015862439e-09   -6.4449165215e-09    3.2760705059e-08   -7.5200773544e-07    8.2896964137e-08   -5.3689328905e-08   -7.4725166084e-09   -3.3237042519e-08
  29.6500000   -2.9031558519e-09   -7.3199432843e-09    4.1121020574e-08   -7.5258707456e-07    8.4042396285e-08   -5.2938855825e-08   -7.4848594486e-09   -3.3242294543e-08
  29.6600000   -1.4470112979e-08   -8.2283567568e-09    4.8940807805e-08   -7.5324684812e-07    8.4951601157e-08   -5.2140245610e-08   -7.4962767288e-09   -3.3247075665e-08
  29.6700000   -2.5907283383e-08   -9.0283009497e-09    5.6110584030e-08   -7.5399507065e-07    8.5621692227e-08   -5.1311815279e-08   -7.5068253542e-09   -3.3251360487e-08
  29.6800000   -3.7123949417e-08   -9.5867152224e-09    6.2530984625e-08   -7.5483603108e-07    8.6053210286e-08   -5.0470830679e-08   -7.5165580333e-09   -3.3255115679e-08
  29.6900000   -4.8031190079e-08   -9.7857734038e-09    6.8114001150e-08   -7.5577006552e-07    8.6249902278e-08   -4.9633243214e-08   -7.5255525124e-09   -3.3258306643e-08
  29.7000000   -5.8542521986e-08   -9.5284187437e-09    7.2784038884e-08   -7.5679346886e-07    8.6218507449e-08   -4.8813509989e-08   -7.5338779939e-09   -3.3260910140e-08
  29.7100000   -6.8574627548e-08   -8.7430675942e-09    7.6478760273e-08   -7.5789847465e-07    8.5968442426e-08   -4.8024434726e-08   -7.5416269014e-09   -3.3262901212e-08
  29.7200000   -7.8048200542e-08   -7.3872238375e-09    7.9149709332e-08   -7.5907339932e-07    8.5511499206e-08   -4.7277059984e-08   -7.5488900045e-09   -3.3264253818e-08
  29.7300000   -8.6888777428e-08   -5.4495547852e-09    8.0762751762e-08   -7.6030284273e-07    8.4861507029e-08   -4.6580585974e-08   -7.5557668365e-09   -3.3264950839e-08
  29.7400000   -9.5027572947e-08   -2.9508324408e-09    8.1298282687e-08   -7.6156797064e-07    8.4033969501e-08   -4.5942321081e-08   -7.5623618241e-09   -3.3264968085e-08
  29.7500000   -1.0240221049e-07    5.6765240039e-11    8.0751224468e-08   -7.6284697085e-07    8.3045704362e-08   -4.5367683188e-08   -7.5687902187e-09   -3.3264290262e-08
  29.7600000   -1.0895735488e-07    3.4916310176e-09    7.9130840564e-08   -7.6411547937e-07    8.1914502890e-08   -4.4860238211e-08   -7.5751650717e-09   -3.3262906773e-08
  29.7700000   -1.1464516628e-07    7.2459908981e-09    7.6460332472e-08   -7.6534719006e-07    8.0658767099e-08   -4.4421736562e-08   -7.5816048848e-09   -3.3260802116e-08
  29.7800000   -1.1942554264e-07    1.1190329898e-08    7.2776290051e-08   -7.6651444455e-07    7.9297189823e-08   -4.4052223581e-08   -7.5882318243e-09   -3.3257966787e-08
  29.7900000   -1.2326617181e-07    1.5178794776e-08    6.8127972481e-08   -7.6758892136e-07    7.7848438430e-08   -4.3750123678e-08   -7.5951701467e-09   -3.3254398178e-08
  29.8000000   -1.2614232251e-07    1.9055094738e-08    6.2576391368e-08   -7.6854232806e-07    7.6330882452e-08   -4.3512399774e-08   -7.6025461502e-09   -3.3250084466e-08
  29.8100000   -1.2803652919e-07    2.2659016816e-08    5.6193360143e-08   -7.6934713069e-07    7.4762355813e-08   -4.3334686239e-08   -7.6104841477e-09   -3.3245031695e-08
  29.8200000   -1.2893801789e-07    2.5832949110e-08    4.9060345900e-08   -7.6997726406e-07    7.3159927463e-08   -4.3211468262e-08   -7.6191077062e-09   -3.3239239143e-08
  29.8300000   -1.2884197694e-07    2.8428218448e-08    4.1267268291e-08   -7.7040884562e-07    7.1539728639e-08   -4.3136265989e-08   -7.6285443471e-09   -3.3232710871e-08
  29.8400000   -1.2774892335e-07    3.0311156132e-08    3.2911237022e-08   -7.7062087717e-07    6.9916841224e-08   -4.3101801004e-08   -7.6389136147e-09   -3.3225459202e-08
  29.8500000   -1.2566395760e-07    3.1368194190e-08    2.4095211252e-08   -7.7059581188e-07    6.8305170371e-08   -4.3100214120e-08   -7.6503317726e-09   -3.3217494164e-08
  29.8600000   -1.2259610320e-07    3.1510452528e-08    1.4926648335e-08   -7.7032019513e-07    6.6717391140e-08   -4.3123265658e-08   -7.6629146042e-09   -3.3208829234e-08
  29.8700000   -1.1855794944e-07    3.0676932959e-08    5.5161316023e-09   -7.6978510985e-07    6.5164926959e-08   -4.3162509105e-08   -7.6767684746e-09   -3.3199482070e-08
  29.8800000   -1.1356537655e-07    2.8836775179e-08   -4.0240058584e-09   -7.6898658312e-07    6.3657948645e-08   -4.3209504116e-08   -7.6919986647e-09   -3.3189476367e-08
  29.8900000   -1.0763766603e-07    2.5990219569e-08   -1.3581002649e-08   -7.6792591702e-07    6.2205402511e-08   -4.3256001523e-08   -7.7086961422e-09   -3.3178839534e-08
  29.9000000   -1.0079796148e-07    2.2168330793e-08   -2.3043019444e-08   -7.6660986717e-07    6.0815070387e-08   -4.3294135951e-08   -7.7269509006e-09   -3.3167597148e-08
  29.9100000   -9.3074089312e-08    1.7431651832e-08   -3.2300368174e-08   -7.6505073231e-07    5.9493641770e-08   -4.3316575499e-08   -7.7468461034e-09   -3.3155788265e-08
  29.9200000   -8.4499654765e-08    1.1867688981e-08   -4.1246722293e-08   -7.6326633666e-07    5.8246811524e-08   -4.3316709104e-08   -7.7684534330e-09   -3.3143445277e-08
  29.9300000   -7.5115574705e-08    5.5876503197e-09   -4.9780257321e-08   -7.6127985260e-07    5.7079356007e-08   -4.3288759827e-08   -7.7918296049e-09   -3.3130605938e-08
  29.9400000   -6.4971831403e-08   -1.2777101344e-09   -5.7804685214e-08   -7.5911955237e-07    5.5995253829e-08   -4.3227950022e-08   -7.8170328428e-09   -3.3117317661e-08
  29.9500000   -5.4129299041e-08   -8.5825818913e-09   -6.5230214954e-08   -7.5681842784e-07    5.4997790987e-08   -4.3130572686e-08   -7.8440977392e-09   -3.3103623795e-08
  29.9600000   -4.2661709258e-08   -1.6171055135e-08   -7.1974428540e-08   -7.5441369374e-07    5.4089642384e-08   -4.2994122983e-08   -7.8730560631e-09   -3.3089580396e-08
  29.9700000   -3.0657504673e-08   -2.3882051494e-08   -7.7963039011e-08   -7.5194619128e-07    5.3272988599e-08   -4.2817338710e-08   -7.9039296945e-09   -3.3075243158e-08
  29.9800000   -1.8221384148e-08   -3.1554149719e-08   -8.3130561784e-08   -7.4945973322e-07    5.2549557155e-08   -4.2600257657e-08   -7.9367208916e-09   -3.3060659786e-08
  29.9900000   -5.4754616626e-09   -3.9030110805e-08   -8.7420888324e-08   -7.4700030638e-07    5.1920722540e-08   -4.2344244551e-08   -7.9714305401e-09   -3.3045900424e-08
  30.0000000    7.4401747172e-09   -4.6160983884e-08   -9.0787756525e-08   -7.4461529254e-07    5.1387529597e-08   -4.2051989820e-08   -8.0080334188e-09   -3.3031026239e-08
  30.0100000    2.0367575766e-08   -5.2809623467e-08   -9.3195084061e-08   -7.4235256245e-07    5.0950743147e-08   -4.1727490984e-08   -8.0465087448e-09   -3.3016103725e-08
  30.0200000    3.3131925183e-08   -5.8853399064e-08   -9.4617252165e-08   -7.4025961062e-07    5.0610846534e-08   -4.1375994350e-08   -8.0868094552e-09   -3.3001201493e-08
  30.0300000    4.5543538399e-08   -6.4186516054e-08   -9.5039276621e-08   -7.3838264381e-07    5.0368052028e-08   -4.1003933837e-08   -8.1288847123e-09   -3.2986392096e-08
  30.0400000    5.7400657638e-08   -6.8721303783e-08   -9.4456827268e-08   -7.3676563277e-07    5.0222259031e-08   -4.0618821477e-08   -8.1726697241e-09   -3.2971753348e-08
  30.0500000    6.8493515056e-08   -7.2389084820e-08   -9.2876239270e-08   -7.3544948001e-07    5.0173030561e-08   -4.0229132432e-08   -8.2180811774e-09   -3.2957360536e-08
  30.0600000    7.8608963501e-08   -7.5140376112e-08   -9.0314368633e-08   -7.3447114625e-07    5.0219556532e-08   -3.9844158472e-08   -8.2650360200e-09   -3.2943293395e-08
  30.0700000    8.7536331429e-08   -7.6944598794e-08   -8.6798367104e-08   -7.3386288037e-07    5.0360575414e-08   -3.9473851830e-08   -8.3134325462e-09   -3.2929630540e-08
  30.0800000    9.5073653575e-08   -7.7789347370e-08   -8.2365393699e-08   -7.3365149401e-07    5.0594323479e-08   -3.9128621294e-08   -8.3631588701e-09   -3.2916454780e-08
  30.0900000    1.0103453975e-07   -7.7679490497e-08   -7.7062222731e-08   -7.3385775565e-07    5.0918459146e-08   -3.8819153726e-08   -8.4140956994e-09   -3.2903852036e-08
  30.1000000    1.0525512815e-07   -7.6636070528e-08   -7.0944758357e-08   -7.3449587729e-07    5.1330014378e-08   -3.8556184342e-08   -8.4661109196e-09   -3.2891902697e-08
  30.1100000    1.0760099260e-07   -7.4695074528e-08   -6.4077501253e-08   -7.3557306282e-07    5.1825307859e-08   -3.8350273957e-08   -8.5190631025e-09   -3.2880691554e-08
  30.1200000    1.0797365501e-07   -7.1906283688e-08   -5.6532913442e-08   -7.3708928283e-07    5.2399919852e-08   -3.8211569452e-08   -8.5728071060e-09   -3.2870306597e-08
  30.1300000    1.0631641335e-07   -6.8332159328e-08   -4.8390711646e-08   -7.3903708356e-07    5.3048636627e-08   -3.8149592718e-08   -8.6271895570e-09   -3.2860831058e-08
  30.1400000    1.0261904955e-07   -6.4046896616e-08   -3.9737134586e-08   -7.4140158249e-07    5.3765430629e-08   -3.8172966683e-08   -8.6820457357e-09   -3.2852347986e-08
  30.1500000    9.6921236667e-08   -5.9135462171e-08   -3.0664059679e-08   -7.4416056439e-07    5.4543466042e-08   -3.8289213370e-08   -8.7372091030e-09   -3.2844937947e-08
  30.1600000    8.9314408852e-08   -5.3692814257e-08   -2.1268127651e-08   -7.4728474127e-07    5.5375093786e-08   -3.8504537161e-08   -8.7925048450e-09   -3.2838687022e-08
  30.1700000    7.9941825623e-08   -4.7822964305e-08   -1.1649795427e-08   -7.5073813611e-07    5.6251897313e-08   -3.8823577778e-08   -8.8477577352e-09   -3.2833674393e-08
  30.1800000    6.8996637482e-08   -4.1638269253e-08   -1.9123111119e-09   -7.5447858342e-07    5.7164764644e-08   -3.9249272822e-08   -8.9027887129e-09   -3.2829976711e-08
  30.1900000    5.6718101708e-08   -3.5258236379e-08    7.8393200374e-09   -7.5845833025e-07    5.8103956594e-08   -3.9782668996e-08   -8.9574148124e-09   -3.2827671927e-08
  30.2000000    4.3385832019e-08   -2.8808405033e-08    1.7499421252e-08   -7.6262479408e-07    5.9059231966e-08   -4.0422802317e-08   -9.0114538513e-09   -3.2826834214e-08
  30.2100000    2.9312144964e-08   -2.2418691861e-08    2.6962797171e-08   -7.6692136071e-07    6.0019968606e-08   -4.1166572628e-08   -9.0647195464e-09   -3.2827531851e-08
  30.2200000    1.4832948962e-08   -1.6221489578e-08    3.6125840144e-08   -7.7128829188e-07    6.0975307850e-08   -4.2008721685e-08   -9.1170314276e-09   -3.2829834938e-08
  30.2300000    2.9716279308e-10   -1.0349329092e-08    4.4887708173e-08   -7.7566369514e-07    6.1914335894e-08   -4.2941763103e-08   -9.1682089970e-09   -3.2833799252e-08
  30.2400000   -1.3944637327e-08   -4.9320513703e-09    5.3151466134e-08   -7.7998450242e-07    6.2826251681e-08   -4.3956041960e-08   -9.2180731700e-09   -3.2839494269e-08
  30.2500000   -2.7552228333e-08   -9.3706722229e-11    6.0825246958e-08   -7.8418755969e-07    6.3700578064e-08   -4.5039774069e-08   -9.2664534194e-09   -3.2846965084e-08
  30.2600000   -4.0207706435e-08    4.0510409048e-09    6.7823339685e-08   -7.8821060082e-07    6.4527350439e-08   -4.6179164463e-08   -9.3131750357e-09   -3.2856264343e-08
  30.2700000   -5.1626959028e-08    7.4006420136e-09    7.4067303932e-08   -7.9199335130e-07    6.5297310170e-08   -4.7358554765e-08   -9.3580726033e-09   -3.2867434643e-08
  30.2800000   -6.1570287971e-08    9.8704786267e-09    7.9486994873e-08   -7.9547848796e-07    6.6002115536e-08   -4.8560638617e-08   -9.4009956129e-09   -3.2880516733e-08
  30.2900000   -6.9851539350e-08    1.1396685407e-08    8.4021506202e-08   -7.9861261765e-07    6.6634534140e-08   -4.9766696462e-08   -9.4417891852e-09   -3.2895543227e-08
  30.3000000   -7.6345272318e-08    1.1939627966e-08    8.7620068542e-08   -8.0134719458e-07    6.7188604262e-08   -5.0956886251e-08   -9.4803123190e-09   -3.2912539662e-08
  30.3100000   -8.0991838229e-08    1.1486984528e-08    9.0242829293e-08   -8.0363930835e-07    6.7659803807e-08   -5.2110564213e-08   -9.5164308514e-09   -3.2931527930e-08
  30.3200000   -8.3799836538e-08    1.0055989685e-08    9.1861534094e-08   -8.0545245483e-07    6.8045173392e-08   -5.3206643275e-08   -9.5500198492e-09   -3.2952522204e-08
  30.3300000   -8.4845873234e-08    7.6949650696e-09    9.2460043418e-08   -8.0675711293e-07    6.8343464814e-08   -5.4223988519e-08   -9.5809712918e-09   -3.2975527564e-08
  30.3400000   -8.4271717649e-08    4.4837531956e-09    9.2034781012e-08   -8.0753128139e-07    6.8555155931e-08   -5.5141800289e-08   -9.6091766518e-09   -3.3000549204e-08
  30.3500000   -8.2278404534e-08    5.3290225956e-10    9.0594966136e-08   -8.0776085047e-07    6.8682544969e-08   -5.5940056798e-08   -9.6345446434e-09   -3.3027574626e-08
  30.3600000   -7.9118226986e-08   -4.0184066372e-09    8.8162714409e-08   -8.0743985571e-07    6.8729743946e-08   -5.6599931941e-08   -9.6569995805e-09   -3.3056595677e-08
  30.3700000   -7.5084210531e-08   -9.0056550223e-09    8.4772967209e-08   -8.0657059748e-07    6.8702651418e-08   -5.7104207044e-08   -9.6764710014e-09   -3.3087587809e-08
  30.3800000   -7.0497795526e-08   -1.4243622632e-08    8.0473246686e-08   -8.0516359582e-07    6.8608892866e-08   -5.7437712445e-08   -9.6929045367e-09   -3.3120527802e-08
  30.3900000   -6.5695315139e-08   -1.9532171903e-08    7.5323206809e-08   -8.0323747539e-07    6.8457710093e-08   -5.7587680960e-08   -9.7062556841e-09   -3.3155379308e-08
  30.4000000   -6.1013519537e-08   -2.4663016348e-08    6.9394052268e-08   -8.0081864944e-07    6.8259829357e-08   -5.7544157569e-08   -9.7164976194e-09   -3.3192097689e-08
  30.4100000   -5.6775087124e-08   -2.9427223617e-08    6.2767717210e-08   -7.9794090069e-07    6.8027273855e-08   -5.7300283784e-08   -9.7236059869e-09   -3.3230641114e-08
  30.4200000   -5.3274524090e-08   -3.3623275458e-08    5.5535919923e-08   -7.9464487365e-07    6.7773181836e-08   -5.6852614305e-08   -9.7275837620e-09   -3.3270945884e-08
  30.4300000   -5.0765116631e-08   -3.7065181071e-08    4.7799022363e-08   -7.9097741647e-07    6.7511553779e-08   -5.6201316317e-08   -9.7284359271e-09   -3.3312955645e-08
  30.4400000   -4.9447614110e-08   -3.9590326147e-08    3.9664743023e-08   -7.8699083144e-07    6.7257004907e-08   -5.5350352159e-08   -9.7261844371e-09   -3.3356600943e-08
  30.4500000   -4.9461079270e-08   -4.1067005601e-08    3.1246722971e-08   -7.8274208489e-07    6.7024492124e-08   -5.4307584369e-08   -9.7208630039e-09   -3.3401805194e-08
  30.4600000   -5.0876354821e-08   -4.1400690045e-08    2.2662977602e-08   -7.7829187644e-07    6.6829006627e-08   -5.3084785721e-08   -9.7125133509e-09   -3.3448490461e-08
  30.4700000   -5.3692337590e-08   -4.0539229584e-08    1.4034228620e-08   -7.7370371123e-07    6.6685301026e-08   -5.1697599524e-08   -9.7011980982e-09   -3.3496565535e-08
  30.4800000   -5.7835527161e-08   -3.8476453437e-08    5.4821587145e-09   -7.6904291845e-07    6.6607589581e-08   -5.0165426117e-08   -9.6869840345e-09   -3.3545943186e-08
  30.4900000   -6.3162628073e-08   -3.5253928136e-08   -2.8723728399e-09   -7.6437564279e-07    6.6609234534e-08   -4.8511207848e-08   -9.6699499790e-09   -3.3596524372e-08
  30.5000000   -6.9466179285e-08   -3.0960845162e-08   -1.0911182948e-08   -7.5976781630e-07    6.6702488768e-08   -4.6761144604e-08   -9.6501898525e-09   -3.3648210790e-08
  30.5100000   -7.6483064895e-08   -2.5731877809e-08   -1.8520563302e-08   -7.5528417723e-07    6.6898229184e-08   -4.4944354999e-08   -9.6278007433e-09   -3.3700897114e-08
  30.5200000   -8.3905447885e-08   -1.9743052212e-08   -2.5593107664e-08   -7.5098729992e-07    6.7205702588e-08   -4.3092423886e-08   -9.6028935689e-09   -3.3754474205e-08
  30.5300000   -9.1393795101e-08   -1.3205700420e-08   -3.2029413167e-08   -7.4693664994e-07    6.7632326625e-08   -4.1238932422e-08   -9.5755880558e-09   -3.3808833448e-08
  30.5400000   -9.8591086785e-08   -6.3589296816e-09   -3.7739789601e-08   -7.4318773923e-07    6.8183498234e-08   -3.9418890481e-08   -9.5460063732e-09   -3.3863857799e-08
  30.5500000   -1.0513809741e-07    5.3943966858e-10   -4.2645708462e-08   -7.3979130627e-07    6.8862470171e-08   -3.7668140259e-08   -9.5142878774e-09   -3.3919434440e-08
  30.5600000   -1.1068861454e-07    7.2228196179e-09   -4.6681245062e-08   -7.3679262905e-07    6.9670233015e-08   -3.6022730946e-08   -9.4805663521e-09   -3.3975450154e-08
  30.5700000   -1.1492420294e-07    1.3426342389e-08   -4.9794233624e-08   -7.3423085097e-07    7.0605461631e-08   -3.4518232808e-08   -9.4449938581e-09   -3.4031786916e-08
  30.5800000   -1.1756770076e-07    1.8897524938e-08   -5.1947275637e-08   -7.3213854102e-07    7.1664511358e-08   -3.3189044421e-08   -9.4077176827e-09   -3.4088328376e-08
  30.5900000   -1.1839500917e-07    2.3406492042e-08   -5.3118504432e-08   -7.3054120953e-07    7.2841443364e-08   -3.2067738058e-08   -9.3688911743e-09   -3.4144957488e-08
  30.6000000   -1.1724464072e-07    2.6755487474e-08   -5.3302094943e-08   -7.2945704365e-07    7.4128091358e-08   -3.1184340959e-08   -9.3286756952e-09   -3.4201561888e-08
  30.6100000   -1.1402438803e-07    2.8786910853e-08   -5.2508558166e-08   -7.2889674634e-07    7.5514184713e-08   -3.0565726072e-08   -9.2872269492e-09   -3.4258030791e-08
  30.6200000   -1.0871535128e-07    2.9389942456e-08   -5.0764673690e-08   -7.2886345197e-07    7.6987532306e-08   -3.0234963561e-08   -9.2447107336e-09   -3.4314251206e-08
  30.6300000   -1.0137267108e-07    2.8505072077e-08   -4.8113247908e-08   -7.2935277144e-07    7.8534200964e-08   -3.0210774633e-08   -9.2012897536e-09   -3.4370121592e-08
  30.6400000   -9.2123201012e-08    2.6126556354e-08   -4.4612510959e-08   -7.3035299362e-07    8.0138737393e-08   -3.0507032660e-08   -9.1571268545e-09   -3.4425536475e-08
  30.6500000   -8.1160472376e-08    2.2302576749e-08   -4.0335275057e-08   -7.3184534779e-07    8.1784463887e-08   -3.1132330390e-08   -9.1123815411e-09   -3.4480400787e-08
  30.6600000   -6.8736763430e-08    1.7133142774e-08   -3.5367814365e-08   -7.3380436937e-07    8.3453743592e-08   -3.2089645184e-08   -9.0672135680e-09   -3.4534623390e-08
  30.6700000   -5.5153108123e-08    1.0765823428e-08   -2.9808482807e-08   -7.3619843485e-07    8.5128280238e-08   -3.3376101191e-08   -9.0217840393e-09   -3.4588116327e-08
  30.6800000   -4.0747515647e-08    3.3894821410e-09   -2.3766116702e-08   -7.3899026247e-07    8.6789451172e-08   -3.4982845942e-08   -8.9762420996e-09   -3.4640798723e-08
  30.6900000   -2.5882025169e-08   -4.7735144108e-09   -1.7358209943e-08   -7.4213759004e-07    8.8418640512e-08   -3.6894992244e-08   -8.9307464449e-09   -3.4692595499e-08
  30.7000000   -1.0929164304e-08   -1.3476581176e-08   -1.0708877720e-08   -7.4559387675e-07    8.9997529184e-08   -3.9091733825e-08   -8.8854398707e-09   -3.4743447453e-08
  30.7100000    3.7415320381e-09   -2.2458889715e-08   -3.9467337911e-09   -7.4930905890e-07    9.1508426237e-08   -4.1546519261e-08   -8.8404612065e-09   -3.4793296075e-08
  30.7200000    1.7776374632e-08   -3.1455732065e-08    2.7974321653e-09   -7.5323036551e-07    9.2934586469e-08   -4.4227389894e-08   -8.7959469494e-09   -3.4842086900e-08
  30.7300000    3.0849197663e-08   -4.0208872688e-08    9.3929760302e-09   -7.5730312353e-07    9.4260467335e-08   -4.7097390953e-08   -8.7520205991e-09   -3.4889779300e-08
  30.7400000    4.2671401036e-08   -4.8476221263e-08    1.5711818218e-08   -7.6147162532e-07    9.5472006429e-08   -5.0115103242e-08   -8.7088089615e-09   -3.4936338363e-08
  30.7500000    5.2999943287e-08   -5.6040500396e-08    2.1630816865e-08   -7.6567996161e-07    9.6556842821e-08   -5.3235282607e-08   -8.6664252954e-09   -3.4981745695e-08
  30.7600000    6.1643116678e-08   -6.2716546956e-08    2.7034109661e-08   -7.6987286320e-07    9.7504510732e-08   -5.6409572805e-08   -8.6249773225e-09   -3.5025984758e-08
  30.7700000    6.8463764797e-08   -6.8356945957e-08    3.1815352634e-08   -7.7399650243e-07    9.8306582024e-08   -5.9587294044e-08   -8.5845577525e-09   -3.5069047005e-08
  30.7800000    7.3380255527e-08   -7.2855681172e-08    3.5879836892e-08   -7.7799927649e-07    9.8956803354e-08   -6.2716309232e-08   -8.5452619857e-09   -3.5110939383e-08
  30.7900000    7.6365050023e-08   -7.6149848579e-08    3.9146404703e-08   -7.8183253116e-07    9.9451174892e-08   -6.5743960064e-08   -8.5071658722e-09   -3.5151673363e-08
  30.8000000    7.7441132262e-08   -7.8219352728e-08    4.1549139091e-08   -7.8545124168e-07    9.9787945523e-08   -6.8617951107e-08   -8.4703385328e-09   -3.5191270398e-08
  30.8100000    7.6676706916e-08   -7.9084664364e-08    4.3038834525e-08   -7.8881458281e-07    9.9967643658e-08   -7.1287356063e-08   -8.4348446497e-09   -3.5229766274e-08
  30.8200000    7.4178565727e-08   -7.8802964100e-08    4.3584165139e-08   -7.9188651196e-07    9.9992986154e-08   -7.3703567024e-08   -8.4007338883e-09   -3.5267196019e-08
  30.8300000    7.0084403182e-08   -7.7462779896e-08    4.3172508630e-08   -7.9463617483e-07    9.9868815785e-08   -7.5821204378e-08   -8.3680456285e-09   -3.5303613176e-08
  30.8400000    6.4554836843e-08   -7.5177647556e-08    4.1810462401e-08   -7.9703828305e-07    9.9601935910e-08   -7.7599036361e-08   -8.3368182585e-09   -3.5339077826e-08
  30.8500000    5.7765265964e-08   -7.2079063507e-08    3.9524019930e-08   -7.9907337491e-07    9.9200980509e-08   -7.9000802980e-08   -8.3070660924e-09   -3.5373648594e-08
  30.8600000    4.9898283911e-08   -6.8309195549e-08    3.6358332036e-08   -8.0072801877e-07    9.8676192404e-08   -7.9995992833e-08   -8.2788047293e-09   -3.5407403658e-08
  30.8700000    4.1136930246e-08   -6.4013804593e-08    3.2377176723e-08   -8.0199486107e-07    9.8039204926e-08   -8.0560513252e-08   -8.2520346363e-09   -3.5440426839e-08
  30.8800000    3.1659008144e-08   -5.9335717825e-08    2.7661988556e-08   -8.0287263542e-07    9.7302806192e-08   -8.0677238237e-08   -8.2267459583e-09   -3.5472803228e-08
  30.8900000    2.1632915293e-08   -5.4409249313e-08    2.2310575337e-08   -8.0336602530e-07    9.6480677683e-08   -8.0336516957e-08   -8.2029275870e-09   -3.5504627140e-08
  30.9000000    1.1214781164e-08   -4.9355705020e-08    1.6435514243e-08   -8.0348550577e-07    9.5587129787e-08   -7.9536443431e-08   -8.1805475652e-09   -3.5536000407e-08
  30.9100000    5.4730270895e-10   -4.4280339798e-08    1.0162217884e-08   -8.0324702464e-07    9.4636816106e-08   -7.8283060605e-08   -8.1595718365e-09   -3.5567027151e-08
  30.9200000   -1.0240139474e-08   -3.9270819316e-08    3.6266790477e-09   -8.0267163867e-07    9.3644488145e-08   -7.6590425628e-08   -8.1399533118e-09   -3.5597817856e-08
  30.9300000   -2.1030047924e-08   -3.4397011574e-08   -3.0269332244e-09   -8.0178506763e-07    9.2624702895e-08   -7.4480490310e-08   -8.1216438325e-09   -3.5628489306e-08
  30.9400000   -3.1714410474e-08   -2.9712351473e-08   -9.6489464133e-09   -8.0061720922e-07    9.1591602668e-08   -7.1982873992e-08   -8.1045823303e-09   -3.5659155711e-08
  30.9500000   -4.2191644463e-08   -2.5256205300e-08   -1.6087020334e-08   -7.9920152041e-07    9.0558660656e-08   -6.9134438655e-08   -8.0886950930e-09   -3.5689942398e-08
  30.9600000   -5.2363294866e-08   -2.1057238276e-08   -2.2189045654e-08   -7.9757441706e-07    8.9538467845e-08   -6.5978802986e-08   -8.0739088097e-09   -3.5720963489e-08
  30.9700000   -6.2130694338e-08   -1.7137460756e-08   -2.7806132683e-08   -7.9577464216e-07    8.8542566643e-08   -6.2565660958e-08   -8.0601433390e-09   -3.5752350556e-08
  30.9800000   -7.1392185247e-08   -1.3516312104e-08   -3.2795564315e-08   -7.9384251715e-07    8.7581273401e-08   -5.8949997455e-08   -8.0473089902e-09   -3.5784222432e-08
  30.9900000   -8.0041094675e-08   -1.0214835302e-08   -3.7023730883e-08   -7.9181928538e-07    8.6663546901e-08   -5.5191204849e-08   -8.0353096925e-09   -3.5816702992e-08
  31.0000000   -8.7964677603e-08   -7.2591475797e-09   -4.0368916371e-08   -7.8974635315e-07    8.5796922328e-08   -5.1352113078e-08   -8.0240430794e-09   -3.5849919505e-08
  31.0100000   -9.5044394004e-08   -4.6832530047e-09   -4.2723900829e-08   -7.8766461387e-07    8.4987406443e-08   -4.7497916685e-08   -8.0134114256e-09   -3.5883988526e-08
  31.0200000   -1.0115755740e-07   -2.5306324218e-09   -4.3998402181e-08   -7.8561372036e-07    8.4239479746e-08   -4.3695064604e-08   -8.0033026267e-09   -3.5919026100e-08
  31.0300000   -1.0618019985e-07   -8.5452510667e-10   -4.4121191490e-08   -7.8363143958e-07    8.3556100340e-08   -4.0010106525e-08   -7.9936077814e-09   -3.5955156663e-08
  31.0400000   -1.0999132339e-07    2.8310611534e-10   -4.3041911336e-08   -7.8175302686e-07    8.2938712636e-08   -3.6508537996e-08   -7.9842097709e-09   -3.5992484950e-08
  31.0500000   -1.1247817137e-07    8.1416826600e-10   -4.0732516042e-08   -7.8001061411e-07    8.2387345997e-08   -3.3253621769e-08   -7.9749974869e-09   -3.6031121728e-08
  31.0600000   -1.1354228836e-07    6.6820949295e-10   -3.7188355455e-08   -7.7843274629e-07    8.1900690750e-08   -3.0305254128e-08   -7.9658502806e-09   -3.6071167353e-08
  31.0700000   -1.1310594284e-07   -2.2250014556e-10   -3.2428834702e-08   -7.7704385280e-07    8.1476215616e-08   -2.7718881889e-08   -7.9566520862e-09   -3.6112718273e-08
  31.0800000   -1.1111869682e-07   -1.9172196883e-09   -2.6497563173e-08   -7.7586394933e-07    8.1110307830e-08   -2.5544475638e-08   -7.9472855970e-09   -3.6155869592e-08
  31.0900000   -1.0756341049e-07   -4.4603588257e-09   -1.9462166649e-08   -7.7490828445e-07    8.0798428146e-08   -2.3825592359e-08   -7.9376352375e-09   -3.6200704026e-08
  31.1000000   -1.0246156470e-07   -7.8751253190e-09   -1.1413571538e-08   -7.7418714433e-07    8.0535277370e-08   -2.2598554170e-08   -7.9275812736e-09   -3.6247299637e-08
  31.1100000   -9.5877192602e-08   -1.2157433384e-08   -2.4648478059e-09   -7.7370574681e-07    8.0314980906e-08   -2.1891734782e-08   -7.9170165217e-09   -3.6295719955e-08
  31.1200000   -8.7919280961e-08   -1.7270798786e-08    7.2503801559e-09   -7.7346422834e-07    8.0131262815e-08   -2.1724986725e-08   -7.9058296978e-09   -3.6346032793e-08
  31.1300000   -7.8742268437e-08   -2.3142392684e-08    1.7579914234e-08   -7.7345768799e-07    7.9977632339e-08   -2.2109221248e-08   -7.8939094214e-09   -3.6398293791e-08
  31.1400000   -6.8544437744e-08   -2.9660709512e-08    2.8355383186e-08   -7.7367639408e-07    7.9847574681e-08   -2.3046130665e-08   -7.8811551847e-09   -3.6452544536e-08
  31.1500000   -5.7564251661e-08   -3.6675240876e-08    3.9394982498e-08   -7.7410599767e-07    7.9734682265e-08   -2.4528084785e-08   -7.8674736406e-09   -3.6508820834e-08
  31.1600000   -4.6074471176e-08   -4.3998303949e-08    5.0506508017e-08   -7.7472795083e-07    7.9632876400e-08   -2.6538169000e-08   -7.8527648697e-09   -3.6567150016e-08
  31.1700000   -3.4374478473e-08   -5.1409023194e-08    6.1490653149e-08   -7.7551986882e-07    7.9536506156e-08   -2.9050431971e-08   -7.8369486709e-09   -3.6627550008e-08
  31.1800000   -2.2780843292e-08   -5.8659586046e-08    7.2144472465e-08   -7.7645609304e-07    7.9440514710e-08   -3.2030246960e-08   -7.8199440396e-09   -3.6690029895e-08
  31.1900000   -1.1616591781e-08   -6.5483485934e-08    8.2265028656e-08   -7.7750824312e-07    7.9340509877e-08   -3.5434845047e-08   -7.8016750281e-09   -3.6754589852e-08
  31.2000000   -1.1998248354e-09   -7.1605520688e-08    9.1653091475e-08   -7.7864586452e-07    7.9232905736e-08   -3.9213998774e-08   -7.7820805047e-09   -3.6821217513e-08
  31.2100000    8.1681280661e-09   -7.6753201119e-08    1.0011680335e-07   -7.7983708693e-07    7.9114956272e-08   -4.3310845970e-08   -7.7610998908e-09   -3.6889893008e-08
  31.2200000    1.6214144734e-08   -8.0668822162e-08    1.0747533706e-07   -7.8104938896e-07    7.8984827505e-08   -4.7662825692e-08   -7.7386894115e-09   -3.6960589725e-08
  31.2300000    2.2703976491e-08   -8.3121967776e-08    1.1356240581e-07   -7.8225028441e-07    7.8841605567e-08   -5.2202703057e-08   -7.7148058112e-09   -3.7033263765e-08
  31.2400000    2.7451454424e-08   -8.3921523303e-08    1.1822955358e-07   -7.8340807433e-07    7.8685316101e-08   -5.6859721603e-08   -7.6894203870e-09   -3.7107868412e-08
  31.2500000    3.0325933535e-08   -8.2926754736e-08    1.2134919352e-07   -7.8449261519e-07    7.8516899656e-08   -6.1560778845e-08   -7.6625116125e-09   -3.7184349182e-08
  31.2600000    3.1257378922e-08   -8.0056760911e-08    1.2281735112e-07   -7.8547597087e-07    7.8338181005e-08   -6.6231662739e-08   -7.6340704261e-09   -3.7262639777e-08
  31.2700000    3.0239041975e-08   -7.5297666691e-08    1.2255599837e-07   -7.8633314832e-07    7.8151805623e-08   -7.0798322592e-08   -7.6040962666e-09   -3.7342667156e-08
  31.2800000    2.7327157607e-08   -6.8707278818e-08    1.2051497514e-07   -7.8704266802e-07    7.7961177808e-08   -7.5188126198e-08   -7.5725998217e-09   -3.7424346894e-08
  31.2900000    2.2638282280e-08   -6.0416661861e-08    1.1667348559e-07   -7.8758714206e-07    7.7770364536e-08   -7.9331111319e-08   -7.5395920940e-09   -3.7507587508e-08
  31.3000000    1.6343707608e-08   -5.0628430071e-08    1.1104101894e-07   -7.8795375358e-07    7.7584014280e-08   -8.3161159856e-08   -7.5051127357e-09   -3.7592294250e-08
  31.3100000    8.6617217803e-09   -3.9611817999e-08    1.0365780414e-07   -7.8813461722e-07    7.7407229030e-08   -8.6617165668e-08   -7.4692006522e-09   -3.7678361806e-08
  31.3200000   -1.5225782643e-10   -2.7694507081e-08    9.4594728057e-08   -7.8812708283e-07    7.7245470711e-08   -8.9644051949e-08   -7.4319044775e-09   -3.7765680772e-08
  31.3300000   -9.8169689992e-09   -1.5251435871e-08    8.3952669354e-08   -7.8793390661e-07    7.7104437724e-08   -9.2193736789e-08   -7.3932895155e-09   -3.7854131718e-08
  31.3400000   -2.0037519638e-08   -2.6911871580e-09    7.1861328371e-08   -7.8756330190e-07    7.6989926586e-08   -9.4225974548e-08   -7.3534222748e-09   -3.7943592692e-08
  31.3500000   -3.0517931559e-08    9.5596958508e-09    5.8477508556e-08   -7.8702887346e-07    7.6907724547e-08   -9.5709019533e-08   -7.3123845127e-09   -3.8033939956e-08
  31.3600000   -4.0973331245e-08    2.1073658388e-08    4.3982927777e-08   -7.8634943151e-07    7.6863512249e-08   -9.6620203458e-08   -7.2702724558e-09   -3.8125034919e-08
  31.3700000   -5.1141221862e-08    3.1439720705e-08    2.8581520775e-08   -7.8554868829e-07    7.6862720855e-08   -9.6946340971e-08   -7.2271788913e-09   -3.8216743997e-08
  31.3800000   -6.0791133873e-08    4.0280681620e-08    1.2496325131e-08   -7.8465481353e-07    7.6910424800e-08   -9.6683929661e-08   -7.1832181185e-09   -3.8308932397e-08
  31.3900000   -6.9732339056e-08    4.7269412404e-08   -4.0339827616e-09   -7.8369990712e-07    7.7011265998e-08   -9.5839255673e-08   -7.1385044155e-09   -3.8401454344e-08
  31.4000000   -7.7819120098e-08    5.2143266062e-08   -2.0758934498e-08   -7.8271932980e-07    7.7169341678e-08   -9.4428294685e-08   -7.0931633217e-09   -3.8494169207e-08
  31.4100000   -8.4953343369e-08    5.4715822791e-08   -3.7420295630e-08   -7.8175097749e-07    7.7388118056e-08   -9.2476448306e-08   -7.0473283485e-09   -3.8586933001e-08
  31.4200000   -9.1084282796e-08    5.4885675811e-08   -5.3756328858e-08   -7.8083440994e-07    7.7670390622e-08   -9.0018146166e-08   -7.0011391864e-09   -3.8679602597e-08
  31.4300000   -9.6205774155e-08    5.2641437681e-08   -6.9506184927e-08   -7.8000997358e-07    7.8018181576e-08   -8.7096259349e-08   -6.9547423184e-09   -3.8772032621e-08
  31.4400000   -1.0035077007e-07    4.8062825826e-08   -8.4414300590e-08   -7.7931784750e-07    7.8432702783e-08   -8.3761434275e-08   -6.9082901726e-09   -3.8864080731e-08
  31.4500000   -1.0358375367e-07    4.1317839295e-08   -9.8234742569e-08   -7.7879705924e-07    7.8914336947e-08   -8.0071223416e-08   -6.8619375245e-09   -3.8955601196e-08
  31.4600000   -1.0599149949e-07    3.2655840855e-08   -1.1073549753e-07   -7.7848445437e-07    7.9462579685e-08   -7.6089164512e-08   -6.8158439507e-09   -3.9046458736e-08
  31.4700000   -1.0767264836e-07    2.2396955211e-08   -1.2170252760e-07   -7.7841372732e-07    8.0076026936e-08   -7.1883726387e-08   -6.7701744917e-09   -3.9136519584e-08
  31.4800000   -1.0872690617e-07    1.0918294629e-08   -1.3094355227e-07   -7.7861445830e-07    8.0752373398e-08   -6.7527196974e-08   -6.7250936045e-09   -3.9225647130e-08
  31.4900000   -1.0924444407e-07   -1.3625311543e-09   -1.3829154614e-07   -7.7911117080e-07    8.1488401444e-08   -6.3094511389e-08   -6.6807685325e-09   -3.9313715056e-08
  31.5000000   -1.0929613355e-07   -1.4005746755e-08   -1.4360779574e-07   -7.7992250498e-07    8.2279985528e-08   -5.8662015817e-08   -6.6373680932e-09   -3.9400604673e-08
  31.5100000   -1.0892537394e-07   -2.6568798051e-08   -1.4678452989e-07   -7.8106047342e-07    8.3122115929e-08   -5.4306238550e-08   -6.5950614019e-09   -3.9486197247e-08
  31.5200000   -1.0814213537e-07   -3.8625817047e-08   -1.4774701171e-07   -7.8252979985e-07    8.4008915886e-08   -5.0102655630e-08   -6.5540092848e-09   -3.9570384698e-08
  31.5300000   -1.0691947542e-07   -4.9786374190e-08   -1.4645513867e-07   -7.8432743561e-07    8.4933667805e-08   -4.6124458109e-08   -6.5143823037e-09   -3.9653059849e-08
  31.5400000   -1.0519284200e-07   -5.9712450756e-08   -1.4290441701e-07   -7.8644217670e-07    8.5888865764e-08   -4.2441405431e-08   -6.4763426450e-09   -3.9734132465e-08
  31.5500000   -1.0286266314e-07   -6.8132937641e-08   -1.3712637934e-07   -7.8885447785e-07    8.6866225265e-08   -3.9118673860e-08   -6.4400476810e-09   -3.9813509250e-08
  31.5600000   -9.9799759712e-08   -7.4854853448e-08   -1.2918838484e-07   -7.9153641788e-07    8.7856775779e-08   -3.6215871627e-08   -6.4056489046e-09   -3.9891120542e-08
  31.5700000   -9.5853607129e-08   -7.9770829177e-08   -1.1919278646e-07   -7.9445183945e-07    8.8850863148e-08   -3.3786031871e-08   -6.3732943994e-09   -3.9966892639e-08
  31.5800000   -9.0863062207e-08   -8.2862409551e-08   -1.0727551409e-07   -7.9755670802e-07    8.9838267037e-08   -3.1874834401e-08   -6.3431273065e-09   -4.0040768529e-08
  31.5900000   -8.4669055350e-08   -8.4198998265e-08   -9.3604110408e-08   -8.0079959850e-07    9.0808224400e-08   -3.0519863340e-08   -6.3152781980e-09   -4.0112694511e-08
  31.6000000   -7.7128382334e-08   -8.3932417131e-08   -7.8375192853e-08   -8.0412240964e-07    9.1749538373e-08   -2.9750028388e-08   -6.2898743001e-09   -4.0182637048e-08
  31.6100000   -6.8128176237e-08   -8.2287548972e-08   -6.1811392707e-08   -8.0746122835e-07    9.2650624638e-08   -2.9585126019e-08   -6.2670351372e-09   -4.0250566024e-08
  31.6200000   -5.7599889998e-08   -7.9549227921e-08   -4.4157885977e-08   -8.1074734153e-07    9.3499645535e-08   -3.0035552101e-08   -6.2468653237e-09   -4.0316460473e-08
  31.6300000   -4.5532183987e-08   -7.6046143267e-08   -2.5678488843e-08   -8.1390848568e-07    9.4284563044e-08   -3.1102139682e-08   -6.2294637120e-09   -4.0380315443e-08
  31.6400000   -3.1981740013e-08   -7.2132567855e-08   -6.6514426860e-09   -8.1687005897e-07    9.4993277477e-08   -3.2776171822e-08   -6.2149130629e-09   -4.0442134491e-08
  31.6500000   -1.7081435823e-08   -6.8168745011e-08    1.2635068163e-08   -8.1955662742e-07    9.5613708213e-08   -3.5039537718e-08   -6.2032907517e-09   -4.0501930014e-08
  31.6600000   -1.0449348605e-09   -6.4500904751e-08    3.1887595903e-08   -8.2189338381e-07    9.6133942678e-08   -3.7865024359e-08   -6.1946600468e-09   -4.0559735713e-08
  31.6700000    1.5832412206e-08   -6.1441940907e-08    5.0812177671e-08   -8.2380770671e-07    9.6542343264e-08   -4.1216754301e-08   -6.1890680552e-09   -4.0615578693e-08
  31.6800000    3.3176975738e-08   -5.9253660578e-08    6.9119134422e-08   -8.2523076844e-07    9.6827695348e-08   -4.5050765177e-08   -6.1865524222e-09   -4.0669510541e-08
  31.6900000    5.0544663165e-08   -5.8131634910e-08    8.6527811117e-08   -8.2609910026e-07    9.6979325770e-08   -4.9315683098e-08   -6.1871420063e-09   -4.0721585094e-08
  31.7000000    6.7432755589e-08   -5.8193269981e-08    1.0277116857e-07   -8.2635614266e-07    9.6987259177e-08   -5.3953539814e-08   -6.1908435725e-09   -4.0771868437e-08
  31.7100000    8.3295764601e-08   -5.9469903760e-08    1.1760016183e-07   -8.2595373103e-07    9.6842365234e-08   -5.8900660899e-08   -6.1976482458e-09   -4.0820445700e-08
  31.7200000    9.7564621944e-08   -6.1903222075e-08    1.3078779880e-07   -8.2485346097e-07    9.6536501666e-08   -6.4088656088e-08   -6.2075509292e-09   -4.0867398648e-08
  31.7300000    1.0966854842e-07   -6.5346435136e-08    1.4213289353e-07   -8.2302795295e-07    9.6062659533e-08   -6.9445452457e-08   -6.2205096635e-09   -4.0912819943e-08
  31.7400000    1.1905858109e-07   -6.9569960005e-08    1.5146331032e-07   -8.2046192188e-07    9.5415108957e-08   -7.4896402259e-08   -6.2364854208e-09   -4.0956814737e-08
  31.7500000    1.2523194303e-07   -7.4271673539e-08    1.5863879306e-07   -8.1715307342e-07    9.4589547001e-08   -8.0365415495e-08   -6.2554166519e-09   -4.0999492487e-08
  31.7600000    1.2775612624e-07   -7.9091177174e-08    1.6355322275e-07   -8.1311277789e-07    9.3583206565e-08   -8.5776092255e-08   -6.2772407077e-09   -4.1040967298e-08
  31.7700000    1.2629136022e-07   -8.3627384965e-08    1.6613632713e-07   -8.0836652845e-07    9.2395010170e-08   -9.1052882115e-08   -6.3018658731e-09   -4.1081367737e-08
  31.7800000    1.2061071001e-07   -8.7458832800e-08    1.6635475454e-07   -8.0295413457e-07    9.1025648944e-08   -9.6122206054e-08   -6.3291980668e-09   -4.1120818932e-08
  31.7900000    1.1061653794e-07   -9.0165469444e-08    1.6421258112e-07   -7.9692961798e-07    8.9477682970e-08   -1.0091353553e-07   -6.3591282967e-09   -4.1159457771e-08
  31.8000000    9.6352465890e-08   -9.1351298137e-08    1.5975116338e-07   -7.9036089000e-07    8.7755634156e-08   -1.0536044772e-07   -6.3915366457e-09   -4.1197416491e-08
  31.8100000    7.8010256600e-08   -9.0666382989e-08    1.5304834309e-07   -7.8332912427e-07    8.5866020811e-08   -1.0940160037e-07   -6.4262912541e-09   -4.1234838192e-08
  31.8200000    5.5930968341e-08   -8.7827494550e-08    1.4421708259e-07   -7.7592782787e-07    8.3817374661e-08   -1.1298159733e-07   -6.4632532494e-09   -4.1271864975e-08
  31.8300000    3.0600052925e-08   -8.2636089946e-08    1.3340354302e-07   -7.6826169621e-07    8.1620260596e-08   -1.1605182879e-07   -6.5022655977e-09   -4.1308641938e-08
  31.8400000    2.6364809330e-09   -7.4992967721e-08    1.2078452814e-07   -7.6044516677e-07    7.9287258698e-08   -1.1857113348e-07   -6.5431706473e-09   -4.1345311832e-08
  31.8500000   -2.7223826098e-08   -6.4908637823e-08    1.0656450858e-07   -7.5260076851e-07    7.6832884456e-08   -1.2050639782e-07   -6.5858004892e-09   -4.1382018126e-08
  31.8600000   -5.8150102823e-08   -5.2508939226e-08    9.0972137290e-08   -7.4485724946e-07    7.4273527400e-08   -1.2183300961e-07   -6.6299793086e-09   -4.1418897812e-08
  31.8700000   -8.9243081266e-08   -3.8035503233e-08    7.4256429916e-08   -7.3734751631e-07    7.1627315479e-08   -1.2253519575e-07   -6.6755238986e-09   -4.1456094449e-08
  31.8800000   -1.1956528236e-07   -2.1840866891e-08    5.6682575465e-08   -7.3020641170e-07    6.8913968394e-08   -1.2260621996e-07   -6.7222532807e-09   -4.1493743522e-08
  31.8900000   -1.4817356585e-07   -4.3784680984e-09    3.8527524882e-08   -7.2356840960e-07    6.6154645076e-08   -1.2204845005e-07   -6.7699700625e-09   -4.1531976229e-08
  31.9000000   -1.7415307668e-07    1.3812388242e-08    2.0075387718e-08   -7.1756520628e-07    6.3371704532e-08   -1.2087328712e-07   -6.8184851670e-09   -4.1570920239e-08
  31.9100000   -1.9665109410e-07    3.2125639800e-08    1.6127555372e-09   -7.1232328610e-07    6.0588491390e-08   -1.1910097379e-07   -6.8675979577e-09   -4.1610693876e-08
  31.9200000   -2.1490945904e-07    4.9911389858e-08   -1.6575993379e-08   -7.0796152422e-07    5.7829069206e-08   -1.1676026095e-07   -6.9171157669e-09   -4.1651412488e-08
  31.9300000   -2.2829422660e-07    6.6501229164e-08   -3.4213344074e-08   -7.0458880823e-07    5.5117952987e-08   -1.1388796743e-07   -6.9668369137e-09   -4.1693186428e-08
  31.9400000   -2.3632136252e-07    8.1235304907e-08   -5.1033085865e-08   -7.0230180297e-07    5.2479786489e-08   -1.1052837373e-07   -7.0165638415e-09   -4.1736116613e-08
  31.9500000   -2.3867747324e-07    9.3489741262e-08   -6.6784621566e-08   -7.0118281324e-07    4.9939084929e-08   -1.0673258581e-07   -7.0661053916e-09   -4.1780290267e-08
  31.9600000   -2.3523451986e-07    1.0270331889e-07   -8.1236910259e-08   -7.0129790291e-07    4.7519852350e-08   -1.0255774595e-07   -7.1152681407e-09   -4.1825792597e-08
  31.9700000   -2.2605799392e-07    1.0840233384e-07   -9.4182061479e-08   -7.0269519107e-07    4.5245305776e-08   -9.8066156170e-08   -7.1638638158e-09   -4.1872692474e-08
  31.9800000   -2.1140800602e-07    1.1022245848e-07   -1.0543853554e-07   -7.0540345016e-07    4.3137545681e-08   -9.3324358063e-08   -7.2117108423e-09   -4.1921058495e-08
  31.9900000   -1.9173332519e-07    1.0792673994e-07   -1.1485383912e-07   -7.0943098383e-07    4.1217243482e-08   -8.8402154886e-08   -7.2586308909e-09   -4.1970940742e-08
  32.0000000   -1.6765832262e-07    1.0141874746e-07   -1.2230674342e-07   -7.1476484599e-07    3.9503321325e-08   -8.3371523830e-08   -7.3044514262e-09   -4.2022384056e-08
  32.0100000   -1.3996349606e-07    9.0750508611e-08   -1.2770889775e-07   -7.2137042815e-07    3.8012718776e-08   -7.8305601088e-08   -7.3490157344e-09   -4.2075414735e-08
  32.0200000   -1.0955995636e-07    7.6124633459e-08   -1.3100593112e-07   -7.2919137505e-07    3.6760101874e-08   -7.3277557857e-08   -7.3921633647e-09   -4.2130060467e-08
  32.0300000   -7.7459089853e-08    5.7890561645e-08   -1.3217793131e-07   -7.3814990854e-07    3.5757647420e-08   -6.8359547254e-08   -7.4337521178e-09   -4.2186324578e-08
  32.0400000   -4.4738200921e-08    3.6535005352e-08   -1.3123934155e-07   -7.4814756560e-07    3.5014855858e-08   -6.3621627968e-08   -7.4736429929e-09   -4.2244211305e-08
  32.0500000   -1.2503782367e-08    1.2666899666e-08   -1.2823825869e-07   -7.5906622300e-07    3.4538406443e-08   -5.9130726508e-08   -7.5117159109e-09   -4.2303711602e-08
  32.0600000    1.8146671304e-08   -1.3002580050e-08   -1.2325520630e-07   -7.7076959611e-07    3.4332012251e-08   -5.4949685290e-08   -7.5478520617e-09   -4.2364793166e-08
  32.0700000    4.6162534974e-08   -3.9684234658e-08   -1.1640132286e-07   -7.8310501662e-07    3.4396407401e-08   -5.1136314162e-08   -7.5819487837e-09   -4.2427434274e-08
  32.0800000    7.0576481623e-08   -6.6538185036e-08   -1.0781608726e-07   -7.9590556107e-07    3.4729282574e-08   -4.7742564294e-08   -7.6139214273e-09   -4.2491586903e-08
  32.0900000    9.0537964934e-08   -9.2703657522e-08   -9.7664542650e-08   -8.0899246449e-07    3.5325335533e-08   -4.4813793778e-08   -7.6436800067e-09   -4.2557201695e-08
  32.1000000    1.0534264197e-07   -1.1732955717e-07   -8.6134161290e-08   -8.2217781314e-07    3.6176355590e-08   -4.2388086041e-08   -7.6711644283e-09   -4.2624217819e-08
  32.1100000    1.1445669384e-07   -1.3960518614e-07   -7.3431321834e-08   -8.3526741302e-07    3.7271343251e-08   -4.0495724730e-08   -7.6963207018e-09   -4.2692567578e-08
  32.1200000    1.1753514134e-07   -1.5878949804e-07   -5.9777570449e-08   -8.4806388178e-07    3.8596672328e-08   -3.9158781858e-08   -7.7191032030e-09   -4.2762168090e-08
  32.1300000    1.1443355319e-07   -1.7423798190e-07   -4.5405576505e-08   -8.6036979795e-07    4.0136322875e-08   -3.8390817159e-08   -7.7394837399e-09   -4.2832936884e-08
  32.1400000    1.0521288019e-07   -1.8542622717e-07   -3.0555043913e-08   -8.7199095639e-07    4.1872144795e-08   -3.8196709398e-08   -7.7574494392e-09   -4.2904787235e-08
  32.1500000    9.0137175287e-08   -1.9196899990e-07   -1.5468478576e-08   -8.8273959838e-07    4.3784142012e-08   -3.8572626244e-08   -7.7729934185e-09   -4.2977616979e-08
  32.1600000    6.9664443746e-08   -1.9363440770e-07   -3.8704472534e-10   -8.9243762356e-07    4.5850786202e-08   -3.9506124506e-08   -7.7861239266e-09   -4.3051323781e-08
  32.1700000    4.4430867257e-08   -1.9035247906e-07    1.4453578678e-08   -9.0091967356e-07    4.8049398120e-08   -4.0976385106e-08   -7.7968607900e-09   -4.3125802706e-08
  32.1800000    1.5229380191e-08   -1.8221801172e-07    2.8827102019e-08   -9.0803605405e-07    5.0356506402e-08   -4.2954573785e-08   -7.8052352156e-09   -4.3200938748e-08
  32.1900000   -1.7017103226e-08   -1.6948735628e-07    4.2520382070e-08   -9.1365543859e-07    5.2748237866e-08   -4.5404318870e-08   -7.8112932082e-09   -4.3276621672e-08
  32.2000000   -5.1286224946e-08   -1.5256967242e-07    5.5336843756e-08   -9.1766733676e-07    5.5200684043e-08   -4.8282322783e-08   -7.8150858975e-09   -4.3352737667e-08
  32.2100000   -8.6489967838e-08   -1.3201263398e-07    6.7099551791e-08   -9.1998417762e-07    5.7690332597e-08   -5.1539052651e-08   -7.8166754862e-09   -4.3429171488e-08
  32.2200000   -1.2151004306e-07   -1.0848348928e-07    7.7653916776e-08   -9.2054314103e-07    6.0194409281e-08   -5.5119567373e-08   -7.8161378656e-09   -4.3505800514e-08
  32.2300000   -1.5523385618e-07   -8.2745982293e-08    8.6869974976e-08   -9.1930750355e-07    6.2691251821e-08   -5.8964382242e-08   -7.8135572431e-09   -4.3582514572e-08
  32.2400000   -1.8658975414e-07   -5.5634105436e-08    9.4644142037e-08   -9.1626760438e-07    6.5160661643e-08   -6.3010431636e-08   -7.8090164908e-09   -4.3659197102e-08
  32.2500000   -2.1458064427e-07   -2.8023715040e-08    1.0090049781e-07   -9.1144140361e-07    6.7584205503e-08   -6.7192080141e-08   -7.8026203695e-09   -4.3735740999e-08
  32.2600000   -2.3831447305e-07   -8.0302458514e-10    1.0559156855e-07   -9.0487451375e-07    6.9945474526e-08   -7.1442185446e-08   -7.7944734079e-09   -4.3812031421e-08
  32.2700000   -2.5703116294e-07    2.5157107365e-08    1.0869857880e-07   -8.9663984150e-07    7.2230331798e-08   -7.5693151352e-08   -7.7846822484e-09   -4.3887968880e-08
  32.2800000   -2.7012465841e-07    4.9031725439e-08    1.1023115334e-07   -8.8683672203e-07    7.4427088668e-08   -7.9878006299e-08   -7.7733637589e-09   -4.3963453100e-08
  32.2900000   -2.7715994947e-07    7.0068460592e-08    1.1022655600e-07   -8.7558962781e-07    7.6526635325e-08   -8.3931497755e-08   -7.7606403506e-09   -4.4038389085e-08
  32.3000000   -2.7788451600e-07    8.7611382414e-08    1.0874841759e-07   -8.6304644104e-07    7.8522530949e-08   -8.7791083527e-08   -7.7466324556e-09   -4.4112692042e-08
  32.3100000   -2.7223378282e-07    1.0112105896e-07    1.0588501707e-07   -8.4937633307e-07    8.0411007676e-08   -9.1397959105e-08   -7.7314677207e-09   -4.4186278281e-08
  32.3200000   -2.6033087035e-07    1.1019055118e-07    1.0174711178e-07   -8.3476724584e-07    8.2190955296e-08   -9.4697967985e-08   -7.7152717629e-09   -4.4259076656e-08
  32.3300000   -2.4248060425e-07    1.1455647241e-07    9.6465462729e-08   -8.1942307422e-07    8.3863834878e-08   -9.7642477115e-08   -7.6981751163e-09   -4.4331020399e-08
  32.3400000   -2.1915816076e-07    1.1410527172e-07    9.0187964058e-08   -8.0356053332e-07    8.5433521658e-08   -1.0018910435e-07   -7.6803029237e-09   -4.4402052793e-08
  32.3500000   -1.9099302015e-07    1.0887433596e-07    8.3076537150e-08   -7.8740581142e-07    8.6906125254e-08   -1.0230240536e-07   -7.6617811355e-09   -4.4472124123e-08
  32.3600000   -1.5874848577e-07    9.9048145323e-08    7.5303838797e-08   -7.7119105779e-07    8.8289750688e-08   -1.0395440257e-07   -7.6427365072e-09   -4.4541199891e-08
  32.3700000   -1.2329789883e-07    8.4949731569e-08    6.7049801104e-08   -7.5515070952e-07    8.9594209355e-08   -1.0512501479e-07   -7.6232936790e-09   -4.4609242649e-08
  32.3800000   -8.5598181987e-08    6.7027814198e-08    5.8498098992e-08   -7.3951779426e-07    9.0830691236e-08   -1.0580233832e-07   -7.6035633101e-09   -4.4676238652e-08
  32.3900000   -4.6661474975e-08    4.5840324247e-08    4.9832636770e-08   -7.2452024064e-07    9.2011438459e-08   -1.0598280577e-07   -7.5836721281e-09   -4.4742171206e-08
  32.4000000   -7.5259400633e-09    2.2034781244e-08    4.1234044223e-08   -7.1037722667e-07    9.3149354071e-08   -1.0567121622e-07   -7.5637229144e-09   -4.4807041142e-08
  32.4100000    3.0773572707e-08   -3.6736152155e-09    3.2876355440e-08   -6.9729570603e-07    9.4257615998e-08   -1.0488060436e-07   -7.5438196569e-09   -4.4870855975e-08
  32.4200000    6.7234088029e-08   -3.0525322806e-08    2.4923813987e-08   -6.8546706069e-07    9.5349293305e-08   -1.0363197947e-07   -7.5240667689e-09   -4.4933637035e-08
  32.4300000    1.0091147379e-07   -5.7740607942e-08    1.7527955181e-08   -6.7506404984e-07    9.6436920317e-08   -1.0195395454e-07   -7.5045521323e-09   -4.4995402578e-08
  32.4400000    1.3094526337e-07   -8.4543417772e-08    1.0824980216e-08   -6.6623804838e-07    9.7532151415e-08   -9.9882230958e-08   -7.4853564820e-09   -4.5056193228e-08
  32.4500000    1.5658056533e-07   -1.1018446649e-07    4.9334261116e-09   -6.5911662527e-07    9.8645363889e-08   -9.7458952076e-08   -7.4665671397e-09   -4.5116053019e-08
  32.4600000    1.7718665665e-07   -1.3396276166e-07   -4.7713519247e-11   -6.5380148841e-07    9.9785322703e-08   -9.4731991203e-08   -7.4482498802e-09   -4.5175036739e-08
  32.4700000    1.9227183105e-07   -1.5524481071e-07   -4.0405480194e-09   -6.5036687698e-07    1.0095887206e-07   -9.1754117364e-08   -7.4304662980e-09   -4.5233201785e-08
  32.4800000    2.0149427996e-07   -1.7348118181e-07   -6.9893287796e-09   -6.4885840086e-07    1.0217067866e-07   -8.8582083214e-08   -7.4132717182e-09   -4.5290617209e-08
  32.4900000    2.0466868668e-07   -1.8822002620e-07   -8.8611053235e-09   -6.4929235785e-07    1.0342298795e-07   -8.5275666987e-08   -7.3967126468e-09   -4.5347358260e-08
  32.5000000    2.0176866089e-07   -1.9911697867e-07   -9.6458977931e-09   -6.5165546243e-07    1.0471546672e-07   -8.1896637019e-08   -7.3808277361e-09   -4.5403507994e-08
  32.5100000    1.9292496135e-07   -2.0594179011e-07   -9.3564411070e-09   -6.5590516116e-07    1.0604508818e-07   -7.8507727878e-08   -7.3656443593e-09   -4.5459153712e-08
  32.5200000    1.7841973261e-07   -2.0858124797e-07   -8.0274440418e-09   -6.6197032751e-07    1.0740606764e-07   -7.5171565772e-08   -7.3511865319e-09   -4.5514390390e-08
  32.5300000    1.5867687419e-07   -2.0703863274e-07   -5.7144778047e-09   -6.6975250361e-07    1.0878988620e-07   -7.1949605582e-08   -7.3374664331e-09   -4.5569310087e-08
  32.5400000    1.3424902232e-07   -2.0142989343e-07   -2.4924547323e-09   -6.7912750076e-07    1.1018534323e-07   -6.8901124717e-08   -7.3244873214e-09   -4.5624018734e-08
  32.5500000    1.0580140279e-07   -1.9197679107e-07    1.5462675775e-09   -6.8994747601e-07    1.1157868906e-07   -6.6082220681e-08   -7.3122504556e-09   -4.5678622288e-08
  32.5600000    7.4093214794e-08   -1.7899746936e-07    6.2940922587e-09   -7.0204338281e-07    1.1295383859e-07   -6.3544880729e-08   -7.3007471518e-09   -4.5733224530e-08
  32.5700000    3.9956723549e-08   -1.6289471697e-07    1.1630666000e-08   -7.1522769848e-07    1.1429257774e-07   -6.1336113677e-08   -7.2899587723e-09   -4.5787932765e-08
  32.5800000    4.2749185943e-09   -1.4414244795e-07    1.7425545278e-08   -7.2929747526e-07    1.1557489577e-07   -5.9497210683e-08   -7.2798672253e-09   -4.5842865845e-08
  32.5900000   -3.2041784220e-08   -1.2327084225e-07    2.3541101941e-08   -7.4403767831e-07    1.1677934070e-07   -5.8063041066e-08   -7.2704456768e-09   -4.5898128418e-08
  32.6000000   -6.8079462545e-08   -1.0085069001e-07    2.9835482899e-08   -7.5922457616e-07    1.1788339753e-07   -5.7061509856e-08   -7.2616590701e-09   -4.5953833836e-08
  32.6100000   -1.0294427368e-07   -7.7477373936e-08    3.6165605874e-08   -7.7462938891e-07    1.1886390218e-07   -5.6513122290e-08   -7.2534699771e-09   -4.6010092341e-08
  32.6200000   -1.3578540520e-07   -5.3754749081e-08    4.2390192839e-08   -7.9002186172e-07    1.1969752585e-07   -5.6430665094e-08   -7.2458354333e-09   -4.6067014997e-08
  32.6300000   -1.6581673607e-07   -3.0279791376e-08    4.8372728789e-08   -8.0517397701e-07    1.2036123519e-07   -5.6819053367e-08   -7.2387103815e-09   -4.6124711119e-08
  32.6400000   -1.9233670598e-07   -7.6276587406e-09    5.3984226236e-08   -8.1986345187e-07    1.2083276707e-07   -5.7675248319e-08   -7.2320471518e-09   -4.6183280230e-08
  32.6500000   -2.1474595553e-07    1.3661741338e-08    5.9105883743e-08   -8.3387724138e-07    1.2109112065e-07   -5.8988372401e-08   -7.2257948019e-09   -4.6242822755e-08
  32.6600000   -2.3256223082e-07    3.3096095543e-08    6.3631473418e-08   -8.4701478479e-07    1.2111702800e-07   -6.0739935335e-08   -7.2198969297e-09   -4.6303444349e-08
  32.6700000   -2.4543224449e-07    5.0241208895e-08    6.7469475405e-08   -8.5909104515e-07    1.2089341714e-07   -6.2904178335e-08   -7.2143020698e-09   -4.6365235611e-08
  32.6800000   -2.5314023141e-07    6.4729964286e-08    7.0544848362e-08   -8.6993927225e-07    1.2040582376e-07   -6.5448539108e-08   -7.2089475871e-09   -4.6428289128e-08
  32.6900000   -2.5561282432e-07    7.6269327098e-08    7.2800504179e-08   -8.7941343679e-07    1.1964280564e-07   -6.8334242233e-08   -7.2037865598e-09   -4.6492685939e-08
  32.7000000   -2.5292029357e-07    8.4645557020e-08    7.4198361236e-08   -8.8739030277e-07    1.1859628226e-07   -7.1516987866e-08   -7.1987568089e-09   -4.6558513418e-08
  32.7100000   -2.4527393846e-07    8.9727404318e-08    7.4720011156e-08   -8.9377108546e-07    1.1726182005e-07   -7.4947725928e-08   -7.1938009198e-09   -4.6625843448e-08
  32.7200000   -2.3301972513e-07    9.1467457165e-08    7.4367009509e-08   -8.9848273660e-07    1.1563888040e-07   -7.8573492194e-08   -7.1888671008e-09   -4.6694743841e-08
  32.7300000   -2.1662833095e-07    8.9901600234e-08    7.3160687992e-08   -9.0147878298e-07    1.1373099761e-07   -8.2338336019e-08   -7.1839017754e-09   -4.6765280966e-08
  32.7400000   -1.9668172306e-07    8.5146699774e-08    7.1141630737e-08   -9.0273966318e-07    1.1154588822e-07   -8.6184252463e-08   -7.1788501509e-09   -4.6837513606e-08
  32.7500000   -1.7385677145e-07    7.7396624707e-08    6.8368694230e-08   -9.0227274785e-07    1.0909546799e-07   -9.0052178054e-08   -7.1736614893e-09   -4.6911491286e-08
  32.7600000   -1.4890603451e-07    6.6916561452e-08    6.4917721717e-08   -9.0011177363e-07    1.0639583256e-07   -9.3882975217e-08   -7.1682907213e-09   -4.6987263222e-08
  32.7700000   -1.2263644736e-07    5.4036060498e-08    6.0879831104e-08   -8.9631598178e-07    1.0346715455e-07   -9.7618417011e-08   -7.1626864698e-09   -4.7064870503e-08
  32.7800000   -9.5886198688e-08    3.9140425523e-08    5.6359454549e-08   -8.9096876229e-07    1.0033345997e-07   -1.0120215723e-07   -7.1568021604e-09   -4.7144346494e-08
  32.7900000   -6.9500746472e-08    2.2661243909e-08    5.1472083010e-08   -8.8417599748e-07    9.7022428477e-08   -1.0458063150e-07   -7.1505981035e-09   -4.7225722909e-08
  32.8000000   -4.4308244184e-08    5.0657129305e-09    4.6341789922e-08   -8.7606398717e-07    9.3565030781e-08   -1.0770394106e-07   -7.1440306672e-09   -4.7309018400e-08
  32.8100000   -2.1095369266e-08   -1.3154769938e-08    4.1098537888e-08   -8.6677713639e-07    8.9995159577e-08   -1.1052665917e-07   -7.1370633194e-09   -4.7394253334e-08
  32.8200000   -5.8405886226e-10   -3.1496792048e-08    3.5875441522e-08   -8.5647535887e-07    8.6349196303e-08   -1.1300852941e-07   -7.1296597400e-09   -4.7481440770e-08
  32.8300000    1.6590138121e-08   -4.9457327993e-08    3.0805882157e-08   -8.4533123281e-07    8.2665501445e-08   -1.1511509511e-07   -7.1217778926e-09   -4.7570584511e-08
  32.8400000    2.9897364006e-08   -6.6546411978e-08    2.6020651619e-08   -8.3352706231e-07    7.8983907947e-08   -1.1681823208e-07   -7.1133894494e-09   -4.7661687880e-08
  32.8500000    3.8929905139e-08   -8.2299749790e-08    2.1645133706e-08   -8.2125177690e-07    7.5345132641e-08   -1.1809655724e-07   -7.1044615996e-09   -4.7754750985e-08
  32.8600000    4.3415293896e-08   -9.6290790365e-08    1.7796571677e-08   -8.0869778638e-07    7.1790194063e-08   -1.1893569775e-07   -7.0949609616e-09   -4.7849761204e-08
  32.8700000    4.3225465805e-08   -1.0814241143e-07    1.4581527956e-08   -7.9605781861e-07    6.8359821633e-08   -1.1932850969e-07   -7.0848532222e-09   -4.7946711371e-08
  32.8800000    3.8381802274e-08   -1.1753732828e-07    1.2093458163e-08   -7.8352187363e-07    6.5093833985e-08   -1.1927510235e-07   -7.0741118301e-09   -4.8045584058e-08
  32.8900000    2.9055675364e-08   -1.2422744501e-07    1.0410666357e-08   -7.7127414855e-07    6.2030548402e-08   -1.1878277121e-07   -7.0627080784e-09   -4.8146358197e-08
  32.9000000    1.5564644237e-08   -1.2804163360e-07    9.5944333443e-09   -7.5949025539e-07    5.9206189685e-08   -1.1786582249e-07   -7.0506074843e-09   -4.8249014005e-08
  32.9100000   -1.6359753272e-09   -1.2889162834e-07    9.6875557003e-09   -7.4833451905e-07    5.6654341800e-08   -1.1654527334e-07   -7.0377789641e-09   -4.8353520372e-08
  32.9200000   -2.1965695956e-08   -1.2677587771e-07    1.0713178364e-08   -7.3795758149e-07    5.4405415398e-08   -1.1484842422e-07   -7.0241901920e-09   -4.8459855200e-08
  32.9300000   -4.4735514331e-08   -1.2178115059e-07    1.2674071622e-08   -7.2849423473e-07    5.2486194511e-08   -1.1280837286e-07   -7.0098098282e-09   -4.8567979650e-08
  32.9400000   -6.9168014804e-08   -1.1408166678e-07    1.5552264007e-08   -7.2006157908e-07    5.0919394041e-08   -1.1046338956e-07   -6.9946073260e-09   -4.8677863530e-08
  32.9500000   -9.4420622876e-08   -1.0393573858e-07    1.9309107431e-08   -7.1275750725e-07    4.9723321186e-08   -1.0785626044e-07   -6.9785433464e-09   -4.8789469453e-08
  32.9600000   -1.1961093287e-07   -9.1679882863e-08    2.3885730450e-08   -7.0665953316e-07    4.8911561466e-08   -1.0503352777e-07   -6.9615888471e-09   -4.8902759056e-08
  32.9700000   -1.4384387898e-07   -7.7720375896e-08    2.9203906653e-08   -7.0182397104e-07    4.8492785217e-08   -1.0204469770e-07   -6.9437016050e-09   -4.9017691680e-08
  32.9800000   -1.6623949633e-07   -6.2522516214e-08    3.5167297936e-08   -6.9828549991e-07    4.8470583488e-08   -9.8941387017e-08   -6.9248453408e-09   -4.9134225791e-08
  32.9900000   -1.8596070091e-07   -4.6597712893e-08    4.1663078596e-08   -6.9605710305e-07    4.8843429520e-08   -9.5776463633e-08   -6.9049805471e-09   -4.9252315093e-08
  33.0000000   -2.0224010649e-07   -3.0488686883e-08    4.8563884780e-08   -6.9513035158e-07    4.9604653653e-08   -9.2603167977e-08   -6.8840681010e-09   -4.9371918992e-08
  33.0100000   -2.1440505025e-07   -1.4753395578e-08    5.5730065597e-08   -6.9547602600e-07    5.0742593741e-08   -8.9474240612e-08   -6.8620646992e-09   -4.9492989075e-08
  33.0200000   -2.2190009264e-07    5.2324218652e-11    6.3012195667e-08   -6.9704513922e-07    5.2240733271e-08   -8.6441060825e-08   -6.8389343538e-09   -4.9615477344e-08
  33.0300000   -2.2430618933e-07    1.3392320450e-08    7.0253802794e-08   -6.9977016728e-07    5.4077984168e-08   -8.3552832984e-08   -6.8146323245e-09   -4.9739339486e-08
  33.0400000   -2.2135591458e-07    2.4767875753e-08    7.7294272861e-08   -7.0356666838e-07    5.6228986910e-08   -8.0855785216e-08   -6.7891191051e-09   -4.9864527244e-08
  33.0500000   -2.1294411088e-07    3.3734647716e-08    8.3971837021e-08   -7.0833507074e-07    5.8664507808e-08   -7.8392471729e-08   -6.7623534754e-09   -4.9990991686e-08
  33.0600000   -1.9913378972e-07    3.9918471571e-08    9.0126638327e-08   -7.1396271052e-07    6.1351908235e-08   -7.6201101091e-08   -6.7342990840e-09   -5.0118679800e-08
  33.0700000   -1.8015687242e-07    4.3029306898e-08    9.5603822194e-08   -7.2032604861e-07    6.4255615354e-08   -7.4314970107e-08   -6.7049192942e-09   -5.0247548738e-08
  33.0800000   -1.5640957333e-07    4.2872905030e-08    1.0025650511e-07   -7.2729301169e-07    6.7337696343e-08   -7.2761978321e-08   -6.6741794510e-09   -5.0377540536e-08
  33.0900000   -1.2844290496e-07    3.9359668107e-08    1.0394868280e-07   -7.3472542802e-07    7.0558416127e-08   -7.1564230779e-08   -6.6420484167e-09   -5.0508611246e-08
