  57.0100000   -2.4712942174e-03    6.8568309537e-08    7.0978343770e-05    6.6341579393e-08    8.5609391689e-04   -2.7371718445e-09   -6.1613995569e-04   -2.4238919287e-08
  57.0200000   -2.4603577590e-03    5.8432617379e-08    6.2973520400e-05    6.8392742444e-08    8.5904019442e-04   -2.3049031964e-09   -6.1588714800e-04   -2.3137620664e-08
  57.0300000   -2.4486220351e-03    4.7081395754e-08    5.5256803203e-05    6.9924239979e-08    8.6199701261e-04   -1.8345411546e-09   -6.1561886404e-04   -2.1928387482e-08
  57.0400000   -2.4361818043e-03    3.4679394007e-08    4.7851070158e-05    7.0919204942e-08    8.6496413590e-04   -1.3281468743e-09   -6.1533488619e-04   -2.0617559960e-08
  57.0500000   -2.4231431868e-03    2.1415134931e-08    4.0774385606e-05    7.1362312601e-08    8.6794123563e-04   -7.8824839991e-10   -6.1503503605e-04   -1.9211928541e-08
  57.0600000   -2.4096222111e-03    7.4978678443e-09    3.4039797615e-05    7.1239788347e-08    8.7092789173e-04   -2.1780845509e-10   -6.1471917493e-04   -1.7718716834e-08
  57.0700000   -2.3957431934e-03   -6.8459269154e-09    2.7655213003e-05    7.0539456987e-08    8.7392359500e-04    3.7977569652e-10   -6.1438720414e-04   -1.6145525760e-08
  57.0800000   -2.3816369724e-03   -2.1376451387e-08    2.1623350232e-05    6.9250908144e-08    8.7692774996e-04    1.0006919470e-09   -6.1403906525e-04   -1.4500309769e-08
  57.0900000   -2.3674390269e-03   -3.5844906277e-08    1.5941768964e-05    6.7365736804e-08    8.7993967818e-04    1.6407423053e-09   -6.1367474024e-04   -1.2791330563e-08
  57.1000000   -2.3532875020e-03   -4.9998047928e-08    1.0602973885e-05    6.4877880668e-08    8.8295862203e-04    2.2953693559e-09   -6.1329425153e-04   -1.1027121167e-08
  57.1100000   -2.3393211750e-03   -6.3582941552e-08    5.5945894171e-06    6.1784021242e-08    8.8598374907e-04    2.9596872105e-09   -6.1289766187e-04   -9.2164427674e-09
  57.1200000   -2.3256773913e-03   -7.6351840428e-08    8.9960079852e-07    5.8084071964e-08    8.8901415672e-04    3.6285233800e-09   -6.1248507422e-04   -7.3682419452e-09
  57.1300000   -2.3124900023e-03   -8.8067009679e-08   -3.5033436636e-06    5.3781732907e-08    8.9204887740e-04    4.2964544602e-09   -6.1205663147e-04   -5.4916067519e-09
  57.1400000   -2.2998873354e-03   -9.8505507713e-08   -7.6395754209e-06    4.8885072492e-08    8.9508688409e-04    4.9578535826e-09   -6.1161251600e-04   -3.5957258732e-09
  57.1500000   -2.2879902308e-03   -1.0746371164e-07   -1.1538000115e-05    4.3407187289e-08    8.9812709619e-04    5.6069413827e-09   -6.1115294929e-04   -1.6898449368e-09
  57.1600000   -2.2769101724e-03   -1.1476156144e-07   -1.5230650911e-05    3.7366810601e-08    9.0116838566e-04    6.2378294914e-09   -6.1067819122e-04    2.1678381571e-10
  57.1700000   -2.2667475448e-03   -1.2024645708e-07   -1.8752208222e-05    3.0788954440e-08    9.0420958352e-04    6.8445786418e-09   -6.1018853944e-04    2.1149338970e-09
  57.1800000   -2.2575900424e-03   -1.2379660737e-07   -2.2139493508e-05    2.3705507605e-08    9.0724948652e-04    7.4212521867e-09   -6.0968432855e-04    3.9954641085e-09
  57.1900000   -2.2495112585e-03   -1.2532385748e-07   -2.5430945031e-05    1.6155768312e-08    9.1028686398e-04    7.9619722991e-09   -6.0916592915e-04    5.8493432906e-09
  57.2000000   -2.2425694742e-03   -1.2477590642e-07   -2.8666083231e-05    8.1869013143e-09    9.1332046487e-04    8.4609799677e-09   -6.0863374686e-04    7.6677065619e-09
  57.2100000   -2.2368066702e-03   -1.2213780747e-07   -3.1884973259e-05   -1.4570203468e-10    9.1634902491e-04    8.9126849128e-09   -6.0808822117e-04    9.4418917510e-09
  57.2200000   -2.2322477756e-03   -1.1743280933e-07   -3.5127691913e-05   -8.7782420699e-09    9.1937127379e-04    9.3117345393e-09   -6.0752982422e-04    1.1163481023e-08
  57.2300000   -2.2289001694e-03   -1.1072238674e-07   -3.8433805850e-05   -1.7638391345e-08    9.2238594239e-04    9.6530636952e-09   -6.0695905942e-04    1.2824339644e-08
  57.2400000   -2.2267534410e-03   -1.0210555189e-07   -4.1841867431e-05   -2.6645449763e-08    9.2539177000e-04    9.9319519292e-09   -6.0637646005e-04    1.4416650757e-08
  57.2500000   -2.2257794174e-03   -9.1717404511e-08   -4.5388933970e-05   -3.5710620869e-08    9.2838751146e-04    1.0144074074e-08   -6.0578258769e-04    1.5932962465e-08
  57.2600000   -2.2259324569e-03   -7.9726934585e-08   -4.9110115620e-05   -4.4737508034e-08    9.3137194422e-04    1.0285560094e-08   -6.0517803056e-04    1.7366208592e-08
  57.2700000   -2.2271500066e-03   -6.6334157494e-08   -5.3038156521e-05   -5.3622837913e-08    9.3434387528e-04    1.0353033024e-08   -6.0456340179e-04    1.8709749341e-08
  57.2800000   -2.2293534168e-03   -5.1766540846e-08   -5.7203052990e-05   -6.2257376829e-08    9.3730214785e-04    1.0343662522e-08   -6.0393933759e-04    1.9957402532e-08
  57.2900000   -2.2324490009e-03   -3.6274918779e-08   -6.1631712096e-05   -7.0527055179e-08    9.4024564795e-04    1.0255200313e-08   -6.0330649525e-04    2.1103464295e-08
  57.3000000   -2.2363293263e-03   -2.0128837414e-08   -6.6347653080e-05   -7.8314345491e-08    9.4317331059e-04    1.0086023642e-08   -6.0266555119e-04    2.2142748877e-08
  57.3100000   -2.2408747164e-03   -3.6115468305e-09   -7.1370753615e-05   -8.5499774115e-08    9.4608412582e-04    9.8351592167e-09   -6.0201719881e-04    2.3070596932e-08
  57.3200000   -2.2459549439e-03    1.2985384845e-08   -7.6717042127e-05   -9.1963659149e-08    9.4897714431e-04    9.5023142671e-09   -6.0136214628e-04    2.3882906658e-08
  57.3300000   -2.2514310882e-03    2.9367643352e-08   -8.2398536865e-05   -9.7587999607e-08    9.5185148267e-04    9.0878983390e-09   -6.0070111433e-04    2.4576147283e-08
  57.3400000   -2.2571575306e-03    4.5243797621e-08   -8.8423132023e-05   -1.0225848068e-07    9.5470632840e-04    8.5930323918e-09   -6.0003483385e-04    2.5147377574e-08
  57.3500000   -2.2629840573e-03    6.0330981351e-08   -9.4794530387e-05   -1.0586658844e-07    9.5754094435e-04    8.0195680177e-09   -5.9936404354e-04    2.5594257087e-08
  57.3600000   -2.2687580381e-03    7.4360372688e-08   -1.0151222194e-04   -1.0831173360e-07    9.6035467281e-04    7.3700799892e-09   -5.9868948741e-04    2.5915053647e-08
  57.3700000   -2.2743266485e-03    8.7082487712e-08   -1.0857150723e-04   -1.0950351544e-07    9.6314693917e-04    6.6478668645e-09   -5.9801191231e-04    2.6108650924e-08
  57.3800000   -2.2795391017e-03    9.8272034101e-08   -1.1596356411e-04   -1.0936384559e-07    9.6591725504e-04    5.8569388299e-09   -5.9733206537e-04    2.6174557096e-08
  57.3900000   -2.2842488558e-03    1.0773238303e-07   -1.2367555602e-04   -1.0782903862e-07    9.6866522094e-04    5.0020009024e-09   -5.9665069141e-04    2.6112898256e-08
  57.4000000   -2.2883157646e-03    1.1529939829e-07   -1.3169078024e-04   -1.0485181395e-07    9.7139052847e-04    4.0884257426e-09   -5.9596853031e-04    2.5924420490e-08
  57.4100000   -2.2916081369e-03    1.2084471031e-07   -1.3998885356e-04   -1.0040311084e-07    9.7409296199e-04    3.1222276680e-09   -5.9528631443e-04    2.5610485325e-08
  57.4200000   -2.2940046754e-03    1.2427818852e-07   -1.4854593369e-04   -9.4473690662e-08    9.7677239976e-04    2.1100221676e-09   -5.9460476598e-04    2.5173058676e-08
  57.4300000   -2.2953962639e-03    1.2554970596e-07   -1.5733497371e-04   -8.7075502950e-08    9.7942881458e-04    1.0589777793e-09   -5.9392459432e-04    2.4614699558e-08
  57.4400000   -2.2956875776e-03    1.2465006950e-07   -1.6632600741e-04   -7.8242723307e-08    9.8206227395e-04   -2.3220029469e-11   -5.9324649341e-04    2.3938547100e-08
  57.4500000   -2.2947984895e-03    1.2161111992e-07   -1.7548646311e-04   -6.8032510344e-08    9.8467293961e-04   -1.1284389812e-09   -5.9257113918e-04    2.3148301615e-08
  57.4600000   -2.2926652548e-03    1.1650498875e-07   -1.8478150332e-04   -5.6525324536e-08    9.8726106667e-04   -2.2481553472e-09   -5.9189918700e-04    2.2248206035e-08
  57.4700000   -2.2892414520e-03    1.0944255336e-07   -1.9417438792e-04   -4.3824928083e-08    9.8982700223e-04   -3.3735185607e-09   -5.9123126910e-04    2.1243025343e-08
  57.4800000   -2.2844986702e-03    1.0057107967e-07   -2.0362685817e-04   -3.0057900972e-08    9.9237118342e-04   -4.4954210928e-09   -5.9056799217e-04    2.0138021598e-08
  57.4900000   -2.2784269287e-03    9.0071116830e-08   -2.1309953890e-04   -1.5372784274e-08    9.9489413506e-04   -5.6045688419e-09   -5.8990993491e-04    1.8938917814e-08
  57.5000000   -2.2710348262e-03    7.8152736225e-08   -2.2255235620e-04    6.1248282264e-11    9.9739646684e-04   -6.6915640878e-09   -5.8925764572e-04    1.7651885116e-08
  57.5100000   -2.2623494144e-03    6.5051133763e-08   -2.3194496759e-04    1.6056128814e-08    9.9987886996e-04   -7.7469864682e-09   -5.8861164048e-04    1.6283496806e-08
  57.5200000   -2.2524158019e-03    5.1021772011e-08   -2.4123720193e-04    3.2407054473e-08    1.0023421135e-03   -8.7614644127e-09   -5.8797240036e-04    1.4840696073e-08
  57.5300000   -2.2412964908e-03    3.6335059327e-08   -2.5038950564e-04    4.8895069300e-08    1.0047870403e-03   -9.7257648875e-09   -5.8734036980e-04    1.3330768262e-08
  57.5400000   -2.2290704593e-03    2.1270796193e-08   -2.5936339202e-04    6.5289948868e-08    1.0072145624e-03   -1.0630877484e-08   -5.8671595464e-04    1.1761295543e-08
  57.5500000   -2.2158320041e-03    6.1124077467e-09   -2.6812189017e-04    8.1353492487e-08    1.0096256562e-03   -1.1468091845e-08   -5.8609952021e-04    1.0140128921e-08
  57.5600000   -2.2016893596e-03   -8.8588360446e-09   -2.7662998953e-04    9.6843060292e-08    1.0120213576e-03   -1.2229083155e-08   -5.8549138980e-04    8.4753310447e-09
  57.5700000   -2.1867631154e-03   -2.3369559383e-08   -2.8485507624e-04    1.1151532123e-07    1.0144027561e-03   -1.2905988869e-08   -5.8489184307e-04    6.7751598682e-09
  57.5800000   -2.1711844574e-03   -3.7159779891e-08   -2.9276735699e-04    1.2513022412e-07    1.0167709893e-03   -1.3491493939e-08   -5.8430111468e-04    5.0480050941e-09
  57.5900000   -2.1550932586e-03   -4.9988100330e-08   -3.0034026595e-04    1.3745500761e-07    1.0191272371e-03   -1.3978891970e-08   -5.8371939315e-04    3.3023576698e-09
  57.6000000   -2.1386360482e-03   -6.1636491121e-08   -3.0755085011e-04    1.4826830914e-07    1.0214727155e-03   -1.4362169423e-08   -5.8314681977e-04    1.5467666944e-09
  57.6100000   -2.1219638904e-03   -7.1914474407e-08   -3.1438012819e-04    1.5736417000e-07    1.0238086699e-03   -1.4636064962e-08   -5.8258348780e-04   -2.1020279868e-10
  57.6200000   -2.1052302057e-03   -8.0662767067e-08   -3.2081341834e-04    1.6455599467e-07    1.0261363696e-03   -1.4796126002e-08   -5.8202944174e-04   -1.9600183758e-09
  57.6300000   -2.0885885657e-03   -8.7756134765e-08   -3.2684062941e-04    1.6968026169e-07    1.0284571002e-03   -1.4838770693e-08   -5.8148467689e-04   -3.6942107340e-09
  57.6400000   -2.0721904952e-03   -9.3105512070e-08   -3.3245651103e-04    1.7259999335e-07    1.0307721579e-03   -1.4761332602e-08   -5.8094913902e-04   -5.4044280218e-09
  57.6500000   -2.0561833154e-03   -9.6659344677e-08   -3.3766085752e-04    1.7320788322e-07    1.0330828426e-03   -1.4562096358e-08   -5.8042272432e-04   -7.0824618501e-09
  57.6600000   -2.0407080580e-03   -9.8404041079e-08   -3.4245866067e-04    1.7142905376e-07    1.0353904513e-03   -1.4240339160e-08   -5.7990527943e-04   -8.7203012441e-09
  57.6700000   -2.0258974825e-03   -9.8363614246e-08   -3.4686020736e-04    1.6722326871e-07    1.0376962716e-03   -1.3796352017e-08   -5.7939660181e-04   -1.0310159354e-08
  57.6800000   -2.0118742246e-03   -9.6598481128e-08   -3.5088111745e-04    1.6058672296e-07    1.0400015754e-03   -1.3231458216e-08   -5.7889644018e-04   -1.1844517759e-08
  57.6900000   -1.9987491033e-03   -9.3203453521e-08   -3.5454231859e-04    1.5155315785e-07    1.0423076125e-03   -1.2548015935e-08   -5.7840449526e-04   -1.3316159284e-08
  57.7000000   -1.9866196092e-03   -8.8305028200e-08   -3.5786995474e-04    1.4019446634e-07    1.0446156043e-03   -1.1749427703e-08   -5.7792042068e-04   -1.4718198939e-08
  57.7100000   -1.9755685975e-03   -8.2057912743e-08   -3.6089522615e-04    1.2662058569e-07    1.0469267382e-03   -1.0840121040e-08   -5.7744382405e-04   -1.6044123317e-08
  57.7200000   -1.9656632015e-03   -7.4641017862e-08   -3.6365415898e-04    1.1097880389e-07    1.0492421615e-03   -9.8255333209e-09   -5.7697426826e-04   -1.7287809973e-08
  57.7300000   -1.9569539822e-03   -6.6252914725e-08   -3.6618730401e-04    9.3452348036e-08    1.0515629758e-03   -8.7120846952e-09   -5.7651127301e-04   -1.8443567515e-08
  57.7400000   -1.9494743241e-03   -5.7106900378e-08   -3.6853936482e-04    7.4258369501e-08    1.0538902322e-03   -7.5071380139e-09   -5.7605431648e-04   -1.9506147895e-08
  57.7500000   -1.9432400856e-03   -4.7425793825e-08   -3.7075875637e-04    5.3645262645e-08    1.0562249257e-03   -6.2189599990e-09   -5.7560283715e-04   -2.0470774026e-08
  57.7600000   -1.9382495044e-03   -3.7436562537e-08   -3.7289709680e-04    3.1889454499e-08    1.0585679910e-03   -4.8566594629e-09   -5.7515623590e-04   -2.1333165809e-08
  57.7700000   -1.9344833600e-03   -2.7364916017e-08   -3.7500863576e-04    9.2915116042e-09    1.0609202980e-03   -3.4301252965e-09   -5.7471387821e-04   -2.2089550278e-08
  57.7800000   -1.9319053869e-03   -1.7430019479e-08   -3.7714962410e-04   -1.3828103278e-08    1.0632826478e-03   -1.9499608539e-09   -5.7427509651e-04   -2.2736680391e-08
  57.7900000   -1.9304629297e-03   -7.8394196027e-09   -3.7937763091e-04   -3.7133820789e-08    1.0656557691e-03   -4.2740092982e-10   -5.7383919274e-04   -2.3271842350e-08
  57.8000000   -1.9300878302e-03    1.2157020481e-09   -3.8175081486e-04   -6.0280084599e-08    1.0680403148e-03    1.1257635075e-09   -5.7340544100e-04   -2.3692875270e-08
  57.8100000   -1.9306975282e-03    9.5647827529e-09   -3.8432715818e-04   -8.2916720886e-08    1.0704368597e-03    2.6972939816e-09   -5.7297309039e-04   -2.3998164864e-08
  57.8200000   -1.9321963605e-03    1.7061601248e-08   -3.8716367250e-04   -1.0469454356e-07    1.0728458972e-03    4.2745792832e-09   -5.7254136789e-04   -2.4186657247e-08
  57.8300000   -1.9344770348e-03    2.3587351885e-08   -3.9031558663e-04   -1.2527102495e-07    1.0752678382e-03    5.8447539351e-09   -5.7210948147e-04   -2.4257854516e-08
  57.8400000   -1.9374222555e-03    2.9052997629e-08   -3.9383552764e-04   -1.4431600145e-07    1.0777030087e-03    7.3947957151e-09   -5.7167662317e-04   -2.4211817190e-08
  57.8500000   -1.9409064764e-03    3.3400832188e-08   -3.9777270658e-04   -1.6151721243e-07    1.0801516493e-03    8.9116267749e-09   -5.7124197237e-04   -2.4049153236e-08
  57.8600000   -1.9447977520e-03    3.6605283776e-08   -4.0217212142e-04   -1.7658573457e-07    1.0826139137e-03    1.0382238394e-08   -5.7080469908e-04   -2.3771019661e-08
  57.8700000   -1.9489596601e-03    3.8672825186e-08   -4.0707378981e-04   -1.8926103268e-07    1.0850898690e-03    1.1793791078e-08   -5.7036396730e-04   -2.3379106684e-08
  57.8800000   -1.9532532655e-03    3.9641127172e-08   -4.1251202424e-04   -1.9931568858e-07    1.0875794956e-03    1.3133730008e-08   -5.6991893844e-04   -2.2875627798e-08
  57.8900000   -1.9575390968e-03    3.9577347290e-08   -4.1851476261e-04   -2.0655960330e-07    1.0900826873e-03    1.4389897455e-08   -5.6946877478e-04   -2.2263304037e-08
  57.9000000   -1.9616791053e-03    3.8575722641e-08   -4.2510296638e-04   -2.1084367399e-07    1.0925992529e-03    1.5550640099e-08   -5.6901264287e-04   -2.1545350913e-08
  57.9100000   -1.9655385795e-03    3.6754422690e-08   -4.3229009849e-04   -2.1206283670e-07    1.0951289166e-03    1.6604918073e-08   -5.6854971708e-04   -2.0725454332e-08
  57.9200000   -1.9689879867e-03    3.4251804142e-08   -4.4008169199e-04   -2.1015841233e-07    1.0976713205e-03    1.7542403392e-08   -5.6807918297e-04   -1.9807749712e-08
  57.9300000   -1.9719047151e-03    3.1222154653e-08   -4.4847501980e-04   -2.0511971855e-07    1.1002260259e-03    1.8353584702e-08   -5.6760024081e-04   -1.8796809388e-08
  57.9400000   -1.9741746944e-03    2.7831008525e-08   -4.5745887453e-04   -1.9698490088e-07    1.1027925165e-03    1.9029859367e-08   -5.6711210889e-04   -1.7697606678e-08
  57.9500000   -1.9756938702e-03    2.4250158666e-08   -4.6701346588e-04   -1.8584096878e-07    1.1053702001e-03    1.9563613025e-08   -5.6661402688e-04   -1.6515490966e-08
  57.9600000   -1.9763695159e-03    2.0652540779e-08   -4.7711044195e-04   -1.7182303699e-07    1.1079584126e-03    1.9948312713e-08   -5.6610525913e-04   -1.5256163503e-08
  57.9700000   -1.9761213623e-03    1.7207038631e-08   -4.8771303837e-04   -1.5511270889e-07    1.1105564207e-03    2.0178569745e-08   -5.6558509779e-04   -1.3925650477e-08
  57.9800000   -1.9748825339e-03    1.4073408947e-08   -4.9877635781e-04   -1.3593574119e-07    1.1131634257e-03    2.0250202598e-08   -5.6505286596e-04   -1.2530267547e-08
  57.9900000   -1.9726002800e-03    1.1397452565e-08   -5.1024778004e-04   -1.1455891065e-07    1.1157785676e-03    2.0160296625e-08   -5.6450792062e-04   -1.1076596360e-08
  58.0000000   -1.9692364930e-03    9.3065188563e-09   -5.2206750096e-04   -9.1286172083e-08    1.1184009289e-03    1.9907243977e-08   -5.6394965554e-04   -9.5714479312e-09
  58.0100000   -1.9647680115e-03    7.9054988384e-09   -5.3416919630e-04   -6.6454183611e-08    1.1210295390e-03    1.9490774851e-08   -5.6337750392e-04   -8.0218262658e-09
  58.0200000   -1.9591867054e-03    7.2734057542e-09   -5.4648080399e-04   -4.0427257965e-08    1.1236633789e-03    1.8911987383e-08   -5.6279094104e-04   -6.4349081383e-09
  58.0300000   -1.9524993476e-03    7.4606832905e-09   -5.5892541697e-04   -1.3591764499e-08    1.1263013857e-03    1.8173354257e-08   -5.6218948663e-04   -4.8180000730e-09
  58.0400000   -1.9447272764e-03    8.4871755363e-09   -5.7142227575e-04    1.3649813158e-08    1.1289424574e-03    1.7278719852e-08   -5.6157270714e-04   -3.1785089063e-09
  58.0500000   -1.9359058586e-03    1.0341041116e-08   -5.8388784856e-04    4.0885159730e-08    1.1315854581e-03    1.6233294333e-08   -5.6094021779e-04   -1.5239111780e-09
  58.0600000   -1.9260837635e-03    1.2978444461e-08   -5.9623698465e-04    6.7698641006e-08    1.1342292230e-03    1.5043626142e-08   -5.6029168445e-04    1.3828080225e-10
  58.0700000   -1.9153220636e-03    1.6324198621e-08   -6.0838412488e-04    9.3677888255e-08    1.1368725634e-03    1.3717570808e-08   -5.5962682532e-04    1.8005557052e-09
  58.0800000   -1.9036931769e-03    2.0273243266e-08   -6.2024455229e-04    1.1842036564e-07    1.1395142719e-03    1.2264237859e-08   -5.5894541244e-04    3.4554271801e-09
  58.0900000   -1.8912796706e-03    2.4693012748e-08   -6.3173566388e-04    1.4153986816e-07    1.1421531277e-03    1.0693936214e-08   -5.5824727290e-04    5.0954693581e-09
  58.1000000   -1.8781729448e-03    2.9426614484e-08   -6.4277824442e-04    1.6267274249e-07    1.1447879020e-03    9.0181075720e-09   -5.5753228993e-04    6.7133451149e-09
  58.1100000   -1.8644718197e-03    3.4296751363e-08   -6.5329772188e-04    1.8148381284e-07    1.1474173628e-03    7.2492398370e-09   -5.5680040369e-04    8.3018426527e-09
  58.1200000   -1.8502810474e-03    3.9110292775e-08   -6.6322538439e-04    1.9767181650e-07    1.1500402808e-03    5.4007885554e-09   -5.5605161191e-04    9.8538897508e-09
  58.1300000   -1.8357097716e-03    4.3663438349e-08   -6.7249953816e-04    2.1097445281e-07    1.1526554335e-03    3.4870605406e-09   -5.5528597019e-04    1.1362594706e-08
  58.1400000   -1.8208699591e-03    4.7747275072e-08   -6.8106658664e-04    2.2117264300e-07    1.1552616114e-03    1.5231268192e-09   -5.5450359217e-04    1.2821264553e-08
  58.1500000   -1.8058748266e-03    5.1153661313e-08   -6.8888201170e-04    2.2809427386e-07    1.1578576223e-03   -4.7531014731e-10   -5.5370464944e-04    1.4223438091e-08
  58.1600000   -1.7908372839e-03    5.3681253840e-08   -6.9591123874e-04    2.3161711365e-07    1.1604422962e-03   -2.4920303582e-09   -5.5288937114e-04    1.5562900054e-08
  58.1700000   -1.7758684183e-03    5.5141561552e-08   -7.0213036913e-04    2.3167096845e-07    1.1630144905e-03   -4.5104273804e-09   -5.5205804342e-04    1.6833710756e-08
  58.1800000   -1.7610760383e-03    5.5364837447e-08   -7.0752676518e-04    2.2823901634e-07    1.1655730941e-03   -6.5136389255e-09   -5.5121100863e-04    1.8030226279e-08
  58.1900000   -1.7465632984e-03    5.4205663296e-08   -7.1209947482e-04    2.2135827351e-07    1.1681170323e-03   -8.4846926243e-09   -5.5034866421e-04    1.9147117960e-08
  58.2000000   -1.7324274203e-03    5.1548106964e-08   -7.1585948549e-04    2.1111924206e-07    1.1706452707e-03   -1.0406632945e-08   -5.4947146146e-04    2.0179388154e-08
  58.2100000   -1.7187585294e-03    4.7310282582e-08   -7.1882979937e-04    1.9766467989e-07    1.1731568198e-03   -1.2262681175e-08   -5.4857990403e-04    2.1122393814e-08
  58.2200000   -1.7056386169e-03    4.1448202650e-08   -7.2104532480e-04    1.8118754110e-07    1.1756507385e-03   -1.4036359618e-08   -5.4767454613e-04    2.1971856865e-08
  58.2300000   -1.6931406423e-03    3.3958744653e-08   -7.2255258170e-04    1.6192814330e-07    1.1781261381e-03   -1.5711649349e-08   -5.4675599062e-04    2.2723881829e-08
  58.2400000   -1.6813277828e-03    2.4881774496e-08   -7.2340922164e-04    1.4017055253e-07    1.1805821858e-03   -1.7273117323e-08   -5.4582488685e-04    2.3374965929e-08
  58.2500000   -1.6702528374e-03    1.4301177639e-08   -7.2368336649e-04    1.1623831644e-07    1.1830181080e-03   -1.8706062209e-08   -5.4488192822e-04    2.3922010759e-08
  58.2600000   -1.6599577895e-03    2.3448689172e-09   -7.2345277259e-04    9.0489521224e-08    1.1854331932e-03   -1.9996645154e-08   -5.4392784972e-04    2.4362339828e-08
  58.2700000   -1.6504735307e-03   -1.0816287093e-08   -7.2280383020e-04    6.3311348008e-08    1.1878267951e-03   -2.1132013875e-08   -5.4296342505e-04    2.4693696373e-08
  58.2800000   -1.6418197421e-03   -2.4970664701e-08   -7.2183041122e-04    3.5114159376e-08    1.1901983351e-03   -2.2100429744e-08   -5.4198946375e-04    2.4914264312e-08
  58.2900000   -1.6340049338e-03   -3.9869163434e-08   -7.2063258056e-04    6.3251848987e-09    1.1925473046e-03   -2.2891369445e-08   -5.4100680810e-04    2.5022652743e-08
  58.3000000   -1.6270266343e-03   -5.5229478428e-08   -7.1931518946e-04   -2.2617980376e-08    1.1948732670e-03   -2.3495642959e-08   -5.4001632980e-04    2.5017925823e-08
  58.3100000   -1.6208717231e-03   -7.0741375635e-08   -7.1798637090e-04   -5.1274124324e-08    1.1971758599e-03   -2.3905480013e-08   -5.3901892659e-04    2.4899594525e-08
  58.3200000   -1.6155168975e-03   -8.6072786948e-08   -7.1675595963e-04   -7.9205197160e-08    1.1994547962e-03   -2.4114611724e-08   -5.3801551866e-04    2.4667617320e-08
  58.3300000   -1.6109292628e-03   -1.0087668848e-07   -7.1573386060e-04   -1.0598298449e-07    1.2017098657e-03   -2.4118349317e-08   -5.3700704504e-04    2.4322403895e-08
  58.3400000   -1.6070670319e-03   -1.1479853453e-07   -7.1502839118e-04   -1.3119573316e-07    1.2039409360e-03   -2.3913642718e-08   -5.3599445972e-04    2.3864816177e-08
  58.3500000   -1.6038803222e-03   -1.2748417776e-07   -7.1474462310e-04   -1.5445445881e-07    1.2061479531e-03   -2.3499125246e-08   -5.3497872784e-04    2.3296166062e-08
  58.3600000   -1.6013120340e-03   -1.3858804586e-07   -7.1498275061e-04   -1.7539890250e-07    1.2083309421e-03   -2.2875148647e-08   -5.3396082169e-04    2.2618216347e-08
  58.3700000   -1.5992987962e-03   -1.4778141983e-07   -7.1583651130e-04   -1.9370307905e-07    1.2104900071e-03   -2.2043803478e-08   -5.3294171667e-04    2.1833165009e-08
  58.3800000   -1.5977719614e-03   -1.5476059066e-07   -7.1739168560e-04   -2.0908029300e-07    1.2126253313e-03   -2.1008925397e-08   -5.3192238720e-04    2.0943659423e-08
  58.3900000   -1.5966586370e-03   -1.5925477909e-07   -7.1972469993e-04   -2.2128754862e-07    1.2147371763e-03   -1.9776086856e-08   -5.3090380262e-04    1.9952777036e-08
  58.4000000   -1.5958827346e-03   -1.6103354494e-07   -7.2290135731e-04   -2.3012932362e-07    1.2168258817e-03   -1.8352571398e-08   -5.2988692299e-04    1.8864018111e-08
  58.4100000   -1.5953660229e-03   -1.5991356257e-07   -7.2697571720e-04   -2.3546058779e-07    1.2188918638e-03   -1.6747339949e-08   -5.2887269496e-04    1.7681307517e-08
  58.4200000   -1.5950291689e-03   -1.5576456238e-07   -7.3198914457e-04   -2.3718908949e-07    1.2209356143e-03   -1.4970979043e-08   -5.2786204760e-04    1.6408973414e-08
  58.4300000   -1.5947927542e-03   -1.4851428914e-07   -7.3796954515e-04   -2.3527682873e-07    1.2229576989e-03   -1.3035629273e-08   -5.2685588832e-04    1.5051747601e-08
  58.4400000   -1.5945782516e-03   -1.3815237063e-07   -7.4493080152e-04   -2.2974075833e-07    1.2249587552e-03   -1.0954913175e-08   -5.2585509871e-04    1.3614745507e-08
  58.4500000   -1.5943089520e-03   -1.2473289558e-07   -7.5287242112e-04   -2.2065259248e-07    1.2269394907e-03   -8.7438386027e-09   -5.2486053059e-04    1.2103456487e-08
  58.4600000   -1.5939108294e-03   -1.0837571189e-07   -7.6177940415e-04   -2.0813785093e-07    1.2289006798e-03   -6.4186942853e-09   -5.2387300198e-04    1.0523728689e-08
  58.4700000   -1.5933133356e-03   -8.9266319618e-08   -7.7162233576e-04   -1.9237407848e-07    1.2308431618e-03   -3.9969313044e-09   -5.2289329331e-04    8.8817586472e-09
  58.4800000   -1.5924501175e-03   -6.7654326133e-08   -7.8235770335e-04   -1.7358829239e-07    1.2327678370e-03   -1.4970382720e-09   -5.2192214359e-04    7.1840639399e-09
  58.4900000   -1.5912596492e-03   -4.3850481162e-08   -7.9392843589e-04   -1.5205368549e-07    1.2346756639e-03    1.0615950691e-09   -5.2096024685e-04    5.4374726231e-09
  58.5000000   -1.5896857761e-03   -1.8222313093e-08   -8.0626465886e-04   -1.2808563413e-07    1.2365676554e-03    3.6588314603e-09   -5.2000824857e-04    3.6491036694e-09
  58.5100000   -1.5876781671e-03    8.8116079327e-09   -8.1928465457e-04   -1.0203709369e-07    1.2384448748e-03    6.2739342195e-09   -5.1906674239e-04    1.8263466997e-09
  58.5200000   -1.5851926743e-03    3.6788607033e-08   -8.3289601416e-04   -7.4293404786e-08    1.2403084316e-03    8.8857329860e-09   -5.1813626688e-04   -2.3164329395e-11
  58.5300000   -1.5821915995e-03    6.5210038337e-08   -8.4699696453e-04   -4.5266632754e-08    1.2421594773e-03    1.1472788314e-08   -5.1721730262e-04   -1.8915741924e-09
  58.5400000   -1.5786438697e-03    9.3550393120e-08   -8.6147785029e-04   -1.5389464964e-08    1.2439992004e-03    1.4013559863e-08   -5.1631026934e-04   -3.7708270868e-09
  58.5500000   -1.5745251246e-03    1.2126720794e-07   -8.7622274808e-04    1.4891176067e-08    1.2458288219e-03    1.6486587307e-08   -5.1541552337e-04   -5.6526917259e-09
  58.5600000   -1.5698177199e-03    1.4781162955e-07   -8.9111118864e-04    4.5120764739e-08    1.2476495896e-03    1.8870658415e-08   -5.1453335529e-04   -7.5288015607e-09
  58.5700000   -1.5645106511e-03    1.7263941646e-07   -9.0601995949e-04    7.4843951528e-08    1.2494627735e-03    2.1144988173e-08   -5.1366398779e-04   -9.3906718879e-09
  58.5800000   -1.5585994051e-03    1.9522207941e-07   -9.2082496033e-04    1.0361134841e-07    1.2512696595e-03    2.3289388772e-08   -5.1280757381e-04   -1.1229730898e-08
  58.5900000   -1.5520857449e-03    2.1505807691e-07   -9.3540308159e-04    1.3098627035e-07    1.2530715443e-03    2.5284440378e-08   -5.1196419494e-04   -1.3037357482e-08
  58.6000000   -1.5449774366e-03    2.3168367924e-07   -9.4963407642e-04    1.5655133373e-07    1.2548697292e-03    2.7111660424e-08   -5.1113386010e-04   -1.4804911679e-08
  58.6100000   -1.5372879237e-03    2.4468338343e-07   -9.6340239630e-04    1.7991475992e-07    1.2566655143e-03    2.8753661746e-08   -5.1031650444e-04   -1.6523766319e-08
  58.6200000   -1.5290359601e-03    2.5369956066e-07   -9.7659896067e-04    2.0071637309e-07    1.2584601923e-03    3.0194301551e-08   -5.0951198865e-04   -1.8185351202e-08
  58.6300000   -1.5202452060e-03    2.5844120824e-07   -9.8912283255e-04    2.1863312482e-07    1.2602550426e-03    3.1418831378e-08   -5.0872009843e-04   -1.9781181692e-08
  58.6400000   -1.5109437987e-03    2.5869151431e-07   -1.0008827726e-03    2.3338415137e-07    1.2620513247e-03    3.2414030612e-08   -5.0794054438e-04   -2.1302894089e-08
  58.6500000   -1.5011639020e-03    2.5431412989e-07   -1.0117986471e-03    2.4473516208e-07    1.2638502720e-03    3.3168327291e-08   -5.0717296212e-04   -2.2742294904e-08
  58.6600000   -1.4909412443e-03    2.4525793632e-07   -1.0218026665e-03    2.5250226180e-07    1.2656530859e-03    3.3671916005e-08   -5.0641691279e-04   -2.4091390606e-08
  58.6700000   -1.4803146511e-03    2.3156024455e-07   -1.0308404346e-03    2.5655497478e-07    1.2674609291e-03    3.3916847067e-08   -5.0567188382e-04   -2.5342438961e-08
  58.6800000   -1.4693255777e-03    2.1334825239e-07   -1.0388717919e-03    2.5681852736e-07    1.2692749198e-03    3.3897120472e-08   -5.0493729005e-04   -2.6487973997e-08
  58.6900000   -1.4580176482e-03    1.9083872568e-07   -1.0458714384e-03    2.5327532172e-07    1.2710961253e-03    3.3608751132e-08   -5.0421247517e-04   -2.7520857839e-08
  58.7000000   -1.4464362051e-03    1.6433590979e-07   -1.0518293263e-03    2.4596556562e-07    1.2729255563e-03    3.3049822528e-08   -5.0349671345e-04   -2.8434324990e-08
  58.7100000   -1.4346278742e-03    1.3422764507e-07   -1.0567508163e-03    2.3498704869e-07    1.2747641610e-03    3.2220529330e-08   -5.0278921184e-04   -2.9222009209e-08
  58.7200000   -1.4226401463e-03    1.0097972726e-07   -1.0606565945e-03    2.2049405482e-07    1.2766128192e-03    3.1123196396e-08   -5.0208911234e-04   -2.9877995992e-08
  58.7300000   -1.4105209802e-03    6.5128597671e-08   -1.0635823517e-03    2.0269542580e-07    1.2784723374e-03    2.9762281608e-08   -5.0139549473e-04   -3.0396858612e-08
  58.7400000   -1.3983184261e-03    2.7272500061e-08   -1.0655782294e-03    1.8185176629e-07    1.2803434433e-03    2.8144365257e-08   -5.0070737957e-04   -3.0773698431e-08
  58.7500000   -1.3860802723e-03   -1.1938752655e-08   -1.0667080434e-03    1.5827186098e-07    1.2822267811e-03    2.6278125983e-08   -5.0002373152e-04   -3.1004178725e-08
  58.7600000   -1.3738537146e-03   -5.1815243753e-08   -1.0670482948e-03    1.3230833675e-07    1.2841229068e-03    2.4174284278e-08   -4.9934346293e-04   -3.1084568622e-08
  58.7700000   -1.3616850468e-03   -9.1639440290e-08   -1.0666869874e-03    1.0435261861e-07    1.2860322843e-03    2.1845551058e-08   -4.9866543772e-04   -3.1011779229e-08
  58.7800000   -1.3496193728e-03   -1.3067940906e-07   -1.0657222683e-03    7.4829194950e-08    1.2879552814e-03    1.9306536612e-08   -4.9798847558e-04   -3.0783384486e-08
  58.7900000   -1.3377003385e-03   -1.6820261128e-07   -1.0642609150e-03    4.4189389673e-08    1.2898921664e-03    1.6573667302e-08   -4.9731135630e-04   -3.0397665236e-08
  58.8000000   -1.3259698811e-03   -2.0348990708e-07   -1.0624166928e-03    1.2904631431e-08    1.2918431055e-03    1.3665067397e-08   -4.9663282452e-04   -2.9853634077e-08
  58.8100000   -1.3144679942e-03   -2.3584960120e-07   -1.0603086099e-03   -1.8540703274e-08    1.2938081598e-03    1.0600434568e-08   -4.9595159452e-04   -2.9151061445e-08
  58.8200000   -1.3032325066e-03   -2.6463114662e-07   -1.0580590967e-03   -4.9656669813e-08    1.2957872841e-03    7.4009041152e-09   -4.9526635535e-04   -2.8290497606e-08
  58.8300000   -1.2922988738e-03   -2.8923831626e-07   -1.0557921398e-03   -7.9955346574e-08    1.2977803247e-03    4.0888971680e-09   -4.9457577612e-04   -2.7273296034e-08
  58.8400000   -1.2816999776e-03   -3.0914152873e-07   -1.0536314000e-03   -1.0895845905e-07    1.2997870191e-03    6.8795433854e-10   -4.9387851144e-04   -2.6101627065e-08
  58.8500000   -1.2714659357e-03   -3.2388908229e-07   -1.0516983438e-03   -1.3620497779e-07    1.3018069954e-03   -2.7774276544e-09   -4.9317320698e-04   -2.4778490010e-08
  58.8600000   -1.2616239165e-03   -3.3311708090e-07   -1.0501104188e-03   -1.6125850686e-07    1.3038397727e-03   -6.2819879857e-09   -4.9245850530e-04   -2.3307724924e-08
  58.8700000   -1.2521979614e-03   -3.3655779320e-07   -1.0489793012e-03   -1.8371441731e-07    1.3058847618e-03   -9.7998832957e-09   -4.9173305156e-04   -2.1694012327e-08
  58.8800000   -1.2432088111e-03   -3.3404632316e-07   -1.0484092422e-03   -2.0320652633e-07    1.3079412669e-03   -1.3304888945e-08   -4.9099549954e-04   -1.9942878951e-08
  58.8900000   -1.2346737385e-03   -3.2552539360e-07   -1.0484955396e-03   -2.1941330309e-07    1.3100084875e-03   -1.6770597724e-08   -4.9024451757e-04   -1.8060688642e-08
  58.9000000   -1.2266063873e-03   -3.1104811919e-07   -1.0493231583e-03   -2.3206344175e-07    1.3120855210e-03   -2.0170615742e-08   -4.8947879453e-04   -1.6054631276e-08
  58.9100000   -1.2190166178e-03   -2.9077874756e-07   -1.0509655193e-03   -2.4094064197e-07    1.3141713660e-03   -2.3478776016e-08   -4.8869704588e-04   -1.3932717009e-08
  58.9200000   -1.2119103627e-03   -2.6499123276e-07   -1.0534834759e-03   -2.4588769856e-07    1.3162649265e-03   -2.6669335996e-08   -4.8789801966e-04   -1.1703743702e-08
  58.9300000   -1.2052894935e-03   -2.3406575741e-07   -1.0569244918e-03   -2.4680957302e-07    1.3183650159e-03   -2.9717186414e-08   -4.8708050239e-04   -9.3772812360e-09
  58.9400000   -1.1991517024e-03   -1.9848315393e-07   -1.0613220325e-03   -2.4367558975e-07    1.3204703622e-03   -3.2598039182e-08   -4.8624332495e-04   -6.9636329301e-09
  58.9500000   -1.1934904008e-03   -1.5881732506e-07   -1.0666951775e-03   -2.3652057954e-07    1.3225796137e-03   -3.5288635692e-08   -4.8538536837e-04   -4.4738153740e-09
  58.9600000   -1.1882946403e-03   -1.1572582995e-07   -1.0730484575e-03   -2.2544501076e-07    1.3246913452e-03   -3.7766920439e-08   -4.8450556939e-04   -1.9194954692e-09
  58.9700000   -1.1835490588e-03   -6.9938756318e-08   -1.0803719179e-03   -2.1061399871e-07    1.3268040643e-03   -4.0012229821e-08   -4.8360292600e-04    6.8703555923e-10
  58.9800000   -1.1792338563e-03   -2.2246085867e-08   -1.0886414040e-03   -1.9225528749e-07    1.3289162188e-03   -4.2005453800e-08   -4.8267650265e-04    3.3329256294e-09
  58.9900000   -1.1753248043e-03    2.6516246978e-08   -1.0978190625e-03   -1.7065618440e-07    1.3310262043e-03   -4.3729200457e-08   -4.8172543533e-04    6.0048112281e-09
  59.0000000   -1.1717932945e-03    7.5481272463e-08   -1.1078540485e-03   -1.4615940813e-07    1.3331323722e-03   -4.5167936196e-08   -4.8074893641e-04    8.6888814755e-09
  59.0100000   -1.1686064281e-03    1.2376673368e-07   -1.1186834248e-03   -1.1915804493e-07    1.3352330378e-03   -4.6308126215e-08   -4.7974629911e-04    1.1370950496e-08
  59.0200000   -1.1657271520e-03    1.7049122137e-07   -1.1302332371e-03   -9.0089517211e-08    1.3373264894e-03   -4.7138343921e-08   -4.7871690186e-04    1.4036513989e-08
  59.0300000   -1.1631144439e-03    2.1479055061e-07   -1.1424197464e-03   -5.9428766245e-08    1.3394109970e-03   -4.7649375953e-08   -4.7766021212e-04    1.6670828341e-08
  59.0400000   -1.1607235493e-03    2.5583391353e-07   -1.1551507976e-03   -2.7680744257e-08    1.3414848218e-03   -4.7834313584e-08   -4.7657579001e-04    1.9258993328e-08
  59.0500000   -1.1585062713e-03    2.9283964682e-07   -1.1683272993e-03    4.6277707425e-09    1.3435462254e-03   -4.7688610666e-08   -4.7546329153e-04    2.1786030805e-08
  59.0600000   -1.1564113166e-03    3.2509017974e-07   -1.1818447936e-03    3.6956784991e-08    1.3455934794e-03   -4.7210143730e-08   -4.7432247137e-04    2.4236966464e-08
  59.0700000   -1.1543846953e-03    3.5194601648e-07   -1.1955950860e-03    6.8762093752e-08    1.3476248753e-03   -4.6399238998e-08   -4.7315318533e-04    2.6596917595e-08
  59.0800000   -1.1523701761e-03    3.7285831119e-07   -1.2094679126e-03    9.9504395083e-08    1.3496387338e-03   -4.5258683275e-08   -4.7195539230e-04    2.8851184824e-08
  59.0900000   -1.1503097929e-03    3.8737994444e-07   -1.2233526150e-03    1.2865856257e-07    1.3516334147e-03   -4.3793723838e-08   -4.7072915582e-04    3.0985336934e-08
  59.1000000   -1.1481444015e-03    3.9517480387e-07   -1.2371397989e-03    1.5572267924e-07    1.3536073264e-03   -4.2012042473e-08   -4.6947464518e-04    3.2985306927e-08
  59.1100000   -1.1458142814e-03    3.9602507300e-07   -1.2507229487e-03    1.8022688907e-07    1.3555589351e-03   -3.9923710467e-08   -4.6819213599e-04    3.4837480952e-08
  59.1200000   -1.1432597777e-03    3.8983640159e-07   -1.2639999745e-03    2.0174175503e-07    1.3574867746e-03   -3.7541126249e-08   -4.6688201036e-04    3.6528791601e-08
  59.1300000   -1.1404219769e-03    3.7664086329e-07   -1.2768746686e-03    2.1988606596e-07    1.3593894544e-03   -3.4878937387e-08   -4.6554475654e-04    3.8046804585e-08
  59.1400000   -1.1372434092e-03    3.5659757273e-07   -1.2892580483e-03    2.3433387379e-07    1.3612656689e-03   -3.1953940483e-08   -4.6418096801e-04    3.9379813746e-08
  59.1500000   -1.1336687685e-03    3.2999098155e-07   -1.3010695682e-03    2.4482068865e-07    1.3631142057e-03   -2.8784967135e-08   -4.6279134220e-04    4.0516921573e-08
  59.1600000   -1.1296456413e-03    2.9722685589e-07   -1.3122381836e-03    2.5114867407e-07    1.3649339529e-03   -2.5392752297e-08   -4.6137667860e-04    4.1448133005e-08
  59.1700000   -1.1251252346e-03    2.5882600284e-07   -1.3227032506e-03    2.5319071397e-07    1.3667239068e-03   -2.1799791892e-08   -4.5993787640e-04    4.2164426998e-08
  59.1800000   -1.1200630915e-03    2.1541580198e-07   -1.3324152531e-03    2.5089333377e-07    1.3684831789e-03   -1.8030178401e-08   -4.5847593163e-04    4.2657841755e-08
  59.1900000   -1.1144197842e-03    1.6771976855e-07   -1.3413363471e-03    2.4427833928e-07    1.3702110015e-03   -1.4109429401e-08   -4.5699193382e-04    4.2921537988e-08
  59.2000000   -1.1081615727e-03    1.1654522548e-07   -1.3494407176e-03    2.3344311411e-07    1.3719067338e-03   -1.0064306562e-08   -4.5548706216e-04    4.2949879228e-08
  59.2100000   -1.1012610173e-03    6.2769434541e-08   -1.3567147451e-03    2.1855964892e-07    1.3735698666e-03   -5.9226158395e-09   -4.5396258120e-04    4.2738482258e-08
  59.2200000   -1.0936975349e-03    7.3242501173e-09   -1.3631569848e-03    1.9987214318e-07    1.3752000266e-03   -1.7130075344e-09   -4.5241983607e-04    4.2284279031e-08
  59.2300000   -1.0854578866e-03   -4.8820231246e-08   -1.3687779592e-03    1.7769338950e-07    1.3767969799e-03    2.5352334338e-09   -4.5086024730e-04    4.1585564852e-08
  59.2400000   -1.0765365874e-03   -1.0467288451e-07   -1.3735997742e-03    1.5239981433e-07    1.3783606346e-03    6.7924054731e-09   -4.4928530515e-04    4.0642032722e-08
  59.2500000   -1.0669362273e-03   -1.5923925172e-07   -1.3776555652e-03    1.2442536163e-07    1.3798910428e-03    1.1028606934e-08   -4.4769656359e-04    3.9454819410e-08
  59.2600000   -1.0566676964e-03   -2.1153939553e-07   -1.3809887886e-03    9.4254233560e-08    1.3813884015e-03    1.5213959132e-08   -4.4609563386e-04    3.8026517726e-08
  59.2700000   -1.0457503052e-03   -2.6062563272e-07   -1.3836523688e-03    6.2412725252e-08    1.3828530533e-03    1.9318825534e-08   -4.4448417774e-04    3.6361196927e-08
  59.2800000   -1.0342117945e-03   -3.0559974963e-07   -1.3857077212e-03    2.9460108891e-08    1.3842854854e-03    2.3314040088e-08   -4.4286390041e-04    3.4464420184e-08
  59.2900000   -1.0220882303e-03   -3.4562946419e-07   -1.3872236663e-03   -4.0211083328e-09    1.3856863284e-03    2.7171114105e-08   -4.4123654304e-04    3.2343217906e-08
  59.3000000   -1.0094237805e-03   -3.7996380473e-07   -1.3882752545e-03   -3.7435489207e-08    1.3870563540e-03    3.0862453781e-08   -4.3960387517e-04    3.0006108227e-08
  59.3100000   -9.9627037190e-04   -4.0794705168e-07   -1.3889425237e-03   -7.0185272303e-08    1.3883964719e-03    3.4361574062e-08   -4.3796768679e-04    2.7463044692e-08
  59.3200000   -9.8268722861e-04   -4.2903111216e-07   -1.3893092079e-03   -1.0168116909e-07    1.3897077256e-03    3.7643278369e-08   -4.3632978023e-04    2.4725409440e-08
  59.3300000   -9.6874029388e-04   -4.4278599304e-07   -1.3894614205e-03   -1.3135309955e-07    1.3909912882e-03    4.0683867356e-08   -4.3469196197e-04    2.1805953752e-08
  59.3400000   -9.5450153992e-04   -4.4890822499e-07   -1.3894863308e-03   -1.5866067533e-07    1.3922484560e-03    4.3461306939e-08   -4.3305603417e-04    1.8718759614e-08
  59.3500000   -9.4004817213e-04   -4.4722705364e-07   -1.3894708573e-03   -1.8310324119e-07    1.3934806432e-03    4.5955392844e-08   -4.3142378634e-04    1.5479178681e-08
  59.3600000   -9.2546173592e-04   -4.3770830382e-07   -1.3895003955e-03   -2.0422931174e-07    1.3946893736e-03    4.8147902499e-08   -4.2979698673e-04    1.2103749253e-08
  59.3700000   -9.1082713623e-04   -4.2045581645e-07   -1.3896575996e-03   -2.2164512596e-07    1.3958762740e-03    5.0022741623e-08   -4.2817737394e-04    8.6101333058e-09
  59.3800000   -8.9623158149e-04   -3.9571044389e-07   -1.3900212362e-03   -2.3502229398e-07    1.3970430648e-03    5.1566051039e-08   -4.2656664839e-04    5.0170151859e-09
  59.3900000   -8.8176346536e-04   -3.6384659678e-07   -1.3906651262e-03   -2.4410424279e-07    1.3981915511e-03    5.2766316980e-08   -4.2496646405e-04    1.3440178292e-09
  59.4000000   -8.6751120103e-04   -3.2536636774e-07   -1.3916571873e-03   -2.4871139157e-07    1.3993236135e-03    5.3614466765e-08   -4.2337842009e-04   -2.3884143342e-09
  59.4100000   -8.5356202392e-04   -2.8089142756e-07   -1.3930585918e-03   -2.4874499008e-07    1.4004411972e-03    5.4103920711e-08   -4.2180405296e-04   -6.1591264434e-09
  59.4200000   -8.4000077977e-04   -2.3115271951e-07   -1.3949230472e-03   -2.4418943904e-07    1.4015463016e-03    5.4230652668e-08   -4.2024482841e-04   -9.9463619438e-09
  59.4300000   -8.2690871562e-04   -1.7697818905e-07   -1.3972962100e-03   -2.3511312599e-07    1.4026409692e-03    5.3993218508e-08   -4.1870213399e-04   -1.3727899894e-08
  59.4400000   -8.1436229180e-04   -1.1927874985e-07   -1.4002152353e-03   -2.2166761279e-07    1.4037272739e-03    5.3392767107e-08   -4.1717727172e-04   -1.7481182859e-08
  59.4500000   -8.0243203308e-04   -5.9032720808e-08   -1.4037084679e-03   -2.0408538746e-07    1.4048073097e-03    5.2433030756e-08   -4.1567145113e-04   -2.1183453059e-08
  59.4600000   -7.9118143710e-04    2.7309882805e-09   -1.4077952743e-03   -1.8267599348e-07    1.4058831779e-03    5.1120293236e-08   -4.1418578271e-04   -2.4811889441e-08
  59.4700000   -7.8066595767e-04    6.4950612394e-08   -1.4124860141e-03   -1.5782073194e-07    1.4069569756e-03    4.9463353245e-08   -4.1272127170e-04   -2.8343754898e-08
  59.4800000   -7.7093207988e-04    1.2654998511e-07   -1.4177821481e-03   -1.2996595655e-07    1.4080307832e-03    4.7473451444e-08   -4.1127881239e-04   -3.1756544659e-08
  59.4900000   -7.6201650292e-04    1.8645723968e-07   -1.4236764763e-03   -9.9615111710e-08    1.4091066519e-03    4.5164184477e-08   -4.0985918291e-04   -3.5028122483e-08
  59.5000000   -7.5394544520e-04    2.4362354197e-07   -1.4301534991e-03   -6.7319640429e-08    1.4101865918e-03    4.2551412013e-08   -4.0846304050e-04   -3.8136878389e-08
  59.5100000   -7.4673408485e-04    2.9704149906e-07   -1.4371898916e-03   -3.3668933513e-08    1.4112725597e-03    3.9653125981e-08   -4.0709091732e-04   -4.1061876312e-08
  59.5200000   -7.4038614668e-04    3.4576285233e-07   -1.4447550807e-03    7.2048945015e-10    1.4123664468e-03    3.6489333559e-08   -4.0574321688e-04   -4.3782982656e-08
  59.5300000   -7.3489364505e-04    3.8891527118e-07   -1.4528119127e-03    3.5216429489e-08    1.4134700677e-03    3.3081892226e-08   -4.0442021105e-04   -4.6281028718e-08
  59.5400000   -7.3023678946e-04    4.2571782962e-07   -1.4613173979e-03    6.9182721774e-08    1.4145851483e-03    2.9454355202e-08   -4.0312203765e-04   -4.8537934850e-08
  59.5500000   -7.2638405752e-04    4.5549494867e-07   -1.4702235184e-03    1.0199120999e-07    1.4157133155e-03    2.5631798375e-08   -4.0184869877e-04   -5.0536852602e-08
  59.5600000   -7.2329243750e-04    4.7768857882e-07   -1.4794780853e-03    1.3303352230e-07    1.4168560864e-03    2.1640627562e-08   -4.0060005964e-04   -5.2262284859e-08
  59.5700000   -7.2090784000e-04    4.9186834927e-07   -1.4890256283e-03    1.6173263264e-07    1.4180148585e-03    1.7508393641e-08   -3.9937584826e-04   -5.3700215589e-08
  59.5800000   -7.1916567570e-04    4.9773953624e-07   -1.4988083054e-03    1.8755378717e-07    1.4191909002e-03    1.3263580207e-08   -3.9817565567e-04   -5.4838208745e-08
  59.5900000   -7.1799159354e-04    4.9514872940e-07   -1.5087668158e-03    2.1001476166e-07    1.4203853424e-03    8.9354007983e-09   -3.9699893691e-04   -5.5665536300e-08
  59.6000000   -7.1730237127e-04    4.8408705019e-07   -1.5188413033e-03    2.2869512140e-07    1.4215991703e-03    4.5535822666e-09   -3.9584501264e-04   -5.6173240874e-08
  59.6100000   -7.1700694750e-04    4.6469086122e-07   -1.5289722352e-03    2.4324435149e-07    1.4228332162e-03    1.4814474657e-10   -3.9471307154e-04   -5.6354256041e-08
  59.6200000   -7.1700758242e-04    4.3724002278e-07   -1.5391012453e-03    2.5338870352e-07    1.4240881532e-03   -4.2508089633e-09   -3.9360217329e-04   -5.6203449841e-08
  59.6300000   -7.1720113200e-04    4.0215360858e-07   -1.5491719276e-03    2.5893656586e-07    1.4253644898e-03   -8.6133165177e-09   -3.9251125228e-04   -5.5717706043e-08
  59.6400000   -7.1748041852e-04    3.5998325537e-07   -1.5591305717e-03    2.5978232139e-07    1.4266625649e-03   -1.2909777291e-08   -3.9143912198e-04   -5.4895969465e-08
  59.6500000   -7.1773567851e-04    3.1140419341e-07   -1.5689268294e-03    2.5590857056e-07    1.4279825444e-03   -1.7111153539e-08   -3.9038447997e-04   -5.3739275910e-08
  59.6600000   -7.1785606802e-04    2.5720413011e-07   -1.5785143061e-03    2.4738665435e-07    1.4293244182e-03   -2.1189186845e-08   -3.8934591358e-04   -5.2250782754e-08
  59.6700000   -7.1773120356e-04    1.9827016464e-07   -1.5878510684e-03    2.3437546833e-07    1.4306879988e-03   -2.5116598954e-08   -3.8832190616e-04   -5.0435769067e-08
  59.6800000   -7.1725271659e-04    1.3557396478e-07   -1.5969000660e-03    2.1711862007e-07    1.4320729203e-03   -2.8867276220e-08   -3.8731084392e-04   -4.8301644952e-08
  59.6900000   -7.1631579869e-04    7.0155473328e-08   -1.6056294620e-03    1.9593996643e-07    1.4334786385e-03   -3.2416463889e-08   -3.8631102333e-04   -4.5857923448e-08
  59.7000000   -7.1482071471e-04    3.1053944560e-09   -1.6140128721e-03    1.7123752143e-07    1.4349044327e-03   -3.5740928973e-08   -3.8532065907e-04   -4.3116186778e-08
  59.7100000   -7.1267426096e-04   -6.4453269341e-08   -1.6220295115e-03    1.4347602229e-07    1.4363494077e-03   -3.8819121310e-08   -3.8433789244e-04   -4.0090040488e-08
  59.7200000   -7.0979114655e-04   -1.3138421400e-07   -1.6296642511e-03    1.1317810992e-07    1.4378124969e-03   -4.1631325617e-08   -3.8336080022e-04   -3.6795055340e-08
  59.7300000   -7.0609527660e-04   -1.9655715388e-07   -1.6369075862e-03    8.0914444061e-08    1.4392924674e-03   -4.4159785903e-08   -3.8238740395e-04   -3.3248683491e-08
  59.7400000   -7.0152091736e-04   -2.5886707007e-07   -1.6437555216e-03    4.7292802548e-08    1.4407879246e-03   -4.6388826735e-08   -3.8141567962e-04   -2.9470179873e-08
  59.7500000   -6.9601372498e-04   -3.1725306326e-07   -1.6502093790e-03    1.2946511672e-08    1.4422973191e-03   -4.8304949616e-08   -3.8044356758e-04   -2.5480487127e-08
  59.7600000   -6.8953162131e-04   -3.7071652804e-07   -1.6562755323e-03   -2.1477651334e-08    1.4438189539e-03   -4.9896923631e-08   -3.7946898286e-04   -2.1302130840e-08
  59.7700000   -6.8204550253e-04   -4.1833827348e-07   -1.6619650788e-03   -5.5331879633e-08    1.4453509922e-03   -5.1155842720e-08   -3.7848982556e-04   -1.6959083667e-08
  59.7800000   -6.7353976851e-04   -4.5929436536e-07   -1.6672934546e-03   -8.7979715509e-08    1.4468914673e-03   -5.2075178439e-08   -3.7750399157e-04   -1.2476630085e-08
  59.7900000   -6.6401266362e-04   -4.9287036266e-07   -1.6722800025e-03   -1.1880827038e-07    1.4484382918e-03   -5.2650807105e-08   -3.7650938330e-04   -7.8812191180e-09
  59.8000000   -6.5347642231e-04   -5.1847373981e-07   -1.6769475021e-03   -1.4723998655e-07    1.4499892688e-03   -5.2881029570e-08   -3.7550392051e-04   -3.2002965610e-09
  59.8100000   -6.4195721573e-04   -5.3564424914e-07   -1.6813216707e-03   -1.7274373642e-07    1.4515421033e-03   -5.2766557133e-08   -3.7448555112e-04    1.5378524044e-09
  59.8200000   -6.2949489846e-04   -5.4406208421e-07   -1.6854306458e-03   -1.9484500018e-07    1.4530944142e-03   -5.2310487767e-08   -3.7345226211e-04    6.3042899527e-09
  59.8300000   -6.1614255763e-04   -5.4355366590e-07   -1.6893044575e-03   -2.1313494301e-07    1.4546437472e-03   -5.1518273108e-08   -3.7240209008e-04    1.1069600193e-08
  59.8400000   -6.0196586942e-04   -5.3409495150e-07   -1.6929745004e-03   -2.2727830384e-07    1.4561875882e-03   -5.0397655198e-08   -3.7133313189e-04    1.5804081589e-08
  59.8500000   -5.8704227097e-04   -5.1581223700e-07   -1.6964730145e-03   -2.3701972218e-07    1.4577233766e-03   -4.8958587416e-08   -3.7024355493e-04    2.0477937648e-08
  59.8600000   -5.7145995852e-04   -4.8898040874e-07   -1.6998325820e-03   -2.4218861794e-07    1.4592485203e-03   -4.7213151550e-08   -3.6913160719e-04    2.5061466821e-08
  59.8700000   -5.5531672514e-04   -4.5401865753e-07   -1.7030856488e-03   -2.4270240252e-07    1.4607604095e-03   -4.5175444847e-08   -3.6799562699e-04    2.9525274025e-08
  59.8800000   -5.3871865393e-04   -4.1148377013e-07   -1.7062640771e-03   -2.3856792914e-07    1.4622564315e-03   -4.2861469548e-08   -3.6683405233e-04    3.3840449479e-08
  59.8900000   -5.2177868482e-04   -3.6206103953e-07   -1.7093987352e-03   -2.2988130405e-07    1.4637339862e-03   -4.0288988370e-08   -3.6564542981e-04    3.7978777982e-08
  59.9000000   -5.0461507494e-04   -3.0655301826e-07   -1.7125191291e-03   -2.1682584581e-07    1.4651905002e-03   -3.7477390538e-08   -3.6442842308e-04    4.1912922952e-08
  59.9100000   -4.8734977432e-04   -2.4586624309e-07   -1.7156530809e-03   -1.9966842234e-07    1.4666234425e-03   -3.4447530722e-08   -3.6318182071e-04    4.5616621561e-08
  59.9200000   -4.7010673993e-04   -1.8099618700e-07   -1.7188264560e-03   -1.7875418696e-07    1.4680303388e-03   -3.1221565750e-08   -3.6190454360e-04    4.9064868263e-08
  59.9300000   -4.5301021205e-04   -1.1301064534e-07   -1.7220629414e-03   -1.5449973151e-07    1.4694087863e-03   -2.7822782786e-08   -3.6059565164e-04    5.2234088150e-08
  59.9400000   -4.3618297777e-04   -4.3031915556e-08   -1.7253838770e-03   -1.2738490987e-07    1.4707564683e-03   -2.4275420686e-08   -3.5925434974e-04    5.5102308754e-08
  59.9500000   -4.1974464643e-04    2.7782040209e-08   -1.7288081380e-03   -9.7943433460e-08    1.4720711680e-03   -2.0604486491e-08   -3.5787999329e-04    5.7649327560e-08
  59.9600000   -4.0380996192e-04    9.8256996148e-08   -1.7323520685e-03   -6.6752398203e-08    1.4733507818e-03   -1.6835560334e-08   -3.5647209266e-04    5.9856845591e-08
  59.9700000   -3.8848717640e-04    1.6722226199e-07   -1.7360294646e-03   -3.4421037168e-08    1.4745933328e-03   -1.2994616284e-08   -3.5503031715e-04    6.1708621156e-08
  59.9800000   -3.7387650860e-04    2.3353042089e-07   -1.7398516026e-03   -1.5788439053e-09    1.4757969830e-03   -9.1078239988e-09   -3.5355449800e-04    6.3190590294e-08
  59.9900000   -3.6006870956e-04    2.9607667812e-07   -1.7438273109e-03    3.1136683531e-08    1.4769600446e-03   -5.2013616223e-09   -3.5204463068e-04    6.4290978770e-08
  60.0000000   -3.4714375637e-04    3.5381759787e-07   -1.7479630784e-03    6.3092428232e-08    1.4780809918e-03   -1.3012295913e-09   -3.5050087625e-04    6.5000397714e-08
  60.0100000   -3.3516969324e-04    4.0578876074e-07   -1.7522631978e-03    9.3671916873e-08    1.4791584698e-03    2.5669410000e-09   -3.4892356196e-04    6.5311925445e-08
  60.0200000   -3.2420163650e-04    4.5112117847e-07   -1.7567299355e-03    1.2228725316e-07    1.4801913048e-03    6.3780622478e-09   -3.4731318095e-04    6.5221180698e-08
  60.0300000   -3.1428095874e-04    4.8905608721e-07   -1.7613637243e-03    1.4839043833e-07    1.4811785120e-03    1.0107756445e-08   -3.4567039104e-04    6.4726368934e-08
  60.0400000   -3.0543466351e-04    5.1895789848e-07   -1.7661633720e-03    1.7148393940e-07    1.4821193023e-03    1.3732535478e-08   -3.4399601270e-04    6.3828303523e-08
  60.0500000   -2.9767496043e-04    5.4032511126e-07   -1.7711262808e-03    1.9113018506e-07    1.4830130890e-03    1.7229946834e-08   -3.4229102617e-04    6.2530435699e-08
  60.0600000   -2.9099904692e-04    5.5279894388e-07   -1.7762486705e-03    2.0695994194e-07    1.4838594925e-03    2.0578720919e-08   -3.4055656762e-04    6.0838844031e-08
  60.0700000   -2.8538910017e-04    5.5616955726e-07   -1.7815258008e-03    2.1867928945e-07    1.4846583438e-03    2.3758914558e-08   -3.3879392455e-04    5.8762213165e-08
  60.0800000   -2.8081247965e-04    5.5037979641e-07   -1.7869521861e-03    2.2607516764e-07    1.4854096874e-03    2.6752022308e-08   -3.3700453033e-04    5.6311790851e-08
  60.0900000   -2.7722213798e-04    5.3552628862e-07   -1.7925217991e-03    2.2901927171e-07    1.4861137826e-03    2.9541099583e-08   -3.3518995786e-04    5.3501344068e-08
  60.1000000   -2.7455723424e-04    5.1185799264e-07   -1.7982282567e-03    2.2747036820e-07    1.4867711035e-03    3.2110856717e-08   -3.3335191257e-04    5.0347064932e-08
  60.1100000   -2.7274394174e-04    4.7977210264e-07   -1.8040649860e-03    2.2147486014e-07    1.4873823378e-03    3.4447744041e-08   -3.3149222455e-04    4.6867490204e-08
  60.1200000   -2.7169643873e-04    4.3980744611e-07   -1.8100253654e-03    2.1116567138e-07    1.4879483842e-03    3.6540017085e-08   -3.2961283995e-04    4.3083395622e-08
  60.1300000   -2.7131806849e-04    3.9263547999e-07   -1.8161028400e-03    1.9675948368e-07    1.4884703491e-03    3.8377797384e-08   -3.2771581177e-04    3.9017653294e-08
  60.1400000   -2.7150265268e-04    3.3904896413e-07   -1.8222910064e-03    1.7855233741e-07    1.4889495414e-03    3.9953112446e-08   -3.2580328997e-04    3.4695112304e-08
  60.1500000   -2.7213593930e-04    2.7994860073e-07   -1.8285836694e-03    1.5691367744e-07    1.4893874662e-03    4.1259919596e-08   -3.2387751092e-04    3.0142431461e-08
  60.1600000   -2.7309716545e-04    2.1632779217e-07   -1.8349748671e-03    1.3227909977e-07    1.4897858174e-03    4.2294115558e-08   -3.2194078638e-04    2.5387911561e-08
  60.1700000   -2.7426071270e-04    1.4925579699e-07   -1.8414588666e-03    1.0514172465e-07    1.4901464694e-03    4.3053536672e-08   -3.1999549193e-04    2.0461321270e-08
  60.1800000   -2.7549783213e-04    7.9859567026e-08   -1.8480301310e-03    7.6042573434e-08    1.4904714670e-03    4.3537936765e-08   -3.1804405502e-04    1.5393690873e-08
  60.1900000   -2.7667841486e-04    9.3045872324e-09   -1.8546832601e-03    4.5560006689e-08    1.4907630149e-03    4.3748952822e-08   -3.1608894254e-04    1.0217125553e-08
  60.2000000   -2.7767278331e-04   -6.1224971167e-08   -1.8614129069e-03    1.4298510685e-08    1.4910234657e-03    4.3690059728e-08   -3.1413264813e-04    4.9645822978e-09
  60.2100000   -2.7835347839e-04   -1.3054646003e-07   -1.8682136739e-03   -1.7123024811e-08    1.4912553070e-03    4.3366516759e-08   -3.1217767927e-04   -3.3033670095e-10
  60.2200000   -2.7859701748e-04   -1.9749891493e-07   -1.8750799927e-03   -4.8083242948e-08    1.4914611480e-03    4.2785286545e-08   -3.1022654411e-04   -5.6336201018e-09
  60.2300000   -2.7828559885e-04   -2.6096288461e-07   -1.8820059923e-03   -7.7970246825e-08    1.4916437047e-03    4.1954954860e-08   -3.0828173820e-04   -1.0911064105e-08
  60.2400000   -2.7730872899e-04   -3.1987959061e-07   -1.8889853592e-03   -1.0619337196e-07    1.4918057847e-03    4.0885639462e-08   -3.0634573117e-04   -1.6128512395e-08
  60.2500000   -2.7556474992e-04   -3.7326898348e-07   -1.8960111967e-03   -1.3219443317e-07    1.4919502714e-03    3.9588880509e-08   -3.0442095348e-04   -2.1252079361e-08
  60.2600000   -2.7296224576e-04   -4.2024654864e-07   -1.9030758867e-03   -1.5545840782e-07    1.4920801074e-03    3.8077530142e-08   -3.0250978315e-04   -2.6248385048e-08
  60.2700000   -2.6942130878e-04   -4.6003839250e-07   -1.9101709609e-03   -1.7552317706e-07    1.4921982775e-03    3.6365632186e-08   -3.0061453275e-04   -3.1084784883e-08
  60.2800000   -2.6487464772e-04   -4.9199448024e-07   -1.9172869857e-03   -1.9198827922e-07    1.4923077914e-03    3.4468296715e-08   -2.9873743660e-04   -3.5729590211e-08
  60.2900000   -2.5926852309e-04   -5.1559971661e-07   -1.9244134664e-03   -2.0452248201e-07    1.4924116662e-03    3.2401562888e-08   -2.9688063823e-04   -4.0152290718e-08
  60.3000000   -2.5256349654e-04   -5.3048268881e-07   -1.9315387756e-03   -2.1286994777e-07    1.4925129084e-03    3.0182262962e-08   -2.9504617827e-04   -4.4323761749e-08
  60.3100000   -2.4473498442e-04   -5.3642193754e-07   -1.9386501093e-03   -2.1685503910e-07    1.4926144964e-03    2.7827882337e-08   -2.9323598276e-04   -4.8216470122e-08
  60.3200000   -2.3577360768e-04   -5.3334962230e-07   -1.9457334761e-03   -2.1638553424e-07    1.4927193624e-03    2.5356417996e-08   -2.9145185196e-04   -5.1804665096e-08
  60.3300000   -2.2568533377e-04   -5.2135248883e-07   -1.9527737207e-03   -2.1145430366e-07    1.4928303751e-03    2.2786232010e-08   -2.8969544974e-04   -5.5064560317e-08
  60.3400000   -2.1449140870e-04   -5.0067019851e-07   -1.9597545860e-03   -2.0213932788e-07    1.4929503219e-03    2.0135914712e-08   -2.8796829365e-04   -5.7974506816e-08
  60.3500000   -2.0222808036e-04   -4.7169093366e-07   -1.9666588133e-03   -1.8860217648e-07    1.4930818924e-03    1.7424137350e-08   -2.8627174563e-04   -6.0515136080e-08
  60.3600000   -1.8894611720e-04   -4.3494446339e-07   -1.9734682839e-03   -1.7108489596e-07    1.4932276616e-03    1.4669516209e-08   -2.8460700350e-04   -6.2669506338e-08
  60.3700000   -1.7471012912e-04   -3.9109268097e-07   -1.9801641990e-03   -1.4990540838e-07    1.4933900742e-03    1.1890474620e-08   -2.8297509326e-04   -6.4423224209e-08
  60.3800000   -1.5959770003e-04   -3.4091787248e-07   -1.9867272988e-03   -1.2545151064e-07    1.4935714289e-03    9.1051145259e-09   -2.8137686229e-04   -6.5764547880e-08
  60.3900000   -1.4369834428e-04   -2.8530886298e-07   -1.9931381179e-03   -9.8173610476e-08    1.4937738646e-03    6.3310953930e-09   -2.7981297335e-04   -6.6684472113e-08
  60.4000000   -1.2711230141e-04   -2.2524528737e-07   -1.9993772733e-03   -6.8576275407e-08    1.4939993464e-03    3.5855086252e-09   -2.7828389966e-04   -6.7176797801e-08
  60.4100000   -1.0994918592e-04   -1.6178027369e-07   -2.0054257818e-03   -3.7208887258e-08    1.4942496529e-03    8.8477181540e-10   -2.7678992086e-04   -6.7238180424e-08
  60.4200000   -9.2326510757e-05   -9.6021857473e-08   -2.0112654014e-03   -4.6554004498e-09    1.4945263650e-03   -1.7554741457e-09   -2.7533112002e-04   -6.6868157522e-08
  60.4300000   -7.4368104709e-05   -2.9113415945e-08   -2.0168789908e-03    2.8476415726e-08    1.4948308552e-03   -4.3204590708e-09   -2.7390738172e-04   -6.6069156517e-08
  60.4400000   -5.6202445608e-05    3.7786492286e-08   -2.0222508804e-03    6.1566194497e-08    1.4951642782e-03   -6.7963772178e-09   -2.7251839112e-04   -6.4846480613e-08
  60.4500000   -3.7960932056e-05    1.0352455709e-07   -2.0273672488e-03    9.3992364299e-08    1.4955275631e-03   -9.1704425229e-09   -2.7116363421e-04   -6.3208286504e-08
  60.4600000   -1.9776117294e-05    1.6697300013e-07   -2.0322164948e-03    1.2514353337e-07    1.4959214069e-03   -1.1430967696e-08   -2.6984239905e-04   -6.1165511136e-08
  60.4700000   -1.7799293532e-06    2.2704943965e-07   -2.0367896003e-03    1.5442965013e-07    1.4963462687e-03   -1.3567419890e-08   -2.6855377816e-04   -5.8731827763e-08
  60.4800000    1.5898098375e-05    2.8273586104e-07   -2.0410804720e-03    1.8129275176e-07    1.4968023660e-03   -1.5570451527e-08   -2.6729667196e-04   -5.5923533630e-08
  60.4900000    3.3132562131e-05    3.3309647127e-07   -2.0450862580e-03    2.0521708407e-07    1.4972896723e-03   -1.7431941697e-08   -2.6606979334e-04   -5.2759443086e-08
  60.5000000    4.9803864900e-05    3.7729403716e-07   -2.0488076268e-03    2.2573844524e-07    1.4978079158e-03   -1.9145018121e-08   -2.6487167327e-04   -4.9260764777e-08
  60.5100000    6.5799813013e-05    4.1460443578e-07   -2.0522490051e-03    2.4245257775e-07    1.4983565802e-03   -2.0704060596e-08   -2.6370066740e-04   -4.5450956299e-08
  60.5200000    8.1017110814e-05    4.4442917142e-07   -2.0554187637e-03    2.5502243302e-07    1.4989349061e-03   -2.2104707611e-08   -2.6255496383e-04   -4.1355560395e-08
  60.5300000    9.5362733353e-05    4.6630559074e-07   -2.0583293469e-03    2.6318423573e-07    1.4995418949e-03   -2.3343844455e-08   -2.6143259167e-04   -3.7002027650e-08
  60.5400000    1.0875515890e-04    4.7991466140e-07   -2.0609973388e-03    2.6675223683e-07    1.5001763129e-03   -2.4419584284e-08   -2.6033143074e-04   -3.2419527749e-08
  60.5500000    1.2112544486e-04    4.8508614705e-07   -2.0634434615e-03    2.6562203330e-07    1.5008366986e-03   -2.5331231425e-08   -2.5924922202e-04   -2.7638753999e-08
  60.5600000    1.3241813307e-04    4.8180107051e-07   -2.0656925012e-03    2.5977245185e-07    1.5015213692e-03   -2.6079254927e-08   -2.5818357907e-04   -2.2691701880e-08
  60.5700000    1.4259197257e-04    4.7019145142e-07   -2.0677731603e-03    2.4926597388e-07    1.5022284306e-03   -2.6665230433e-08   -2.5713200016e-04   -1.7611451725e-08
  60.5800000    1.5162045072e-04    4.5053728045e-07   -2.0697178329e-03    2.3424766437e-07    1.5029557870e-03   -2.7091789537e-08   -2.5609188125e-04   -1.2431931775e-08
  60.5900000    1.5949212596e-04    4.2326086894e-07   -2.0715623048e-03    2.1494267382e-07    1.5037011530e-03   -2.7362558289e-08   -2.5506052949e-04   -7.1876942266e-09
  60.6000000    1.6621075835e-04    3.8891853610e-07   -2.0733453786e-03    1.9165233827e-07    1.5044620660e-03   -2.7482088559e-08   -2.5403517753e-04   -1.9136636164e-09
  60.6100000    1.7179523675e-04    3.4818996337e-07   -2.0751084277e-03    1.6474897170e-07    1.5052359002e-03   -2.7455783733e-08   -2.5301299814e-04    3.3551007948e-09
  60.6200000    1.7627930423e-04    3.0186524338e-07   -2.0768948823e-03    1.3466941995e-07    1.5060198817e-03   -2.7289822081e-08   -2.5199111946e-04    8.5836498709e-09
  60.6300000    1.7971108620e-04    2.5082998992e-07   -2.0787496547e-03    1.0190754666e-07    1.5068111042e-03   -2.6991068977e-08   -2.5096664056e-04    1.3737392176e-08
  60.6400000    1.8215242807e-04    1.9604870589e-07   -2.0807185098e-03    6.7005723506e-08    1.5076065457e-03   -2.6566996372e-08   -2.4993664728e-04    1.8782328115e-08
  60.6500000    1.8367805219e-04    1.3854676202e-07   -2.0828473903e-03    3.0545564713e-08    1.5084030858e-03   -2.6025592474e-08   -2.4889822826e-04    2.3685292873e-08
  60.6600000    1.8437454615e-04    7.9391287438e-08   -2.0851817056e-03   -6.8620658377e-09    1.5091975244e-03   -2.5375276127e-08   -2.4784849117e-04    2.8414177831e-08
  60.6700000    1.8433919635e-04    1.9671342965e-08   -2.0877655963e-03   -4.4587453420e-08    1.5099865997e-03   -2.4624800724e-08   -2.4678457883e-04    3.2938166174e-08
  60.6800000    1.8367868347e-04   -3.9522231723e-08   -2.0906411841e-03   -8.1992744531e-08    1.5107670076e-03   -2.3783171614e-08   -2.4570368542e-04    3.7227927510e-08
  60.6900000    1.8250765777e-04   -9.7116993208e-08   -2.0938478221e-03   -1.1844277393e-07    1.5115354211e-03   -2.2859555264e-08   -2.4460307237e-04    4.1255840351e-08
  60.7000000    1.8094721376e-04   -1.5207861879e-07   -2.0974213568e-03   -1.5331583515e-07    1.5122885098e-03   -2.1863193581e-08   -2.4348008413e-04    4.4996165739e-08
  60.7100000    1.7912328532e-04   -2.0342989662e-07   -2.1013934150e-03   -1.8601414290e-07    1.5130229597e-03   -2.0803319785e-08   -2.4233216352e-04    4.8425236645e-08
  60.7200000    1.7716498298e-04   -2.5026858050e-07   -2.1057907304e-03   -2.1597393006e-07    1.5137354926e-03   -1.9689080302e-08   -2.4115686667e-04    5.1521600135e-08
  60.7300000    1.7520289598e-04   -2.9178379366e-07   -2.1106345223e-03   -2.4267489942e-07    1.5144228857e-03   -1.8529462008e-08   -2.3995187740e-04    5.4266184115e-08
  60.7400000    1.7336738202e-04   -3.2727067653e-07   -2.1159399387e-03   -2.6564897528e-07    1.5150819907e-03   -1.7333213813e-08   -2.3871502108e-04    5.6642406536e-08
  60.7500000    1.7178686753e-04   -3.5614298214e-07   -2.1217155774e-03   -2.8448812064e-07    1.5157097526e-03   -1.6108786270e-08   -2.3744427766e-04    5.8636294748e-08
  60.7600000    1.7058618127e-04   -3.7794342890e-07   -2.1279630949e-03   -2.9885116123e-07    1.5163032278e-03   -1.4864276110e-08   -2.3613779404e-04    6.0236572911e-08
  60.7700000    1.6988494318e-04   -3.9235156650e-07   -2.1346769149e-03   -3.0846950819e-07    1.5168596020e-03   -1.3607361476e-08   -2.3479389546e-04    6.1434728213e-08
  60.7800000    1.6979602977e-04   -3.9918903620e-07   -2.1418440432e-03   -3.1315161838e-07    1.5173762065e-03   -1.2345264035e-08   -2.3341109608e-04    6.2225068186e-08
  60.7900000    1.7042413607e-04   -3.9842215330e-07   -2.1494439982e-03   -3.1278624621e-07    1.5178505350e-03   -1.1084710549e-08   -2.3198810848e-04    6.2604745652e-08
  60.8000000    1.7186445251e-04   -3.9016170734e-07   -2.1574488607e-03   -3.0734429961e-07    1.5182802580e-03   -9.8318845653e-09   -2.3052385208e-04    6.2573767593e-08
  60.8100000    1.7420147390e-04   -3.7466004834e-07   -2.1658234484e-03   -2.9687940853e-07    1.5186632368e-03   -8.5924221221e-09   -2.2901746046e-04    6.2134990225e-08
  60.8200000    1.7750795533e-04   -3.5230544673e-07   -2.1745256146e-03   -2.8152713282e-07    1.5189975368e-03   -7.3713746624e-09   -2.2746828751e-04    6.1294070968e-08
  60.8300000    1.8184402779e-04   -3.2361393467e-07   -2.1835066717e-03   -2.6150280447e-07    1.5192814392e-03   -6.1732063598e-09   -2.2587591231e-04    6.0059437361e-08
  60.8400000    1.8725648424e-04   -2.8921868848e-07   -2.1927119367e-03   -2.3709810882e-07    1.5195134506e-03   -5.0017910799e-09   -2.2424014276e-04    5.8442199937e-08
  60.8500000    1.9377824438e-04   -2.4985721830e-07   -2.2020813926e-03   -2.0867644440e-07    1.5196923131e-03   -3.8604069941e-09   -2.2256101789e-04    5.6456063526e-08
  60.8600000    2.0142800373e-04   -2.0635661695e-07   -2.2115504594e-03   -1.7666709709e-07    1.5198170110e-03   -2.7517494995e-09   -2.2083880887e-04    5.4117218008e-08
  60.8700000    2.1021007030e-04   -1.5961708316e-07   -2.2210508650e-03   -1.4155840660e-07    1.5198867776e-03   -1.6779486432e-09   -2.1907401860e-04    5.1444217137e-08
  60.8800000    2.2011438950e-04   -1.1059414724e-07   -2.2305116039e-03   -1.0388994449e-07    1.5199010996e-03   -6.4058902550e-10   -2.1726738003e-04    4.8457822206e-08
  60.8900000    2.3111675540e-04   -6.0279840127e-08   -2.2398599716e-03   -6.4243911566e-08    1.5198597201e-03    3.5926536013e-10   -2.1541985303e-04    4.5180846874e-08
  60.9000000    2.4317920389e-04   -9.6832370616e-09   -2.2490226576e-03   -2.3235867663e-08    1.5197626405e-03    1.3210349861e-09   -2.1353261995e-04    4.1637983607e-08
  60.9100000    2.5625058096e-04    4.0189285378e-08   -2.2579268832e-03    1.8495099536e-08    1.5196101202e-03    2.2445943695e-09   -2.1160707979e-04    3.7855616995e-08
  60.9200000    2.7026727711e-04    8.8353666173e-08   -2.2665015631e-03    6.0296542517e-08    1.5194026754e-03    3.1302222291e-09   -2.0964484109e-04    3.3861625268e-08
  60.9300000    2.8515411652e-04    1.3386730292e-07   -2.2746784743e-03    1.0151301451e-07    1.5191410758e-03    3.9785698672e-09   -2.0764771349e-04    2.9685166425e-08
  60.9400000    3.0082538790e-04    1.7584733511e-07   -2.2823934120e-03    1.4149652314e-07    1.5188263397e-03    4.7905977224e-09   -2.0561769801e-04    2.5356463451e-08
  60.9500000    3.1718600212e-04    2.1348770764e-07   -2.2895873128e-03    1.7961682018e-07    1.5184597287e-03    5.5675374405e-09   -2.0355697616e-04    2.0906581682e-08
  60.9600000    3.3413276002e-04    2.4607467302e-07   -2.2962073248e-03    2.1527142685e-07    1.5180427389e-03    6.3108432346e-09   -2.0146789784e-04    1.6367202629e-08
  60.9700000    3.5155571287e-04    2.7300049760e-07   -2.3022078063e-03    2.4789518756e-07    1.5175770929e-03    7.0221248274e-09   -1.9935296820e-04    1.1770375569e-08
  60.9800000    3.6933959661e-04    2.9377499273e-07   -2.3075512331e-03    2.7696929837e-07    1.5170647287e-03    7.7031090085e-09   -1.9721483336e-04    7.1483035459e-09
  60.9900000    3.8736532029e-04    3.0803477008e-07   -2.3122089986e-03    3.0202954840e-07    1.5165077883e-03    8.3555831895e-09   -1.9505626530e-04    2.5331011533e-09
  61.0000000    4.0551148905e-04    3.1554995343e-07   -2.3161620877e-03    3.2267369777e-07    1.5159086045e-03    8.9813414252e-09   -1.9288014572e-04   -2.0434468817e-09
  61.0100000    4.2365594106e-04    3.1622822670e-07   -2.3194016128e-03    3.3856797685e-07    1.5152696870e-03    9.5821387867e-09   -1.9068944928e-04   -6.5501041459e-09
  61.0200000    4.4167727879e-04    3.1011622185e-07   -2.3219291977e-03    3.4945237538e-07    1.5145937069e-03    1.0159638127e-08   -1.8848722599e-04   -1.0956401753e-08
  61.0300000    4.5945637453e-04    2.9739810913e-07   -2.3237572000e-03    3.5514489445e-07    1.5138834806e-03    1.0715370378e-08   -1.8627658306e-04   -1.5232865167e-08
  61.0400000    4.7687783137e-04    2.7839147988e-07   -2.3249087636e-03    3.5554450911e-07    1.5131419526e-03    1.1250691036e-08   -1.8406066632e-04   -1.9351213781e-08
  61.0500000    4.9383138125e-04    2.5354060396e-07   -2.3254176971e-03    3.5063289352e-07    1.5123721778e-03    1.1766741378e-08   -1.8184264109e-04   -2.3284564207e-08
  61.0600000    5.1021320315e-04    2.2340715679e-07   -2.3253281765e-03    3.4047484603e-07    1.5115773030e-03    1.2264413031e-08   -1.7962567298e-04   -2.7007613205e-08
  61.0700000    5.2592714545e-04    1.8865869402e-07   -2.3246942708e-03    3.2521739448e-07    1.5107605473e-03    1.2744324019e-08   -1.7741290831e-04   -3.0496806705e-08
  61.0800000    5.4088583836e-04    1.5005494121e-07   -2.3235792983e-03    3.0508764032e-07    1.5099251831e-03    1.3206784530e-08   -1.7520745468e-04   -3.3730503590e-08
  61.0900000    5.5501168387e-04    1.0843232024e-07   -2.3220550165e-03    2.8038932792e-07    1.5090745157e-03    1.3651788477e-08   -1.7301236146e-04   -3.6689118332e-08
  61.1000000    5.6823771218e-04    6.4686956067e-08   -2.3202006588e-03    2.5149819102e-07    1.5082118636e-03    1.4078990738e-08   -1.7083060059e-04   -3.9355240470e-08
  61.1100000    5.8050829606e-04    1.9756471062e-08   -2.3181018287e-03    2.1885621193e-07    1.5073405381e-03    1.4487701865e-08   -1.6866504759e-04   -4.1713755870e-08
  61.1200000    5.9177971618e-04   -2.5399022354e-08   -2.3158492686e-03    1.8296475873e-07    1.5064638234e-03    1.4876879706e-08   -1.6651846307e-04   -4.3751925084e-08
  61.1300000    6.0202057249e-04   -6.9816356155e-08   -2.3135375199e-03    1.4437683348e-07    1.5055849561e-03    1.5245144836e-08   -1.6439347474e-04   -4.5459472038e-08
  61.1400000    6.1121203907e-04   -1.1254886099e-07   -2.3112634951e-03    1.0368848091e-07    1.5047071062e-03    1.5590770534e-08   -1.6229256015e-04   -4.6828618312e-08
  61.1500000    6.1934796184e-04   -1.5268552846e-07   -2.3091249847e-03    6.1529476741e-08    1.5038333573e-03    1.5911711672e-08   -1.6021803009e-04   -4.7854136728e-08
  61.1600000    6.2643480018e-04   -1.8936953272e-07   -2.3072191212e-03    1.8553476192e-08    1.5029666880e-03    1.6205613700e-08   -1.5817201300e-04   -4.8533354662e-08
  61.1700000    6.3249141619e-04   -2.2181561275e-07   -2.3056408262e-03   -2.4572213449e-08    1.5021099538e-03    1.6469840415e-08   -1.5615644031e-04   -4.8866150760e-08
  61.1800000    6.3754871636e-04   -2.4932610983e-07   -2.3044812655e-03   -6.7177139863e-08    1.5012658699e-03    1.6701503540e-08   -1.5417303281e-04   -4.8854932447e-08
  61.1900000    6.4164915297e-04   -2.7130520326e-07   -2.3038263388e-03   -1.0859827597e-07    1.5004369942e-03    1.6897492916e-08   -1.5222328836e-04   -4.8504600191e-08
  61.2000000    6.4484609346e-04   -2.8727116436e-07   -2.3037552285e-03   -1.4819052194e-07    1.4996257125e-03    1.7054515272e-08   -1.5030847068e-04   -4.7822473268e-08
  61.2100000    6.4720306796e-04   -2.9686633344e-07   -2.3043390350e-03   -1.8533689983e-07    1.4988342230e-03    1.7169137215e-08   -1.4842959968e-04   -4.6818216496e-08
  61.2200000    6.4879290627e-04   -2.9986461570e-07   -2.3056395199e-03   -2.1945841376e-07    1.4980645241e-03    1.7237823748e-08   -1.4658744307e-04   -4.5503752100e-08
  61.2300000    6.4969677670e-04   -2.9617637376e-07   -2.3077079824e-03   -2.5002329110e-07    1.4973184012e-03    1.7256995205e-08   -1.4478250954e-04   -4.3893131964e-08
  61.2400000    6.5000314016e-04   -2.8585057286e-07   -2.3105842883e-03   -2.7655552321e-07    1.4965974165e-03    1.7223067079e-08   -1.4301504347e-04   -4.2002416868e-08
  61.2500000    6.4980663358e-04   -2.6907418484e-07   -2.3142960707e-03   -2.9864253896e-07    1.4959028993e-03    1.7132509066e-08   -1.4128502125e-04   -3.9849532910e-08
  61.2600000    6.4920689722e-04   -2.4616882350e-07   -2.3188581175e-03   -3.1594190027e-07    1.4952359380e-03    1.6981894051e-08   -1.3959214923e-04   -3.7454120031e-08
  61.2700000    6.4830736097e-04   -2.1758463164e-07   -2.3242719604e-03   -3.2818692619e-07    1.4945973734e-03    1.6767949179e-08   -1.3793586333e-04   -3.4837354187e-08
  61.2800000    6.4721400458e-04   -1.8389164426e-07   -2.3305256733e-03   -3.3519110396e-07    1.4939877938e-03    1.6487612271e-08   -1.3631533035e-04   -3.2021786174e-08
  61.2900000    6.4603410688e-04   -1.4576870459e-07   -2.3375938877e-03   -3.3685126735e-07    1.4934075312e-03    1.6138081938e-08   -1.3472945096e-04   -2.9031137442e-08
  61.3000000    6.4487499889e-04   -1.0399012627e-07   -2.3454380263e-03   -3.3314939754e-07    1.4928566597e-03    1.5716872184e-08   -1.3317686443e-04   -2.5890113113e-08
  61.3100000    6.4384283493e-04   -5.9410492310e-08   -2.3540067564e-03   -3.2415313446e-07    1.4923349946e-03    1.5221862389e-08   -1.3165595494e-04   -2.2624211534e-08
  61.3200000    6.4304139584e-04   -1.2947716971e-08   -2.3632366547e-03   -3.1001490450e-07    1.4918420939e-03    1.4651339663e-08   -1.3016485970e-04   -1.9259500653e-08
  61.3300000    6.4257093720e-04    3.4435165910e-08   -2.3730530787e-03   -2.9096961811e-07    1.4913772612e-03    1.4004046189e-08   -1.2870147852e-04   -1.5822429813e-08
  61.3400000    6.4252709463e-04    8.1749217124e-08   -2.3833712297e-03   -2.6733111977e-07    1.4909395493e-03    1.3279219163e-08   -1.2726348511e-04   -1.2339616151e-08
  61.3500000    6.4299985774e-04    1.2799937027e-07   -2.3940973938e-03   -2.3948731715e-07    1.4905277669e-03    1.2476631395e-08   -1.2584833986e-04   -8.8376375742e-09
  61.3600000    6.4407262262e-04    1.7220444410e-07   -2.4051303409e-03   -2.0789404852e-07    1.4901404852e-03    1.1596616634e-08   -1.2445330400e-04   -5.3428209194e-09
  61.3700000    6.4582133202e-04    2.1341693348e-07   -2.4163628610e-03   -1.7306790959e-07    1.4897760467e-03    1.0640104795e-08   -1.2307545530e-04   -1.8810601282e-09
  61.3800000    6.4831371086e-04    2.5074225063e-07   -2.4276834133e-03   -1.3557798810e-07    1.4894325760e-03    9.6086417962e-09   -1.2171170492e-04    1.5223968450e-09
  61.3900000    6.5160860395e-04    2.8335698316e-07   -2.4389778604e-03   -9.6036775869e-08    1.4891079902e-03    8.5044059826e-09   -1.2035881560e-04    4.8431226485e-09
  61.4000000    6.5575542071e-04    3.1052585551e-07   -2.4501312623e-03   -5.5090280666e-08    1.4888000126e-03    7.3302209124e-09   -1.1901342088e-04    8.0576950381e-09
  61.4100000    6.6079369112e-04    3.3161701234e-07   -2.4610296972e-03   -1.3407584156e-08    1.4885061857e-03    6.0895606173e-09   -1.1767204533e-04    1.1143865879e-08
  61.4200000    6.6675273566e-04    3.4611532216e-07   -2.4715620824e-03    2.8330017864e-08    1.4882238870e-03    4.7865482899e-09   -1.1633112568e-04    1.4080722240e-08
  61.4300000    6.7365145013e-04    3.5363349287e-07   -2.4816219617e-03    6.9440172994e-08    1.4879503441e-03    3.4259466099e-09   -1.1498703270e-04    1.6848820141e-08
  61.4400000    6.8149820604e-04    3.5392069098e-07   -2.4911092319e-03    1.0925062036e-07    1.4876826523e-03    2.0131495813e-09   -1.1363609373e-04    1.9430332867e-08
  61.4500000    6.9029086503e-04    3.4686854306e-07   -2.4999317770e-03    1.4711030535e-07    1.4874177918e-03    5.5416396217e-10   -1.1227461565e-04    2.1809153941e-08
  61.4600000    7.0001690530e-04    3.3251433923e-07   -2.5080069832e-03    1.8240011422e-07    1.4871526461e-03   -9.4442610665e-10   -1.1089890823e-04    2.3971013416e-08
  61.4700000    7.1065365671e-04    3.1104147338e-07   -2.5152631084e-03    2.1454320296e-07    1.4868840210e-03   -2.4754789528e-09   -1.0950530772e-04    2.5903559029e-08
  61.4800000    7.2216864007e-04    2.8277692693e-07   -2.5216404821e-03    2.4301461869e-07    1.4866086638e-03   -4.0313469037e-09   -1.0809020046e-04    2.7596422881e-08
  61.4900000    7.3452000551e-04    2.4818603852e-07   -2.5270925148e-03    2.6735015426e-07    1.4863232830e-03   -5.6039014351e-09   -1.0665004642e-04    2.9041283006e-08
  61.5000000    7.4765706368e-04    2.0786443535e-07   -2.5315864992e-03    2.8715420129e-07    1.4860245683e-03   -7.1846017160e-09   -1.0518140249e-04    3.0231895826e-08
  61.5100000    7.6152090279e-04    1.6252748531e-07   -2.5351041880e-03    3.0210652728e-07    1.4857092105e-03   -8.7645314761e-09   -1.0368094538e-04    3.1164114937e-08
  61.5200000    7.7604508422e-04    1.1299727081e-07   -2.5376421383e-03    3.1196780901e-07    1.4853739213e-03   -1.0334471343e-08   -1.0214549405e-04    3.1835896740e-08
  61.5300000    7.9115640814e-04    6.0187466544e-08   -2.5392118156e-03    3.1658386832e-07    1.4850154530e-03   -1.1884953685e-08   -1.0057203136e-04    3.2247286928e-08
  61.5400000    8.0677574074e-04    5.0863275872e-09   -2.5398394545e-03    3.1588847415e-07    1.4846306184e-03   -1.3406330590e-08   -9.8957724993e-05    3.2400386601e-08
  61.5500000    8.2281889394e-04   -5.1261858318e-08   -2.5395656780e-03    3.0990474120e-07    1.4842163093e-03   -1.4888838863e-08   -9.7299947313e-05    3.2299299601e-08
  61.5600000    8.3919754810e-04   -1.0777652550e-07   -2.5384448806e-03    2.9874498665e-07    1.4837695155e-03   -1.6322681391e-08   -9.5596294217e-05    3.1950083807e-08
  61.5700000    8.5582020832e-04   -1.6336141379e-07   -2.5365443847e-03    2.8260912367e-07    1.4832873423e-03   -1.7698095467e-08   -9.3844602699e-05    3.1360656809e-08
  61.5800000    8.7259318440e-04   -2.1692555312e-07   -2.5339433853e-03    2.6178155710e-07    1.4827670280e-03   -1.9005426025e-08   -9.2042967080e-05    3.0540714912e-08
  61.5900000    8.8942158479e-04   -2.6740432180e-07   -2.5307316981e-03    2.3662666080e-07    1.4822059599e-03   -2.0235205304e-08   -9.0189753768e-05    2.9501616474e-08
  61.6000000    9.0621031469e-04   -3.1378009914e-07   -2.5270083341e-03    2.0758288098e-07    1.4816016900e-03   -2.1378230001e-08   -8.8283614439e-05    2.8256275339e-08
  61.6100000    9.2286506868e-04   -3.5510214923e-07   -2.5228799218e-03    1.7515554264e-07    1.4809519487e-03   -2.2425632385e-08   -8.6323497549e-05    2.6819023123e-08
  61.6200000    9.3929330832e-04   -3.9050541312e-07   -2.5184590065e-03    1.3990854015e-07    1.4802546585e-03   -2.3368957585e-08   -8.4308658070e-05    2.5205463162e-08
  61.6300000    9.5540521562e-04   -4.1922769468e-07   -2.5138622520e-03    1.0245492882e-07    1.4795079457e-03   -2.4200233686e-08   -8.2238665392e-05    2.3432342870e-08
  61.6400000    9.7111461323e-04   -4.4062509396e-07   -2.5092085772e-03    6.3446685970e-08    1.4787101511e-03   -2.4912049572e-08   -8.0113409316e-05    2.1517377928e-08
  61.6500000    9.8633984299e-04   -4.5418522013e-07   -2.5046172585e-03    2.3563753779e-08    1.4778598391e-03   -2.5497609969e-08   -7.7933104071e-05    1.9479097580e-08
  61.6600000    1.0010045946e-03   -4.5953805188e-07   -2.5002060287e-03   -1.6497458104e-08    1.4769558058e-03   -2.5950806857e-08   -7.5698290340e-05    1.7336679715e-08
  61.6700000    1.0150386769e-03   -4.5646414552e-07   -2.4960892066e-03   -5.6035895705e-08    1.4759970853e-03   -2.6266277728e-08   -7.3409835211e-05    1.5109776377e-08
  61.6800000    1.0283787244e-03   -4.4490005505e-07   -2.4923758860e-03   -9.4357860284e-08    1.4749829549e-03   -2.6439454041e-08   -7.1068930095e-05    1.2818342001e-08
  61.6900000    1.0409688332e-03   -4.2494088701e-07   -2.4891682172e-03   -1.3078885799e-07    1.4739129380e-03   -2.6466619659e-08   -6.8677086582e-05    1.0482473557e-08
  61.7000000    1.0527611195e-03   -3.9683983776e-07   -2.4865598077e-03   -1.6468529547e-07    1.4727868066e-03   -2.6344947643e-08   -6.6236130190e-05    8.1222216043e-09
  61.7100000    1.0637161965e-03   -3.6100478602e-07   -2.4846342700e-03   -1.9544559952e-07    1.4716045811e-03   -2.6072534948e-08   -6.3748192141e-05    5.7574345926e-09
  61.7200000    1.0738035645e-03   -3.1799199262e-07   -2.4834639387e-03   -2.2252075659e-07    1.4703665295e-03   -2.5648438899e-08   -6.1215699065e-05    3.4075947781e-09
  61.7300000    1.0830019117e-03   -2.6849694837e-07   -2.4831087809e-03   -2.4542396253e-07    1.4690731645e-03   -2.5072696809e-08   -5.8641360808e-05    1.0916550221e-09
  61.7400000    1.0912993206e-03   -2.1334260302e-07   -2.4836155137e-03   -2.6373925546e-07    1.4677252394e-03   -2.4346345258e-08   -5.6028156276e-05   -1.1721105042e-09
  61.7500000    1.0986933812e-03   -1.5346512528e-07   -2.4850169461e-03   -2.7712902771e-07    1.4663237424e-03   -2.3471430742e-08   -5.3379317511e-05   -3.3662494934e-09
  61.7600000    1.1051912060e-03   -8.9897482739e-08   -2.4873315531e-03   -2.8534015600e-07    1.4648698895e-03   -2.2451001813e-08   -5.0698311972e-05   -5.4742644306e-09
  61.7700000    1.1108093506e-03   -2.3751134795e-08   -2.4905632881e-03   -2.8820878701e-07    1.4633651159e-03   -2.1289111873e-08   -4.7988823217e-05   -7.4807471850e-09
  61.7800000    1.1155736364e-03    4.3803843732e-08   -2.4947016371e-03   -2.8566357026e-07    1.4618110664e-03   -1.9990808050e-08   -4.5254730005e-05   -9.3714789663e-09
  61.7900000    1.1195188805e-03    1.1155983931e-07   -2.4997219090e-03   -2.7772732227e-07    1.4602095843e-03   -1.8562101185e-08   -4.2500084008e-05   -1.1133533367e-08
  61.8000000    1.1226885317e-03    1.7829358938e-07   -2.5055857585e-03   -2.6451711187e-07    1.4585626993e-03   -1.7009944972e-08   -3.9729086215e-05   -1.2755372079e-08
  61.8100000    1.1251342193e-03    2.4278850175e-07   -2.5122419290e-03   -2.4624268606e-07    1.4568726138e-03   -1.5342194697e-08   -3.6946062200e-05   -1.4226922960e-08
  61.8200000    1.1269152156e-03    3.0385694078e-07   -2.5196272016e-03   -2.2320330511e-07    1.4551416892e-03   -1.3567569537e-08   -3.4155436352e-05   -1.5539622913e-08
  61.8300000    1.1280978190e-03    3.6036216201e-07   -2.5276675324e-03   -1.9578304975e-07    1.4533724304e-03   -1.1695603245e-08   -3.1361705300e-05   -1.6686488297e-08
  61.8400000    1.1287546631e-03    4.1123938976e-07   -2.5362793569e-03   -1.6444459145e-07    1.4515674699e-03   -9.7365812653e-09   -2.8569410609e-05   -1.7662128273e-08
  61.8500000    1.1289639574e-03    4.5551574367e-07   -2.5453710379e-03   -1.2972162515e-07    1.4497295510e-03   -7.7014866739e-09   -2.5783110972e-05   -1.8462773317e-08
  61.8600000    1.1288086685e-03    4.9232854083e-07   -2.5548444300e-03   -9.2209999576e-08    1.4478615108e-03   -5.6019258396e-09   -2.3007354047e-05   -1.9086282443e-08
  61.8700000    1.1283756474e-03    5.2094175677e-07   -2.5645965332e-03   -5.2557777603e-08    1.4459662622e-03   -3.4500640200e-09   -2.0246648115e-05   -1.9532114283e-08
  61.8800000    1.1277547139e-03    5.4076019939e-07   -2.5745212071e-03   -1.1454288429e-08    1.4440467762e-03   -1.2585401454e-09   -1.7505433756e-05   -1.9801319843e-08
  61.8900000    1.1270377057e-03    5.5134126959e-07   -2.5845109135e-03    3.0381546637e-08    1.4421060631e-03    9.5960927305e-10   -1.4788055665e-05   -1.9896498045e-08
  61.9000000    1.1263175013e-03    5.5240398342e-07   -2.5944584598e-03    7.2213444848e-08    1.4401471548e-03    3.1910420355e-09   -1.2098734898e-05   -1.9821739492e-08
  61.9100000    1.1256870283e-03    5.4383510221e-07   -2.6042587104e-03    1.1330042172e-07    1.4381730855e-03    5.4221900288e-09   -9.4415415963e-06   -1.9582561242e-08
  61.9200000    1.1252382660e-03    5.2569230693e-07   -2.6138102402e-03    1.5290952511e-07    1.4361868743e-03    7.6393558050e-09   -6.8203684622e-06   -1.9185835249e-08
  61.9300000    1.1250612520e-03    4.9820426380e-07   -2.6230168998e-03    1.9032853462e-07    1.4341915067e-03    9.8287980300e-09   -4.2389051068e-06   -1.8639695640e-08
  61.9400000    1.1252431058e-03    4.6176763441e-07   -2.6317892676e-03    2.2487834198e-07    1.4321899167e-03    1.1976834104e-08   -1.7006134931e-06   -1.7953444196e-08
  61.9500000    1.1258670764e-03    4.1694105513e-07   -2.6400459669e-03    2.5592485221e-07    1.4301849702e-03    1.4069921054e-08    7.9129543818e-07   -1.7137434623e-08
  61.9600000    1.1270116270e-03    3.6443615549e-07   -2.6477148242e-03    2.8289015266e-07    1.4281794478e-03    1.6094754172e-08    3.2338837322e-06   -1.6202964961e-08
  61.9700000    1.1287495655e-03    3.0510580881e-07   -2.6547338542e-03    3.0526278592e-07    1.4261760290e-03    1.8038364643e-08    5.6245068593e-06   -1.5162149549e-08
  61.9800000    1.1311472302e-03    2.3992979603e-07   -2.6610520555e-03    3.2260687648e-07    1.4241772769e-03    1.9888196023e-08    7.9608324721e-06   -1.4027795619e-08
  61.9900000    1.1342637403e-03    1.6999814786e-07   -2.6666300070e-03    3.3457009215e-07    1.4221856242e-03    2.1632196618e-08    1.0240857371e-05   -1.2813264010e-08
  62.0000000    1.1381503205e-03    9.6492409041e-08   -2.6714402581e-03    3.4089013655e-07    1.4202033592e-03    2.3258910752e-08    1.2462922527e-05   -1.1532338292e-08
  62.0100000    1.1428497059e-03    2.0665222931e-08   -2.6754675094e-03    3.4139973462e-07    1.4182326137e-03    2.4757551932e-08    1.4625726086e-05   -1.0199079398e-08
  62.0200000    1.1483956356e-03   -5.6181465142e-08   -2.6787085857e-03    3.3603007612e-07    1.4162753516e-03    2.6118077492e-08    1.6728334209e-05   -8.8276991610e-09
  62.0300000    1.1548124417e-03   -1.3271916984e-07   -2.6811722041e-03    3.2481247281e-07    1.4143333590e-03    2.7331263163e-08    1.8770189730e-05   -7.4324058836e-09
  62.0400000    1.1621147368e-03   -2.0761617527e-07   -2.6828785476e-03    3.0787843139e-07    1.4124082347e-03    2.8388768921e-08    2.0751118507e-05   -6.0272792785e-09
  62.0500000    1.1703072070e-03   -2.7956105106e-07   -2.6838586537e-03    2.8545789347e-07    1.4105013829e-03    2.9283196979e-08    2.2671333402e-05   -4.6261315281e-09
  62.0600000    1.1793845119e-03   -3.4728585408e-07   -2.6841536339e-03    2.5787590209e-07    1.4086140066e-03    3.0008148968e-08    2.4531435924e-05   -3.2423827829e-09
  62.0700000    1.1893312940e-03   -4.0958868756e-07   -2.6838137423e-03    2.2554751135e-07    1.4067471024e-03    3.0558265047e-08    2.6332415399e-05   -1.8889347834e-09
  62.0800000    1.2001222986e-03   -4.6535520463e-07   -2.6828973111e-03    1.8897123252e-07    1.4049014567e-03    3.0929279068e-08    2.8075645757e-05   -5.7805808251e-10
  62.0900000    1.2117226038e-03   -5.1357859695e-07   -2.6814695774e-03    1.4872097523e-07    1.4030776432e-03    3.1118032751e-08    2.9762879862e-05    6.7872237579e-10
  62.1000000    1.2240879591e-03   -5.5337782085e-07   -2.6796014237e-03    1.0543667367e-07    1.4012760220e-03    3.1122513514e-08    3.1396241448e-05    1.8707296171e-09
  62.1100000    1.2371652300e-03   -5.8401365499e-07   -2.6773680566e-03    5.9813790256e-08    1.3994967394e-03    3.0941867620e-08    3.2978214689e-05    2.9882087121e-09
  62.1200000    1.2508929438e-03   -6.0490234417e-07   -2.6748476498e-03    1.2591793369e-08    1.3977397293e-03    3.0576407462e-08    3.4511631418e-05    4.0224270493e-09
  62.1300000    1.2652019331e-03   -6.1562654626e-07   -2.6721199763e-03   -3.5458154573e-08    1.3960047166e-03    3.0027620836e-08    3.5999656123e-05    4.9657364684e-09
  62.1400000    1.2800160691e-03   -6.1594340233e-07   -2.6692650546e-03   -8.3546033417e-08    1.3942912203e-03    2.9298153543e-08    3.7445768724e-05    5.8116251082e-09
  62.1500000    1.2952530786e-03   -6.0578958649e-07   -2.6663618338e-03   -1.3087624728e-07    1.3925985596e-03    2.8391808870e-08    3.8853745311e-05    6.5547702654e-09
  62.1600000    1.3108254355e-03   -5.8528323389e-07   -2.6634869397e-03   -1.7666096355e-07    1.3909258593e-03    2.7313511317e-08    4.0227636856e-05    7.1910699732e-09
  62.1700000    1.3266413183e-03   -5.5472267741e-07   -2.6607135039e-03   -2.2013342445e-07    1.3892720581e-03    2.6069288561e-08    4.1571746087e-05    7.7176618871e-09
  62.1800000    1.3426056226e-03   -5.1458203216e-07   -2.6581100935e-03   -2.6056088690e-07    1.3876359166e-03    2.4666232514e-08    4.2890602652e-05    8.1329339197e-09
  62.1900000    1.3586210193e-03   -4.6550372173e-07   -2.6557397602e-03   -2.9725703727e-07    1.3860160268e-03    2.3112442796e-08    4.4188936686e-05    8.4365192507e-09
  62.2000000    1.3745890444e-03   -4.0828799020e-07   -2.6536592202e-03   -3.2959369132e-07    1.3844108224e-03    2.1416995779e-08    4.5471650947e-05    8.6292749783e-09
  62.2100000    1.3904112123e-03   -3.4387966422e-07   -2.6519181782e-03   -3.5701146047e-07    1.3828185901e-03    1.9589875943e-08    4.6743791738e-05    8.7132604421e-09
  62.2200000    1.4059901358e-03   -2.7335229804e-07   -2.6505588016e-03   -3.7902933425e-07    1.3812374813e-03    1.7641911732e-08    4.8010518671e-05    8.6916913345e-09
  62.2300000    1.4212306447e-03   -1.9789008550e-07   -2.6496153511e-03   -3.9525294987e-07    1.3796655247e-03    1.5584712681e-08    4.9277073620e-05    8.5688850080e-09
  62.2400000    1.4360408859e-03   -1.1876769310e-07   -2.6491139678e-03   -4.0538138087e-07    1.3781006393e-03    1.3430587832e-08    5.0548748903e-05    8.3502012698e-09
  62.2500000    1.4503333969e-03   -3.7328522943e-08   -2.6490726163e-03   -4.0921240598e-07    1.3765406480e-03    1.1192475270e-08    5.1830854972e-05    8.0419694813e-09
  62.2600000    1.4640261357e-03    4.5038339646e-08   -2.6495011795e-03   -4.0664609059e-07    1.3749832911e-03    8.8838531785e-09    5.3128687777e-05    7.6514007716e-09
  62.2700000    1.4770434592e-03    1.2692205184e-07   -2.6504016952e-03   -3.9768666404e-07    1.3734262413e-03    6.5186599873e-09    5.4447496038e-05    7.1864966732e-09
  62.2800000    1.4893170347e-03    2.0691439824e-07   -2.6517687277e-03   -3.8244262181e-07    1.3718671170e-03    4.1111963578e-09    5.5792448591e-05    6.6559577523e-09
  62.2900000    1.5007866764e-03    2.8363420412e-07   -2.6535898591e-03   -3.6112512368e-07    1.3703034975e-03    1.6760444127e-09    5.7168602032e-05    6.0690745321e-09
  62.3000000    1.5114010944e-03    3.5575140691e-07   -2.6558462871e-03   -3.3404460701e-07    1.3687329373e-03   -7.7203369254e-10    5.8580868879e-05    5.4356111770e-09
  62.3100000    1.5211185479e-03    4.2201027899e-07   -2.6585135119e-03   -3.0160575739e-07    1.3671529802e-03   -3.2181821659e-09    6.0033986412e-05    4.7657025091e-09
  62.3200000    1.5299073939e-03    4.8125148497e-07   -2.6615620961e-03   -2.6430092535e-07    1.3655611734e-03   -5.6475555711e-09    6.1532486446e-05    4.0697227485e-09
  62.3300000    1.5377465234e-03    5.3243254023e-07   -2.6649584766e-03   -2.2270203490e-07    1.3639550818e-03   -8.0454015381e-09    6.3080666162e-05    3.3581756689e-09
  62.3400000    1.5446256793e-03    5.7464628900e-07   -2.6686658123e-03   -1.7745114311e-07    1.3623323014e-03   -1.0397166650e-08    6.4682560256e-05    2.6415734831e-09
  62.3500000    1.5505456513e-03    6.0713716552e-07   -2.6726448455e-03   -1.2924989866e-07    1.3606904722e-03   -1.2688573655e-08    6.6341914523e-05    1.9303097069e-09
  62.3600000    1.5555183435e-03    6.2931481997e-07   -2.6768547605e-03   -7.8847968825e-08    1.3590272912e-03   -1.4905725731e-08    6.8062161100e-05    1.2345485019e-09
  62.3700000    1.5595667131e-03    6.4076501163e-07   -2.6812540196e-03   -2.7030650903e-08    1.3573405240e-03   -1.7035181110e-08    6.9846395494e-05    5.6410605370e-10
  62.3800000    1.5627245788e-03    6.4125740823e-07   -2.6858011604e-03    2.5394029850e-08    1.3556280170e-03   -1.9064048587e-08    7.1697355568e-05   -7.1658206228e-11
  62.3900000    1.5650363006e-03    6.3075032891e-07   -2.6904555391e-03    7.7608628014e-08    1.3538877075e-03   -2.0980058612e-08    7.3617402619e-05   -6.6394985510e-10
  62.4000000    1.5665563321e-03    6.0939215757e-07   -2.6951780048e-03    1.2879970640e-07    1.3521176340e-03   -2.2771639522e-08    7.5608504654e-05   -1.2046376899e-09
  62.4100000    1.5673486504e-03    5.7751953445e-07   -2.6999314944e-03    1.7817116791e-07    1.3503159456e-03   -2.4427995059e-08    7.7672222035e-05   -1.6863424764e-09
  62.4200000    1.5674860672e-03    5.3565225098e-07   -2.7046815375e-03    2.2495725978e-07    1.3484809102e-03   -2.5939168738e-08    7.9809695531e-05   -2.1025287324e-09
  62.4300000    1.5670494299e-03    4.8448498521e-07   -2.7093966657e-03    2.6843502265e-07    1.3466109225e-03   -2.7296096257e-08    8.2021636894e-05   -2.4475727334e-09
  62.4400000    1.5661267187e-03    4.2487594309e-07   -2.7140487197e-03    3.0793604598e-07    1.3447045101e-03   -2.8490673454e-08    8.4308322033e-05   -2.7168254504e-09
  62.4500000    1.5648120510e-03    3.5783267199e-07   -2.7186130545e-03    3.4285717726e-07    1.3427603402e-03   -2.9515791305e-08    8.6669586820e-05   -2.9066756380e-09
  62.4600000    1.5632046023e-03    2.8449523929e-07   -2.7230686406e-03    3.7267022108e-07    1.3407772236e-03   -3.0365385982e-08    8.9104825579e-05   -3.0145830384e-09
  62.4700000    1.5614074566e-03    2.0611698025e-07   -2.7273980677e-03    3.9693021780e-07    1.3387541196e-03   -3.1034474297e-08    9.1612992292e-05   -3.0391204419e-09
  62.4800000    1.5595263985e-03    1.2404330862e-07   -2.7315874521e-03    4.1528243368e-07    1.3366901381e-03   -3.1519175441e-08    9.4192604472e-05   -2.9799820448e-09
  62.4900000    1.5576686613e-03    3.9688790446e-08   -2.7356262595e-03    4.2746773039e-07    1.3345845428e-03   -3.1816740831e-08    9.6841749758e-05   -2.8379992133e-09
  62.5000000    1.5559416452e-03   -4.5487066186e-08   -2.7395070491e-03    4.3332634133e-07    1.3324367517e-03   -3.1925558711e-08    9.9558095174e-05   -2.6151343717e-09
  62.5100000    1.5544516208e-03   -1.3000489768e-07   -2.7432251531e-03    4.3279999918e-07    1.3302463375e-03   -3.1845167767e-08    1.0233889899e-04   -2.3144581984e-09
  62.5200000    1.5533024336e-03   -2.1239100469e-07   -2.7467783016e-03    4.2593230784e-07    1.3280130276e-03   -3.1576257511e-08    1.0518102512e-04   -1.9401295776e-09
  62.5300000    1.5525942252e-03   -2.9120292220e-07   -2.7501662089e-03    4.1286746829e-07    1.3257367022e-03   -3.1120655127e-08    1.0808096004e-04   -1.4973482670e-09
  62.5400000    1.5524221872e-03   -3.6505452859e-07   -2.7533901328e-03    3.9384733813e-07    1.3234173921e-03   -3.0481312677e-08    1.1103483202e-04   -9.9230312246e-10
  62.5500000    1.5528753627e-03   -4.3264030984e-07   -2.7564524245e-03    3.6920683972e-07    1.3210552761e-03   -2.9662289310e-08    1.1403843270e-04   -4.3211176130e-10
  62.5600000    1.5540355122e-03   -4.9275835177e-07   -2.7593560804e-03    3.3936789732e-07    1.3186506769e-03   -2.8668720538e-08    1.1708724070e-04    1.7525991561e-10
  62.5700000    1.5559760568e-03   -5.4433164463e-07   -2.7621043126e-03    3.0483196668e-07    1.3162040567e-03   -2.7506781640e-08    1.2017644736e-04    8.2106707898e-10
  62.5800000    1.5587611150e-03   -5.8642729687e-07   -2.7647001501e-03    2.6617126657e-07    1.3137160121e-03   -2.6183649613e-08    1.2330098425e-04    1.4958978600e-09
  62.5900000    1.5624446438e-03   -6.1827342242e-07   -2.7671460828e-03    2.2401892533e-07    1.3111872682e-03   -2.4707458072e-08    1.2645555237e-04    2.1897616207e-09
  62.6000000    1.5670696985e-03   -6.3927325874e-07   -2.7694437604e-03    1.7905820767e-07    1.3086186726e-03   -2.3087237705e-08    1.2963465291e-04    2.8921969196e-09
  62.6100000    1.5726678201e-03   -6.4901636715e-07   -2.7715937537e-03    1.3201096077e-07    1.3060111882e-03   -2.1332866701e-08    1.3283261931e-04    3.5923899161e-09
  62.6200000    1.5792585608e-03   -6.4728667742e-07   -2.7735953868e-03    8.3625545937e-08    1.3033658859e-03   -1.9455003090e-08    1.3604365048e-04    4.2792880288e-09
  62.6300000    1.5868491548e-03   -6.3406718469e-07   -2.7754466458e-03    3.4664420241e-08    1.3006839371e-03   -1.7465017591e-08    1.3926184491e-04    4.9417287914e-09
  62.6400000    1.5954343403e-03   -6.0954126295e-07   -2.7771441654e-03   -1.4108376652e-08    1.2979666053e-03   -1.5374927156e-08    1.4248123555e-04    5.5685579533e-09
  62.6500000    1.6049963377e-03   -5.7409051912e-07   -2.7786832960e-03   -6.1939665568e-08    1.2952152380e-03   -1.3197315641e-08    1.4569582528e-04    6.1487581326e-09
  62.6600000    1.6155049847e-03   -5.2828920472e-07   -2.7800582487e-03   -1.0809927687e-07    1.2924312578e-03   -1.0945258415e-08    1.4889962249e-04    6.6715762864e-09
  62.6700000    1.6269180304e-03   -4.7289527105e-07   -2.7812623149e-03   -1.5189163903e-07    1.2896161534e-03   -8.6322393830e-09    1.5208667698e-04    7.1266504827e-09
  62.6800000    1.6391815848e-03   -4.0883821198e-07   -2.7822881545e-03   -1.9266675768e-07    1.2867714711e-03   -6.2720771380e-09    1.5525111556e-04    7.5041259067e-09
  62.6900000    1.6522307211e-03   -3.3720388051e-07   -2.7831281451e-03   -2.2983025258e-07    1.2838988055e-03   -3.8788272005e-09    1.5838717737e-04    7.7947843350e-09
  62.7000000    1.6659902242e-03   -2.5921650791e-07   -2.7837747813e-03   -2.6285235851e-07    1.2809997900e-03   -1.4667094640e-09    1.6148924867e-04    7.9901430881e-09
  62.7100000    1.6803754780e-03   -1.7621824543e-07   -2.7842211146e-03   -2.9127578842e-07    1.2780760884e-03    9.4998287311e-10    1.6455189677e-04    8.0825775971e-09
  62.7200000    1.6952934809e-03   -8.9646561258e-08   -2.7844612196e-03   -3.1472230661e-07    1.2751293855e-03    3.3569698619e-09    1.6756990301e-04    8.0654118356e-09
  62.7300000    1.7106439782e-03   -1.0098302435e-09   -2.7844906735e-03   -3.3289784534e-07    1.2721613780e-03    5.7400628916e-09    1.7053829462e-04    7.9330205497e-09
  62.7400000    1.7263206983e-03    8.8138413392e-08   -2.7843070344e-03   -3.4559623659e-07    1.2691737665e-03    8.0852584208e-09    1.7345237507e-04    7.6809013200e-09
  62.7500000    1.7422126764e-03    1.7622616223e-07   -2.7839103038e-03   -3.5270139207e-07    1.2661682460e-03    1.0378809189e-08    1.7630775297e-04    7.3057511835e-09
  62.7600000    1.7582056509e-03    2.6169012167e-07   -2.7833033585e-03   -3.5418798882e-07    1.2631464984e-03    1.2607316245e-08    1.7910036916e-04    6.8055271622e-09
  62.7700000    1.7741835133e-03    3.4300286621e-07   -2.7824923375e-03   -3.5012058419e-07    1.2601101844e-03    1.4757799179e-08    1.8182652186e-04    6.1795068136e-09
  62.7800000    1.7900297945e-03    4.1869958793e-07   -2.7814869705e-03   -3.4065136367e-07    1.2570609354e-03    1.6817772086e-08    1.8448288985e-04    5.4283058476e-09
  62.7900000    1.8056291660e-03    4.8740391417e-07   -2.7803008363e-03   -3.2601633800e-07    1.2540003467e-03    1.8775318326e-08    1.8706655331e-04    4.5539168615e-09
  62.8000000    1.8208689389e-03    5.4785235220e-07   -2.7789515380e-03   -3.0653028553e-07    1.2509299701e-03    2.0619158095e-08    1.8957501244e-04    3.5597186612e-09
  62.8100000    1.8356405379e-03    5.9891697161e-07   -2.7774607888e-03   -2.8258044541e-07    1.2478513080e-03    2.2338709791e-08    1.9200620352e-04    2.4504644789e-09
  62.8200000    1.8498409318e-03    6.3962584459e-07   -2.7758543984e-03   -2.5461909744e-07    1.2447658066e-03    2.3924152632e-08    1.9435851248e-04    1.2322784207e-09
  62.8300000    1.8633740009e-03    6.6918099072e-07   -2.7741621565e-03   -2.2315517419e-07    1.2416748510e-03    2.5366479269e-08    1.9663078582e-04   -8.7379644727e-11
  62.8400000    1.8761518214e-03    6.8697339690e-07   -2.7724176102e-03   -1.8874508679e-07    1.2385797593e-03    2.6657546658e-08    1.9882233877e-04   -1.4997681156e-09
  62.8500000    1.8880958489e-03    6.9259488973e-07   -2.7706577348e-03   -1.5198288329e-07    1.2354817786e-03    2.7790120746e-08    2.0093296075e-04   -2.9948992286e-09
  62.8600000    1.8991379849e-03    6.8584664297e-07   -2.7689225016e-03   -1.1348996880e-07    1.2323820804e-03    2.8757917673e-08    2.0296291802e-04   -4.5616321260e-09
  62.8700000    1.9092215089e-03    6.6674411435e-07   -2.7672543455e-03   -7.3904516957e-08    1.2292817569e-03    2.9555632444e-08    2.0491295347e-04   -6.1877416341e-09
  62.8800000    1.9183018646e-03    6.3551833905e-07   -2.7656975421e-03   -3.3870809891e-08    1.2261818182e-03    3.0178968554e-08    2.0678428365e-04   -7.8600157625e-09
  62.8900000    1.9263472863e-03    5.9261352005e-07   -2.7642975016e-03    5.9713445745e-09    1.2230831892e-03    3.0624658945e-08    2.0857859300e-04   -9.5643608276e-09
  62.9000000    1.9333392562e-03    5.3868091895e-07   -2.7630999944e-03    4.4996965920e-08    1.2199867075e-03    3.0890487514e-08    2.1029802525e-04   -1.1285923720e-08
  62.9100000    1.9392727864e-03    4.7456915821e-07   -2.7621503190e-03    8.2605757234e-08    1.2168931221e-03    3.0975286139e-08    2.1194517218e-04   -1.3009204051e-08
  62.9200000    1.9441565174e-03    4.0131106691e-07   -2.7614924312e-03    1.1823145428e-07    1.2138030917e-03    3.0878950046e-08    2.1352305970e-04   -1.4718206443e-08
  62.9300000    1.9480126345e-03    3.2010721038e-07   -2.7611680493e-03    1.5135036273e-07    1.2107171843e-03    3.0602427333e-08    2.1503513135e-04   -1.6396560995e-08
  62.9400000    1.9508765982e-03    2.3230650327e-07   -2.7612157542e-03    1.8148908188e-07    1.2076358769e-03    3.0147711799e-08    2.1648522935e-04   -1.8027684610e-08
  62.9500000    1.9527966939e-03    1.3938407744e-07   -2.7616701042e-03    2.0823121697e-07    1.2045595556e-03    2.9517829221e-08    2.1787757333e-04   -1.9594925424e-08
  62.9600000    1.9538334048e-03    4.2916820940e-08   -2.7625607822e-03    2.3122304584e-07    1.2014885166e-03    2.8716812600e-08    2.1921673674e-04   -2.1081720695e-08
  62.9700000    1.9540586168e-03   -5.5442992035e-08   -2.7639117951e-03    2.5017798421e-07    1.1984229669e-03    2.7749679816e-08    2.2050762123e-04   -2.2471748407e-08
  62.9800000    1.9535546636e-03   -1.5399553444e-07   -2.7657407443e-03    2.6487993181e-07    1.1953630258e-03    2.6622397580e-08    2.2175542915e-04   -2.3749087691e-08
  62.9900000    1.9524132280e-03   -2.5102235815e-07   -2.7680581840e-03    2.7518531766e-07    1.1923087273e-03    2.5341849043e-08    2.2296563415e-04   -2.4898382772e-08
  63.0000000    1.9507341110e-03   -3.4481574039e-07   -2.7708670848e-03    2.8102393342e-07    1.1892600215e-03    2.3915783492e-08    2.2414395028e-04   -2.5904969332e-08
  63.0100000    1.9486238869e-03   -4.3370820027e-07   -2.7741624155e-03    2.8239854359e-07    1.1862167778e-03    2.2352775153e-08    2.2529629969e-04   -2.6755059610e-08
  63.0200000    1.9461944640e-03   -5.1610143055e-07   -2.7779308576e-03    2.7938328373e-07    1.1831787874e-03    2.0662165833e-08    2.2642877899e-04   -2.7435856252e-08
  63.0300000    1.9435615683e-03   -5.9049433681e-07   -2.7821506613e-03    2.7212095158e-07    1.1801457667e-03    1.8854012136e-08    2.2754762474e-04   -2.7935710062e-08
  63.0400000    1.9408431748e-03   -6.5550957375e-07   -2.7867916515e-03    2.6081919101e-07    1.1771173606e-03    1.6939023647e-08    2.2865917802e-04   -2.8244239799e-08
  63.0500000    1.9381579053e-03   -7.0991821155e-07   -2.7918153878e-03    2.4574573414e-07    1.1740931461e-03    1.4928500541e-08    2.2976984845e-04   -2.8352451283e-08
  63.0600000    1.9356234184e-03   -7.5266199602e-07   -2.7971754815e-03    2.2722272454e-07    1.1710726361e-03    1.2834263453e-08    2.3088607775e-04   -2.8252855011e-08
  63.0700000    1.9333548123e-03   -7.8287293784e-07   -2.8028180675e-03    2.0562033154e-07    1.1680552835e-03    1.0668582024e-08    2.3201430320e-04   -2.7939553113e-08
  63.0800000    1.9314630646e-03   -7.9988971973e-07   -2.8086824272e-03    1.8134967508e-07    1.1650404855e-03    8.4441131254e-09    2.3316092110e-04   -2.7408334925e-08
  63.0900000    1.9300535315e-03   -8.0327076105e-07   -2.8147017554e-03    1.5485530819e-07    1.1620275878e-03    6.1738120077e-09    2.3433225041e-04   -2.6656739178e-08
  63.1000000    1.9292245269e-03   -7.9280362745e-07   -2.8208040606e-03    1.2660728195e-07    1.1590158889e-03    3.8708640679e-09    2.3553449700e-04   -2.5684120526e-08
  63.1100000    1.9290660030e-03   -7.6851056261e-07   -2.8269131855e-03    9.7093013256e-08    1.1560046447e-03    1.5486149089e-09    2.3677371845e-04   -2.4491677819e-08
  63.1200000    1.9296583510e-03   -7.3065014783e-07   -2.8329499335e-03    6.6809080925e-08    1.1529930730e-03   -7.7952668537e-10    2.3805578975e-04   -2.3082504015e-08
  63.1300000    1.9310713383e-03   -6.7971490119e-07   -2.8388332804e-03    3.6253090239e-08    1.1499803582e-03   -3.1001449204e-09    2.3938637009e-04   -2.1461566646e-08
  63.1400000    1.9333631989e-03   -6.1642487534e-07   -2.8444816548e-03    5.9156714847e-09    1.1469656557e-03   -5.3999092000e-09    2.4077087092e-04   -1.9635722208e-08
  63.1500000    1.9365798888e-03   -5.4171739358e-07   -2.8498142629e-03   -2.3727134764e-08    1.1439480965e-03   -7.6656454658e-09    2.4221442542e-04   -1.7613685734e-08
  63.1600000    1.9407545162e-03   -4.5673296405e-07   -2.8547524360e-03   -5.2221100454e-08    1.1409267917e-03   -9.8844106982e-09    2.4372185969e-04   -1.5405992256e-08
  63.1700000    1.9459069571e-03   -3.6279771862e-07   -2.8592209773e-03   -7.9140456934e-08    1.1379008372e-03   -1.2043574968e-08    2.4529766556e-04   -1.3024943067e-08
  63.1800000    1.9520436572e-03   -2.6140249660e-07   -2.8631494828e-03   -1.0409394777e-07    1.1348693178e-03   -1.4130883559e-08    2.4694597551e-04   -1.0484524392e-08
  63.1900000    1.9591576262e-03   -1.5417904167e-07   -2.8664736128e-03   -1.2673014561e-07    1.1318313114e-03   -1.6134531869e-08    2.4867053958e-04   -7.8003303988e-09
  63.2000000    1.9672286211e-03   -4.2873632637e-08   -2.8691362916e-03   -1.4674196886e-07    1.1287858939e-03   -1.8043234653e-08    2.5047470449e-04   -4.9894558669e-09
  63.2100000    1.9762235165e-03    7.0681421832e-08   -2.8710888101e-03   -1.6387041454e-07    1.1257321423e-03   -1.9846286124e-08    2.5236139515e-04   -2.0703804310e-09
  63.2200000    1.9860968546e-03    1.8459794622e-07   -2.8722918129e-03   -1.7790738536e-07    1.1226691394e-03   -2.1533622848e-08    2.5433309853e-04    9.3717435907e-10
  63.2300000    1.9967915668e-03    2.9696322105e-07   -2.8727161493e-03   -1.8869765263e-07    1.1195959774e-03   -2.3095880585e-08    2.5639185006e-04    4.0123696458e-09
  63.2400000    2.0082398535e-03    4.0587193263e-07   -2.8723435700e-03   -1.9613994287e-07    1.1165117612e-03   -2.4524445704e-08    2.5853922264e-04    7.1334208845e-09
  63.2500000    2.0203642111e-03    5.0945823687e-07   -2.8711672574e-03   -2.0018712976e-07    1.1134156124e-03   -2.5811501330e-08    2.6077631826e-04    1.0277755111e-08
  63.2600000    2.0330785866e-03    6.0592738459e-07   -2.8691921745e-03   -2.0084559618e-07    1.1103066723e-03   -2.6950076727e-08    2.6310376233e-04    1.3422187471e-08
  63.2700000    2.0462896444e-03    6.9358637317e-07   -2.8664352266e-03   -1.9817376926e-07    1.1071841051e-03   -2.7934080253e-08    2.6552170067e-04    1.6543107828e-08
  63.2800000    2.0598981247e-03    7.7087309453e-07   -2.8629252279e-03   -1.9227990046e-07    1.1040471009e-03   -2.8758333749e-08    2.6802979929e-04    1.9616662323e-08
  63.2900000    2.0738002728e-03    8.3638351173e-07   -2.8587026721e-03   -1.8331919859e-07    1.1008948783e-03   -2.9418601491e-08    2.7062724679e-04    2.2618948859e-08
  63.3000000    2.0878893168e-03    8.8889635444e-07   -2.8538193078e-03   -1.7149023574e-07    1.0977266871e-03   -2.9911610722e-08    2.7331275950e-04    2.5526213692e-08
  63.3100000    2.1020569732e-03    9.2739493582e-07   -2.8483375236e-03   -1.5703088330e-07    1.0945418108e-03   -3.0235070154e-08    2.7608458924e-04    2.8315052497e-08
  63.3200000    2.1161949556e-03    9.5108568514e-07   -2.8423295508e-03   -1.4021377768e-07    1.0913395685e-03   -3.0387677030e-08    2.7894053372e-04    3.0962596350e-08
  63.3300000    2.1301964653e-03    9.5941308965e-07   -2.8358764950e-03   -1.2134133824e-07    1.0881193169e-03   -3.0369128330e-08    2.8187794937e-04    3.3446714329e-08
  63.3400000    2.1439576423e-03    9.5207077169e-07   -2.8290672110e-03   -1.0074058648e-07    1.0848804524e-03   -3.0180109530e-08    2.8489376674e-04    3.5746206415e-08
  63.3500000    2.1573789540e-03    9.2900846952e-07   -2.8219970383e-03   -7.8757679822e-08    1.0816224123e-03   -2.9822301938e-08    2.8798450808e-04    3.7840982479e-08
  63.3600000    2.1703665030e-03    8.9043482339e-07   -2.8147664163e-03   -5.5752393925e-08    1.0783446763e-03   -2.9298354622e-08    2.9114630737e-04    3.9712243096e-08
  63.3700000    2.1828332360e-03    8.3681583786e-07   -2.8074794019e-03   -3.2092528316e-08    1.0750467681e-03   -2.8611877019e-08    2.9437493222e-04    4.1342648776e-08
  63.3800000    2.1947000345e-03    7.6886912947e-07   -2.8002421129e-03   -8.1484193434e-09    1.0717282557e-03   -2.7767409926e-08    2.9766580799e-04    4.2716481186e-08
  63.3900000    2.2058966769e-03    6.8755390969e-07   -2.7931611210e-03    1.5712460885e-08    1.0683887528e-03   -2.6770398046e-08    3.0101404353e-04    4.3819789636e-08
  63.4000000    2.2163626551e-03    5.9405691511e-07   -2.7863418227e-03    3.9130676617e-08    1.0650279192e-03   -2.5627152137e-08    3.0441445881e-04    4.4640524336e-08
  63.4100000    2.2260478389e-03    4.8977450836e-07   -2.7798868123e-03    6.1759721071e-08    1.0616454613e-03   -2.4344809909e-08    3.0786161389e-04    4.5168659712e-08
  63.4200000    2.2349129794e-03    3.7629120746e-07   -2.7738942849e-03    8.3270601616e-08    1.0582411323e-03   -2.2931299259e-08    3.1134983938e-04    4.5396293209e-08
  63.4300000    2.2429300468e-03    2.5535496442e-07   -2.7684564943e-03    1.0335603921e-07    1.0548147325e-03   -2.1395270204e-08    3.1487326797e-04    4.5317743085e-08
  63.4400000    2.2500824002e-03    1.2884965302e-07   -2.7636582924e-03    1.2173423356e-07    1.0513661090e-03   -1.9746064821e-08    3.1842586706e-04    4.4929614641e-08
  63.4500000    2.2563647907e-03   -1.2349084301e-09   -2.7595757726e-03    1.3815218728e-07    1.0478951557e-03   -1.7993637641e-08    3.2200147208e-04    4.4230850075e-08
  63.4600000    2.2617832000e-03   -1.3283476343e-07   -2.7562750398e-03    1.5238853891e-07    1.0444018128e-03   -1.6148508948e-08    3.2559382052e-04    4.3222764629e-08
  63.4700000    2.2663545216e-03   -2.6384504404e-07   -2.7538111274e-03    1.6425592293e-07    1.0408860662e-03   -1.4221696743e-08    3.2919658635e-04    4.1909068882e-08
  63.4800000    2.2701060910e-03   -3.9215407939e-07   -2.7522270781e-03    1.7360276667e-07    1.0373479468e-03   -1.2224643242e-08    3.3280341461e-04    4.0295848208e-08
  63.4900000    2.2730750766e-03   -5.1567772719e-07   -2.7515532045e-03    1.8031464599e-07    1.0337875300e-03   -1.0169153527e-08    3.3640795617e-04    3.8391556402e-08
  63.5000000    2.2753077435e-03   -6.3239347983e-07   -2.7518065406e-03    1.8431507990e-07    1.0302049340e-03   -8.0673187987e-09    3.4000390219e-04    3.6206961193e-08
  63.5100000    2.2768586039e-03   -7.4037368927e-07   -2.7529904928e-03    1.8556586729e-07    1.0266003193e-03   -5.9314426755e-09    3.4358501829e-04    3.3755082921e-08
  63.5200000    2.2777894702e-03   -8.3781744561e-07   -2.7550946973e-03    1.8406688935e-07    1.0229738872e-03   -3.7739693435e-09    3.4714517823e-04    3.1051111441e-08
  63.5300000    2.2781684275e-03   -9.2308051322e-07   -2.7580950848e-03    1.7985552147e-07    1.0193258784e-03   -1.6074107547e-09    3.5067839676e-04    2.8112308909e-08
  63.5400000    2.2780687433e-03   -9.9470284532e-07   -2.7619541525e-03    1.7300556480e-07    1.0156565713e-03    5.5573792751e-10    3.5417886168e-04    2.4957893344e-08
  63.5500000    2.2775677339e-03   -1.0514332372e-06   -2.7666214379e-03    1.6362576975e-07    1.0119662806e-03    2.7030630419e-09    3.5764096474e-04    2.1608894981e-08
  63.5600000    2.2767456039e-03   -1.0922506718e-06   -2.7720341882e-03    1.5185801890e-07    1.0082553555e-03    4.8223115731e-09    3.6105933136e-04    1.8088013770e-08
  63.5700000    2.2756842798e-03   -1.1163820548e-06   -2.7781182140e-03    1.3787511090e-07    1.0045241776e-03    6.9014664219e-09    3.6442884896e-04    1.4419446127e-08
  63.5800000    2.2744662548e-03   -1.1233159197e-06   -2.7847889134e-03    1.2187830171e-07    1.0007731590e-03    8.9288106596e-09    3.6774469367e-04    1.0628712144e-08
  63.5900000    2.2731734629e-03   -1.1128120466e-06   -2.7919524522e-03    1.0409450641e-07    9.9700274030e-04    1.0893004813e-08    3.7100235546e-04    6.7424555221e-09
  63.6000000    2.2718861979e-03   -1.0849066529e-06   -2.7995070808e-03    8.4773312486e-08    9.9321338815e-04    1.2783144887e-08    3.7419766140e-04    2.7882542108e-09
  63.6100000    2.2706820943e-03   -1.0399131400e-06   -2.8073445668e-03    6.4183756066e-08    9.8940559326e-04    1.4588834708e-08    3.7732679701e-04   -1.2055992748e-09
  63.6200000    2.2696351830e-03   -9.7841838353e-07   -2.8153517241e-03    4.2610961475e-08    9.8557986779e-04    1.6300237342e-08    3.8038632558e-04   -5.2103180405e-09
  63.6300000    2.2688150337e-03   -9.0127458324e-07   -2.8234120130e-03    2.0352620554e-08    9.8173674298e-04    1.7908137162e-08    3.8337320536e-04   -9.1968418200e-09
  63.6400000    2.2682859958e-03   -8.0958680659e-07   -2.8314071877e-03   -2.2846105304e-09    9.7787676660e-04    1.9403992641e-08    3.8628480455e-04   -1.3136055317e-08
  63.6500000    2.2681065449e-03   -7.0469640394e-07   -2.8392189687e-03   -2.4988790773e-08    9.7400050035e-04    2.0779980733e-08    3.8911891400e-04   -1.6999033648e-08
  63.6600000    2.2683287413e-03   -5.8816058094e-07   -2.8467307129e-03   -4.7446414611e-08    9.7010851724e-04    2.2029039863e-08    3.9187375760e-04   -2.0757262156e-08
  63.6700000    2.2689978056e-03   -4.6172845683e-07   -2.8538290592e-03   -6.9346086924e-08    9.6620139888e-04    2.3144912979e-08    3.9454800025e-04   -2.4382864267e-08
  63.6800000    2.2701518128e-03   -3.2731390891e-07   -2.8604055244e-03   -9.0382247410e-08    9.6227973274e-04    2.4122172756e-08    3.9714075351e-04   -2.7848820918e-08
  63.6900000    2.2718215039e-03   -1.8696577878e-07   -2.8663580286e-03   -1.1025877603e-07    9.5834410943e-04    2.4956255098e-08    3.9965157874e-04   -3.1129194964e-08
  63.7000000    2.2740302148e-03   -4.2835767351e-08   -2.8715923267e-03   -1.2869253958e-07    9.5439511992e-04    2.5643476171e-08    4.0208048786e-04   -3.4199338693e-08
  63.7100000    2.2767939161e-03    1.0285535597e-07   -2.8760233277e-03   -1.4541681721e-07    9.5043335277e-04    2.6181054287e-08    4.0442794173e-04   -3.7036091089e-08
  63.7200000    2.2801213595e-03    2.4785273958e-07   -2.8795762838e-03   -1.6018455497e-07    9.4645939138e-04    2.6567112106e-08    4.0669484605e-04   -3.9617967470e-08
  63.7300000    2.2840143222e-03    3.8990306486e-07   -2.8821878326e-03   -1.7277150060e-07    9.4247381124e-04    2.6800690399e-08    4.0888254503e-04   -4.1925344093e-08
  63.7400000    2.2884679400e-03    5.2679021509e-07   -2.8838068799e-03   -1.8297910409e-07    9.3847717724e-04    2.6881735805e-08    4.1099281266e-04   -4.3940603617e-08
  63.7500000    2.2934711195e-03    6.5637040176e-07   -2.8843953113e-03   -1.9063716667e-07    9.3447004099e-04    2.6811097748e-08    4.1302784176e-04   -4.5648297960e-08
  63.7600000    2.2990070176e-03    7.7660621208e-07   -2.8839285249e-03   -1.9560629824e-07    9.3045293827e-04    2.6590521939e-08    4.1499023091e-04   -4.7035267059e-08
  63.7700000    2.3050535751e-03    8.8559904399e-07   -2.8823957777e-03   -1.9778002518e-07    9.2642638646e-04    2.6222622306e-08    4.1688296924e-04   -4.8090758564e-08
  63.7800000    2.3115840941e-03    9.8161932744e-07   -2.8798003439e-03   -1.9708658654e-07    9.2239088212e-04    2.5710856574e-08    4.1870941923e-04   -4.8806505390e-08
  63.7900000    2.3185678438e-03    1.0631341729e-06   -2.8761594832e-03   -1.9349046449e-07    9.1834689869e-04    2.5059503293e-08    4.2047329767e-04   -4.9176815396e-08
  63.8000000    2.3259706836e-03    1.1288318606e-06   -2.8715042216e-03   -1.8699345232e-07    9.1429488420e-04    2.4273624377e-08    4.2217865481e-04   -4.9198613684e-08
  63.8100000    2.3337556901e-03    1.1776429315e-06   -2.8658789487e-03   -1.7763538683e-07    9.1023525925e-04    2.3359017861e-08    4.2382985182e-04   -4.8871468770e-08
  63.8200000    2.3418837768e-03    1.2087573556e-06   -2.8593408382e-03   -1.6549446781e-07    9.0616841502e-04    2.2322187159e-08    4.2543153681e-04   -4.8197613482e-08
  63.8300000    2.3503142942e-03    1.2216377320e-06   -2.8519591000e-03   -1.5068711999e-07    9.0209471148e-04    2.1170282494e-08    4.2698861945e-04   -4.7181915991e-08
  63.8400000    2.3590056015e-03    1.2160280833e-06   -2.8438140760e-03   -1.3336743574e-07    8.9801447578e-04    1.9911051058e-08    4.2850624424e-04   -4.5831862649e-08
  63.8500000    2.3679155996e-03    1.1919582758e-06   -2.8349961914e-03   -1.1372609817e-07    8.9392800077e-04    1.8552784080e-08    4.2998976282e-04   -4.4157484936e-08
  63.8600000    2.3770022193e-03    1.1497438965e-06   -2.8256047757e-03   -9.1988905492e-08    8.8983554375e-04    1.7104257881e-08    4.3144470529e-04   -4.2171299121e-08
  63.8700000    2.3862238561e-03    1.0899816136e-06   -2.8157467702e-03   -6.8414766318e-08    8.8573732543e-04    1.5574667719e-08    4.3287675067e-04   -3.9888191467e-08
  63.8800000    2.3955397501e-03    1.0135401615e-06   -2.8055353390e-03   -4.3293218883e-08    8.8163352904e-04    1.3973569338e-08    4.3429169691e-04   -3.7325316764e-08
  63.8900000    2.4049103045e-03    9.2154698345e-07   -2.7950884001e-03   -1.6941496760e-08    8.7752429969e-04    1.2310809337e-08    4.3569543021e-04   -3.4501954475e-08
  63.9000000    2.4142973448e-03    8.1537085112e-07   -2.7845270977e-03    1.0298854385e-08    8.7340974401e-04    1.0596467101e-08    4.3709389425e-04   -3.1439352144e-08
  63.9100000    2.4236643149e-03    6.9660065404e-07   -2.7739742330e-03    3.8065841755e-08    8.6928992990e-04    8.8407773756e-09    4.3849305911e-04   -2.8160567063e-08
  63.9200000    2.4329764162e-03    5.6702079036e-07   -2.7635526743e-03    6.5981219366e-08    8.6516488659e-04    7.0540700639e-09    4.3989889034e-04   -2.4690266675e-08
  63.9300000    2.4422006886e-03    4.2858345431e-07   -2.7533837655e-03    9.3655144419e-08    8.6103460495e-04    5.2466977763e-09    4.4131731814e-04   -2.1054543553e-08
  63.9400000    2.4513060412e-03    2.8337834902e-07   -2.7435857527e-03    1.2069109151e-07    8.5689903799e-04    3.4289771229e-09    4.4275420692e-04   -1.7280697772e-08
  63.9500000    2.4602632362e-03    1.3360026089e-07   -2.7342722476e-03    1.4669107112e-07    8.5275810160e-04    1.6111167545e-09    4.4421532529e-04   -1.3397017579e-08
  63.9600000    2.4690448343e-03   -1.8484990880e-08   -2.7255507473e-03    1.7126108925e-07    8.4861167556e-04   -1.9684816644e-10    4.4570631681e-04   -9.4325504486e-09
  63.9700000    2.4776251079e-03   -1.7057566024e-07   -2.7175212264e-03    1.9401669790e-07    8.4445960475e-04   -1.9851071429e-09    4.4723267145e-04   -5.4168684090e-09
  63.9800000    2.4859799308e-03   -3.2036971771e-07   -2.7102748206e-03    2.1458869934e-07    8.4030170059e-04   -3.7441474934e-09    4.4879969801e-04   -1.3798334885e-09
  63.9900000    2.4940866535e-03   -4.6560043985e-07   -2.7038926152e-03    2.3262880240e-07    8.3613774268e-04   -5.4647967047e-09    4.5041249762e-04    2.6486526667e-09
  64.0000000    2.5019239716e-03   -6.0407136755e-07   -2.6984445552e-03    2.4781522064e-07    8.3196748073e-04   -7.1382883030e-09    4.5207593842e-04    6.6388857860e-09
  64.0100000    2.5094717973e-03   -7.3369018635e-07   -2.6939884888e-03    2.5985808707e-07    8.2779063655e-04   -8.7562973750e-09    4.5379463162e-04    1.0561597438e-08
  64.0200000    2.5167111415e-03   -8.5250080903e-07   -2.6905693565e-03    2.6850466772e-07    8.2360690633e-04   -1.0311000705e-08    4.5557290892e-04    1.4388196898e-08
  64.0300000    2.5236240148e-03   -9.5871338516e-07   -2.6882185358e-03    2.7354416924e-07    8.1941596306e-04   -1.1795105795e-08    4.5741480151e-04    1.8091004231e-08
  64.0400000    2.5301933543e-03   -1.0507315982e-06   -2.6869533509e-03    2.7481216528e-07    8.1521745912e-04   -1.3201893111e-08    4.5932402075e-04    2.1643457439e-08
  64.0500000    2.5364029830e-03   -1.1271769067e-06   -2.6867767525e-03    2.7219444615e-07    8.1101102895e-04   -1.4525246514e-08    4.6130394050e-04    2.5020348307e-08
  64.0600000    2.5422376058e-03   -1.1869093449e-06   -2.6876771747e-03    2.6563037033e-07    8.0679629189e-04   -1.5759681533e-08    4.6335758132e-04    2.8198005764e-08
  64.0700000    2.5476828479e-03   -1.2290445614e-06   -2.6896285699e-03    2.5511541965e-07    8.0257285516e-04   -1.6900363930e-08    4.6548759650e-04    3.1154497903e-08
  64.0800000    2.5527253360e-03   -1.2529668621e-06   -2.6925906248e-03    2.4070311816e-07    7.9834031678e-04   -1.7943133170e-08    4.6769626008e-04    3.3869799916e-08
  64.0900000    2.5573528247e-03   -1.2583380236e-06   -2.6965091561e-03    2.2250605939e-07    7.9409826871e-04   -1.8884504221e-08    4.6998545676e-04    3.6325947285e-08
  64.1000000    2.5615543685e-03   -1.2451018049e-06   -2.7013166822e-03    2.0069612140e-07    7.8984629989e-04   -1.9721683089e-08    4.7235667396e-04    3.8507186743e-08
  64.1100000    2.5653205350e-03   -1.2134840453e-06   -2.7069331680e-03    1.7550378351e-07    7.8558399938e-04   -2.0452561001e-08    4.7481099579e-04    4.0400090661e-08
  64.1200000    2.5686436583e-03   -1.1639884293e-06   -2.7132669348e-03    1.4721651115e-07    7.8131095943e-04   -2.1075716935e-08    4.7734909918e-04    4.1993653436e-08
  64.1300000    2.5715181270e-03   -1.0973879257e-06   -2.7202157269e-03    1.1617619053e-07    7.7702677856e-04   -2.1590401075e-08    4.7997125206e-04    4.3279387886e-08
  64.1400000    2.5739406994e-03   -1.0147121412e-06   -2.7276679255e-03    8.2775646120e-08    7.7273106452e-04   -2.1996525996e-08    4.8267731355e-04    4.4251362015e-08
  64.1500000    2.5759108407e-03   -9.1723069572e-07   -2.7355038953e-03    4.7454262523e-08    7.6842343722e-04   -2.2294649967e-08    4.8546673632e-04    4.4906257489e-08
  64.1600000    2.5774310708e-03   -8.0643298869e-07   -2.7435974524e-03    1.0692708748e-08    7.6410353151e-04   -2.2485947993e-08    4.8833857083e-04    4.5243371919e-08
  64.1700000    2.5785073159e-03   -6.8400464333e-07   -2.7518174355e-03   -2.6993188814e-08    7.5977099985e-04   -2.2572192628e-08    4.9129147172e-04    4.5264606250e-08
  64.1800000    2.5791492513e-03   -5.5180103040e-07   -2.7600293644e-03   -6.5059285408e-08    7.5542551481e-04   -2.2555710076e-08    4.9432370602e-04    4.4974451573e-08
  64.1900000    2.5793706260e-03   -4.1181823408e-07   -2.7680971655e-03   -1.0294067148e-07    7.5106677142e-04   -2.2439361381e-08    4.9743316332e-04    4.4379915850e-08
  64.2000000    2.5791895574e-03   -2.6616206012e-07   -2.7758849461e-03   -1.4005980023e-07    7.4669448927e-04   -2.2226493865e-08    5.0061736777e-04    4.3490466865e-08
  64.2100000    2.5786287851e-03   -1.1701540815e-07   -2.7832587943e-03   -1.7583507077e-07    7.4230841447e-04   -2.1920905056e-08    5.0387349187e-04    4.2317927773e-08
  64.2200000    2.5777158731e-03    3.3395315887e-08   -2.7900885839e-03   -2.0968979233e-07    7.3790832128e-04   -2.1526795615e-08    5.0719837185e-04    4.0876358905e-08
  64.2300000    2.5764833493e-03    1.8283435222e-07   -2.7962497606e-03   -2.4106130803e-07    7.3349401362e-04   -2.1048730800e-08    5.1058852476e-04    3.9181933958e-08
  64.2400000    2.5749687736e-03    3.2909065329e-07   -2.8016250865e-03   -2.6941026275e-07    7.2906532615e-04   -2.0491585942e-08    5.1404016700e-04    3.7252775352e-08
  64.2500000    2.5732147258e-03    4.7001143979e-07   -2.8061063191e-03   -2.9422972268e-07    7.2462212525e-04   -1.9860506826e-08    5.1754923427e-04    3.5108791830e-08
  64.2600000    2.5712687050e-03    6.0353465124e-07   -2.8095958024e-03   -3.1505409932e-07    7.2016430961e-04   -1.9160854326e-08    5.2111140280e-04    3.2771490451e-08
  64.2700000    2.5691829353e-03    7.2771981952e-07   -2.8120079461e-03   -3.3146770874e-07    7.1569181052e-04   -1.8398162078e-08    5.2472211179e-04    3.0263779475e-08
  64.2800000    2.5670140742e-03    8.4077688545e-07   -2.8132705718e-03   -3.4311275011e-07    7.1120459198e-04   -1.7578077826e-08    5.2837658690e-04    2.7609753188e-08
  64.2900000    2.5648228196e-03    9.4109256209e-07   -2.8133261036e-03   -3.4969658814e-07    7.0670265035e-04   -1.6706327033e-08    5.3206986467e-04    2.4834482034e-08
  64.3000000    2.5626734164e-03    1.0272537796e-06   -2.8121325855e-03   -3.5099826867e-07    7.0218601386e-04   -1.5788659559e-08    5.3579681778e-04    2.1963772130e-08
  64.3100000    2.5606330633e-03    1.0980679264e-06   -2.8096645050e-03   -3.4687398003e-07    6.9765474170e-04   -1.4830803420e-08    5.3955218099e-04    1.9023939939e-08
  64.3200000    2.5587712240e-03    1.1525795587e-06   -2.8059134091e-03   -3.3726150199e-07    6.9310892296e-04   -1.3838425043e-08    5.4333057761e-04    1.6041571242e-08
  64.3300000    2.5571588488e-03    1.1900833474e-06   -2.8008882976e-03   -3.2218337776e-07    6.8854867511e-04   -1.2817083230e-08    5.4712654642e-04    1.3043276033e-08
  64.3400000    2.5558675138e-03    1.2101331280e-06   -2.7946157829e-03   -3.0174885666e-07    6.8397414242e-04   -1.1772194830e-08    5.5093456888e-04    1.0055459250e-08
  64.3500000    2.5549684883e-03    1.2125468343e-06   -2.7871400088e-03   -2.7615445176e-07    6.7938549394e-04   -1.0708995402e-08    5.5474909648e-04    7.1040716588e-09
  64.3600000    2.5545317421e-03    1.1974074290e-06   -2.7785223222e-03   -2.4568308103e-07    6.7478292140e-04   -9.6325044425e-09    5.5856457807e-04    4.2143870414e-09
  64.3700000    2.5546249063e-03    1.1650596520e-06   -2.7688406964e-03   -2.1070174927e-07    6.7016663679e-04   -8.5475035156e-09    5.6237548716e-04    1.4107671442e-09
  64.3800000    2.5553122039e-03    1.1161028697e-06   -2.7581889081e-03   -1.7165779949e-07    6.6553686976e-04   -7.4585019840e-09    5.6617634885e-04   -1.2835426634e-09
  64.3900000    2.5566533648e-03    1.0513799824e-06   -2.7466754724e-03   -1.2907377470e-07    6.6089386491e-04   -6.3697159347e-09    5.6996176649e-04   -3.8466349258e-09
  64.4000000    2.5587025455e-03    9.7196273810e-07   -2.7344223467e-03   -8.3540777867e-08    6.5623787883e-04   -5.2850599882e-09    5.7372644773e-04   -6.2581280712e-09
  64.4100000    2.5615072702e-03    8.7913362146e-07   -2.7215634136e-03   -3.5710654208e-08    6.5156917713e-04   -4.2081183768e-09    5.7746522999e-04   -8.4993437699e-09
  64.4200000    2.5651074139e-03    7.7436466892e-07   -2.7082427618e-03    1.3713123189e-08    6.4688803129e-04   -3.1421453446e-09    5.8117310518e-04   -1.0553470198e-08
  64.4300000    2.5695342456e-03    6.5929351813e-07   -2.6946127828e-03    6.3985647297e-08    6.4219471547e-04   -2.0900551711e-09    5.8484524348e-04   -1.2405717168e-08
  64.4400000    2.5748095521e-03    5.3569716815e-07   -2.6808321078e-03    1.1433173685e-07    6.3748950335e-04   -1.0544258193e-09    5.8847701615e-04   -1.4043431798e-08
  64.4500000    2.5809448595e-03    4.0546380900e-07   -2.6670634114e-03    1.6395789661e-07    6.3277266487e-04   -3.7493467253e-11    5.9206401729e-04   -1.5456213489e-08
  64.4600000    2.5879407720e-03    2.7056317567e-07   -2.6534711099e-03    2.1206484025e-07    6.2804446306e-04    9.5883623353e-10    5.9560208436e-04   -1.6636000047e-08
  64.4700000    2.5957864430e-03    1.3301596860e-07   -2.6402189874e-03    2.5786052310e-07    6.2330515093e-04    1.9329776391e-09    5.9908731736e-04   -1.7577130049e-08
  64.4800000    2.6044591946e-03   -5.1372607268e-09   -2.6274677828e-03    3.0057327669e-07    6.1855496847e-04    2.8836539683e-09    6.0251609674e-04   -1.8276386982e-08
  64.4900000    2.6139242971e-03   -1.4186718785e-07   -2.6153727730e-03    3.3946501534e-07    6.1379413972e-04    3.8098761885e-09    6.0588509972e-04   -1.8733019447e-08
  64.5000000    2.6241349219e-03   -2.7518636994e-07   -2.6040813892e-03    3.7384418551e-07    6.0902287006e-04    4.7109254632e-09    6.0919131518e-04   -1.8948732220e-08
  64.5100000    2.6350322734e-03   -4.0317889125e-07   -2.5937309033e-03    4.0307817740e-07    6.0424134368e-04    5.5863268025e-09    6.1243205684e-04   -1.8927665897e-08
  64.5200000    2.6465459076e-03   -5.2402862510e-07   -2.5844462200e-03    4.2660517994e-07    5.9944972121e-04    6.4358311266e-09    6.1560497487e-04   -1.8676348456e-08
  64.5300000    2.6585942394e-03   -6.3604569475e-07   -2.5763378142e-03    4.4394498635e-07    5.9464813771e-04    7.2593718985e-09    6.1870806574e-04   -1.8203614848e-08
  64.5400000    2.6710852386e-03   -7.3769066733e-07   -2.5694998451e-03    4.5470877210e-07    5.8983670077e-04    8.0570481949e-09    6.2173968032e-04   -1.7520518892e-08
  64.5500000    2.6839173112e-03   -8.2759617975e-07   -2.5640084832e-03    4.5860752179e-07    5.8501548910e-04    8.8290901409e-09    6.2469853018e-04   -1.6640221322e-08
  64.5600000    2.6969803597e-03   -9.0458569385e-07   -2.5599204797e-03    4.5545894557e-07    5.8018455125e-04    9.5758240647e-09    6.2758369211e-04   -1.5577845291e-08
  64.5700000    2.7101570123e-03   -9.6768907962e-07   -2.5572720060e-03    4.4519278651e-07    5.7534390476e-04    1.0297634721e-08    6.3039461084e-04   -1.4350329307e-08
  64.5800000    2.7233240085e-03   -1.0161548660e-06   -2.5560777888e-03    4.2785430868e-07    5.7049353565e-04    1.0994944880e-08    6.3313109981e-04   -1.2976255258e-08
  64.5900000    2.7363537254e-03   -1.0494589521e-06   -2.5563305597e-03    4.0360590676e-07    5.6563339828e-04    1.1668167022e-08    6.3579334026e-04   -1.1475652587e-08
  64.6000000    2.7491158258e-03   -1.0673097393e-06   -2.5580008350e-03    3.7272677351e-07    5.6076341551e-04    1.2317678797e-08    6.3838187843e-04   -9.8698157017e-09
  64.6100000    2.7614790064e-03   -1.0696495768e-06   -2.5610370369e-03    3.3561056133e-07    5.5588347933e-04    1.2943789501e-08    6.4089762094e-04   -8.1810661747e-09
  64.6200000    2.7733128243e-03   -1.0566526325e-06   -2.5653659616e-03    2.9276104589e-07    5.5099345179e-04    1.3546709665e-08    6.4334182848e-04   -6.4325444385e-09
  64.6300000    2.7844895734e-03   -1.0287191613e-06   -2.5708935931e-03    2.4478579868e-07    5.4609316632e-04    1.4126521408e-08    6.4571610773e-04   -4.6479693838e-09
  64.6400000    2.7948861863e-03   -9.8646640678e-07   -2.5775062576e-03    1.9238798185e-07    5.4118242950e-04    1.4683149995e-08    6.4802240155e-04   -2.8513916195e-09
  64.6500000    2.8043861314e-03   -9.3071623764e-07   -2.5850721071e-03    1.3635631152e-07    5.3626102301e-04    1.5216344491e-08    6.5026297769e-04   -1.0669716683e-09
  64.6600000    2.8128812759e-03   -8.6247980481e-07   -2.5934429145e-03    7.7553368872e-08    5.3132870617e-04    1.5725653974e-08    6.5244041575e-04    6.8129386681e-10
  64.6700000    2.8202736867e-03   -7.8293947135e-07   -2.6024561578e-03    1.6902408497e-08    5.2638521857e-04    1.6210409612e-08    6.5455759283e-04    2.3697963212e-09
  64.6800000    2.8264773369e-03   -6.9342834207e-07   -2.6119373650e-03   -4.4627161911e-08    5.2143028317e-04    1.6669709673e-08    6.5661766760e-04    3.9755682220e-09
  64.6900000    2.8314196916e-03   -5.9540776625e-07   -2.6217026869e-03   -1.0603535481e-07    5.1646360961e-04    1.7102413785e-08    6.5862406315e-04    5.4765210852e-09
  64.7000000    2.8350431428e-03   -4.9044315271e-07   -2.6315616601e-03   -1.6630797823e-07    5.1148489787e-04    1.7507122724e-08    6.6058044859e-04    6.8516727543e-09
  64.7100000    2.8373062687e-03   -3.8017854083e-07   -2.6413201190e-03   -2.2443366204e-07    5.0649384201e-04    1.7882191953e-08    6.6249071939e-04    8.0813748815e-09
  64.7200000    2.8381848914e-03   -2.6631031643e-07   -2.6507832119e-03   -2.7942105601e-07    5.0149013423e-04    1.8225725741e-08    6.6435897686e-04    9.1475097629e-09
  64.7300000    2.8376729128e-03   -1.5056053166e-07   -2.6597584725e-03   -3.3031602486e-07    4.9647346908e-04    1.8535576005e-08    6.6618950652e-04    1.0033702798e-08
  64.7400000    2.8357829081e-03   -3.4650198879e-08   -2.6680588996e-03   -3.7621857120e-07    4.9144354775e-04    1.8809363066e-08    6.6798675575e-04    1.0725496128e-08
  64.7500000    2.8325464615e-03    7.9726938773e-08   -2.6755059923e-03   -4.1629906304e-07    4.8640008244e-04    1.9044484972e-08    6.6975531067e-04    1.1210511789e-08
  64.7600000    2.8280142324e-03    1.9092982517e-07   -2.6819326913e-03   -4.4981355268e-07    4.8134280084e-04    1.9238137081e-08    6.7149987246e-04    1.1478597595e-08
  64.7700000    2.8222557430e-03    2.9739426968e-07   -2.6871861748e-03   -4.7611789539e-07    4.7627145054e-04    1.9387331278e-08    6.7322523319e-04    1.1521952020e-08
  64.7800000    2.8153588831e-03    3.9765554066e-07   -2.6911304622e-03   -4.9468036563e-07    4.7118580343e-04    1.9488928523e-08    6.7493625131e-04    1.1335229473e-08
  64.7900000    2.8074291330e-03    4.9036900986e-07   -2.6936487773e-03   -5.0509254227e-07    4.6608566000e-04    1.9539659826e-08    6.7663782687e-04    1.0915611850e-08
  64.8000000    2.7985885066e-03    5.7432858827e-07   -2.6946456299e-03   -5.0707822037e-07    4.6097085352e-04    1.9536172569e-08    6.7833487669e-04    1.0262879933e-08
  64.8100000    2.7889742267e-03    6.4848266173e-07   -2.6940485746e-03   -5.0050019614e-07    4.5584125401e-04    1.9475054278e-08    6.8003230954e-04    9.3794272684e-09
  64.8200000    2.7787371423e-03    7.1194733970e-07   -2.6918096155e-03   -4.8536472892e-07    4.5069677206e-04    1.9352882969e-08    6.8173500145e-04    8.2702814093e-09
  64.8300000    2.7680399080e-03    7.6401684378e-07   -2.6879062254e-03   -4.6182357449e-07    4.4553736225e-04    1.9166263601e-08    6.8344777129e-04    6.9430759339e-09
  64.8400000    2.7570549448e-03    8.0417088921e-07   -2.6823419589e-03   -4.3017351031e-07    4.4036302647e-04    1.8911878928e-08    6.8517535678e-04    5.4080215779e-09
  64.8500000    2.7459622099e-03    8.3207903769e-07   -2.6751466428e-03   -3.9085332474e-07    4.3517381666e-04    1.8586525778e-08    6.8692239096e-04    3.6778131605e-09
  64.8600000    2.7349468023e-03    8.4760196501e-07   -2.6663761346e-03   -3.4443829292e-07    4.2996983735e-04    1.8187174955e-08    6.8869337936e-04    1.7675590160e-09
  64.8700000    2.7241964374e-03    8.5078969956e-07   -2.6561116487e-03   -2.9163215756e-07    4.2475124772e-04    1.7711015209e-08    6.9049267782e-04   -3.0534684073e-10
  64.8800000    2.7138988259e-03    8.4187690591e-07   -2.6444586548e-03   -2.3325675639e-07    4.1951826318e-04    1.7155494424e-08    6.9232447128e-04   -2.5213608772e-09
  64.8900000    2.7042389923e-03    8.2127532265e-07   -2.6315453626e-03   -1.7023942161e-07    4.1427115652e-04    1.6518386189e-08    6.9419275343e-04   -4.8589544687e-09
  64.9000000    2.6953965741e-03    7.8956357497e-07   -2.6175208136e-03   -1.0359837054e-07    4.0901025856e-04    1.5797820381e-08    6.9610130749e-04   -7.2948037594e-09
  64.9100000    2.6875431399e-03    7.4747452829e-07   -2.6025526074e-03   -3.4426242033e-08    4.0373595825e-04    1.4992341715e-08    6.9805368809e-04   -9.8039822165e-09
  64.9200000    2.6808395678e-03    6.9588042532e-07   -2.5868242968e-03    3.6127840979e-08    3.9844870227e-04    1.4100954994e-08    7.0005320446e-04   -1.2360183355e-08
  64.9300000    2.6754335244e-03    6.3577617076e-07   -2.5705324929e-03    1.0687749551e-07    3.9314899405e-04    1.3123160073e-08    7.0210290489e-04   -1.4935964697e-08
  64.9400000    2.6714570844e-03    5.6826093256e-07   -2.5538837262e-03    1.7661920964e-07    3.8783739231e-04    1.2059002178e-08    7.0420556259e-04   -1.7502987506e-08
  64.9500000    2.6690245286e-03    4.9451855346e-07   -2.5370911144e-03    2.4415301433e-07    3.8251450893e-04    1.0909106647e-08    7.0636366310e-04   -2.0032284407e-08
  64.9600000    2.6682303580e-03    4.1579695566e-07   -2.5203708922e-03    3.0830341488e-07    3.7718100640e-04    9.6747125048e-09    7.0857939312e-04   -2.2494529789e-08
  64.9700000    2.6691475572e-03    3.3338700665e-07   -2.5039388610e-03    3.6794010224e-07    3.7183759463e-04    8.3577003169e-09    7.1085463099e-04   -2.4860317768e-08
  64.9800000    2.6718261377e-03    2.4860117421e-07   -2.4880068182e-03    4.2199819039e-07    3.6648502732e-04    6.9606226367e-09    7.1319093881e-04   -2.7100442499e-08
  64.9900000    2.6762919892e-03    1.6275226979e-07   -2.4727790278e-03    4.6949749688e-07    3.6112409773e-04    5.4867182315e-09    7.1558955614e-04   -2.9186191324e-08
  65.0000000    2.6825460618e-03    7.7132722753e-08   -2.4584487928e-03    5.0956058073e-07    3.5575563407e-04    3.9399357178e-09    7.1805139550e-04   -3.1089618898e-08
  65.0100000    2.6905638965e-03   -7.0053651221e-09   -2.4451951887e-03    5.4142918966e-07    3.5038049439e-04    2.3249318261e-09    7.2057703950e-04   -3.2783832427e-08
  65.0200000    2.7002955194e-03   -8.8469034750e-08   -2.4331800165e-03    5.6447878466e-07    3.4499956101e-04    6.4708763195e-10    7.2316673967e-04   -3.4243271121e-08
  65.0300000    2.7116657057e-03   -1.6614185987e-07   -2.4225450287e-03    5.7823085238e-07    3.3961373467e-04   -1.0875028890e-09    7.2582041714e-04   -3.5443966942e-08
  65.0400000    2.7245746185e-03   -2.3899968406e-07   -2.4134094778e-03    5.8236278920e-07    3.3422392823e-04   -2.8720359132e-09    7.2853766480e-04   -3.6363807356e-08
  65.0500000    2.7388988177e-03   -3.0612444827e-07   -2.4058680335e-03    5.7671509170e-07    3.2883106023e-04   -4.6990169761e-09    7.3131775141e-04   -3.6982773251e-08
  65.0600000    2.7544926316e-03   -3.6671594844e-07   -2.3999891043e-03    5.6129578590e-07    3.2343604800e-04   -6.5602797498e-09    7.3415962717e-04   -3.7283176179e-08
  65.0700000    2.7711898772e-03   -4.2010132009e-07   -2.3958135984e-03    5.3628186639e-07    3.1803980083e-04   -8.4470153087e-09    7.3706193105e-04   -3.7249855384e-08
  65.0800000    2.7888059080e-03   -4.6574219851e-07   -2.3933541445e-03    5.0201781439e-07    3.1264321280e-04   -1.0349803986e-08    7.4002299958e-04   -3.6870381067e-08
  65.0900000    2.8071399670e-03   -5.0323943050e-07   -2.3925947919e-03    4.5901105773e-07    3.0724715566e-04   -1.2258658619e-08    7.4304087733e-04   -3.6135217836e-08
  65.1000000    2.8259778119e-03   -5.3233539988e-07   -2.3934911948e-03    4.0792453365e-07    3.0185247169e-04   -1.4163075782e-08    7.4611332872e-04   -3.5037864145e-08
  65.1100000    2.8450945805e-03   -5.5291384424e-07   -2.3959712829e-03    3.4956639916e-07    2.9645996653e-04   -1.6052079800e-08    7.4923785133e-04   -3.3574984538e-08
  65.1200000    2.8642578558e-03   -5.6499734040e-07   -2.3999364053e-03    2.8487705154e-07    2.9107040224e-04   -1.7914289419e-08    7.5241169051e-04   -3.1746495278e-08
  65.1300000    2.8832308892e-03   -5.6874250442e-07   -2.4052629341e-03    2.1491368422e-07    2.8568449047e-04   -1.9737977686e-08    7.5563185521e-04   -2.9555631054e-08
  65.1400000    2.9017759363e-03   -5.6443304102e-07   -2.4118042976e-03    1.4083264545e-07    2.8030288584e-04   -2.1511144166e-08    7.5889513502e-04   -2.7008987935e-08
  65.1500000    2.9196576562e-03   -5.5247082821e-07   -2.4193934121e-03    6.3869851251e-08    2.7492617973e-04   -2.3221589440e-08    7.6219811829e-04   -2.4116526407e-08
  65.1600000    2.9366465273e-03   -5.3336520403e-07   -2.4278454694e-03   -1.4680367559e-08    2.6955489430e-04   -2.4856991917e-08    7.6553721111e-04   -2.0891553653e-08
  65.1700000    2.9525222254e-03   -5.0772072468e-07   -2.4369610334e-03   -9.3487638581e-08    2.6418947706e-04   -2.6404990839e-08    7.6890865732e-04   -1.7350666248e-08
  65.1800000    2.9670769169e-03   -4.7622360904e-07   -2.4465293914e-03   -1.7120868397e-07    2.5883029576e-04   -2.7853274985e-08    7.7230855910e-04   -1.3513679636e-08
  65.1900000    2.9801184146e-03   -4.3962715369e-07   -2.4563321038e-03   -2.4651094251e-07    2.5347763400e-04   -2.9189664476e-08    7.7573289837e-04   -9.4035121781e-09
  65.2000000    2.9914731470e-03   -3.9873638176e-07   -2.4661466873e-03   -3.1809605094e-07    2.4813168726e-04   -3.0402206234e-08    7.7917755854e-04   -5.0460446563e-09
  65.2100000    3.0009888963e-03   -3.5439229088e-07   -2.4757503708e-03   -3.8472295955e-07    2.4279255958e-04   -3.1479264962e-08    7.8263834686e-04   -4.6995519397e-10
  65.2200000    3.0085372591e-03   -3.0745582149e-07   -2.4849238551e-03   -4.4523013650e-07    2.3746026099e-04   -3.2409610184e-08    7.8611101684e-04    4.2934711547e-09
  65.2300000    3.0140157904e-03   -2.5879206177e-07   -2.4934550121e-03   -4.9855644474e-07    2.3213470556e-04   -3.3182517926e-08    7.8959129104e-04    9.2105625087e-09
  65.2400000    3.0173497945e-03   -2.0925478639e-07   -2.5011424573e-03   -5.4376037590e-07    2.2681571015e-04   -3.3787853401e-08    7.9307488378e-04    1.4245512579e-08
  65.2500000    3.0184937316e-03   -1.5967169064e-07   -2.5077989335e-03   -5.8003725046e-07    2.2150299402e-04   -3.4216168075e-08    7.9655752377e-04    1.9360629264e-08
  65.2600000    3.0174322140e-03   -1.1083052577e-07   -2.5132544454e-03   -6.0673397711e-07    2.1619617909e-04   -3.4458779676e-08    8.0003497661e-04    2.4516628831e-08
  65.2700000    3.0141805721e-03   -6.3466457152e-08   -2.5173590904e-03   -6.2336124040e-07    2.1089479108e-04   -3.4507867376e-08    8.0350306690e-04    2.9672949890e-08
  65.2800000    3.0087849760e-03   -1.8250723505e-08   -2.5199855355e-03   -6.2960274692e-07    2.0559826136e-04   -3.4356542448e-08    8.0695769993e-04    3.4788044605e-08
  65.2900000    3.0013221064e-03    2.4219137158e-08   -2.5210310971e-03   -6.2532140245e-07    2.0030592964e-04   -3.3998938038e-08    8.1039488282e-04    3.9819736743e-08
  65.3000000    2.9918983731e-03    6.3427361037e-08   -2.5204193885e-03   -6.1056229603e-07    1.9501704743e-04   -3.3430268979e-08    8.1381074500e-04    4.4725546013e-08
  65.3100000    2.9806486884e-03    9.8946230454e-08   -2.5181015049e-03   -5.8555240245e-07    1.8973078222e-04   -3.2646905060e-08    8.1720155789e-04    4.9463053000e-08
  65.3200000    2.9677348080e-03    1.3044047925e-07   -2.5140567283e-03   -5.5069701200e-07    1.8444622246e-04   -3.1646436329e-08    8.2056375368e-04    5.3990234949e-08
  65.3300000    2.9533432601e-03    1.5766974902e-07   -2.5082927397e-03   -5.0657291640e-07    1.7916238325e-04   -3.0427717662e-08    8.2389394324e-04    5.8265836623e-08
  65.3400000    2.9376828883e-03    1.8048915635e-07   -2.5008453377e-03   -4.5391850782e-07    1.7387821264e-04   -2.8990919537e-08    8.2718893279e-04    6.2249719777e-08
  65.3500000    2.9209820413e-03    1.9884790526e-07   -2.4917776690e-03   -3.9362090058e-07    1.6859259867e-04   -2.7337570355e-08    8.3044573953e-04    6.5903207332e-08
  65.3600000    2.9034854475e-03    2.1278614606e-07   -2.4811789888e-03   -3.2670039816e-07    1.6330437697e-04   -2.5470580848e-08    8.3366160603e-04    6.9189431676e-08
  65.3700000    2.8854508190e-03    2.2243005601e-07   -2.4691629726e-03   -2.5429244518e-07    1.5801233885e-04   -2.3394272003e-08    8.3683401324e-04    7.2073668742e-08
  65.3800000    2.8671452314e-03    2.2798532734e-07   -2.4558656147e-03   -1.7762756493e-07    1.5271523992e-04   -2.1114381540e-08    8.3996069216e-04    7.4523659952e-08
  65.3900000    2.8488413332e-03    2.2972925656e-07   -2.4414427515e-03   -9.8009472489e-08    1.4741180920e-04   -1.8638072944e-08    8.4303963409e-04    7.6509899841e-08
  65.4000000    2.8308134391e-03    2.2800157478e-07   -2.4260672569e-03   -1.6791916191e-08    1.4210075844e-04   -1.5973924511e-08    8.4606909937e-04    7.8005940030e-08
  65.4100000    2.8133335651e-03    2.2319420905e-07   -2.4099259613e-03    6.4645425997e-08    1.3678079186e-04   -1.3131920629e-08    8.4904762457e-04    7.8988643131e-08
  65.4200000    2.7966674644e-03    2.1574030340e-07   -2.3932163533e-03    1.4492149256e-07    1.3145061603e-04   -1.0123419755e-08    8.5197402819e-04    7.9438421389e-08
  65.4300000    2.7810707233e-03    2.0610259287e-07   -2.3761431223e-03    2.2267847671e-07    1.2610894994e-04   -6.9611211558e-09    8.5484741471e-04    7.9339451841e-08
  65.4400000    2.7667849772e-03    1.9476150913e-07   -2.3589146078e-03    2.9660586782e-07    1.2075453509e-04   -3.6590184748e-09    8.5766717708e-04    7.8679868428e-08
  65.4500000    2.7540343038e-03    1.8220319141e-07   -2.3417392182e-03    3.6546376597e-07    1.1538614554e-04   -2.3235105612e-10    8.6043299758e-04    7.7451906938e-08
  65.4600000    2.7430218496e-03    1.6890767659e-07   -2.3248218853e-03    4.2810477601e-07    1.1000259796e-04    3.3024676776e-09    8.6314484708e-04    7.5652041430e-08
  65.4700000    2.7339267431e-03    1.5533752444e-07   -2.3083606170e-03    4.8349421406e-07    1.0460276141e-04    6.9279176162e-09    8.6580298271e-04    7.3281061145e-08
  65.4800000    2.7269013418e-03    1.4192707065e-07   -2.2925432099e-03    5.3072818052e-07    9.9185566842e-05    1.0625462646e-08    8.6840794401e-04    7.0344144641e-08
  65.4900000    2.7220688590e-03    1.2907258745e-07   -2.2775441805e-03    5.6904925734e-07    9.3750016382e-05    1.4375632402e-08    8.7096054743e-04    6.6850870208e-08
  65.5000000    2.7195214069e-03    1.1712348157e-07   -2.2635219660e-03    5.9785941432e-07    8.8295192073e-05    1.8158127794e-08    8.7346187946e-04    6.2815213035e-08
  65.5100000    2.7193184911e-03    1.0637475795e-07   -2.2506164453e-03    6.1673000557e-07    8.2820264186e-05    2.1951924125e-08    8.7591328817e-04    5.8255491987e-08
  65.5200000    2.7214859790e-03    9.7060893624e-08   -2.2389468188e-03    6.2540861773e-07    7.7324498957e-05    2.5735386869e-08    8.7831637346e-04    5.3194288153e-08
  65.5300000    2.7260155636e-03    8.9351202627e-08   -2.2286098831e-03    6.2382265356e-07    7.1807265718e-05    2.9486388495e-08    8.8067297590e-04    4.7658327090e-08
  65.5400000    2.7328647325e-03    8.3346824349e-08   -2.2196787259e-03    6.1207960454e-07    6.6268043290e-05    3.3182443007e-08    8.8298516433e-04    4.1678327550e-08
  65.5500000    2.7419572459e-03    7.9079363282e-08   -2.2122018603e-03    5.9046401250e-07    6.0706425664e-05    3.6800824874e-08    8.8525522223e-04    3.5288809684e-08
  65.5600000    2.7531841186e-03    7.6511218426e-08   -2.2062028068e-03    5.5943120479e-07    5.5122126872e-05    4.0318715981e-08    8.8748563304e-04    2.8527888169e-08
  65.5700000    2.7664050949e-03    7.5537586782e-08   -2.2016801264e-03    5.1959791274e-07    4.9514984992e-05    4.3713334518e-08    8.8967906438e-04    2.1437012197e-08
  65.5800000    2.7814505958e-03    7.5990100559e-08   -2.1986078952e-03    4.7172998643e-07    4.3884965283e-05    4.6962082645e-08    8.9183835141e-04    1.4060691399e-08
  65.5900000    2.7981241109e-03    7.7641974182e-08   -2.1969366074e-03    4.1672739016e-07    3.8232162380e-05    5.0042686599e-08    8.9396647929e-04    6.4461915036e-09
  65.6000000    2.8162050019e-03    8.0214607534e-08   -2.1965944811e-03    3.5560688203e-07    3.2556801549e-05    5.2933345254e-08    8.9606656497e-04   -1.3567990434e-09
  65.6100000    2.8354516753e-03    8.3385479791e-08   -2.1974891374e-03    2.8948261489e-07    2.6859238962e-05    5.5612866440e-08    8.9814183833e-04   -9.2965202558e-09
  65.6200000    2.8556050781e-03    8.6797142904e-08   -2.1995096156e-03    2.1954507780e-07    2.1139961005e-05    5.8060816828e-08    9.0019562278e-04   -1.7319508787e-08
  65.6300000    2.8763924649e-03    9.0067138370e-08   -2.2025286804e-03    1.4703883044e-07    1.5399582571e-05    6.0257659680e-08    9.0223131554e-04   -2.5370999920e-08
  65.6400000    2.8975313791e-03    9.2798653952e-08   -2.2064053734e-03    7.3239339715e-08    9.6388444069e-06    6.2184896315e-08    9.0425236756e-04   -3.3395313057e-08
  65.6500000    2.9187337886e-03    9.4591601477e-08   -2.2109877571e-03   -5.7045032252e-10    3.8586094556e-06    6.3825196869e-08    9.0626226327e-04   -4.1336280271e-08
  65.6600000    2.9397103124e-03    9.5053990650e-08   -2.2161157955e-03   -7.3123603443e-08   -1.9401417400e-06    6.5162533767e-08    9.0826450034e-04   -4.9137663383e-08
  65.6700000    2.9601744753e-03    9.3813237147e-08   -2.2216243157e-03   -1.4319206777e-07   -7.7563165519e-06    6.6182301366e-08    9.1026256946e-04   -5.6743578627e-08
  65.6800000    2.9798469236e-03    9.0527230422e-08   -2.2273459924e-03   -2.0960860018e-07   -1.3588716705e-05    6.6871441781e-08    9.1225993424e-04   -6.4098924505e-08
  65.6900000    2.9984595389e-03    8.4894901454e-08   -2.2331142987e-03   -2.7128737627e-07   -1.9436045514e-05    6.7218550706e-08    9.1426001151e-04   -7.1149806858e-08
  65.7000000    3.0157593852e-03    7.6665980436e-08   -2.2387663688e-03   -3.2724281964e-07   -2.5296915992e-05    6.7213978301e-08    9.1626615194e-04   -7.7843953853e-08
  65.7100000    3.0315124300e-03    6.5649829865e-08   -2.2441457188e-03   -3.7660635190e-07   -3.1169859646e-05    6.6849930055e-08    9.1828162117e-04   -8.4131128943e-08
  65.7200000    3.0455069798e-03    5.1723018281e-08   -2.2491047792e-03   -4.1864071781e-07   -3.7053336003e-05    6.6120544992e-08    9.2030958159e-04   -8.9963525844e-08
  65.7300000    3.0575567796e-03    3.4835588718e-08   -2.2535071928e-03   -4.5275171942e-07   -4.2945742723e-05    6.5021971908e-08    9.2235307480e-04   -9.5296149114e-08
  65.7400000    3.0675037257e-03    1.5015677040e-08   -2.2572298414e-03   -4.7849702294e-07   -4.8845426294e-05    6.3552435490e-08    9.2441500488e-04   -1.0008717271e-07
  65.7500000    3.0752201516e-03   -7.6274632924e-09   -2.2601645686e-03   -4.9559205434e-07   -5.4750693190e-05    6.1712286569e-08    9.2649812259e-04   -1.0429828015e-07
  65.7600000    3.0806106512e-03   -3.2902268874e-08   -2.2622195729e-03   -5.0391276304e-07   -6.0659821402e-05    5.9504039286e-08    9.2860501048e-04   -1.0789498859e-07
  65.7700000    3.0836134106e-03   -6.0535534085e-08   -2.2633204527e-03   -5.0349532838e-07   -6.6571072305e-05    5.6932400529e-08    9.3073806916e-04   -1.1084692146e-07
  65.7800000    3.0842010295e-03   -9.0174898959e-08   -2.2634108933e-03   -4.9453281277e-07   -7.2482702737e-05    5.4004294280e-08    9.3289950463e-04   -1.1312806681e-07
  65.7900000    3.0823808180e-03   -1.2139328276e-07   -2.2624529909e-03   -4.7736882000e-07   -7.8392977211e-05    5.0728846422e-08    9.3509131681e-04   -1.1471702072e-07
  65.8000000    3.0781945668e-03   -1.5369508052e-07   -2.2604272191e-03   -4.5248844592e-07   -8.4300180166e-05    4.7117386780e-08    9.3731528940e-04   -1.1559715648e-07
  65.8100000    3.0717177930e-03   -1.8652411799e-07   -2.2573320483e-03   -4.2050656375e-07   -9.0202628182e-05    4.3183419312e-08    9.3957298099e-04   -1.1575678284e-07
  65.8200000    3.0630584765e-03   -2.1927320946e-07   -2.2531832354e-03   -3.8215384621e-07   -9.6098682040e-05    3.8942587929e-08    9.4186571752e-04   -1.1518927807e-07
  65.8300000    3.0523553047e-03   -2.5129515636e-07   -2.2480128105e-03   -3.3826079027e-07   -1.0198675858e-04    3.4412620650e-08    9.4419458611e-04   -1.1389315205e-07
  65.8400000    3.0397754569e-03   -2.8191504042e-07   -2.2418677878e-03   -2.8974003199e-07   -1.0786534219e-04    2.9613269201e-08    9.4656043042e-04   -1.1187209633e-07
  65.8500000    3.0255119617e-03   -3.1044347468e-07   -2.2348086378e-03   -2.3756737137e-07   -1.1373299597e-04    2.4566225122e-08    9.4896384727e-04   -1.0913497980e-07
  65.8600000    3.0097806722e-03   -3.3619071117e-07   -2.2269075590e-03   -1.8276197145e-07   -1.1958837232e-04    1.9295033591e-08    9.5140518483e-04   -1.0569581527e-07
  65.8700000    2.9928169043e-03   -3.5848122276e-07   -2.2182465921e-03   -1.2636597726e-07   -1.2543022304e-04    1.3824991589e-08    9.5388454221e-04   -1.0157367884e-07
  65.8800000    2.9748717960e-03   -3.7666850568e-07   -2.2089156204e-03   -6.9424107631e-08   -1.3125740867e-04    8.1830270087e-09    9.5640177046e-04   -9.6792591957e-08
  65.8900000    2.9562084415e-03   -3.9014982910e-07   -2.1990103027e-03   -1.2963595261e-08   -1.3706890731e-04    2.3975759841e-09    9.5895647503e-04   -9.1381362091e-08
  65.9000000    2.9370978653e-03   -3.9838059880e-07   -2.1886299846e-03    4.2025193334e-08   -1.4286382241e-04   -3.5015601618e-09    9.6154801963e-04   -8.5373399161e-08
  65.9100000    2.9178148972e-03   -4.0088801271e-07   -2.1778756329e-03    9.4606957969e-08   -1.4864138990e-04   -9.4833620786e-09    9.6417553139e-04   -7.8806477038e-08
  65.9200000    2.8986340164e-03   -3.9728381340e-07   -2.1668478373e-03    1.4391826446e-07   -1.5440098436e-04   -1.5515745633e-08    9.6683790743e-04   -7.1722477716e-08
  65.9300000    2.8798252269e-03   -3.8727567537e-07   -2.1556449183e-03    1.8918251510e-07   -1.6014212424e-04   -2.1565740334e-08    9.6953382268e-04   -6.4167091181e-08
  65.9400000    2.8616500325e-03   -3.7067716566e-07   -2.1443611801e-03    2.2972288369e-07   -1.6586447608e-04   -2.7599661004e-08    9.7226173887e-04   -5.6189491048e-08
  65.9500000    2.8443575718e-03   -3.4741586603e-07   -2.1330853400e-03    2.6497298600e-07   -1.7156785774e-04   -3.3583285124e-08    9.7501991478e-04   -4.7841985688e-08
  65.9600000    2.8281809738e-03   -3.1753955218e-07   -2.1218991626e-03    2.9448506003e-07   -1.7725224058e-04   -3.9482052148e-08    9.7780641751e-04   -3.9179640221e-08
  65.9700000    2.8133339910e-03   -2.8122020975e-07   -2.1108763206e-03    3.1793557555e-07   -1.8291775053e-04   -4.5261254179e-08    9.8061913483e-04   -3.0259868683e-08
  65.9800000    2.8000079607e-03   -2.3875574200e-07   -2.1000814989e-03    3.3512817998e-07   -1.8856466818e-04   -5.0886237427e-08    9.8345578840e-04   -2.1142026763e-08
  65.9900000    2.7883691406e-03   -1.9056928928e-07   -2.0895697524e-03    3.4599395809e-07   -1.9419342769e-04   -5.6322598769e-08    9.8631394797e-04   -1.1886974895e-08
  66.0000000    2.7785564579e-03   -1.3720610757e-07   -2.0793861209e-03    3.5058912717e-07   -1.9980461469e-04   -6.1536401788e-08    9.8919104620e-04   -2.5566326680e-09
  66.0100000    2.7706797044e-03   -7.9327986901e-08   -2.0695655005e-03    3.4909011643e-07   -2.0539896316e-04   -6.6494373370e-08    9.9208439434e-04    6.7864780391e-09
  66.0200000    2.7648182030e-03   -1.7705257118e-08   -2.0601327608e-03    3.4178636103e-07   -2.1097735114e-04   -7.1164113967e-08    9.9499119832e-04    1.6079687549e-08
  66.0300000    2.7610199625e-03    4.6793541904e-08   -2.0511030972e-03    3.2907084968e-07   -2.1654079567e-04   -7.5514299719e-08    9.9790857544e-04    2.5260639296e-08
  66.0400000    2.7593013294e-03    1.1321415099e-07   -2.0424825973e-03    3.1142875961e-07   -2.2209044649e-04   -7.9514885217e-08    1.0008335714e-03    3.4267756997e-08
  66.0500000    2.7596471390e-03    1.8053113135e-07   -2.0342689977e-03    2.8942446176e-07   -2.2762757907e-04   -8.3137304471e-08    1.0037631777e-03    4.3040682562e-08
  66.0600000    2.7620113563e-03    2.4766412726e-07   -2.0264526050e-03    2.6368711961e-07   -2.3315358660e-04   -8.6354656928e-08    1.0066943491e-03    5.1520726984e-08
  66.0700000    2.7663181944e-03    3.1349572628e-07   -2.0190173488e-03    2.3489534339e-07   -2.3866997127e-04   -8.9141901639e-08    1.0096240211e-03    5.9651304842e-08
  66.0800000    2.7724636842e-03    3.7689048379e-07   -2.0119419334e-03    2.0376114201e-07   -2.4417833473e-04   -9.1476028595e-08    1.0125491276e-03    6.7378341125e-08
  66.0900000    2.7803176690e-03    4.3671485319e-07   -2.0052010534e-03    1.7101359800e-07   -2.4968036798e-04   -9.3336236025e-08    1.0154666185e-03    7.4650667946e-08
  66.1000000    2.7897261838e-03    4.9185768577e-07   -1.9987666383e-03    1.3738258543e-07   -2.5517784051e-04   -9.4704087230e-08    1.0183734767e-03    8.1420390852e-08
  66.1100000    2.8005141793e-03    5.4125085933e-07   -1.9926090889e-03    1.0358293178e-07   -2.6067258908e-04   -9.5563662306e-08    1.0212667348e-03    8.7643251524e-08
  66.1200000    2.8124885409e-03    5.8388972331e-07   -1.9866984723e-03    7.0299336822e-08   -2.6616650592e-04   -9.5901694808e-08    1.0241434920e-03    9.3278928506e-08
  66.1300000    2.8254413514e-03    6.1885295558e-07   -1.9810056424e-03    3.8172317557e-08   -2.7166152663e-04   -9.5707699468e-08    1.0270009299e-03    9.8291330716e-08
  66.1400000    2.8391533414e-03    6.4532139602e-07   -1.9755032566e-03    7.7856282522e-09   -2.7715961786e-04   -9.4974079787e-08    1.0298363273e-03    1.0264884742e-07
  66.1500000    2.8533974688e-03    6.6259557500e-07   -1.9701666613e-03   -2.0344834739e-08   -2.8266276472e-04   -9.3696226902e-08    1.0326470758e-03    1.0632458337e-07
  66.1600000    2.8679425683e-03    6.7011149075e-07   -1.9649746248e-03   -4.5780173142e-08   -2.8817295813e-04   -9.1872600331e-08    1.0354306928e-03    1.0929651964e-07
  66.1700000    2.8825570110e-03    6.6745435731e-07   -1.9599098982e-03   -6.8165685662e-08   -2.9369218222e-04   -8.9504786752e-08    1.0381848349e-03    1.1154767023e-07
  66.1800000    2.8970123130e-03    6.5437001922e-07   -1.9549595940e-03   -8.7235895066e-08   -2.9922240176e-04   -8.6597555946e-08    1.0409073100e-03    1.1306618635e-07
  66.1900000    2.9110866376e-03    6.3077373741e-07   -1.9501153715e-03   -1.0281740308e-07   -3.0476554977e-04   -8.3158884995e-08    1.0435960884e-03    1.1384542329e-07
  66.2000000    2.9245681333e-03    5.9675616106e-07   -1.9453734295e-03   -1.1482949157e-07   -3.1032351541e-04   -7.9199967353e-08    1.0462493127e-03    1.1388396247e-07
  66.2100000    2.9372580572e-03    5.5258630497e-07   -1.9407343079e-03   -1.2328254371e-07   -3.1589813226e-04   -7.4735211306e-08    1.0488653071e-03    1.1318559766e-07
  66.2200000    2.9489736350e-03    4.9871137538e-07   -1.9362025078e-03   -1.2827431756e-07   -3.2149116691e-04   -6.9782209268e-08    1.0514425850e-03    1.1175928481e-07
  66.2300000    2.9595506165e-03    4.3575345546e-07   -1.9317859424e-03   -1.2998424945e-07   -3.2710430816e-04   -6.4361692581e-08    1.0539798556e-03    1.0961903643e-07
  66.2400000    2.9688454884e-03    3.6450295396e-07   -1.9274952382e-03   -1.2866588544e-07   -3.3273915675e-04   -5.8497471936e-08    1.0564760299e-03    1.0678380076e-07
  66.2500000    2.9767373138e-03    2.8590893991e-07   -1.9233429090e-03   -1.2463774775e-07   -3.3839721576e-04   -5.2216341740e-08    1.0589302243e-03    1.0327728241e-07
  66.2600000    2.9831291756e-03    2.0106643911e-07   -1.9193424277e-03   -1.1827280265e-07   -3.4407988165e-04   -4.5547987658e-08    1.0613417641e-03    9.9127743898e-08
  66.2700000    2.9879492057e-03    1.1120086143e-07   -1.9155072266e-03   -1.0998681331e-07   -3.4978843614e-04   -3.8524860123e-08    1.0637101848e-03    9.4367760480e-08
  66.2800000    2.9911511913e-03    1.7649805437e-08   -1.9118496561e-03   -1.0022591139e-07   -3.5552403883e-04   -3.1182033805e-08    1.0660352335e-03    8.9033942484e-08
  66.2900000    2.9927147547e-03   -7.8157541999e-08   -1.9083799362e-03   -8.9453662094e-08   -3.6128772073e-04   -2.3557048902e-08    1.0683168670e-03    8.3166641211e-08
  66.3000000    2.9926451125e-03   -1.7472298355e-07   -1.9051051318e-03   -7.8137937176e-08   -3.6708037857e-04   -1.5689734861e-08    1.0705552508e-03    7.6809615891e-08
  66.3100000    2.9909724252e-03   -2.7050361310e-07   -1.9020281876e-03   -6.6738012259e-08   -3.7290277020e-04   -7.6220126032e-09    1.0727507558e-03    7.0009678799e-08
  66.3200000    2.9877507561e-03   -3.6393734546e-07   -1.8991470516e-03   -5.5691996301e-08   -3.7875551074e-04    6.0230447167e-10    1.0749039536e-03    6.2816322897e-08
  66.3300000    2.9830566638e-03   -4.5346931114e-07   -1.8964539191e-03   -4.5405155047e-08   -3.8463906979e-04    8.9377497573e-09    1.0770156114e-03    5.5281324721e-08
  66.3400000    2.9769874593e-03   -5.3757858219e-07   -1.8939346228e-03   -3.6239179341e-08   -3.9055376954e-04    1.7337426550e-08    1.0790866855e-03    4.7458337417e-08
  66.3500000    2.9696591621e-03   -6.1480484684e-07   -1.8915681931e-03   -2.8502791196e-08   -3.9649978389e-04    2.5753273153e-08    1.0811183136e-03    3.9402468194e-08
  66.3600000    2.9612041970e-03   -6.8377447550e-07   -1.8893266081e-03   -2.2443864019e-08   -4.0247713845e-04    3.4136319783e-08    1.0831118061e-03    3.1169860195e-08
  66.3700000    2.9517688740e-03   -7.4322553070e-07   -1.8871747467e-03   -1.8243240872e-08   -4.0848571148e-04    4.2436960683e-08    1.0850686371e-03    2.2817238202e-08
  66.3800000    2.9415106969e-03   -7.9203127722e-07   -1.8850705559e-03   -1.6010351356e-08   -4.1452523581e-04    5.0605243564e-08    1.0869904334e-03    1.4401499507e-08
  66.3900000    2.9305955518e-03   -8.2922172348e-07   -1.8829654343e-03   -1.5780824849e-08   -4.2059530152e-04    5.8591155490e-08    1.0888789639e-03    5.9792669095e-09
  66.4000000    2.9191948216e-03   -8.5400279426e-07   -1.8808048321e-03   -1.7516052865e-08   -4.2669535953e-04    6.6344919935e-08    1.0907361275e-03   -2.3935307872e-09
  66.4100000    2.9074824783e-03   -8.6577274165e-07   -1.8785290586e-03   -2.1104727682e-08   -4.3282472600e-04    7.3817305120e-08    1.0925639405e-03   -1.0662080279e-08
  66.4200000    2.8956322020e-03   -8.6413547953e-07   -1.8760742847e-03   -2.6366354045e-08   -4.3898258745e-04    8.0959908239e-08    1.0943645237e-03   -1.8773073211e-08
  66.4300000    2.8838145726e-03   -8.4891053827e-07   -1.8733737229e-03   -3.3056572081e-08   -4.4516800658e-04    8.7725479090e-08    1.0961400888e-03   -2.6675112300e-08
  66.4400000    2.8721943815e-03   -8.2013944737e-07   -1.8703589603e-03   -4.0874217435e-08   -4.5137992874e-04    9.4068217571e-08    1.0978929245e-03   -3.4319063212e-08
  66.4500000    2.8609281035e-03   -7.7808831883e-07   -1.8669614171e-03   -4.9469913434e-08   -4.5761718901e-04    9.9944064082e-08    1.0996253820e-03   -4.1658408641e-08
  66.4600000    2.8501615685e-03   -7.2324663033e-07   -1.8631138996e-03   -5.8455960177e-08   -4.6387851978e-04    1.0531100838e-07    1.1013398611e-03   -4.8649561816e-08
  66.4700000    2.8400278677e-03   -6.5632209367e-07   -1.8587522118e-03   -6.7417315612e-08   -4.7016255879e-04    1.1012936879e-07    1.1030387951e-03   -5.5252166826e-08
  66.4800000    2.8306455219e-03   -5.7823164874e-07   -1.8538167887e-03   -7.5923371202e-08   -4.7646785751e-04    1.1436207572e-07    1.1047246363e-03   -6.1429361764e-08
  66.4900000    2.8221169371e-03   -4.9008881870e-07   -1.8482543119e-03   -8.3540235853e-08   -4.8279288997e-04    1.1797494196e-07    1.1063998417e-03   -6.7148007811e-08
  66.5000000    2.8145271675e-03   -3.9318736589e-07   -1.8420192696e-03   -8.9843221618e-08   -4.8913606168e-04    1.2093691361e-07    1.1080668584e-03   -7.2378884870e-08
  66.5100000    2.8079429952e-03   -2.8898179248e-07   -1.8350754188e-03   -9.4429234587e-08   -4.9549571883e-04    1.2322032086e-07    1.1097281092e-03   -7.7096874779e-08
  66.5200000    2.8024123383e-03   -1.7906471363e-07   -1.8273971137e-03   -9.6928726235e-08   -5.0187015759e-04    1.2480109800e-07    1.1113859791e-03   -8.1281067471e-08
  66.5300000    2.7979639848e-03   -6.5141659041e-08   -1.8189704646e-03   -9.7016979776e-08   -5.0825763340e-04    1.2565899544e-07    1.1130428017e-03   -8.4914866984e-08
  66.5400000    2.7946076512e-03    5.0996398753e-08   -1.8097942914e-03   -9.4424320760e-08   -5.1465637033e-04    1.2577777143e-07    1.1147008460e-03   -8.7986049376e-08
  66.5500000    2.7923343539e-03    1.6750222989e-07   -1.7998808462e-03   -8.8945158941e-08   -5.2106457021e-04    1.2514535605e-07    1.1163623043e-03   -9.0486767531e-08
  66.5600000    2.7911170802e-03    2.8250285140e-07   -1.7892562768e-03   -8.0445475318e-08   -5.2748042178e-04    1.2375399662e-07    1.1180292797e-03   -9.2413554776e-08
  66.5700000    2.7909117385e-03    3.9413076493e-07   -1.7779608142e-03   -6.8868600679e-08   -5.3390210946e-04    1.2160038778e-07    1.1197037758e-03   -9.3767255099e-08
  66.5800000    2.7916583643e-03    5.0055538135e-07   -1.7660486685e-03   -5.4239236437e-08   -5.4032782204e-04    1.1868575986e-07    1.1213876855e-03   -9.4552936773e-08
  66.5900000    2.7932825549e-03    6.0001416591e-07   -1.7535876265e-03   -3.6665415815e-08   -5.4675576089e-04    1.1501595417e-07    1.1230827820e-03   -9.4779773035e-08
  66.6000000    2.7956971017e-03    6.9084281855e-07   -1.7406583491e-03   -1.6338446472e-08   -5.5318414790e-04    1.1060146156e-07    1.1247907094e-03   -9.4460877813e-08
  66.6100000    2.7988037871e-03    7.7150408148e-07   -1.7273533742e-03    6.4691846991e-09   -5.5961123305e-04    1.0545745090e-07    1.1265129754e-03   -9.3613128700e-08
  66.6200000    2.8024953122e-03    8.4061460367e-07   -1.7137758371e-03    3.1407985473e-08   -5.6603530149e-04    9.9603740557e-08    1.1282509439e-03   -9.2256941222e-08
  66.6300000    2.8066573172e-03    8.9696938380e-07   -1.7000379261e-03    5.8057570931e-08   -5.7245468014e-04    9.3064763927e-08    1.1300058293e-03   -9.0416026971e-08
  66.6400000    2.8111704604e-03    9.3956332480e-07   -1.6862590986e-03    8.5934638459e-08   -5.7886774393e-04    8.5869497498e-08    1.1317786915e-03   -8.8117126355e-08
  66.6500000    2.8159125171e-03    9.6760957637e-07   -1.6725640869e-03    1.1450264252e-07   -5.8527292138e-04    7.8051358031e-08    1.1335704317e-03   -8.5389711886e-08
  66.6600000    2.8207604649e-03    9.8055421599e-07   -1.6590807304e-03    1.4318295098e-07   -5.9166869977e-04    6.9648070132e-08    1.1353817897e-03   -8.2265688107e-08
  66.6700000    2.8255925197e-03    9.7808711272e-07   -1.6459376722e-03    1.7136720718e-07   -5.9805362975e-04    6.0701509904e-08    1.1372133418e-03   -7.8779059434e-08
  66.6800000    2.8302900904e-03    9.6014867436e-07   -1.6332619657e-03    1.9843075625e-07   -6.0442632942e-04    5.1257509732e-08    1.1390655002e-03   -7.4965589975e-08
  66.6900000    2.8347396240e-03    9.2693235304e-07   -1.6211766359e-03    2.2374665462e-07   -6.1078548790e-04    4.1365645703e-08    1.1409385128e-03   -7.0862456614e-08
  66.7000000    2.8388343112e-03    8.7888288099e-07   -1.6097982446e-03    2.4670010256e-07   -6.1712986836e-04    3.1078989396e-08    1.1428324643e-03   -6.6507893220e-08
  66.7100000    2.8424756327e-03    8.1669021025e-07   -1.5992345091e-03    2.6670291166e-07   -6.2345831060e-04    2.0453834698e-08    1.1447472790e-03   -6.1940831635e-08
  66.7200000    2.8455747221e-03    7.4127927751e-07   -1.5895820218e-03    2.8320763436e-07   -6.2976973310e-04    9.5494012440e-09    1.1466827231e-03   -5.7200544580e-08
  66.7300000    2.8480535325e-03    6.5379569096e-07   -1.5809241214e-03    2.9572113884e-07   -6.3606313460e-04   -1.5724809727e-09    1.1486384093e-03   -5.2326281435e-08
  66.7400000    2.8498457919e-03    5.5558764199e-07   -1.5733289585e-03    3.0381721316e-07   -6.4233759527e-04   -1.2847723941e-08    1.1506138015e-03   -4.7356932755e-08
  66.7500000    2.8508977408e-03    4.4818432145e-07   -1.5668478015e-03    3.0714792767e-07   -6.4859227748e-04   -2.4210339666e-08    1.1526082208e-03   -4.2330676292e-08
  66.7600000    2.8511686463e-03    3.3327114894e-07   -1.5615136186e-03    3.0545349540e-07   -6.5482642615e-04   -3.5592824464e-08    1.1546208518e-03   -3.7284664218e-08
  66.7700000    2.8506310925e-03    2.1266233436e-07   -1.5573399716e-03    2.9857037881e-07   -6.6103936877e-04   -4.6926558006e-08    1.1566507504e-03   -3.2254696279e-08
  66.7800000    2.8492710508e-03    8.8271126692e-08   -1.5543202490e-03    2.8643743367e-07   -6.6723051512e-04   -5.8142207512e-08    1.1586968516e-03   -2.7274939940e-08
  66.7900000    2.8470877368e-03   -3.7921654442e-08   -1.5524272598e-03    2.6909992028e-07   -6.7339935670e-04   -6.9170172445e-08    1.1607579782e-03   -2.2377657536e-08
  66.8000000    2.8440932626e-03   -1.6390031952e-07   -1.5516132036e-03    2.4671124145e-07   -6.7954546592e-04   -7.9940994595e-08    1.1628328502e-03   -1.7592948018e-08
  66.8100000    2.8403120998e-03   -2.8764764780e-07   -1.5518100247e-03    2.1953240062e-07   -6.8566849510e-04   -9.0385814831e-08    1.1649200947e-03   -1.2948535079e-08
  66.8200000    2.8357803659e-03   -4.0717833030e-07   -1.5529301498e-03    1.8792906310e-07   -6.9176817528e-04   -1.0043680849e-07    1.1670182558e-03   -8.4695648651e-09
  66.8300000    2.8305449547e-03   -5.2057189521e-07   -1.5548676030e-03    1.5236635197e-07   -6.9784431492e-04   -1.1002763073e-07    1.1691258055e-03   -4.1784416376e-09
  66.8400000    2.8246625282e-03   -6.2600459913e-07   -1.5574994827e-03    1.1340132841e-07   -7.0389679846e-04   -1.1909386391e-07    1.1712411546e-03   -9.4689637345e-11
  66.8500000    2.8181983922e-03   -7.2177971505e-07   -1.5606877784e-03    7.1673468986e-08   -7.0992558487e-04   -1.2757345050e-07    1.1733626633e-03    3.7651491998e-09
  66.8600000    2.8112252764e-03   -8.0635569346e-07   -1.5642814996e-03    2.7893094009e-08   -7.1593070612e-04   -1.3540712203e-07    1.1754886534e-03    7.3875895313e-09
  66.8700000    2.8038220428e-03   -8.7837170436e-07   -1.5681190794e-03   -1.7171815815e-08   -7.2191226566e-04   -1.4253882201e-07    1.1776174184e-03    1.0762249015e-08
  66.8800000    2.7960723443e-03   -9.3667020617e-07   -1.5720310145e-03   -6.2710311695e-08   -7.2787043689e-04   -1.4891610546e-07    1.1797472359e-03    1.3881843998e-08
  66.8900000    2.7880632554e-03   -9.8031602093e-07   -1.5758426930e-03   -1.0788431635e-07   -7.3380546165e-04   -1.5449053119e-07    1.1818763780e-03    1.6742178411e-08
  66.9000000    2.7798838973e-03   -1.0086117213e-06   -1.5793773623e-03   -1.5184525840e-07   -7.3971764882e-04   -1.5921802822e-07    1.1840031227e-03    1.9342081196e-08
  66.9100000    2.7716240784e-03   -1.0211090263e-06   -1.5824591816e-03   -1.9375124292e-07   -7.4560737293e-04   -1.6305923785e-07    1.1861257648e-03    2.1683316135e-08
  66.9200000    2.7633729685e-03   -1.0176159502e-06   -1.5849163058e-03   -2.3278433933e-07   -7.5147507280e-04   -1.6597983874e-07    1.1882426259e-03    2.3770472493e-08
  66.9300000    2.7552178257e-03   -9.9819974623e-07   -1.5865839430e-03   -2.6816762754e-07   -7.5732125037e-04   -1.6795083666e-07    1.1903520650e-03    2.5610818732e-08
  66.9400000    2.7472427922e-03   -9.6318547316e-07   -1.5873073289e-03   -2.9918163287e-07   -7.6314646946e-04   -1.6894882758e-07    1.1924524879e-03    2.7214123286e-08
  66.9500000    2.7395277723e-03   -9.1315022767e-07   -1.5869445644e-03   -3.2517986107e-07   -7.6895135474e-04   -1.6895622422e-07    1.1945423568e-03    2.8592462590e-08
  66.9600000    2.7321474064e-03   -8.4891326159e-07   -1.5853692617e-03   -3.4560296536e-07   -7.7473659059e-04   -1.6796145359e-07    1.1966201981e-03    2.9760004734e-08
  66.9700000    2.7251701498e-03   -7.7152201991e-07   -1.5824729494e-03   -3.5999140787e-07   -7.8050292021e-04   -1.6595911546e-07    1.1986846114e-03    3.0732764648e-08
  66.9800000    2.7186574655e-03   -6.8223446566e-07   -1.5781671912e-03   -3.6799616698e-07   -7.8625114457e-04   -1.6295010285e-07    1.2007342761e-03    3.1528344517e-08
  66.9900000    2.7126631363e-03   -5.8249792718e-07   -1.5723853770e-03   -3.6938732725e-07   -7.9198212149e-04   -1.5894167536e-07    1.2027679585e-03    3.2165669355e-08
  67.0000000    2.7072327011e-03   -4.7392489577e-07   -1.5650841522e-03   -3.6406037016e-07   -7.9769676467e-04   -1.5394750611e-07    1.2047845176e-03    3.2664693640e-08
  67.0100000    2.7024030157e-03   -3.5826614406e-07   -1.5562444549e-03   -3.5203991480e-07   -8.0339604267e-04   -1.4798768214e-07    1.2067829103e-03    3.3046115266e-08
  67.0200000    2.6982019406e-03   -2.3738167003e-07   -1.5458721427e-03   -3.3348097308e-07   -8.0908097788e-04   -1.4108864497e-07    1.2087621958e-03    3.3331071553e-08
  67.0300000    2.6946481516e-03   -1.1320993813e-07   -1.5339981922e-03   -3.0866743807e-07   -8.1475264529e-04   -1.3328311870e-07    1.2107215391e-03    3.3540835394e-08
  67.0400000    2.6917510727e-03    1.2264057969e-08   -1.5206784666e-03   -2.7800800914e-07   -8.2041217126e-04   -1.2460997061e-07    1.2126602140e-03    3.3696523627e-08
  67.0500000    2.6895109252e-03    1.3704131737e-07   -1.5059930529e-03   -2.4202952373e-07   -8.2606073202e-04   -1.1511403661e-07    1.2145776047e-03    3.3818786161e-08
  67.0600000    2.6879188870e-03    2.5914146492e-07   -1.4900451772e-03   -2.0136781532e-07   -8.3169955204e-04   -1.0484591344e-07    1.2164732071e-03    3.3927524793e-08
  67.0700000    2.6869573572e-03    3.7663492914e-07   -1.4729597160e-03   -1.5675625020e-07   -8.3732990218e-04   -9.3861689384e-08    1.2183466290e-03    3.4041605715e-08
  67.0800000    2.6866003167e-03    4.8767406292e-07   -1.4548813276e-03   -1.0901221129e-07   -8.4295309750e-04   -8.2222656548e-08    1.2201975896e-03    3.4178599267e-08
  67.0900000    2.6868137782e-03    5.9052279087e-07   -1.4359722338e-03   -5.9021701093e-08   -8.4857049493e-04   -6.9994970034e-08    1.2220259180e-03    3.4354521341e-08
  67.1000000    2.6875563153e-03    6.8358424579e-07   -1.4164096900e-03   -7.7224497616e-09   -8.5418349043e-04   -5.7249277025e-08    1.2238315513e-03    3.4583598711e-08
  67.1100000    2.6887796638e-03    7.6542593853e-07   -1.3963831870e-03    4.3914167401e-08   -8.5979351597e-04   -4.4060304493e-08    1.2256145313e-03    3.4878065554e-08
  67.1200000    2.6904293844e-03    8.3480211547e-07   -1.3760914306e-03    9.4902119168e-08   -8.6540203604e-04   -3.0506418199e-08    1.2273750016e-03    3.5247968265e-08
  67.1300000    2.6924455791e-03    8.9067289599e-07   -1.3557391510e-03    1.4426010487e-07   -8.7101054384e-04   -1.6669153624e-08    1.2291132023e-03    3.5701001903e-08
  67.1400000    2.6947636516e-03    9.3221990972e-07   -1.3355337974e-03    1.9103105360e-07   -8.7662055698e-04   -2.6327117076e-09    1.2308294660e-03    3.6242380657e-08
  67.1500000    2.6973151027e-03    9.5885825337e-07   -1.3156821722e-03    2.3430123962e-07   -8.8223361281e-04    1.1516562514e-08    1.2325242117e-03    3.6874723097e-08
  67.1600000    2.7000283531e-03    9.7024451739e-07   -1.2963870636e-03    2.7321880412e-07   -8.8785126334e-04    2.5690722120e-08    1.2341979389e-03    3.7597982437e-08
  67.1700000    2.7028295842e-03    9.6628086155e-07   -1.2778439328e-03    3.0701103950e-07   -8.9347506966e-04    3.9800786905e-08    1.2358512209e-03    3.8409408356e-08
  67.1800000    2.7056435896e-03    9.4711506576e-07   -1.2602377116e-03    3.3500033796e-07   -8.9910659602e-04    5.3757314885e-08    1.2374846981e-03    3.9303522401e-08
  67.1900000    2.7083946292e-03    9.1313656526e-07   -1.2437397655e-03    3.5661827730e-07   -9.0474740338e-04    6.7470996125e-08    1.2390990702e-03    4.0272149642e-08
  67.2000000    2.7110072793e-03    8.6496866923e-07   -1.2285050719e-03    3.7141768690e-07   -9.1039904264e-04    8.0853234714e-08    1.2406950888e-03    4.1304464333e-08
  67.2100000    2.7134072703e-03    8.0345697827e-07   -1.2146696610e-03    3.7908232934e-07   -9.1606304745e-04    9.3816759966e-08    1.2422735495e-03    4.2387086781e-08
  67.2200000    2.7155223071e-03    7.2965440119e-07   -1.2023483616e-03    3.7943405720e-07   -9.2174092668e-04    1.0627620609e-07    1.2438352837e-03    4.3504190667e-08
  67.2300000    2.7172828638e-03    6.4480286588e-07   -1.1916328890e-03    3.7243726141e-07   -9.2743415648e-04    1.1814870661e-07    1.2453811502e-03    4.4637656220e-08
  67.2400000    2.7186229484e-03    5.5031219937e-07   -1.1825903054e-03    3.5820049701e-07   -9.3314417220e-04    1.2935447357e-07    1.2469120276e-03    4.5767259359e-08
  67.2500000    2.7194808294e-03    4.4773647087e-07   -1.1752618787e-03    3.3697527653e-07   -9.3887235989e-04    1.3981735026e-07    1.2484288052e-03    4.6870862259e-08
  67.2600000    2.7197997210e-03    3.3874821429e-07   -1.1696623554e-03    3.0915193513e-07   -9.4462004772e-04    1.4946537053e-07    1.2499323756e-03    4.7924659011e-08
  67.2700000    2.7195284190e-03    2.2511098570e-07   -1.1657796602e-03    2.7525278678e-07   -9.5038849721e-04    1.5823126585e-07    1.2514236265e-03    4.8903433949e-08
  67.2800000    2.7186218831e-03    1.0865071992e-07   -1.1635750250e-03    2.3592258139e-07   -9.5617889441e-04    1.6605297232e-07    1.2529034329e-03    4.9780838397e-08
  67.2900000    2.7170417609e-03   -8.7737010199e-09   -1.1629835437e-03    1.9191645188e-07   -9.6199234098e-04    1.7287408983e-07    1.2543726497e-03    5.0529689821e-08
  67.3000000    2.7147568471e-03   -1.2530011935e-07   -1.1639151426e-03    1.4408562124e-07   -9.6782984542e-04    1.7864431214e-07    1.2558321048e-03    5.1122296499e-08
  67.3100000    2.7117434748e-03   -2.3909256788e-07   -1.1662559483e-03    9.3361131542e-08   -9.7369231435e-04    1.8331982386e-07    1.2572825923e-03    5.1530771708e-08
  67.3200000    2.7079858331e-03   -3.4837007180e-07   -1.1698700308e-03    4.0735853533e-08   -9.7958054401e-04    1.8686365224e-07    1.2587248661e-03    5.1727396363e-08
  67.3300000    2.7034762078e-03   -4.5143434415e-07   -1.1746014900e-03   -1.2754765552e-08   -9.8549521202e-04    1.8924597246e-07    1.2601596347e-03    5.1684946544e-08
  67.3400000    2.6982151408e-03   -5.4669591222e-07   -1.1802768534e-03   -6.6052945633e-08   -9.9143686950e-04    1.9044437659e-07    1.2615875557e-03    5.1377053108e-08
  67.3500000    2.6922115056e-03   -6.3269833112e-07   -1.1867077419e-03   -1.1809935296e-07   -9.9740593361e-04    1.9044408522e-07    1.2630092313e-03    5.0778553103e-08
  67.3600000    2.6854824958e-03   -7.0814009872e-07   -1.1936937642e-03   -1.6785398753e-07   -1.0034026806e-03    1.8923811030e-07    1.2644252045e-03    4.9865838970e-08
  67.3700000    2.6780535243e-03   -7.7189394879e-07   -1.2010255884e-03   -2.1431682643e-07   -1.0094272393e-03    1.8682736485e-07    1.2658359558e-03    4.8617191743e-08
  67.3800000    2.6699580328e-03   -8.2302326339e-07   -1.2084881453e-03   -2.5654775794e-07   -1.0154795858e-03    1.8322072721e-07    1.2672419010e-03    4.7013110449e-08
  67.3900000    2.6612372102e-03   -8.6079539149e-07   -1.2158639101e-03   -2.9368541480e-07   -1.0215595380e-03    1.7843503320e-07    1.2686433887e-03    4.5036641911e-08
  67.4000000    2.6519396214e-03   -8.8469167587e-07   -1.2229362125e-03   -3.2496454626e-07   -1.0276667518e-03    1.7249503291e-07    1.2700406999e-03    4.2673660264e-08
  67.4100000    2.6421207461e-03   -8.9441407034e-07   -1.2294925219e-03   -3.4973158440e-07   -1.0338007173e-03    1.6543327509e-07    1.2714340471e-03    3.9913155304e-08
  67.4200000    2.6318424330e-03   -8.8988832613e-07   -1.2353276594e-03   -3.6745802196e-07   -1.0399607573e-03    1.5728994797e-07    1.2728235752e-03    3.6747475404e-08
  67.4300000    2.6211722698e-03   -8.7126365345e-07   -1.2402468853e-03   -3.7775144490e-07   -1.0461460250e-03    1.4811265814e-07    1.2742093621e-03    3.3172558007e-08
  67.4400000    2.6101828766e-03   -8.3890900169e-07   -1.2440688176e-03   -3.8036387492e-07   -1.0523555042e-03    1.3795615945e-07    1.2755914206e-03    2.9188131490e-08
  67.4500000    2.5989511268e-03   -7.9340593987e-07   -1.2466281368e-03   -3.7519732823e-07   -1.0585880099e-03    1.2688202709e-07    1.2769697015e-03    2.4797864229e-08
  67.4600000    2.5875573034e-03   -7.3553836626e-07   -1.2477780390e-03   -3.6230644110e-07   -1.0648421901e-03    1.1495828685e-07    1.2783440957e-03    2.0009505557e-08
  67.4700000    2.5760841990e-03   -6.6627919299e-07   -1.2473923996e-03   -3.4189805838e-07   -1.0711165291e-03    1.0225898539e-07    1.2797144392e-03    1.4834969236e-08
  67.4800000    2.5646161693e-03   -5.8677424377e-07   -1.2453676201e-03   -3.1432787412e-07   -1.0774093510e-03    8.8863729060e-08    1.2810805167e-03    9.2903942387e-09
  67.4900000    2.5532381491e-03   -4.9832364170e-07   -1.2416241299e-03   -2.8009412352e-07   -1.0837188260e-03    7.4857165000e-08    1.2824420670e-03    3.3961528239e-09
  67.5000000    2.5420346444e-03   -4.0236095565e-07   -1.2361075250e-03   -2.3982842635e-07   -1.0900429760e-03    6.0328434937e-08    1.2837987885e-03   -2.8231771130e-09
  67.5100000    2.5310887110e-03   -3.0043048548e-07   -1.2287893283e-03   -1.9428396816e-07   -1.0963796829e-03    4.5370590317e-08    1.2851503451e-03   -9.3388694833e-09
  67.5200000    2.5204809328e-03   -1.9416302642e-07   -1.2196673634e-03   -1.4432129474e-07   -1.1027266971e-03    3.0079970207e-08    1.2864963729e-03   -1.6118172711e-08
  67.5300000    2.5102884146e-03   -8.5250437144e-08   -1.2087657391e-03   -9.0891907965e-08   -1.1090816478e-03    1.4555555802e-08    1.2878364865e-03   -2.3124444739e-08
  67.5400000    2.5005838007e-03    2.4580524030e-08   -1.1961344473e-03   -3.5020034112e-08   -1.1154420536e-03   -1.1016929319e-09    1.2891702868e-03   -3.0317357403e-08
  67.5500000    2.4914343352e-03    1.3359477505e-07   -1.1818485826e-03    2.2217083014e-08   -1.1218053347e-03   -1.6789532604e-08    1.2904973676e-03   -3.7653118012e-08
  67.5600000    2.4829009767e-03    2.4007543754e-07   -1.1660071987e-03    7.9710040556e-08   -1.1281688262e-03   -3.2405131633e-08    1.2918173236e-03   -4.5084739721e-08
  67.5700000    2.4750375800e-03    3.4234997736e-07   -1.1487318187e-03    1.3633877945e-07   -1.1345297915e-03   -4.7845779877e-08    1.2931297580e-03   -5.2562344333e-08
  67.5800000    2.4678901597e-03    4.3881557978e-07   -1.1301646242e-03    1.9099440447e-07   -1.1408854377e-03   -6.3009603025e-08    1.2944342895e-03   -6.0033508727e-08
  67.5900000    2.4614962447e-03    5.2796332802e-07   -1.1104663516e-03    2.4260082226e-07   -1.1472329304e-03   -7.7796271817e-08    1.2957305606e-03   -6.7443634125e-08
  67.6000000    2.4558843368e-03    6.0840092860e-07   -1.0898139257e-03    2.9013588219e-07   -1.1535694104e-03   -9.2107709253e-08    1.2970182446e-03   -7.4736348559e-08
  67.6100000    2.4510734820e-03    6.7887359291e-07   -1.0683978677e-03    3.3265141680e-07   -1.1598920099e-03   -1.0584878226e-07    1.2982970529e-03   -8.1853932562e-08
  67.6200000    2.4470729617e-03    7.3828283475e-07   -1.0464195152e-03    3.6929202279e-07   -1.1661978701e-03   -1.1892797086e-07    1.2995667420e-03   -8.8737774291e-08
  67.6300000    2.4438821122e-03    7.8570286020e-07   -1.0240880932e-03    3.9931200635e-07   -1.1724841582e-03   -1.3125803081e-07    1.3008271200e-03   -9.5328841324e-08
  67.6400000    2.4414902750e-03    8.2039439871e-07   -1.0016176810e-03    4.2209025991e-07   -1.1787480850e-03   -1.4275660793e-07    1.3020780529e-03   -1.0156816828e-07
  67.6500000    2.4398768814e-03    8.4181571588e-07   -9.7922411554e-04    4.3714281214e-07   -1.1849869231e-03   -1.5334684447e-07    1.3033194703e-03   -1.0739735224e-07
  67.6600000    2.4390116725e-03    8.4963069559e-07   -9.5712187651e-04    4.4413265411e-07   -1.1911980239e-03   -1.6295792043e-07    1.3045513705e-03   -1.1275906836e-07
  67.6700000    2.4388550512e-03    8.4371389956e-07   -9.3552099736e-04    4.4287680131e-07   -1.1973788355e-03   -1.7152558240e-07    1.3057738249e-03   -1.1759757842e-07
  67.6800000    2.4393585640e-03    8.2415249862e-07   -9.1462404407e-04    4.3335035227e-07   -1.2035269198e-03   -1.7899261090e-07    1.3069869824e-03   -1.2185923592e-07
  67.6900000    2.4404655064e-03    7.9124505585e-07   -8.9462320522e-04    4.1568755307e-07   -1.2096399689e-03   -1.8530923897e-07    1.3081910720e-03   -1.2549299950e-07
  67.7000000    2.4421116430e-03    7.4549723699e-07   -8.7569753295e-04    3.9017968609e-07   -1.2157158214e-03   -1.9043352628e-07    1.3093864055e-03   -1.2845091861e-07
  67.7100000    2.4442260327e-03    6.8761444028e-07   -8.5801037342e-04    3.5726995782e-07   -1.2217524781e-03   -1.9433167546e-07    1.3105733792e-03   -1.3068862342e-07
  67.7200000    2.4467319484e-03    6.1849150061e-07   -8.4170702219e-04    3.1754545305e-07   -1.2277481162e-03   -1.9697828301e-07    1.3117524742e-03   -1.3216578444e-07
  67.7300000    2.4495478750e-03    5.3919957250e-07   -8.2691263714e-04    2.7172618939e-07   -1.2337011031e-03   -1.9835654523e-07    1.3129242571e-03   -1.3284654837e-07
  67.7400000    2.4525885737e-03    4.5097041884e-07   -8.1373043750e-04    2.2065170993e-07   -1.2396100090e-03   -1.9845839340e-07    1.3140893784e-03   -1.3269995688e-07
  67.7500000    2.4557661946e-03    3.5517828711e-07   -8.0224021454e-04    1.6526517810e-07   -1.2454736183e-03   -1.9728455431e-07    1.3152485708e-03   -1.3170031794e-07
  67.7600000    2.4589914205e-03    2.5331961859e-07   -7.9249717440e-04    1.0659555098e-07   -1.2512909400e-03   -1.9484457981e-07    1.3164026465e-03   -1.2982756521e-07
  67.7700000    2.4621746256e-03    1.4699091562e-07   -7.8453112933e-04    4.5737977176e-08   -1.2570612160e-03   -1.9115677794e-07    1.3175524935e-03   -1.2706755242e-07
  67.7800000    2.4652270301e-03    3.7865019148e-08   -7.7834604956e-04   -1.6167075875e-08   -1.2627839288e-03   -1.8624809152e-07    1.3186990710e-03   -1.2341233118e-07
  67.7900000    2.4680618323e-03   -7.2333832835e-08   -7.7391998199e-04   -7.7955662141e-08   -1.2684588072e-03   -1.8015392862e-07    1.3198434040e-03   -1.1886035449e-07
  67.8000000    2.4705953024e-03   -1.8185584180e-07   -7.7120533814e-04   -1.3846265892e-07   -1.2740858306e-03   -1.7291790272e-07    1.3209865768e-03   -1.1341667208e-07
  67.8100000    2.4727478195e-03   -2.8895202560e-07   -7.7012954789e-04   -1.9654415947e-07   -1.2796652315e-03   -1.6459154154e-07    1.3221297262e-03   -1.0709303659e-07
  67.8200000    2.4744448361e-03   -3.9190074103e-07   -7.7059607126e-04   -2.5109950946e-07   -1.2851974964e-03   -1.5523391174e-07    1.3232740332e-03   -9.9907982286e-08
  67.8300000    2.4756177572e-03   -4.8903399714e-07   -7.7248575504e-04   -3.0109255277e-07   -1.2906833652e-03   -1.4491120330e-07    1.3244207147e-03   -9.1886842731e-08
  67.8400000    2.4762047186e-03   -5.7876316675e-07   -7.7565851676e-04   -3.4557166535e-07   -1.2961238286e-03   -1.3369625575e-07    1.3255710138e-03   -8.3061718028e-08
  67.8500000    2.4761512558e-03   -6.5960373098e-07   -7.7995533354e-04   -3.8368821999e-07   -1.3015201236e-03   -1.2166803365e-07    1.3267261902e-03   -7.3471374994e-08
  67.8600000    2.4754108519e-03   -7.3019871123e-07   -7.8520050953e-04   -4.1471308961e-07   -1.3068737280e-03   -1.0891105631e-07    1.3278875091e-03   -6.3161114526e-08
  67.8700000    2.4739453605e-03   -7.8934040250e-07   -7.9120419104e-04   -4.3805087617e-07   -1.3121863525e-03   -9.5514791607e-08    1.3290562308e-03   -5.2182559435e-08
  67.8800000    2.4717252970e-03   -8.3599011219e-07   -7.9776509548e-04   -4.5325161564e-07   -1.3174599317e-03   -8.1572998782e-08    1.3302335989e-03   -4.0593407232e-08
  67.8900000    2.4687299964e-03   -8.6929558097e-07   -8.0467341651e-04   -4.6001966800e-07   -1.3226966129e-03   -6.7183052711e-08    1.3314208285e-03   -2.8457120155e-08
  67.9000000    2.4649476403e-03   -8.8860580896e-07   -8.1171386526e-04   -4.5821971847e-07   -1.3278987440e-03   -5.2445240141e-08    1.3326190944e-03   -1.5842567380e-08
  67.9100000    2.4603751523e-03   -8.9348302230e-07   -8.1866880535e-04   -4.4787962073e-07   -1.3330688595e-03   -3.7462015941e-08    1.3338295188e-03   -2.8236171210e-09
  67.9200000    2.4550179705e-03   -8.8371160701e-07   -8.2532143734e-04   -4.2919016657e-07   -1.3382096652e-03   -2.2337266748e-08    1.3350531592e-03    1.0521322355e-08
  67.9300000    2.4488897027e-03   -8.5930381767e-07   -8.3145898764e-04   -4.0250171742e-07   -1.3433240222e-03   -7.1755495464e-09    1.3362909960e-03    2.4109790173e-08
  67.9400000    2.4420116740e-03   -8.2050209308e-07   -8.3687585591e-04   -3.6831771938e-07   -1.3484149289e-03    7.9186747127e-09    1.3375439208e-03    3.7855823843e-08
  67.9500000    2.4344123787e-03   -7.6777797029e-07   -8.4137667537e-04   -3.2728529810e-07   -1.3534855021e-03    2.2841800992e-08    1.3388127246e-03    5.1670522223e-08
  67.9600000    2.4261268495e-03   -7.0182749710e-07   -8.4477924093e-04   -2.8018307348e-07   -1.3585389581e-03    3.7491838276e-08    1.3400980862e-03    6.5462663918e-08
  67.9700000    2.4171959578e-03   -6.2356319569e-07   -8.4691726171e-04   -2.2790640465e-07   -1.3635785919e-03    5.1769151836e-08    1.3414005613e-03    7.9139337103e-08
  67.9800000    2.4076656614e-03   -5.3410260435e-07   -8.4764289618e-04   -1.7145036482e-07   -1.3686077563e-03    6.5577192900e-08    1.3427205722e-03    9.2606602062e-08
  67.9900000    2.3975862141e-03   -4.3475355028e-07   -8.4682903090e-04   -1.1189078221e-07   -1.3736298405e-03    7.8823201976e-08    1.3440583980e-03    1.0577016677e-07
  68.0000000    2.3870113563e-03   -3.2699628133e-07   -8.4437126711e-04   -5.0363694958e-08   -1.3786482483e-03    9.1418874417e-08    1.3454141656e-03    1.1853607672e-07
  68.0100000    2.3759974990e-03   -2.1246273022e-07   -8.4018958321e-04    1.1956414168e-08   -1.3836663764e-03    1.0328101333e-07    1.3467878416e-03    1.3081142547e-07
  68.0200000    2.3646029213e-03   -9.2913075891e-08   -8.3422964507e-04    7.3879135427e-08   -1.3886875918e-03    1.1433211848e-07    1.3481792248e-03    1.4250504531e-07
  68.0300000    2.3528869938e-03    2.9789957846e-08   -8.2646374160e-04    1.3422104483e-07   -1.3937152109e-03    1.2450095057e-07    1.3495879404e-03    1.5352821273e-07
  68.0400000    2.3409094428e-03    1.5370885920e-07   -8.1689132758e-04    1.9182843760e-07   -1.3987524772e-03    1.3372303650e-07    1.3510134346e-03    1.6379534797e-07
  68.0500000    2.3287296688e-03    2.7686060849e-07   -8.0553916154e-04    2.4559965783e-07   -1.4038025408e-03    1.4194112506e-07    1.3524549707e-03    1.7322467774e-07
  68.0600000    2.3164061296e-03    3.9724720451e-07   -7.9246103260e-04    2.9450636289e-07   -1.4088684374e-03    1.4910558683e-07    1.3539116263e-03    1.8173891037e-07
  68.0700000    2.3039957977e-03    5.1288687244e-07   -7.7773707563e-04    3.3761347955e-07   -1.4139530695e-03    1.5517476437e-07    1.3553822920e-03    1.8926586419e-07
  68.0800000    2.2915536988e-03    6.2184550575e-07   -7.6147268110e-04    3.7409738366e-07   -1.4190591867e-03    1.6011523686e-07    1.3568656712e-03    1.9573907268e-07
  68.0900000    2.2791325368e-03    7.2226794203e-07   -7.4379701132e-04    4.0326201695e-07   -1.4241893688e-03    1.6390205693e-07    1.3583602814e-03    2.0109835291e-07
  68.1000000    2.2667824075e-03    8.1240847733e-07   -7.2486114168e-04    4.2455250629e-07   -1.4293460086e-03    1.6651888648e-07    1.3598644568e-03    2.0529034725e-07
  68.1100000    2.2545506015e-03    8.9066014753e-07   -7.0483585118e-04    4.3756617786e-07   -1.4345312974e-03    1.6795808380e-07    1.3613763523e-03    2.0826899533e-07
  68.1200000    2.2424814940e-03    9.5558236631e-07   -6.8390909216e-04    4.4206062574e-07   -1.4397472103e-03    1.6822073049e-07    1.3628939494e-03    2.0999598165e-07
  68.1300000    2.2306165170e-03    1.0059263511e-06   -6.6228317491e-04    4.3795870824e-07   -1.4449954948e-03    1.6731657145e-07    1.3644150626e-03    2.1044111941e-07
  68.1400000    2.2189942071e-03    1.0406579741e-06   -6.4017170741e-04    4.2535040417e-07   -1.4502776596e-03    1.6526390541e-07    1.3659373482e-03    2.0958267627e-07
  68.1500000    2.2076503205e-03    1.0589775838e-06   -6.1779633526e-04    4.0449143872e-07   -1.4555949653e-03    1.6208940478e-07    1.3674583142e-03    2.0740765469e-07
  68.1600000    2.1966180052e-03    1.0603364097e-06   -5.9538333029e-04    3.7579871692e-07   -1.4609484180e-03    1.5782785778e-07    1.3689753308e-03    2.0391199074e-07
  68.1700000    2.1859280163e-03    1.0444492919e-06   -5.7316007965e-04    3.3984258916e-07   -1.4663387627e-03    1.5252187346e-07    1.3704856436e-03    1.9910070031e-07
  68.1800000    2.1756089645e-03    1.0113033851e-06   -5.5135152960e-04    2.9733621951e-07   -1.4717664806e-03    1.4622150531e-07    1.3719863870e-03    1.9298796347e-07
  68.1900000    2.1656875810e-03    9.6116269068e-07   -5.3017663930e-04    2.4912209700e-07   -1.4772317866e-03    1.3898383155e-07    1.3734745993e-03    1.8559712872e-07
  68.2000000    2.1561889845e-03    8.9456817967e-07   -5.0984490115e-04    1.9615607144e-07   -1.4827346297e-03    1.3087247154e-07    1.3749472387e-03    1.7696065762e-07
  68.2100000    2.1471369378e-03    8.1233351847e-07   -4.9055298343e-04    1.3948911461e-07   -1.4882746945e-03    1.2195706156e-07    1.3764012005e-03    1.6712000862e-07
  68.2200000    2.1385540766e-03    7.1553633051e-07   -4.7248155023e-04    8.0247161566e-08   -1.4938514056e-03    1.1231268014e-07    1.3778333354e-03    1.5612543521e-07
  68.2300000    2.1304620987e-03    6.0550503878e-07   -4.5579231115e-04    1.9609509305e-08   -1.4994639323e-03    1.0201923320e-07    1.3792404682e-03    1.4403572710e-07
  68.2400000    2.1228819008e-03    4.8380147649e-07   -4.4062535072e-04   -4.1213983863e-08   -1.5051111965e-03    9.1160808345e-08    1.3806194180e-03    1.3091789034e-07
  68.2500000    2.1158336508e-03    3.5219941251e-07   -4.2709678310e-04   -1.0100633877e-07   -1.5107918812e-03    7.9824994250e-08    1.3819670178e-03    1.1684675426e-07
  68.2600000    2.1093367869e-03    2.1265928899e-07   -4.1529677348e-04   -1.5856709243e-07   -1.5165044415e-03    6.8102174970e-08    1.3832801362e-03    1.0190451993e-07
  68.2700000    2.1034099364e-03    6.7299558313e-08   -4.0528796170e-04   -2.1273579514e-07   -1.5222471164e-03    5.6084812567e-08    1.3845556979e-03    8.6180257108e-08
  68.2800000    2.0980707481e-03   -8.1635059561e-08   -3.9710431767e-04   -2.6241477147e-07   -1.5280179423e-03    4.3866700497e-08    1.3857907058e-03    6.9769334242e-08
  68.2900000    2.0933356381e-03   -2.3180786981e-07   -3.9075045146e-04   -3.0659081961e-07   -1.5338147681e-03    3.1542229828e-08    1.3869822620e-03    5.2772801669e-08
  68.3000000    2.0892194472e-03   -3.8082654479e-07   -3.8620139380e-04   -3.4435534342e-07   -1.5396352713e-03    1.9205639736e-08    1.3881275897e-03    3.5296745343e-08
  68.3100000    2.0857350145e-03   -5.2628096639e-07   -3.8340285484e-04   -3.7492255449e-07   -1.5454769749e-03    6.9502815576e-09    1.3892240539e-03    1.7451551320e-08
  68.3200000    2.0828926730e-03   -6.6578197041e-07   -3.8227196166e-04   -3.9764546076e-07   -1.5513372655e-03   -5.1321168801e-09    1.3902691830e-03   -6.4880767367e-10
  68.3300000    2.0806996764e-03   -7.9700033440e-07   -3.8269846672e-04   -4.1202918786e-07   -1.5572134125e-03   -1.6952155390e-08    1.3912606887e-03   -1.8887564420e-08
  68.3400000    2.0791595682e-03   -9.1770545245e-07   -3.8454641164e-04   -4.1774146984e-07   -1.5631025875e-03   -2.8423460436e-08    1.3921964858e-03   -3.7145945115e-08
  68.3500000    2.0782715082e-03   -1.0258029515e-06   -3.8765622311e-04   -4.1462006973e-07   -1.5690018844e-03   -3.9463337977e-08    1.3930747112e-03   -5.5304005003e-08
  68.3600000    2.0780295724e-03   -1.1193706883e-06   -3.9184720992e-04   -4.0267693454e-07   -1.5749083398e-03   -4.9993406765e-08    1.3938937416e-03   -7.3241461263e-08
  68.3700000    2.0784220444e-03   -1.1966924735e-06   -3.9692042349e-04   -3.8209903065e-07   -1.5808189536e-03   -5.9940190058e-08    1.3946522105e-03   -9.0838532484e-08
  68.3800000    2.0794307201e-03   -1.2562889173e-06   -4.0266183735e-04   -3.5324582623e-07   -1.5867307098e-03   -6.9235661640e-08    1.3953490238e-03   -1.0797679425e-07
  68.3900000    2.0810302443e-03   -1.2969448727e-06   -4.0884579578e-04   -3.1664338740e-07   -1.5926405973e-03   -7.7817740437e-08    1.3959833734e-03   -1.2454001658e-07
  68.4000000    2.0831875036e-03   -1.3177329228e-06   -4.1523867603e-04   -2.7297527121e-07   -1.5985456295e-03   -8.5630746698e-08    1.3965547506e-03   -1.4041500230e-07
  68.4100000    2.0858610968e-03   -1.3180325018e-06   -4.2160270536e-04   -2.2307028352e-07   -1.6044428651e-03   -9.2625793274e-08    1.3970629566e-03   -1.5549240354e-07
  68.4200000    2.0890009044e-03   -1.2975442067e-06   -4.2769987005e-04   -1.6788741610e-07   -1.6103294265e-03   -9.8761116271e-08    1.3975081116e-03   -1.6966751463e-07
  68.4300000    2.0925477789e-03   -1.2562990810e-06   -4.3329585196e-04   -1.0849807529e-07   -1.6162025194e-03   -1.0400236259e-07    1.3978906625e-03   -1.8284103579e-07
  68.4400000    2.0964333745e-03   -1.1946625365e-06   -4.3816392701e-04   -4.6066122589e-08   -1.6220594499e-03   -1.0832278466e-07    1.3982113884e-03   -1.9491981001e-07
  68.4500000    2.1005801353e-03   -1.1133328224e-06   -4.4208876002e-04    1.8174045190e-08   -1.6278976414e-03   -1.1170340848e-07    1.3984714033e-03   -2.0581750834e-07
  68.4600000    2.1049014563e-03   -1.0133340196e-06   -4.4487003140e-04    8.2941011308e-08   -1.6337146508e-03   -1.1413310278e-07    1.3986721583e-03   -2.1545527197e-07
  68.4700000    2.1093020292e-03   -8.9600350012e-07   -4.4632583367e-04    1.4693080996e-07   -1.6395081826e-03   -1.1560860806e-07    1.3988154401e-03   -2.2376232253e-07
  68.4800000    2.1136783831e-03   -7.6297409606e-07   -4.4629577906e-04    2.0884210225e-07   -1.6452761023e-03   -1.1613447641e-07    1.3989033679e-03   -2.3067647643e-07
  68.4900000    2.1179196248e-03   -6.1615115332e-07   -4.4464376388e-04    2.6740151252e-07   -1.6510164485e-03   -1.1572297660e-07    1.3989383887e-03   -2.3614464993e-07
  68.5000000    2.1219083800e-03   -4.5768476553e-07   -4.4126034079e-04    3.2138857538e-07   -1.6567274430e-03   -1.1439390371e-07    1.3989232692e-03   -2.4012325364e-07
  68.5100000    2.1255219331e-03   -2.8993763252e-07   -4.3606465627e-04    3.6965993105e-07   -1.6624074998e-03   -1.1217435310e-07    1.3988610861e-03   -2.4257856194e-07
  68.5200000    2.1286335571e-03   -1.1544902869e-07   -4.2900591798e-04    4.1117223283e-07   -1.6680552326e-03   -1.0909841337e-07    1.3987552146e-03   -2.4348697882e-07
  68.5300000    2.1311140237e-03    6.3104599972e-08   -4.2006436393e-04    4.4500332202e-07   -1.6736694606e-03   -1.0520682562e-07    1.3986093136e-03   -2.4283525499e-07
  68.5400000    2.1328332761e-03    2.4295172134e-07   -4.0925171432e-04    4.7037128098e-07   -1.6792492120e-03   -1.0054656346e-07    1.3984273098e-03   -2.4062062012e-07
  68.5500000    2.1336622452e-03    4.2126989492e-07   -3.9661109506e-04    4.8665099979e-07   -1.6847937271e-03   -9.5170388092e-08    1.3982133792e-03   -2.3685084629e-07
  68.5600000    2.1334747837e-03    5.9523121881e-07   -3.8221643130e-04    4.9338783738e-07   -1.6903024587e-03   -8.9136339001e-08    1.3979719267e-03   -2.3154422981e-07
  68.5700000    2.1321496918e-03    7.6204835017e-07   -3.6617131804e-04    4.9030825166e-07   -1.6957750713e-03   -8.2507193305e-08    1.3977075638e-03   -2.2472949809e-07
  68.5800000    2.1295728016e-03    9.1902034604e-07   -3.4860738441e-04    4.7732693269e-07   -1.7012114386e-03   -7.5349882363e-08    1.3974250848e-03   -2.1644565516e-07
  68.5900000    2.1256390859e-03    1.0635774463e-06   -3.2968217630e-04    4.5455057300e-07   -1.7066116394e-03   -6.7734882761e-08    1.3971294404e-03   -2.0674173671e-07
  68.6000000    2.1202547567e-03    1.1933242041e-06   -3.0957659100e-04    4.2227788660e-07   -1.7119759519e-03   -5.9735578953e-08    1.3968257111e-03   -1.9567649141e-07
  68.6100000    2.1133393125e-03    1.3060799909e-06   -2.8849190517e-04    3.8099602280e-07   -1.7173048471e-03   -5.1427604071e-08    1.3965190781e-03   -1.8331801568e-07
  68.6200000    2.1048274974e-03    1.3999163880e-06   -2.6664644457e-04    3.3137341794e-07   -1.7225989793e-03   -4.2888167724e-08    1.3962147933e-03   -1.6974328472e-07
  68.6300000    2.0946711319e-03    1.4731905994e-06   -2.4427195068e-04    2.7424896667e-07   -1.7278591774e-03   -3.4195374326e-08    1.3959181487e-03   -1.5503765525e-07
  68.6400000    2.0828407750e-03    1.5245744952e-06   -2.2160970453e-04    2.1061804554e-07   -1.7330864332e-03   -2.5427540231e-08    1.3956344441e-03   -1.3929427766e-07
  68.6500000    2.0693271821e-03    1.5530785529e-06   -1.9890647282e-04    1.4161523053e-07   -1.7382818892e-03   -1.6662509155e-08    1.3953689548e-03   -1.2261347931e-07
  68.6600000    2.0541425206e-03    1.5580703828e-06   -1.7641034448e-04    6.8494362820e-08   -1.7434468259e-03   -7.9769809659e-09    1.3951268983e-03   -1.0510206998e-07
  68.6700000    2.0373213121e-03    1.5392874627e-06   -1.5436652841e-04   -7.3940122118e-09   -1.7485826471e-03    5.5414637956e-10    1.3949134010e-03   -8.6872615984e-08
  68.6800000    2.0189210692e-03    1.4968437757e-06   -1.3301318390e-04   -8.4627213699e-08   -1.7536908656e-03    8.8584170495e-09    1.3947334650e-03   -6.8042668180e-08
  68.6900000    1.9990226036e-03    1.4312302688e-06   -1.1257735464e-04   -1.6173663180e-07   -1.7587730872e-03    1.6866425438e-08    1.3945919344e-03   -4.8733953052e-08
  68.7000000    1.9777299838e-03    1.3433090157e-06   -9.3271076610e-05   -2.3723505829e-07   -1.7638309950e-03    2.4512396749e-08    1.3944934625e-03   -2.9071538927e-08
  68.7100000    1.9551701262e-03    1.2343012295e-06   -7.5287726651e-05   -3.0964473928e-07   -1.7688663327e-03    3.1734743812e-08    1.3944424797e-03   -9.1829697847e-09
  68.7200000    1.9314920120e-03    1.1057692133e-06   -5.8798674899e-05   -3.7752551037e-07   -1.7738808882e-03    3.8476555914e-08    1.3944431612e-03    1.0802614114e-08
  68.7300000    1.9068655235e-03    9.5959261665e-07   -4.3950299511e-05   -4.3950257238e-07   -1.7788764762e-03    4.4686071874e-08    1.3944993971e-03    3.0755364810e-08
  68.7400000    1.8814799065e-03    7.9793928885e-07   -3.0861415627e-05   -4.9429337309e-07   -1.7838549222e-03    5.0317083745e-08    1.3946147627e-03    5.0545626911e-08
  68.7500000    1.8555418648e-03    6.2323128726e-07   -1.9621164066e-05   -5.4073300407e-07   -1.7888180453e-03    5.5329305751e-08    1.3947924906e-03    7.0044828120e-08
  68.7600000    1.8292733058e-03    4.3810653189e-07   -1.0287397149e-05   -5.7779777924e-07   -1.7937676420e-03    5.9688669881e-08    1.3950354443e-03    8.9126365528e-08
  68.7700000    1.8029087586e-03    2.4537679528e-07   -2.8855908200e-06   -6.0462631165e-07   -1.7987054703e-03    6.3367580829e-08    1.3953460939e-03    1.0766648002e-07
  68.7800000    1.7766924952e-03    4.7982728698e-08    2.5916967217e-06   -6.2053793191e-07   -1.8036332340e-03    6.6345105253e-08    1.3957264935e-03    1.2554509821e-07
  68.7900000    1.7508753894e-03   -1.5105336819e-07    6.1848089994e-06   -6.2504784274e-07   -1.8085525687e-03    6.8607089912e-08    1.3961782611e-03    1.4264667076e-07
  68.8000000    1.7257115545e-03   -3.4867614724e-07    7.9664164132e-06   -6.1787882720e-07   -1.8134650269e-03    7.0146244401e-08    1.3967025606e-03    1.5886094359e-07
  68.8100000    1.7014548069e-03   -5.4184645465e-07    8.0403907666e-06   -5.9896919516e-07   -1.8183720657e-03    7.0962134190e-08    1.3973000863e-03    1.7408372409e-07
  68.8200000    1.6783550061e-03   -7.2759028853e-07    6.5401466405e-06   -5.6847680654e-07   -1.8232750340e-03    7.1061128146e-08    1.3979710505e-03    1.8821757944e-07
  68.8300000    1.6566543256e-03   -9.0304672396e-07    3.6264764028e-06   -5.2677901322e-07   -1.8281751624e-03    7.0456280000e-08    1.3987151735e-03    2.0117249266e-07
  68.8400000    1.6365835119e-03   -1.0655139306e-06   -5.1508588514e-07   -4.7446854648e-07   -1.8330735521e-03    6.9167151008e-08    1.3995316763e-03    2.1286647521e-07
  68.8500000    1.6183581915e-03   -1.2124925430e-06   -5.6773280123e-06   -4.1234531822e-07   -1.8379711675e-03    6.7219581484e-08    1.4004192770e-03    2.2322609967e-07
  68.8600000    1.6021752858e-03   -1.3417256257e-06   -1.1634799950e-05   -3.4140423245e-07   -1.8428688279e-03    6.4645390561e-08    1.4013761894e-03    2.3218699782e-07
  68.8700000    1.5882095954e-03   -1.4512345915e-06   -1.8147573623e-05   -2.6281927251e-07   -1.8477672020e-03    6.1482040061e-08    1.4024001255e-03    2.3969426027e-07
  68.8800000    1.5766106117e-03   -1.5393504679e-06   -2.4965259057e-05   -1.7792401780e-07   -1.8526668031e-03    5.7772243781e-08    1.4034883005e-03    2.4570280149e-07
  68.8900000    1.5674996144e-03   -1.6047399630e-06   -3.1831209953e-05   -8.8188950852e-08   -1.8575679857e-03    5.3563523204e-08    1.4046374417e-03    2.5017763392e-07
  68.9000000    1.5609671082e-03   -1.6464259560e-06   -3.8486847586e-05    4.8040192360e-09   -1.8624709440e-03    4.8907735693e-08    1.4058437996e-03    2.5309407064e-07
  68.9100000    1.5570706505e-03   -1.6638020660e-06   -4.4676030756e-05    9.9389475535e-08   -1.8673757115e-03    4.3860554587e-08    1.4071031629e-03    2.5443786213e-07
  68.9200000    1.5558331120e-03   -1.6566410693e-06   -5.0149397732e-05    1.9384825564e-07   -1.8722821616e-03    3.8480921921e-08    1.4084108766e-03    2.5420525084e-07
  68.9300000    1.5572414134e-03   -1.6250970720e-06   -5.4668607102e-05    2.8643860517e-07   -1.8771900108e-03    3.2830470716e-08    1.4097618625e-03    2.5240297079e-07
  68.9400000    1.5612457669e-03   -1.5697014229e-06   -5.8010405851e-05    3.7542815020e-07   -1.8820988219e-03    2.6972930598e-08    1.4111506434e-03    2.4904813862e-07
  68.9500000    1.5677594496e-03   -1.4913524968e-06   -5.9970455579e-05    4.5912605976e-07   -1.8870080095e-03    2.0973512078e-08    1.4125713697e-03    2.4416810389e-07
  68.9600000    1.5766591256e-03   -1.3912995086e-06   -6.0366852193e-05    5.3591488668e-07   -1.8919168468e-03    1.4898280517e-08    1.4140178485e-03    2.3780020642e-07
  68.9700000    1.5877857235e-03   -1.2711207282e-06   -5.9043278982e-05    6.0428141168e-07   -1.8968244726e-03    8.8135306665e-09    1.4154835760e-03    2.2999148498e-07
  68.9800000    1.6009458717e-03   -1.1326964458e-06   -5.5871739519e-05    6.6284594550e-07   -1.9017299008e-03    2.7851496966e-09    1.4169617716e-03    2.2079830645e-07
  68.9900000    1.6159138792e-03   -9.7817728041e-07   -5.0754823335e-05    7.1038957908e-07   -1.9066320305e-03   -3.1219988198e-09    1.4184454147e-03    2.1028591326e-07
  69.0000000    1.6324342455e-03   -8.0994825597e-07   -4.3627465620e-05    7.4587875877e-07   -1.9115296566e-03   -8.8446908535e-09    1.4199272830e-03    1.9852795593e-07
  69.0100000    1.6502246720e-03   -6.3058944855e-07   -3.4458170005e-05    7.6848673947e-07   -1.9164214819e-03   -1.4321937990e-08    1.4213999934e-03    1.8560592796e-07
  69.0200000    1.6689795381e-03   -4.4283374211e-07   -2.3249673174e-05    7.7761159167e-07   -1.9213061299e-03   -1.9495549192e-08    1.4228560435e-03    1.7160857212e-07
  69.0300000    1.6883737985e-03   -2.4952257035e-07   -1.0039038487e-05    7.7289015339e-07   -1.9261821585e-03   -2.4310685700e-08    1.4242878555e-03    1.5663121930e-07
  69.0400000    1.7080672512e-03   -5.3560300086e-08    5.1028239157e-06    7.5420787552e-07   -1.9310480735e-03   -2.8716363848e-08    1.4256878201e-03    1.4077510799e-07
  69.0500000    1.7277091146e-03    1.4213189669e-07    2.2072203925e-05    7.2170415980e-07   -1.9359023439e-03   -3.2665933792e-08    1.4270483422e-03    1.2414665260e-07
  69.0600000    1.7469428525e-03    3.3466198105e-07    4.0734189100e-05    6.7577309194e-07   -1.9407434159e-03   -3.6117509477e-08    1.4283618865e-03    1.0685667993e-07
  69.0700000    1.7654111748e-03    5.2121193521e-07    6.0924787738e-05    6.1705954664e-07   -1.9455697290e-03   -3.9034353567e-08    1.4296210238e-03    8.9019648986e-08
  69.0800000    1.7827611414e-03    6.9908092443e-07    8.2453543219e-05    5.4645058881e-07   -1.9503797304e-03   -4.1385213158e-08    1.4308184769e-03    7.0752842984e-08
  69.0900000    1.7986492920e-03    8.6572604603e-07    1.0510659744e-04    4.6506233528e-07   -1.9551718909e-03   -4.3144614524e-08    1.4319471665e-03    5.2175548681e-08
  69.1000000    1.8127467231e-03    1.0187999827e-06    1.2865015344e-04    3.7422248667e-07   -1.9599447195e-03   -4.4293088707e-08    1.4330002563e-03    3.3408224272e-08
  69.1100000    1.8247440348e-03    1.1561850150e-06    1.5283428084e-04    2.7544870952e-07   -1.9646967784e-03   -4.4817345581e-08    1.4339711975e-03    1.4571684791e-08
  69.1200000    1.8343560668e-03    1.2760228255e-06    1.7739700164e-04    1.7042330672e-07   -1.9694266976e-03   -4.4710390174e-08    1.4348537719e-03   -4.2137401281e-09
  69.1300000    1.8413263509e-03    1.3767397670e-06    2.0206858976e-04    6.0964538076e-08   -1.9741331884e-03   -4.3971594676e-08    1.4356421336e-03   -2.2829009643e-08
  69.1400000    1.8454312040e-03    1.4570671383e-06    2.2657601342e-04   -5.1004876052e-08   -1.9788150572e-03   -4.2606678025e-08    1.4363308490e-03   -4.1157172871e-08
  69.1500000    1.8464833952e-03    1.5160562835e-06    2.5064744754e-04   -1.6349158295e-07   -1.9834712173e-03   -4.0627662980e-08    1.4369149346e-03   -5.9084149440e-08
  69.1600000    1.8443353257e-03    1.5530883663e-06    2.7401678177e-04   -2.7446705790e-07   -1.9881007014e-03   -3.8052746666e-08    1.4373898931e-03   -7.6499476042e-08
  69.1700000    1.8388816629e-03    1.5678786880e-06    2.9642804970e-04   -3.8190424997e-07   -1.9927026716e-03   -3.4906136982e-08    1.4377517465e-03   -9.3297028208e-08
  69.1800000    1.8300613847e-03    1.5604756791e-06    3.1763970624e-04   -4.8381459323e-07   -1.9972764296e-03   -3.1217813568e-08    1.4379970663e-03   -1.0937569676e-07
  69.1900000    1.8178591911e-03    1.5312545950e-06    3.3742868231e-04   -5.7828473655e-07   -2.0018214249e-03   -2.7023241583e-08    1.4381230012e-03   -1.2464003036e-07
  69.2000000    1.8023062574e-03    1.4809061966e-06    3.5559414943e-04   -6.6351235277e-07   -2.0063372621e-03   -2.2363042606e-08    1.4381273018e-03   -1.3900082165e-07
  69.2100000    1.7834803051e-03    1.4104206875e-06    3.7196093169e-04   -7.3784034356e-07   -2.0108237072e-03   -1.7282613537e-08    1.4380083407e-03   -1.5237565471e-07
  69.2200000    1.7615049854e-03    1.3210672356e-06    3.8638250790e-04   -7.9978879406e-07   -2.0152806920e-03   -1.1831685510e-08    1.4377651307e-03   -1.6468940578e-07
  69.2300000    1.7365485734e-03    1.2143696161e-06    3.9874355360e-04   -8.4808410218e-07   -2.0197083175e-03   -6.0638784632e-09    1.4373973383e-03   -1.7587465253e-07
  69.2400000    1.7088219870e-03    1.0920783800e-06    4.0896197983e-04   -8.8168463686e-07   -2.0241068560e-03   -3.6180895067e-11    1.4369052934e-03   -1.8587207126e-07
  69.2500000    1.6785761535e-03    9.5614010171e-07    4.1699043362e-04   -8.9980251063e-07   -2.0284767508e-03    6.1915815319e-09    1.4362899956e-03   -1.9463073872e-07
  69.2600000    1.6460987560e-03    8.0866432781e-07    4.2281723416e-04   -9.0192093550e-07   -2.0328186161e-03    1.2557298754e-08    1.4355531161e-03   -2.0210838831e-07
  69.2700000    1.6117104047e-03    6.5188878726e-07    4.2646672724e-04   -8.8780686700e-07   -2.0371332335e-03    1.8997166284e-08    1.4346969956e-03   -2.0827159770e-07
  69.2800000    1.5757602849e-03    4.8814350610e-07    4.2799905047e-04   -8.5751859748e-07   -2.0414215487e-03    2.5446279629e-08    1.4337246384e-03   -2.1309590972e-07
  69.2900000    1.5386213439e-03    3.1981436763e-07    4.2750931102e-04   -8.1140813034e-07   -2.0456846655e-03    3.1839243980e-08    1.4326397017e-03   -2.1656589280e-07
  69.3000000    1.5006850859e-03    1.4930686236e-07    4.2512618720e-04   -7.5011824493e-07   -2.0499238390e-03    3.8110785697e-08    1.4314464818e-03   -2.1867513863e-07
  69.3100000    1.4623560514e-03   -2.0989563076e-08    4.2100997482e-04   -6.7457420091e-07   -2.0541404677e-03    4.4196364958e-08    1.4301498954e-03   -2.1942619171e-07
  69.3200000    1.4240460617e-03   -1.8873586176e-07    4.1535010808e-04   -5.8597018897e-07   -2.0583360831e-03    5.0032784997e-08    1.4287554574e-03   -2.1883041909e-07
  69.3300000    1.3861683170e-03   -3.5167601408e-07    4.0836219343e-04   -4.8575072870e-07   -2.0625123394e-03    5.5558782518e-08    1.4272692548e-03   -2.1690782373e-07
  69.3400000    1.3491314347e-03   -5.0766744055e-07    4.0028460295e-04   -3.7558732658e-07   -2.0666710011e-03    6.0715608207e-08    1.4256979165e-03   -2.1368679469e-07
  69.3500000    1.3133335194e-03   -6.5470879241e-07    3.9137468114e-04   -2.5735069720e-07   -2.0708139298e-03    6.5447580464e-08    1.4240485802e-03   -2.0920379865e-07
  69.3600000    1.2791563570e-03   -7.9096481000e-07    3.8190462519e-04   -1.3307905980e-07   -2.0749430699e-03    6.9702608902e-08    1.4223288549e-03   -2.0350303625e-07
  69.3700000    1.2469598194e-03   -9.1478787196e-07    3.7215710482e-04   -4.9430415008e-09   -2.0790604333e-03    7.3432698350e-08    1.4205467810e-03   -1.9663602174e-07
  69.3800000    1.2170765699e-03   -1.0247361333e-06    3.6242069161e-04    1.2479224496e-07   -2.0831680838e-03    7.6594396695e-08    1.4187107872e-03   -1.8866114513e-07
  69.3900000    1.1898071495e-03   -1.1195880347e-06    3.5298517189e-04    2.5380723956e-07   -2.0872681199e-03    7.9149222710e-08    1.4168296441e-03   -1.7964317662e-07
  69.4000000    1.1654155229e-03   -1.1983531184e-06    3.4413681874e-04    3.7976941534e-07   -2.0913626576e-03    8.1064030332e-08    1.4149124156e-03   -1.6965272652e-07
  69.4100000    1.1441251538e-03   -1.2602791245e-06    3.3615370014e-04    5.0037544140e-07   -2.0954538128e-03    8.2311336943e-08    1.4129684087e-03   -1.5876570132e-07
  69.4200000    1.1261156720e-03   -1.3048554850e-06    3.2930109987e-04    6.1339327383e-07   -2.0995436833e-03    8.2869599298e-08    1.4110071199e-03   -1.4706269832e-07
  69.4300000    1.1115201869e-03   -1.3318131987e-06    3.2382712629e-04    7.1670340099e-07   -2.1036343305e-03    8.2723426173e-08    1.4090381812e-03   -1.3462839335e-07
  69.4400000    1.1004232895e-03   -1.3411213839e-06    3.1995858156e-04    8.0833849963e-07   -2.1077277610e-03    8.1863753572e-08    1.4070713040e-03   -1.2155090837e-07
  69.4500000    1.0928597778e-03   -1.3329805875e-06    3.1789715987e-04    8.8652072139e-07   -2.1118259085e-03    8.0287944356e-08    1.4051162227e-03   -1.0792116720e-07
  69.4600000    1.0888141253e-03   -1.3078132434e-06    3.1781603827e-04    9.4969593199e-07   -2.1159306164e-03    7.7999840056e-08    1.4031826365e-03   -9.3832233598e-08
  69.4700000    1.0882207051e-03   -1.2662514330e-06    3.1985691787e-04    9.9656429791e-07   -2.1200436194e-03    7.5009755619e-08    1.4012801522e-03   -7.9378655644e-08
  69.4800000    1.0909647664e-03   -1.2091223187e-06    3.2412756570e-04    1.0261064539e-06   -2.1241665273e-03    7.1334412222e-08    1.3994182258e-03   -6.4655797011e-08
  69.4900000    1.0968841499e-03   -1.1374315837e-06    3.3069990016e-04    1.0376049872e-06   -2.1283008087e-03    6.6996802874e-08    1.3976061055e-03   -4.9759193819e-08
  69.5000000    1.1057717185e-03   -1.0523452180e-06    3.3960865400e-04    1.0306605618e-06   -2.1324477751e-03    6.2026025640e-08    1.3958527747e-03   -3.4783901182e-08
  69.5100000    1.1173784654e-03   -9.5516993825e-07    3.5085063981e-04    1.0052024471e-06   -2.1366085668e-03    5.6457038719e-08    1.3941668964e-03   -1.9823871685e-08
  69.5200000    1.1314172521e-03   -8.4733267446e-07    3.6438463303e-04    9.6149323937e-07   -2.1407841392e-03    5.0330376031e-08    1.3925567587e-03   -4.9713377756e-09
  69.5300000    1.1475671212e-03   -7.3035939902e-07    3.8013187784e-04    9.0012748879e-07   -2.1449752511e-03    4.3691801673e-08    1.3910302228e-03    9.6837682709e-09
  69.5400000    1.1654781147e-03   -6.0585357717e-07    3.9797721091e-04    8.2202438733e-07   -2.1491824532e-03    3.6591932806e-08    1.3895946724e-03    2.4054376077e-08
  69.5500000    1.1847765250e-03   -4.7547466859e-07    4.1777078778e-04    7.2841440931e-07   -2.1534060790e-03    2.9085800471e-08    1.3882569657e-03    3.8056812656e-08
  69.5600000    1.2050704969e-03   -3.4091679039e-07    4.3933038702e-04    6.2082022023e-07   -2.1576462367e-03    2.1232384901e-08    1.3870233904e-03    5.1611281738e-08
  69.5700000    1.2259558932e-03   -2.0388792275e-07    4.6244425733e-04    5.0103208704e-07   -2.1619028029e-03    1.3094112102e-08    1.3858996212e-03    6.4642339597e-08
  69.5800000    1.2470223320e-03   -6.6089805840e-08    4.8687446376e-04    3.7107819754e-07   -2.1661754177e-03    4.7363104430e-09    1.3848906817e-03    7.7079304043e-08
  69.5900000    1.2678593026e-03    7.0801246920e-08    5.1236068081e-04    2.3319036392e-07   -2.1704634820e-03   -3.7733471126e-09    1.3840009084e-03    8.8856629710e-08
  69.6000000    1.2880622638e-03    2.0515249613e-07    5.3862437243e-04    8.9765724266e-08   -2.1747661561e-03   -1.2365432456e-08    1.3832339197e-03    9.9914246961e-08
  69.6100000    1.3072386300e-03    3.3539169399e-07    5.6537329199e-04   -5.6674909291e-08   -2.1790823602e-03   -2.0969354384e-08    1.3825925886e-03    1.1019784155e-07
  69.6200000    1.3250135512e-03    4.6002274010e-07    5.9230623004e-04   -2.0353137909e-07   -2.1834107774e-03   -2.9513981983e-08    1.3820790194e-03    1.1965910533e-07
  69.6300000    1.3410353976e-03    5.7763994211e-07    6.1911793251e-04   -3.4817029333e-07   -2.1877498573e-03   -3.7928249387e-08    1.3816945292e-03    1.2825592424e-07
  69.6400000    1.3549808631e-03    6.8694086272e-07    6.4550410925e-04   -4.8797222249e-07   -2.1920978225e-03   -4.6141780403e-08    1.3814396337e-03    1.3595252071e-07
  69.6500000    1.3665596093e-03    7.8673771587e-07    6.7116645020e-04   -6.2037907026e-07   -2.1964526764e-03   -5.4085494698e-08    1.3813140378e-03    1.4271955840e-07
  69.6600000    1.3755183784e-03    8.7596728895e-07    6.9581756642e-04   -7.4294071199e-07   -2.2008122132e-03   -6.1692210724e-08    1.3813166311e-03    1.4853419188e-07
  69.6700000    1.3816445120e-03    9.5369943464e-07    7.1918577329e-04   -8.5336016186e-07   -2.2051740292e-03   -6.8897225041e-08    1.3814454878e-03    1.5338006750e-07
  69.6800000    1.3847688224e-03    1.0191440896e-06    7.4101963563e-04   -9.4953632111e-07   -2.2095355358e-03   -7.5638881021e-08    1.3816978721e-03    1.5724728760e-07
  69.6900000    1.3847677756e-03    1.0716569234e-06    7.6109219767e-04   -1.0296036581e-06   -2.2138939747e-03   -8.1859097928e-08    1.3820702478e-03    1.6013232071e-07
  69.7000000    1.3815649524e-03    1.1107435789e-06    7.7920482593e-04   -1.0919678491e-06   -2.2182464337e-03   -8.7503880022e-08    1.3825582934e-03    1.6203787601e-07
  69.7100000    1.3751317689e-03    1.1360625752e-06    7.9519059838e-04   -1.1353368820e-06   -2.2225898647e-03   -9.2523783330e-08    1.3831569217e-03    1.6297273057e-07
  69.7200000    1.3654874493e-03    1.1474269190e-06    8.0891718088e-04   -1.1587469593e-06   -2.2269211029e-03   -9.6874344260e-08    1.3838603036e-03    1.6295152848e-07
  69.7300000    1.3526982553e-03    1.1448044566e-06    8.2028913996e-04   -1.1615826884e-06   -2.2312368863e-03   -1.0051646773e-07    1.3846618975e-03    1.6199453207e-07
  69.7400000    1.3368759880e-03    1.1283169355e-06    8.2924964991e-04   -1.1435911683e-06   -2.2355338779e-03   -1.0341676579e-07    1.3855544826e-03    1.6012735300e-07
  69.7500000    1.3181757920e-03    1.0982379178e-06    8.3578156228e-04   -1.1048895715e-06   -2.2398086871e-03   -1.0554784651e-07    1.3865301960e-03    1.5738063680e-07
  69.7600000    1.2967932999e-03    1.0549894688e-06    8.3990781625e-04   -1.0459662342e-06   -2.2440578928e-03   -1.0688855487e-07    1.3875805746e-03    1.5378974041e-07
  69.7700000    1.2729611684e-03    9.9913767639e-07    8.4169117935e-04   -9.6767495151e-07   -2.2482780672e-03   -1.0742415213e-07    1.3886966009e-03    1.4939436463e-07
  69.7800000    1.2469450652e-03    9.3138704853e-07    8.4123331902e-04   -8.7122268297e-07   -2.2524657994e-03   -1.0714644487e-07    1.3898687515e-03    1.4423818117e-07
  69.7900000    1.2190391755e-03    8.5257369386e-07    8.3867321734e-04   -7.5815082628e-07   -2.2566177197e-03   -1.0605385906e-07    1.3910870496e-03    1.3836843648e-07
  69.8000000    1.1895613040e-03    7.6365742265e-07    8.3418495183e-04   -6.3031025495e-07   -2.2607305239e-03   -1.0415145665e-07    1.3923411208e-03    1.3183554259e-07
  69.8100000    1.1588476540e-03    6.6571269228e-07    8.2797487666e-04   -4.8983062168e-07   -2.2648009977e-03   -1.0145088233e-07    1.3936202504e-03    1.2469266325e-07
  69.8200000    1.1272473722e-03    5.5991842111e-07    8.2027824870e-04   -3.3908443998e-07   -2.2688260401e-03   -9.7970284627e-08    1.3949134447e-03    1.1699527735e-07
  69.8300000    1.0951169468e-03    4.4754671193e-07    8.1135535276e-04   -1.8064647702e-07   -2.2728026874e-03   -9.3734132216e-08    1.3962094925e-03    1.0880075207e-07
  69.8400000    1.0628145542e-03    3.2995048489e-07    8.0148718933e-04   -1.7249299361e-08   -2.2767281358e-03   -8.8773039700e-08    1.3974970297e-03    1.0016792093e-07
  69.8500000    1.0306944428e-03    2.0855005425e-07    7.9097079584e-04    1.4826443736e-07   -2.2805997634e-03   -8.3123480228e-08    1.3987646047e-03    9.1156646156e-08
  69.8600000    9.9910144907e-04    8.4818732092e-08    7.8011427952e-04    3.1299190083e-07   -2.2844151513e-03   -7.6827489313e-08    1.4000007440e-03    8.1827401177e-08
  69.8700000    9.6836573032e-04   -3.9732533632e-08    7.6923164500e-04    4.7402148718e-07   -2.2881721037e-03   -6.9932301670e-08    1.4011940193e-03    7.2240863025e-08
  69.8800000    9.3879780004e-04   -1.6357133633e-07    7.5863750447e-04    6.2848469350e-07   -2.2918686664e-03   -6.2489954761e-08    1.4023331141e-03    6.2457508541e-08
  69.8900000    9.1068394347e-04   -2.8516075228e-07    7.4864176000e-04    7.7360755423e-07   -2.2955031439e-03   -5.4556848382e-08    1.4034068900e-03    5.2537229782e-08
  69.9000000    8.8428208436e-04   -4.0297687822e-07    7.3954434959e-04    9.0676071625e-07   -2.2990741153e-03   -4.6193270264e-08    1.4044044524e-03    4.2538964861e-08
  69.9100000    8.5981816606e-04   -5.1552682940e-07    7.3163014723e-04    1.0255072511e-06   -2.3025804478e-03   -3.7462884100e-08    1.4053152149e-03    3.2520348207e-08
  69.9200000    8.3748310069e-04   -6.2136703445e-07    7.2516410574e-04    1.1276472280e-06   -2.3060213091e-03   -2.8432201905e-08    1.4061289624e-03    2.2537396622e-08
  69.9300000    8.1743033052e-04   -7.1912158954e-07    7.2038672695e-04    1.2112584496e-06   -2.3093961774e-03   -1.9170022265e-08    1.4068359120e-03    1.2644181743e-08
  69.9400000    7.9977403428e-04   -8.0750050007e-07    7.1750993919e-04    1.2747322838e-06   -2.3127048492e-03   -9.7468572667e-09    1.4074267719e-03    2.8925636388e-09
  69.9500000    7.8458800089e-04   -8.8531751053e-07    7.1671345493e-04    1.3168042174e-06   -2.3159474458e-03   -2.3435191295e-10    1.4078927976e-03   -6.6680567461e-09
  69.9600000    7.7190518098e-04   -9.5150731962e-07    7.1814167385e-04    1.3365783477e-06   -2.3191244166e-03    9.2953147472e-09    1.4082258447e-03   -1.5990981663e-08
  69.9700000    7.6171791524e-04   -1.0051418729e-06    7.2190118703e-04    1.3335454660e-06   -2.3222365409e-03    1.8770021443e-08    1.4084184189e-03   -2.5032399175e-08
  69.9800000    7.5397882740e-04   -1.0454454642e-06    7.2805892833e-04    1.3075942727e-06   -2.3252849270e-03    2.8118295479e-08    1.4084637220e-03   -3.3751567710e-08
  69.9900000    7.4860235821e-04   -1.0718083839e-06    7.3664100724e-04    1.2590155719e-06   -2.3282710093e-03    3.7269894863e-08    1.4083556942e-03   -4.2110947494e-08
  70.0000000    7.4546690649e-04   -1.0837987721e-06    7.4763224624e-04    1.1884993181e-06   -2.3311965430e-03    4.6156385515e-08    1.4080890518e-03   -5.0076325549e-08
  70.0100000    7.4441753325e-04   -1.0811725012e-06    7.6097643305e-04    1.0971245158e-06   -2.3340635966e-03    5.4711682590e-08    1.4076593209e-03   -5.7616893658e-08
  70.0200000    7.4526917568e-04   -1.0638807533e-06    7.7657728582e-04    9.8634211369e-07   -2.3368745420e-03    6.2872578175e-08    1.4070628665e-03   -6.4705313925e-08
  70.0300000    7.4781030967e-04   -1.0320750635e-06    7.9430011654e-04    8.5795123811e-07   -2.3396320426e-03    7.0579246501e-08    1.4062969158e-03   -7.1317747648e-08
  70.0400000    7.5180699334e-04   -9.8610970326e-07    8.1397416552e-04    7.1406909744e-07   -2.3423390390e-03    7.7775714459e-08    1.4053595779e-03   -7.7433857985e-08
  70.0500000    7.5700721720e-04   -9.2654114934e-07    8.3539556793e-04    5.5709510813e-07   -2.3449987332e-03    8.4410288727e-08    1.4042498568e-03   -8.3036793102e-08
  70.0600000    7.6314548290e-04   -8.5412454598e-07    8.5833090162e-04    3.8966982879e-07   -2.3476145702e-03    9.0435952377e-08    1.4029676609e-03   -8.8113144619e-08
  70.0700000    7.6994752951e-04   -7.6980709066e-07    8.8252125542e-04    2.1462949946e-07   -2.3501902182e-03    9.5810714448e-08    1.4015138054e-03   -9.2652881417e-08
  70.0800000    7.7713512439e-04   -6.7471828908e-07    9.0768674678e-04    3.4956917332e-08   -2.3527295470e-03    1.0049792376e-07    1.3998900108e-03   -9.6649260503e-08
  70.0900000    7.8443083609e-04   -5.7015713394e-07    9.3353141030e-04   -1.4627048865e-07   -2.3552366047e-03    1.0446651366e-07    1.3980988950e-03   -1.0009872166e-07
  70.1000000    7.9156270768e-04   -4.5757627258e-07    9.5974837064e-04   -3.2593441469e-07   -2.3577155929e-03    1.0769122768e-07    1.3961439609e-03   -1.0300077224e-07
  70.1100000    7.9826875203e-04   -3.3856332727e-07    9.8602520905e-04   -5.0093032315e-07   -2.3601708411e-03    1.1015276554e-07    1.3940295781e-03   -1.0535783667e-07
  70.1200000    8.0430119439e-04   -2.1481954335e-07    1.0120494280e-03   -6.6822203586e-07   -2.3626067795e-03    1.1183790165e-07    1.3917609600e-03   -1.0717511451e-07
  70.1300000    8.0943039317e-04   -8.8136039839e-08    1.0375139166e-03   -8.2489524036e-07   -2.3650279112e-03    1.1273953123e-07    1.3893441351e-03   -1.0846041279e-07
  70.1400000    8.1344837627e-04    3.9631992788e-08    1.0621223199e-03   -9.6820902421e-07   -2.3674387831e-03    1.1285667528e-07    1.3867859147e-03   -1.0922396974e-07
  70.1500000    8.1617193794e-04    1.6659282901e-07    1.0855942145e-03   -1.0956444202e-06   -2.3698439574e-03    1.1219443382e-07    1.3840938543e-03   -1.0947827712e-07
  70.1600000    8.1744524952e-04    2.9084702819e-07    1.1076699999e-03   -1.2049492071e-06   -2.3722479813e-03    1.1076388340e-07    1.3812762120e-03   -1.0923789741e-07
  70.1700000    8.1714194650e-04    4.1051708958e-07    1.1281154152e-03   -1.2941780200e-06   -2.3746553580e-03    1.0858192573e-07    1.3783419020e-03   -1.0851926350e-07
  70.1800000    8.1516666426e-04    5.2377745750e-07    1.1467256010e-03   -1.3617272035e-06   -2.3770705164e-03    1.0567109675e-07    1.3753004437e-03   -1.0734049351e-07
  70.1900000    8.1145600455e-04    6.2888437957e-07    1.1633286331e-03   -1.4063636073e-06   -2.3794977821e-03    1.0205930959e-07    1.3721619082e-03   -1.0572119019e-07
  70.2000000    8.0597892554e-04    7.2420505837e-07    1.1777884637e-03   -1.4272469920e-06   -2.3819413484e-03    9.7779582940e-08    1.3689368610e-03   -1.0368225935e-07
  70.2100000    7.9873655786e-04    8.0824557744e-07    1.1900072172e-03   -1.4239454730e-06   -2.3844052481e-03    9.2869700611e-08    1.3656363013e-03   -1.0124571451e-07
  70.2200000    7.8976145973e-04    8.7967713155e-07    1.1999267984e-03   -1.3964438022e-06   -2.3868933259e-03    8.7371856986e-08    1.3622715992e-03   -9.8434491871e-08
  70.2300000    7.7911633365e-04    9.3735994753e-07    1.2075297843e-03   -1.3451443606e-06   -2.3894092120e-03    8.1332252094e-08    1.3588544306e-03   -9.5272274159e-08
  70.2400000    7.6689223622e-04    9.8036451862e-07    1.2128395840e-03   -1.2708607428e-06   -2.3919562973e-03    7.4800675296e-08    1.3553967100e-03   -9.1783324429e-08
  70.2500000    7.5320632146e-04    1.0079896495e-06    1.2159198631e-03   -1.1748041469e-06   -2.3945377092e-03    6.7830041607e-08    1.3519105220e-03   -8.7992312034e-08
  70.2600000    7.3819916513e-04    1.0197769323e-06    1.2168732435e-03   -1.0585627458e-06   -2.3971562897e-03    6.0475927050e-08    1.3484080517e-03   -8.3924172808e-08
  70.2700000    7.2203172471e-04    1.0155212964e-06    1.2158393031e-03   -9.2407445200e-07   -2.3998145750e-03    5.2796067677e-08    1.3449015146e-03   -7.9603951824e-08
  70.2800000    7.0488199497e-04    9.9527743871e-07    1.2129919126e-03   -7.7359345356e-07   -2.4025147767e-03    4.4849872076e-08    1.3414030859e-03   -7.5056682539e-08
  70.2900000    6.8694142360e-04    9.5936182344e-07    1.2085359576e-03   -6.0965132471e-07   -2.4052587652e-03    3.6697899946e-08    1.3379248309e-03   -7.0307253881e-08
  70.3000000    6.6841115455e-04    9.0835018733e-07    1.2027035072e-03   -4.3501315130e-07   -2.4080480553e-03    2.8401356930e-08    1.3344786345e-03   -6.5380306834e-08
  70.3100000    6.4949816879e-04    8.4307049544e-07    1.1957495007e-03   -2.5262961130e-07   -2.4108837943e-03    2.0021574036e-08    1.3310761335e-03   -6.0300136403e-08
  70.3200000    6.3041139271e-04    7.6459141308e-07    1.1879470300e-03   -6.5585868886e-08   -2.4137667513e-03    1.1619516464e-08    1.3277286493e-03   -5.5090593632e-08
  70.3300000    6.1135784394e-04    6.7420638764e-07    1.1795823078e-03    1.2295194162e-07   -2.4166973105e-03    3.2552761002e-09    1.3244471223e-03   -4.9775029151e-08
  70.3400000    5.9253888243e-04    5.7341357940e-07    1.1709494122e-03    3.0979151443e-07   -2.4196754655e-03   -5.0123979289e-09    1.3212420497e-03   -4.4376211507e-08
  70.3500000    5.7414663177e-04    4.6389190183e-07    1.1623449060e-03    4.9176969347e-07   -2.4227008169e-03   -1.3126564786e-08    1.3181234244e-03   -3.8916280572e-08
  70.3600000    5.5636063140e-04    3.4747359858e-07    1.1540624298e-03    6.6580712052e-07   -2.4257725723e-03   -2.1032524957e-08    1.3151006785e-03   -3.3416707185e-08
  70.3700000    5.3934477545e-04    2.2611378506e-07    1.1463873700e-03    8.2896141111e-07   -2.4288895487e-03   -2.8678233672e-08    1.3121826286e-03   -2.7898260666e-08
  70.3800000    5.2324458781e-04    1.0185743459e-07    1.1395916974e-03    9.7847785603e-07   -2.4320501772e-03   -3.6014684724e-08    1.3093774260e-03   -2.2380976127e-08
  70.3900000    5.0818487615e-04   -2.3195583408e-08    1.1339290749e-03    1.1118367496e-06   -2.4352525111e-03   -4.2996249645e-08    1.3066925100e-03   -1.6884151731e-08
  70.4000000    4.9426780023e-04   -1.4692681634e-07    1.1296303218e-03    1.2267965563e-06   -2.4384942349e-03   -4.9580992937e-08    1.3041345660e-03   -1.1426337575e-08
  70.4100000    4.8157138194e-04   -2.6723622251e-07    1.1268993190e-03    1.3214321493e-06   -2.4417726775e-03   -5.5730952671e-08    1.3017094879e-03   -6.0253325114e-09
  70.4200000    4.7014847598e-04   -3.8207919193e-07    1.1259094297e-03    1.3941674579e-06   -2.4450848262e-03   -6.1412364296e-08    1.2994223447e-03   -6.9819265353e-10
  70.4300000    4.6002621188e-04   -4.8950291695e-07    1.1268005006e-03    1.4438019671e-06   -2.4484273438e-03   -6.6595862377e-08    1.2972773531e-03    4.5387546689e-09
  70.4400000    4.5120590931e-04   -5.8768139358e-07    1.1296764981e-03    1.4695306336e-06   -2.4517965877e-03   -7.1256620165e-08    1.2952778539e-03    9.6699024412e-09
  70.4500000    4.4366346022e-04   -6.7494843287e-07    1.1346038203e-03    1.4709568575e-06   -2.4551886307e-03   -7.5374471255e-08    1.2934262945e-03    1.4680342566e-08
  70.4600000    4.3735016340e-04   -7.4982802359e-07    1.1416103153e-03    1.4480983548e-06   -2.4585992840e-03   -7.8933957786e-08    1.2917242163e-03    1.9555846039e-08
  70.4700000    4.3219398891e-04   -8.1106146001e-07    1.1506850206e-03    1.4013858296e-06   -2.4620241219e-03   -8.1924363752e-08    1.2901722473e-03    2.4282836440e-08
  70.4800000    4.2810124322e-04   -8.5763069158e-07    1.1617786261e-03    1.3316544668e-06   -2.4654585078e-03   -8.4339675758e-08    1.2887701006e-03    2.8848378405e-08
  70.4900000    4.2495859862e-04   -8.8877742208e-07    1.1748046485e-03    1.2401284688e-06   -2.4688976222e-03   -8.6178534696e-08    1.2875165777e-03    3.3240155538e-08
  70.5000000    4.2263544531e-04   -9.0401760104e-07    1.1896412934e-03    1.1283989229e-06   -2.4723364913e-03   -8.7444121677e-08    1.2864095772e-03    3.7446432206e-08
  70.5100000    4.2098651909e-04   -9.0315093532e-07    1.2061339649e-03    9.9839535729e-07   -2.4757700171e-03   -8.8144010102e-08    1.2854461094e-03    4.1456067922e-08
  70.5200000    4.1985475392e-04   -8.8626523465e-07    1.2240983757e-03    8.5235161008e-07   -2.4791930082e-03   -8.8289993795e-08    1.2846223154e-03    4.5258468221e-08
  70.5300000    4.1907430539e-04   -8.5373548462e-07    1.2433241922e-03    6.9276657178e-07   -2.4826002113e-03   -8.7897858645e-08    1.2839334912e-03    4.8843600988e-08
  70.5400000    4.1847368893e-04   -8.0621760541e-07    1.2635791477e-03    5.2236046126e-07   -2.4859863432e-03   -8.6987144501e-08    1.2833741176e-03    5.2201970703e-08
  70.5500000    4.1787897594e-04   -7.4463700454e-07    1.2846135401e-03    3.4402754565e-07   -2.4893461232e-03   -8.5580864246e-08    1.2829378933e-03    5.5324627515e-08
  70.5600000    4.1711699048e-04   -6.7017204815e-07    1.3061650294e-03    1.6078600286e-07   -2.4926743051e-03   -8.3705199451e-08    1.2826177741e-03    5.8203154191e-08
  70.5700000    4.1601845056e-04   -5.8423282035e-07    1.3279636417e-03   -2.4274079581e-08   -2.4959657100e-03   -8.1389174550e-08    1.2824060152e-03    6.0829688369e-08
  70.5800000    4.1442099988e-04   -4.8843548845e-07    1.3497368844e-03   -2.0804372327e-07   -2.4992152575e-03   -7.8664319656e-08    1.2822942175e-03    6.3196913057e-08
  70.5900000    4.1217207862e-04   -3.8457276285e-07    1.3712148743e-03   -3.8744813529e-07   -2.5024179975e-03   -7.5564304756e-08    1.2822733785e-03    6.5298093644e-08
  70.6000000    4.0913158570e-04   -2.7458096421e-07    1.3921353830e-03   -5.5949897290e-07   -2.5055691405e-03   -7.2124569128e-08    1.2823339456e-03    6.7127076049e-08
  70.6100000    4.0517428932e-04   -1.6050436836e-07    1.4122487023e-03   -7.2134479182e-07   -2.5086640875e-03   -6.8381944733e-08    1.2824658724e-03    6.8678334764e-08
  70.6200000    4.0019194771e-04   -4.4457454843e-08    1.4313222400e-03   -8.7031898648e-07   -2.5116984581e-03   -6.4374283023e-08    1.2826586787e-03    6.9946970326e-08
  70.6300000    3.9409510794e-04    7.1414222844e-08    1.4491447600e-03   -1.0039842191e-06   -2.5146681181e-03   -6.0140057272e-08    1.2829015114e-03    7.0928772446e-08
  70.6400000    3.8681455623e-04    1.8497379714e-07    1.4655301885e-03   -1.1201727448e-06   -2.5175692049e-03   -5.5718002798e-08    1.2831832086e-03    7.1620236430e-08
  70.6500000    3.7830240040e-04    2.9413268837e-07    1.4803209166e-03   -1.2170218774e-06   -2.5203981519e-03   -5.1146736913e-08    1.2834923642e-03    7.2018608166e-08
  70.6600000    3.6853277116e-04    3.9688938010e-07    1.4933905405e-03   -1.2930040644e-06   -2.5231517102e-03   -4.6464404978e-08    1.2838173940e-03    7.2121922547e-08
  70.6700000    3.5750213621e-04    4.9136648756e-07    1.5046459904e-03   -1.3469510632e-06   -2.5258269691e-03   -4.1708343368e-08    1.2841466030e-03    7.1929046199e-08
  70.6800000    3.4522922744e-04    5.7584556116e-07    1.5140290132e-03   -1.3780718267e-06   -2.5284213745e-03   -3.6914741131e-08    1.2844682523e-03    7.1439716193e-08
  70.6900000    3.3175458857e-04    6.4879879801e-07    1.5215169834e-03   -1.3859639024e-06   -2.5309327446e-03   -3.2118349462e-08    1.2847706263e-03    7.0654591004e-08
  70.7000000    3.1713975651e-04    7.0891721712e-07    1.5271230340e-03   -1.3706181070e-06   -2.5333592835e-03   -2.7352197800e-08    1.2850420992e-03    6.9575282444e-08
  70.7100000    3.0146609614e-04    7.5513465185e-07    1.5308955091e-03   -1.3324165025e-06   -2.5356995927e-03   -2.2647335030e-08    1.2852712009e-03    6.8204400220e-08
  70.7200000    2.8483331317e-04    7.8664705640e-07    1.5329167538e-03   -1.2721237290e-06   -2.5379526797e-03   -1.8032616078e-08    1.2854466815e-03    6.6545592047e-08
  70.7300000    2.6735767536e-04    8.0292695152e-07    1.5333012710e-03   -1.1908719138e-06   -2.5401179642e-03   -1.3534493780e-08    1.2855575739e-03    6.4603573550e-08
  70.7400000    2.4916997627e-04    8.0373251663e-07    1.5321932835e-03   -1.0901394192e-06   -2.5421952818e-03   -9.1768645387e-09    1.2855932546e-03    6.2384159723e-08
  70.7500000    2.3041327948e-04    7.8911133847e-07    1.5297637556e-03   -9.7172387596e-07   -2.5441848850e-03   -4.9809331969e-09    1.2855435024e-03    5.9894290525e-08
  70.7600000    2.1124048433e-04    7.5939862986e-07    1.5262069328e-03   -8.3770999415e-07   -2.5460874416e-03   -9.6511725697e-10    1.2853985539e-03    5.7142056522e-08
  70.7700000    1.9181175627e-04    7.1521004669e-07    1.5217364733e-03   -6.9043272791e-07   -2.5479040308e-03    2.8550128812e-09    1.2851491560e-03    5.4136700980e-08
  70.7800000    1.7229186614e-04    6.5742922244e-07    1.5165812453e-03   -5.3243646166e-07   -2.5496361358e-03    6.4667729176e-09    1.2847866156e-03    5.0888635297e-08
  70.7900000    1.5284748386e-04    5.8719029862e-07    1.5109808764e-03   -3.6643091704e-07   -2.5512856350e-03    9.8603467892e-09    1.2843028451e-03    4.7409437989e-08
  70.8000000    1.3364447112e-04    5.0585577869e-07    1.5051811407e-03   -1.9524459752e-07   -2.5528547900e-03    1.3028762739e-08    1.2836904045e-03    4.3711841534e-08
  70.8100000    1.1484521732e-04    4.1499016152e-07    1.4994292749e-03   -2.1776564553e-08   -2.5543462311e-03    1.5967814634e-08    1.2829425389e-03    3.9809716672e-08
  70.8200000    9.6606061135e-05    3.1632987491e-07    1.4939693114e-03    1.5105264938e-07   -2.5557629414e-03    1.8675965557e-08    1.2820532123e-03    3.5718054945e-08
  70.8300000    7.9074837886e-05    2.1175014946e-07    1.4890375203e-03    3.2035015235e-07   -2.5571082371e-03    2.1154220991e-08    1.2810171368e-03    3.1452916972e-08
  70.8400000    6.2388589846e-05    1.0322936272e-07    1.4848580437e-03    4.8329895098e-07   -2.5583857474e-03    2.3405972217e-08    1.2798297969e-03    2.7031406262e-08
  70.8500000    4.6671473417e-05   -7.1882879351e-09    1.4816388055e-03    6.3720465124e-07   -2.5595993911e-03    2.5436817908e-08    1.2784874693e-03    2.2471607054e-08
  70.8600000    3.2032892943e-05   -1.1743120715e-07    1.4795677714e-03    7.7953969111e-07   -2.5607533524e-03    2.7254358841e-08    1.2769872383e-03    1.7792522073e-08
  70.8700000    1.8565886971e-05   -2.2543907445e-07    1.4788096266e-03    9.0798454611e-07   -2.5618520538e-03    2.8867982226e-08    1.2753270055e-03    1.3014003386e-08
  70.8800000    6.3457877819e-06   -3.2920109333e-07    1.4795029307e-03    1.0204650662e-06   -2.5629001290e-03    3.0288619941e-08    1.2735054959e-03    8.1566785275e-09
  70.8900000   -4.5708294261e-06   -4.2679303550e-07    1.4817577975e-03    1.1151854981e-06   -2.5639023934e-03    3.1528497796e-08    1.2715222577e-03    3.2418462778e-09
  70.9000000   -1.4146896453e-05   -5.1641244460e-07    1.4856541398e-03    1.1906566364e-06   -2.5648638138e-03    3.2600882585e-08    1.2693776585e-03   -1.7086027657e-09
  70.9100000   -2.2365294821e-05   -5.9641127834e-07    1.4912405039e-03    1.2457185765e-06   -2.5657894772e-03    3.3519800887e-08    1.2670728761e-03   -6.6722956517e-09
  70.9200000   -2.9228989889e-05   -6.6532545035e-07    1.4985335102e-03    1.2795579079e-06   -2.5666845588e-03    3.4299781079e-08    1.2646098851e-03   -1.1626490921e-08
  70.9300000   -3.4760859857e-05   -7.2190068960e-07    1.5075179042e-03    1.2917189847e-06   -2.5675542899e-03    3.4955575983e-08    1.2619914383e-03   -1.6548186112e-08
  70.9400000   -3.9003227748e-05   -7.6511427800e-07    1.5181472054e-03    1.2821091870e-06   -2.5684039245e-03    3.5501894184e-08    1.2592210448e-03   -2.1414250673e-08
  70.9500000   -4.2017108856e-05   -7.9419229613e-07    1.5303449372e-03    1.2509981039e-06   -2.5692387071e-03    3.5953142315e-08    1.2563029428e-03   -2.6201542096e-08
  70.9600000   -4.3881190234e-05   -8.0862208824e-07    1.5440064053e-03    1.1990107708e-06   -2.5700638397e-03    3.6323170197e-08    1.2532420693e-03   -3.0887035519e-08
  70.9700000   -4.4690562520e-05   -8.0815977991e-07    1.5590009818e-03    1.1271150599e-06   -2.5708844494e-03    3.6625038016e-08    1.2500440254e-03   -3.5447959916e-08
  70.9800000   -4.4555227565e-05   -7.9283271343e-07    1.5751748472e-03    1.0366035268e-06   -2.5717055566e-03    3.6870781433e-08    1.2467150386e-03   -3.9861929482e-08
  70.9900000   -4.3598408378e-05   -7.6293684410e-07    1.5923541278e-03    9.2907002423e-07   -2.5725320442e-03    3.7071218882e-08    1.2432619216e-03   -4.4107070638e-08
  71.0000000   -4.1954690065e-05   -7.1902920960e-07    1.6103483654e-03    8.0638155169e-07   -2.5733686274e-03    3.7235763886e-08    1.2396920278e-03   -4.8162167011e-08
  71.0100000   -3.9768022417e-05   -6.6191566143e-07    1.6289542459e-03    6.7064583287e-07   -2.5742198246e-03    3.7372262517e-08    1.2360132051e-03   -5.2006780177e-08
  71.0200000   -3.7189616005e-05   -5.9263414229e-07    1.6479595135e-03    5.2417518876e-07   -2.5750899305e-03    3.7486858070e-08    1.2322337463e-03   -5.5621378586e-08
  71.0300000   -3.4375764691e-05   -5.1243388155e-07    1.6671469903e-03    3.6944730706e-07   -2.5759829893e-03    3.7583883360e-08    1.2283623380e-03   -5.8987462604e-08
  71.0400000   -3.1485627524e-05   -4.2275097495e-07    1.6862986257e-03    2.0906362568e-07   -2.5769027713e-03    3.7665779134e-08    1.2244080079e-03   -6.2087687678e-08
  71.0500000   -2.8679002923e-05   -3.2518083836e-07    1.7051994945e-03    4.5706002366e-08   -2.5778527499e-03    3.7733044800e-08    1.2203800703e-03   -6.4905971365e-08
  71.0600000   -2.6114127358e-05   -2.2144808321e-07    1.7236416712e-03   -1.1790766445e-07   -2.5788360816e-03    3.7784216092e-08    1.2162880708e-03   -6.7427597907e-08
  71.0700000   -2.3945529643e-05   -1.1337446610e-07    1.7414279066e-03   -2.7906796752e-07   -2.5798555877e-03    3.7815870036e-08    1.2121417309e-03   -6.9639320307e-08
  71.0800000   -2.2321970216e-05   -2.8454762558e-09    1.7583750404e-03   -4.3511816655e-07   -2.5809137385e-03    3.7822671979e-08    1.2079508909e-03   -7.1529449993e-08
  71.0900000   -2.1384492937e-05    1.0822376054e-07    1.7743170913e-03   -5.8349717950e-07   -2.5820126394e-03    3.7797434355e-08    1.2037254542e-03   -7.3087933786e-08
  71.1000000   -2.1264614581e-05    2.1792258426e-07    1.7891079685e-03   -7.2178065291e-07   -2.5831540206e-03    3.7731224891e-08    1.1994753314e-03   -7.4306422251e-08
  71.1100000   -2.2082674548e-05    3.2437834541e-07    1.8026237633e-03   -8.4771961620e-07   -2.5843392277e-03    3.7613485909e-08    1.1952103847e-03   -7.5178328515e-08
  71.1200000   -2.3946364472e-05    4.2578871739e-07    1.8147645833e-03   -9.5927598540e-07   -2.5855692161e-03    3.7432193287e-08    1.1909403739e-03   -7.5698877844e-08
  71.1300000   -2.6949454157e-05    5.2045224694e-07    1.8254559044e-03   -1.0546544396e-06   -2.5868445479e-03    3.7174031149e-08    1.1866749035e-03   -7.5865138439e-08
  71.1400000   -3.1170727206e-05    6.0679654776e-07    1.8346494251e-03   -1.1323301864e-06   -2.5881653908e-03    3.6824597111e-08    1.1824233715e-03   -7.5676046778e-08
  71.1500000   -3.6673136102e-05    6.8340374199e-07    1.8423234164e-03   -1.1910721685e-06   -2.5895315201e-03    3.6368613981e-08    1.1781949195e-03   -7.5132413909e-08
  71.1600000   -4.3503183237e-05    7.4903266909e-07    1.8484825736e-03   -1.2299614267e-06   -2.5909423232e-03    3.5790193606e-08    1.1739983863e-03   -7.4236932997e-08
  71.1700000   -5.1690530915e-05    8.0263756953e-07    1.8531573819e-03   -1.2484043246e-06   -2.5923968067e-03    3.5073068437e-08    1.1698422624e-03   -7.2994152447e-08
  71.1800000   -6.1247840005e-05    8.4338296158e-07    1.8564030208e-03   -1.2461404915e-06   -2.5938936056e-03    3.4200876614e-08    1.1657346480e-03   -7.1410453040e-08
  71.1900000   -7.2170833651e-05    8.7065449598e-07    1.8582978385e-03   -1.2232453984e-06   -2.5954309958e-03    3.3157434670e-08    1.1616832140e-03   -6.9494013421e-08
  71.2000000   -8.4438579348e-05    8.8406574991e-07    1.8589414363e-03   -1.1801275387e-06   -2.5970069080e-03    3.1927027878e-08    1.1576951655e-03   -6.7254756193e-08
  71.2100000   -9.8013979737e-05    8.8346085646e-07    1.8584524089e-03   -1.1175203371e-06   -2.5986189438e-03    3.0494690575e-08    1.1537772087e-03   -6.4704273565e-08
  71.2200000   -1.1284446002e-04    8.6891312442e-07    1.8569657929e-03   -1.0364689281e-06   -2.6002643952e-03    2.8846500266e-08    1.1499355217e-03   -6.1855779472e-08
  71.2300000   -1.2886283725e-04    8.4071971881e-07    1.8546302801e-03   -9.3831204633e-07   -2.6019402641e-03    2.6969857803e-08    1.1461757278e-03   -5.8723996652e-08
  71.2400000   -1.4598835483e-04    7.9939256471e-07    1.8516052550e-03   -8.2465939321e-07   -2.6036432850e-03    2.4853762060e-08    1.1425028735e-03   -5.5325084397e-08
  71.2500000   -1.6412786371e-04    7.4564589278e-07    1.8480577182e-03   -6.9736481675e-07   -2.6053699490e-03    2.2489075882e-08    1.1389214092e-03   -5.1676522175e-08
  71.2600000   -1.8317713057e-04    6.8038058161e-07    1.8441591581e-03   -5.5849576907e-07   -2.6071165287e-03    1.9868779450e-08    1.1354351741e-03   -4.7797014772e-08
  71.2700000   -2.0302225178e-04    6.0466580644e-07    1.8400824315e-03   -4.1029958388e-07   -2.6088791052e-03    1.6988195686e-08    1.1320473850e-03   -4.3706352747e-08
  71.2800000   -2.2354115184e-04    5.1971835888e-07    1.8359987141e-03   -2.5516700746e-07   -2.6106535953e-03    1.3845209410e-08    1.1287606282e-03   -3.9425313967e-08
  71.2900000   -2.4460514397e-04    4.2688005099e-07    1.8320745759e-03   -9.5593758203e-08   -2.6124357802e-03    1.0440449944e-08    1.1255768560e-03   -3.4975514893e-08
  71.3000000   -2.6608053130e-04    3.2759377039e-07    1.8284692347e-03    6.5859376566e-08   -2.6142213346e-03    6.7774539611e-09    1.1224973860e-03   -3.0379288607e-08
  71.3100000   -2.8783022655e-04    2.2337855582e-07    1.8253320341e-03    2.2660732967e-07   -2.6160058561e-03    2.8627979528e-09    1.1195229044e-03   -2.5659547573e-08
  71.3200000   -3.0971536962e-04    1.1580423116e-07    1.8228001879e-03    3.8408168046e-07   -2.6177848950e-03   -1.2937993444e-09    1.1166534730e-03   -2.0839648419e-08
  71.3300000   -3.3159692279e-04    6.4660591736e-09    1.8209968244e-03    5.3577113430e-07   -2.6195539840e-03   -5.6794124842e-09    1.1138885395e-03   -1.5943241118e-08
  71.3400000   -3.5333722474e-04   -1.0304017463e-07    1.8200293585e-03    6.7926091232e-07   -2.6213086680e-03   -1.0277870495e-08    1.1112269503e-03   -1.0994154939e-08
  71.3500000   -3.7480148598e-04   -2.1114219092e-07    1.8199882112e-03    8.1227046027e-07   -2.6230445327e-03   -1.5069761678e-08    1.1086669680e-03   -6.0162406534e-09
  71.3600000   -3.9585920974e-04   -3.1631400272e-07    1.8209458881e-03    9.3268887603e-07   -2.6247572337e-03   -2.0032473453e-08    1.1062062902e-03   -1.0332476336e-09
  71.3700000   -4.1638552440e-04   -4.1709712442e-07    1.8229564218e-03    1.0386075579e-06   -2.6264425237e-03   -2.5140263920e-08    1.1038420721e-03    3.9313136866e-09
  71.3800000   -4.3626241515e-04   -5.1211988722e-07    1.8260551738e-03    1.1283495379e-06   -2.6280962796e-03   -3.0364382720e-08    1.1015709517e-03    8.8542872625e-09
  71.3900000   -4.5537984476e-04   -6.0011467684e-07    1.8302589861e-03    1.2004950651e-06   -2.6297145276e-03   -3.5673214991e-08    1.0993890766e-03    1.3713008101e-08
  71.4000000   -4.7363675519e-04   -6.7993282151e-07    1.8355666653e-03    1.2539031092e-06   -2.6312934675e-03   -4.1032466085e-08    1.0972921334e-03    1.8485401321e-08
  71.4100000   -4.9094194380e-04   -7.5055712101e-07    1.8419597740e-03    1.2877284549e-06   -2.6328294954e-03   -4.6405395806e-08    1.0952753797e-03    2.3150096613e-08
  71.4200000   -5.0721481015e-04   -8.1111182082e-07    1.8494037021e-03    1.3014340764e-06   -2.6343192244e-03   -5.1753053656e-08    1.0933336766e-03    2.7686534042e-08
  71.4300000   -5.2238597077e-04   -8.6087009012e-07    1.8578489834e-03    1.2947987510e-06   -2.6357595040e-03   -5.7034588814e-08    1.0914615233e-03    3.2075050497e-08
  71.4400000   -5.3639774179e-04   -8.9925904170e-07    1.8672328194e-03    1.2679196972e-06   -2.6371474372e-03   -6.2207549361e-08    1.0896530934e-03    3.6296969540e-08
  71.4500000   -5.4920449045e-04   -9.2586228463e-07    1.8774807715e-03    1.2212102900e-06   -2.6384803958e-03   -6.7228239240e-08    1.0879022707e-03    4.0334669236e-08
  71.4600000   -5.6077285840e-04   -9.4042022376e-07    1.8885085772e-03    1.1553929015e-06   -2.6397560333e-03   -7.2052074564e-08    1.0862026877e-03    4.4171658960e-08
  71.4700000   -5.7108186108e-04   -9.4282822861e-07    1.9002240494e-03    1.0714869613e-06   -2.6409722961e-03   -7.6633989512e-08    1.0845477629e-03    4.7792626819e-08
  71.4800000   -5.8012286857e-04   -9.3313282972e-07    1.9125290145e-03    9.7079248089e-07   -2.6421274323e-03   -8.0928829047e-08    1.0829307395e-03    5.1183493204e-08
  71.4900000   -5.8789947456e-04   -9.1152618111e-07    1.9253212481e-03    8.5486926270e-07   -2.6432199977e-03   -8.4891778625e-08    1.0813447232e-03    5.4331449332e-08
  71.5000000   -5.9442726072e-04   -8.7833902582e-07    1.9384963692e-03    7.2551222286e-07   -2.6442488607e-03   -8.8478800096e-08    1.0797827207e-03    5.7224981636e-08
  71.5100000   -5.9973346451e-04   -8.3403235083e-07    1.9519496547e-03    5.8472307825e-07   -2.6452132037e-03   -9.1647060267e-08    1.0782376772e-03    5.9853900913e-08
  71.5200000   -6.0385655902e-04   -7.7918802618e-07    1.9655777430e-03    4.3467898829e-07   -2.6461125231e-03   -9.4355381521e-08    1.0767025135e-03    6.2209342911e-08
  71.5300000   -6.0684575349e-04   -7.1449861426e-07    1.9792801953e-03    2.7769851424e-07   -2.6469466265e-03   -9.6564669294e-08    1.0751701621e-03    6.4283773054e-08
  71.5400000   -6.0876042339e-04   -6.4075660533e-07    1.9929608931e-03    1.1620551732e-07   -2.6477156285e-03   -9.8238356211e-08    1.0736336026e-03    6.6070987718e-08
  71.5500000   -6.0966947872e-04   -5.5884329412e-07    2.0065292503e-03   -4.7308488661e-08   -2.6484199435e-03   -9.9342813776e-08    1.0720858954e-03    6.7566097552e-08
  71.5600000   -6.0965067905e-04   -4.6971741091e-07    2.0199012277e-03   -2.1032295934e-07   -2.6490602773e-03   -9.9847761729e-08    1.0705202147e-03    6.8765504695e-08
  71.5700000   -6.0878990322e-04   -3.7440380322e-07    2.0330001410e-03   -3.7032729530e-07   -2.6496376160e-03   -9.9726652559e-08    1.0689298795e-03    6.9666877221e-08
  71.5800000   -6.0718038143e-04   -2.7398216577e-07    2.0457572600e-03   -5.2485961227e-07   -2.6501532142e-03   -9.8957035649e-08    1.0673083832e-03    7.0269126326e-08
  71.5900000   -6.0492189628e-04   -1.6957605389e-07    2.0581121998e-03   -6.7154468703e-07   -2.6506085802e-03   -9.7520895639e-08    1.0656494212e-03    7.0572351124e-08
  71.6000000   -6.0211995919e-04   -6.2342154568e-08    2.0700131141e-03   -8.0813047865e-07   -2.6510054608e-03   -9.5404945060e-08    1.0639469173e-03    7.0577809572e-08
  71.6100000   -5.9888496748e-04    4.6540042078e-08    2.0814166997e-03   -9.3252277255e-07   -2.6513458239e-03   -9.2600905247e-08    1.0621950473e-03    7.0287876183e-08
  71.6200000   -5.9533134679e-04    1.5587822714e-07    2.0922880302e-03   -1.0428172771e-06   -2.6516318405e-03   -8.9105732298e-08    1.0603882610e-03    6.9705983054e-08
  71.6300000   -5.9157668263e-04    2.6447682005e-07    2.1026002373e-03   -1.1373287859e-06   -2.6518658653e-03   -8.4921805678e-08    1.0585213025e-03    6.8836577800e-08
  71.6400000   -5.8774084427e-04    3.7114619269e-07    2.1123340632e-03   -1.2146169590e-06   -2.6520504162e-03   -8.0057069822e-08    1.0565892280e-03    6.7685068530e-08
  71.6500000   -5.8394510327e-04    4.7471155763e-07    2.1214773067e-03   -1.2735082518e-06   -2.6521881534e-03   -7.4525144699e-08    1.0545874211e-03    6.6257771645e-08
  71.6600000   -5.8031124887e-04    5.7402158810e-07    2.1300241907e-03   -1.3131137865e-06   -2.6522818580e-03   -6.8345364521e-08    1.0525116070e-03    6.4561863535e-08
  71.6700000   -5.7696070103e-04    6.6795682042e-07    2.1379746757e-03   -1.3328427568e-06   -2.6523344097e-03   -6.1542788142e-08    1.0503578637e-03    6.2605326015e-08
  71.6800000   -5.7401362258e-04    7.5543792981e-07    2.1453337476e-03   -1.3324112540e-06   -2.6523487647e-03   -5.4148148023e-08    1.0481226318e-03    6.0396895466e-08
  71.6900000   -5.7158803106e-04    8.3543392714e-07    2.1521107018e-03   -1.3118463815e-06   -2.6523279337e-03   -4.6197745371e-08    1.0458027211e-03    5.7946016615e-08
  71.7000000   -5.6979891110e-04    9.0697034610e-07    2.1583184512e-03   -1.2714855154e-06   -2.6522749593e-03   -3.7733312064e-08    1.0433953169e-03    5.5262789097e-08
  71.7100000   -5.6875732808e-04    9.6913747302e-07    2.1639728757e-03   -1.2119708192e-06   -2.6521928948e-03   -2.8801790913e-08    1.0408979828e-03    5.2357935463e-08
  71.7200000   -5.6856954428e-04    1.0210986156e-06    2.1690922343e-03   -1.1342390386e-06   -2.6520847821e-03   -1.9455095747e-08    1.0383086622e-03    4.9242748708e-08
  71.7300000   -5.6933613895e-04    1.0620984942e-06    2.1736966547e-03   -1.0395067305e-06   -2.6519536316e-03   -9.7498111344e-09    1.0356256785e-03    4.5929060285e-08
  71.7400000   -5.7115113466e-04    1.0914716804e-06    2.1778077109e-03   -9.2925118238e-07   -2.6518024017e-03    2.5316553622e-10    1.0328477328e-03    4.2429205271e-08
  71.7500000   -5.7410113257e-04    1.1086510663e-06    2.1814480983e-03   -8.0518732686e-07   -2.6516339801e-03    1.0489008094e-08    1.0299739001e-03    3.8755989251e-08
  71.7600000   -5.7826446058e-04    1.1131763280e-06    2.1846414090e-03   -6.6924091526e-07   -2.6514511653e-03    2.0889403318e-08    1.0270036247e-03    3.4922658371e-08
  71.7700000   -5.8371033896e-04    1.1047022402e-06    2.1874120081e-03   -5.2351851726e-07   -2.6512566498e-03    3.1383023181e-08    1.0239367131e-03    3.0942883569e-08
  71.7800000   -5.9049806935e-04    1.0830067606e-06    2.1897850060e-03   -3.7027465286e-07   -2.6510530045e-03    4.1896032940e-08    1.0207733265e-03    2.6830721018e-08
  71.7900000   -5.9867625393e-04    1.0479987299e-06    2.1917863195e-03   -2.1187665161e-07   -2.6508426639e-03    5.2352640819e-08    1.0175139716e-03    2.2600617455e-08
  71.8000000   -6.0828205272e-04    9.9972499797e-07    2.1934428099e-03   -5.0767783468e-08   -2.6506279136e-03    6.2675659938e-08    1.0141594907e-03    1.8267370570e-08
  71.8100000   -6.1934048817e-04    9.3837679766e-07    2.1947824853e-03    1.1057079220e-07   -2.6504108783e-03    7.2787107379e-08    1.0107110503e-03    1.3846132388e-08
  71.8200000   -6.3186380692e-04    8.6429516025e-07    2.1958347481e-03    2.6965862457e-07   -2.6501935122e-03    8.2608816257e-08    1.0071701294e-03    9.3523851146e-09
  71.8300000   -6.4585090981e-04    7.7797515762e-07    2.1966306711e-03    4.2405459741e-07   -2.6499775902e-03    9.2063062228e-08    1.0035385067e-03    4.8019296360e-09
  71.8400000   -6.6128686192e-04    6.8006867405e-07    2.1972032811e-03    5.7139487977e-07   -2.6497647014e-03    1.0107319872e-07    9.9981824728e-04    2.1088728787e-10
  71.8500000   -6.7814249462e-04    5.7138564338e-07    2.1975878292e-03    7.0942970980e-07   -2.6495562435e-03    1.0956428827e-07    9.9601168903e-04   -4.4043322878e-09
  71.8600000   -6.9637411255e-04    4.5289329762e-07    2.1978220279e-03    8.3605833305e-07   -2.6493534194e-03    1.1746374809e-07    9.9212142800e-04   -9.0270186153e-09
  71.8700000   -7.1592331799e-04    3.2571347107e-07    2.1979462344e-03    9.4936160182e-07   -2.6491572351e-03    1.2470197391e-07    9.8815030406e-04   -1.3640193080e-08
  71.8800000   -7.3671696536e-04    1.9111757858e-07    2.1980035613e-03    1.0476317565e-06   -2.6489684989e-03    1.3121294767e-07    9.8410138596e-04   -1.8226619443e-08
  71.8900000   -7.5866725769e-04    5.0519234366e-08    2.1980398991e-03    1.1293988161e-06   -2.6487878226e-03    1.3693484722e-07    9.7997795634e-04   -2.2768815729e-08
  71.9000000   -7.8167199631e-04   -9.4535656570e-08    2.1981038347e-03    1.1934532851e-06   -2.6486156241e-03    1.4181060611e-07    9.7578349669e-04   -2.7249076269e-08
  71.9100000   -8.0561499376e-04   -2.4238137872e-07    2.1982464568e-03    1.2388646718e-06   -2.6484521309e-03    1.4578846481e-07    9.7152167217e-04   -3.1649510838e-08
  71.9200000   -8.3036665858e-04   -3.9124753282e-07    2.1985210388e-03    1.2649957225e-06   -2.6482973852e-03    1.4882247112e-07    9.6719631656e-04   -3.5952052568e-08
  71.9300000   -8.5578475851e-04   -5.3927672759e-07    2.1989825970e-03    1.2715119017e-06   -2.6481512507e-03    1.5087296051e-07    9.6281141732e-04   -4.0138514533e-08
  71.9400000   -8.8171536684e-04   -6.8454478794e-07    2.1996873243e-03    1.2583861999e-06   -2.6480134195e-03    1.5190696853e-07    9.5837110067e-04   -4.4190612560e-08
  71.9500000   -9.0799399391e-04   -8.2508334421e-07    2.2006919033e-03    1.2258990172e-06   -2.6478834211e-03    1.5189862148e-07    9.5387961695e-04   -4.8090025708e-08
  71.9600000   -9.3444690342e-04   -9.5890454018e-07    2.2020527077e-03    1.1746332233e-06   -2.6477606317e-03    1.5082945633e-07    9.4934132614e-04   -5.1818437829e-08
  71.9700000   -9.6089260961e-04   -1.0840276917e-06    2.2038249064e-03    1.1054644305e-06   -2.6476442844e-03    1.4868869390e-07    9.4476068356e-04   -5.5357607258e-08
  71.9800000   -9.8714354909e-04   -1.1985074920e-06    2.2060614846e-03    1.0195466364e-06   -2.6475334802e-03    1.4547345131e-07    9.4014222583e-04   -5.8689435186e-08
  71.9900000   -1.0130079172e-03   -1.3004634285e-06    2.2088122045e-03    9.1829346372e-07   -2.6474271997e-03    1.4118889643e-07    9.3549055708e-04   -6.1796021281e-08
  72.0000000   -1.0382916555e-03   -1.3881099829e-06    2.2121225276e-03    8.0335528234e-07   -2.6473243148e-03    1.3584833182e-07    9.3081033531e-04   -6.4659766398e-08
  72.0100000   -1.0628005740e-03   -1.4597871212e-06    2.2160325254e-03    6.7659264272e-07   -2.6472236016e-03    1.2947323047e-07    9.2610625903e-04   -6.7263454086e-08
  72.0200000   -1.0863425877e-03   -1.5139905514e-06    2.2205758051e-03    5.4004632308e-07   -2.6471237524e-03    1.2209318915e-07    9.2138305415e-04   -6.9590338808e-08
  72.0300000   -1.1087300448e-03   -1.5494012520e-06    2.2257784813e-03    3.9590457545e-07   -2.6470233885e-03    1.1374582010e-07    9.1664546094e-04   -7.1624248940e-08
  72.0400000   -1.1297821196e-03   -1.5649136907e-06    2.2316582209e-03    2.4646804931e-07   -2.6469210731e-03    1.0447658489e-07    9.1189822123e-04   -7.3349698411e-08
  72.0500000   -1.1493272415e-03   -1.5596621105e-06    2.2382233924e-03    9.4112944153e-08   -2.6468153236e-03    9.4338558015e-08    9.0714606576e-04   -7.4751992794e-08
  72.0600000   -1.1672055285e-03   -1.5330443906e-06    2.2454723470e-03   -5.8746977543e-08   -2.6467046240e-03    8.3392117507e-08    9.0239370161e-04   -7.5817346578e-08
  72.0700000   -1.1832711909e-03   -1.4847428959e-06    2.2533928575e-03   -2.0969897407e-07   -2.6465874367e-03    7.1704591215e-08    8.9764579975e-04   -7.6533005176e-08
  72.0800000   -1.1973948707e-03   -1.4147417551e-06    2.2619617386e-03   -3.5636979068e-07   -2.6464622139e-03    5.9349825970e-08    8.9290698257e-04   -7.6887369296e-08
  72.0900000   -1.2094658800e-03   -1.3233401203e-06    2.2711446704e-03   -4.9646351431e-07   -2.6463274089e-03    4.6407715895e-08    8.8818181155e-04   -7.6870110715e-08
  72.1000000   -1.2193943008e-03   -1.2111609274e-06    2.2808962390e-03   -6.2779805962e-07   -2.6461814862e-03    3.2963652452e-08    8.8347477482e-04   -7.6472305863e-08
  72.1100000   -1.2271129092e-03   -1.0791548327e-06    2.2911602077e-03   -7.4833979902e-07   -2.6460229311e-03    1.9107950142e-08    8.7879027480e-04   -7.5686556086e-08
  72.1200000   -1.2325788886e-03   -9.2859893868e-07    2.3018700248e-03   -8.5623579261e-07   -2.6458502587e-03    4.9352101047e-09    8.7413261565e-04   -7.4507110724e-08
  72.1300000   -1.2357752951e-03   -7.6109014533e-07    2.3129495695e-03   -9.4984297062e-07   -2.6456620224e-03   -9.4563504495e-09    8.6950599082e-04   -7.2929992348e-08
  72.1400000   -1.2367122428e-03   -5.7853295635e-07    2.3243141316e-03   -1.0277539356e-06   -2.6454568203e-03   -2.3965610331e-08    8.6491447039e-04   -7.0953096144e-08
  72.1500000   -1.2354277776e-03   -3.8312172198e-07    2.3358716139e-03   -1.0888189067e-06   -2.6452333025e-03   -3.8489286813e-08    8.6036198839e-04   -6.8576315361e-08
  72.1600000   -1.2319884133e-03   -1.7731736389e-07    2.3475239431e-03   -1.1321633962e-06   -2.6449901761e-03   -5.2922697454e-08    8.5585232999e-04   -6.5801632593e-08
  72.1700000   -1.2264893046e-03    3.6181253789e-08    2.3591686666e-03   -1.1572014529e-06   -2.6447262102e-03   -6.7160553524e-08    8.5138911861e-04   -6.2633213616e-08
  72.1800000   -1.2190540393e-03    2.5447102248e-07    2.3707007081e-03   -1.1636441374e-06   -2.6444402389e-03   -8.1097750987e-08    8.4697580300e-04   -5.9077495147e-08
  72.1900000   -1.2098340343e-03    4.7448300098e-07    2.3820142527e-03   -1.1515031738e-06   -2.6441311649e-03   -9.4630182490e-08    8.4261564420e-04   -5.5143245130e-08
  72.2000000   -1.1990075280e-03    6.9302502854e-07    2.3930047225e-03   -1.1210896548e-06   -2.6437979610e-03   -1.0765554349e-07    8.3831170249e-04   -5.0841629969e-08
  72.2100000   -1.1867781649e-03    9.0682799137e-07    2.4035708066e-03   -1.0730079342e-06   -2.6434396711e-03   -1.2007413485e-07    8.3406682436e-04   -4.6186247461e-08
  72.2200000   -1.1733731768e-03    1.1125950746e-06    2.4136165016e-03   -1.0081446591e-06   -2.6430554106e-03   -1.3178964671e-07    8.2988362953e-04   -4.1193159065e-08
  72.2300000   -1.1590411690e-03    1.3070532571e-06    2.4230531187e-03   -9.2765325665e-07   -2.6426443658e-03   -1.4270993562e-07    8.2576449801e-04   -3.5880899089e-08
  72.2400000   -1.1440495292e-03    1.4870061892e-06    2.4318012136e-03   -8.3293405796e-07   -2.6422057927e-03   -1.5274776407e-07    8.2171155744e-04   -3.0270469261e-08
  72.2500000   -1.1286814805e-03    1.6493876880e-06    2.4397923937e-03   -7.2561045515e-07   -2.6417390149e-03   -1.6182151448e-07    8.1772667048e-04   -2.4385299693e-08
  72.2600000   -1.1132328087e-03    1.7913148286e-06    2.4469709587e-03   -6.0750142023e-07   -2.6412434214e-03   -1.6985586969e-07    8.1381142270e-04   -1.8251220950e-08
  72.2700000   -1.0980082989e-03    1.9101397815e-06    2.4532953341e-03   -4.8059088280e-07   -2.6407184632e-03   -1.7678244867e-07    8.0996711064e-04   -1.1896380759e-08
  72.2800000   -1.0833179225e-03    2.0034993708e-06    2.4587392580e-03   -3.4699452658e-07   -2.6401636502e-03   -1.8254037497e-07    8.0619473054e-04   -5.3511655593e-09
  72.2900000   -1.0694728227e-03    2.0693615509e-06    2.4632926880e-03   -2.0892445453e-07   -2.6395785469e-03   -1.8707683354e-07    8.0249496745e-04    1.3519064355e-09
  72.3000000   -1.0567811482e-03    2.1060677128e-06    2.4669623979e-03   -6.8652407932e-08   -2.6389627686e-03   -1.9034751909e-07    7.9886818515e-04    8.1783213836e-09
  72.3100000   -1.0455437936e-03    2.1123701451e-06    2.4697722424e-03    7.1527893214e-08   -2.6383159772e-03   -1.9231706453e-07    7.9531441676e-04    1.5091718795e-08
  72.3200000   -1.0360501044e-03    2.0874637060e-06    2.4717630711e-03    2.0933863883e-07   -2.6376378760e-03   -1.9295938245e-07    7.9183335620e-04    2.2054058386e-08
  72.3300000   -1.0285736096e-03    2.0310110755e-06    2.4729922837e-03    3.4255543750e-07   -2.6369282061e-03   -1.9225793044e-07    7.8842435073e-04    2.9025814579e-08
  72.3400000   -1.0233678464e-03    1.9431608983e-06    2.4735330239e-03    4.6904376492e-07   -2.6361867414e-03   -1.9020593149e-07    7.8508639445e-04    3.5966191641e-08
  72.3500000   -1.0206623413e-03    1.8245583526e-06    2.4734730168e-03    5.8679381883e-07   -2.6354132843e-03   -1.8680649276e-07    7.8181812314e-04    4.2833340680e-08
  72.3600000   -1.0206588128e-03    1.6763477056e-06    2.4729130656e-03    6.9395313937e-07   -2.6346076617e-03   -1.8207266179e-07    7.7861781029e-04    4.9584622026e-08
  72.3700000   -1.0235276591e-03    1.5001665898e-06    2.4719652269e-03    7.8885646112e-07   -2.6337697211e-03   -1.7602740262e-07    7.7548336468e-04    5.6176854524e-08
  72.3800000   -1.0294047921e-03    1.2981319222e-06    2.4707506958e-03    8.7005238057e-07   -2.6328993271e-03   -1.6870350332e-07    7.7241232935e-04    6.2566604423e-08
  72.3900000   -1.0383888754e-03    1.0728173845e-06    2.4693974365e-03    9.3632621692e-07   -2.6319963580e-03   -1.6014339061e-07    7.6940188230e-04    6.8710470169e-08
  72.4000000   -1.0505390195e-03    8.2722277057e-07    2.4680376020e-03    9.8671896315e-07   -2.6310607035e-03   -1.5039888808e-07    7.6644883890e-04    7.4565382661e-08
  72.4100000   -1.0658729825e-03    5.6473534988e-07    2.4668047916e-03    1.0205416939e-06   -2.6300922623e-03   -1.3953088054e-07    7.6354965603e-04    8.0088915408e-08
  72.4200000   -1.0843659171e-03    2.8908386510e-07    2.4658312017e-03    1.0373855208e-06   -2.6290909402e-03   -1.2760892824e-07    7.6070043823e-04    8.5239609275e-08
  72.4300000   -1.1059496989e-03    4.2856702590e-09    2.4652447260e-03    1.0371267126e-06   -2.6280566495e-03   -1.1471078810e-07    7.5789694569e-04    8.9977280290e-08
  72.4400000   -1.1305128613e-03   -2.8541221487e-07    2.4651660680e-03    1.0199269834e-06   -2.6269893080e-03   -1.0092188756e-07    7.5513460434e-04    9.4263357931e-08
  72.4500000   -1.1579011558e-03   -5.7559727044e-07    2.4657059279e-03    9.8622901771e-07   -2.6258888392e-03   -8.6334731755e-08    7.5240851791e-04    9.8061195925e-08
  72.4600000   -1.1879187440e-03   -8.6175989691e-07    2.4669623254e-03    9.3674721283e-07   -2.6247551732e-03   -7.1048245911e-08    7.4971348223e-04    1.0133639482e-07
  72.4700000   -1.2203300216e-03   -1.1393649899e-06    2.4690181226e-03    8.7245389424e-07   -2.6235882474e-03   -5.5167071718e-08    7.4704400145e-04    1.0405711590e-07
  72.4800000   -1.2548620628e-03   -1.4039255600e-06    2.4719388037e-03    7.9456127007e-07   -2.6223880088e-03   -3.8800813430e-08    7.4439430651e-04    1.0619438501e-07
  72.4900000   -1.2912076622e-03   -1.6510771036e-06    2.4757705697e-03    7.0449931548e-07   -2.6211544158e-03   -2.2063246833e-08    7.4175837572e-04    1.0772238011e-07
  72.5000000   -1.3290289458e-03   -1.8766515520e-06    2.4805387956e-03    6.0389015879e-07   -2.6198874417e-03   -5.0714798733e-09    7.3912995733e-04    1.0861871161e-07
  72.5100000   -1.3679615077e-03   -2.0767494877e-06    2.4862468965e-03    4.9451929071e-07   -2.6185870774e-03    1.2054901254e-08    7.3650259418e-04    1.0886468065e-07
  72.5200000   -1.4076190236e-03   -2.2478093091e-06    2.4928756382e-03    3.7830412327e-07   -2.6172533351e-03    2.9194713181e-08    7.3386965035e-04    1.0844552081e-07
  72.5300000   -1.4475982827e-03   -2.3866721818e-06    2.5003829199e-03    2.5726052181e-07   -2.6158862530e-03    4.6226091381e-08    7.3122433966e-04    1.0735061135e-07
  72.5400000   -1.4874845705e-03   -2.4906414894e-06    2.5087040494e-03    1.3346777385e-07   -2.6144858987e-03    6.3027377155e-08    7.2855975595e-04    1.0557367797e-07
  72.5500000   -1.5268573287e-03   -2.5575357123e-06    2.5177525177e-03    9.0326934385e-09   -2.6130523743e-03    7.9478047631e-08    7.2586890515e-04    1.0311294520e-07
  72.5600000   -1.5652960139e-03   -2.5857336585e-06    2.5274212733e-03   -1.1394655707e-07   -2.6115858209e-03    9.5459606915e-08    7.2314473875e-04    9.9971275539e-08
  72.5700000   -1.6023860685e-03   -2.5742111596e-06    2.5375844824e-03   -2.3341626105e-07   -2.6100864233e-03    1.1085649594e-07    7.2038018877e-04    9.6156280254e-08
  72.5800000   -1.6377249173e-03   -2.5225683859e-06    2.5480997532e-03   -3.4740209170e-07   -2.6085544146e-03    1.2555695365e-07    7.1756820401e-04    9.1680378070e-08
  72.5900000   -1.6709278980e-03   -2.4310471711e-06    2.5588107905e-03   -4.5404231656e-07   -2.6069900808e-03    1.3945387654e-07    7.1470178720e-04    8.6560836076e-08
  72.6000000   -1.7016340353e-03   -2.3005378533e-06    2.5695504366e-03   -5.5161903268e-07   -2.6053937651e-03    1.5244562795e-07    7.1177403320e-04    8.0819763761e-08
  72.6100000   -1.7295115678e-03   -2.1325753117e-06    2.5801440460e-03   -6.3858664963e-07   -2.6037658719e-03    1.6443682282e-07    7.0877816775e-04    7.4484078421e-08
  72.6200000   -1.7542631384e-03   -1.9293240824e-06    2.5904131328e-03   -7.1359723656e-07   -2.6021068703e-03    1.7533904879e-07    7.0570758666e-04    6.7585427862e-08
  72.6300000   -1.7756305639e-03   -1.6935525938e-06    2.6001792196e-03   -7.7552233239e-07   -2.6004172974e-03    1.8507156244e-07    7.0255589526e-04    6.0160069619e-08
  72.6400000   -1.7933991041e-03   -1.4285968037e-06    2.6092678154e-03   -8.2347075764e-07   -2.5986977609e-03    1.9356190494e-07    6.9931694777e-04    5.2248725222e-08
  72.6500000   -1.8074011559e-03   -1.1383136543e-06    2.6175124398e-03   -8.5680224386e-07   -2.5969489410e-03    2.0074646287e-07    6.9598488634e-04    4.3896382211e-08
  72.6600000   -1.8175193071e-03   -8.2702498272e-07    2.6247586114e-03   -8.7513659340e-07   -2.5951715914e-03    2.0657096963e-07    6.9255417966e-04    3.5152064158e-08
  72.6700000   -1.8236886936e-03   -4.9945270241e-07    2.6308677136e-03   -8.7835823498e-07   -2.5933665404e-03    2.1099093742e-07    6.8901966066e-04    2.6068569305e-08
  72.6800000   -1.8258986122e-03   -1.6064618297e-07    2.6357206551e-03   -8.6661610947e-07   -2.5915346897e-03    2.1397199953e-07    6.8537656313e-04    1.6702152072e-08
  72.6900000   -1.8241933534e-03    1.8409694543e-07    2.6392212381e-03   -8.4031896517e-07   -2.5896770139e-03    2.1549019892e-07    6.8162055704e-04    7.1122082367e-09
  72.7000000   -1.8186722303e-03    5.2931543616e-07    2.6412991578e-03   -8.0012607766e-07   -2.5877945579e-03    2.1553217952e-07    6.7774778228e-04   -2.6391100566e-09
  72.7100000   -1.8094887912e-03    8.6947304837e-07    2.6419125568e-03   -7.4693361970e-07   -2.5858884338e-03    2.1409530852e-07    6.7375488040e-04   -1.2487292630e-08
  72.7200000   -1.7968492165e-03    1.1990496637e-06    2.6410500683e-03   -6.8185695564e-07   -2.5839598170e-03    2.1118771326e-07    6.6963902434e-04   -2.2365889586e-08
  72.7300000   -1.7810099149e-03    1.5126334825e-06    2.6387322885e-03   -6.0620915037e-07   -2.5820099413e-03    2.0682823553e-07    6.6539794568e-04   -3.2206977916e-08
  72.7400000   -1.7622743427e-03    1.8050125874e-06    2.6350126296e-03   -5.2147610060e-07   -2.5800400922e-03    2.0104630552e-07    6.6102995936e-04   -4.1941624088e-08
  72.7500000   -1.7409890878e-03    2.0712643565e-06    2.6299775168e-03   -4.2928876803e-07   -2.5780516006e-03    1.9388173633e-07    6.5653398539e-04   -5.1500378448e-08
  72.7600000   -1.7175392679e-03    2.3068411233e-06    2.6237459029e-03   -3.3139296932e-07   -2.5760458346e-03    1.8538443924e-07    6.5190956764e-04   -6.0813789483e-08
  72.7700000   -1.6923433067e-03    2.5076505959e-06    2.6164680910e-03   -2.2961730814e-07   -2.5740241904e-03    1.7561405655e-07    6.4715688918e-04   -6.9812910805e-08
  72.7800000   -1.6658471596e-03    2.6701294810e-06    2.6083238654e-03   -1.2583978838e-07   -2.5719880833e-03    1.6463953351e-07    6.4227678430e-04   -7.8429847425e-08
  72.7900000   -1.6385180732e-03    2.7913090816e-06    2.5995199488e-03   -2.1953785797e-08   -2.5699389365e-03    1.5253860242e-07    6.3727074673e-04   -8.6598262723e-08
  72.8000000   -1.6108379692e-03    2.8688714774e-06    2.5902868139e-03    8.0166165393e-08   -2.5678781705e-03    1.3939721238e-07    6.3214093420e-04   -9.4253921011e-08
  72.8100000   -1.5832965508e-03    2.9011953484e-06    2.5808748970e-03    1.7869798014e-07   -2.5658071911e-03    1.2530889265e-07    6.2689016901e-04   -1.0133521569e-07
  72.8200000   -1.5563842340e-03    2.8873903892e-06    2.5715502684e-03    2.7190453949e-07   -2.5637273772e-03    1.1037405633e-07    6.2152193459e-04   -1.0778366455e-07
  72.8300000   -1.5305850133e-03    2.8273196865e-06    2.5625898317e-03    3.5816453982e-07   -2.5616400680e-03    9.4699258585e-08    6.1604036798e-04   -1.1354442840e-07
  72.8400000   -1.5063693689e-03    2.7216094410e-06    2.5542761344e-03    4.3600105411e-07   -2.5595465500e-03    7.8396395770e-08    6.1045024815e-04   -1.1856678214e-07
  72.8500000   -1.4841873273e-03    2.5716458007e-06    2.5468918795e-03    5.0410739001e-07   -2.5574480438e-03    6.1581878971e-08    6.0475698017e-04   -1.2280458782e-07
  72.8600000   -1.4644617815e-03    2.3795586675e-06    2.5407142420e-03    5.6136972725e-07   -2.5553456910e-03    4.4375763135e-08    5.9896657516e-04   -1.2621670482e-07
  72.8700000   -1.4475821780e-03    2.1481926415e-06    2.5360090947e-03    6.0688612377e-07   -2.5532405408e-03    2.6900856650e-08    5.9308562621e-04   -1.2876741970e-07
  72.8800000   -1.4338986701e-03    1.8810654295e-06    2.5330252575e-03    6.3998166399e-07   -2.5511335372e-03    9.2818003798e-09    5.8712128014e-04   -1.3042679252e-07
  72.8900000   -1.4237168305e-03    1.5823143910e-06    2.5319888844e-03    6.6021934868e-07   -2.5490255062e-03   -8.3558475032e-09    5.8108120533e-04   -1.3117099723e-07
  72.9000000   -1.4172930098e-03    1.2566319604e-06    2.5330981032e-03    6.6740663940e-07   -2.5469171439e-03   -2.5886565303e-08    5.7497355571e-04   -1.3098261664e-07
  72.9100000   -1.4148304161e-03    9.0919098297e-07    2.5365180221e-03    6.6159749538e-07   -2.5448090048e-03   -4.3185779130e-08    5.6880693098e-04   -1.2985086642e-07
  72.9200000   -1.4164759808e-03    5.4556116297e-07    2.5423762113e-03    6.4308995650e-07   -2.5427014912e-03   -6.0130802048e-08    5.6259033343e-04   -1.2777180883e-07
  72.9300000   -1.4223180626e-03    1.7161802160e-07    2.5507587640e-03    6.1241916298e-07   -2.5405948435e-03   -7.6601732618e-08    5.5633312134e-04   -1.2474849293e-07
  72.9400000   -1.4323850307e-03   -2.0655416043e-07    2.5617070309e-03    5.7034618174e-07   -2.5384891310e-03   -9.2482343634e-08    5.5004495934e-04   -1.2079105121e-07
  72.9500000   -1.4466447518e-03   -5.8276375221e-07    2.5752151111e-03    5.1784259862e-07   -2.5363842450e-03   -1.0766094568e-07    5.4373576597e-04   -1.1591674234e-07
  72.9600000   -1.4650049926e-03   -9.5081581330e-07    2.5912281716e-03    4.5607136511e-07   -2.5342798917e-03   -1.2203119756e-07    5.3741565871e-04   -1.1014992391e-07
  72.9700000   -1.4873147356e-03   -1.3046169850e-06    2.6096416518e-03    3.8636414062e-07   -2.5321755878e-03   -1.3549289192e-07    5.3109489676e-04   -1.0352200239e-07
  72.9800000   -1.5133663893e-03   -1.6382793888e-06    2.6303013946e-03    3.1019559233e-07   -2.5300706567e-03   -1.4795268343e-07    5.2478382197e-04   -9.6071289598e-08
  72.9900000   -1.5428988611e-03   -1.9462217381e-06    2.6530047275e-03    2.2915508208e-07   -2.5279642269e-03   -1.5932476631e-07    5.1849279821e-04   -8.7842828679e-08
  73.0000000   -1.5756014467e-03   -2.2232658640e-06    2.6775025017e-03    1.4491630520e-07   -2.5258552316e-03   -1.6953149273e-07    5.1223214954e-04   -7.8888151320e-08
  73.0100000   -1.6111184769e-03   -2.4647269629e-06    2.7035020762e-03    5.9205427393e-08   -2.5237424102e-03   -1.7850392617e-07    5.0601209767e-04   -6.9264984723e-08
  73.0200000   -1.6490546494e-03   -2.6664958900e-06    2.7306712176e-03   -2.6231755709e-08   -2.5216243114e-03   -1.8618233714e-07    4.9984269893e-04   -5.9036905260e-08
  73.0300000   -1.6889809629e-03   -2.8251120815e-06    2.7586428670e-03   -1.0966294583e-07   -2.5194992984e-03   -1.9251660794e-07    4.9373378133e-04   -4.8272936574e-08
  73.0400000   -1.7304411606e-03   -2.9378257165e-06    2.7870207068e-03   -1.8940223336e-07   -2.5173655554e-03   -1.9746658628e-07    4.8769488198e-04   -3.7047103334e-08
  73.0500000   -1.7729585823e-03   -3.0026479697e-06    2.8153854452e-03   -2.6384208777e-07   -2.5152210966e-03   -2.0100234974e-07    4.8173518539e-04   -2.5437933947e-08
  73.0600000   -1.8160433160e-03   -3.0183883979e-06    2.8433017183e-03   -3.3148393700e-07   -2.5130637760e-03   -2.0310438635e-07    4.7586346304e-04   -1.3527924193e-08
  73.0700000   -1.8591995374e-03   -2.9846787614e-06    2.8703254978e-03   -3.9096668079e-07   -2.5108913000e-03   -2.0376371370e-07    4.7008801453e-04   -1.4029579773e-09
  73.0800000   -1.9019329200e-03   -2.9019827359e-06    2.8960118787e-03   -4.4109268193e-07   -2.5087012408e-03   -2.0298190349e-07    4.6441661096e-04    1.0848304612e-08
  73.0900000   -1.9437580000e-03   -2.7715912509e-06    2.9199231094e-03   -4.8085075881e-07   -2.5064910516e-03   -2.0077102535e-07    4.5885644067e-04    2.3135081894e-08
  73.1000000   -1.9842053791e-03   -2.5956035348e-06    2.9416367233e-03   -5.0943569397e-07   -2.5042580839e-03   -1.9715352808e-07    4.5341405793e-04    3.5365122708e-08
  73.1100000   -2.0228286509e-03   -2.3768940094e-06    2.9607536232e-03   -5.2626399298e-07   -2.5019996057e-03   -1.9216201833e-07    4.4809533490e-04    4.7445426887e-08
  73.1200000   -2.0592109432e-03   -2.1190656280e-06    2.9769059662e-03   -5.3098541883e-07   -2.4997128204e-03   -1.8583898777e-07    4.4290541722e-04    5.9282931057e-08
  73.1300000   -2.0929709733e-03   -1.8263903561e-06    2.9897646986e-03   -5.2349038227e-07   -2.4973948886e-03   -1.7823644394e-07    4.3784868351e-04    7.0785247835e-08
  73.1400000   -2.1237685210e-03   -1.5037377995e-06    2.9990465936e-03   -5.0391264801e-07   -2.4950429485e-03   -1.6941549051e-07    4.3292870933e-04    8.1861377715e-08
  73.1500000   -2.1513092363e-03   -1.1564931779e-06    3.0045206496e-03   -4.7262767061e-07   -2.4926541397e-03   -1.5944582162e-07    4.2814823555e-04    9.2422450476e-08
  73.1600000   -2.1753487068e-03   -7.9046599067e-07    3.0060137165e-03   -4.3024628872e-07   -2.4902256254e-03   -1.4840517706e-07    4.2350914173e-04    1.0238242734e-07
  73.1700000   -2.1956957250e-03   -4.1179103791e-07    3.0034152293e-03   -3.7760407894e-07   -2.4877546166e-03   -1.3637870609e-07    4.1901242458e-04    1.1165882809e-07
  73.1800000   -2.2122147065e-03   -2.6823413523e-08    2.9966809403e-03   -3.1574638298e-07   -2.4852383957e-03   -1.2345831499e-07    4.1465818175e-04    1.2017340419e-07
  73.1900000   -2.2248272259e-03    3.5797063190e-07    2.9858355596e-03   -2.4590939566e-07   -2.4826743410e-03   -1.0974193865e-07    4.1044560113e-04    1.2785281726e-07
  73.2000000   -2.2335126511e-03    7.3612507403e-07    2.9709742316e-03   -1.6949757712e-07   -2.4800599501e-03   -9.5332777585e-08    4.0637295583e-04    1.3462926579e-07
  73.2100000   -2.2383078723e-03    1.1012857859e-06    2.9522627920e-03   -8.8057754855e-08   -2.4773928636e-03   -8.0338511708e-08    4.0243760489e-04    1.4044109517e-07
  73.2200000   -2.2393061349e-03    1.4473204988e-06    2.9299367772e-03   -3.2504921062e-09   -2.4746708884e-03   -6.4870463582e-08    3.9863599980e-04    1.4523335438e-07
  73.2300000   -2.2366550039e-03    1.7684251056e-06    2.9042991737e-03    8.3180939499e-08   -2.4718920194e-03   -4.9042750934e-08    3.9496369701e-04    1.4895831115e-07
  73.2400000   -2.2305534962e-03    2.0592243993e-06    2.8757169227e-03    1.6944325958e-07   -2.4690544614e-03   -3.2971421497e-08    3.9141537611e-04    1.5157591611e-07
  73.2500000   -2.2212484370e-03    2.3148654787e-06    2.8446162152e-03    2.5372709868e-07   -2.4661566487e-03   -1.6773578257e-08    3.8798486401e-04    1.5305421908e-07
  73.2600000   -2.2090301031e-03    2.5311020465e-06    2.8114766373e-03    3.3424139848e-07   -2.4631972643e-03   -5.6649258702e-10    3.8466516466e-04    1.5336972154e-07
  73.2700000   -2.1942272308e-03    2.7043681762e-06    2.7768242473e-03    4.0924782834e-07   -2.4601752567e-03    1.5533265874e-08    3.8144849450e-04    1.5250765472e-07
  73.2800000   -2.1772014749e-03    2.8318401647e-06    2.7412236846e-03    4.7709439905e-07   -2.4570898555e-03    3.1410691333e-08    3.7832632326e-04    1.5046221851e-07
  73.2900000   -2.1583414143e-03    2.9114853194e-06    2.7052694354e-03    5.3624782953e-07   -2.4539405850e-03    4.6953200086e-08    3.7528942002e-04    1.4723672643e-07
  73.3000000   -2.1380562044e-03    2.9420968295e-06    2.6695763904e-03    5.8532393301e-07   -2.4507272759e-03    6.2051449395e-08    3.7232790415e-04    1.4284369897e-07
  73.3100000   -2.1167689851e-03    2.9233140257e-06    2.6347698504e-03    6.2311556098e-07   -2.4474500738e-03    7.6600129441e-08    3.6943130109e-04    1.3730487022e-07
  73.3200000   -2.0949101528e-03    2.8556277221e-06    2.6014751446e-03    6.4861748462e-07   -2.4441094472e-03    9.0498733018e-08    3.6658860235e-04    1.3065113730e-07
  73.3300000   -2.0729106086e-03    2.7403704173e-06    2.5703070409e-03    6.6104780947e-07   -2.4407061912e-03    1.0365226260e-07    3.6378832965e-04    1.2292241635e-07
  73.3400000   -2.0511950921e-03    2.5796916433e-06    2.5418591280e-03    6.5986546684e-07   -2.4372414298e-03    1.1597190965e-07    3.6101860260e-04    1.1416744811e-07
  73.3500000   -2.0301757101e-03    2.3765188204e-06    2.5166933586e-03    6.4478343128e-07   -2.4337166155e-03    1.2737567004e-07    3.5826720974e-04    1.0444350851e-07
  73.3600000   -2.0102457635e-03    2.1345043374e-06    2.4953299368e-03    6.1577744927e-07   -2.4301335258e-03    1.3778891136e-07    3.5552168222e-04    9.3816067862e-08
  73.3700000   -1.9917739691e-03    1.8579598078e-06    2.4782377372e-03    5.7308996382e-07   -2.4264942575e-03    1.4714487245e-07    3.5276936995e-04    8.2358362679e-08
  73.3800000   -1.9750991685e-03    1.5517787246e-06    2.4658254278e-03    5.1722924783e-07   -2.4228012182e-03    1.5538511164e-07    3.4999751951e-04    7.0150917345e-08
  73.3900000   -1.9605256022e-03    1.2213488441e-06    2.4584334670e-03    4.4896363284e-07   -2.4190571150e-03    1.6245987508e-07    3.4719335354e-04    5.7280989666e-08
  73.4000000   -1.9483188219e-03    8.7245598251e-07    2.4563271258e-03    3.6931093967e-07   -2.4152649409e-03    1.6832840138e-07    3.4434415082e-04    4.3841966034e-08
  73.4100000   -1.9387022979e-03    5.1118091832e-07    2.4596906746e-03    2.7952321127e-07   -2.4114279587e-03    1.7295916343e-07    3.4143732681e-04    2.9932685456e-08
  73.4200000   -1.9318547694e-03    1.4379124510e-07    2.4686228515e-03    1.8106704595e-07   -2.4075496821e-03    1.7633002167e-07    3.3846051390e-04    1.5656733113e-08
  73.4300000   -1.9279083692e-03   -2.2336976165e-07    2.4831337114e-03    7.5599776834e-08   -2.4036338548e-03    1.7842832211e-07    3.3540164096e-04    1.1216725449e-09
  73.4400000   -1.9269475445e-03   -5.8399536351e-07    2.5031429299e-03   -3.5058043890e-08   -2.3996844274e-03    1.7925090641e-07    3.3224901165e-04   -1.3561759863e-08
  73.4500000   -1.9290087779e-03   -9.3192652775e-07    2.5284796119e-03   -1.4895348110e-07   -2.3957055321e-03    1.7880406193e-07    3.2899138086e-04   -2.8280482593e-08
  73.4600000   -1.9340811009e-03   -1.2612601008e-06    2.5588836286e-03   -2.6403478798e-07   -2.3917014559e-03    1.7710339093e-07    3.2561802886e-04   -4.2919950589e-08
  73.4700000   -1.9421073789e-03   -1.5664519983e-06    2.5940084814e-03   -3.7818720380e-07   -2.3876766116e-03    1.7417361707e-07    3.2211883268e-04   -5.7365030161e-08
  73.4800000   -1.9529863331e-03   -1.8424135453e-06    2.6334256620e-03   -4.8927028043e-07   -2.3836355079e-03    1.7004831475e-07    3.1848433408e-04   -7.1500906092e-08
  73.4900000   -1.9665752514e-03   -2.0845993027e-06    2.6766304540e-03   -5.9515621879e-07   -2.3795827177e-03    1.6476958013e-07    3.1470580375e-04   -8.5213988426e-08
  73.5000000   -1.9826933325e-03   -2.2890847141e-06    2.7230490936e-03   -6.9376830990e-07   -2.3755228464e-03    1.5838764463e-07    3.1077530130e-04   -9.8392824856e-08
  73.5100000   -2.0011255921e-03   -2.4526322896e-06    2.7720471830e-03   -7.8311911194e-07   -2.3714604979e-03    1.5096041521e-07    3.0668573053e-04   -1.1092900117e-07
  73.5200000   -2.0216272564e-03   -2.5727451392e-06    2.8229392267e-03   -8.6134738561e-07   -2.3674002416e-03    1.4255297206e-07    3.0243088959e-04   -1.2271802793e-07
  73.5300000   -2.0439285580e-03   -2.6477068701e-06    2.8749991392e-03   -9.2675337653e-07   -2.3633465786e-03    1.3323700885e-07    2.9800551575e-04   -1.3366021137e-07
  73.5400000   -2.0677398428e-03   -2.6766073159e-06    2.9274715591e-03   -9.7783164758e-07   -2.3593039075e-03    1.2309023010e-07    2.9340532439e-04   -1.4366148032e-07
  73.5500000   -2.0927568945e-03   -2.6593535520e-06    2.9795837819e-03   -1.0133009027e-06   -2.3552764913e-03    1.1219571700e-07    2.8862704179e-04   -1.5263420301e-07
  73.5600000   -2.1186663809e-03   -2.5966661505e-06    3.0305581161e-03   -1.0321302340e-06   -2.3512684242e-03    1.0064123426e-07    2.8366843179e-04   -1.6049793407e-07
  73.5700000   -2.1451513219e-03   -2.4900608153e-06    3.0796244571e-03   -1.0335613121e-06   -2.3472836000e-03    8.8518531947e-08    2.7852831568e-04   -1.6718011904e-07
  73.5800000   -2.1718964857e-03   -2.3418157357e-06    3.1260328676e-03   -1.0171261114e-06   -2.3433256808e-03    7.5922612168e-08    2.7320658549e-04   -1.7261676996e-07
  73.5900000   -2.1985936187e-03   -2.1549254227e-06    3.1690659506e-03   -9.8265976543e-07   -2.3393980679e-03    6.2950973913e-08    2.6770421044e-04   -1.7675302862e-07
  73.6000000   -2.2249464192e-03   -1.9330418908e-06    3.2080508040e-03   -9.3030827317e-07   -2.3355038733e-03    4.9702855903e-08    2.6202323633e-04   -1.7954371029e-07
  73.6100000   -2.2506751746e-03   -1.6804043161e-06    3.2423703536e-03   -8.6053096966e-07   -2.3316458945e-03    3.6278468850e-08    2.5616677806e-04   -1.8095375277e-07
  73.6200000   -2.2755209834e-03   -1.4017585709e-06    3.2714738658e-03   -7.7409749597e-07   -2.3278265898e-03    2.2778221411e-08    2.5013900517e-04   -1.8095859463e-07
  73.6300000   -2.2992494986e-03   -1.1022681055e-06    3.2948864582e-03   -6.7207941740e-07   -2.3240480572e-03    9.3019616261e-09    2.4394512044e-04   -1.7954446635e-07
  73.6400000   -2.3216541330e-03   -7.8741795417e-07    3.3122174410e-03   -5.5583649751e-07   -2.3203120152e-03   -4.0517759193e-09    2.3759133169e-04   -1.7670861489e-07
  73.6500000   -2.3425586820e-03   -4.6291354532e-07    3.3231673398e-03   -4.2699781297e-07   -2.3166197862e-03   -1.7186498953e-08    2.3108481697e-04   -1.7245942736e-07
  73.6600000   -2.3618193288e-03   -1.3457628271e-07    3.3275334751e-03   -2.8743800497e-07   -2.3129722829e-03   -3.0008471532e-08    2.2443368329e-04   -1.6681647007e-07
  73.6700000   -2.3793260088e-03    1.9176217976e-07    3.3252139942e-03   -1.3924903355e-07   -2.3093699981e-03   -4.2427394714e-08    2.1764691908e-04   -1.5981044205e-07
  73.6800000   -2.3950031240e-03    5.1036503424e-07    3.3162102814e-03    1.5292187601e-08   -2.3058129963e-03   -5.4357054906e-08    2.1073434084e-04   -1.5148304283e-07
  73.6900000   -2.4088096067e-03    8.1569286449e-07    3.3006276949e-03    1.7375971210e-07   -2.3023009102e-03   -6.5715935043e-08    2.0370653408e-04   -1.4188674480e-07
  73.7000000   -2.4207383489e-03    1.1025017547e-06    3.2786746120e-03    3.3361740207e-07   -2.2988329385e-03   -7.6427778416e-08    1.9657478917e-04   -1.3108447661e-07
  73.7100000   -2.4308150208e-03    1.3659352433e-06    3.2506597877e-03    4.9226025102e-07   -2.2954078488e-03   -8.6422114390e-08    1.8935103220e-04   -1.1914923369e-07
  73.7200000   -2.4390963148e-03    1.6016083535e-06    3.2169880658e-03    6.4705725120e-07   -2.2920239822e-03   -9.5634724841e-08    1.8204775164e-04   -1.0616358172e-07
  73.7300000   -2.4456676619e-03    1.8056823844e-06    3.1781545053e-03    7.9539531512e-07   -2.2886792622e-03   -1.0400806680e-07    1.7467792096e-04   -9.2219101096e-08
  73.7400000   -2.4506404752e-03    1.9749290042e-06    3.1347370141e-03    9.3472337634e-07   -2.2853712059e-03   -1.1149163135e-07    1.6725491788e-04   -7.7415746808e-08
  73.7500000   -2.4541489841e-03    2.1067826303e-06    3.0873876079e-03    1.0625959721e-06   -2.2820969392e-03   -1.1804224721e-07    1.5979244076e-04   -6.1861134941e-08
  73.7600000   -2.4563467291e-03    2.1993801860e-06    3.0368224332e-03    1.1767155812e-06   -2.2788532145e-03   -1.2362432503e-07    1.5230442261e-04   -4.5669752943e-08
  73.7700000   -2.4574027918e-03    2.2515876276e-06    2.9838107174e-03    1.2749729285e-06   -2.2756364308e-03   -1.2821003649e-07    1.4480494335e-04   -2.8962133646e-08
  73.7800000   -2.4574978396e-03    2.2630128398e-06    2.9291628257e-03    1.3554846370e-06   -2.2724426578e-03   -1.3177944387e-07    1.3730814090e-04   -1.1863945703e-08
  73.7900000   -2.4568200663e-03    2.2340047874e-06    2.8737176189e-03    1.4166275056e-06   -2.2692676612e-03   -1.3432054669e-07    1.2982812154e-04    5.4949478201e-09
  73.8000000   -2.4555611089e-03    2.1656390634e-06    2.8183293209e-03    1.4570687955e-06   -2.2661069315e-03   -1.3582928495e-07    1.2237887042e-04    2.2981480514e-08
  73.8100000   -2.4539120228e-03    2.0596902013e-06    2.7638541096e-03    1.4757920695e-06   -2.2629557141e-03   -1.3630947056e-07    1.1497416251e-04    4.0460401915e-08
  73.8200000   -2.4520593927e-03    1.9185914290e-06    2.7111366524e-03    1.4721180033e-06   -2.2598090416e-03   -1.3577266222e-07    1.0762747480e-04    5.7795325442e-08
  73.8300000   -2.4501816534e-03    1.7453826568e-06    2.6609968065e-03    1.4457198092e-06   -2.2566617684e-03   -1.3423798488e-07    1.0035190024e-04    7.4849795089e-08
  73.8400000   -2.4484456899e-03    1.5436478856e-06    2.6142167027e-03    1.3966330146e-06   -2.2535086054e-03   -1.3173187913e-07    9.3160063968e-05    9.1488361917e-08
  73.8500000   -2.4470037795e-03    1.3174432028e-06    2.5715284230e-03    1.3252593211e-06   -2.2503441572e-03   -1.2828782059e-07    8.6064042536e-05    1.0757765449e-07
  73.8600000   -2.4459909290e-03    1.0712168352e-06    2.5336024744e-03    1.2323644428e-06   -2.2471629594e-03   -1.2394596210e-07    7.9075286464e-05    1.2298746192e-07
  73.8700000   -2.4455226543e-03    8.0972286395e-07    2.5010372450e-03    1.1190699550e-06   -2.2439595166e-03   -1.1875274840e-07    7.2204546820e-05    1.3759176563e-07
  73.8800000   -2.4456932391e-03    5.3793024494e-07    2.4743496160e-03    9.8683916086e-07   -2.2407283410e-03   -1.1276047371e-07    6.5461806253e-05    1.5126978343e-07
  73.8900000   -2.4465744975e-03    2.6092886603e-07    2.4539668767e-03    8.3745724390e-07   -2.2374639902e-03   -1.0602681230e-07    5.8856214905e-05    1.6390695269e-07
  73.9000000   -2.4482150583e-03   -1.6165520332e-08    2.4402200741e-03    6.7300590754e-07   -2.2341611061e-03   -9.8614287715e-08    5.2396031725e-05    1.7539589248e-07
  73.9100000   -2.4506401754e-03   -2.8830573273e-07    2.4333389024e-03    4.9583297258e-07   -2.2308144513e-03   -9.0589750280e-08    4.6088571511e-05    1.8563729781e-07
  73.9200000   -2.4538520587e-03   -5.5060523691e-07    2.4334482088e-03    3.0851731519e-07   -2.2274189467e-03   -8.2023785738e-08    3.9940158063e-05    1.9454079568e-07
  73.9300000   -2.4578307102e-03   -7.9842607727e-07    2.4405661698e-03    1.1382975989e-07   -2.2239697062e-03   -7.2990136338e-08    3.3956083754e-05    2.0202571790e-07
  73.9400000   -2.4625352386e-03   -1.0274611609e-06    2.4546041610e-03   -8.5309580124e-08   -2.2204620707e-03   -6.3565077085e-08    2.8140575824e-05    2.0802181024e-07
  73.9500000   -2.4679056179e-03   -1.2338093519e-06    2.4753683162e-03   -2.8587672784e-07   -2.2168916409e-03   -5.3826804951e-08    2.2496769586e-05    2.1246987783e-07
  73.9600000   -2.4738648452e-03   -1.4140421142e-06    2.5025627440e-03   -4.8479128107e-07   -2.2132543071e-03   -4.3854795227e-08    1.7026688729e-05    2.1532232142e-07
  73.9700000   -2.4803214453e-03   -1.5652605030e-06    2.5357943417e-03   -6.7896519267e-07   -2.2095462777e-03   -3.3729182473e-08    1.1731232905e-05    2.1654361320e-07
  73.9800000   -2.4871722654e-03   -1.6851415934e-06    2.5745791228e-03   -8.6535201634e-07   -2.2057641047e-03   -2.3530120609e-08    6.6101726011e-06    2.1611065175e-07
  73.9900000   -2.4943054935e-03   -1.7719736121e-06    2.6183499468e-03   -1.0409959167e-06   -2.2019047075e-03   -1.3337166403e-08    1.6621514120e-06    2.1401304948e-07
  74.0000000   -2.5016038342e-03   -1.8246792418e-06    2.6664655217e-03   -1.2030794998e-06   -2.1979653931e-03   -3.2286724082e-09   -3.1153043790e-06    2.1025330588e-07
  74.0100000   -2.5089477699e-03   -1.8428268200e-06    2.7182205239e-03   -1.3489698952e-06   -2.1939438736e-03    6.7188084464e-09   -7.7257689057e-06    2.0484687481e-07
  74.0200000   -2.5162188354e-03   -1.8266294017e-06    2.7728566693e-03   -1.4762620701e-06   -2.1898382815e-03    1.6431092123e-08   -1.2173892688e-05    1.9782214269e-07
  74.0300000   -2.5233028340e-03   -1.7769318327e-06    2.8295745511e-03   -1.5828188301e-06   -2.1856471807e-03    2.5836907870e-08   -1.6465371552e-05    1.8922029675e-07
  74.0400000   -2.5300929248e-03   -1.6951862705e-06    2.8875460483e-03   -1.6668067925e-06   -2.1813695756e-03    3.4868407466e-08   -2.0606908826e-05    1.7909509956e-07
  74.0500000   -2.5364925123e-03   -1.5834167743e-06    2.9459271053e-03   -1.7267276870e-06   -2.1770049158e-03    4.3461654201e-08   -2.4606170940e-05    1.6751253599e-07
  74.0600000   -2.5424178774e-03   -1.4441737133e-06    3.0038706745e-03   -1.7614445020e-06   -2.1725530988e-03    5.1557057073e-08   -2.8471736842e-05    1.5455040657e-07
  74.0700000   -2.5478004898e-03   -1.2804790679e-06    3.0605396140e-03   -1.7702020908e-06   -2.1680144684e-03    5.9099785159e-08   -3.2213041499e-05    1.4029777695e-07
  74.0800000   -2.5525889538e-03   -1.0957637391e-06    3.1151193381e-03   -1.7526416428e-06   -2.1633898106e-03    6.6040115878e-08   -3.5840313893e-05    1.2485436685e-07
  74.0900000   -2.5567505418e-03   -8.9379813534e-07    3.1668300188e-03   -1.7088090448e-06   -2.1586803466e-03    7.2333765587e-08   -3.9364509959e-05    1.0832983808e-07
  74.1000000   -2.5602722840e-03   -6.7861745502e-07    3.2149381527e-03   -1.6391567859e-06   -2.1538877216e-03    7.7942146727e-08   -4.2797240868e-05    9.0842996877e-08
  74.1100000   -2.5631615871e-03   -4.5444309864e-07    3.2587673147e-03   -1.5445393922e-06   -2.1490139924e-03    8.2832598699e-08   -4.6150697180e-05    7.2520935535e-08
  74.1200000   -2.5654463694e-03   -2.2560177507e-07    3.2977079363e-03   -1.4262024949e-06   -2.1440616108e-03    8.6978553074e-08   -4.9437569365e-05    5.3498068335e-08
  74.1300000   -2.5671747055e-03    3.5562057368e-09    3.3312259671e-03   -1.2857655572e-06   -2.1390334049e-03    9.0359659565e-08   -5.2670965235e-05    3.3915151156e-08
  74.1400000   -2.5684139878e-03    2.2873790158e-07    3.3588702906e-03   -1.1251986876e-06   -2.1339325581e-03    9.2961855964e-08   -5.5864324815e-05    1.3918200846e-08
  74.1500000   -2.5692496198e-03    4.4578646334e-07    3.3802787967e-03   -9.4679375989e-07   -2.1287625856e-03    9.4777389990e-08   -5.9031333278e-05   -6.3426017756e-09
  74.1600000   -2.5697832682e-03    6.5075623118e-07    3.3951830289e-03   -7.5313031364e-07   -2.1235273090e-03    9.5804790201e-08   -6.2185832493e-05   -2.6714070417e-08
  74.1700000   -2.5701307068e-03    8.3998284326e-07    3.4034113508e-03   -5.4703677299e-07   -2.1182308286e-03    9.6048787610e-08   -6.5341731780e-05   -4.7041187617e-08
  74.1800000   -2.5704192984e-03    1.0101471143e-06    3.4048906003e-03   -3.3154762866e-07   -2.1128774946e-03    9.5520194662e-08   -6.8512918479e-05   -6.7168310488e-08
  74.1900000   -2.5707851657e-03    1.1583316459e-06    3.3996462263e-03   -1.0985718756e-07   -2.1074718770e-03    9.4235727636e-08   -7.1713168920e-05   -8.6940374462e-08
  74.2000000   -2.5713701094e-03    1.2820691997e-06    3.3878009247e-03    1.1472928488e-07   -2.1020187337e-03    9.2217798283e-08   -7.4956060408e-05   -1.0620411984e-07
  74.2100000   -2.5723183389e-03    1.3793820811e-06    3.3695718158e-03    3.3884646814e-07   -2.0965229782e-03    8.9494253648e-08   -7.8254884768e-05   -1.2480929185e-07
  74.2200000   -2.5737730838e-03    1.4488119469e-06    3.3452662275e-03    5.5912081104e-07   -2.0909896468e-03    8.6098084534e-08   -8.1622564065e-05   -1.4260983075e-07
  74.2300000   -2.5758731588e-03    1.4894396275e-06    3.3152761699e-03    7.7222273027e-07   -2.0854238650e-03    8.2067085191e-08   -8.5071569025e-05   -1.5946504283e-07
  74.2400000   -2.5787495541e-03    1.5008947660e-06    3.2800716057e-03    9.7491823098e-07   -2.0798308140e-03    7.7443498735e-08   -8.8613840687e-05   -1.7524071504e-07
  74.2500000   -2.5825221260e-03    1.4833552597e-06    3.2401926395e-03    1.1641191138e-06   -2.0742156975e-03    7.2273613379e-08   -9.2260715839e-05   -1.8981021038e-07
  74.2600000   -2.5872964607e-03    1.4375366192e-06    3.1962407626e-03    1.3369310608e-06   -2.0685837088e-03    6.6607346219e-08   -9.6022856637e-05   -2.0305548816e-07
  74.2700000   -2.5931609782e-03    1.3646716817e-06    3.1488693032e-03    1.4906987591e-06   -2.0629399980e-03    6.0497797658e-08   -9.9910184980e-05   -2.1486806965e-07
  74.2800000   -2.6001843443e-03    1.2664811269e-06    3.0987732429e-03    1.6230473709e-06   -2.0572896408e-03    5.4000790874e-08   -1.0393182195e-04   -2.2514993546e-07
  74.2900000   -2.6084132484e-03    1.1451355136e-06    3.0466785640e-03    1.7319197272e-06   -2.0516376083e-03    4.7174390193e-08   -1.0809603272e-04   -2.3381433597e-07
  74.3000000   -2.6178706006e-03    1.0032096137e-06    2.9933313013e-03    1.8156085809e-06   -2.0459887372e-03    4.0078417186e-08   -1.1241017740e-04   -2.4078653065e-07
  74.3100000   -2.6285541926e-03    8.4363004669e-07    2.9394864687e-03    1.8727835115e-06   -2.0403477024e-03    3.2773955506e-08   -1.1688066784e-04   -2.4600442032e-07
  74.3200000   -2.6404358583e-03    6.6961723722e-07    2.8858970320e-03    1.9025119613e-06   -2.0347189911e-03    2.5322848438e-08   -1.2151293105e-04   -2.4941910185e-07
  74.3300000   -2.6534611602e-03    4.8462281770e-07    2.8333030954e-03    1.9042741398e-06   -2.0291068780e-03    1.7787206474e-08   -1.2631137903e-04   -2.5099529265e-07
  74.3400000   -2.6675496177e-03    2.9226369755e-07    2.7824214599e-03    1.8779715062e-06   -2.0235154031e-03    1.0228911915e-08   -1.3127938549e-04   -2.5071168004e-07
  74.3500000   -2.6825954817e-03    9.6254052485e-08    2.7339357056e-03    1.8239288159e-06   -2.0179483514e-03    2.7091347828e-09   -1.3641926941e-04   -2.4856114839e-07
  74.3600000   -2.6984690503e-03   -9.9663562059e-08    2.6884869362e-03    1.7428895277e-06   -2.0124092346e-03   -4.7121363979e-09   -1.4173228567e-04   -2.4455088755e-07
  74.3700000   -2.7150185076e-03   -2.9178669271e-07    2.6466653123e-03    1.6360048005e-06   -2.0069012745e-03   -1.1976549804e-08   -1.4721862254e-04   -2.3870240594e-07
  74.3800000   -2.7320722597e-03   -4.7651981728e-07    2.6090024824e-03    1.5048162089e-06   -2.0014273901e-03   -1.9027828206e-08   -1.5287740625e-04   -2.3105141465e-07
  74.3900000   -2.7494417287e-03   -6.5043843275e-07    2.5759650073e-03    1.3512323869e-06   -1.9959901853e-03   -2.5812183247e-08   -1.5870671244e-04   -2.2164761617e-07
  74.4000000   -2.7669245569e-03   -8.1034923514e-07    2.5479488540e-03    1.1775001027e-06   -1.9905919401e-03   -3.2278702026e-08   -1.6470358437e-04   -2.1055436178e-07
  74.4100000   -2.7843081670e-03   -9.5334538205e-07    2.5252750162e-03    9.8617012951e-07   -1.9852346032e-03   -3.8379706875e-08   -1.7086405783e-04   -1.9784822048e-07
  74.4200000   -2.8013736100e-03   -1.0768559826e-06    2.5081863013e-03    7.8005844538e-07   -1.9799197881e-03   -4.4071089989e-08   -1.7718319240e-04   -1.8361842742e-07
  74.4300000   -2.8178996350e-03   -1.1786889850e-06    2.4968453045e-03    5.6220344969e-07   -1.9746487698e-03   -4.9312608921e-08   -1.8365510892e-04   -1.6796623119e-07
  74.4400000   -2.8336669000e-03   -1.2570668185e-06    2.4913335732e-03    3.3581980888e-07   -1.9694224854e-03   -5.4068153503e-08   -1.9027303287e-04   -1.5100416334e-07
  74.4500000   -2.8484622470e-03   -1.3106542700e-06    2.4916519401e-03    1.0424963121e-07   -1.9642415353e-03   -5.8305963955e-08   -1.9702934327e-04   -1.3285518906e-07
  74.4600000   -2.8620829565e-03   -1.3385782114e-06    2.4977219956e-03   -1.2908814303e-07   -1.9591061873e-03   -6.1998835430e-08   -2.0391562683e-04   -1.1365178793e-07
  74.4700000   -2.8743408988e-03   -1.3404389574e-06    2.5093886471e-03   -3.6074952071e-07   -1.9540163826e-03   -6.5124261902e-08   -2.1092273683e-04   -9.3534961757e-08
  74.4800000   -2.8850664998e-03   -1.3163132181e-06    2.5264237004e-03   -5.8731750982e-07   -1.9489717431e-03   -6.7664549586e-08   -2.1804085644e-04   -7.2653160777e-08
  74.4900000   -2.8941124401e-03   -1.2667486134e-06    2.5485303832e-03   -8.0545360509e-07   -1.9439715804e-03   -6.9606897664e-08   -2.2525956596e-04   -5.1161146686e-08
  74.5000000   -2.9013570113e-03   -1.1927500809e-06    2.5753487215e-03   -1.0119479428e-06   -1.9390149072e-03   -7.0943427412e-08   -2.3256791347e-04   -2.9218816831e-08
  74.5100000   -2.9067070589e-03   -1.0957584628e-06    2.6064616655e-03   -1.2037674376e-06   -1.9341004488e-03   -7.1671188635e-08   -2.3995448850e-04   -6.9899720098e-09
  74.5200000   -2.9101004461e-03   -9.7762175851e-07    2.6414018589e-03   -1.3781010467e-06   -1.9292266568e-03   -7.1792111211e-08   -2.4740749805e-04    1.5358942271e-08
  74.5300000   -2.9115079856e-03   -8.4055962894e-07    2.6796589334e-03   -1.5324015326e-06   -1.9243917233e-03   -7.1312928790e-08   -2.5491484461e-04    3.7660124757e-08
  74.5400000   -2.9109347889e-03   -6.8712187216e-07    2.7206872124e-03   -1.6644231094e-06   -1.9195935965e-03   -7.0245066021e-08   -2.6246420554e-04    5.9745725054e-08
  74.5500000   -2.9084210003e-03   -5.2014163812e-07    2.7639136995e-03   -1.7722544113e-06   -1.9148299966e-03   -6.8604495728e-08   -2.7004311323e-04    8.1449136032e-08
  74.5600000   -2.9040418881e-03   -3.4268427642e-07    2.8087462323e-03   -1.8543462562e-06   -1.9100984327e-03   -6.6411544576e-08   -2.7763903568e-04    1.0260629697e-07
  74.5700000   -2.8979072817e-03   -1.5799264950e-07    2.8545816816e-03   -1.9095338237e-06   -1.9053962201e-03   -6.3690692393e-08   -2.8523945670e-04    1.2305697184e-07
  74.5800000   -2.8901603512e-03    3.0569987257e-08    2.9008140793e-03   -1.9370529573e-06   -1.9007204973e-03   -6.0470319950e-08   -2.9283195550e-04    1.4264600553e-07
  74.5900000   -2.8809757434e-03    2.1957870092e-07    2.9468425663e-03   -1.9365503397e-06   -1.8960682444e-03   -5.6782453388e-08   -3.0040428485e-04    1.6122453369e-07
  74.6000000   -2.8705570960e-03    4.0560609477e-07    2.9920790537e-03   -1.9080874443e-06   -1.8914363005e-03   -5.2662460620e-08   -3.0794444750e-04    1.7865115651e-07
  74.6100000   -2.8591339662e-03    5.8528106912e-07    3.0359555050e-03   -1.8521382199e-06   -1.8868213811e-03   -4.8148741597e-08   -3.1544077031e-04    1.9479304833e-07
  74.6200000   -2.8469582216e-03    7.5534620281e-07    3.0779307502e-03   -1.7695806003e-06   -1.8822200962e-03   -4.3282392171e-08   -3.2288197559e-04    2.0952700167e-07
  74.6300000   -2.8342999507e-03    9.1271274582e-07    3.1174967567e-03   -1.6616819262e-06   -1.8776289668e-03   -3.8106861290e-08   -3.3025724924e-04    2.2274040014e-07
  74.6400000   -2.8214429607e-03    1.0545124763e-06    3.1541842925e-03   -1.5300786512e-06   -1.8730444420e-03   -3.2667584241e-08   -3.3755630525e-04    2.3433210673e-07
  74.6500000   -2.8086799405e-03    1.1781454896e-06    3.1875679258e-03   -1.3767505797e-06   -1.8684629153e-03   -2.7011599516e-08   -3.4476944616e-04    2.4421327131e-07
  74.6600000   -2.7963073717e-03    1.2813233068e-06    3.2172703212e-03   -1.2039901039e-06   -1.8638807403e-03   -2.1187189359e-08   -3.5188761912e-04    2.5230802348e-07
  74.6700000   -2.7846202777e-03    1.3621065838e-06    3.2429657999e-03   -1.0143669620e-06   -1.8592942456e-03   -1.5243483464e-08   -3.5890246722e-04    2.5855408905e-07
  74.6800000   -2.7739069059e-03    1.4189369175e-06    3.2643831463e-03   -8.1068897392e-07   -1.8546997495e-03   -9.2300604373e-09   -3.6580637580e-04    2.6290327660e-07
  74.6900000   -2.7644434396e-03    1.4506622968e-06    3.2813076543e-03   -5.9595951049e-07   -1.8500935739e-03   -3.1965888118e-09   -3.7259251347e-04    2.6532187270e-07
  74.7000000   -2.7564888373e-03    1.4565558375e-06    3.2935824153e-03   -3.7333226483e-07   -1.8454720568e-03    2.8075721620e-09   -3.7925486767e-04    2.6579090269e-07
  74.7100000   -2.7502798958e-03    1.4363275979e-06    3.3011088608e-03   -1.4606399915e-07   -1.8408315652e-03    8.7337415474e-09   -3.8578827445e-04    2.6430629906e-07
  74.7200000   -2.7460266328e-03    1.3901293302e-06    3.3038465838e-03    8.2533830832e-08   -1.8361685064e-03    1.4534272155e-08   -3.9218844259e-04    2.6087893650e-07
  74.7300000   -2.7439080763e-03    1.3185521634e-06    3.3018124712e-03    3.0914408248e-07   -1.8314793392e-03    2.0162915502e-08   -3.9845197165e-04    2.5553454671e-07
  74.7400000   -2.7440685474e-03    1.2226173072e-06    3.2950791847e-03    5.3049277592e-07   -1.8267605838e-03    2.5575149273e-08   -4.0457636413e-04    2.4831352867e-07
  74.7500000   -2.7466145075e-03    1.1037599381e-06    3.2837730357e-03    7.4339679834e-07   -1.8220088315e-03    3.0728495862e-08   -4.1056003159e-04    2.3927063676e-07
  74.7600000   -2.7516120404e-03    9.6380661595e-07    3.2680713047e-03    9.4481016364e-07   -1.8172207537e-03    3.5582831478e-08   -4.1640229489e-04    2.2847454769e-07
  74.7700000   -2.7590850217e-03    8.0494654343e-07    3.2481990604e-03    1.1318678643e-06   -1.8123931102e-03    4.0100653271e-08   -4.2210337844e-04    2.1600733106e-07
  74.7800000   -2.7690140206e-03    6.2969718531e-07    3.2244255373e-03    1.3019268134e-06   -1.8075227571e-03    4.4247347976e-08   -4.2766439874e-04    2.0196380696e-07
  74.7900000   -2.7813359639e-03    4.4086475667e-07    3.1970601306e-03    1.4526032509e-06   -1.8026066543e-03    4.7991413188e-08   -4.3308734715e-04    1.8645079664e-07
  74.8000000   -2.7959445801e-03    2.4150021113e-07    3.1664480700e-03    1.5818060994e-06   -1.7976418721e-03    5.1304670166e-08   -4.3837506738e-04    1.6958628627e-07
  74.8100000   -2.8126916260e-03    3.4851363817e-08    3.1329658340e-03    1.6877658218e-06   -1.7926255982e-03    5.4162447531e-08   -4.4353122753e-04    1.5149850934e-07
  74.8200000   -2.8313888846e-03   -1.7568807523e-07    3.0970163649e-03    1.7690583857e-06   -1.7875551441e-03    5.6543724656e-08   -4.4856028723e-04    1.3232492565e-07
  74.8300000   -2.8518109094e-03   -3.8663189489e-07    3.0590241440e-03    1.8246239826e-06   -1.7824279506e-03    5.8431262458e-08   -4.5346746007e-04    1.1221115196e-07
  74.8400000   -2.8736984749e-03   -5.9445628337e-07    3.0194301830e-03    1.8537803568e-06   -1.7772415945e-03    5.9811698054e-08   -4.5825867153e-04    9.1309813047e-08
  74.8500000   -2.8967626814e-03   -7.9565559989e-07    2.9786869865e-03    1.8562305241e-06   -1.7719937937e-03    6.0675603303e-08   -4.6294051288e-04    6.9779343766e-08
  74.8600000   -2.9206896472e-03   -9.8679802245e-07    2.9372535347e-03    1.8320648182e-06   -1.7666824136e-03    6.1017538317e-08   -4.6752019138e-04    4.7782742487e-08
  74.8700000   -2.9451457130e-03   -1.1645803929e-06    2.8955903362e-03    1.7817573430e-06   -1.7613054719e-03    6.0836039876e-08   -4.7200547704e-04    2.5486295765e-08
  74.8800000   -2.9697830699e-03   -1.3258814079e-06    2.8541545893e-03    1.7061568596e-06   -1.7558611453e-03    6.0133615778e-08   -4.7640464649e-04    3.0582661566e-09
  74.8900000   -2.9942457152e-03   -1.4678123649e-06    2.8133954991e-03    1.6064722599e-06   -1.7503477742e-03    5.8916691270e-08   -4.8072642431e-04   -1.9332417274e-08
  74.9000000   -3.0181756333e-03   -1.5877646864e-06    2.7737497777e-03    1.4842530587e-06   -1.7447638694e-03    5.7195532248e-08   -4.8497992220e-04   -4.1517491051e-08
  74.9100000   -3.0412190930e-03   -1.6834536278e-06    2.7356373637e-03    1.3413649533e-06   -1.7391081169e-03    5.4984145266e-08   -4.8917457649e-04   -6.3330665841e-08
  74.9200000   -3.0630329479e-03   -1.7529573135e-06    2.6994573873e-03    1.1799610995e-06   -1.7333793846e-03    5.2300149051e-08   -4.9332008438e-04   -8.4608938021e-08
  74.9300000   -3.0832908295e-03   -1.7947506809e-06    2.6655844042e-03    1.0024493997e-06   -1.7275767277e-03    4.9164627890e-08   -4.9742633938e-04   -1.0519384668e-07
  74.9400000   -3.1016891168e-03   -1.8077336668e-06    2.6343649225e-03    8.1145635364e-07   -1.7216993948e-03    4.5601950378e-08   -5.0150336632e-04   -1.2493271119e-07
  74.9500000   -3.1179525750e-03   -1.7912532253e-06    2.6061142365e-03    6.0978798969e-07   -1.7157468336e-03    4.1639575390e-08   -5.0556125650e-04   -1.4367982518e-07
  74.9600000   -3.1318395569e-03   -1.7451187716e-06    2.5811135867e-03    4.0038855556e-07   -1.7097186973e-03    3.7307843712e-08   -5.0961010326e-04   -1.6129757115e-07
  74.9700000   -3.1431466680e-03   -1.6696107376e-06    2.5596076541e-03    1.8629741333e-07   -1.7036148495e-03    3.2639739892e-08   -5.1365993845e-04   -1.7765749146e-07
  74.9800000   -3.1517128071e-03   -1.5654820576e-06    2.5418024023e-03   -2.9395075817e-08   -1.6974353704e-03    2.7670641861e-08   -5.1772067025e-04   -1.9264126838e-07
  74.9900000   -3.1574225000e-03   -1.4339524566e-06    2.5278632770e-03   -2.4359212356e-07   -1.6911805623e-03    2.2438067882e-08   -5.2180202268e-04   -2.0614163226e-07
  75.0000000   -3.1602084609e-03   -1.2766954898e-06    2.5179137692e-03   -4.5323489183e-07   -1.6848509541e-03    1.6981386364e-08   -5.2591347712e-04   -2.1806317339e-07
  75.0100000   -3.1600533256e-03   -1.0958185121e-06    2.5120343477e-03   -6.5534605626e-07   -1.6784473065e-03    1.1341547764e-08   -5.3006421631e-04   -2.2832305582e-07
  75.0200000   -3.1569905158e-03   -8.9383564861e-07    2.5102617675e-03   -8.4707190394e-07   -1.6719706157e-03    5.5607779357e-09   -5.3426307112e-04   -2.3685163429e-07
  75.0300000   -3.1511042108e-03   -6.7363418940e-07    2.5125887564e-03   -1.0257224384e-06   -1.6654221177e-03   -3.1771623839e-10   -5.3851847030e-04   -2.4359296423e-07
  75.0400000   -3.1425284160e-03   -4.3843470440e-07    2.5189640833e-03   -1.1888088767e-06   -1.6588032907e-03   -6.2500516762e-09   -5.4283839368e-04   -2.4850519447e-07
  75.0500000   -3.1314451356e-03   -1.9174543559e-07    2.5292930096e-03   -1.3340781011e-06   -1.6521158575e-03   -1.2191972805e-08   -5.4723032886e-04   -2.5156084788e-07
  75.0600000   -3.1180816724e-03    6.2688441223e-08    2.5434381247e-03   -1.4595435346e-06   -1.6453617869e-03   -1.8099161288e-08   -5.5170123182e-04   -2.5274699218e-07
  75.0700000   -3.1027070943e-03    3.2094005672e-07    2.5612205642e-03   -1.5635121022e-06   -1.6385432939e-03   -2.3927536034e-08   -5.5625749148e-04   -2.5206528801e-07
  75.0800000   -3.0856279209e-03    5.7895975143e-07    2.5824216085e-03   -1.6446068088e-06   -1.6316628392e-03   -2.9633559793e-08   -5.6090489845e-04   -2.4953191832e-07
  75.0900000   -3.0671831006e-03    8.3263685804e-07    2.6067846593e-03   -1.7017848094e-06   -1.6247231270e-03   -3.5174527233e-08   -5.6564861817e-04   -2.4517740530e-07
  75.1000000   -3.0477383587e-03    1.0778634546e-06    2.6340175854e-03   -1.7343506041e-06   -1.6177271020e-03   -4.0508856601e-08   -5.7049316837e-04   -2.3904631248e-07
  75.1100000   -3.0276800139e-03    1.3105990952e-06    2.6637954305e-03   -1.7419642601e-06   -1.6106779449e-03   -4.5596369717e-08   -5.7544240109e-04   -2.3119683109e-07
  75.1200000   -3.0074083656e-03    1.5269356512e-06    2.6957634717e-03   -1.7246445395e-06   -1.6035790665e-03   -5.0398554625e-08   -5.8049948922e-04   -2.2170025477e-07
  75.1300000   -2.9873307685e-03    1.7231610849e-06    2.7295406142e-03   -1.6827670310e-06   -1.5964341002e-03   -5.4878823350e-08   -5.8566691758e-04   -2.1064036124e-07
  75.1400000   -2.9678545133e-03    1.8958213256e-06    2.7647231027e-03   -1.6170572282e-06   -1.5892468930e-03   -5.9002756169e-08   -5.9094647850e-04   -1.9811268627e-07
  75.1500000   -2.9493796396e-03    2.0417790618e-06    2.8008885295e-03   -1.5285786867e-06   -1.5820214947e-03   -6.2738324570e-08   -5.9633927188e-04   -1.8422370759e-07
  75.1600000   -2.9322918097e-03    2.1582686715e-06    2.8376001121e-03   -1.4187164802e-06   -1.5747621461e-03   -6.6056106562e-08   -6.0184570965e-04   -1.6908994573e-07
  75.1700000   -2.9169553704e-03    2.2429461086e-06    2.8744112116e-03   -1.2891561374e-06   -1.5674732650e-03   -6.8929470708e-08   -6.0746552447e-04   -1.5283698166e-07
  75.1800000   -2.9037067293e-03    2.2939331195e-06    2.9108700550e-03   -1.1418585167e-06   -1.5601594301e-03   -7.1334759770e-08   -6.1319778261e-04   -1.3559840747e-07
  75.1900000   -2.8928481667e-03    2.3098547607e-06    2.9465246256e-03   -9.7903083063e-07   -1.5528253648e-03   -7.3251443754e-08   -6.1904090073e-04   -1.1751471573e-07
  75.2000000   -2.8846421994e-03    2.2898696450e-06    2.9809276747e-03   -8.0309408488e-07   -1.5454759174e-03   -7.4662249004e-08   -6.2499266657e-04   -9.8732135792e-08
  75.2100000   -2.8793066000e-03    2.2336921862e-06    3.0136418080e-03   -6.1664788415e-07   -1.5381160413e-03   -7.5553280592e-08   -6.3105026309e-04   -7.9401437638e-08
  75.2200000   -2.8770101697e-03    2.1416064033e-06    3.0442445957e-03   -4.2243272805e-07   -1.5307507731e-03   -7.5914109701e-08   -6.3721029606e-04   -5.9676679304e-08
  75.2300000   -2.8778693456e-03    2.0144708940e-06    3.0723336505e-03   -2.2329034035e-07   -1.5233852090e-03   -7.5737848039e-08   -6.4346882473e-04   -3.9713967155e-08
  75.2400000   -2.8819457116e-03    1.8537146704e-06    3.0975316129e-03   -2.2122768634e-08   -1.5160244802e-03   -7.5021196872e-08   -6.4982139531e-04   -1.9670169721e-08
  75.2500000   -2.8892444647e-03    1.6613238202e-06    3.1194909864e-03    1.7814939104e-07   -1.5086737271e-03   -7.3764472846e-08   -6.5626307709e-04    2.9833809007e-10
  75.2600000   -2.8997138742e-03    1.4398189602e-06    3.1378987563e-03    3.7462893783e-07   -1.5013380724e-03   -7.1971616707e-08   -6.6278850080e-04    2.0036952988e-08
  75.2700000   -2.9132457506e-03    1.1922237395e-06    3.1524807282e-03    5.6448362444e-07   -1.4940225929e-03   -6.9650172706e-08   -6.6939189899e-04    3.9394063676e-08
  75.2800000   -2.9296769263e-03    9.2202465164e-07    3.1630055224e-03    7.4498674401e-07   -1.4867322910e-03   -6.6811249316e-08   -6.7606714805e-04    5.8222277456e-08
  75.2900000   -2.9487917285e-03    6.3312268955e-07    3.1692881609e-03    9.1355623957e-07   -1.4794720654e-03   -6.3469464378e-08   -6.8280781168e-04    7.6379586746e-08
  75.3000000   -2.9703254094e-03    3.2977747108e-07    3.1711931861e-03    1.0677916572e-06   -1.4722466811e-03   -5.9642857600e-08   -6.8960718534e-04    9.3730488078e-08
  75.3100000   -2.9939684803e-03    1.6544556054e-08    3.1686372512e-03    1.2055084319e-06   -1.4650607397e-03   -5.5352794968e-08   -6.9645834154e-04    1.1014704419e-07
  75.3200000   -3.0193718782e-03   -3.0179311871e-07    3.1615911299e-03    1.3247693019e-06   -1.4579186493e-03   -5.0623840776e-08   -7.0335417553e-04    1.2550987555e-07
  75.3300000   -3.0461528798e-03   -6.2029866337e-07    3.1500810972e-03    1.4239120909e-06   -1.4508245947e-03   -4.5483614656e-08   -7.1028745116e-04    1.3970908767e-07
  75.3400000   -3.0739016618e-03   -9.3395849936e-07    3.1341896355e-03    1.5015735555e-06   -1.4437825081e-03   -3.9962638188e-08   -7.1725084655e-04    1.5264510363e-07
  75.3500000   -3.1021883958e-03   -1.2377621337e-06    3.1140554355e-03    1.5567089981e-06   -1.4367960405e-03   -3.4094154535e-08   -7.2423699935e-04    1.6422941105e-07
  75.3600000   -3.1305707529e-03   -1.5267833056e-06    3.0898726640e-03    1.5886073038e-06   -1.4298685335e-03   -2.7913931504e-08   -7.3123855126e-04    1.7438521055e-07
  75.3700000   -3.1586016863e-03   -1.7962610942e-06    3.0618894825e-03    1.5969012044e-06   -1.4230029931e-03   -2.1460054704e-08   -7.3824819155e-04    1.8304797494e-07
  75.3800000   -3.1858373550e-03   -2.0416797352e-06    3.0304058104e-03    1.5815724782e-06   -1.4162020642e-03   -1.4772698441e-08   -7.4525869931e-04    1.9016588516e-07
  75.3900000   -3.2118450449e-03   -2.2588457052e-06    2.9957703376e-03    1.5429521925e-06   -1.4094680067e-03   -7.8938967976e-09   -7.5226298423e-04    1.9570017784e-07
  75.4000000   -3.2362109454e-03   -2.4439608079e-06    2.9583768025e-03    1.4817158246e-06   -1.4028026738e-03   -8.6728235177e-10   -7.5925412563e-04    1.9962537109e-07
  75.4100000   -3.2585476400e-03   -2.5936899429e-06    2.9186595646e-03    1.3988734173e-06   -1.3962074918e-03    6.2621684830e-09   -7.6622540961e-04    2.0192937787e-07
  75.4200000   -3.2785011727e-03   -2.7052223276e-06    2.8770885103e-03    1.2957547221e-06   -1.3896834427e-03    1.3448405537e-08   -7.7317036399e-04    2.0261351325e-07
  75.4300000   -3.2957575599e-03   -2.7763250034e-06    2.8341633436e-03    1.1739897137e-06   -1.3832310489e-03    2.0644579922e-08   -7.8008279104e-04    2.0169238386e-07
  75.4400000   -3.3100486254e-03   -2.8053876050e-06    2.7904073251e-03    1.0354845221e-06   -1.3768503603e-03    2.7803341655e-08   -7.8695679770e-04    1.9919367899e-07
  75.4500000   -3.3211570484e-03   -2.7914574787e-06    2.7463605334e-03    8.8239330304e-07   -1.3705409443e-03    3.4877110736e-08   -7.9378682327e-04    1.9515781945e-07
  75.4600000   -3.3289205267e-03   -2.7342643615e-06    2.7025727339e-03    7.1708628479e-07   -1.3643018795e-03    4.1818384874e-08   -8.0056766436e-04    1.8963755559e-07
  75.4700000   -3.3332349739e-03   -2.6342340172e-06    2.6595959467e-03    5.4211447149e-07   -1.3581317509e-03    4.8580026994e-08   -8.0729449707e-04    1.8269741430e-07
  75.4800000   -3.3340566847e-03   -2.4924904112e-06    2.6179768160e-03    3.6017156854e-07   -1.3520286495e-03    5.5115566231e-08   -8.1396289636e-04    1.7441307321e-07
  75.4900000   -3.3314034231e-03   -2.3108461685e-06    2.5782488886e-03    1.7405353607e-07   -1.3459901748e-03    6.1379480859e-08   -8.2056885245e-04    1.6487064176e-07
  75.5000000   -3.3253544046e-03   -2.0917813135e-06    2.5409249143e-03   -1.3383513937e-08   -1.3400134401e-03    6.7327501449e-08   -8.2710878435e-04    1.5416586397e-07
  75.5100000   -3.3160491661e-03   -1.8384103762e-06    2.5064892837e-03   -1.9926656927e-07   -1.3340950820e-03    7.2916890100e-08   -8.3357955040e-04    1.4240322299e-07
  75.5200000   -3.3036853357e-03   -1.5544383612e-06    2.4753907223e-03   -3.8074942074e-07   -1.3282312726e-03    7.8106726154e-08   -8.3997845592e-04    1.2969500706e-07
  75.5300000   -3.2885153351e-03   -1.2441060348e-06    2.4480353573e-03   -5.5505619171e-07   -1.3224177351e-03    8.2858170718e-08   -8.4630325793e-04    1.1616028795e-07
  75.5400000   -3.2708420684e-03   -9.1212536769e-07    2.4247802725e-03   -7.1952403586e-07   -1.3166497629e-03    8.7134736321e-08   -8.5255216707e-04    1.0192386459e-07
  75.5500000   -3.2510136678e-03   -5.6360612018e-07    2.4059276608e-03   -8.7164435272e-07   -1.3109222419e-03    9.0902537673e-08   -8.5872384668e-04    8.7115156040e-08
  75.5600000   -3.2294173862e-03   -2.0397468474e-07    2.3917196806e-03   -1.0091018798e-06   -1.3052296756e-03    9.4130527903e-08   -8.6481740922e-04    7.1867066384e-08
  75.5700000   -3.2064727430e-03    1.6111352689e-07    2.3823341081e-03   -1.1298110581e-06   -1.2995662140e-03    9.6790728861e-08   -8.7083241009e-04    5.6314816915e-08
  75.5800000   -3.1826240418e-03    5.2586665765e-07    2.3778808734e-03   -1.2319490594e-06   -1.2939256843e-03    9.8858437632e-08   -8.7676883893e-04    4.0594778563e-08
  75.5900000   -3.1583323948e-03    8.8445242960e-07    2.3783995535e-03   -1.3139849915e-06   -1.2883016251e-03    1.0031242431e-07   -8.8262710857e-04    2.4843294139e-08
  75.6000000   -3.1340673945e-03    1.2310959153e-06    2.3838578810e-03   -1.3747047212e-06   -1.2826873231e-03    1.0113510196e-07   -8.8840804178e-04    9.1955054251e-09
  75.6100000   -3.1102985852e-03    1.5601774405e-06    2.3941513150e-03   -1.4132309467e-06   -1.2770758515e-03    1.0131268439e-07   -8.9411285592e-04   -6.2157951431e-09
  75.6200000   -3.0874868875e-03    1.8663287672e-06    2.4091037012e-03   -1.4290381345e-06   -1.2714601112e-03    1.0083532499e-07   -8.9974314565e-04   -2.1261297195e-08
  75.6300000   -3.0660761344e-03    2.1445259480e-06    2.4284690342e-03   -1.4219620292e-06   -1.2658328732e-03    9.9697225221e-08   -9.0530086391e-04   -3.5816251953e-08
  75.6400000   -3.0464848748e-03    2.3901770649e-06    2.4519343146e-03   -1.3922035243e-06   -1.2601868231e-03    9.7896728000e-08   -9.1078830131e-04   -4.9761531720e-08
  75.6500000   -3.0290985966e-03    2.5992032680e-06    2.4791234789e-03   -1.3403267934e-06   -1.2545146065e-03    9.5436377526e-08   -9.1620806410e-04   -6.2984596410e-08
  75.6600000   -3.0142625167e-03    2.7681116233e-06    2.5096023587e-03   -1.2672516252e-06   -1.2488088752e-03    9.2322981194e-08   -9.2156305094e-04   -7.5380445345e-08
  75.6700000   -3.0022750731e-03    2.8940582919e-06    2.5428846094e-03   -1.1742400605e-06   -1.2430623347e-03    8.8567602641e-08   -9.2685642854e-04   -8.6852454000e-08
  75.6800000   -2.9933822445e-03    2.9749009254e-06    2.5784385307e-03   -1.0628773913e-06   -1.2372677913e-03    8.4185570722e-08   -9.3209160658e-04   -9.7313164908e-08
  75.6900000   -2.9877728084e-03    3.0092391270e-06    2.6156946882e-03   -9.3504784629e-07   -1.2314181996e-03    7.9196437859e-08   -9.3727221179e-04   -1.0668497076e-07
  75.7000000   -2.9855746300e-03    2.9964422141e-06    2.6540542249e-03   -7.9290522830e-07   -1.2255067092e-03    7.3623923270e-08   -9.4240206159e-04   -1.1490072786e-07
  75.7100000   -2.9868520592e-03    2.9366636464e-06    2.6928977413e-03   -6.3883908788e-07   -1.2195267118e-03    6.7495820587e-08   -9.4748513748e-04   -1.2190426574e-07
  75.7200000   -2.9916044898e-03    2.8308417401e-06    2.7315946102e-03   -4.7543664108e-07   -1.2134718857e-03    6.0843890208e-08   -9.5252555816e-04   -1.2765078959e-07
  75.7300000   -2.9997661161e-03    2.6806865608e-06    2.7695125840e-03   -3.0544112946e-07   -1.2073362402e-03    5.3703714067e-08   -9.5752755273e-04   -1.3210720469e-07
  75.7400000   -3.0112068989e-03    2.4886531682e-06    2.8060275433e-03   -1.3170739270e-07   -1.2011141577e-03    4.6114534326e-08   -9.6249543408e-04   -1.3525230398e-07
  75.7500000   -3.0257347318e-03    2.2579014865e-06    2.8405332307e-03    4.2844726580e-08   -1.1948004342e-03    3.8119059412e-08   -9.6743357261e-04   -1.3707688555e-07
  75.7600000   -3.0430987747e-03    1.9922436082e-06    2.8724508124e-03    2.1527852249e-07   -1.1883903168e-03    2.9763243433e-08   -9.7234637038e-04   -1.3758373490e-07
  75.7700000   -3.0629939005e-03    1.6960792579e-06    2.9012381079e-03    3.8268920015e-07   -1.1818795395e-03    2.1096050285e-08   -9.7723823602e-04   -1.3678751750e-07
  75.7800000   -3.0850661810e-03    1.3743206005e-06    2.9263983356e-03    5.4225255518e-07   -1.1752643553e-03    1.2169193487e-08   -9.8211356025e-04   -1.3471455986e-07
  75.7900000   -3.1089193148e-03    1.0323077103e-06    2.9474882215e-03    6.9127269506e-07   -1.1685415657e-03    3.0368423192e-09   -9.8697669240e-04   -1.3140254121e-07
  75.8000000   -3.1341218863e-03    6.7571611979e-07    2.9641253344e-03    8.2722799582e-07   -1.1617085464e-03   -6.2446782607e-09   -9.9183191785e-04   -1.2690006175e-07
  75.8100000   -3.1602153237e-03    3.1045818307e-07    2.9759945147e-03    9.4781461537e-07   -1.1547632695e-03   -1.5617220731e-08   -9.9668343659e-04   -1.2126614945e-07
  75.8200000   -3.1867224148e-03   -5.7420042720e-08    2.9828532812e-03    1.0509865720e-06   -1.1477043224e-03   -2.5021145268e-08   -1.0015353430e-03   -1.1456964056e-07
  75.8300000   -3.2131562242e-03   -4.2184447615e-07    2.9845361159e-03    1.1349919333e-06   -1.1405309216e-03   -3.4395691465e-08   -1.0063916068e-03   -1.0688851128e-07
  75.8400000   -3.2390292480e-03   -7.7681939187e-07    2.9809575425e-03    1.1984042536e-06   -1.1332429237e-03   -4.3679342812e-08   -1.0112560555e-03   -9.8309106353e-08
  75.8500000   -3.2638626375e-03   -1.1165325301e-06    2.9721139353e-03    1.2401487808e-06   -1.1258408310e-03   -5.2810217026e-08   -1.0161323579e-03   -8.8925302944e-08
  75.8600000   -3.2871953198e-03   -1.4354569649e-06    2.9580840149e-03    1.2595229153e-06   -1.1183257935e-03   -6.1726450958e-08   -1.0210240096e-03   -7.8837616217e-08
  75.8700000   -3.3085928437e-03   -1.7284479322e-06    2.9390280101e-03    1.2562103276e-06   -1.1106996063e-03   -7.0366612507e-08   -1.0259343195e-03   -6.8152250335e-08
  75.8800000   -3.3276557835e-03   -1.9908327534e-06    2.9151854860e-03    1.2302887265e-06   -1.1029647028e-03   -7.8670100748e-08   -1.0308663978e-03   -5.6980087852e-08
  75.8900000   -3.3440275398e-03   -2.2184922252e-06    2.8868718629e-03    1.1822308084e-06   -1.0951241430e-03   -8.6577551546e-08   -1.0358231459e-03   -4.5435664604e-08
  75.9000000   -3.3574013873e-03   -2.4079319610e-06    2.8544736726e-03    1.1128985212e-06   -1.0871815980e-03   -9.4031251608e-08   -1.0408072474e-03   -3.3636097253e-08
  75.9100000   -3.3675266313e-03   -2.5563422811e-06    2.8184426190e-03    1.0235304238e-06   -1.0791413300e-03   -1.0097553831e-07   -1.0458211610e-03   -2.1699999985e-08
  75.9200000   -3.3742137511e-03   -2.6616456372e-06    2.7792885322e-03    9.1572238915e-07   -1.0710081685e-03   -1.0735720447e-07   -1.0508671144e-03   -9.7463884126e-09
  75.9300000   -3.3773384246e-03   -2.7225305321e-06    2.7375713285e-03    7.9140195788e-07   -1.0627874816e-03   -1.1312587897e-07   -1.0559471005e-03    2.1064109113e-09
  75.9400000   -3.3768443518e-03   -2.7384714175e-06    2.6938921013e-03    6.5279662235e-07   -1.0544851445e-03   -1.1823442208e-07   -1.0610628737e-03    1.3741846749e-08
  75.9500000   -3.3727448127e-03   -2.7097340729e-06    2.6488834859e-03    5.0239661665e-07   -1.0461075037e-03   -1.2263927594e-07   -1.0662159495e-03    2.5046203957e-08
  75.9600000   -3.3651229204e-03   -2.6373664344e-06    2.6031994563e-03    3.4291269113e-07   -1.0376613381e-03   -1.2630082296e-07   -1.0714076034e-03    3.5909640230e-08
  75.9700000   -3.3541305549e-03   -2.5231749767e-06    2.5575047227e-03    1.7722970329e-07   -1.0291538166e-03   -1.2918371169e-07   -1.0766388727e-03    4.6227184985e-08
  75.9800000   -3.3399859847e-03   -2.3696870942e-06    2.5124639044e-03    8.3566536099e-09   -1.0205924533e-03   -1.3125716350e-07   -1.0819105590e-03    5.5899684066e-08
  75.9900000   -3.3229702101e-03   -2.1801002284e-06    2.4687306602e-03   -1.6062592195e-07   -1.0119850596e-03   -1.3249526089e-07   -1.0872232313e-03    6.4834694807e-08
  76.0000000   -3.3034220867e-03   -1.9582185945e-06    2.4269369616e-03   -3.2662030432e-07   -1.0033396945e-03   -1.3287719904e-07   -1.0925772316e-03    7.2947319180e-08
  76.0100000   -3.2817323081e-03   -1.7083788484e-06    2.3876826881e-03   -4.8656675132e-07   -9.9466461245e-04   -1.3238751206e-07   -1.0979726799e-03    8.0160966091e-08
  76.0200000   -3.2583363523e-03   -1.4353659566e-06    2.3515257263e-03   -6.3749854199e-07   -9.8596821022e-04   -1.3101627489e-07   -1.1034094818e-03    8.6408030424e-08
  76.0300000   -3.2337065132e-03   -1.1443210297e-06    2.3189727384e-03   -7.7659581988e-07   -9.7725897219e-04   -1.2875925855e-07   -1.1088873356e-03    9.1630498640e-08
  76.0400000   -3.2083431590e-03   -8.4064272715e-07    2.2904707649e-03   -9.0123736474e-07   -9.6854541496e-04   -1.2561805777e-07   -1.1144057410e-03    9.5780455611e-08
  76.0500000   -3.1827653754e-03   -5.2988429954e-07    2.2663998035e-03   -1.0090493164e-06   -9.5983603147e-04   -1.2160019002e-07   -1.1199640088e-03    9.8820505449e-08
  76.0600000   -3.1575011612e-03   -2.1764812919e-07    2.2470664968e-03   -1.0979498854e-06   -9.5113923524e-04   -1.1671912827e-07   -1.1255612701e-03    1.0072410191e-07
  76.0700000   -3.1330773583e-03    9.0520106523e-08    2.2326990394e-03   -1.1661892948e-06   -9.4246330480e-04   -1.1099433677e-07   -1.1311964873e-03    1.0147576417e-07
  76.0800000   -3.1100095009e-03    3.8923566422e-07    2.2234433937e-03   -1.2123841231e-06   -9.3381632903e-04   -1.0445122301e-07   -1.1368684653e-03    1.0107120082e-07
  76.0900000   -3.0887917746e-03    6.7337518467e-07    2.2193608857e-03   -1.2355453783e-06   -9.2520615360e-04   -9.7121083218e-08   -1.1425758621e-03    9.9517342079e-08
  76.1000000   -3.0698872749e-03    9.3817158175e-07    2.2204272223e-03   -1.2350997777e-06   -9.1664032901e-04   -8.9040979334e-08   -1.1483172015e-03    9.6832246798e-08
  76.1100000   -3.0537187501e-03    1.1793013781e-06    2.2265329519e-03   -1.2109036671e-06   -9.0812606047e-04   -8.0253596279e-08   -1.1540908843e-03    9.3044933825e-08
  76.1200000   -3.0406600081e-03    1.3929627951e-06    2.2374853630e-03   -1.1632493646e-06   -8.9967016016e-04   -7.0807043996e-08   -1.1598952011e-03    8.8195086281e-08
  76.1300000   -3.0310281545e-03    1.5759431245e-06    2.2530117907e-03   -1.0928636673e-06   -8.9127900210e-04   -6.0754626621e-08   -1.1657283441e-03    8.2332692083e-08
  76.1400000   -3.0250768164e-03    1.7256739905e-06    2.2727642759e-03   -1.0008984441e-06   -8.8295848002e-04   -5.0154564827e-08   -1.1715884195e-03    7.5517559360e-08
  76.1500000   -3.0229904896e-03    1.8402734608e-06    2.2963255000e-03   -8.8891348495e-07   -8.7471396844e-04   -3.9069681904e-08   -1.1774734601e-03    6.7818761435e-08
  76.1600000   -3.0248801260e-03    1.9185742165e-06    2.3232158929e-03   -7.5885172234e-07   -8.6655028741e-04   -2.7567059505e-08   -1.1833814370e-03    5.9313998461e-08
  76.1700000   -3.0307800589e-03    1.9601371963e-06    2.3529017940e-03   -6.1300727848e-07   -8.5847167105e-04   -1.5717644928e-08   -1.1893102715e-03    5.0088871962e-08
  76.1800000   -3.0406463360e-03    1.9652505083e-06    2.3848045254e-03   -4.5398679447e-07   -8.5048174012e-04   -3.5958328231e-09   -1.1952578475e-03    4.0236085192e-08
  76.1900000   -3.0543565084e-03    1.9349136751e-06    2.4183102211e-03   -2.8466469931e-07   -8.4258347894e-04    8.7209848946e-09   -1.2012220221e-03    2.9854597094e-08
  76.2000000   -3.0717108954e-03    1.8708075862e-06    2.4527802436e-03   -1.0813314952e-07   -8.3477921667e-04    2.1152904026e-08   -1.2072006374e-03    1.9048693450e-08
  76.2100000   -3.0924353172e-03    1.7752507907e-06    2.4875620070e-03    7.2352510307e-08   -8.2707061328e-04    3.3618010960e-08   -1.2131915306e-03    7.9270425135e-09
  76.2200000   -3.1161852621e-03    1.6511431001e-06    2.5220000189e-03    2.5343178718e-07   -8.1945865011e-04    4.6032914113e-08   -1.2191925448e-03   -3.3983295311e-09
  76.2300000   -3.1425514255e-03    1.5018976854e-06    2.5554469523e-03    4.3169959071e-07   -8.1194362525e-04    5.8313295965e-08   -1.2252015384e-03   -1.4813061862e-08
  76.2400000   -3.1710665349e-03    1.3313631122e-06    2.5872745526e-03    6.0376820953e-07   -8.0452515375e-04    7.0374475031e-08   -1.2312163945e-03   -2.6201522563e-08
  76.2500000   -3.2012133475e-03    1.1437369975e-06    2.6168841948e-03    7.6632958450e-07   -7.9720217258e-04    8.2131987486e-08   -1.2372350298e-03   -3.7447867688e-08
  76.2600000   -3.2324336860e-03    9.4347307620e-07    2.6437169055e-03    9.1621679245e-07   -7.8997295042e-04    9.3502171801e-08   -1.2432554026e-03   -4.8437123265e-08
  76.2700000   -3.2641383575e-03    7.3518364795e-07    2.6672626782e-03    1.0504635289e-06   -7.8283510207e-04    1.0440276487e-07   -1.2492755203e-03   -5.9056256589e-08
  76.2800000   -3.2957177820e-03    5.2353947531e-07    2.6870689201e-03    1.1663604890e-06   -7.7578560756e-04    1.1475349192e-07   -1.2552934465e-03   -6.9195210008e-08
  76.2900000   -3.3265531421e-03    3.1316923809e-07    2.7027478883e-03    1.2615077178e-06   -7.6882083561e-04    1.2447665278e-07   -1.2613073072e-03   -7.8747937766e-08
  76.3000000   -3.3560278541e-03    1.0856068593e-07    2.7139829866e-03    1.3338617515e-06   -7.6193657147e-04    1.3349770754e-07   -1.2673152965e-03   -8.7613399518e-08
  76.3100000   -3.3835391547e-03   -8.6034491044e-08    2.7205338164e-03    1.3817767740e-06   -7.5512804873e-04    1.4174584023e-07   -1.2733156816e-03   -9.5696496421e-08
  76.3200000   -3.4085095885e-03   -2.6669000423e-07    2.7222398990e-03    1.4040389253e-06   -7.4838998506e-04    1.4915451299e-07   -1.2793068073e-03   -1.0290897378e-07
  76.3300000   -3.4303981869e-03   -4.2988663739e-07    2.7190230060e-03    1.3998930422e-06   -7.4171662148e-04    1.5566199673e-07   -1.2852870994e-03   -1.0917025245e-07
  76.3400000   -3.4487111280e-03   -5.7258458246e-07    2.7108880649e-03    1.3690613076e-06   -7.3510176488e-04    1.6121187612e-07   -1.2912550679e-03   -1.1440820362e-07
  76.3500000   -3.4630116771e-03   -6.9228489792e-07    2.6979226262e-03    1.3117534136e-06   -7.2853883352e-04    1.6575352321e-07   -1.2972093095e-03   -1.1855983668e-07
  76.3600000   -3.4729292172e-03   -7.8707874579e-07    2.6802949086e-03    1.2286678724e-06   -7.2202090522e-04    1.6924254548e-07   -1.3031485090e-03   -1.2157192081e-07
  76.3700000   -3.4781671926e-03   -8.5568344600e-07    2.6582504621e-03    1.1209845231e-06   -7.1554076765e-04    1.7164118636e-07   -1.3090714408e-03   -1.2340149800e-07
  76.3800000   -3.4785098103e-03   -8.9746454492e-07    2.6321075119e-03    9.9034814094e-07   -7.0909097067e-04    1.7291869844e-07   -1.3149769693e-03   -1.2401634246e-07
  76.3900000   -3.4738273595e-03   -9.1244345210e-07    2.6022510715e-03    8.3884341337e-07   -7.0266388002e-04    1.7305165305e-07   -1.3208640487e-03   -1.2339528189e-07
  76.4000000   -3.4640800374e-03   -9.0129051649e-07    2.5691259340e-03    6.6896178695e-07   -6.9625173219e-04    1.7202423022e-07   -1.3267317224e-03   -1.2152846094e-07
  76.4100000   -3.4493201936e-03   -8.6530366353e-07    2.5332286689e-03    4.8356051080e-07   -6.8984668995e-04    1.6982842779e-07   -1.3325791219e-03   -1.1841746922e-07
  76.4200000   -3.4296929330e-03   -8.0637304739e-07    2.4950987697e-03    2.8581462422e-07   -6.8344089809e-04    1.6646424292e-07   -1.3384054651e-03   -1.1407539515e-07
  76.4300000   -3.4054350462e-03   -7.2693252267e-07    2.4553091130e-03    7.9162822602e-08   -6.7702653907e-04    1.6193979103e-07   -1.3442100539e-03   -1.0852676931e-07
  76.4400000   -3.3768722656e-03   -6.2989894381e-07    2.4144558982e-03   -1.3275205125e-07   -6.7059588808e-04    1.5627136045e-07   -1.3499922718e-03   -1.0180739328e-07
  76.4500000   -3.3444148772e-03   -5.1860063090e-07    2.3731482503e-03   -3.4614678055e-07   -6.6414136714e-04    1.4948341964e-07   -1.3557515809e-03   -9.3964086526e-08
  76.4600000   -3.3085517449e-03   -3.9669647272e-07    2.3319976670e-03   -5.5716460182e-07   -6.5765559780e-04    1.4160856446e-07   -1.3614875182e-03   -8.5054325620e-08
  76.4700000   -3.2698428369e-03   -2.6808751748e-07    2.2916074981e-03   -7.6194387193e-07   -6.5113145209e-04    1.3268740492e-07   -1.3671996922e-03   -7.5145787725e-08
  76.4800000   -3.2289103668e-03   -1.3682286830e-07    2.2525626415e-03   -9.5668761554e-07   -6.4456210133e-04    1.2276838762e-07   -1.3728877785e-03   -6.4315803874e-08
  76.4900000   -3.1864286927e-03   -7.0019714615e-09    2.2154196336e-03   -1.1377323728e-06   -6.3794106247e-04    1.1190756680e-07   -1.3785515157e-03   -5.2650731330e-08
  76.5000000   -3.1431131382e-03    1.1732454022e-07    2.1806973081e-03   -1.3016153481e-06   -6.3126224157e-04    1.0016831237e-07   -1.3841907009e-03   -4.0245235371e-08
  76.5100000   -3.0997079206e-03    2.3225337199e-07    2.1488681830e-03   -1.4451385010e-06   -6.2451997416e-04    8.7620966276e-08   -1.3898051847e-03   -2.7201490061e-08
  76.5200000   -3.0569733899e-03    3.3412414109e-07    2.1203507204e-03   -1.5654284262e-06   -6.1770906214e-04    7.4342432653e-08   -1.3953948671e-03   -1.3628334530e-08
  76.5300000   -3.0156727966e-03    4.1961001815e-07    2.0955025879e-03   -1.6599908536e-06   -6.1082480703e-04    6.0415728100e-08   -1.4009596918e-03    3.5965839025e-10
  76.5400000   -2.9765588166e-03    4.8580129637e-07    2.0746150346e-03   -1.7267589070e-06   -6.0386303926e-04    4.5929472618e-08   -1.4064996418e-03    1.4643153842e-08
  76.5500000   -2.9403600683e-03    5.3028003115e-07    2.0579084713e-03   -1.7641340020e-06   -5.9682014339e-04    3.0977335698e-08   -1.4120147345e-03    2.9099068747e-08
  76.5600000   -2.9077678594e-03    5.5118403298e-07    2.0455293203e-03   -1.7710187598e-06   -5.8969307897e-04    1.5657435632e-08   -1.4175050166e-03    4.3601639994e-08
  76.5700000   -2.8794234004e-03    5.4725863755e-07    2.0375481836e-03   -1.7468412298e-06   -5.8247939706e-04    7.1699321949e-11   -1.4229705598e-03    5.8023490231e-08
  76.5800000   -2.8559057144e-03    5.1789511216e-07    2.0339593469e-03   -1.6915699270e-06   -5.7517725213e-04   -1.5674810423e-08   -1.4284114559e-03    7.2236743096e-08
  76.5900000   -2.8377204652e-03    4.6315457025e-07    2.0346816184e-03   -1.6057193525e-06   -5.6778540952e-04   -3.1474610479e-08   -1.4338278125e-03    8.6114122936e-08
  76.6000000   -2.8252899086e-03    3.8377681267e-07    2.0395604757e-03   -1.4903459375e-06   -5.6030324812e-04   -4.7218526300e-08   -1.4392197491e-03    9.9530074201e-08
  76.6100000   -2.8189441593e-03    2.8117366222e-07    2.0483714687e-03   -1.3470342443e-06   -5.5273075859e-04   -6.2796455456e-08   -1.4445873933e-03    1.1236183871e-07
  76.6200000   -2.8189139381e-03    1.5740680143e-07    2.0608248104e-03   -1.1778738272e-06   -5.4506853697e-04   -7.8098146518e-08   -1.4499308770e-03    1.2449056026e-07
  76.6300000   -2.8253249472e-03    1.5150384812e-08    2.0765710602e-03   -9.8542696416e-07   -5.3731777380e-04   -9.3013974370e-08   -1.4552503332e-03    1.3580230349e-07
  76.6400000   -2.8381939884e-03   -1.4236098131e-07    2.0952077917e-03   -7.7268785682e-07   -5.2948023889e-04   -1.0743574771e-07   -1.4605458939e-03    1.4618909293e-07
  76.6500000   -2.8574269132e-03   -3.1139787164e-07    2.1162871153e-03   -5.4303399835e-07   -5.2155826189e-04   -1.2125749527e-07   -1.4658176868e-03    1.5554984669e-07
  76.6600000   -2.8828184623e-03   -4.8781407840e-07    2.1393239168e-03   -3.0017048015e-07   -5.1355470881e-04   -1.3437625717e-07   -1.4710658343e-03    1.6379130165e-07
  76.6700000   -2.9140540185e-03   -6.6713551234e-07    2.1638046572e-03   -4.8068247119e-08   -5.0547295472e-04   -1.4669285887e-07   -1.4762904515e-03    1.7082884475e-07
  76.6800000   -2.9507132655e-03   -8.4465815807e-07    2.1891965758e-03    2.0910263033e-07   -4.9731685282e-04   -1.5811267211e-07   -1.4814916454e-03    1.7658729740e-07
  76.6900000   -2.9922757109e-03   -1.0155530814e-06    2.2149571263e-03    4.6704355589e-07   -4.8909070028e-04   -1.6854635257e-07   -1.4866695144e-03    1.8100159805e-07
  76.7000000   -3.0381280002e-03   -1.1749763056e-06    2.2405434810e-03    7.2140058388e-07   -4.8079920091e-04   -1.7791054164e-07   -1.4918241486e-03    1.8401741706e-07
  76.7100000   -3.0875729155e-03   -1.3181811985e-06    2.2654219317e-03    9.6783891171e-07   -4.7244742525e-04   -1.8612854708e-07   -1.4969556303e-03    1.8559168063e-07
  76.7200000   -3.1398399237e-03   -1.4406310058e-06    2.2890770257e-03    1.2021174240e-06   -4.6404076814e-04   -1.9313096618e-07   -1.5020640346e-03    1.8569299374e-07
  76.7300000   -3.1940971099e-03   -1.5381090139e-06    2.3110202756e-03    1.4201618937e-06   -4.5558490430e-04   -1.9885627784e-07   -1.5071494320e-03    1.8430197586e-07
  76.7400000   -3.2494643084e-03   -1.6068240044e-06    2.3307982973e-03    1.6181356364e-06   -4.4708574221e-04   -2.0325137458e-07   -1.5122118895e-03    1.8141148984e-07
  76.7500000   -3.3050272185e-03   -1.6435085021e-06    2.3480002369e-03    1.7925063561e-06   -4.3854937665e-04   -2.0627205140e-07   -1.5172514739e-03    1.7702676753e-07
  76.7600000   -3.3598522773e-03   -1.6455076841e-06    2.3622643660e-03    1.9401079288e-06   -4.2998204030e-04   -2.0788342026e-07   -1.5222682546e-03    1.7116543570e-07
  76.7700000   -3.4130020421e-03   -1.6108568040e-06    2.3732837370e-03    2.0581961830e-06   -4.2139005483e-04   -2.0806027535e-07   -1.5272623073e-03    1.6385743680e-07
  76.7800000   -3.4635508285e-03   -1.5383452547e-06    2.3808108126e-03    2.1444975736e-06   -4.1277978166e-04   -2.0678737794e-07   -1.5322337175e-03    1.5514484013e-07
  76.7900000   -3.5106003403e-03   -1.4275656948e-06    2.3846609975e-03    2.1972499491e-06   -4.0415757315e-04   -2.0405968661e-07   -1.5371825855e-03    1.4508156632e-07
  76.8000000   -3.5532950286e-03   -1.2789468716e-06    2.3847150254e-03    2.2152347344e-06   -3.9552972414e-04   -1.9988250813e-07   -1.5421090305e-03    1.3373299070e-07
  76.8100000   -3.5908369161e-03   -1.0937691878e-06    2.3809201739e-03    2.1977999320e-06   -3.8690242461e-04   -1.9427156684e-07   -1.5470131958e-03    1.2117546880e-07
  76.8200000   -3.6224996333e-03   -8.7416230795e-07    2.3732902995e-03    2.1448734979e-06   -3.7828171356e-04   -1.8725301273e-07   -1.5518952541e-03    1.0749575586e-07
  76.8300000   -3.6476414215e-03   -6.2308457622e-07    2.3619047075e-03    2.0569667875e-06   -3.6967343462e-04   -1.7886334080e-07   -1.5567554126e-03    9.2790346444e-08
  76.8400000   -3.6657168752e-03   -3.4428431385e-07    2.3469058938e-03    1.9351683165e-06   -3.6108319354e-04   -1.6914924007e-07   -1.5615939189e-03    7.7164731864e-08
  76.8500000   -3.6762872145e-03   -4.2243462661e-08    2.3284962098e-03    1.7811277750e-06   -3.5251631813e-04   -1.5816736910e-07   -1.5664110663e-03    6.0732570244e-08
  76.8600000   -3.6790289027e-03    2.7789553112e-07    2.3069335269e-03    1.5970305187e-06   -3.4397782067e-04   -1.4598404588e-07   -1.5712071997e-03    4.3614793965e-08
  76.8700000   -3.6737404486e-03    6.1041846101e-07    2.2825259880e-03    1.3855630752e-06   -3.3547236330e-04   -1.3267486588e-07   -1.5759827210e-03    2.5938668617e-08
  76.8800000   -3.6603472651e-03    9.4914205277e-07    2.2556259531e-03    1.1498701566e-06   -3.2700422642e-04   -1.1832426153e-07   -1.5807380944e-03    7.8367723110e-09
  76.8900000   -3.6389044845e-03    1.2875289169e-06    2.2266232545e-03    8.9350414030e-07   -3.1857728051e-04   -1.0302496807e-07   -1.5854738520e-03   -1.0554055704e-08
  76.9000000   -3.6095976658e-03    1.6188124058e-06    2.1959378925e-03    6.2036766718e-07   -3.1019496147e-04   -8.6877439798e-08   -1.5901905987e-03   -2.9093808398e-08
  76.9100000   -3.5727413639e-03    1.9361291833e-06    2.1640123058e-03    3.3465045326e-07   -3.0186024962e-04   -6.9989196502e-08   -1.5948890165e-03   -4.7640423543e-08
  76.9200000   -3.5287755676e-03    2.2326568325e-06    2.1313033607e-03    4.0761413761e-08   -2.9357565255e-04   -5.2474117872e-08   -1.5995698690e-03   -6.6050932925e-08
  76.9300000   -3.4782600437e-03    2.5017537602e-06    2.0982742026e-03   -2.5674276263e-07   -2.8534319191e-04   -3.4451673672e-08   -1.6042340053e-03   -8.4182598697e-08
  76.9400000   -3.4218666652e-03    2.7370987199e-06    2.0653861167e-03   -5.5323139476e-07   -2.7716439418e-04   -1.6046103943e-08   -1.6088823628e-03   -1.0189407308e-07
  76.9500000   -3.3603698335e-03    2.9328269487e-06    2.0330905398e-03   -8.4407469662e-07   -2.6904028553e-04    2.6144253269e-09   -1.6135159701e-03   -1.1904652674e-07
  76.9600000   -3.2946351349e-03    3.0836602585e-06    2.0018213618e-03   -1.1247184024e-06   -2.6097139067e-04    2.1398734909e-08   -1.6181359485e-03   -1.3550477310e-07
  76.9700000   -3.2256064045e-03    3.1850282260e-06    1.9719876488e-03   -1.3907571169e-06   -2.5295773581e-04    4.0173544949e-08   -1.6227435136e-03   -1.5113835778e-07
  76.9800000   -3.1542913977e-03    3.2331779525e-06    1.9439669081e-03   -1.6380049670e-06   -2.4499885551e-04    5.8804438153e-08   -1.6273399752e-03   -1.6582261187e-07
  76.9900000   -3.0817462905e-03    3.2252699765e-06    1.9180990059e-03   -1.8625624623e-06   -2.3709380347e-04    7.7156824269e-08   -1.6319267370e-03   -1.7943966129e-07
  77.0000000   -3.0090592556e-03    3.1594581418e-06    1.8946808351e-03   -2.0608784348e-06   -2.2924116710e-04    9.5096922665e-08   -1.6365052953e-03   -1.9187937491e-07
  77.0100000   -2.9373333730e-03    3.0349515595e-06    1.8739618151e-03   -2.2298061410e-06   -2.2143908572e-04    1.1249275236e-07   -1.6410772360e-03   -2.0304026671e-07
  77.0200000   -2.8676691506e-03    2.8520571045e-06    1.8561402885e-03   -2.3666525568e-06   -2.1368527219e-04    1.2921510527e-07   -1.6456442321e-03   -2.1283030360e-07
  77.0300000   -2.8011469347e-03    2.6122012618e-06    1.8413608661e-03   -2.4692201305e-06   -2.0597703784e-04    1.4513851909e-07   -1.6502080387e-03   -2.2116766554e-07
  77.0400000   -2.7388094959e-03    2.3179304853e-06    1.8297127511e-03   -2.5358404244e-06   -1.9831132041e-04    1.6014223618e-07   -1.6547704879e-03   -2.2798139799e-07
  77.0500000   -2.6816450747e-03    1.9728897123e-06    1.8212290550e-03   -2.5653990176e-06   -1.9068471484e-04    1.7411111899e-07   -1.6593334822e-03   -2.3321199829e-07
  77.0600000   -2.6305711634e-03    1.5817790503e-06    1.8158871051e-03   -2.5573514626e-06   -1.8309350656e-04    1.8693654838e-07   -1.6638989875e-03   -2.3681189212e-07
  77.0700000   -2.5864192926e-03    1.1502890958e-06    1.8136097192e-03   -2.5117300349e-06   -1.7553370703e-04    1.9851728108e-07   -1.6684690242e-03   -2.3874583153e-07
  77.0800000   -2.5499210737e-03    6.8501576957e-07    1.8142674068e-03   -2.4291412651e-06   -1.6800109126e-04    2.0876025160e-07   -1.6730456578e-03   -2.3899117457e-07
  77.0900000   -2.5216957325e-03    1.9335599260e-07    1.8176814555e-03   -2.3107543973e-06   -1.6049123698e-04    2.1758132474e-07   -1.6776309889e-03   -2.3753807916e-07
  77.1000000   -2.5022393415e-03   -3.1661414550e-07    1.8236278241e-03   -2.1582809603e-06   -1.5299956507e-04    2.2490599208e-07   -1.6822271414e-03   -2.3438959544e-07
  77.1100000   -2.4919159369e-03   -8.3627660935e-07    1.8318417647e-03   -1.9739459770e-06   -1.4552138105e-04    2.3067000450e-07   -1.6868362506e-03   -2.2956163911e-07
  77.1200000   -2.4909506722e-03   -1.3566216794e-06    1.8420230805e-03   -1.7604512885e-06   -1.3805191722e-04    2.3481992469e-07   -1.6914604497e-03   -2.2308288042e-07
  77.1300000   -2.4994251323e-03   -1.8684085458e-06    1.8538419177e-03   -1.5209316717e-06   -1.3058637504e-04    2.3731361512e-07   -1.6961018568e-03   -2.1499452215e-07
  77.1400000   -2.5172748934e-03   -2.3623333177e-06    1.8669449824e-03   -1.2589045641e-06   -1.2311996751e-04    2.3812063965e-07   -1.7007625595e-03   -2.0534997805e-07
  77.1500000   -2.5442893806e-03   -2.8292013295e-06    1.8809620687e-03   -9.7821420048e-07   -1.1564796125e-04    2.3722258431e-07   -1.7054446005e-03   -1.9421445573e-07
  77.1600000   -2.5801140385e-03   -3.2601005326e-06    1.8955127763e-03   -6.8297119356e-07   -1.0816571773e-04    2.3461329428e-07   -1.7101499618e-03   -1.8166445648e-07
  77.1700000   -2.6242547905e-03   -3.6465726118e-06    1.9102133013e-03   -3.7748850745e-07   -1.0066873359e-04    2.3029901591e-07   -1.7148805487e-03   -1.6778716511e-07
  77.1800000   -2.6760847278e-03   -3.9807785919e-06    1.9246831778e-03   -6.6214888183e-08   -9.3152679524e-05    2.2429845407e-07   -1.7196381740e-03   -1.5267978071e-07
  77.1900000   -2.7348529317e-03   -4.2556556238e-06    1.9385518573e-03    2.4633312562e-07   -8.5613437482e-05    2.1664273751e-07   -1.7244245408e-03   -1.3644874967e-07
  77.2000000   -2.7996952989e-03   -4.4650618547e-06    1.9514650117e-03    5.5563960163e-07   -7.8047135964e-05    2.0737527901e-07   -1.7292412269e-03   -1.1920894455e-07
  77.2100000   -2.8696472058e-03   -4.6039064705e-06    1.9630904578e-03    8.5725689383e-07   -7.0450183006e-05    1.9655156149e-07   -1.7340896681e-03   -1.0108276282e-07
  77.2200000   -2.9436578189e-03   -4.6682622004e-06    1.9731236046e-03    1.1468715647e-06   -6.2819296698e-05    1.8423882432e-07   -1.7389711422e-03   -8.2199184363e-08
  77.2300000   -3.0206058308e-03   -4.6554578809e-06    1.9812923354e-03    1.4203675955e-06   -5.5151532944e-05    1.7051565638e-07   -1.7438867534e-03   -6.2692761176e-08
  77.2400000   -3.0993163778e-03   -4.5641491311e-06    1.9873612642e-03    1.6738858776e-06   -4.7444310235e-05    1.5547150782e-07   -1.7488374169e-03   -4.2702581569e-08
  77.2500000   -3.1785788759e-03   -4.3943654014e-06    1.9911352811e-03    1.9038791890e-06   -3.9695431283e-05    1.3920611300e-07   -1.7538238446e-03   -2.2371204803e-08
  77.2600000   -3.2571654959e-03   -4.1475322687e-06    1.9924623481e-03    2.1071618350e-06   -3.1903101319e-05    1.2182883555e-07   -1.7588465313e-03   -1.8435594401e-09
  77.2700000   -3.3338499889e-03   -3.8264682316e-06    1.9912355109e-03    2.2809533127e-06   -2.4065942902e-05    1.0345793359e-07   -1.7639057418e-03    1.8734170599e-08
  77.2800000   -3.4074265657e-03   -3.4353556657e-06    1.9873941048e-03    2.4229153708e-06   -1.6183007172e-05    8.4219760446e-08   -1.7690014995e-03    3.9215658016e-08
  77.2900000   -3.4767285312e-03   -2.9796862794e-06    1.9809241428e-03    2.5311820559e-06   -8.2537814066e-06    6.4247881918e-08   -1.7741335754e-03    5.9455540948e-08
  77.3000000   -3.5406463839e-03   -2.4661816784e-06    1.9718578961e-03    2.6043823824e-06   -2.7819281202e-07    4.3682157708e-08   -1.7793014797e-03    7.9310528899e-08
  77.3100000   -3.5981450910e-03   -1.9026902968e-06    1.9602726846e-03    2.6416554094e-06    7.7433913948e-06    2.2667752172e-08   -1.7845044535e-03    9.8640478730e-08
  77.3200000   -3.6482802670e-03   -1.2980623010e-06    1.9462889139e-03    2.6426575879e-06    1.5810167722e-05    1.3540971968e-09   -1.7897414631e-03    1.1730944195e-07
  77.3300000   -3.6902130002e-03   -6.6200457456e-07    1.9300674014e-03    2.6075624484e-06    2.3920903821e-05   -2.0106171911e-08   -1.7950111953e-03    1.3518667689e-07
  77.3400000   -3.7232230915e-03   -4.9182341132e-09    1.9118060503e-03    2.5370527337e-06    3.2073949612e-05   -4.1558318762e-08   -1.8003120552e-03    1.5214762000e-07
  77.3500000   -3.7467204945e-03    6.6227846735e-07    1.8917359367e-03    2.4323051710e-06    4.0267251961e-05   -6.2846636190e-08   -1.8056421654e-03    1.6807479195e-07
  77.3600000   -3.7602547775e-03    1.3283387500e-06    1.8701168872e-03    2.2949683736e-06    4.8498372830e-05   -8.3815583883e-08   -1.8109993671e-03    1.8285864462e-07
  77.3700000   -3.7635224539e-03    1.9818840514e-06    1.8472326286e-03    2.1271341438e-06    5.6764510754e-05   -1.0431094003e-07   -1.8163812236e-03    1.9639835697e-07
  77.3800000   -3.7563720657e-03    2.6116053375e-06    1.8233855976e-03    1.9313028147e-06    6.5062525439e-05   -1.2418094131e-07   -1.8217850257e-03    2.0860254003e-07
  77.3900000   -3.7388069380e-03    3.2064653659e-06    1.7988915046e-03    1.7103430950e-06    7.3388965304e-05   -1.4327742491e-07   -1.8272077989e-03    2.1938988104e-07
  77.4000000   -3.7109855593e-03    3.7558981779e-06    1.7740737464e-03    1.4674473622e-06    8.1740097751e-05   -1.6145694372e-07   -1.8326463134e-03    2.2868968457e-07
  77.4100000   -3.6732195789e-03    4.2500020642e-06    1.7492577613e-03    1.2060829668e-06    9.0111941890e-05   -1.7858185168e-07   -1.8380970955e-03    2.3644234654e-07
  77.4200000   -3.6259694535e-03    4.6797225170e-06    1.7247654245e-03    9.2994025963e-07    9.8500303487e-05   -1.9452136417e-07   -1.8435564418e-03    2.4259973211e-07
  77.4300000   -3.5698378070e-03    5.0370216876e-06    1.7009095745e-03    6.4287824989e-07    1.0690081184e-04   -2.0915255758e-07   -1.8490204348e-03    2.4712546043e-07
  77.4400000   -3.5055606080e-03    5.3150311024e-06    1.6779887610e-03    3.4886865606e-07    1.1530895824e-04   -2.2236133367e-07   -1.8544849611e-03    2.4999509802e-07
  77.4500000   -3.4339963007e-03    5.5081848095e-06    1.6562822959e-03    5.1939255080e-08    1.2372013581e-04   -2.3404331325e-07   -1.8599457312e-03    2.5119625983e-07
  77.4600000   -3.3561130580e-03    5.6123302546e-06    1.6360456851e-03   -2.4388279235e-07    1.3212968021e-04   -2.4410467460e-07   -1.8653983014e-03    2.5072861521e-07
  77.4700000   -3.2729743554e-03    5.6248147979e-06    1.6175065109e-03   -5.3462670150e-07    1.4053291114e-04   -2.5246289851e-07   -1.8708380973e-03    2.4860379500e-07
  77.4800000   -3.1857230874e-03    5.5445460678e-06    1.6008608257e-03   -8.1643222002e-07    1.4892517400e-04   -2.5904745773e-07   -1.8762604391e-03    2.4484522552e-07
  77.4900000   -3.0955644754e-03    5.3720248512e-06    1.5862701071e-03   -1.0856013549e-06    1.5730188162e-04   -2.6380040866e-07   -1.8816605685e-03    2.3948784482e-07
  77.5000000   -3.0037480301e-03    5.1093497295e-06    1.5738588175e-03   -1.3386472206e-06    1.6565855552e-04   -2.6667688603e-07   -1.8870336765e-03    2.3257776349e-07
  77.5100000   -2.9115488481e-03    4.7601932143e-06    1.5637125982e-03   -1.5723391266e-06    1.7399086649e-04   -2.6764552099e-07   -1.8923749331e-03    2.2417181586e-07
  77.5200000   -2.8202485315e-03    4.3297495422e-06    1.5558771182e-03   -1.7837434690e-06    1.8229467405e-04   -2.6668874930e-07   -1.8976795175e-03    2.1433705025e-07
  77.5300000   -2.7311160255e-03    3.8246549627e-06    1.5503575883e-03   -1.9702599069e-06    1.9056606458e-04   -2.6380301790e-07   -1.9029426493e-03    2.0315014197e-07
  77.5400000   -2.6453886672e-03    3.2528817160e-06    1.5471189366e-03   -2.1296523981e-06    1.9880138762e-04   -2.5899890026e-07   -1.9081596202e-03    1.9069672990e-07
  77.5500000   -2.5642537383e-03    2.6236074411e-06    1.5460866371e-03   -2.2600748199e-06    2.0699729020e-04   -2.5230108487e-07   -1.9133258265e-03    1.7707070466e-07
  77.5600000   -2.4888308031e-03    1.9470623104e-06    1.5471481686e-03   -2.3600908897e-06    2.1515074883e-04   -2.4374828821e-07   -1.9184368013e-03    1.6237342285e-07
  77.5700000   -2.4201550998e-03    1.2343563840e-06    1.5501550693e-03   -2.4286881991e-06    2.2325909884e-04   -2.3339303018e-07   -1.9234882468e-03    1.4671290038e-07
  77.5800000   -2.3591622395e-03    4.9729030243e-07    1.5549255464e-03   -2.4652862933e-06    2.3132006087e-04   -2.2130133674e-07   -1.9284760665e-03    1.3020293219e-07
  77.5900000   -2.3066744419e-03   -2.5184747938e-07    1.5612476014e-03   -2.4697386939e-06    2.3933176425e-04   -2.0755231690e-07   -1.9333963966e-03    1.1296219331e-07
  77.6000000   -2.2633885139e-03   -1.0004932146e-06    1.5688826143e-03   -2.4423291874e-06    2.4729276705e-04   -1.9223764867e-07   -1.9382456364e-03    9.5113320143e-08
  77.6100000   -2.2298657501e-03   -1.7360264544e-06    1.5775693162e-03   -2.3837622720e-06    2.5520207264e-04   -1.7546097254e-07   -1.9430204787e-03    7.6781956426e-08
  77.6200000   -2.2065239034e-03   -2.4459907601e-06    1.5870280906e-03   -2.2951480965e-06    2.6305914256e-04   -1.5733718739e-07   -1.9477179374e-03    5.8095797702e-08
  77.6300000   -2.1936313385e-03   -3.1183125491e-06    1.5969655345e-03   -2.1779822468e-06    2.7086390562e-04   -1.3799165380e-07   -1.9523353747e-03    3.9183631473e-08
  77.6400000   -2.1913034524e-03   -3.7415141564e-06    1.6070792042e-03   -2.0341205881e-06    2.7861676312e-04   -1.1755933140e-07   -1.9568705262e-03    2.0174372929e-08
  77.6500000   -2.1995014040e-03   -4.3049172144e-06    1.6170624702e-03   -1.8657496824e-06    2.8631859003e-04   -9.6183821023e-08   -1.9613215240e-03    1.1961281369e-09
  77.6600000   -2.2180331638e-03   -4.7988326706e-06    1.6266094101e-03   -1.6753532873e-06    2.9397073231e-04   -7.4016352895e-08   -1.9656869175e-03   -1.7624741204e-08
  77.6700000   -2.2465568567e-03   -5.2147339205e-06    1.6354196653e-03   -1.4656752067e-06    3.0157500007e-04   -5.1214697972e-08   -1.9699656918e-03   -3.6164512369e-08
  77.6800000   -2.2845863358e-03   -5.5454098962e-06    1.6432031840e-03   -1.2396793284e-06    3.0913365690e-04   -2.7942043807e-08   -1.9741572835e-03   -5.4302970694e-08
  77.6900000   -2.3314988903e-03   -5.7850952805e-06    1.6496847853e-03   -1.0005072357e-06    3.1664940521e-04   -4.3658096777e-09   -1.9782615941e-03   -7.1924243984e-08
  77.7000000   -2.3865449610e-03   -5.9295754046e-06    1.6546084765e-03   -7.5143402316e-07    3.2412536778e-04    1.9343572724e-08   -1.9822789996e-03   -8.8917579906e-08
  77.7100000   -2.4488597022e-03   -5.9762638798e-06    1.6577414626e-03   -4.9582293951e-07    3.3156506566e-04    4.3013905460e-08   -1.9862103576e-03   -1.0517807681e-07
  77.7200000   -2.5174762060e-03   -5.9242514507e-06    1.6588777922e-03   -2.3707948496e-07    3.3897239246e-04    6.6472486226e-08   -1.9900570113e-03   -1.2060737064e-07
  77.7300000   -2.5913401764e-03   -5.7743251453e-06    1.6578415889e-03    2.1394475780e-08    3.4635158538e-04    8.9547393078e-08   -1.9938207896e-03   -1.3511423558e-07
  77.7400000   -2.6693258238e-03   -5.5289573339e-06    1.6544898254e-03    2.7624593419e-07    3.5370719305e-04    1.1206874631e-07   -1.9975040041e-03   -1.4861514541e-07
  77.7500000   -2.7502527293e-03   -5.1922647513e-06    1.6487146035e-03    5.2421473317e-07    3.6104404055e-04    1.3386998625e-07   -2.0011094431e-03   -1.6103475344e-07
  77.7600000   -2.8329034185e-03   -4.7699382462e-06    1.6404449112e-03    7.6217575381e-07    3.6836719178e-04    1.5478911085e-07   -2.0046403609e-03   -1.7230630307e-07
  77.7700000   -2.9160413737e-03   -4.2691444624e-06    1.6296478353e-03    9.8717876038e-07    3.7568190945e-04    1.7466990311e-07   -2.0081004649e-03   -1.8237197102e-07
  77.7800000   -2.9984292095e-03   -3.6984011785e-06    1.6163292160e-03    1.1964854018e-06    3.8299361319e-04    1.9336311078e-07   -2.0114938984e-03   -1.9118313336e-07
  77.7900000   -3.0788467360e-03   -3.0674285299e-06    1.6005337382e-03    1.3876028939e-06    3.9030783583e-04    2.1072757373e-07   -2.0148252206e-03   -1.9870054504e-07
  77.8000000   -3.1561086385e-03   -2.3869788006e-06    1.5823444615e-03    1.5583140196e-06    3.9763017846e-04    2.2663131254e-07   -2.0180993824e-03   -2.0489447234e-07
  77.8100000   -3.2290815109e-03   -1.6686478311e-06    1.5618817974e-03    1.7067029632e-06    4.0496626441e-04    2.4095254475e-07   -2.0213216999e-03   -2.0974471665e-07
  77.8200000   -3.2966999917e-03   -9.2467140837e-07    1.5393019523e-03    1.8311768531e-06    4.1232169271e-04    2.5358061817e-07   -2.0244978240e-03   -2.1324059065e-07
  77.8300000   -3.3579817674e-03   -1.6771038466e-07    1.5147948592e-03    1.9304825332e-06    4.1970199123e-04    2.6441688963e-07   -2.0276337079e-03   -2.1538080145e-07
  77.8400000   -3.4120412273e-03    5.8937167713e-07    1.4885816286e-03    2.0037186242e-06    4.2711257001e-04    2.7337549356e-07   -2.0307355708e-03   -2.1617329350e-07
  77.8500000   -3.4581015790e-03    1.3337342985e-06    1.4609115550e-03    2.0503425420e-06    4.3455867508e-04    2.8038403940e-07   -2.0338098600e-03   -2.1563498679e-07
  77.8600000   -3.4955052558e-03    2.0527852262e-06    1.4320587202e-03    2.0701725606e-06    4.4204534324e-04    2.8538418977e-07   -2.0368632100e-03   -2.1379147869e-07
  77.8700000   -3.5237224770e-03    2.7344009249e-06    1.4023182415e-03    2.0633848727e-06    4.4957735804e-04    2.8833216074e-07   -2.0399024000e-03   -2.1067667665e-07
  77.8800000   -3.5423578503e-03    3.3671383945e-06    1.3720022149e-03    2.0305057633e-06    4.5715920748e-04    2.8919909586e-07   -2.0429343093e-03   -2.0633237476e-07
  77.8900000   -3.5511549386e-03    3.9404345662e-06    1.3414354057e-03    1.9723990062e-06    4.6479504362e-04    2.8797133714e-07   -2.0459658711e-03   -2.0080778296e-07
  77.9000000   -3.5499987425e-03    4.4447896944e-06    1.3109507452e-03    1.8902487902e-06    4.7248864460e-04    2.8465058974e-07   -2.0490040259e-03   -1.9415900233e-07
  77.9100000   -3.5389160851e-03    4.8719314932e-06    1.2808846940e-03    1.7855383828e-06    4.8024337926e-04    2.7925396037e-07   -2.0520556727e-03   -1.8644847122e-07
  77.9200000   -3.5180739134e-03    5.2149570395e-06    1.2515725312e-03    1.6600248566e-06    4.8806217476e-04    2.7181389336e-07   -2.0551276211e-03   -1.7774435872e-07
  77.9300000   -3.4877755681e-03    5.4684500302e-06    1.2233436284e-03    1.5157104466e-06    4.9594748743e-04    2.6237798901e-07   -2.0582265419e-03   -1.6811995568e-07
  77.9400000   -3.4484550964e-03    5.6285712724e-06    1.1965167740e-03    1.3548107040e-06    5.0390127710e-04    2.5100870107e-07   -2.0613589192e-03   -1.5765300672e-07
  77.9500000   -3.4006697178e-03    5.6931208571e-06    1.1713956053e-03    1.1797202293e-06    5.1192498519e-04    2.3778293209e-07   -2.0645310020e-03   -1.4642505282e-07
  77.9600000   -3.3450905752e-03    5.6615709938e-06    1.1482642090e-03    9.9297641669e-07    5.2001951669e-04    2.2279151490e-07   -2.0677487571e-03   -1.3452075618e-07
  77.9700000   -3.2824919288e-03    5.5350689380e-06    1.1273829458e-03    7.9722164852e-07    5.2818522628e-04    2.0613858697e-07   -2.0710178232e-03   -1.2202720766e-07
  77.9800000   -3.2137389727e-03    5.3164100631e-06    1.1089845539e-03    5.9516467857e-07    5.3642190869e-04    1.8794086763e-07   -2.0743434671e-03   -1.0903323503e-07
  77.9900000   -3.1397744713e-03    5.0099816454e-06    1.0932705830e-03    3.8954170255e-07    5.4472879331e-04    1.6832683930e-07   -2.0777305410e-03   -9.5628733818e-08
  78.0000000   -3.0616044280e-03    4.6216784168e-06    1.0804082056e-03    1.8307773539e-07    5.5310454337e-04    1.4743583205e-07   -2.0811834429e-03   -8.1903996196e-08
  78.0100000   -2.9802830113e-03    4.1587915127e-06    1.0705274501e-03   -2.1551124556e-08    5.6154725945e-04    1.2541703099e-07   -2.0847060793e-03   -6.7949047867e-08
  78.0200000   -2.8968969695e-03    3.6298728495e-06    1.0637188910e-03   -2.2175395156e-07    5.7005448749e-04    1.0242840588e-07   -2.0883018311e-03   -5.3853031357e-08
  78.0300000   -2.8125497705e-03    3.0445774748e-06    1.0600318325e-03   -4.1505932164e-07    5.7862323123e-04    7.8635564624e-08   -2.0919735225e-03   -3.9703584269e-08
  78.0400000   -2.7283457049e-03    2.4134867526e-06    1.0594730120e-03   -5.9914716111e-07    5.8724996893e-04    5.4210557868e-08   -2.0957233937e-03   -2.5586277039e-08
  78.0500000   -2.6453741853e-03    1.7479156747e-06    1.0620058470e-03   -7.7187761636e-07    5.9593067447e-04    2.9330623648e-08   -2.0995530775e-03   -1.1584057118e-08
  78.0600000   -2.5646944708e-03    1.0597077408e-06    1.0675502325e-03   -9.3131657280e-07    6.0466084238e-04    4.1768886945e-09   -2.1034635795e-03    2.2232404848e-09
  78.0700000   -2.4873210336e-03    3.6102124653e-07    1.0759829117e-03   -1.0757575807e-06    6.1343551701e-04   -2.1066955344e-08   -2.1074552632e-03    1.5759361938e-08
  78.0800000   -2.4142097721e-03   -3.3588925696e-07    1.0871384163e-03   -1.2037397713e-06    6.2224932524e-04   -4.6216008607e-08   -2.1115278394e-03    2.8952058315e-08
  78.0900000   -2.3462452615e-03   -1.0188922626e-06    1.1008105720e-03   -1.3140616133e-06    6.3109651285e-04   -7.1085525897e-08   -2.1156803594e-03    4.1733454776e-08
  78.1000000   -2.2842292090e-03   -1.6761954118e-06    1.1167545596e-03   -1.4057903856e-06    6.3997098399e-04   -9.5492283734e-08   -2.1199112142e-03    5.4040371532e-08
  78.1100000   -2.2288702662e-03   -2.2965546058e-06    1.1346895145e-03   -1.4782672821e-06    6.4886634373e-04   -1.1925595071e-07   -2.1242181375e-03    6.5814604939e-08
  78.1200000   -2.1807753232e-03   -2.8694721703e-06    1.1543016419e-03   -1.5311081566e-06    6.5777594317e-04   -1.4220041417e-07   -2.1285982139e-03    7.7003155394e-08
  78.1300000   -2.1404423887e-03   -3.3853806610e-06    1.1752478157e-03   -1.5642000210e-06    6.6669292685e-04   -1.6415511510e-07   -2.1330478919e-03    8.7558405691e-08
  78.1400000   -2.1082551325e-03   -3.8358089362e-06    1.1971596266e-03   -1.5776933994e-06    6.7561028217e-04   -1.8495631569e-07   -2.1375630018e-03    9.7438243038e-08
  78.1500000   -2.0844791425e-03   -4.2135275580e-06    1.2196478382e-03   -1.5719909085e-06    6.8452089036e-04   -2.0444833449e-07   -2.1421387782e-03    1.0660613675e-07
  78.1600000   -2.0692599209e-03   -4.5126709245e-06    1.2423071982e-03   -1.5477321397e-06    6.9341757862e-04   -2.2248471966e-07   -2.1467698870e-03    1.1503117883e-07
  78.1700000   -2.0626226178e-03   -4.7288339641e-06    1.2647215553e-03   -1.5057754494e-06    7.0229317313e-04   -2.3892936083e-07   -2.1514504573e-03    1.2268805488e-07
  78.1800000   -2.0644734777e-03   -4.8591417688e-06    1.2864692234e-03   -1.4471769079e-06    7.1114055238e-04   -2.5365752657e-07   -2.1561741173e-03    1.2955699098e-07
  78.1900000   -2.0746029453e-03   -4.9022909210e-06    1.3071285275e-03   -1.3731669319e-06    7.1995270056e-04   -2.6655681732e-07   -2.1609340344e-03    1.3562364646e-07
  78.2000000   -2.0926903578e-03   -4.8585619069e-06    1.3262834689e-03   -1.2851249990e-06    7.2872276053e-04   -2.7752803034e-07   -2.1657229595e-03    1.4087897788e-07
  78.2100000   -2.1183101260e-03   -4.7298024508e-06    1.3435294379e-03   -1.1845530473e-06    7.3744408593e-04   -2.8648592673e-07   -2.1705332738e-03    1.4531904942e-07
  78.2200000   -2.1509392891e-03   -4.5193822097e-06    1.3584789022e-03   -1.0730480128e-06    7.4611029207e-04   -2.9335990508e-07   -2.1753570405e-03    1.4894482918e-07
  78.2300000   -2.1899663083e-03   -4.2321198289e-06    1.3707669989e-03   -9.5227407796e-07    7.5471530527e-04   -2.9809456026e-07   -2.1801860580e-03    1.5176193810e-07
  78.2400000   -2.2347009506e-03   -3.8741836922e-06    1.3800569535e-03   -8.2393521610e-07    7.6325341010e-04   -3.0065012848e-07   -2.1850119164e-03    1.5378038703e-07
  78.2500000   -2.2843851003e-03   -3.4529684274e-06    1.3860452543e-03   -6.8974839121e-07    7.7171929434e-04   -3.0100282505e-07   -2.1898260560e-03    1.5501428285e-07
  78.2600000   -2.3382043279e-03   -2.9769494969e-06    1.3884665066e-03   -5.5141806244e-07    7.8010809118e-04   -2.9914506039e-07   -2.1946198276e-03    1.5548150701e-07
  78.2700000   -2.3953000348e-03   -2.4555186650e-06    1.3870978968e-03   -4.1061233670e-07    7.8841541833e-04   -2.9508553732e-07   -2.1993845543e-03    1.5520340977e-07
  78.2800000   -2.4547819918e-03   -1.8988035111e-06    1.3817631968e-03   -2.6894120374e-07    7.9663741383e-04   -2.8884922147e-07   -2.2041115936e-03    1.5420445018e-07
  78.2900000   -2.5157410859e-03   -1.3174743622e-06    1.3723362434e-03   -1.2793722832e-07    8.0477076819e-04   -2.8047720557e-07   -2.2087924006e-03    1.5251186951e-07
  78.3000000   -2.5772620919e-03   -7.2254236087e-07    1.3587438345e-03    1.0961075629e-08    8.1281275258e-04   -2.7002643474e-07   -2.2134185906e-03    1.5015533184e-07
  78.3100000   -2.6384362874e-03   -1.2515241455e-07    1.3409679844e-03    1.4642289247e-07    8.2076124292e-04   -2.5756932870e-07   -2.2179820021e-03    1.4716657708e-07
  78.3200000   -2.6983737390e-03    4.6362503025e-07    1.3190474927e-03    2.7723565973e-07    8.2861473960e-04   -2.4319328244e-07   -2.2224747574e-03    1.4357908555e-07
  78.3300000   -2.7562150937e-03    1.0329995654e-06    1.2930787854e-03    4.0231248596e-07    8.3637238273e-04   -2.2700004954e-07   -2.2268893228e-03    1.3942773279e-07
  78.3400000   -2.8111427216e-03    1.5726598435e-06    1.2632159949e-03    5.2069636842e-07    8.4403396268e-04   -2.0910502611e-07   -2.2312185670e-03    1.3474846873e-07
  78.3500000   -2.8623910695e-03    2.0729623837e-06    1.2296702573e-03    6.3156133607e-07    8.5159992594e-04   -1.8963643336e-07   -2.2354558158e-03    1.2957800683e-07
  78.3600000   -2.9092560979e-03    2.5251066875e-06    1.1927082120e-03    7.3421063707e-07    8.5907137612e-04   -1.6873438922e-07   -2.2395949058e-03    1.2395352635e-07
  78.3700000   -2.9511036921e-03    2.9212934210e-06    1.1526497007e-03    8.2807221761e-07    8.6645007012e-04   -1.4654990461e-07   -2.2436302330e-03    1.1791239251e-07
  78.3800000   -2.9873769524e-03    3.2548627698e-06    1.1098646732e-03    9.1269174990e-07    8.7373840947e-04   -1.2324378918e-07   -2.2475567992e-03    1.1149190564e-07
  78.3900000   -3.0176022895e-03    3.5204105068e-06    1.0647693176e-03    9.8772356439e-07    8.8093942692e-04   -9.8985482544e-08   -2.2513702535e-03    1.0472906340e-07
  78.4000000   -3.0413942690e-03    3.7138796406e-06    1.0178214465e-03    1.0529198994e-06    8.8805676820e-04   -7.3951822502e-08   -2.2550669294e-03    9.7660361734e-08
  78.4100000   -3.0584591650e-03    3.8326260720e-06    9.6951517709e-04    1.1081188385e-06    8.9509466934e-04   -4.8325752255e-08   -2.2586438778e-03    9.0321590238e-08
  78.4200000   -3.0685972063e-03    3.8754571602e-06    9.2037496031e-04    1.1532314349e-06    9.0205792936e-04   -2.2294985222e-08   -2.2620988938e-03    8.2747699145e-08
  78.4300000   -3.0717035135e-03    3.8426425454e-06    8.7094901952e-04    1.1882285505e-06    9.0895187887e-04    3.9493781418e-09   -2.2654305397e-03    7.4972642353e-08
  78.4400000   -3.0677677448e-03    3.7358972176e-06    8.2180227398e-04    1.2131277310e-06    9.1578234447e-04    3.0214251792e-08   -2.2686381611e-03    6.7029296805e-08
  78.4500000   -3.0568724872e-03    3.5583372332e-06    7.7350882931e-04    1.2279807660e-06    9.2255560943e-04    5.6305988813e-08   -2.2717218977e-03    5.8949360908e-08
  78.4600000   -3.0391904415e-03    3.3144090744e-06    7.2664412782e-04    1.2328622838e-06    9.2927837080e-04    8.2031811628e-08   -2.2746826888e-03    5.0763315425e-08
  78.4700000   -3.0149804699e-03    3.0097941031e-06    6.8177685899e-04    1.2278597693e-06    9.3595769328e-04    1.0720123346e-07   -2.2775222723e-03    4.2500385063e-08
  78.4800000   -2.9845825858e-03    2.6512900011e-06    6.3946073751e-04    1.2130654767e-06    9.4260096020e-04    1.3162747171e-07   -2.2802431775e-03    3.4188537597e-08
  78.4900000   -2.9484119765e-03    2.2466715514e-06    6.0022626199e-04    1.1885704938e-06    9.4921582193e-04    1.5512883650e-07   -2.2828487124e-03    2.5854494207e-08
  78.5000000   -2.9069521628e-03    1.8045335750e-06    5.6457257152e-04    1.1544611088e-06    9.5581014210e-04    1.7753008500e-07   -2.2853429448e-03    1.7523770164e-08
  78.5100000   -2.8607474060e-03    1.3341189209e-06    5.3295952112e-04    1.1108178844e-06    9.6239194201e-04    1.9866372440e-07   -2.2877306776e-03    9.2207231481e-09
  78.5200000   -2.8103944817e-03    8.4513497872e-07    5.0580009599e-04    1.0577173115e-06    9.6896934362e-04    2.1837125637e-07   -2.2900174180e-03    9.6862402781e-10
  78.5300000   -2.7565339415e-03    3.4756221308e-07    4.8345328572e-04    9.9523615309e-07    9.7555051160e-04    2.3650437793e-07   -2.2922093415e-03   -7.2102606102e-09
  78.5400000   -2.6998409917e-03   -1.4854162181e-07    4.6621753609e-04    9.2345840950e-07    9.8214359473e-04    2.5292609174e-07   -2.2943132506e-03   -1.5294576228e-08
  78.5500000   -2.6410161153e-03   -6.3323780854e-07    4.5432489215e-04    8.4248466577e-07    9.8875666721e-04    2.6751172998e-07   -2.2963365279e-03   -2.3263776282e-08
  78.5600000   -2.5807755656e-03   -1.0968997972e-06    4.4793593988e-04    7.5244362453e-07    9.9539767022e-04    2.8014990694e-07   -2.2982870849e-03   -3.1098021771e-08
  78.5700000   -2.5198418580e-03   -1.5303993973e-06    4.4713564557e-04    6.5350553371e-07    1.0020743542e-03    2.9074336270e-07   -2.3001733064e-03   -3.8778065155e-08
  78.5800000   -2.4589343801e-03   -1.9252825485e-06    4.5193018200e-04    5.4589693661e-07    1.0087942222e-03    2.9920970675e-07   -2.3020039901e-03   -4.6285145887e-08
  78.5900000   -2.3987602401e-03   -2.2739312823e-06    4.6224481916e-04    4.2991660332e-07    1.0155644750e-03    3.0548205103e-07   -2.3037882837e-03   -5.3600873268e-08
  78.6000000   -2.3400054611e-03   -2.5697088175e-06    4.7792294378e-04    3.0595177319e-07    1.0223919577e-03    3.0950953781e-07   -2.3055356181e-03   -6.0707140187e-08
  78.6100000   -2.2833266267e-03   -2.8070849778e-06    4.9872625682e-04    1.7449413616e-07    1.0292831094e-03    3.1125773402e-07   -2.3072556377e-03   -6.7586009903e-08
  78.6200000   -2.2293430715e-03   -2.9817396433e-06    5.2433618314e-04    3.6155291971e-08    1.0362439149e-03    3.1070892359e-07   -2.3089581293e-03   -7.4219645186e-08
  78.6300000   -2.1786297011e-03   -3.0906422231e-06    5.5435650783e-04   -1.0831918930e-07    1.0432798597e-03    3.0786226856e-07   -2.3106529486e-03   -8.0590227952e-08
  78.6400000   -2.1317105159e-03   -3.1321056691e-06    5.8831723855e-04   -2.5803759546e-07    1.0503958886e-03    3.0273383955e-07   -2.3123499459e-03   -8.6679900261e-08
  78.6500000   -2.0890529030e-03   -3.1058140291e-06    6.2567967390e-04   -4.1195251067e-07    1.0575963680e-03    2.9535653229e-07   -2.3140588912e-03   -9.2470724233e-08
  78.6600000   -2.0510627475e-03   -3.0128230750e-06    6.6584263412e-04   -5.6885427854e-07    1.0648850520e-03    2.8577985770e-07   -2.3157893997e-03   -9.7944655675e-08
  78.6700000   -2.0180804046e-03   -2.8555339753e-06    7.0814979795e-04   -7.2736807432e-07    1.0722650528e-03    2.7406959569e-07   -2.3175508568e-03   -1.0308353301e-07
  78.6800000   -1.9903775612e-03   -2.6376406136e-06    7.5189806663e-04   -8.8595504471e-07    1.0797388161e-03    2.6030735715e-07   -2.3193523453e-03   -1.0786908987e-07
  78.6900000   -1.9681550040e-03   -2.3640515983e-06    7.9634685885e-04   -1.0429177863e-06    1.0873081003e-03    2.4459000015e-07   -2.3212025742e-03   -1.1228298896e-07
  78.7000000   -1.9515412999e-03   -2.0407884866e-06    8.4072822040e-04   -1.1964105552e-06    1.0949739615e-03    2.2702894312e-07   -2.3231098091e-03   -1.1630686965e-07
  78.7100000   -1.9405923837e-03   -1.6748622657e-06    8.8425761998e-04   -1.3444541919e-06    1.1027367428e-03    2.0774937818e-07   -2.3250818063e-03   -1.1992242391e-07
  78.7200000   -1.9352920383e-03   -1.2741304825e-06    9.2614528501e-04   -1.4849561150e-06    1.1105960688e-03    1.8688937202e-07   -2.3271257495e-03   -1.2311149213e-07
  78.7300000   -1.9355532389e-03   -8.4713788512e-07    9.6560791992e-04   -1.6157350001e-06    1.1185508458e-03    1.6459886885e-07   -2.3292481907e-03   -1.2585616383e-07
  78.7400000   -1.9412203292e-03   -4.0294367145e-07    1.0018806358e-03   -1.7345500334e-06    1.1265992664e-03    1.4103862335e-07   -2.3314549962e-03   -1.2813892149e-07
  78.7500000   -1.9520719822e-03    4.9061265698e-08    1.0342289126e-03   -1.8391346717e-06    1.1347388193e-03    1.1637901689e-07   -2.3337512956e-03   -1.2994277796e-07
  78.7600000   -1.9678248964e-03    4.9934346555e-07    1.0619604118e-03   -1.9272341029e-06    1.1429663049e-03    9.0798841070e-08   -2.3361414379e-03   -1.3125145236e-07
  78.7700000   -1.9881381669e-03    9.3841872986e-07    1.0844364513e-03   -1.9966460548e-06    1.1512778547e-03    6.4483996123e-08   -2.3386289524e-03   -1.3204952869e-07
  78.7800000   -2.0126182670e-03    1.3570428359e-06    1.1010829548e-03   -2.0452643248e-06    1.1596689568e-03    3.7626130590e-08   -2.3412165151e-03   -1.3232267184e-07
  78.7900000   -2.0408245701e-03    1.7463974256e-06    1.1114006896e-03   -2.0711241096e-06    1.1681344848e-03    1.0421257839e-08   -2.3439059225e-03   -1.3205780676e-07
  78.8000000   -2.0722753356e-03    2.0982673431e-06    1.1149746152e-03   -2.0724483350e-06    1.1766687321e-03   -1.6931683693e-08   -2.3466980708e-03   -1.3124333947e-07
  78.8100000   -2.1064540838e-03    2.4052060212e-06    1.1114821713e-03   -2.0476940724e-06    1.1852654501e-03   -4.4232276074e-08   -2.3495929425e-03   -1.2986936486e-07
  78.8200000   -2.1428162790e-03    2.6606855421e-06    1.1007003455e-03   -1.9955980794e-06    1.1939178900e-03   -7.1280099411e-08   -2.3525895998e-03   -1.2792788403e-07
  78.8300000   -2.1807962385e-03    2.8592284950e-06    1.0825113800e-03   -1.9152203892e-06    1.2026188489e-03   -9.7876184265e-08   -2.3556861847e-03   -1.2541300958e-07
  78.8400000   -2.2198141864e-03    2.9965189728e-06    1.0569069887e-03   -1.8059848844e-06    1.2113607187e-03   -1.2382448592e-07   -2.3588799261e-03   -1.2232119843e-07
  78.8500000   -2.2592833710e-03    3.0694905041e-06    1.0239909804e-03   -1.6677158565e-06    1.2201355381e-03   -1.4893330717e-07   -2.3621671547e-03   -1.1865142977e-07
  78.8600000   -2.2986171635e-03    3.0763891898e-06    9.8398020519e-04   -1.5006695595e-06    1.2289350472e-03   -1.7301672929e-07   -2.3655433236e-03   -1.1440541406e-07
  78.8700000   -2.3372360619e-03    3.0168107645e-06    9.3720376563e-04   -1.3055597575e-06    1.2377507445e-03   -1.9589596452e-07   -2.3690030369e-03   -1.0958777794e-07
  78.8800000   -2.3745745238e-03    2.8917108305e-06    8.8410046100e-04   -1.0835763715e-06    1.2465739454e-03   -2.1740068005e-07   -2.3725400844e-03   -1.0420621907e-07
  78.8900000   -2.4100875549e-03    2.7033880058e-06    8.2521445881e-04   -8.3639652667e-07    1.2553958421e-03   -2.3737025656e-07   -2.3761474829e-03   -9.8271658830e-08
  78.9000000   -2.4432569869e-03    2.4554403174e-06    7.6118921971e-04   -5.6618719791e-07    1.2642075646e-03   -2.5565497571e-07   -2.3798175235e-03   -9.1798367413e-08
  78.9100000   -2.4735973790e-03    2.1526956645e-06    6.9275972970e-04   -2.7559907712e-07    1.2730002422e-03   -2.7211713207e-07   -2.3835418255e-03   -8.4804072839e-08
  78.9200000   -2.5006614857e-03    1.8011176732e-06    6.2074311980e-04    3.2248857009e-08    1.2817650647e-03   -2.8663206253e-07   -2.3873113947e-03   -7.7310023643e-08
  78.9300000   -2.5240452368e-03    1.4076887416e-06    5.4602778425e-04    3.5379416644e-07    1.2904933434e-03   -2.9908906635e-07   -2.3911166877e-03   -6.9341050542e-08
  78.9400000   -2.5433921814e-03    9.8027257638e-07    4.6956113466e-04    6.8506529635e-07    1.2991765715e-03   -3.0939223672e-07   -2.3949476805e-03   -6.0925577040e-08
  78.9500000   -2.5583973552e-03    5.2745888476e-07    3.9233615317e-04    1.0217251791e-06    1.3078064831e-03   -3.1746119398e-07   -2.3987939413e-03   -5.2095601288e-08
  78.9600000   -2.5688105352e-03    5.8393242507e-08    3.1537693173e-04    1.3591238016e-06    1.3163751099e-03   -3.2323168458e-07   -2.4026447069e-03   -4.2886661940e-08
  78.9700000   -2.5744388528e-03   -4.1740454566e-07    2.3972340513e-04    1.6923592516e-06    1.3248748368e-03   -3.2665607125e-07   -2.4064889620e-03   -3.3337741738e-08
  78.9800000   -2.5751487417e-03   -8.9023002822e-07    1.6641550414e-04    2.0163463628e-06    1.3332984538e-03   -3.2770371773e-07   -2.4103155212e-03   -2.3491160470e-08
  78.9900000   -2.5708672068e-03   -1.3503878735e-06    9.6476969897e-05    2.3258921311e-06    1.3416392063e-03   -3.2636122656e-07   -2.4141131131e-03   -1.3392421398e-08
  79.0000000   -2.5615824021e-03   -1.7883861126e-06    3.0899081772e-05    2.6157768658e-06    1.3498908411e-03   -3.2263257073e-07   -2.4178704647e-03   -3.0900230193e-09
  79.0100000   -2.5473435177e-03   -2.1951269000e-06   -2.9375441183e-05    2.8808396845e-06    1.3580476490e-03   -3.1653908202e-07   -2.4215763876e-03    7.3647508384e-09
  79.0200000   -2.5282599764e-03   -2.5620901456e-06   -8.3468102605e-05    3.1160671121e-06    1.3661045040e-03   -3.0811933207e-07   -2.4252198628e-03    1.7918099113e-08
  79.0300000   -2.5044999545e-03   -2.8815062804e-06   -1.3057959286e-04    3.3166831930e-06    1.3740568977e-03   -2.9742887109e-07   -2.4287901265e-03    2.8513984177e-08
  79.0400000   -2.4762882392e-03   -3.1465147751e-06   -1.7000379844e-04    3.4782395761e-06    1.3819009695e-03   -2.8453984738e-07   -2.4322767523e-03    3.9094443818e-08
  79.0500000   -2.4439034495e-03   -3.3513052123e-06   -2.0114061054e-04    3.5967038961e-06    1.3896335325e-03   -2.6954051749e-07   -2.4356697337e-03    4.9599943856e-08
  79.0600000   -2.4076746471e-03   -3.4912380757e-06   -2.2350730016e-04    3.6685448207e-06    1.3972520940e-03   -2.5253461687e-07   -2.4389595621e-03    5.9969742509e-08
  79.0700000   -2.3679773741e-03   -3.5629427988e-06   -2.3674824706e-04    3.6908120138e-06    1.4047548712e-03   -2.3364064100e-07   -2.4421373025e-03    7.0142291550e-08
  79.0800000   -2.3252291563e-03   -3.5643910658e-06   -2.4064283114e-04    3.6612093789e-06    1.4121408023e-03   -2.1299099846e-07   -2.4451946649e-03    8.0055657882e-08
  79.0900000   -2.2798845232e-03   -3.4949438237e-06   -2.3511132121e-04    3.5781600549e-06    1.4194095516e-03   -1.9073107565e-07   -2.4481240717e-03    8.9647947895e-08
  79.1000000   -2.2324295904e-03   -3.3553709566e-06   -2.2021862708e-04    3.4408615686e-06    1.4265615105e-03   -1.6701820133e-07   -2.4509187196e-03    9.8857757732e-08
  79.1100000   -2.1833762619e-03   -3.1478431434e-06   -1.9617581199e-04    3.2493298505e-06    1.4335977925e-03   -1.4202052142e-07   -2.4535726360e-03    1.0762463968e-07
  79.1200000   -2.1332561153e-03   -2.8758959401e-06   -1.6333929793e-04    3.0044310434e-06    1.4405202231e-03   -1.1591580012e-07   -2.4560807303e-03    1.1588955815e-07
  79.1300000   -2.0826140317e-03   -2.5443666694e-06   -1.2220773377e-04    2.7078998024e-06    1.4473313258e-03   -8.8890142806e-08   -2.4584388373e-03    1.2359536898e-07
  79.1400000   -2.0320016399e-03   -2.1593052574e-06   -7.3416532980e-05    2.3623433322e-06    1.4540343015e-03   -6.1136667270e-08   -2.4606437554e-03    1.3068727464e-07
  79.1500000   -1.9819706451e-03   -1.7278606659e-06   -1.7730128115e-05    1.9712308939e-06    1.4606330046e-03   -3.2854111861e-08   -2.4626932769e-03    1.3711328276e-07
  79.1600000   -1.9330661157e-03   -1.2581450281e-06    4.3967972497e-05    1.5388681064e-06    1.4671319139e-03   -4.2454065887e-09   -2.4645862106e-03    1.4282467543e-07
  79.1700000   -1.8858198014e-03   -7.5907811501e-07    1.1068720223e-04    1.0703562238e-06    1.4735360996e-03    2.4483784289e-08   -2.4663223979e-03    1.4777642384e-07
  79.1800000   -1.8407435617e-03   -2.4021507876e-07    1.8134386890e-04    5.7153646349e-07    1.4798511854e-03    5.3126548037e-08   -2.4679027203e-03    1.5192761894e-07
  79.1900000   -1.7983229774e-03    2.8843917467e-07    2.5477680705e-04    4.8919914565e-08    1.4860833080e-03    8.1476209345e-08   -2.4693290991e-03    1.5524185443e-07
  79.2000000   -1.7590112231e-03    8.1662539131e-07    3.2976452007e-04   -4.9039619345e-07    1.4922390725e-03    1.0932783041e-07   -2.4706044878e-03    1.5768760220e-07
  79.2100000   -1.7232232747e-03    1.3340313223e-06    4.0504356129e-04   -1.0388247328e-06    1.4983255046e-03    1.3647968479e-07   -2.4717328564e-03    1.5923854818e-07
  79.2200000   -1.6913305226e-03    1.8304951222e-06    4.7932786943e-04   -1.5883964096e-06    1.5043500004e-03    1.6273471855e-07   -2.4727191672e-03    1.5987389187e-07
  79.2300000   -1.6636558618e-03    2.2962066411e-06    5.5132875597e-04   -2.1308772856e-06    1.5103202740e-03    1.8790197471e-07   -2.4735693443e-03    1.5957860768e-07
  79.2400000   -1.6404693227e-03    2.7219027977e-06    6.1977523047e-04   -2.6578941311e-06    1.5162443024e-03    2.1179798274e-07   -2.4742902343e-03    1.5834367097e-07
  79.2500000   -1.6219843037e-03    3.0990530228e-06    6.8343433414e-04   -3.1610660132e-06    1.5221302695e-03    2.3424808609e-07   -2.4748895611e-03    1.5616624173e-07
  79.2600000   -1.6083544599e-03    3.4200310984e-06    7.4113114838e-04   -3.6321398469e-06    1.5279865090e-03    2.5508770746e-07   -2.4753758728e-03    1.5304979217e-07
  79.2700000   -1.5996712977e-03    3.6782698986e-06    7.9176814549e-04   -4.0631277655e-06    1.5338214459e-03    2.7416355007e-07   -2.4757584824e-03    1.4900419466e-07
  79.2800000   -1.5959625139e-03    3.8683959509e-06    8.3434355466e-04   -4.4464438933e-06    1.5396435386e-03    2.9133471497e-07   -2.4760474030e-03    1.4404575624e-07
  79.2900000   -1.5971911160e-03    3.9863410002e-06    8.6796842893e-04   -4.7750380596e-06    1.5454612202e-03    3.0647372973e-07   -2.4762532767e-03    1.3819720761e-07
  79.3000000   -1.6032553447e-03    4.0294283097e-06    8.9188211375e-04   -5.0425243389e-06    1.5512828416e-03    3.1946747662e-07   -2.4763872983e-03    1.3148762333e-07
  79.3100000   -1.6139894163e-03    3.9964318504e-06    9.0546584308e-04   -5.2433018886e-06    1.5571166138e-03    3.3021803489e-07   -2.4764611353e-03    1.2395232311e-07
  79.3200000   -1.6291650899e-03    3.8876070754e-06    9.0825421535e-04   -5.3726658442e-06    1.5629705534e-03    3.3864338659e-07   -2.4764868433e-03    1.1563268141e-07
  79.3300000   -1.6484940545e-03    3.7046925933e-06    8.9994433416e-04   -5.4269061480e-06    1.5688524287e-03    3.4467803856e-07   -2.4764767780e-03    1.0657591321e-07
  79.3400000   -1.6716311182e-03    3.4508825365e-06    8.8040243409e-04   -5.4033923882e-06    1.5747697081e-03    3.4827350962e-07   -2.4764435051e-03    9.6834806590e-08
  79.3500000   -1.6981781803e-03    3.1307700407e-06    8.4966785425e-04   -5.3006426953e-06    1.5807295114e-03    3.4939869672e-07   -2.4763997075e-03    8.6467392504e-08
  79.3600000   -1.7276889459e-03    2.7502628507e-06    8.0795426263e-04   -5.1183752848e-06    1.5867385632e-03    3.4804012024e-07   -2.4763580919e-03    7.5536586251e-08
  79.3700000   -1.7596743364e-03    2.3164725832e-06    7.5564808004e-04   -4.8575413733e-06    1.5928031503e-03    3.4420204501e-07   -2.4763312942e-03    6.4109765694e-08
  79.3800000   -1.7936085395e-03    1.8375797199e-06    6.9330409979e-04   -4.5203383630e-06    1.5989290818e-03    3.3790646676e-07   -2.4763317856e-03    5.2258330309e-08
  79.3900000   -1.8289356316e-03    1.3226769248e-06    6.2163834528e-04   -4.1102026888e-06    1.6051216530e-03    3.2919298266e-07   -2.4763717788e-03    4.0057201862e-08
  79.4000000   -1.8650766981e-03    7.8159365052e-07    5.4151825367e-04   -3.6317821103e-06    1.6113856132e-03    3.1811852231e-07   -2.4764631368e-03    2.7584308370e-08
  79.4100000   -1.9014373643e-03    2.2470543766e-07    4.5395032184e-04   -3.0908873309e-06    1.6177251379e-03    3.0475696361e-07   -2.4766172825e-03    1.4920020474e-08
  79.4200000   -1.9374156473e-03   -3.3726836873e-07    3.6006539329e-04   -2.4944234646e-06    1.6241438044e-03    2.8919862998e-07   -2.4768451129e-03    2.1465772163e-09
  79.4300000   -1.9724100291e-03   -8.9347458735e-07    2.6110180626e-04   -1.8503019458e-06    1.6306445727e-03    2.7154965840e-07   -2.4771569156e-03   -1.0652513349e-08
  79.4400000   -2.0058276462e-03   -1.4331396407e-06    1.5838666179e-04   -1.1673341677e-06    1.6372297702e-03    2.5193125957e-07   -2.4775622900e-03   -2.3393095889e-08
  79.4500000   -2.0370924867e-03   -1.9457823647e-06    5.3315503849e-05   -4.5510807878e-07    1.6439010810e-03    2.3047887601e-07   -2.4780700738e-03   -3.5990990869e-08
  79.4600000   -2.0656534841e-03   -2.4214219201e-06   -5.2669266644e-05    2.7615035663e-07    1.6506595400e-03    2.0734122916e-07   -2.4786882738e-03   -4.8362635232e-08
  79.4700000   -2.0909923946e-03   -2.8507766561e-06   -1.5810089849e-04    1.0157288393e-06    1.6575055309e-03    1.8267926821e-07   -2.4794240042e-03   -6.0425705547e-08
  79.4800000   -2.1126313426e-03   -3.2254500064e-06   -2.6151135362e-04    1.7525912330e-06    1.6644387898e-03    1.5666504997e-07   -2.4802834297e-03   -7.2099762277e-08
  79.4900000   -2.1301399263e-03   -3.5380996091e-06   -3.6145455157e-04    2.4755484164e-06    1.6714584117e-03    1.2948051132e-07   -2.4812717172e-03   -8.3306858223e-08
  79.5000000   -2.1431417736e-03   -3.7825862933e-06   -4.5652941117e-04    3.1734345956e-06    1.6785628625e-03    1.0131618966e-07   -2.4823929932e-03   -9.3972145181e-08
  79.5100000   -2.1513204455e-03   -3.9540998526e-06   -5.4540230997e-04    3.8352864195e-06    1.6857499945e-03    7.2369875925e-08   -2.4836503099e-03   -1.0402445863e-07
  79.5200000   -2.1544245903e-03   -4.0492589764e-06   -6.2682858698e-04    4.4505217503e-06    1.6930170663e-03    4.2845219013e-08   -2.4850456189e-03   -1.1339686596e-07
  79.5300000   -2.1522722607e-03   -4.0661833109e-06   -6.9967272803e-04    5.0091152320e-06    1.7003607661e-03    1.2950275201e-08   -2.4865797529e-03   -1.2202721165e-07
  79.5400000   -2.1447543146e-03   -4.0045360178e-06   -7.6292689271e-04    5.5017675502e-06    1.7077772388e-03   -1.7103966808e-08   -2.4882524159e-03   -1.2985858460e-07
  79.5500000   -2.1318368346e-03   -3.8655358546e-06   -8.1572746992e-04    5.9200655143e-06    1.7152621164e-03   -4.7105070590e-08   -2.4900621816e-03   -1.3683978029e-07
  79.5600000   -2.1135625088e-03   -3.6519384210e-06   -8.5736937795e-04    6.2566301061e-06    1.7228105514e-03   -7.6840675609e-08   -2.4920065003e-03   -1.4292570607e-07
  79.5700000   -2.0900509338e-03   -3.3679867398e-06   -8.8731786312e-04    6.5052498537e-06    1.7304172533e-03   -1.0609999476e-07   -2.4940817141e-03   -1.4807773291e-07
  79.5800000   -2.0614978142e-03   -3.0193319987e-06   -9.0521759163e-04    6.6609970186e-06    1.7380765269e-03   -1.3467532195e-07   -2.4962830808e-03   -1.5226401844e-07
  79.5900000   -2.0281730472e-03   -2.6129259432e-06   -9.1089887386e-04    6.7203245207e-06    1.7457823138e-03   -1.6236350016e-07   -2.4986048049e-03   -1.5545973612e-07
  79.6000000   -1.9904176999e-03   -2.1568867892e-06   -9.0438090819e-04    6.6811416286e-06    1.7535282348e-03   -1.8896737445e-07   -2.5010400782e-03   -1.5764729264e-07
  79.6100000   -1.9486399015e-03   -1.6603412652e-06   -8.8587198146e-04    6.5428667963e-06    1.7613076343e-03   -2.1429719492e-07   -2.5035811258e-03   -1.5881645438e-07
  79.6200000   -1.9033096892e-03   -1.1332457641e-06   -8.5576661410e-04    6.3064565567e-06    1.7691136261e-03   -2.3817196828e-07   -2.5062192617e-03   -1.5896442828e-07
  79.6300000   -1.8549528658e-03   -5.8619005427e-07   -8.1463969000e-04    5.9744096036e-06    1.7769391395e-03   -2.6042075277e-07   -2.5089449492e-03   -1.5809588111e-07
  79.6400000   -1.8041439403e-03   -3.0187343262e-08   -7.6323766067e-04    5.5507457238e-06    1.7847769665e-03   -2.8088387293e-07   -2.5117478693e-03   -1.5622289195e-07
  79.6500000   -1.7514982393e-03    5.2354520056e-07   -7.0246696263e-04    5.0409595615e-06    1.7926198088e-03   -2.9941406709e-07   -2.5146169942e-03   -1.5336485265e-07
  79.6600000   -1.6976632946e-03    1.0638111370e-06   -6.3337984088e-04    4.4519497604e-06    1.8004603250e-03   -3.1587754359e-07   -2.5175406663e-03   -1.4954829661e-07
  79.6700000   -1.6433096208e-03    1.5796602090e-06   -5.5715780202e-04    3.7919240557e-06    1.8082911769e-03   -3.3015493182e-07   -2.5205066820e-03   -1.4480668154e-07
  79.6800000   -1.5891210114e-03    2.0606100895e-06   -4.7509297458e-04    3.0702821392e-06    1.8161050755e-03   -3.4214214940e-07   -2.5235023800e-03   -1.3918009883e-07
  79.6900000   -1.5357844921e-03    2.4968599481e-06   -3.8856768274e-04    2.2974776174e-06    1.8238948257e-03   -3.5175114871e-07   -2.5265147325e-03   -1.3271495378e-07
  79.7000000   -1.4839800773e-03    2.8794915554e-06   -2.9903256911e-04    1.4848612692e-06    1.8316533694e-03   -3.5891055507e-07   -2.5295304395e-03   -1.2546355732e-07
  79.7100000   -1.4343704842e-03    3.2006537973e-06   -2.0798362923e-04    6.4450804105e-07    1.8393738277e-03   -3.6356618472e-07   -2.5325360257e-03   -1.1748370143e-07
  79.7200000   -1.3875909579e-03    3.4537268105e-06   -1.1693853671e-04   -2.1096981292e-07    1.8470495402e-03   -3.6568144667e-07   -2.5355179377e-03   -1.0883818294e-07
  79.7300000   -1.3442393675e-03    3.6334623361e-06   -2.7412651967e-05   -1.0686199640e-06    1.8546741030e-03   -3.6523760922e-07   -2.5384626431e-03   -9.9594262207e-08
  79.7400000   -1.3048667302e-03    3.7360975272e-06    5.9104890676e-05   -1.9153547063e-06    1.8622414041e-03   -3.6223395968e-07   -2.5413567282e-03   -8.9823122746e-08
  79.7500000   -1.2699683172e-03    3.7594392434e-06    1.4117462324e-04   -2.7381597339e-06    1.8697456562e-03   -3.5668781377e-07   -2.5441869964e-03   -7.9599266490e-08
  79.7600000   -1.2399754864e-03    3.7029171814e-06    2.1742932395e-04   -3.5243037037e-06    1.8771814265e-03   -3.4863441567e-07   -2.5469405634e-03   -6.8999907265e-08
  79.7700000   -1.2152483798e-03    3.5676050252e-06    2.8659537086e-04   -4.2615446927e-06    1.8845436646e-03   -3.3812670050e-07   -2.5496049513e-03   -5.8104326003e-08
  79.7800000   -1.1960696158e-03    3.3562086387e-06    3.4751251984e-04   -4.9383303128e-06    1.8918277262e-03   -3.2523493746e-07   -2.5521681794e-03   -4.6993222442e-08
  79.7900000   -1.1826390897e-03    3.0730207135e-06    3.9915178533e-04   -5.5439883015e-06    1.8990293948e-03   -3.1004624595e-07   -2.5546188511e-03   -3.5748043593e-08
  79.8000000   -1.1750699797e-03    2.7238434245e-06    4.4063113749e-04   -6.0689039384e-06    1.9061448994e-03   -2.9266399891e-07   -2.5569462368e-03   -2.4450331969e-08
  79.8100000   -1.1733860396e-03    2.3158799433e-06    4.7122876736e-04   -6.5046813602e-06    1.9131709296e-03   -2.7320710351e-07   -2.5591403514e-03   -1.3181046375e-08
  79.8200000   -1.1775202422e-03    1.8575967970e-06    4.9039371199e-04   -6.8442859588e-06    1.9201046473e-03   -2.5180917766e-07   -2.5611920271e-03   -2.0199161032e-09
  79.8300000   -1.1873148131e-03    1.3585596936e-06    4.9775367826e-04   -7.0821653468e-06    1.9269436948e-03   -2.2861761772e-07   -2.5630929791e-03    8.9552077819e-09
  79.8400000   -1.2025226781e-03    8.2924574359e-07    4.9311995187e-04   -7.2143466285e-06    1.9336862004e-03   -2.0379257252e-07   -2.5648358655e-03    1.9668975471e-08
  79.8500000   -1.2228103207e-03    2.8083577386e-07    4.7648932737e-04   -7.2385082583e-06    1.9403307802e-03   -1.7750582326e-07   -2.5664143400e-03    3.0049126390e-08
  79.8600000   -1.2477620248e-03   -2.7500938414e-07    4.4804304587e-04   -7.1540251287e-06    1.9468765373e-03   -1.4993958591e-07   -2.5678230973e-03    4.0027073023e-08
  79.8700000   -1.2768854584e-03   -8.2638419454e-07    4.0814277721e-04   -6.9619858878e-06    1.9533230575e-03   -1.2128523336e-07   -2.5690579104e-03    4.9538420048e-08
  79.8800000   -1.3096185299e-03   -1.3613808047e-06    3.5732373302e-04   -6.6651820704e-06    1.9596704024e-03   -9.1741956233e-08   -2.5701156602e-03    5.8523461172e-08
  79.8900000   -1.3453374244e-03   -1.8683336222e-06    2.9628504446e-04   -6.2680690789e-06    1.9659190998e-03   -6.1515363392e-08   -2.5709943572e-03    6.6927625207e-08
  79.9000000   -1.3833657113e-03   -2.3360613300e-06    2.2587758370e-04   -5.7766995050e-06    1.9720701314e-03   -3.0816046252e-08   -2.5716931542e-03    7.4701873590e-08
  79.9100000   -1.4229843940e-03   -2.7541013892e-06    1.4708944971e-04   -5.1986297368e-06    1.9781249175e-03    1.4189896251e-10   -2.5722123512e-03    8.1803054252e-08
  79.9200000   -1.4634427551e-03   -3.1129322758e-06    6.1029373504e-05   -4.5428012372e-06    1.9840853004e-03    3.1142383921e-08   -2.5725533912e-03    8.8194189982e-08
  79.9300000   -1.5039698356e-03   -3.4041789850e-06   -3.1091661972e-05   -3.8193987066e-06    1.9899535246e-03    6.1968832067e-08   -2.5727188482e-03    9.3844708910e-08
  79.9400000   -1.5437863745e-03   -3.6207974186e-06   -1.2798027255e-04   -3.0396872345e-06    1.9957322161e-03    9.2405713950e-08   -2.5727124065e-03    9.8730627699e-08
  79.9500000   -1.5821170254e-03   -3.7572337887e-06   -2.2828165308e-04   -2.2158306870e-06    2.0014243587e-03    1.2224004907e-07   -2.5725388319e-03    1.0283466920e-07
  79.9600000   -1.6182026597e-03   -3.8095556906e-06   -3.3060133504e-04   -1.3606949804e-06    2.0070332701e-03    1.5126291506e-07   -2.5722039356e-03    1.0614630564e-07
  79.9700000   -1.6513125596e-03   -3.7755517892e-06   -4.3352735395e-04   -4.8763921790e-07    2.0125625758e-03    1.7927091537e-07   -2.5717145293e-03    1.0866175616e-07
  79.9800000   -1.6807563083e-03   -3.6547978868e-06   -5.3565246037e-04    3.8970178803e-07    2.0180161818e-03    2.0606760306e-07   -2.5710783741e-03    1.1038392605e-07
  79.9900000   -1.7058951778e-03   -3.4486877170e-06   -6.3559600970e-04    1.2576399663e-06    2.0233982473e-03    2.3146487417e-07   -2.5703041224e-03    1.1132226318e-07
  80.0000000   -1.7261528325e-03   -3.1604273406e-06   -7.3202517636e-04    2.1026575930e-06    2.0287131555e-03    2.5528428711e-07   -2.5694012526e-03    1.1149258416e-07
  80.0100000   -1.7410251657e-03   -2.7949929613e-06   -8.2367515291e-04    2.9116282977e-06    2.0339654850e-03    2.7735832301e-07   -2.5683799990e-03    1.1091681389e-07
  80.0200000   -1.7500890985e-03   -2.3590524745e-06   -9.0936801629e-04    3.6720316840e-06    2.0391599801e-03    2.9753157089e-07   -2.5672512758e-03    1.0962269412e-07
  80.0300000   -1.7530101924e-03   -1.8608520196e-06   -9.8802996957e-04    4.3721579254e-06    2.0443015215e-03    3.1566181277e-07   -2.5660265960e-03    1.0764343848e-07
  80.0400000   -1.7495489344e-03   -1.3100692258e-06   -1.0587066984e-03    5.0012988190e-06    2.0493950969e-03    3.3162104072e-07   -2.5647179869e-03    1.0501732154e-07
  80.0500000   -1.7395655810e-03   -7.1763570506e-07   -1.1205766175e-03    5.5499219941e-06    2.0544457720e-03    3.4529635517e-07   -2.5633379019e-03    1.0178724271e-07
  80.0600000   -1.7230234629e-03   -9.5532276672e-08   -1.1729618193e-03    6.0098253359e-06    2.0594586616e-03    3.5659076628e-07   -2.5618991289e-03    9.8000248194e-08
  80.0700000   -1.6999906833e-03    5.4343990673e-07   -1.2153365809e-03    6.3742689426e-06    2.0644389023e-03    3.6542387882e-07   -2.5604146973e-03    9.3707006962e-08
  80.0800000   -1.6706401599e-03    1.1859077322e-06   -1.2473333263e-03    6.6380822908e-06    2.0693916246e-03    3.7173246733e-07   -2.5588977833e-03    8.8961269720e-08
  80.0900000   -1.6352479935e-03    1.8181894425e-06   -1.2687459855e-03    6.7977449057e-06    2.0743219270e-03    3.7547092432e-07   -2.5573616145e-03    8.3819305269e-08
  80.1000000   -1.5941901669e-03    2.4265678431e-06   -1.2795307390e-03    6.8514389685e-06    2.0792348508e-03    3.7661158568e-07   -2.5558193744e-03    7.8339299588e-08
  80.1100000   -1.5479376115e-03    2.9975680732e-06   -1.2798041769e-03    6.7990731049e-06    2.0841353557e-03    3.7514493530e-07   -2.5542841082e-03    7.2580772136e-08
  80.1200000   -1.4970496998e-03    3.5182345667e-06   -1.2698389480e-03    6.6422769077e-06    2.0890282976e-03    3.7107967257e-07   -2.5527686290e-03    6.6603954238e-08
  80.1300000   -1.4421662525e-03    3.9764017508e-06   -1.2500570137e-03    6.3843662968e-06    2.0939184064e-03    3.6444266713e-07   -2.5512854274e-03    6.0469193959e-08
  80.1400000   -1.3839981704e-03    4.3609529270e-06   -1.2210206585e-03    6.0302803741e-06    2.0988102664e-03    3.5527876503e-07   -2.5498465827e-03    5.4236351484e-08
  80.1500000   -1.3233168282e-03    4.6620622395e-06   -1.1834214484e-03    5.5864908059e-06    2.1037082975e-03    3.4365049162e-07   -2.5484636787e-03    4.7964199699e-08
  80.1600000   -1.2609423854e-03    4.8714146093e-06   -1.1380673531e-03    5.0608855249e-06    2.1086167380e-03    3.2963760529e-07   -2.5471477226e-03    4.1709867888e-08
  80.1700000   -1.1977311915e-03    4.9823990653e-06   -1.0858682798e-03    4.4626285915e-06    2.1135396293e-03    3.1333655953e-07   -2.5459090690e-03    3.5528275994e-08
  80.1800000   -1.1345624776e-03    4.9902713229e-06   -1.0278202851e-03    3.8019989153e-06    2.1184808013e-03    2.9485981581e-07   -2.5447573495e-03    2.9471625261e-08
  80.1900000   -1.0723245387e-03    4.8922819400e-06   -9.6498874976e-04    3.0902105747e-06    2.1234438605e-03    2.7433506846e-07   -2.5437014071e-03    2.3588899762e-08
  80.2000000   -1.0119006243e-03    4.6877671524e-06   -8.9849081191e-04    2.3392177671e-06    2.1284321786e-03    2.5190435227e-07   -2.5427492379e-03    1.7925426999e-08
  80.2100000   -9.5415475980e-04    4.3781999746e-06   -8.2947736004e-04    1.5615081517e-06    2.1334488827e-03    2.2772304603e-07   -2.5419079380e-03    1.2522453767e-08
  80.2200000   -8.9991772428e-04    3.9672001323e-06   -7.5911488807e-04    7.6988802773e-07    2.1384968479e-03    2.0195879208e-07   -2.5411836589e-03    7.4168043430e-09
  80.2300000   -8.4997341115e-04    3.4605019451e-06   -6.8856751013e-04   -2.2736747015e-08    2.1435786903e-03    1.7479031798e-07   -2.5405815689e-03    2.6405552624e-09
  80.2400000   -8.0504579319e-04    2.8658802926e-06   -6.1897942242e-04   -8.0358033769e-07    2.1486967615e-03    1.4640618685e-07   -2.5401058228e-03   -1.7792208688e-09
  80.2500000   -7.6578670580e-04    2.1930353514e-06   -5.5145808604e-04   -1.5601930486e-06    2.1538531449e-03    1.1700348558e-07   -2.5397595385e-03   -5.8206485664e-09
  80.2600000   -7.3276465195e-04    1.4534379878e-06   -4.8705838341e-04   -2.2806701990e-06    2.1590496530e-03    8.6786428818e-08   -2.5395447822e-03   -9.4671998206e-09
  80.2700000   -7.0645481688e-04    6.6013805529e-07   -4.2676797913e-04   -2.9538507927e-06    2.1642878254e-03    5.5964947010e-08   -2.5394625607e-03   -1.2707790435e-08
  80.2800000   -6.8723046423e-04   -1.7246118868e-07   -3.7149409363e-04   -3.5695003427e-06    2.1695689288e-03    2.4753197608e-08   -2.5395128225e-03   -1.5536785277e-08
  80.2900000   -6.7535586286e-04   -1.0288586830e-06   -3.2205186104e-04   -4.1184764988e-06    2.1748939570e-03   -6.6319155249e-09   -2.5396944655e-03   -1.7953981795e-08
  80.3000000   -6.7098087201e-04   -1.8927368425e-06   -2.7915441677e-04   -4.5928751412e-06    2.1802636329e-03   -3.7972280397e-08   -2.5400053535e-03   -1.9964508190e-08
  80.3100000   -6.7413728745e-04   -2.7472630411e-06   -2.4340482533e-04   -4.9861536596e-06    2.1856784100e-03   -6.9050092726e-08   -2.5404423394e-03   -2.1578676519e-08
  80.3200000   -6.8473702084e-04   -3.5754061793e-06   -2.1528992323e-04   -5.2932282432e-06    2.1911384763e-03   -9.9649386806e-08   -2.5410012961e-03   -2.2811774167e-08
  80.3300000   -7.0257216059e-04   -4.3602624412e-06   -1.9517612042e-04   -5.5105449663e-06    2.1966437573e-03   -1.2955754959e-07   -2.5416771545e-03   -2.3683793050e-08
  80.3400000   -7.2731692951e-04   -5.0853840792e-06   -1.8330716782e-04   -5.6361230999e-06    2.2021939209e-03   -1.5856680434e-07   -2.5424639475e-03   -2.4219126615e-08
  80.3500000   -7.5853152632e-04   -5.7351049654e-06   -1.7980386518e-04   -5.6695701091e-06    2.2077883819e-03   -1.8647567115e-07   -2.5433548613e-03   -2.4446201288e-08
  80.3600000   -7.9566780707e-04   -6.2948567586e-06   -1.8466565177e-04   -5.6120681313e-06    2.2134263078e-03   -2.1309037801e-07   -2.5443422911e-03   -2.4397066351e-08
  80.3700000   -8.3807673304e-04   -6.7514693939e-06   -1.9777399277e-04   -5.4663325412e-06    2.2191066243e-03   -2.3822621507e-07   -2.5454179037e-03   -2.4106951759e-08
  80.3800000   -8.8501748374e-04   -7.0934500684e-06   -2.1889744730e-04   -5.2365434290e-06    2.2248280215e-03   -2.6170882334e-07   -2.5465727038e-03   -2.3613781001e-08
  80.3900000   -9.3566810582e-04   -7.3112350837e-06   -2.4769827915e-04   -4.9282514177e-06    2.2305889609e-03   -2.8337542487e-07   -2.5477971050e-03   -2.2957665928e-08
  80.4000000   -9.8913754362e-04   -7.3974092905e-06   -2.8374045111e-04   -4.5482598555e-06    2.2363876817e-03   -3.0307595096e-07   -2.5490810048e-03   -2.2180348367e-08
  80.4100000   -1.0444788741e-03   -7.3468886379e-06   -3.2649882558e-04   -4.1044855911e-06    2.2422222081e-03   -3.2067409455e-07   -2.5504138618e-03   -2.1324665055e-08
  80.4200000   -1.1007035479e-03   -7.1570617234e-06   -3.7536938130e-04   -3.6058011666e-06    2.2480903569e-03   -3.3604826064e-07   -2.5517847765e-03   -2.0433963646e-08
  80.4300000   -1.1567964223e-03   -6.8278871104e-06   -4.2968024620e-04   -3.0618615555e-06    2.2539897448e-03   -3.4909241671e-07   -2.5531825732e-03   -1.9551527584e-08
  80.4400000   -1.2117313555e-03   -6.3619439171e-06   -4.8870333968e-04   -2.4829185955e-06    2.2599177964e-03   -3.5971681688e-07   -2.5545958834e-03   -1.8719993993e-08
  80.4500000   -1.2644871243e-03   -5.7644339950e-06   -5.5166641724e-04   -1.8796267022e-06    2.2658717522e-03   -3.6784864761e-07   -2.5560132297e-03   -1.7980784208e-08
  80.4600000   -1.3140634166e-03   -5.0431349571e-06   -6.1776530900e-04   -1.2628433938e-06    2.2718486771e-03   -3.7343251177e-07   -2.5574231095e-03   -1.7373538967e-08
  80.4700000   -1.3594966513e-03   -4.2083042097e-06   -6.8617615680e-04   -6.4342938273e-07    2.2778454685e-03   -3.7643081529e-07   -2.5588140783e-03   -1.6935573969e-08
  80.4800000   -1.3998753759e-03   -3.2725350092e-06   -7.5606745700e-04   -3.2051142631e-08    2.2838588660e-03   -3.7682402562e-07   -2.5601748313e-03   -1.6701363866e-08
  80.4900000   -1.4343549993e-03   -2.2505664823e-06   -8.2661172280e-04    5.6101089473e-07    2.2898854595e-03   -3.7461079266e-07   -2.5614942830e-03   -1.6702034088e-08
  80.5000000   -1.4621716238e-03   -1.1590505578e-06   -8.9699660899e-04    1.1260440349e-06    2.2959217000e-03   -3.6980795460e-07   -2.5627616450e-03   -1.6964926941e-08
  80.5100000   -1.4826547540e-03   -1.6279461783e-08   -9.6643534960e-04    1.6540715835e-06    2.3019639082e-03   -3.6245040543e-07   -2.5639664993e-03   -1.7513180390e-08
  80.5200000   -1.4952386810e-03    1.1581217803e-06   -1.0341763790e-03    2.1370049789e-06    2.3080082859e-03   -3.5259084115e-07   -2.5650988692e-03   -1.8365340783e-08
  80.5300000   -1.4994723512e-03    2.3435326253e-06   -1.0995120284e-03    2.5677768894e-06    2.3140509263e-03   -3.4029937529e-07   -2.5661492857e-03   -1.9535064699e-08
  80.5400000   -1.4950275561e-03    3.5186983420e-06   -1.1617862111e-03    2.9404529571e-06    2.3200878252e-03   -3.2566304160e-07   -2.5671088487e-03   -2.1030844959e-08
  80.5500000   -1.4817053062e-03    4.6621089312e-06   -1.2204010319e-03    3.2503202644e-06    2.3261148933e-03   -3.0878516467e-07   -2.5679692839e-03   -2.2855789998e-08
  80.5600000   -1.4594402756e-03    5.7523890119e-06   -1.2748222775e-03    3.4939510288e-06    2.3321279683e-03   -2.8978462942e-07   -2.5687229939e-03   -2.5007492670e-08
  80.5700000   -1.4283032365e-03    6.7686915385e-06   -1.3245837665e-03    3.6692405662e-06    2.3381228279e-03   -2.6879502736e-07   -2.5693631037e-03   -2.7477925481e-08
  80.5800000   -1.3885014309e-03    7.6910882414e-06   -1.3692905599e-03    3.7754190730e-06    2.3440952037e-03   -2.4596371574e-07   -2.5698834998e-03   -3.0253428974e-08
  80.5900000   -1.3403768607e-03    8.5009495071e-06   -1.4086210502e-03    3.8130372828e-06    2.3500407955e-03   -2.2145076074e-07   -2.5702788635e-03   -3.3314750187e-08
  80.6000000   -1.2844025059e-03    9.1813066866e-06   -1.4423279677e-03    3.7839265987e-06    2.3559552862e-03   -1.9542781924e-07   -2.5705446975e-03   -3.6637145991e-08
  80.6100000   -1.2211765158e-03    9.7171897766e-06   -1.4702383574e-03    3.6911346411e-06    2.3618343578e-03   -1.6807690757e-07   -2.5706773461e-03   -4.0190560573e-08
  80.6200000   -1.1514144486e-03    1.0095933454e-05   -1.4922525948e-03    3.5388378868e-06    2.3676737074e-03   -1.3958912202e-07   -2.5706740082e-03   -4.3939856676e-08
  80.6300000   -1.0759396634e-03    1.0307446609e-05   -1.5083425211e-03    3.3322333304e-06    2.3734690648e-03   -1.1016328949e-07   -2.5705327444e-03   -4.7845114898e-08
  80.6400000   -9.9567199928e-04    1.0344439078e-05   -1.5185487861e-03    3.0774115051e-06    2.3792162097e-03   -8.0004561770e-08   -2.5702524770e-03   -5.1862000571e-08
  80.6500000   -9.1161489964e-04    1.0202600978e-05   -1.5229774974e-03    2.7812136977e-06    2.3849109907e-03   -4.9322968979e-08   -2.5698329835e-03   -5.5942160924e-08
  80.6600000   -8.2484116887e-04    9.8807308040e-06   -1.5217962745e-03    2.4510763230e-06    2.3905493435e-03   -1.8331939427e-08   -2.5692748835e-03   -6.0033715887e-08
  80.6700000   -7.3647756580e-04    9.3808091965e-06   -1.5152298140e-03    2.0948658164e-06    2.3961273109e-03    1.2753198247e-08   -2.5685796200e-03   -6.4081757620e-08
  80.6800000   -6.4768845917e-04    8.7080163437e-06   -1.5035550652e-03    1.7207074361e-06    2.4016410626e-03    4.3716732825e-08   -2.5677494340e-03   -6.8028925493e-08
  80.6900000   -5.5965878436e-04    7.8706919257e-06   -1.4870961186e-03    1.3368115231e-06    2.4070869150e-03    7.4344082866e-08   -2.5667873337e-03   -7.1816008872e-08
  80.7000000   -4.7357655272e-04    6.8802375529e-06   -1.4662189010e-03    9.5130083890e-07    2.4124613524e-03    1.0442329824e-07   -2.5656970586e-03   -7.5382576860e-08
  80.7100000   -3.9061517270e-04    5.7509626983e-06   -1.4413257676e-03    5.7204249109e-07    2.4177610470e-03    1.3374655174e-07   -2.5644830377e-03   -7.8667650094e-08
  80.7200000   -3.1191584547e-04    4.4998761875e-06   -1.4128500703e-03    2.0648786959e-07    2.4229828799e-03    1.6211158409e-07   -2.5631503442e-03   -8.1610378095e-08
  80.7300000   -2.3857029802e-04    3.1464262564e-06   -1.3812507746e-03   -1.3847606294e-07    2.4281239613e-03    1.8932311698e-07   -2.5617046452e-03   -8.4150746504e-08
  80.7400000   -1.7160411275e-04    1.7121932744e-06   -1.3470071873e-03   -4.5666131822e-07    2.4331816514e-03    2.1519421161e-07   -2.5601521479e-03   -8.6230277919e-08
  80.7500000   -1.1196090483e-04    2.2053996774e-07   -1.3106138438e-03   -7.4269638395e-07    2.4381535796e-03    2.3954757146e-07   -2.5584995428e-03   -8.7792744724e-08
  80.7600000   -6.0487587013e-05   -1.3037750526e-06   -1.2725755969e-03   -9.9212445049e-07    2.4430376640e-03    2.6221676278e-07   -2.5567539434e-03   -8.8784868367e-08
  80.7700000   -1.7920946443e-05   -2.8350139700e-06   -1.2334029341e-03   -1.2014804406e-06    2.4478321302e-03    2.8304737563e-07   -2.5549228250e-03   -8.9157003758e-08
  80.7800000    1.5124259649e-05   -4.3468996282e-06   -1.1936075437e-03   -1.3683457738e-06    2.4525355285e-03    3.0189807062e-07   -2.5530139603e-03   -8.8863800837e-08
  80.7900000    3.8165506207e-05   -5.8130709880e-06   -1.1536981354e-03   -1.4913788814e-06    2.4571467507e-03    3.1864156112e-07   -2.5510353548e-03   -8.7864845482e-08
  80.8000000    5.0860838882e-05   -7.2075460519e-06   -1.1141765177e-03   -1.5703209108e-06    2.4616650454e-03    3.3316547036e-07   -2.5489951817e-03   -8.6125259431e-08
  80.8100000    5.3015215596e-05   -8.5051842801e-06   -1.0755339256e-03   -1.6059785759e-06    2.4660900313e-03    3.4537309117e-07   -2.5469017158e-03   -8.3616254427e-08
  80.8200000    4.4584747482e-05   -9.6821402432e-06   -1.0382475800e-03   -1.6001829304e-06    2.4704217099e-03    3.5518403818e-07   -2.5447632688e-03   -8.0315639023e-08
  80.8300000    2.5678763772e-05   -1.0716300278e-05   -1.0027774643e-03   -1.5557256290e-06    2.4746604756e-03    3.6253477245e-07   -2.5425881251e-03   -7.6208280697e-08
  80.8400000   -3.4403416358e-06   -1.1587694226e-05   -9.6956329280e-04   -1.4762736564e-06    2.4788071240e-03    3.6737901123e-07   -2.5403844792e-03   -7.1286480573e-08
  80.8500000   -4.2359491347e-05   -1.2278874337e-05   -9.3902165087e-04   -1.3662661473e-06    2.4828628580e-03    3.6968801591e-07   -2.5381603753e-03   -6.5550323285e-08
  80.8600000   -9.0519512709e-05   -1.2775254741e-05   -9.1154328064e-04   -1.2307937187e-06    2.4868292920e-03    3.6945075224e-07   -2.5359236486e-03   -5.9007916138e-08
  80.8700000   -1.4722187740e-04   -1.3065404662e-05   -8.8749049076e-04   -1.0754635001e-06    2.4907084532e-03    3.6667392345e-07   -2.5336818704e-03   -5.1675580852e-08
  80.8800000   -2.1163750704e-04   -1.3141289757e-05   -8.6719467317e-04   -9.0625348539e-07    2.4945027803e-03    3.6138188208e-07   -2.5314422959e-03   -4.3577951472e-08
  80.8900000   -2.8281752746e-04   -1.2998456781e-05   -8.5095391225e-04   -7.2935916176e-07    2.4982151203e-03    3.5361641196e-07   -2.5292118158e-03   -3.4748016689e-08
  80.9000000   -3.5970582651e-04   -1.2636157518e-05   -8.3903067819e-04   -5.5103581402e-07    2.5018487216e-03    3.4343639116e-07   -2.5269969118e-03   -2.5227041966e-08
  80.9100000   -4.4115324358e-04   -1.2057409302e-05   -8.3164960245e-04   -3.7744010769e-07    2.5054072246e-03    3.3091733254e-07   -2.5248036165e-03   -1.5064449190e-08
  80.9200000   -5.2593319455e-04   -1.1268990186e-05   -8.2899534117e-04   -2.1447440095e-07    2.5088946500e-03    3.1615080728e-07   -2.5226374779e-03   -4.3175863157e-09
  80.9300000   -6.1275851440e-04   -1.0281368275e-05   -8.3121054050e-04   -6.7637653893e-08    2.5123153832e-03    2.9924375510e-07   -2.5205035282e-03    6.9485728875e-09
  80.9400000   -7.0029928174e-04   -9.1085656162e-06   -8.3839392303e-04    5.8114131794e-08    2.5156741567e-03    2.8031769158e-07   -2.5184062580e-03    1.8661813982e-08
  80.9500000   -7.8720137410e-04   -7.7679584619e-06   -8.5059852438e-04    1.5849462290e-07    2.5189760291e-03    2.5950780885e-07   -2.5163495956e-03    3.0743142591e-08
  80.9600000   -8.7210549256e-04   -6.2800166469e-06   -8.6783011418e-04    2.2999830249e-07    2.5222263616e-03    2.3696198421e-07   -2.5143368908e-03    4.3107328280e-08
  80.9700000   -9.5366638558e-04   -4.6679860819e-06   -8.9004584585e-04    2.6999289081e-07    2.5254307911e-03    2.1283970973e-07   -2.5123709046e-03    5.5663513005e-08
  80.9800000   -1.0305719993e-03   -2.9575192509e-06   -9.1715318024e-04    2.7679176625e-07    2.5285952020e-03    1.8731092016e-07   -2.5104538036e-03    6.8315888356e-08
  80.9900000   -1.1015622821e-03   -1.1762598232e-06   -9.4900913319e-04    2.4970316835e-07    2.5317256936e-03    1.6055477807e-07   -2.5085871597e-03    8.0964442630e-08
  81.0000000   -1.1654473743e-03    6.4661199363e-07   -9.8541989871e-04    1.8905612931e-07    2.5348285472e-03    1.3275838198e-07   -2.5067719545e-03    9.3505753946e-08
  81.0100000   -1.2211249240e-03    2.4808656314e-06   -1.0261409126e-03    9.6202293798e-08    2.5379101890e-03    1.0411542377e-07   -2.5050085889e-03    1.0583384287e-07
  81.0200000   -1.2675962793e-03    4.2957297807e-06   -1.0708773950e-03   -2.6506885346e-08    2.5409771527e-03    7.4824801903e-08   -2.5032968976e-03    1.1784106399e-07
  81.0300000   -1.3039813272e-03    6.0604167205e-06   -1.1192854297e-03   -1.7576771742e-07    2.5440360392e-03    4.5089223079e-08   -2.5016361671e-03    1.2941903588e-07
  81.0400000   -1.3295317570e-03    7.7446522122e-06   -1.1709736228e-03   -3.4739435058e-07    2.5470934753e-03    1.5113739621e-08   -2.5000251593e-03    1.4045959191e-07
  81.0500000   -1.3436425674e-03    9.3192018953e-06   -1.2255053824e-03   -5.3641109209e-07    2.5501560714e-03   -1.4895676255e-08   -2.4984621376e-03    1.5085576829e-07
  81.0600000   -1.3458616433e-03    1.0756385124e-05   -1.2824018510e-03   -7.3716538593e-07    2.5532303773e-03   -4.4733586731e-08   -2.4969448980e-03    1.6050277410e-07
  81.0700000   -1.3358972548e-03    1.2030566031e-05   -1.3411455072e-03   -9.4345846693e-07    2.5563228385e-03   -7.4196537009e-08   -2.4954708022e-03    1.6929899847e-07
  81.0800000   -1.3136233784e-03    1.3118614993e-05   -1.4011844491e-03   -1.1486911581e-06    2.5594397513e-03   -1.0308446104e-07   -2.4940368144e-03    1.7714698090e-07
  81.0900000   -1.2790827505e-03    1.4000330828e-05   -1.4619373519e-03   -1.3460217008e-06    2.5625872187e-03   -1.3120207517e-07   -2.4926395407e-03    1.8395437759e-07
  81.1000000   -1.2324876030e-03    1.4658816142e-05   -1.5227990868e-03   -1.5285322740e-06    2.5657711055e-03   -1.5836022815e-07   -2.4912752701e-03    1.8963491245e-07
  81.1100000   -1.1742180629e-03    1.5080798983e-05   -1.5831469634e-03   -1.6894006231e-06    2.5689969953e-03   -1.8437719907e-07   -2.4899400173e-03    1.9410926488e-07
  81.1200000   -1.1048182279e-03    1.5256894746e-05   -1.6423475503e-03   -1.8220728880e-06    2.5722701481e-03   -2.0907993448e-07   -2.4886295674e-03    1.9730595375e-07
  81.1300000   -1.0249899641e-03    1.5181803408e-05   -1.6997640118e-03   -1.9204338695e-06    2.5755954588e-03   -2.3230522324e-07   -2.4873395205e-03    1.9916213754e-07
  81.1400000   -9.3558450253e-04    1.4854437168e-05   -1.7547638818e-03   -1.9789709320e-06    2.5789774180e-03   -2.5390079426e-07   -2.4860653378e-03    1.9962436434e-07
  81.1500000   -8.3759193532e-04    1.4277977501e-05   -1.8067271851e-03   -1.9929278229e-06    2.5824200750e-03   -2.7372632524e-07   -2.4848023865e-03    1.9864926212e-07
  81.1600000   -7.3212875648e-04    1.3459858776e-05   -1.8550547993e-03   -1.9584446443e-06    2.5859270027e-03   -2.9165437338e-07   -2.4835459855e-03    1.9620414564e-07
  81.1700000   -6.2042360417e-04    1.2411678206e-05   -1.8991769420e-03   -1.8726808958e-06    2.5895012654e-03   -3.0757119112e-07   -2.4822914492e-03    1.9226754415e-07
  81.1800000   -5.0380139116e-04    1.1149033394e-05   -1.9385616566e-03   -1.7339183258e-06    2.5931453900e-03   -3.2137746220e-07   -2.4810341312e-03    1.8682963073e-07
  81.1900000   -3.8366603260e-04    9.6912896064e-06   -1.9727231596e-03   -1.5416411259e-06    2.5968613404e-03   -3.3298890838e-07   -2.4797694651e-03    1.7989258692e-07
  81.2000000   -2.6148199984e-04    8.0612803118e-06   -2.0012299139e-03   -1.2965912613e-06    2.6006504947e-03   -3.4233680645e-07   -2.4784930044e-03    1.7147083697e-07
  81.2100000   -1.3875494461e-04    6.2849456492e-06   -2.0237122821e-03   -1.0007969951e-06    2.6045136277e-03   -3.4936837863e-07   -2.4772004599e-03    1.6159119206e-07
  81.2200000   -1.7011650648e-05    4.3909146440e-06   -2.0398696163e-03   -6.5757365700e-07    2.6084508963e-03   -3.5404706532e-07   -2.4758877340e-03    1.5029290652e-07
  81.2300000    1.0222042010e-04    2.4100379523e-06   -2.0494766416e-03   -2.7149616478e-07    2.6124618294e-03   -3.5635269377e-07   -2.4745509527e-03    1.3762759484e-07
  81.2400000    2.1743371354e-04    3.7487888068e-07   -2.0523890006e-03    1.5165695855e-07    2.6165453228e-03   -3.5628151529e-07   -2.4731864941e-03    1.2365906957e-07
  81.2500000    3.2716102720e-04   -1.6808288561e-06   -2.0485478271e-03    6.0498735766e-07    2.6206996377e-03   -3.5384613431e-07   -2.4717910142e-03    1.0846305900e-07
  81.2600000    4.2999553717e-04   -3.7227474426e-06   -2.0379832351e-03    1.0805872556e-06    2.6249224046e-03   -3.4907531708e-07   -2.4703614683e-03    9.2126813722e-08
  81.2700000    5.2461013895e-04   -5.7165158226e-06   -2.0208166191e-03    1.5696748217e-06    2.6292106314e-03   -3.4201368422e-07   -2.4688951293e-03    7.4748616815e-08
  81.2800000    6.0977584166e-04   -7.6283351540e-06   -1.9972616783e-03    2.0627521032e-06    2.6335607166e-03   -3.3272129440e-07   -2.4673896023e-03    5.6437185189e-08
  81.2900000    6.8437896692e-04   -9.4255487732e-06   -1.9676240983e-03    2.5497827358e-06    2.6379684666e-03   -3.2127313291e-07   -2.4658428352e-03    3.7310972679e-08
  81.3000000    7.4743691827e-04   -1.1077206723e-05   -1.9322998406e-03    3.0203856444e-06    2.6424291184e-03   -3.0775847474e-07   -2.4642531255e-03    1.7497379365e-08
  81.3100000    7.9811230560e-04   -1.2554604964e-05   -1.8917720201e-03    3.4640429041e-06    2.6469373662e-03   -2.9228016733e-07   -2.4626191231e-03   -2.8681346896e-09
  81.3200000    8.3572523027e-04   -1.3831789853e-05   -1.8466063623e-03    3.8703159891e-06    2.6514873925e-03   -2.7495381442e-07   -2.4609398297e-03   -2.3642995022e-08
  81.3300000    8.5976355903e-04   -1.4886019037e-05   -1.7974452659e-03    4.2290659196e-06    2.6560729034e-03   -2.5590687653e-07   -2.4592145942e-03   -4.4678580858e-08
  81.3400000    8.6989104340e-04   -1.5698170459e-05   -1.7450005258e-03    4.5306740568e-06    2.6606871685e-03   -2.3527769678e-07   -2.4574431043e-03   -6.5821303437e-08
  81.3500000    8.6595316540e-04   -1.6253092175e-05   -1.6900447806e-03    4.7662583722e-06    2.6653230637e-03   -2.1321446041e-07   -2.4556253753e-03   -8.6913796487e-08
  81.3600000    8.4798062168e-04   -1.6539886683e-05   -1.6334017872e-03    4.9278810681e-06    2.6699731178e-03   -1.8987406998e-07   -2.4537617349e-03   -1.0779611182e-07
  81.3700000    8.1619038915e-04   -1.6552124380e-05   -1.5759356415e-03    5.0087426629e-06    2.6746295627e-03   -1.6542099876e-07   -2.4518528052e-03   -1.2830699862e-07
  81.3800000    7.7098434540e-04   -1.6287981983e-05   -1.5185390889e-03    5.0033586883e-06    2.6792843855e-03   -1.4002607847e-07   -2.4498994824e-03   -1.4828517515e-07
  81.3900000    7.1294544848e-04   -1.5750303193e-05   -1.4621210858e-03    4.9077150640e-06    2.6839293845e-03   -1.1386525634e-07   -2.4479029131e-03   -1.6757064618e-07
  81.4000000    6.4283151349e-04   -1.4946580000e-05   -1.4075937977e-03    4.7193970989e-06    2.6885562255e-03   -8.7118337743e-08   -2.4458644687e-03   -1.8600601183e-07
  81.4100000    5.6156665381e-04   -1.3888854504e-05   -1.3558592207e-03    4.4376915554e-06    2.6931565013e-03   -5.9967694208e-08   -2.4437857181e-03   -2.0343778956e-07
  81.4200000    4.7023048518e-04   -1.2593542363e-05   -1.3077956377e-03    4.0636574581e-06    2.6977217917e-03   -3.2596974840e-08   -2.4416683986e-03   -2.1971770924e-07
  81.4300000    3.7004522004e-04   -1.1081180485e-05   -1.2642441249e-03    3.6001635560e-06    2.7022437241e-03   -5.1898199770e-09   -2.4395143848e-03   -2.3470399429e-07
  81.4400000    2.6236080719e-04   -9.3761027964e-06   -1.2259953261e-03    3.0518912400e-06    2.7067140353e-03    2.2071410286e-08   -2.4373256579e-03   -2.4826259345e-07
  81.4500000    1.4863829741e-04   -7.5060491499e-06   -1.1937767150e-03    2.4253020283e-06    2.7111246318e-03    4.9006895445e-08   -2.4351042730e-03   -2.6026838340e-07
  81.4600000    3.0431639426e-05   -5.5017137091e-06   -1.1682405636e-03    1.7285695111e-06    2.7154676510e-03    7.5440576582e-08   -2.4328523273e-03   -2.7060629926e-07
  81.4700000   -9.0631869186e-05   -3.3962401958e-06   -1.1499528251e-03    9.7147620281e-07    2.7197355200e-03    1.0120134098e-07   -2.4305719271e-03   -2.7917240936e-07
  81.4800000   -2.1287223278e-04   -1.2246722200e-06   -1.1393831328e-03    1.6527660178e-07    2.7239210136e-03    1.2612415494e-07   -2.4282651571e-03   -2.8587490000e-07
  81.4900000   -3.3457825168e-04    9.7663205376e-07   -1.1368960960e-03   -6.7747148800e-07    2.7280173100e-03    1.5005115668e-07   -2.4259340480e-03   -2.9063497389e-07
  81.5000000   -4.5402958956e-04    3.1706111459e-06   -1.1427440628e-03   -1.5431050177e-06    2.7320180440e-03    1.7283266775e-07   -2.4235805479e-03   -2.9338767220e-07
  81.5100000   -5.6951913457e-04    5.3201271240e-06   -1.1570614906e-03   -2.4170801696e-06    2.7359173574e-03    1.9432814610e-07   -2.4212064927e-03   -2.9408257611e-07
  81.5200000   -6.7937537033e-04    7.3885973563e-06   -1.1798610470e-03   -3.2842188495e-06    2.7397099459e-03    2.1440706655e-07   -2.4188135801e-03   -2.9268439072e-07
  81.5300000   -7.8198447075e-04    9.3406204893e-06   -1.2110315324e-03   -4.1289733301e-06    2.7433911021e-03    2.3294971021e-07   -2.4164033443e-03   -2.8917343528e-07
  81.5400000   -8.7581183440e-04    1.1142585761e-05   -1.2503376929e-03   -4.9357042934e-06    2.7469567551e-03    2.4984787166e-07   -2.4139771340e-03   -2.8354600445e-07
  81.5500000   -9.5942277921e-04    1.2763255231e-05   -1.2974219558e-03   -5.6889672249e-06    2.7504035044e-03    2.6500548466e-07   -2.4115360919e-03   -2.7581457535e-07
  81.5600000   -1.0315021273e-03    1.4174308736e-05   -1.3518080815e-03   -6.3738019503e-06    2.7537286504e-03    2.7833914444e-07   -2.4090811376e-03   -2.6600793528e-07
  81.5700000   -1.0908724216e-03    1.5350842049e-05   -1.4129067123e-03   -6.9760198401e-06    2.7569302185e-03    2.8977853325e-07   -2.4066129533e-03   -2.5417113842e-07
  81.5800000   -1.1365105314e-03    1.6271809459e-05   -1.4800227505e-03   -7.4824833436e-06    2.7600069790e-03    2.9926675703e-07   -2.4041319721e-03   -2.4036534078e-07
  81.5900000   -1.1675624193e-03    1.6920402702e-05   -1.5523644775e-03   -7.8813728429e-06    2.7629584608e-03    3.0676057361e-07   -2.4016383701e-03   -2.2466750412e-07
  81.6000000   -1.1833558707e-03    1.7284359754e-05   -1.6290542807e-03   -8.1624336769e-06    2.7657849596e-03    3.1223052310e-07   -2.3991320611e-03   -2.0716998452e-07
  81.6100000   -1.1834110038e-03    1.7356197670e-05   -1.7091408477e-03   -8.3172008837e-06    2.7684875406e-03    3.1566096827e-07   -2.3966126951e-03   -1.8797995151e-07
  81.6200000   -1.1674483984e-03    1.7133364692e-05   -1.7916126452e-03   -8.3391959960e-06    2.7710680347e-03    3.1705001651e-07   -2.3940796597e-03   -1.6721872599e-07
  81.6300000   -1.1353947311e-03    1.6618309614e-05   -1.8754124812e-03   -8.2240916643e-06    2.7735290293e-03    3.1640936539e-07   -2.3915320848e-03   -1.4502096684e-07
  81.6400000   -1.0873858120e-03    1.5818465587e-05   -1.9594529303e-03   -7.9698405143e-06    2.7758738533e-03    3.1376404477e-07   -2.3889688512e-03   -1.2153375846e-07
  81.6500000   -1.0237669624e-03    1.4746148759e-05   -2.0426323860e-03   -7.5767652397e-06    2.7781065559e-03    3.0915206686e-07   -2.3863886013e-03   -9.6915570652e-08
  81.6600000   -9.4509069790e-04    1.3418373168e-05   -2.1238514903e-03   -7.0476076593e-06    2.7802318797e-03    3.0262399610e-07   -2.3837897534e-03   -7.1335146921e-08
  81.6700000   -8.5211172127e-04    1.1856584380e-05   -2.2020296823e-03   -6.3875352922e-06    2.7822552288e-03    2.9424242931e-07   -2.3811705190e-03   -4.4970263029e-08
  81.6800000   -7.4577925883e-04    1.0086315980e-05   -2.2761216052e-03   -5.6041043040e-06    2.7841826311e-03    2.8408140351e-07   -2.3785289226e-03   -1.8006434625e-08
  81.6900000   -6.2722680396e-04    8.1367755969e-06   -2.3451331099e-03   -4.7071791039e-06    2.7860206952e-03    2.7222572833e-07   -2.3758628240e-03    9.3644731335e-09
  81.7000000   -4.9775937834e-04    6.0403651883e-06   -2.4081366001e-03   -3.7088091951e-06    2.7877765636e-03    2.5877025759e-07   -2.3731699428e-03    3.6945686791e-08
  81.7100000   -3.5883843814e-04    3.8321448277e-06   -2.4642854707e-03   -2.6230642495e-06    2.7894578600e-03    2.4381909706e-07   -2.3704478854e-03    6.4537012175e-08
  81.7200000   -2.1206459119e-04    1.5492485941e-06   -2.5128274072e-03   -1.4658308916e-06    2.7910726339e-03    2.2748475948e-07   -2.3676941727e-03    9.1936382721e-08
  81.7300000   -5.9158319892e-05   -7.6973774802e-07   -2.5531163271e-03   -2.5457348744e-07    2.7926293002e-03    2.0988728030e-07   -2.3649062707e-03    1.1894140492e-07
  81.7400000    9.8061068838e-05   -3.0854267163e-06   -2.5846227713e-03    9.9193719348e-07    2.7941365767e-03    1.9115328718e-07   -2.3620816209e-03    1.4535095664e-07
  81.7500000    2.5769801924e-04   -5.3582958745e-06   -2.6069425731e-03    2.2539230201e-06    2.7956034179e-03    1.7141504381e-07   -2.3592176725e-03    1.7096674049e-07
  81.7600000    4.1780455836e-04   -7.5493600236e-06   -2.6198036605e-03    3.5109203193e-06    2.7970389471e-03    1.5080947484e-07   -2.3563119144e-03    1.9559487502e-07
  81.7700000    5.7640509491e-04   -9.6208373971e-06   -2.6230708777e-03    4.7421191286e-06    2.7984523866e-03    1.2947715935e-07   -2.3533619079e-03    2.1904741784e-07
  81.7800000    7.3152187954e-04   -1.1536798492e-05   -2.6167487412e-03    5.9267140092e-06    2.7998529861e-03    1.0756133846e-07   -2.3503653186e-03    2.4114389009e-07
  81.7900000    8.8120080829e-04   -1.3263786411e-05   -2.6009820829e-03    7.0442604615e-06    2.8012499516e-03    8.5206909352e-08   -2.3473199488e-03    2.6171272573e-07
  81.8000000    1.0235372418e-03   -1.4771398039e-05   -2.5760545615e-03    8.0750306723e-06    2.8026523726e-03    6.2559423628e-08   -2.3442237679e-03    2.8059265967e-07
  81.8100000    1.1567015087e-03   -1.6032815968e-05   -2.5423850593e-03    9.0003622989e-06    2.8040691515e-03    3.9764112084e-08   -2.3410749423e-03    2.9763406825e-07
  81.8200000    1.2789637585e-03   -1.7025281945e-05   -2.5005220150e-03    9.8029940967e-06    2.8055089323e-03    1.6964922419e-08   -2.3378718636e-03    3.1270018352e-07
  81.8300000    1.3887178341e-03   -1.7730503555e-05   -2.4511357764e-03    1.0467382325e-05    2.8069800322e-03   -5.6964091618e-09   -2.3346131752e-03    3.2566825730e-07
  81.8400000    1.4845038414e-03   -1.8134986912e-05   -2.3950090877e-03    1.0979992042e-05    2.8084903743e-03   -2.8081267689e-08   -2.3312977965e-03    3.3643058455e-07
  81.8500000    1.5650291037e-03   -1.8230289429e-05   -2.3330258538e-03    1.1329558093e-05    2.8100474240e-03   -5.0055000112e-08   -2.3279249449e-03    3.4489543100e-07
  81.8600000    1.6291872066e-03   -1.8013188007e-05   -2.2661583551e-03    1.1507311033e-05    2.8116581277e-03   -7.1487740177e-08   -2.3244941551e-03    3.5098783431e-07
  81.8700000    1.6760748547e-03   -1.7485759461e-05   -2.1954531014e-03    1.1507162941e-05    2.8133288555e-03   -9.2255161281e-08   -2.3210052959e-03    3.5465026889e-07
  81.8800000    1.7050062926e-03   -1.6655371400e-05   -2.1220155482e-03    1.1325850045e-05    2.8150653486e-03   -1.1223919199e-07   -2.3174585831e-03    3.5584318532e-07
  81.8900000    1.7155250597e-03   -1.5534583416e-05   -2.0469939064e-03    1.0963029159e-05    2.8168726702e-03   -1.3132865059e-07   -2.3138545906e-03    3.5454541088e-07
  81.9000000    1.7074128893e-03   -1.4140959757e-05   -1.9715622869e-03    1.0421325562e-05    2.8187551626e-03   -1.4941983720e-07   -2.3101942565e-03    3.5075438303e-07
  81.9100000    1.6806955890e-03   -1.2496796313e-05   -1.8969034442e-03    9.7063309327e-06    2.8207164093e-03   -1.6641705744e-07   -2.3064788871e-03    3.4448626981e-07
  81.9200000    1.6356457791e-03   -1.0628766242e-05   -1.8241913837e-03    8.8265510626e-06    2.8227592025e-03   -1.8223306423e-07   -2.3027101564e-03    3.3577591248e-07
  81.9300000    1.5727824062e-03   -8.5674897355e-06   -1.7545740825e-03    7.7933039910e-06    2.8248855172e-03   -1.9678944671e-07   -2.2988901029e-03    3.2467664072e-07
  81.9400000    1.4928669853e-03   -6.3470349820e-06   -1.6891565996e-03    6.6205689024e-06    2.8270964916e-03   -2.1001694309e-07   -2.2950211216e-03    3.1125992106e-07
  81.9500000    1.3968965714e-03   -4.0043583983e-06   -1.6289848230e-03    5.3247886224e-06    2.8293924135e-03   -2.2185568484e-07   -2.2911059538e-03    2.9561487180e-07
  81.9600000    1.2860935004e-03   -1.5786933738e-06   -1.5750301005e-03    3.9246291828e-06    2.8317727137e-03   -2.3225535939e-07   -2.2871476723e-03    2.7784763388e-07
  81.9700000    1.1618919847e-03    8.8910245953e-07   -1.5281749826e-03    2.4406991567e-06    2.8342359666e-03   -2.4117532988e-07   -2.2831496636e-03    2.5808060243e-07
  81.9800000    1.0259216912e-03    3.3572305149e-06   -1.4892002890e-03    8.9523364501e-07    2.8367798966e-03   -2.4858465090e-07   -2.2791156067e-03    2.3645153087e-07
  81.9900000    8.7998847262e-04    5.7836537423e-06   -1.4587736913e-03   -6.8825205944e-07    2.8394013923e-03   -2.5446205041e-07   -2.2750494491e-03    2.1311250737e-07
  82.0000000    7.2605246425e-04    8.1268065553e-06   -1.4374399766e-03   -2.2853334662e-06    2.8420965265e-03   -2.5879582458e-07   -2.2709553788e-03    1.8822880635e-07
  82.0100000    5.6620379539e-04    1.0346300207e-05   -1.4256131367e-03   -3.8710665102e-06    2.8448605839e-03   -2.6158368455e-07   -2.2668377948e-03    1.6197765134e-07
  82.0200000    4.0263620399e-04    1.2403611770e-05   -1.4235703922e-03   -5.4203892227e-06    2.8476880940e-03   -2.6283253487e-07   -2.2627012744e-03    1.3454686238e-07
  82.0300000    2.3761887445e-04    1.4262744927e-05   -1.4314482362e-03   -6.9085288867e-06    2.8505728709e-03   -2.6255820718e-07   -2.2585505379e-03    1.0613342679e-07
  82.0400000    7.3466848979e-05    1.5890851481e-05   -1.4492405498e-03   -8.3114078734e-06    2.8535080592e-03   -2.6078513277e-07   -2.2543904125e-03    7.6941989110e-08
  82.0500000   -8.7489611137e-05    1.7258802738e-05   -1.4767988105e-03   -9.6060412926e-06    2.8564861847e-03   -2.5754597072e-07   -2.2502257930e-03    4.7183283420e-08
  82.0600000   -2.4293631601e-04    1.8341700931e-05   -1.5138343809e-03   -1.0770919715e-05    2.8594992110e-03   -2.5288120674e-07   -2.2460616023e-03    1.7072509737e-08
  82.0700000   -3.9060667637e-04    1.9119321937e-05   -1.5599228430e-03   -1.1786370507e-05    2.8625386006e-03   -2.4683868497e-07   -2.2419027509e-03   -1.3172332686e-08
  82.0800000   -5.2831304694e-04    1.9576481403e-05   -1.6145102973e-03   -1.2634891615e-05    2.8655953801e-03   -2.3947313692e-07   -2.2377540946e-03   -4.3332119186e-08
  82.0900000   -6.5397745362e-04    1.9703317851e-05   -1.6769215327e-03   -1.3301452088e-05    2.8686602096e-03   -2.3084566548e-07   -2.2336203936e-03   -7.3188292489e-08
  82.1000000   -7.6566127429e-04    1.9495487546e-05   -1.7463699364e-03   -1.3773754147e-05    2.8717234550e-03   -2.2102320600e-07   -2.2295062701e-03   -1.0252455951e-07
  82.1100000   -8.6159345059e-04    1.8954267519e-05   -1.8219689946e-03   -1.4042452302e-05    2.8747752632e-03   -2.1007797172e-07   -2.2254161677e-03   -1.3112856703e-07
  82.1200000   -9.4019681895e-04    1.8086564539e-05   -1.9027452068e-03   -1.4101325588e-05    2.8778056390e-03   -1.9808689090e-07   -2.2213543105e-03   -1.5879353574e-07
  82.1300000   -1.0001121680e-03    1.6904829694e-05   -1.9876522211e-03   -1.3947400275e-05    2.8808045245e-03   -1.8513101943e-07   -2.2173246642e-03   -1.8531985582e-07
  82.1400000   -1.0402196539e-03    1.5426878943e-05   -2.0755859752e-03   -1.3581019907e-05    2.8837618776e-03   -1.7129496975e-07   -2.2133308983e-03   -2.1051663935e-07
  82.1500000   -1.0596572344e-03    1.3675622958e-05   -2.1654006210e-03   -1.3005861985e-05    2.8866677525e-03   -1.5666631690e-07   -2.2093763504e-03   -2.3420318048e-07
  82.1600000   -1.0578358163e-03    1.1678710386e-05   -2.2559250021e-03   -1.2228901066e-05    2.8895123787e-03   -1.4133502963e-07   -2.2054639926e-03   -2.5621034624e-07
  82.1700000   -1.0344508559e-03    9.4680891033e-06   -2.3459794375e-03   -1.1260318198e-05    2.8922862389e-03   -1.2539290094e-07   -2.2015964004e-03   -2.7638187591e-07
  82.1800000   -9.8949018927e-04    7.0794937846e-06   -2.4343925702e-03   -1.0113358214e-05    2.8949801457e-03   -1.0893298548e-07   -2.1977757250e-03   -2.9457556087e-07
  82.1900000   -9.2323792668e-04    4.5518672689e-06   -2.5200180381e-03   -8.8041370139e-06    2.8975853155e-03   -9.2049067147e-08   -2.1940036675e-03   -3.1066433552e-07
  82.2000000   -8.3627428809e-04    1.9267258418e-06   -2.6017507267e-03   -7.3514018830e-06    2.9000934396e-03   -7.4835128938e-08   -2.1902814577e-03   -3.2453722727e-07
  82.2100000   -7.2947131770e-04   -7.5252158099e-07   -2.6785423727e-03   -5.7762488848e-06    2.9024967515e-03   -5.7384858400e-08   -2.1866098361e-03   -3.3610017695e-07
  82.2200000   -6.0398447612e-04   -3.4412899375e-06   -2.7494162976e-03   -4.1018013282e-06    2.9047880903e-03   -3.9791168043e-08   -2.1829890389e-03   -3.4527673260e-07
  82.2300000   -4.6124015857e-04   -6.0945573347e-06   -2.8134810666e-03   -2.3528543224e-06    2.9069609592e-03   -2.2145751585e-08   -2.1794187883e-03   -3.5200859568e-07
  82.2400000   -3.0291925036e-04   -8.6676150070e-06   -2.8699428807e-03   -5.5549228174e-07    2.9090095792e-03   -4.5386565335e-09   -2.1758982855e-03   -3.5625602447e-07
  82.2500000   -1.3093688999e-04   -1.1116815587e-05   -2.9181165323e-03    1.2633153822e-06    2.9109289365e-03    1.2942101165e-08   -2.1724262090e-03   -3.5799807512e-07
  82.2600000    5.2581335837e-05   -1.3400306936e-05   -2.9574347769e-03    3.0761337852e-06    2.9127148245e-03    3.0210904586e-08   -2.1690007163e-03   -3.5723271417e-07
  82.2700000    2.4532648378e-04   -1.5478739620e-05   -2.9874559903e-03    4.8554904017e-06    2.9143638788e-03    4.7184860895e-08   -2.1656194500e-03   -3.5397676137e-07
  82.2800000    4.4483629718e-04   -1.7315935999e-05   -3.0078700172e-03    6.5743043272e-06    2.9158736061e-03    6.3784098253e-08   -2.1622795488e-03   -3.4826568356e-07
  82.2900000    6.4852781555e-04   -1.8879509863e-05   -3.0185021341e-03    8.2063100586e-06    2.9172424054e-03    7.9932043976e-08   -2.1589776613e-03   -3.4015324796e-07
  82.3000000    8.5373213268e-04   -2.0141425288e-05   -3.0193150781e-03    9.7264690615e-06    2.9184695824e-03    9.5555640548e-08   -2.1557099654e-03   -3.2971102495e-07
  82.3100000    1.0577308360e-03   -2.1078485796e-05   -3.0104091243e-03    1.1111362455e-05    2.9195553568e-03    1.1058557570e-07   -2.1524721909e-03   -3.1702775127e-07
  82.3200000    1.2577936319e-03   -2.1672745260e-05   -2.9920202173e-03    1.2339558510e-05    2.9205008615e-03    1.2495643861e-07   -2.1492596457e-03   -3.0220855340e-07
  82.3300000    1.4512166362e-03   -2.1911833404e-05   -2.9645161941e-03    1.3391949229e-05    2.9213081347e-03    1.3860688040e-07   -2.1460672461e-03   -2.8537404554e-07
  82.3400000    1.6353607912e-03   -2.1789190227e-05   -2.9283911598e-03    1.4252050571e-05    2.9219801050e-03    1.5147972902e-07   -2.1428895507e-03   -2.6665931285e-07
  82.3500000    1.8076898582e-03   -2.1304205053e-05   -2.8842581030e-03    1.4906261538e-05    2.9225205681e-03    1.6352209254e-07   -2.1397207967e-03   -2.4621276735e-07
  82.3600000    1.9658074339e-03   -2.0462257573e-05   -2.8328398636e-03    1.5344078153e-05    2.9229341578e-03    1.7468542673e-07   -2.1365549399e-03   -2.2419492389e-07
  82.3700000    2.1074924431e-03   -1.9274659877e-05   -2.7749585873e-03    1.5558258956e-05    2.9232263087e-03    1.8492559755e-07   -2.1333856967e-03   -2.0077706299e-07
  82.3800000    2.2307325733e-03   -1.7758500035e-05   -2.7115238205e-03    1.5544939472e-05    2.9234032132e-03    1.9420290318e-07   -2.1302065892e-03   -1.7613982620e-07
  82.3900000    2.3337551407e-03   -1.5936389588e-05   -2.6435194209e-03    1.5303693848e-05    2.9234717718e-03    2.0248210106e-07   -2.1270109910e-03   -1.5047173635e-07
  82.4000000    2.4150549052e-03   -1.3836118637e-05   -2.5719894710e-03    1.4837542991e-05    2.9234395374e-03    2.0973240236e-07   -2.1237921760e-03   -1.2396767167e-07
  82.4100000    2.4734183897e-03   -1.1490224073e-05   -2.4980233989e-03    1.4152909323e-05    2.9233146548e-03    2.1592746811e-07   -2.1205433672e-03   -9.6827290016e-08
  82.4200000    2.5079443038e-03   -8.9354777480e-06   -2.4227405162e-03    1.3259518662e-05    2.9231057938e-03    2.2104538459e-07   -2.1172577870e-03   -6.9253426557e-08
  82.4300000    2.5180597233e-03   -6.2123027021e-06   -2.3472741944e-03    1.2170250851e-05    2.9228220799e-03    2.2506863444e-07   -2.1139287080e-03   -4.1450468458e-08
  82.4400000    2.5035317360e-03   -3.3641269716e-06   -2.2727559050e-03    1.0900941939e-05    2.9224730190e-03    2.2798405648e-07   -2.1105495033e-03   -1.3622739126e-08
  82.4500000    2.4644743236e-03   -4.3668535163e-07   -2.2002993476e-03    9.4701410744e-06    2.9220684206e-03    2.2978280484e-07   -2.1071136970e-03    1.4027111570e-08
  82.4600000    2.4013503203e-03    2.5227196229e-06   -2.1309848910e-03    7.8988259551e-06    2.9216183171e-03    2.3046031275e-07   -2.1036150134e-03    4.1299693809e-08
  82.4700000    2.3149683597e-03    5.4659853218e-06   -2.0658445420e-03    6.2100816411e-06    2.9211328821e-03    2.3001622782e-07   -2.1000474256e-03    6.8000422240e-08
  82.4800000    2.2064747878e-03    8.3449928678e-06   -2.0058476533e-03    4.4287476634e-06    2.9206223466e-03    2.2845438171e-07   -2.0964052020e-03    9.3941016187e-08
  82.4900000    2.0773406017e-03    1.1112394201e-05   -1.9518875705e-03    2.5810386387e-06    2.9200969150e-03    2.2578272798e-07   -2.0926829516e-03    1.1894093815e-07
  82.5000000    1.9293435459e-03    1.3722389546e-05   -1.9047694022e-03    6.9414533974e-07    2.9195666815e-03    2.2201329905e-07   -2.0888756661e-03    1.4282873594e-07
  82.5100000    1.7645455717e-03    1.6131482695e-05   -1.8651990814e-03   -1.2041781466e-06    2.9190415466e-03    2.1716215929e-07   -2.0849787599e-03    1.6544333951e-07
  82.5200000    1.5852659321e-03    1.8299201103e-05   -1.8337738696e-03   -3.0860347388e-06    2.9185311358e-03    2.1124935864e-07   -2.0809881076e-03    1.8663521664e-07
  82.5300000    1.3940502613e-03    2.0188769350e-05   -1.8109744324e-03   -4.9238054914e-06    2.9180447195e-03    2.0429889181e-07   -2.0769000770e-03    2.0626746840e-07
  82.5400000    1.1936360493e-03    2.1767725127e-05   -1.7971585916e-03   -6.6905651247e-06    2.9175911373e-03    1.9633864657e-07   -2.0727115601e-03    2.2421677250e-07
  82.5500000    9.8691497136e-04    2.3008466679e-05   -1.7925568387e-03   -8.3604855842e-06    2.9171787240e-03    1.8740036421e-07   -2.0684199989e-03    2.4037422528e-07
  82.5600000    7.7689259680e-04    2.3888723454e-05   -1.7972696655e-03   -9.9092214596e-06    2.9168152410e-03    1.7751960283e-07   -2.0640234084e-03    2.5464606359e-07
  82.5700000    5.6664604291e-04    2.4391941157e-05   -1.8112667439e-03   -1.1314271513e-05    2.9165078118e-03    1.6673567753e-07   -2.0595203944e-03    2.6695423687e-07
  82.5800000    3.5928017344e-04    2.4507575232e-05   -1.8343879561e-03   -1.2555310824e-05    2.9162628630e-03    1.5509162344e-07   -2.0549101681e-03    2.7723685340e-07
  82.5900000    1.5788297411e-04    2.4231287697e-05   -1.8663462604e-03   -1.3614488639e-05    2.9160860708e-03    1.4263414075e-07   -2.0501925549e-03    2.8544849183e-07
  82.6000000   -3.4519247712e-05    2.3565043944e-05   -1.9067323395e-03   -1.4476687649e-05    2.9159823135e-03    1.2941353228e-07   -2.0453680002e-03    2.9156035796e-07
  82.6100000   -2.1500618064e-04    2.2517106882e-05   -1.9550209610e-03   -1.5129740777e-05    2.9159556316e-03    1.1548364233e-07   -2.0404375692e-03    2.9556032545e-07
  82.6200000   -3.8080667938e-04    2.1101929245e-05   -2.0105789512e-03   -1.5564602595e-05    2.9160091934e-03    1.0090177363e-07   -2.0354029429e-03    2.9745280221e-07
  82.6300000   -5.2934014317e-04    1.9339945087e-05   -2.0726746619e-03   -1.5775472839e-05    2.9161452689e-03    8.5728613405e-08   -2.0302664094e-03    2.9725850031e-07
  82.6400000   -6.5825547263e-04    1.7257263596e-05   -2.1404887897e-03   -1.5759870664e-05    2.9163652108e-03    7.0028121220e-08   -2.0250308510e-03    2.9501403412e-07
  82.6500000   -7.6546700598e-04    1.4885269975e-05   -2.2131263877e-03   -1.5518658613e-05    2.9166694431e-03    5.3867416150e-08   -2.0196997259e-03    2.9077141762e-07
  82.6600000   -8.4918687500e-04    1.2260139621e-05   -2.2896298893e-03   -1.5056015856e-05    2.9170574575e-03    3.7316646625e-08   -2.0142770464e-03    2.8459742121e-07
  82.6700000   -9.0795326876e-04    9.4222733433e-06   -2.3689929590e-03   -1.4379362168e-05    2.9175278178e-03    2.0448841926e-08   -2.0087673534e-03    2.7657281848e-07
  82.6800000   -9.4065415057e-04    6.4156631172e-06   -2.4501749629e-03   -1.3499233631e-05    2.9180781717e-03    3.3397321506e-09   -2.0031756855e-03    2.6679151847e-07
  82.6900000   -9.4654603639e-04    3.2871965540e-06   -2.5321158488e-03   -1.2429112227e-05    2.9187052703e-03   -1.3932444093e-08   -1.9975075458e-03    2.5535959968e-07
  82.7000000   -9.2526751411e-04    8.5913238869e-08   -2.6137512228e-03   -1.1185212320e-05    2.9194049957e-03   -3.1287158470e-08   -1.9917688649e-03    2.4239425856e-07
  82.7100000   -8.7684725976e-04   -3.1377754517e-06   -2.6940274023e-03   -9.7862274055e-06    2.9201723951e-03   -4.8641834657e-08   -1.9859659599e-03    2.2802266170e-07
  82.7200000   -8.0170638261e-04   -6.3328902048e-06   -2.7719162283e-03   -8.2530411993e-06    2.9210017224e-03   -6.5912123282e-08   -1.9801054916e-03    2.1238074778e-07
  82.7300000   -7.0065502409e-04   -9.4486996508e-06   -2.8464294249e-03   -6.6084076972e-06    2.9218864866e-03   -8.3012194176e-08   -1.9741944189e-03    1.9561194402e-07
  82.7400000   -5.7488321386e-04   -1.2435534110e-05   -2.9166323015e-03   -4.8766052849e-06    2.9228195062e-03   -9.9855063997e-08   -1.9682399502e-03    1.7786586196e-07
  82.7500000   -4.2594607481e-04   -1.5245584015e-05   -2.9816566032e-03   -3.0830698039e-06    2.9237929693e-03   -1.1635294639e-07   -1.9622494942e-03    1.5929692889e-07
  82.7600000   -2.5574355058e-04   -1.7833669570e-05   -3.0407123284e-03   -1.2540127278e-06    2.9247984998e-03   -1.3241763401e-07   -1.9562306081e-03    1.4006303378e-07
  82.7700000   -6.6494923595e-05   -2.0157970337e-05   -3.0930983471e-03    5.8396987013e-07    2.9258272277e-03   -1.4796089375e-07   -1.9501909454e-03    1.2032412452e-07
  82.7800000    1.3929153697e-04   -2.2180702079e-05   -3.1382116765e-03    2.4042917224e-06    2.9268698639e-03   -1.6289491041e-07   -1.9441382029e-03    1.0024082738e-07
  82.7900000    3.5885337854e-04   -2.3868729738e-05   -3.1755552840e-03    4.1807681666e-06    2.9279167785e-03   -1.7713273398e-07   -1.9380800672e-03    7.9973075243e-08
  82.8000000    5.8921273690e-04   -2.5194106826e-05   -3.2047443161e-03    5.8879995999e-06    2.9289580822e-03   -1.9058875722e-07   -1.9320241613e-03    5.9678762179e-08
  82.8100000    8.2721852075e-04   -2.6134532263e-05   -3.2255106727e-03    7.5017408060e-06    2.9299837103e-03   -2.0317921333e-07   -1.9259779918e-03    3.9512439716e-08
  82.8200000    1.0695913994e-03   -2.6673717430e-05   -3.2377058720e-03    8.9992507262e-06    2.9309835071e-03   -2.1482268470e-07   -1.9199488970e-03    1.9624052492e-08
  82.8300000    1.3129709443e-03   -2.6801657180e-05   -3.2413021762e-03    1.0359617756e-05    2.9319473128e-03   -2.2544063976e-07   -1.9139439964e-03    1.5774365615e-10
  82.8400000    1.5539642347e-03   -2.6514800590e-05   -3.2363919758e-03    1.1564055864e-05    2.9328650493e-03   -2.3495797078e-07   -1.9079701410e-03   -1.8749281217e-08
  82.8500000    1.7891952061e-03   -2.5816118654e-05   -3.2231854542e-03    1.2596167317e-05    2.9337268059e-03   -2.4330353241e-07   -1.9020338668e-03   -3.6967789948e-08
  82.8600000    2.0153540179e-03   -2.4715067237e-05   -3.2020065808e-03    1.3442168311e-05    2.9345229240e-03   -2.5041070011e-07   -1.8961413499e-03   -5.4377497456e-08
  82.8700000    2.2292456998e-03   -2.3227446563e-05   -3.1732875049e-03    1.4091074425e-05    2.9352440790e-03   -2.5621792033e-07   -1.8902983640e-03   -7.0867926490e-08
  82.8800000    2.4278373475e-03   -2.1375159355e-05   -3.1375614470e-03    1.4534843493e-05    2.9358813603e-03   -2.6066924647e-07   -1.8845102416e-03   -8.6339172410e-08
  82.8900000    2.6083031578e-03   -1.9185871453e-05   -3.0954542057e-03    1.4768474088e-05    2.9364263477e-03   -2.6371488146e-07   -1.8787818376e-03   -1.0070256210e-07
  82.9000000    2.7680666210e-03   -1.6692580494e-05   -3.0476744120e-03    1.4790058354e-05    2.9368711835e-03   -2.6531168307e-07   -1.8731174970e-03   -1.1388118566e-07
  82.9100000    2.9048392307e-03   -1.3933099363e-05   -2.9950026925e-03    1.4600788916e-05    2.9372086402e-03   -2.6542367956e-07   -1.8675210260e-03   -1.2581033702e-07
  82.9200000    3.0166551174e-03   -1.0949463297e-05   -2.9382799088e-03    1.4204920184e-05    2.9374321832e-03   -2.6402252461e-07   -1.8619956669e-03   -1.3643780410e-07
  82.9300000    3.1019010732e-03   -7.7872699922e-06   -2.8783946537e-03    1.3609684761e-05    2.9375360274e-03   -2.6108794872e-07   -1.8565440771e-03   -1.4572407802e-07
  82.9400000    3.1593415057e-03   -4.4949632667e-06   -2.8162701973e-03    1.2825166295e-05    2.9375151879e-03   -2.5660815980e-07   -1.8511683121e-03   -1.5364239399e-07
  82.9500000    3.1881379275e-03   -1.1230718647e-06   -2.7528510799e-03    1.1864131456e-05    2.9373655235e-03   -2.5058020718e-07   -1.8458698134e-03   -1.6017869382e-07
  82.9600000    3.1878626750e-03    2.2765838722e-06   -2.6890895512e-03    1.0741823481e-05    2.9370837741e-03   -2.4301030258e-07   -1.8406493998e-03   -1.6533145277e-07
  82.9700000    3.1585066361e-03    5.6517048901e-06   -2.6259320588e-03    9.4757207393e-06    2.9366675900e-03   -2.3391408249e-07   -1.8355072638e-03   -1.6911138667e-07
  82.9800000    3.1004808476e-03    8.9503340709e-06   -2.5643059811e-03    8.0852640169e-06    2.9361155536e-03   -2.2331682481e-07   -1.8304429719e-03   -1.7154106405e-07
  82.9900000    3.0146119306e-03    1.2121670055e-05   -2.5051067979e-03    6.5915569429e-06    2.9354271940e-03   -2.1125359299e-07   -1.8254554694e-03   -1.7265439785e-07
  83.0000000    2.9021314090e-03    1.5116861467e-05   -2.4491858810e-03    5.0170440584e-06    2.9346029925e-03   -1.9776932761e-07   -1.8205430896e-03   -1.7249604635e-07
  83.0100000    2.7646590598e-03    1.7889769534e-05   -2.3973390749e-03    3.3851712717e-06    2.9336443814e-03   -1.8291886554e-07   -1.8157035670e-03   -1.7112071880e-07
  83.0200000    2.6041805278e-03    2.0397686528e-05   -2.3502962257e-03    1.7200339901e-06    2.9325537339e-03   -1.6676688908e-07   -1.8109340546e-03   -1.6859240890e-07
  83.0300000    2.4230195252e-03    2.2601999025e-05   -2.3087117968e-03    4.6018351898e-08    2.9313343461e-03   -1.4938780111e-07   -1.8062311450e-03   -1.6498352406e-07
  83.0400000    2.2238050212e-03    2.4468785456e-05   -2.2731566917e-03   -1.6125594068e-06    2.9299904118e-03   -1.3086552949e-07   -1.8015908956e-03   -1.6037397914e-07
  83.0500000    2.0094338963e-03    2.5969338161e-05   -2.2441113901e-03   -3.2318099142e-06    2.9285269892e-03   -1.1129324679e-07   -1.7970088566e-03   -1.5485021659e-07
  83.0600000    1.7830296052e-03    2.7080603085e-05   -2.2219604753e-03   -4.7886187634e-06    2.9269499604e-03   -9.0773021699e-08   -1.7924801031e-03   -1.4850418116e-07
  83.0700000    1.5478974640e-03    2.7785529506e-05   -2.2069886104e-03   -6.2609807034e-06    2.9252659840e-03   -6.9415391129e-08   -1.7879992697e-03   -1.4143226557e-07
  83.0800000    1.3074772087e-03    2.8073324813e-05   -2.1993779998e-03   -7.6283150196e-06    2.9234824407e-03   -4.7338844632e-08   -1.7835605880e-03   -1.3373422841e-07
  83.0900000    1.0652935204e-03    2.7939610833e-05   -2.1992073475e-03   -8.8717575686e-06    2.9216073737e-03   -2.4669252652e-08   -1.7791579269e-03   -1.2551209194e-07
  83.1000000    8.2490525038e-04    2.7386479152e-05   -2.2064523014e-03   -9.9744253791e-06    2.9196494218e-03   -1.5392042447e-09   -1.7747848341e-03   -1.1686904634e-07
  83.1100000    5.8985408858e-04    2.6422444814e-05   -2.2209873529e-03   -1.0921649889e-05    2.9176177491e-03    2.1912719688e-08   -1.7704345809e-03   -1.0790834738e-07
  83.1200000    3.6361342885e-04    2.5062299936e-05   -2.2425891363e-03   -1.1701175701e-05    2.9155219690e-03    4.5542736849e-08   -1.7661002075e-03   -9.8732264004e-08
  83.1300000    1.4953818078e-04    2.3326869822e-05   -2.2709410532e-03   -1.2303322118e-05    2.9133720649e-03    6.9202730788e-08   -1.7617745695e-03   -8.9441016920e-08
  83.1400000   -4.9183736724e-05    2.1242675657e-05   -2.3056391322e-03   -1.2721105214e-05    2.9111783072e-03    9.2741160384e-08   -1.7574503861e-03   -8.0131780024e-08
  83.1500000   -2.2957751106e-04    1.8841509885e-05   -2.3461990120e-03   -1.2950318814e-05    2.9089511680e-03    1.1600402779e-07   -1.7531202879e-03   -7.0897728336e-08
  83.1600000   -3.8892448835e-04    1.6159930585e-05   -2.3920639251e-03   -1.2989573623e-05    2.9067012337e-03    1.3883590578e-07   -1.7487768656e-03   -6.1827137656e-08
  83.1700000   -5.2480153574e-04    1.3238683163e-05   -2.4426135464e-03   -1.2840294055e-05    2.9044391172e-03    1.6108098886e-07   -1.7444127181e-03   -5.3002566816e-08
  83.1800000   -6.3511614062e-04    1.0122059864e-05   -2.4971735578e-03   -1.2506673105e-05    2.9021753686e-03    1.8258418718e-07   -1.7400205004e-03   -4.4500090407e-08
  83.1900000   -7.1813674118e-04    6.8572065042e-06   -2.5550257783e-03   -1.1995586255e-05    2.8999203870e-03    2.0319224040e-07   -1.7355929704e-03   -3.6388638125e-08
  83.2000000   -7.7251785256e-04    3.4933879843e-06   -2.6154186972e-03   -1.1316465831e-05    2.8976843335e-03    2.2275486057e-07   -1.7311230352e-03   -2.8729396389e-08
  83.2100000   -7.9731962829e-04    8.1224016110e-08   -2.6775782531e-03   -1.0481138058e-05    2.8954770455e-03    2.4112586352e-07   -1.7266037955e-03   -2.1575339971e-08
  83.2200000   -7.9202158089e-04   -3.3280932221e-06   -2.7407186953e-03   -9.5036254838e-06    2.8933079538e-03    2.5816431988e-07   -1.7220285883e-03   -1.4970816265e-08
  83.2300000   -7.5653027347e-04   -6.6835856049e-06   -2.8040533706e-03   -8.3999179334e-06    2.8911860031e-03    2.7373568578e-07   -1.7173910279e-03   -8.9512616908e-09
  83.2400000   -6.9118087850e-04   -9.9352684067e-06   -2.8668052820e-03   -7.1877156907e-06    2.8891195763e-03    2.8771291402e-07   -1.7126850449e-03   -3.5430151197e-09
  83.2500000   -5.9673259144e-04   -1.3034911303e-05   -2.9282172743e-03   -5.8861489689e-06    2.8871164236e-03    2.9997754620e-07   -1.7079049220e-03    1.2367772016e-09
  83.2600000   -4.7435797796e-04   -1.5936766964e-05   -2.9875617124e-03   -4.5154780328e-06    2.8851835958e-03    3.1042075508e-07   -1.7030453280e-03    5.3801467994e-09
  83.2700000   -3.2562642051e-04   -1.8598257310e-05   -3.0441495244e-03   -3.0967786021e-06    2.8833273850e-03    3.1894434542e-07   -1.6981013486e-03    8.8881687316e-09
  83.2800000   -1.5248191587e-04   -2.0980606795e-05   -3.0973385084e-03   -1.6516175147e-06    2.8815532702e-03    3.2546169977e-07   -1.6930685139e-03    1.1770761573e-08
  83.2900000    4.2784444592e-05   -2.3049413153e-05   -3.1465407939e-03   -2.0172358159e-07    2.8798658696e-03    3.2989866070e-07   -1.6879428238e-03    1.4046351011e-08
  83.3000000    2.5756690411e-04   -2.4775146902e-05   -3.1912293827e-03    1.2313412659e-06    2.8782689014e-03    3.3219432383e-07   -1.6827207687e-03    1.5741481257e-08
  83.3100000    4.8898190042e-04   -2.6133572356e-05   -3.2309437074e-03    2.6265056697e-06    2.8767651502e-03    3.3230176746e-07   -1.6773993481e-03    1.6890294454e-08
  83.3200000    7.3390881817e-04   -2.7106084305e-05   -3.2652941582e-03    3.9635022739e-06    2.8753564423e-03    3.3018868116e-07   -1.6719760851e-03    1.7533969127e-08
  83.3300000    9.8903403986e-04   -2.7679955308e-05   -3.2939655475e-03    5.2231663256e-06    2.8740436288e-03    3.2583789430e-07   -1.6664490377e-03    1.7720049012e-08
  83.3400000    1.2508976543e-03   -2.7848490813e-05   -3.3167195001e-03    6.3877149417e-06    2.8728265765e-03    3.1924780979e-07   -1.6608168066e-03    1.7501723997e-08
  83.3500000    1.5159421513e-03   -2.7611090299e-05   -3.3333957721e-03    7.4410028730e-06    2.8717041672e-03    3.1043271584e-07   -1.6550785393e-03    1.6937051044e-08
  83.3600000    1.7805624044e-03   -2.6973214363e-05   -3.3439125162e-03    8.3687509939e-06    2.8706743050e-03    2.9942299549e-07   -1.6492339313e-03    1.6088110374e-08
  83.3700000    2.0411562282e-03   -2.5946258817e-05   -3.3482655270e-03    9.1587441800e-06    2.8697339319e-03    2.8626519344e-07   -1.6432832231e-03    1.5020140477e-08
  83.3800000    2.2941747835e-03   -2.4547338985e-05   -3.3465265154e-03    9.8009958016e-06    2.8688790514e-03    2.7102199442e-07   -1.6372271947e-03    1.3800612250e-08
  83.3900000    2.5361721299e-03   -2.2798988166e-05   -3.3388404720e-03    1.0287876456e-05    2.8681047600e-03    2.5377204553e-07   -1.6310671566e-03    1.2498313942e-08
  83.4000000    2.7638532267e-03   -2.0728775665e-05   -3.3254221884e-03    1.0614205309e-05    2.8674052856e-03    2.3460966517e-07   -1.6248049369e-03    1.1182404184e-08
  83.4100000    2.9741197112e-03   -1.8368851460e-05   -3.3065520178e-03    1.0777302833e-05    2.8667740342e-03    2.1364441898e-07   -1.6184428669e-03    9.9214678658e-09
  83.4200000    3.1641128234e-03   -1.5755425162e-05   -3.2825709595e-03    1.0777004343e-05    2.8662036425e-03    1.9100058265e-07   -1.6119837627e-03    8.7825824167e-09
  83.4300000    3.3312528857e-03   -1.2928187993e-05   -3.2538751621e-03    1.0615634776e-05    2.8656860375e-03    1.6681646235e-07   -1.6054309045e-03    7.8304031212e-09
  83.4400000    3.4732748049e-03   -9.9296875171e-06   -3.2209099394e-03    1.0297944811e-05    2.8652125013e-03    1.4124360309e-07   -1.5987880135e-03    7.1262746954e-09
  83.4500000    3.5882591176e-03   -6.8046654345e-06   -3.1841633978e-03    9.8310101489e-06    2.8647737423e-03    1.1444587804e-07   -1.5920592262e-03    6.7273981845e-09
  83.4600000    3.6746581720e-03   -3.5993685469e-06   -3.1441597723e-03    9.2240955524e-06    2.8643599700e-03    8.6598471826e-08   -1.5852490669e-03    6.6860161480e-09
  83.4700000    3.7313171032e-03   -3.6084434987e-07   -3.1014525667e-03    8.4884860397e-06    2.8639609747e-03    5.7886737176e-08   -1.5783624184e-03    7.0486821702e-09
  83.4800000    3.7574893448e-03    2.8637660801e-06   -3.0566175939e-03    7.6372883127e-06    2.8635662103e-03    2.8504974431e-08   -1.5714044901e-03    7.8555848666e-09
  83.4900000    3.7528464846e-03    6.0279310631e-06   -3.0102459995e-03    6.6852057620e-06    2.8631648798e-03   -1.3448904581e-09   -1.5643807862e-03    9.1399577458e-09
  83.5000000    3.7174823609e-03    9.0864130368e-06   -2.9629373579e-03    5.6482904303e-06    2.8627460233e-03   -3.1454712129e-08   -1.5572970710e-03    1.0927537333e-08
  83.5100000    3.6519113746e-03    1.1995925513e-05   -2.9152929132e-03    4.5436766015e-06    2.8622986063e-03   -6.1611605727e-08   -1.5501593345e-03    1.3236146258e-08
  83.5200000    3.5570610691e-03    1.4715752970e-05   -2.8679090362e-03    3.3893002330e-06    2.8618116098e-03   -9.1599471866e-08   -1.5429737562e-03    1.6075344066e-08
  83.5300000    3.4342591136e-03    1.7208324772e-05   -2.8213709574e-03    2.2036086014e-06    2.8612741192e-03   -1.2120060770e-07   -1.5357466691e-03    1.9446179427e-08
  83.5400000    3.2852148921e-03    1.9439734379e-05   -2.7762468300e-03    1.0052650858e-06    2.8606754124e-03   -1.5019731367e-07   -1.5284845230e-03    2.3341039015e-08
  83.5500000    3.1119959777e-03    2.1380197235e-05   -2.7330821661e-03   -1.8714624966e-07    2.8600050467e-03   -1.7837356179e-07   -1.5211938475e-03    2.7743605834e-08
  83.5600000    2.9169998388e-03    2.3004441203e-05   -2.6923946809e-03   -1.3554115778e-06    2.8592529429e-03   -2.0551665970e-07   -1.5138812154e-03    3.2628906116e-08
  83.5700000    2.7029211776e-03    2.4292024391e-05   -2.6546695765e-03   -2.4819689610e-06    2.8584094659e-03   -2.3141891557e-07   -1.5065532063e-03    3.7963468246e-08
  83.5800000    2.4727153660e-03    2.5227577256e-05   -2.6203552831e-03   -3.5501764616e-06    2.8574655024e-03   -2.5587929708e-07   -1.4992163705e-03    4.3705573134e-08
  83.5900000    2.2295584896e-03    2.5800965794e-05   -2.5898596692e-03   -4.5445624208e-06    2.8564125332e-03   -2.7870505853e-07   -1.4918771939e-03    4.9805617275e-08
  83.6000000    1.9768045370e-03    2.6007375223e-05   -2.5635467280e-03   -5.4510540469e-06    2.8552427012e-03   -2.9971332027e-07   -1.4845420633e-03    5.6206560167e-08
  83.6100000    1.7179403243e-03    2.5847313865e-05   -2.5417337389e-03   -6.2571808056e-06    2.8539488734e-03   -3.1873261865e-07   -1.4772172332e-03    6.2844460650e-08
  83.6200000    1.4565387550e-03    2.5326538319e-05   -2.5246888999e-03   -6.9522496175e-06    2.8525246967e-03   -3.3560434749e-07   -1.4699087933e-03    6.9649115629e-08
  83.6300000    1.1962110425e-03    2.4455902828e-05   -2.5126294311e-03   -7.5274893073e-06    2.8509646477e-03   -3.5018416570e-07   -1.4626226380e-03    7.6544762919e-08
  83.6400000    9.4055852444e-04    2.3251135802e-05   -2.5057201193e-03   -7.9761620481e-06    2.8492640747e-03   -3.6234327712e-07   -1.4553644363e-03    8.3450859141e-08
  83.6500000    6.9312469291e-04    2.1732549148e-05   -2.5040723044e-03   -8.2936406052e-06    2.8474192333e-03   -3.7196962426e-07   -1.4481396043e-03    9.0282942300e-08
  83.6600000    4.5734807279e-04    1.9924684058e-05   -2.5077432896e-03   -8.4774503119e-06    2.8454273138e-03   -3.7896895550e-07   -1.4409532790e-03    9.6953514225e-08
  83.6700000    2.3651655011e-04    1.7855900923e-05   -2.5167361578e-03   -8.5272755890e-06    2.8432864611e-03   -3.8326577557e-07   -1.4338102935e-03    1.0337301931e-07
  83.6800000    3.3723736103e-05    1.5557920495e-05   -2.5309999802e-03   -8.4449311267e-06    2.8409957867e-03   -3.8480415601e-07   -1.4267151546e-03    1.0945081477e-07
  83.6900000   -1.4817208179e-04    1.3065322875e-05   -2.5504304034e-03   -8.2342985582e-06    2.8385553726e-03   -3.8354839906e-07   -1.4196720222e-03    1.1509620780e-07
  83.7000000   -3.0658587931e-04    1.0415013088e-05   -2.5748706114e-03   -7.9012303764e-06    2.8359662675e-03   -3.7948355782e-07   -1.4126846905e-03    1.2021948090e-07
  83.7100000   -4.3924025059e-04    7.6456619605e-06   -2.6041126145e-03   -7.4534228884e-06    2.8332304750e-03   -3.7261578809e-07   -1.4057565714e-03    1.2473294089e-07
  83.7200000   -5.4419575334e-04    4.7971309118e-06   -2.6378989018e-03   -6.9002605825e-06    2.8303509335e-03   -3.6297254703e-07   -1.3988906799e-03    1.2855196044e-07
  83.7300000   -6.1987686494e-04    1.9098888913e-06   -2.6759244315e-03   -6.2526350111e-06    2.8273314898e-03   -3.5060262367e-07   -1.3920896216e-03    1.3159600741e-07
  83.7400000   -6.6509322937e-04   -9.7557028014e-07   -2.7178389805e-03   -5.5227414156e-06    2.8241768640e-03   -3.3557599253e-07   -1.3853555823e-03    1.3378964325e-07
  83.7500000   -6.7905593981e-04   -3.8192986156e-06   -2.7632498170e-03   -4.7238568322e-06    2.8208926084e-03   -3.1798351169e-07   -1.3786903201e-03    1.3506347863e-07
  83.7600000   -6.6138865623e-04   -6.5824515291e-06   -2.8117246703e-03   -3.8701036932e-06    2.8174850598e-03   -2.9793643525e-07   -1.3720951585e-03    1.3535510221e-07
  83.7700000   -6.1213342287e-04   -9.2278220300e-06   -2.8627950583e-03   -2.9762029752e-06    2.8139612849e-03   -2.7556577478e-07   -1.3655709833e-03    1.3460993233e-07
  83.7800000   -5.3175111324e-04   -1.1720334711e-05   -2.9159599504e-03   -2.0572212949e-06    2.8103290209e-03   -2.5102147760e-07   -1.3591182397e-03    1.3278201701e-07
  83.7900000   -4.2111650473e-04   -1.4027504590e-05   -2.9706897595e-03   -1.1283162577e-06    2.8065966108e-03   -2.2447146177e-07   -1.3527369331e-03    1.2983474713e-07
  83.8000000   -2.8150804375e-04   -1.6119850512e-05   -3.0264306648e-03   -2.0448445609e-07    2.8027729339e-03   -1.9610049156e-07   -1.3464266308e-03    1.2574148664e-07
  83.8100000   -1.1459242618e-04   -1.7971257493e-05   -3.0826092625e-03    6.9968359424e-07    2.7988673330e-03   -1.6610890410e-07   -1.3401864662e-03    1.2048612016e-07
  83.8200000    7.7595820725e-05   -1.9559291256e-05   -3.1386375354e-03    1.5702377105e-06    2.7948895375e-03   -1.3471119537e-07   -1.3340151445e-03    1.1406349326e-07
  83.8300000    2.9267951341e-04   -2.0865453258e-05   -3.1939181311e-03    2.3940874223e-06    2.7908495848e-03   -1.0213448827e-07   -1.3279109508e-03    1.0647975444e-07
  83.8400000    5.2796842417e-04   -2.1875372767e-05   -3.2478499311e-03    3.1592029336e-06    2.7867577393e-03   -6.8616875358e-08   -1.3218717596e-03    9.7752577760e-08
  83.8500000    7.8049298344e-04   -2.2578939724e-05   -3.2998338869e-03    3.8547945190e-06    2.7826244106e-03   -3.4405658074e-08   -1.3158950464e-03    8.7911290999e-08
  83.8600000    1.0470416650e-03   -2.2970375267e-05   -3.3492790923e-03    4.4714676019e-06    2.7784600706e-03    2.4450197813e-10   -1.3099779002e-03    7.6996874618e-08
  83.8700000    1.3242015995e-03   -2.3048241310e-05   -3.3956090592e-03    5.0013511714e-06    2.7742751715e-03    3.5073513109e-08   -1.3041170389e-03    6.5061840879e-08
  83.8800000    1.6084019350e-03   -2.2815389380e-05   -3.4382681407e-03    5.4381977076e-06    2.7700800644e-03    6.9817845479e-08   -1.2983088250e-03    5.2170012065e-08
  83.8900000    1.8959594093e-03   -2.2278851462e-05   -3.4767280486e-03    5.7774532824e-06    2.7658849196e-03    1.0421256681e-07   -1.2925492832e-03    3.8396162461e-08
  83.9000000    2.1831255817e-03   -2.1449675422e-05   -3.5104944080e-03    6.0162971911e-06    2.7616996490e-03    1.3799341255e-07   -1.2868341200e-03    2.3825559067e-08
  83.9100000    2.4661351596e-03   -2.0342708041e-05   -3.5391132745e-03    6.1536508397e-06    2.7575338317e-03    1.7089887008e-07   -1.2811587438e-03    8.5533903576e-09
  83.9200000    2.7412548241e-03   -1.8976330407e-05   -3.5621775365e-03    6.1901562159e-06    2.7533966427e-03    2.0267225753e-07   -1.2755182863e-03   -7.3159241431e-09
  83.9300000    3.0048319524e-03   -1.7372149899e-05   -3.5793331141e-03    6.1281248046e-06    2.7492967864e-03    2.3306379180e-07   -1.2699076256e-03   -2.3669511033e-08
  83.9400000    3.2533426402e-03   -1.5554654589e-05   -3.5902848650e-03    5.9714583715e-06    2.7452424339e-03    2.6183260035e-07   -1.2643214101e-03   -4.0386926185e-08
  83.9500000    3.4834384241e-03   -1.3550835213e-05   -3.5948020983e-03    5.7255435598e-06    2.7412411657e-03    2.8874870700e-07   -1.2587540832e-03   -5.7341128389e-08
  83.9600000    3.6919911145e-03   -1.1389780703e-05   -3.5927236041e-03    5.3971227795e-06    2.7372999205e-03    3.1359491947e-07   -1.2531999092e-03   -7.4399523156e-08
  83.9700000    3.8761351729e-03   -9.1022534851e-06   -3.5839620866e-03    4.9941435264e-06    2.7334249488e-03    3.3616865860e-07   -1.2476529997e-03   -9.1425086883e-08
  83.9800000    4.0333070836e-03   -6.7202507436e-06   -3.5685079072e-03    4.5255897716e-06    2.7296217740e-03    3.5628366015e-07   -1.2421073412e-03   -1.0827754864e-07
  83.9900000    4.1612812039e-03   -4.2765580708e-06   -3.5464320387e-03    4.0012984931e-06    2.7258951586e-03    3.7377158021e-07   -1.2365568232e-03   -1.2481461843e-07
  84.0000000    4.2582016141e-03   -1.8043017322e-06   -3.5178881388e-03    3.4317649678e-06    2.7222490787e-03    3.8848345097e-07   -1.2309952663e-03   -1.4089326895e-07
  84.0100000    4.3226095308e-03    6.6349502867e-07   -3.4831136572e-03    2.8279407346e-06    2.7186867039e-03    4.0029101397e-07   -1.2254164515e-03   -1.5637102612e-07
  84.0200000    4.3534658858e-03    3.0943458070e-06   -3.4424298990e-03    2.2010278493e-06    2.7152103854e-03    4.0908787824e-07   -1.2198141495e-03   -1.7110729412e-07
  84.0300000    4.3501687401e-03    5.4567192207e-06   -3.3962409816e-03    1.5622733888e-06    2.7118216496e-03    4.1479052397e-07   -1.2141821506e-03   -1.8496467083e-07
  84.0400000    4.3125652472e-03    7.7204357671e-06   -3.3450316358e-03    9.2276785837e-07    2.7085212005e-03    4.1733912155e-07   -1.2085142941e-03   -1.9781025597e-07
  84.0500000    4.2409579496e-03    9.8570396584e-06   -3.2893638148e-03    2.9325113460e-07    2.7053089268e-03    4.1669817350e-07   -1.2028044983e-03   -2.0951694254e-07
  84.0600000    4.1361052558e-03    1.1840140721e-05   -3.2298720941e-03   -3.1607072789e-07    2.7021839175e-03    4.1285696035e-07   -1.1970467906e-03   -2.1996466921e-07
  84.0700000    3.9992160163e-03    1.3645722959e-05   -3.1672578657e-03   -8.9569404636e-07    2.6991444828e-03    4.0582979100e-07   -1.1912353369e-03   -2.2904163219e-07
  84.0800000    3.8319381781e-03    1.5252417392e-05   -3.1022823485e-03   -1.4369693040e-06    2.6961881815e-03    3.9565605354e-07   -1.1853644709e-03   -2.3664543460e-07
  84.0900000    3.6363415815e-03    1.6641735615e-05   -3.0357584572e-03   -1.9322334517e-06    2.6933118538e-03    3.8240006952e-07   -1.1794287234e-03   -2.4268416401e-07
  84.1000000    3.4148950301e-03    1.7798262170e-05   -2.9685415948e-03   -2.3749206485e-06    2.6905116606e-03    3.6615072961e-07   -1.1734228507e-03   -2.4707739089e-07
  84.1100000    3.1704378464e-03    1.8709804693e-05   -2.9015194575e-03   -2.7596495886e-06    2.6877831265e-03    3.4702095316e-07   -1.1673418622e-03   -2.4975708758e-07
  84.1200000    2.9061461909e-03    1.9367500962e-05   -2.8356009595e-03   -3.0822864667e-06    2.6851211880e-03    3.2514692431e-07   -1.1611810483e-03   -2.5066841470e-07
  84.1300000    2.6254944953e-03    1.9765881305e-05   -2.7717044046e-03   -3.3399827699e-06    2.6825202459e-03    3.0068715635e-07   -1.1549360056e-03   -2.4977044602e-07
  84.1400000    2.3322124318e-03    1.9902888782e-05   -2.7107450531e-03   -3.5311876806e-06    2.6799742205e-03    2.7382135581e-07   -1.1486026631e-03   -2.4703672271e-07
  84.1500000    2.0302379095e-03    1.9779855874e-05   -2.6536222486e-03   -3.6556354546e-06    2.6774766105e-03    2.4474911331e-07   -1.1421773058e-03   -2.4245572992e-07
  84.1600000    1.7236666466e-03    1.9401440246e-05   -2.6012062867e-03   -3.7143084419e-06    2.6750205538e-03    2.1368842835e-07   -1.1356565976e-03   -2.3603121841e-07
  84.1700000    1.4166989214e-03    1.8775519593e-05   -2.5543252170e-03   -3.7093770535e-06    2.6725988904e-03    1.8087406974e-07   -1.1290376033e-03   -2.2778239450e-07
  84.1800000    1.1135841583e-03    1.7913048846e-05   -2.5137517840e-03   -3.6441182445e-06    2.6702042258e-03    1.4655578913e-07   -1.1223178075e-03   -2.1774398753e-07
  84.1900000    8.1856404931e-04    1.6827881650e-05   -2.4801907169e-03   -3.5228145562e-06    2.6678289960e-03    1.1099641439e-07   -1.1154951342e-03   -2.0596615424e-07
  84.2000000    5.3581493419e-04    1.5536559544e-05   -2.4542666102e-03   -3.3506360019e-06    2.6654655316e-03    7.4469815802e-08   -1.1085679621e-03   -1.9251426684e-07
  84.2100000    2.6939021112e-04    1.4058070298e-05   -2.4365125266e-03   -3.1335079844e-06    2.6631061214e-03    3.7258766383e-08   -1.1015351401e-03   -1.7746854662e-07
  84.2200000    2.3163544509e-05    1.2413579538e-05   -2.4273595685e-03   -2.8779673824e-06    2.6607430755e-03   -3.4726426399e-10   -1.0943959996e-03   -1.6092356323e-07
  84.2300000   -1.9922634586e-04    1.0626138965e-05   -2.4271277254e-03   -2.5910104774e-06    2.6583687857e-03   -3.8054401372e-08   -1.0871503649e-03   -1.4298761192e-07
  84.2400000   -3.9442853324e-04    8.7203759289e-06   -2.4360180489e-03   -2.2799349527e-06    2.6559757842e-03   -7.5566694867e-08   -1.0797985614e-03   -1.2378193425e-07
  84.2500000   -5.5942961020e-04    6.7221666609e-06   -2.4541064008e-03   -1.9521806376e-06    2.6535567992e-03   -1.1258847973e-07   -1.0723414218e-03   -1.0343984560e-07
  84.2600000   -6.9159954831e-04    4.6582975966e-06   -2.4813389408e-03   -1.6151718246e-06    2.6511048076e-03   -1.4882674605e-07   -1.0647802891e-03   -8.2105723418e-08
  84.2700000   -7.8873299666e-04    2.5561192500e-06   -2.5175294030e-03   -1.2761635582e-06    2.6486130835e-03   -1.8399350526e-07   -1.0571170178e-03   -5.9933892776e-08
  84.2800000   -8.4908535836e-04    4.4319876594e-07   -2.5623583424e-03   -9.4209560069e-07    2.6460752431e-03   -2.1780812093e-07   -1.0493539721e-03   -3.7087414073e-08
  84.2900000   -8.7140305272e-04   -1.6530316370e-06   -2.6153744084e-03   -6.1945665625e-07    2.6434852848e-03   -2.4999958763e-07   -1.0414940216e-03   -1.3736783572e-08
  84.3000000   -8.5494743284e-04   -3.7056243860e-06   -2.6759976959e-03   -3.1416198222e-07    2.6408376248e-03   -2.8030876683e-07   -1.0335405341e-03    9.9414545805e-09
  84.3100000   -7.9951189324e-04   -5.6884480144e-06   -2.7435251838e-03   -3.1445644383e-08    2.6381271277e-03   -3.0849049991e-07   -1.0254973659e-03    3.3766165224e-08
  84.3200000   -7.0543181067e-04   -7.5765113244e-06   -2.8171382323e-03    2.2422987269e-07    2.6353491316e-03   -3.3431564821e-07   -1.0173688488e-03    5.7553113233e-08
  84.3300000   -5.7358705110e-04   -9.3462710844e-06   -2.8959120572e-03    4.4924518443e-07    2.6324994688e-03   -3.5757300115e-07   -1.0091597752e-03    8.1116519134e-08
  84.3400000   -4.0539685756e-04   -1.0975920155e-05   -2.9788271705e-03    6.4087590027e-07    2.6295744798e-03   -3.7807103800e-07   -1.0008753796e-03    1.0427063075e-07
  84.3500000   -2.0280705486e-04   -1.2445651279e-05   -3.0647825841e-03    7.9732392798e-07    2.6265710232e-03   -3.9563955971e-07   -9.9252131727e-04    1.2683131729e-07
  84.3600000    3.1730397241e-05   -1.3737891249e-05   -3.1526106378e-03    9.1772763836e-07    2.6234864792e-03   -4.1013113491e-07   -9.8410364119e-04    1.4861765212e-07
  84.3700000    2.9528534833e-04   -1.4837517712e-05   -3.2410932465e-03    1.0021509695e-06    2.6203187485e-03   -4.2142237196e-07   -9.7562877509e-04    1.6945348889e-07
  84.3800000    5.8448463709e-04   -1.5732036179e-05   -3.3289793428e-03    1.0515526435e-06    2.6170662454e-03   -4.2941500637e-07   -9.6710348466e-04    1.8916900284e-07
  84.3900000    8.9555413355e-04   -1.6411722626e-05   -3.4150032658e-03    1.0677360937e-06    2.6137278868e-03   -4.3403677830e-07   -9.5853484602e-04    2.0760220643e-07
  84.4000000    1.2243671703e-03   -1.6869732005e-05   -3.4979038197e-03    1.0532813357e-06    2.6103030754e-03   -4.3524211927e-07   -9.4993021180e-04    2.2460037971e-07
  84.4100000    1.5664987678e-03   -1.7102169220e-05   -3.5764436905e-03    1.0114607501e-06    2.6067916794e-03   -4.3301260142e-07   -9.4129717498e-04    2.4002145814e-07
  84.4200000    1.9172849866e-03   -1.7108123415e-05   -3.6494289257e-03    9.4614061150e-07    2.6031940071e-03   -4.2735718447e-07   -9.3264353060e-04    2.5373531508e-07
  84.4300000    2.2718866244e-03   -1.6889663172e-05   -3.7157281552e-03    8.6167094103e-07    2.5995107789e-03   -4.1831223620e-07   -9.2397723555e-04    2.6562496898e-07
  84.4400000    2.6253564232e-03   -1.6451794562e-05   -3.7742912279e-03    7.6276591614e-07    2.5957430948e-03   -4.0594132578e-07   -9.1530636663e-04    2.7558766491e-07
  84.4500000    2.9727088537e-03   -1.5802379667e-05   -3.8241669432e-03    6.5437803602e-07    2.5918923995e-03   -3.9033480610e-07   -9.0663907699e-04    2.8353585824e-07
  84.4600000    3.3089914951e-03   -1.4952018928e-05   -3.8645195647e-03    5.4156833245e-07    2.5879604449e-03   -3.7160915805e-07   -8.9798355130e-04    2.8939805182e-07
  84.4700000    3.6293569989e-03   -1.3913898402e-05   -3.8946438157e-03    4.2937567048e-07    2.5839492511e-03   -3.4990613987e-07   -8.8934795981e-04    2.9311951894e-07
  84.4800000    3.9291345823e-03   -1.2703603171e-05   -3.9139780748e-03    3.2268821491e-07    2.5798610646e-03   -3.2539171443e-07   -8.8074041159e-04    2.9466285532e-07
  84.4900000    4.2038999844e-03   -1.1338899412e-05   -3.9221155175e-03    2.2611972296e-07    2.5756983169e-03   -2.9825478120e-07   -8.7216890714e-04    2.9400842834e-07
  84.5000000    4.4495428243e-03   -9.8394879190e-06   -3.9188129773e-03    1.4389336003e-07    2.5714635818e-03   -2.6870571744e-07   -8.6364129075e-04    2.9115461662e-07
  84.5100000    4.6623303125e-03   -8.2267330832e-06   -3.9039973352e-03    7.9735704037e-08    2.5671595329e-03   -2.3697474439e-07   -8.5516520286e-04    2.8611793630e-07
  84.5200000    4.8389663115e-03   -6.5233689130e-06   -3.8777692834e-03    3.6782967554e-08    2.5627889015e-03   -2.0331010602e-07   -8.4674803264e-04    2.7893299497e-07
  84.5300000    4.9766447853e-03   -4.7531872662e-06   -3.8404043576e-03    1.7501710227e-08    2.5583544359e-03   -1.6797613035e-07   -8.3839687119e-04    2.6965227881e-07
  84.5400000    5.0730967395e-03   -2.9407117679e-06   -3.7923511673e-03    2.3625541870e-08    2.5538588616e-03   -1.3125112851e-07   -8.3011846565e-04    2.5834579937e-07
  84.5500000    5.1266298474e-03   -1.1108610798e-06   -3.7342268045e-03    5.6109271049e-08    2.5493048440e-03   -9.3425174386e-08   -8.2191917450e-04    2.4510056098e-07
  84.5600000    5.1361600542e-03    7.1139199574e-07   -3.6668094645e-03    1.1510096474e-07    2.5446949531e-03   -5.4797804683e-08   -8.1380492435e-04    2.3001990152e-07
  84.5700000    5.1012345467e-03    2.5013625098e-06   -3.5910283599e-03    1.9993329058e-07    2.5400316311e-03   -1.5675606512e-08   -8.0578116858e-04    2.1322267111e-07
  84.5800000    5.0220456172e-03    4.2349915411e-06   -3.5079510484e-03    3.0913408551e-07    2.5353171633e-03    2.3630234298e-08   -7.9785284809e-04    1.9484226485e-07
  84.5900000    4.8994350639e-03    5.8891756511e-06   -3.4187683498e-03    4.4045605958e-07    2.5305536524e-03    6.2806440302e-08   -7.9002435447e-04    1.7502554944e-07
  84.6000000    4.7348889312e-03    7.4420830003e-06   -3.3247770666e-03    5.9092405371e-07    2.5257429963e-03    1.0154016704e-07   -7.8229949592e-04    1.5393163327e-07
  84.6100000    4.5305225126e-03    8.8734529856e-06   -3.2273607638e-03    7.5689959537e-07    2.5208868703e-03    1.3952153932e-07   -7.7468146611e-04    1.3173055338e-07
  84.6200000    4.2890557079e-03    1.0164874769e-05   -3.1279689113e-03    9.3416126399e-07    2.5159867132e-03    1.7644615166e-07   -7.6717281634e-04    1.0860183821e-07
  84.6300000    4.0137789801e-03    1.1300038295e-05   -3.0280947062e-03    1.1179990194e-06    2.5110437183e-03    2.1201754081e-07   -7.5977543123e-04    8.4732989399e-08
  84.6400000    3.7085102889e-03    1.2264957020e-05   -2.9292519298e-03    1.3033205894e-06    2.5060588278e-03    2.4594960407e-07   -7.5249050808e-04    6.0317895578e-08
  84.6500000    3.3775435426e-03    1.3048158066e-05   -2.8329512144e-03    1.4847676871e-06    2.5010327330e-03    2.7796892242e-07   -7.4531854025e-04    3.5555164699e-08
  84.6600000    3.0255892493e-03    1.3640835863e-05   -2.7406761071e-03    1.6568392524e-06    2.4959658778e-03    3.0781699215e-07   -7.3825930468e-04    1.0646431203e-08
  84.6700000    2.6577081628e-03    1.4036966985e-05   -2.6538593276e-03    1.8140193067e-06    2.4908584673e-03    3.3525234136e-07   -7.3131185368e-04   -1.4205390668e-08
  84.6800000    2.2792388575e-03    1.4233386126e-05   -2.5738596177e-03    1.9509069205e-06    2.4857104804e-03    3.6005251186e-07   -7.2447451125e-04   -3.8797850161e-08
  84.6900000    1.8957202773e-03    1.4229820638e-05   -2.5019395723e-03    2.0623452428e-06    2.4805216867e-03    3.8201587458e-07   -7.1774487385e-04   -6.2930730068e-08
  84.7000000    1.5128103907e-03    1.4028882108e-05   -2.4392448331e-03    2.1435469269e-06    2.4752916671e-03    4.0096330272e-07   -7.1111981597e-04   -8.6407774939e-08
  84.7100000    1.1362021589e-03    1.3636015527e-05   -2.3867850010e-03    2.1902133653e-06    2.4700198380e-03    4.1673964109e-07   -7.0459550023e-04   -1.0903841619e-07
  84.7200000    7.7153808817e-04    1.3059406565e-05   -2.3454166019e-03    2.1986449333e-06    2.4647054793e-03    4.2921499641e-07   -6.9816739238e-04   -1.3063942813e-07
  84.7300000    4.2432467817e-04    1.2309847809e-05   -2.3158284060e-03    2.1658401553e-06    2.4593477643e-03    4.3828581130e-07   -6.9183028089e-04   -1.5103654263e-07
  84.7400000    9.9848076072e-05    1.1400565754e-05   -2.2985293682e-03    2.0895815315e-06    2.4539457935e-03    4.4387574536e-07   -6.8557830121e-04   -1.7006597241e-07
  84.7500000   -1.9690771432e-04    1.0347011517e-05   -2.2938394060e-03    1.9685060088e-06    2.4484986293e-03    4.4593630658e-07   -6.7940496474e-04   -1.8757586224e-07
  84.7600000   -4.6133876740e-04    9.1666156372e-06   -2.3018831884e-03    1.8021582771e-06    2.4430053333e-03    4.4444728632e-07   -6.7330319215e-04   -2.0342762719e-07
  84.7700000   -6.8929407014e-04    7.8785137864e-06   -2.3225870633e-03    1.5910260058e-06    2.4374650041e-03    4.3941694271e-07   -6.6726535111e-04   -2.1749717441e-07
  84.7800000   -8.7714205151e-04    6.5032477625e-06   -2.3556791945e-03    1.3365578267e-06    2.4318768164e-03    4.3088196153e-07   -6.6128329813e-04   -2.2967600593e-07
  84.7900000   -1.0218297207e-03    5.0624419889e-06   -2.4006929236e-03    1.0411599698e-06    2.4262400596e-03    4.1890718551e-07   -6.5534842441e-04   -2.3987218580e-07
  84.8000000   -1.1209334193e-03    3.5784636997e-06   -2.4569733090e-03    7.0817373836e-07    2.4205541767e-03    4.0358511338e-07   -6.4945170532e-04   -2.4801114483e-07
  84.8100000   -1.1727002734e-03    2.0740719190e-06   -2.5236867929e-03    3.4183324191e-07    2.4148188021e-03    3.8503517086e-07   -6.4358375338e-04   -2.5403635766e-07
  84.8200000   -1.1760796406e-03    5.7206064781e-07   -2.5998338060e-03   -5.2795034446e-08    2.4090337974e-03    3.6340276908e-07   -6.3773487432e-04   -2.5790983892e-07
  84.8300000   -1.1307439515e-03   -9.0509585833e-07   -2.6842641057e-03   -4.6989029266e-07    2.4031992867e-03    3.3885814158e-07   -6.3189512596e-04   -2.5961248806e-07
  84.8400000   -1.0370985366e-03   -2.3355990858e-06   -2.7756946378e-03   -9.0297223379e-07    2.3973156876e-03    3.1159498959e-07   -6.2605437953e-04   -2.5914425454e-07
  84.8500000   -8.9628017668e-04   -3.6986676373e-06   -2.8727296228e-03   -1.3450103920e-06    2.3913837412e-03    2.8182892512e-07   -6.2020238306e-04   -2.5652413766e-07
  84.8600000   -7.1014430264e-04   -4.9748596731e-06   -2.9738825380e-03   -1.7885457441e-06    2.3854045373e-03    2.4979574247e-07   -6.1432882641e-04   -2.5179001619e-07
  84.8700000   -4.8124096026e-04   -6.1463743844e-06   -3.0775996264e-03   -2.2258228578e-06    2.3793795367e-03    2.1574952372e-07   -6.0842340755e-04   -2.4499831252e-07
  84.8800000   -2.1277982578e-04   -7.1973276839e-06   -3.1822845520e-03   -2.6489301156e-06    2.3733105890e-03    1.7996059798e-07   -6.0247589967e-04   -2.3622347217e-07
  84.8900000    9.1415254666e-05   -8.1139897354e-06   -3.2863237964e-03   -3.0499450137e-06    2.3671999462e-03    1.4271335856e-07   -5.9647621864e-04   -2.2555729813e-07
  84.9000000    4.2696157011e-04   -8.8849883689e-06   -3.3881123710e-03   -3.4210826582e-06    2.3610502708e-03    1.0430398312e-07   -5.9041449029e-04   -2.1310811935e-07
  84.9100000    7.8898188750e-04   -9.5014820721e-06   -3.4860793979e-03   -3.7548433471e-06    2.3548646400e-03    6.5038038200e-08   -5.8428111729e-04   -1.9899981035e-07
  84.9200000    1.1721768794e-03   -9.9572824865e-06   -3.5787131812e-03   -4.0441573536e-06    2.3486465437e-03    2.5228025801e-08   -5.7806684482e-04   -1.8337066121e-07
  84.9300000    1.5709045401e-03   -1.0248934222e-05   -3.6645853069e-03   -4.2825239727e-06    2.3423998775e-03   -1.4809139454e-08   -5.7176282486e-04   -1.6637213603e-07
  84.9400000    1.9792653903e-03   -1.0375742333e-05   -3.7423733661e-03   -4.4641420822e-06    2.3361289307e-03   -5.4754677713e-08   -5.6536067842e-04   -1.4816747238e-07
  84.9500000    2.3911921409e-03   -1.0339756558e-05   -3.8108819491e-03   -4.5840299067e-06    2.3298383678e-03   -9.4290512955e-08   -5.5885255545e-04   -1.2893021630e-07
  84.9600000    2.8005424260e-03   -1.0145709846e-05   -3.8690615526e-03   -4.6381314403e-06    2.3235332059e-03   -1.3310182851e-07   -5.5223119178e-04   -1.0884263208e-07
  84.9700000    3.2011931538e-03   -9.8009078985e-06   -3.9160250852e-03   -4.6234074353e-06    2.3172187854e-03   -1.7087960663e-07   -5.4548996277e-04   -8.8094029497e-08
  84.9800000    3.5871349927e-03   -9.3150768014e-06   -3.9510617033e-03   -4.5379094527e-06    2.3109007371e-03   -2.0732310221e-07   -5.3862293330e-04   -6.6879044517e-08
  84.9900000    3.9525654860e-03   -8.7001681080e-06   -3.9736477518e-03   -4.3808352613e-06    2.3045849427e-03   -2.4214226102e-07   -5.3162490355e-04   -4.5395846462e-08
  85.0000000    4.2919792985e-03   -7.9701226097e-06   -3.9834546328e-03   -4.1525644875e-06    2.2982774922e-03   -2.7506004986e-07   -5.2449145035e-04   -2.3844323859e-08
  85.0100000    4.6002541663e-03   -7.1406033776e-06   -3.9803534836e-03   -3.8546737824e-06    2.2919846359e-03   -3.0581466061e-07   -5.1721896369e-04   -2.4242478710e-09
  85.0200000    4.8727311576e-03   -6.2286984430e-06   -3.9644165943e-03   -3.4899310934e-06    2.2857127332e-03   -3.3416162545e-07   -5.0980467803e-04    1.8666567274e-08
  85.0300000    5.1052879391e-03   -5.2526006445e-06   -3.9359155541e-03   -3.0622689340e-06    2.2794681977e-03   -3.5987574861e-07   -5.0224669822e-04    3.9234084380e-08
  85.0400000    5.2944038520e-03   -4.2312668828e-06   -3.8953161727e-03   -2.5767370209e-06    2.2732574391e-03   -3.8275291183e-07   -4.9454401975e-04    5.9089848823e-08
  85.0500000    5.4372157403e-03   -3.1840653373e-06   -3.8432702739e-03   -2.0394350790e-06    2.2670868030e-03   -4.0261168609e-07   -4.8669654304e-04    7.8052713430e-08
  85.0600000    5.5315636051e-03   -2.1304173883e-06   -3.7806045142e-03   -1.4574270568e-06    2.2609625089e-03   -4.1929477245e-07   -4.7870508180e-04    9.5950529407e-08
  85.0700000    5.5760253236e-03   -1.0894408900e-06   -3.7083064221e-03   -8.3863768363e-07    2.2548905867e-03   -4.3267024002e-07   -4.7057136507e-04    1.1262175110e-07
  85.0800000    5.5699398544e-03   -7.9599300640e-08   -3.6275079135e-03   -1.9173327835e-07    2.2488768127e-03   -4.4263255782e-07   -4.6229803305e-04    1.2791692546e-07
  85.0900000    5.5134185134e-03    8.8163469856e-07   -3.5394665693e-03    4.7401116362e-07    2.2429266455e-03   -4.4910341126e-07   -4.5388862665e-04    1.4170010461e-07
  85.1000000    5.4073441249e-03    1.7780948954e-06   -3.4455449984e-03    1.1488552379e-06    2.2370451630e-03   -4.5203230247e-07   -4.4534757066e-04    1.5385010993e-07
  85.1100000    5.2533580315e-03    2.5952117584e-06   -3.3471886556e-03    1.8227460335e-06    2.2312370003e-03   -4.5139691680e-07   -4.3668015070e-04    1.6426166741e-07
  85.1200000    5.0538351531e-03    3.3202686040e-06   -3.2459024388e-03    2.4854773008e-06    2.2255062897e-03   -4.4720327312e-07   -4.2789248402e-04    1.7284642197e-07
  85.1300000    4.8118474529e-03    3.9426271315e-06   -3.1432265204e-03    3.1268525788e-06    2.2198566039e-03   -4.3948563472e-07   -4.1899148430e-04    1.7953375153e-07
  85.1400000    4.5311164007e-03    4.4539094499e-06   -3.0407118054e-03    3.7368490345e-06    2.2142909019e-03   -4.2830619814e-07   -4.0998482050e-04    1.8427146218e-07
  85.1500000    4.2159551737e-03    4.8481359242e-06   -2.9398954100e-03    4.3057794461e-06    2.2088114788e-03   -4.1375456276e-07   -4.0088087023e-04    1.8702628757e-07
  85.1600000    3.8712015128e-03    5.1218166573e-06   -2.8422765722e-03    4.8244493139e-06    2.2034199214e-03   -3.9594696836e-07   -3.9168866778e-04    1.8778421800e-07
  85.1700000    3.5021423033e-03    5.2739949639e-06   -2.7492933861e-03    5.2843068670e-06    2.1981170669e-03   -3.7502532900e-07   -3.8241784702e-04    1.8655065683e-07
  85.1800000    3.1144310664e-03    5.3062387828e-06   -2.6623007360e-03    5.6775833862e-06    2.1929029695e-03   -3.5115606926e-07   -3.7307857980e-04    1.8335039437e-07
  85.1900000    2.7139997175e-03    5.2225847598e-06   -2.5825497807e-03    5.9974214506e-06    2.1877768712e-03   -3.2452874742e-07   -3.6368150995e-04    1.7822739463e-07
  85.2000000    2.3069659758e-03    5.0294331511e-06   -2.5111693113e-03    6.2379890969e-06    2.1827371803e-03   -2.9535451342e-07   -3.5423768351e-04    1.7124440396e-07
  85.2100000    1.8995379287e-03    4.7353977577e-06   -2.4491492687e-03    6.3945781767e-06    2.1777814567e-03   -2.6386438411e-07   -3.4475847556e-04    1.6248239199e-07
  85.2200000    1.4979172680e-03    4.3511109431e-06   -2.3973266667e-03    6.4636851040e-06    2.1729064039e-03   -2.3030738443e-07   -3.3525551413e-04    1.5203980737e-07
  85.2300000    1.1082027664e-03    3.8889870123e-06   -2.3563741283e-03    6.4430723117e-06    2.1681078691e-03   -1.9494852032e-07   -3.2574060181e-04    1.4003167351e-07
  85.2400000    7.3629553080e-04    3.3629529611e-06   -2.3267911911e-03    6.3318108348e-06    2.1633808508e-03   -1.5806665039e-07   -3.1622563541e-04    1.2658852273e-07
  85.2500000    3.8780755981e-04    2.7881461714e-06   -2.3088984906e-03    6.1303022701e-06    2.1587195137e-03   -1.1995224203e-07   -3.0672252446e-04    1.1185518770e-07
  85.2600000    6.7975064530e-05    2.1805873823e-06   -2.3028348816e-03    5.8402802605e-06    2.1541172122e-03   -8.0905051253e-08   -2.9724310885e-04    9.5989441982e-08
  85.2700000   -2.1842207499e-04    1.5568389225e-06   -2.3085575112e-03    5.4647914372e-06    2.1495665209e-03   -4.1231717059e-08   -2.8779907648e-04    7.9160533040e-08
  85.2800000   -4.6713341873e-04    9.3364614241e-07   -2.3258447959e-03    5.0081563696e-06    2.1450592731e-03   -1.2433356325e-09   -2.7840188126e-04    6.1547575221e-08
  85.2900000   -6.7450249594e-04    3.2757487839e-07   -2.3543022190e-03    4.4759111529e-06    2.1405866069e-03    3.8747029165e-08   -2.6906266222e-04    4.3337865389e-08
  85.3000000   -8.3752174200e-04   -2.4534672753e-07   -2.3933708109e-03    3.8747302597e-06    2.1361390177e-03    7.8426810001e-08   -2.5979216421e-04    2.4725106647e-08
  85.3100000   -9.5387698504e-04   -7.6997879175e-07   -2.4423381351e-03    3.2123327359e-06    2.1317064187e-03    1.1748640919e-07   -2.5060066080e-04    5.9075609695e-09
  85.3200000   -1.0219807936e-03   -1.2324020845e-06   -2.5003515628e-03    2.4973743173e-06    2.1272782066e-03    1.5562163229e-07   -2.4149788002e-04   -1.2913842408e-08
  85.3300000   -1.0409942174e-03   -1.6202288690e-06   -2.5664335778e-03    1.7393238190e-06    2.1228433341e-03    1.9253607144e-07   -2.3249293339e-04   -3.1537443935e-08
  85.3400000   -1.0108365859e-03   -1.9228842207e-06   -2.6394988331e-03    9.4832811182e-07    2.1183903872e-03    2.2794342457e-07   -2.2359424881e-04   -4.9762796412e-08
  85.3500000   -9.3218325870e-04   -2.1318491153e-06   -2.7183726456e-03    1.3506788897e-07    2.1139076678e-03    2.6156970996e-07   -2.1480950789e-04   -6.7392609156e-08
  85.3600000   -8.0645142910e-04   -2.2408669064e-06   -2.8018106011e-03   -6.8939429748e-07    2.1093832803e-03    2.9315539656e-07   -2.0614558807e-04   -8.4234679066e-08
  85.3700000   -6.3577425052e-04   -2.2461010886e-06   -2.8885189246e-03   -1.5137704746e-06    2.1048052210e-03    3.2245739991e-07   -1.9760851013e-04   -1.0010376786e-07
  85.3800000   -4.2296377098e-04   -2.1462457432e-06   -2.9771752725e-03   -2.3267067751e-06    2.1001614713e-03    3.4925092929e-07   -1.8920339138e-04   -1.1482344238e-07
  85.3900000   -1.7146332615e-04   -1.9425888494e-06   -3.0664495941e-03   -3.1169437390e-06    2.0954400920e-03    3.7333121522e-07   -1.8093440503e-04   -1.2822783119e-07
  85.4000000    1.1470979981e-04   -1.6390179188e-06   -3.1550247101e-03   -3.8734740753e-06    2.0906293190e-03    3.9451503771e-07   -1.7280474595e-04   -1.4016330207e-07
  85.4100000    4.3103045177e-04   -1.2419679326e-06   -3.2416162837e-03   -4.5856964887e-06    2.0857176593e-03    4.1264209168e-07   -1.6481660324e-04   -1.5049001836e-07
  85.4200000    7.7253930647e-04   -7.6031634656e-07   -3.3249918609e-03   -5.2435631276e-06    2.0806939862e-03    4.2757617568e-07   -1.5697113971e-04   -1.5908339188e-07
  85.4300000    1.1339229711e-03   -2.0522652288e-07   -3.4039886803e-03   -5.8377186093e-06    2.0755476339e-03    4.3920617030e-07   -1.4926847865e-04   -1.6583538027e-07
  85.4400000    1.5095991542e-03    4.1006084791e-07   -3.4775300156e-03   -6.3596294801e-06    2.0702684889e-03    4.4744681603e-07   -1.4170769791e-04   -1.7065567222e-07
  85.4500000    1.8938054935e-03    1.0704805640e-06   -3.5446397680e-03   -6.8017010621e-06    2.0648470786e-03    4.5223929729e-07   -1.3428683136e-04   -1.7347267346e-07
  85.4600000    2.2806905889e-03    1.7594410145e-06   -3.6044551310e-03   -7.1573811588e-06    2.0592746568e-03    4.5355160108e-07   -1.2700287792e-04   -1.7423435204e-07
  85.4700000    2.6644057620e-03    2.4591642967e-06   -3.6562371651e-03   -7.4212496326e-06    2.0535432836e-03    4.5137867045e-07   -1.1985181799e-04   -1.7290888827e-07
  85.4800000    3.0391960618e-03    3.1510507922e-06   -3.6993791395e-03   -7.5890912524e-06    2.0476459003e-03    4.4574234472e-07   -1.1282863730e-04   -1.6948515524e-07
  85.4900000    3.3994890552e-03    3.8160739113e-06   -3.7334126157e-03   -7.6579525249e-06    2.0415763985e-03    4.3669109038e-07   -1.0592735803e-04   -1.6397299377e-07
  85.5000000    3.7399799896e-03    4.4351851169e-06   -3.7580111516e-03   -7.6261818326e-06    2.0353296816e-03    4.2429951622e-07   -9.9141077079e-05   -1.5640330542e-07
  85.5100000    4.0557119965e-03    4.9897332742e-06   -3.7729916656e-03   -7.4934520535e-06    2.0289017201e-03    4.0866769949e-07   -9.2462011132e-05   -1.4682793827e-07
  85.5200000    4.3421500877e-03    5.4618855242e-06   -3.7783135054e-03   -7.2607657967e-06    2.0222895978e-03    3.8992030780e-07   -8.5881548402e-05   -1.3531937987e-07
  85.5300000    4.5952478023e-03    5.8350398884e-06   -3.7740752953e-03   -6.9304433832e-06    2.0154915505e-03    3.6820553304e-07   -7.9390306585e-05   -1.2197025691e-07
  85.5400000    4.8115055076e-03    6.0942243084e-06   -3.7605096764e-03   -6.5060939094e-06    2.0085069956e-03    3.4369385062e-07   -7.2978196721e-05   -1.0689264116e-07
  85.5500000    4.9880194972e-03    6.2264683785e-06   -3.7379760900e-03   -5.9925699829e-06    2.0013365523e-03    3.1657660973e-07   -6.6634492528e-05   -9.0217163963e-08
  85.5600000    5.1225211857e-03    6.2211436996e-06   -3.7069517810e-03   -5.3959069547e-06    1.9939820525e-03    2.8706447037e-07   -6.0347904771e-05   -7.2091960678e-08
  85.5700000    5.2134058675e-03    6.0702634011e-06   -3.6680212254e-03   -4.7232473574e-06    1.9864465426e-03    2.5538569883e-07   -5.4106660056e-05   -5.2681429964e-08
  85.5800000    5.2597506935e-03    5.7687343668e-06   -3.6218642097e-03   -3.9827517750e-06    1.9787342752e-03    2.2178433014e-07   -4.7898583678e-05   -3.2164845494e-08
  85.5900000    5.2613216902e-03    5.3145571880e-06   -3.5692428027e-03   -3.1834973848e-06    1.9708506908e-03    1.8651822654e-07   -4.1711185770e-05   -1.0734790939e-08
  85.6000000    5.2185698193e-03    4.7089667841e-06   -3.5109874675e-03   -2.3353659133e-06    1.9628023904e-03    1.4985703718e-07   -3.5531750290e-05    1.1404503182e-08
  85.6100000    5.1326162795e-03    3.9565102524e-06   -3.4479825792e-03   -1.4489210921e-06    1.9545970987e-03    1.1208007877e-07   -2.9347426175e-05    3.4038976052e-08
  85.6200000    5.0052274082e-03    3.0650587555e-06   -3.3811516115e-03   -5.3527860608e-07    1.9462436177e-03    7.3474146097e-08   -2.3145319990e-05    5.6946658073e-08
  85.6300000    4.8387796907e-03    2.0457558066e-06   -3.3114422467e-03    3.9403042012e-07    1.9377517712e-03    3.4331292417e-08   -1.6912589465e-05    7.9899665896e-08
  85.6400000    4.6362155911e-03    9.1289323117e-07   -3.2398116663e-03    1.3272009103e-06    1.9291323416e-03   -5.0534218262e-09   -1.0636537191e-05    1.0266628654e-07
  85.6500000    4.4009910160e-03   -3.1627808058e-07   -3.1672122536e-03    2.2522988881e-06    1.9203969981e-03   -4.4384199248e-08   -4.3047038598e-06    1.2501312029e-07
  85.6600000    4.1370153545e-03   -1.6218020264e-06   -3.0945779427e-03    3.1574070204e-06    1.9115582172e-03   -8.3366754874e-08    2.0950396699e-06    1.4670723250e-07
  85.6700000    3.8485851670e-03   -2.9813315676e-06   -3.0228113791e-03    4.0307710627e-06    1.9026291968e-03   -1.2171054170e-07    8.5744021412e-06    1.6751836562e-07
  85.6800000    3.5403126697e-03   -4.3704995882e-06   -2.9527721380e-03    4.8609446185e-06    1.8936237638e-03   -1.5913093934e-07    1.5144584131e-05    1.8722110419e-07
  85.6900000    3.2170502267e-03   -5.7633420284e-06   -2.8852661152e-03    5.6369299337e-06    1.8845562765e-03   -1.9535137550e-07    2.1816193464e-05    2.0559704521e-07
  85.7000000    2.8838121268e-03   -7.1327625557e-06   -2.8210362258e-03    6.3483151837e-06    1.8754415218e-03   -2.3010537646e-07    2.8599164360e-05    2.2243692126e-07
  85.7100000    2.5456949434e-03   -8.4510319819e-06   -2.7607545122e-03    6.9854046244e-06    1.8662946089e-03   -2.6313852091e-07    3.5502680978e-05    2.3754265059e-07
  85.7200000    2.2077977738e-03   -9.6903137659e-06   -2.7050157318e-03    7.5393412616e-06    1.8571308600e-03   -2.9421029165e-07    4.2535105881e-05    2.5072932145e-07
  85.7300000    1.8751436410e-03   -1.0823204854e-05   -2.6543324682e-03    8.0022204863e-06    1.8479656983e-03   -3.2309581383e-07    4.9703914048e-05    2.6182706434e-07
  85.7400000    1.5526032935e-03   -1.1823284346e-05   -2.6091317738e-03    8.3671934172e-06    1.8388145355e-03   -3.4958745081e-07    5.7015632811e-05    2.7068281819e-07
  85.7500000    1.2448225965e-03   -1.2665657079e-05   -2.5697533284e-03    8.6285592755e-06    1.8296926582e-03   -3.7349625734e-07    6.4475788338e-05    2.7716195495e-07
  85.7600000    9.5615461856e-04   -1.3327481614e-05   -2.5364490657e-03    8.7818445030e-06    1.8206151156e-03   -3.9465329716e-07    7.2088858971e-05    2.8114975266e-07
  85.7700000    6.9059743075e-04   -1.3788473323e-05   -2.5093842022e-03    8.8238688525e-06    1.8115966079e-03   -4.1291078247e-07    7.9858235848e-05    2.8255271637e-07
  85.7800000    4.5173850530e-04   -1.4031370085e-05   -2.4886395707e-03    8.7527976471e-06    1.8026513777e-03   -4.2814304642e-07    8.7786191107e-05    2.8129970047e-07
  85.7900000    2.4270650638e-04   -1.4042355410e-05   -2.4742151462e-03    8.5681789111e-06    1.7937931044e-03   -4.4024735043e-07    9.5873853953e-05    2.7734287915e-07
  85.8000000    6.6131107302e-05   -1.3811424950e-05   -2.4660346297e-03    8.2709650456e-06    1.7850348029e-03   -4.4914450353e-07    1.0412119483e-04    2.7065846377e-07
  85.8100000   -7.5888669447e-05   -1.3332691942e-05   -2.4639509429e-03    7.8635186617e-06    1.7763887265e-03   -4.5477930406e-07    1.1252701781e-04    2.6124726941e-07
  85.8200000   -1.8180723102e-04   -1.2604627487e-05   -2.4677524794e-03    7.3496021882e-06    1.7678662768e-03   -4.5712079420e-07    1.2108896139e-04    2.4913502873e-07
  85.8300000   -2.5064613210e-04   -1.1630221187e-05   -2.4771699443e-03    6.7343516751e-06    1.7594779187e-03   -4.5616233994e-07    1.2980350759e-04    2.3437249441e-07
  85.8400000   -2.8199867661e-04   -1.0417059978e-05   -2.4918836172e-03    6.0242339211e-06    1.7512331036e-03   -4.5192151373e-07    1.3866599949e-04    2.1703534069e-07
  85.8500000   -2.7602550479e-04   -8.9773263029e-06   -2.5115308709e-03    5.2269861669e-06    1.7431401995e-03   -4.4443981325e-07    1.4767066705e-04    1.9722380716e-07
  85.8600000   -2.3344142835e-04   -7.3277108979e-06   -2.5357137745e-03    4.3515424846e-06    1.7352064300e-03   -4.3378218414e-07    1.5681066103e-04    1.7506215452e-07
  85.8700000   -1.5549388653e-04   -5.4892407931e-06   -2.5640066312e-03    3.4079432420e-06    1.7274378215e-03   -4.2003639644e-07    1.6607809495e-04    1.5069787761e-07
  85.8800000   -4.3933555223e-05   -3.4870215495e-06   -2.5959633026e-03    2.4072314511e-06    1.7198391602e-03   -4.0331224008e-07    1.7546409474e-04    1.2430072246e-07
  85.8900000    9.9022233681e-05   -1.3499001631e-06   -2.6311241872e-03    1.3613349650e-06    1.7124139580e-03   -3.8374056816e-07    1.8495885570e-04    9.6061472497e-08
  85.9000000    2.7073254962e-04    8.8994581845e-07   -2.6690227308e-03    2.8293518113e-07    1.7051644283e-03   -3.6147219071e-07    1.9455170660e-04    6.6190567791e-08
  85.9100000    4.6818156595e-04    3.1974964114e-06   -2.7091913724e-03   -8.1467533518e-07    1.6980914722e-03   -3.3667664055e-07    2.0423118031e-04    3.4916508612e-08
  85.9200000    6.8803198381e-04    5.5354378413e-06   -2.7511668435e-03   -1.9177454815e-06    1.6911946741e-03   -3.0954079862e-07    2.1398509064e-04    2.4840957420e-09
  85.9300000    9.2668223269e-04    7.8647602870e-06   -2.7944947643e-03   -3.0122268465e-06    1.6844723075e-03   -2.8026741587e-07    2.2380061468e-04   -3.0847491579e-08
  85.9400000    1.1803264390e-03    1.0145406932e-05   -2.8387335035e-03   -4.0839419960e-06    1.6779213506e-03   -2.4907352486e-07    2.3366438037e-04   -6.4806766006e-08
  85.9500000    1.4450161530e-03    1.2336963425e-05   -2.8834572739e-03   -5.1187580985e-06    1.6715375123e-03   -2.1618876213e-07    2.4356255844e-04   -9.9112135859e-08
  85.9600000    1.7167228066e-03    1.4399364169e-05   -2.9282584739e-03   -6.1027638795e-06    1.6653152668e-03   -1.8185362486e-07    2.5348095822e-04   -1.3347421372e-07
  85.9700000    1.9913998804e-03    1.6293613398e-05   -2.9727493017e-03   -7.0224479344e-06    1.6592478982e-03   -1.4631764291e-07    2.6340512665e-04   -1.6759823203e-07
  85.9800000    2.2650438267e-03    1.7982501905e-05   -3.0165626863e-03   -7.8648768726e-06    1.6533275533e-03   -1.0983752523e-07    2.7332044976e-04   -2.0118650912e-07
  85.9900000    2.5337528038e-03    1.9431307895e-05   -3.0593525972e-03   -8.6178700311e-06    1.6475453034e-03   -7.2675262764e-08    2.8321225595e-04   -2.3394099312e-07
  86.0000000    2.7937823541e-03    2.0608481474e-05   -3.1007938046e-03   -9.2701692637e-06    1.6418912131e-03   -3.5096211768e-08    2.9306592035e-04   -2.6556581799e-07
  86.0100000    3.0415972198e-03    2.1486283965e-05   -3.1405811897e-03   -9.8116022173e-06    1.6363544175e-03    2.6328343016e-09    3.0286696950e-04   -2.9576987962e-07
  86.0200000    3.2739186097e-03    2.2041370849e-05   -3.1784286875e-03   -1.0233234446e-05    1.6309232048e-03    4.0245554303e-08    3.1260118562e-04   -3.2426939354e-07
  86.0300000    3.4877662848e-03    2.2255305290e-05   -3.2140679792e-03   -1.0527510101e-05    1.6255851057e-03    7.7477984431e-08    3.2225470969e-04   -3.5079041726e-07
  86.0400000    3.6804949591e-03    2.2115007280e-05   -3.2472470477e-03   -1.0688379664e-05    1.6203269873e-03    1.1407037824e-07    3.3181414271e-04   -3.7507133195e-07
  86.0500000    3.8498246048e-03    2.1613119951e-05   -3.2777286960e-03   -1.0711411339e-05    1.6151351521e-03    1.4976901435e-07    3.4126664433e-04   -3.9686521299e-07
  86.0600000    3.9938643775e-03    2.0748282893e-05   -3.3052891408e-03   -1.0593884604e-05    1.6099954396e-03    1.8432793156e-07    3.5060002807e-04   -4.1594212979e-07
  86.0700000    4.1111299810e-03    1.9525300241e-05   -3.3297167787e-03   -1.0334863784e-05    1.6048933318e-03    2.1751061194e-07    3.5980285263e-04   -4.3209132161e-07
  86.0800000    4.2005543957e-03    1.7955210559e-05   -3.3508112248e-03   -9.9352505638e-06    1.5998140599e-03    2.4909154822e-07    3.6886450843e-04   -4.4512321812e-07
  86.0900000    4.2614920237e-03    1.6055242969e-05   -3.3683826986e-03   -9.3978139136e-06    1.5947427119e-03    2.7885775118e-07    3.7777529892e-04   -4.5487131947e-07
  86.1000000    4.2937164068e-03    1.3848663667e-05   -3.3822518272e-03   -8.7271960146e-06    1.5896643410e-03    3.0661013210e-07    3.8652651588e-04   -4.6119389813e-07
  86.1100000    4.2974117489e-03    1.1364513918e-05   -3.3922499176e-03   -7.9298936663e-06    1.5845640725e-03    3.3216477406e-07    3.9511050825e-04   -4.6397549093e-07
  86.1200000    4.2731585899e-03    8.6372391197e-06   -3.3982197357e-03   -7.0142143541e-06    1.5794272102e-03    3.5535408268e-07    4.0352074400e-04   -4.6312821623e-07
  86.1300000    4.2219140562e-03    5.7062136961e-06   -3.4000168094e-03   -5.9902070924e-06    1.5742393397e-03    3.7602782347e-07    4.1175186450e-04   -4.5859284975e-07
  86.1400000    4.1449871817e-03    2.6151705980e-06   -3.3975112504e-03   -4.8695673620e-06    1.5689864286e-03    3.9405400788e-07    4.1979973094e-04   -4.5033968286e-07
  86.1500000    4.0440098489e-03   -5.8845965830e-07   -3.3905900735e-03   -3.6655179138e-06    1.5636549232e-03    4.0931965287e-07    4.2766146259e-04   -4.3836913567e-07
  86.1600000    3.9209039627e-03   -3.8542892294e-06   -3.3791599809e-03   -2.3926653384e-06    1.5582318404e-03    4.2173140079e-07    4.3533546635e-04   -4.2271212456e-07
  86.1700000    3.7778454947e-03   -7.1297797412e-06   -3.3631505467e-03   -1.0668332702e-06    1.5527048539e-03    4.3121599449e-07    4.4282145759e-04   -4.0343018990e-07
  86.1800000    3.6172260755e-03   -1.0361103838e-05   -3.3425177361e-03    2.9512493384e-07    1.5470623754e-03    4.3772060616e-07    4.5012047186e-04   -3.8061535484e-07
  86.1900000    3.4416128014e-03   -1.3494046946e-05   -3.3172476514e-03    1.6755331969e-06    1.5412936280e-03    4.4121303208e-07    4.5723486751e-04   -3.5438973688e-07
  86.2000000    3.2537069470e-03   -1.6474931848e-05   -3.2873604212e-03    3.0561160878e-06    1.5353887140e-03    4.4168172361e-07    4.6416831909e-04   -3.2490490948e-07
  86.2100000    3.0563022186e-03   -1.9251560398e-05   -3.2529141101e-03    4.4182364503e-06    1.5293386737e-03    4.3913570458e-07    4.7092580145e-04   -2.9234100881e-07
  86.2200000    2.8522432489e-03   -2.1774139775e-05   -3.2140085283e-03    5.7431444454e-06    1.5231355379e-03    4.3360432560e-07    4.7751356480e-04   -2.5690558474e-07
  86.2300000    2.6443849167e-03   -2.3996185689e-05   -3.1707888105e-03    7.0122334939e-06    1.5167723711e-03    4.2513689859e-07    4.8393910063e-04   -2.1883224257e-07
  86.2400000    2.4355530610e-03   -2.5875384591e-05   -3.1234486357e-03    8.2073016274e-06    1.5102433064e-03    4.1380219104e-07    4.9021109884e-04   -1.7837902374e-07
  86.2500000    2.2285071172e-03   -2.7374399007e-05   -3.0722329608e-03    9.3108133474e-06    1.5035435727e-03    3.9968780716e-07    4.9633939624e-04   -1.3582659329e-07
  86.2600000    2.0259051478e-03   -2.8461598959e-05   -3.0174401408e-03    1.0306157348e-05    1.4966695117e-03    3.8289943095e-07    5.0233491686e-04   -9.1476219506e-08
  86.2700000    1.8302716668e-03   -2.9111706934e-05   -2.9594233236e-03    1.1177900187e-05    1.4896185877e-03    3.6355998039e-07    5.0820960420e-04   -4.5647547209e-08
  86.2800000    1.6439685990e-03   -2.9306342938e-05   -2.8985909975e-03    1.1912026570e-05    1.4823893877e-03    3.4180863752e-07    5.1397634618e-04    1.3237676569e-09
  86.2900000    1.4691696463e-03   -2.9034457942e-05   -2.8354066100e-03    1.2496164840e-05    1.4749816135e-03    3.1779979492e-07    5.1964889297e-04    4.9088601851e-08
  86.3000000    1.3078382695e-03   -2.8292646929e-05   -2.7703871798e-03    1.2919794971e-05    1.4673960649e-03    2.9170190565e-07    5.2524176839e-04    9.7287042063e-08
  86.3100000    1.1617094205e-03   -2.7085333604e-05   -2.7041008356e-03    1.3174434095e-05    1.4596346155e-03    2.6369625816e-07    5.3077017549e-04    1.4555115032e-07
  86.3200000    1.0322750949e-03   -2.5424823200e-05   -2.6371632442e-03    1.3253796697e-05    1.4517001802e-03    2.3397568322e-07    5.3624989678e-04    1.9350785083e-07
  86.3300000    9.2077370421e-04   -2.3331218229e-05   -2.5702329106e-03    1.3153926410e-05    1.4435966755e-03    2.0274319202e-07    5.4169718999e-04    2.4078186422e-07
  86.3400000    8.2818321393e-04   -2.0832193091e-05   -2.5040053542e-03    1.2873297381e-05    1.4353289725e-03    1.7021057846e-07    5.4712867977e-04    2.8699869246e-07
  86.3500000    7.5521796764e-04   -1.7962644455e-05   -2.4392061954e-03    1.2412882617e-05    1.4269028445e-03    1.3659696334e-07    5.5256124639e-04    3.3178762506e-07
  86.3600000    7.0232898449e-04   -1.4764206115e-05   -2.3765832124e-03    1.1776184072e-05    1.4183249070e-03    1.0212732130e-07    5.5801191192e-04    3.7478473369e-07
  86.3700000    6.6970756402e-04   -1.1284638224e-05   -2.3168974269e-03    1.0969230497e-05    1.4096025539e-03    6.7030984991e-08    5.6349772479e-04    4.1563585258e-07
  86.3800000    6.5729195499e-04   -7.5771029384e-06   -2.2609133389e-03    1.0000537513e-05    1.4007438885e-03    3.1540133484e-08    5.6903564350e-04    4.5399948501e-07
  86.3900000    6.6477680222e-04   -3.6993363499e-06   -2.2093884356e-03    8.8810300231e-06    1.3917576496e-03   -4.1117202967e-09    5.7464242027e-04    4.8954965685e-07
  86.4000000    6.9162512115e-04    2.8726290816e-07   -2.1630621156e-03    7.6239276931e-06    1.3826531360e-03   -3.9691224446e-08    5.8033448541e-04    5.2197864296e-07
  86.4100000    7.3708245917e-04    4.3186273211e-06   -2.1226441943e-03    6.2445955928e-06    1.3734401264e-03   -7.4966674619e-08    5.8612783321e-04    5.5099959602e-07
  86.4200000    8.0019292697e-04    8.3290724901e-06   -2.0888031746e-03    4.7603604867e-06    1.3641287986e-03   -1.0970947051e-07    5.9203791019e-04    5.7634900748e-07
  86.4300000    8.7981680262e-04    1.2252390381e-05   -2.0621544747e-03    3.1902947975e-06    1.3547296473e-03   -1.4369553329e-07    5.9807950638e-04    5.9778901516e-07
  86.4400000    9.7464939190e-04    1.6022965052e-05   -2.0432488165e-03    1.5549716927e-06    1.3452534007e-03   -1.7670669024e-07    6.0426665052e-04    6.1510952635e-07
  86.4500000    1.0832408395e-03    1.9576897528e-05   -2.0325609887e-03   -1.2380618259e-07    1.3357109379e-03   -2.0853199143e-07    6.1061250980e-04    6.2813011205e-07
  86.4600000    1.2040165903e-03    2.2853107838e-05   -2.0304791957e-03   -1.8233000184e-06    1.3261132070e-03   -2.3896898456e-07    6.1712929489e-04    6.3670171932e-07
  86.4700000    1.3352982734e-03    2.5794405898e-05   -2.0372952027e-03   -3.5201467213e-06    1.3164711447e-03   -2.6782491096e-07    6.2382817096e-04    6.4070811335e-07
  86.4800000    1.4753247273e-03    2.8348514904e-05   -2.0531954880e-03   -5.1906854980e-06    1.3067955980e-03   -2.9491783860e-07    6.3071917526e-04    6.4006707954e-07
  86.4900000    1.6222729525e-03    3.0469017578e-05   -2.0782536096e-03   -6.8112929220e-06    1.2970972488e-03   -3.2007771143e-07    6.3781114189e-04    6.3473137646e-07
  86.5000000    1.7742787999e-03    3.2116214732e-05   -2.1124239364e-03   -8.3587237797e-06    1.2873865421e-03   -3.4314732269e-07    6.4511163433e-04    6.2468939844e-07
  86.5100000    1.9294571805e-03    3.3257882069e-05   -2.1555369405e-03   -9.8104511298e-06    1.2776736174e-03   -3.6398319781e-07    6.5262688610e-04    6.0996558238e-07
  86.5200000    2.0859217249e-03    3.3869902753e-05   -2.2072961868e-03   -1.1145001114e-05    1.2679682458e-03   -3.8245638361e-07    6.6036175018e-04    5.9062051365e-07
  86.5300000    2.2418037200e-03    3.3936784188e-05   -2.2672771387e-03   -1.2342276994e-05    1.2582797704e-03   -3.9845314724e-07    6.6831965738e-04    5.6675075538e-07
  86.5400000    2.3952702390e-03    3.3452007488e-05   -2.3349278802e-03   -1.3383867438e-05    1.2486170531e-03   -4.1187558404e-07    6.7650258406e-04    5.3848839452e-07
  86.5500000    2.5445413661e-03    3.2418245108e-05   -2.4095718155e-03   -1.4253334504e-05    1.2389884270e-03   -4.2264210801e-07    6.8491102953e-04    5.0600029616e-07
  86.5600000    2.6879064743e-03    3.0847417179e-05   -2.4904123912e-03   -1.4936478571e-05    1.2294016534e-03   -4.3068786564e-07    6.9354400315e-04    4.6948709894e-07
  86.5700000    2.8237395279e-03    2.8760606407e-05   -2.5765398098e-03   -1.5421569235e-05    1.2198638869e-03   -4.3596502658e-07    7.0239902138e-04    4.2918190563e-07
  86.5800000    2.9505133335e-03    2.6187796938e-05   -2.6669397325e-03   -1.5699545385e-05    1.2103816447e-03   -4.3844299125e-07    7.1147211486e-04    3.8534874493e-07
  86.5900000    3.0668127429e-03    2.3167461851e-05   -2.7605039020e-03   -1.5764178879e-05    1.2009607839e-03   -4.3810848462e-07    7.2075784534e-04    3.3828075113e-07
  86.6000000    3.1713468001e-03    1.9745992921e-05   -2.8560425772e-03   -1.5612198840e-05    1.1916064839e-03   -4.3496555120e-07    7.3024933265e-04    2.8829812475e-07
  86.6100000    3.2629597876e-03    1.5976995709e-05   -2.9522986365e-03   -1.5243373852e-05    1.1823232362e-03   -4.2903545443e-07    7.3993829123e-04    2.3574585452e-07
  86.6200000    3.3406411654e-03    1.1920450000e-05   -3.0479631950e-03   -1.4660549679e-05    1.1731148397e-03   -4.2035647682e-07    7.4981507633e-04    1.8099124126e-07
  86.6300000    3.4035343782e-03    7.6417524900e-06   -3.1416925365e-03   -1.3869642166e-05    1.1639844023e-03   -4.0898362738e-07    7.5986873939e-04    1.2442122044e-07
  86.6400000    3.4509445192e-03    3.2106511579e-06   -3.2321261348e-03   -1.2879586573e-05    1.1549343487e-03   -3.9498824435e-07    7.7008709232e-04    6.6439522622e-08
  86.6500000    3.4823448121e-03   -1.2999114465e-06   -3.3179055213e-03   -1.1702239976e-05    1.1459664334e-03   -3.7845752352e-07    7.8045678032e-04    7.4636931701e-09
  86.6600000    3.4973818691e-03   -5.8150170700e-06   -3.3976937300e-03   -1.0352240106e-05    1.1370817596e-03   -3.5949395417e-07    7.9096336268e-04   -5.2078029774e-08
  86.6700000    3.4958796623e-03   -1.0259041572e-05   -3.4701950339e-03   -8.8468217151e-06    1.1282808021e-03   -3.3821466610e-07    8.0159140114e-04   -1.1174993219e-07
  86.6800000    3.4778421774e-03   -1.4556948171e-05   -3.5341746803e-03   -7.2055929477e-06    1.1195634363e-03   -3.1475070707e-07    8.1232455517e-04   -1.7111211768e-07
  86.6900000    3.4434546842e-03   -1.8635584574e-05   -3.5884783185e-03   -5.4502741032e-06    1.1109289696e-03   -2.8924624512e-07    8.2314568358e-04   -2.2972384210e-07
  86.7000000    3.3930835473e-03   -2.2424961849e-05   -3.6320508137e-03   -3.6044026842e-06    1.1023761780e-03   -2.6185769674e-07    8.3403695182e-04   -2.8714689197e-07
  86.7100000    3.3272745186e-03   -2.5859490898e-05   -3.6639541437e-03   -1.6930097900e-06    1.0939033451e-03   -2.3275279485e-07    8.4497994416e-04   -3.4294894828e-07
  86.7200000    3.2467494573e-03   -2.8879147632e-05   -3.6833840866e-03    2.5772897593e-07    1.0855083037e-03   -2.0210959928e-07    8.5595578018e-04   -3.9670693097e-07
  86.7300000    3.1524013561e-03   -3.1430566213e-05   -3.6896854008e-03    2.2208628387e-06    1.0771884804e-03   -1.7011544485e-07    8.6694523458e-04   -4.4801028890e-07
  86.7400000    3.0452876704e-03   -3.3468020523e-05   -3.6823652387e-03    4.1690496234e-06    1.0689409404e-03   -1.3696585916e-07    8.7792885982e-04   -4.9646419215e-07
  86.7500000    2.9266219058e-03   -3.4954275714e-05   -3.6611045501e-03    6.0749474986e-06    1.0607624349e-03   -1.0286341468e-07    8.8888711036e-04   -5.4169265320e-07
  86.7600000    2.7977634036e-03   -3.5861300604e-05   -3.6257672474e-03    7.9116099460e-06    1.0526494481e-03   -6.8016567979e-08    8.9980046813e-04   -5.8334148686e-07
  86.7700000    2.6602053218e-03   -3.6170824417e-05   -3.5764069436e-03    9.6528777115e-06    1.0445982442e-03   -3.2638446406e-08    9.1064956800e-04   -6.2108114290e-07
  86.7800000    2.5155608135e-03   -3.5874727309e-05   -3.5132711036e-03    1.1273761814e-05    1.0366049142e-03    3.0543608103e-09    9.2141532263e-04   -6.5460932894e-07
  86.7900000    2.3655474390e-03   -3.4975257510e-05   -3.4368024861e-03    1.2750811202e-05    1.0286654216e-03    3.8843064658e-08    9.3207904587e-04   -6.8365347997e-07
  86.8000000    2.2119698659e-03   -3.3485063935e-05   -3.3476377998e-03    1.4062460516e-05    1.0207756465e-03    7.4507917168e-08    9.4262257368e-04   -7.0797297549e-07
  86.8100000    2.0567009527e-03   -3.1427048912e-05   -3.2466035059e-03    1.5189350142e-05    1.0129314276e-03    1.0982948105e-07    9.5302838203e-04   -7.2736112853e-07
  86.8200000    1.9016613390e-03   -2.8834036530e-05   -3.1347087964e-03    1.6114617343e-05    1.0051286020e-03    1.4458988474e-07    9.6327970079e-04   -7.4164693910e-07
  86.8300000    1.7487976957e-03   -2.5748263599e-05   -3.0131357803e-03    1.6824155031e-05    9.9736304212e-04    1.7857407737e-07    9.7336062286e-04   -7.5069656486e-07
  86.8400000    1.6000598289e-03   -2.2220701289e-05   -2.8832269422e-03    1.7306826909e-05    9.8963068949e-04    2.1157106756e-07    9.8325620793e-04   -7.5441451304e-07
  86.8500000    1.4573768704e-03   -1.8310219248e-05   -2.7464700169e-03    1.7554641164e-05    9.8192758529e-04    2.4337514117e-07    9.9295258003e-04   -7.5274456347e-07
  86.8600000    1.3226328201e-03   -1.4082606074e-05   -2.6044804388e-03    1.7562878897e-05    9.7424989694e-04    2.7378706142e-07    1.0024370183e-03   -7.4567036577e-07
  86.8700000    1.1976416979e-03   -9.6094556717e-06   -2.4589815697e-03    1.7330177262e-05    9.6659394103e-04    3.0261522462e-07    1.0116980402e-03   -7.3321574975e-07
  86.8800000    1.0841226542e-03   -4.9669446262e-06   -2.3117829592e-03    1.6858559248e-05    9.5895620211e-04    3.2967679233e-07    1.0207254769e-03   -7.1544473719e-07
  86.8900000    9.8367538670e-04   -2.3453579113e-07   -2.1647569017e-03    1.6153416639e-05    9.5133334744e-04    3.5479876815e-07    1.0295105402e-03   -6.9246123359e-07
  86.9000000    8.9775619274e-04    4.5063982476e-06   -2.0198135849e-03    1.5223445560e-05    9.4372223756e-04    3.7781903358e-07    1.0380458802e-03   -6.6440840606e-07
  86.9100000    8.2765504373e-04    9.1739908510e-06   -1.8788751615e-03    1.4080533215e-05    9.3611993263e-04    3.9858732823e-07    1.0463256339e-03   -6.3146778055e-07
  86.9200000    7.7447409549e-04    1.3687310379e-05   -1.7438491068e-03    1.2739596618e-05    9.2852369479e-04    4.1696616812e-07    1.0543454638e-03   -5.9385803726e-07
  86.9300000    7.3910796815e-04    1.7967783356e-05   -1.6166012321e-03    1.1218379711e-05    9.2093098645e-04    4.3283170296e-07    1.0621025871e-03   -5.5183350566e-07
  86.9400000    7.2222620351e-04    2.1940584245e-05   -1.4989287324e-03    9.5372087486e-06    9.1333946484e-04    4.4607449486e-07    1.0695957942e-03   -5.0568238973e-07
  86.9500000    7.2425825360e-04    2.5535969483e-05   -1.3925336565e-03    7.7187104308e-06    9.0574697283e-04    4.5660024128e-07    1.0768254574e-03   -4.5572473417e-07
  86.9600000    7.4538134965e-04    2.8690526448e-05   -1.2989971847e-03    5.7874968213e-06    8.9815152657e-04    4.6433039890e-07    1.0837935286e-03   -4.0231013631e-07
  86.9700000    7.8551154729e-04    3.1348315028e-05   -1.2197550659e-03    3.7698217934e-06    8.9055129987e-04    4.6920273792e-07    1.0905035275e-03   -3.4581521861e-07
  86.9800000    8.4429824263e-04    3.3461887361e-05   -1.1560746487e-03    1.6932140590e-06    8.8294460603e-04    4.7117181342e-07    1.0969605190e-03   -2.8664090900e-07
  86.9900000    9.2112237936e-04    3.4993159125e-05   -1.1090338205e-03   -4.1390813034e-07    8.7532987721e-04    4.7020932983e-07    1.1031710808e-03   -2.2520949874e-07
  87.0000000    1.0150985158e-03    3.5914126267e-05   -1.0795022057e-03   -2.5226347774e-06    8.6770564185e-04    4.6630443965e-07    1.1091432611e-03   -1.6196155082e-07
  87.0100000    1.1250808890e-03    3.6207411904e-05   -1.0681249281e-03   -4.6039693912e-06    8.6007050053e-04    4.5946391709e-07    1.1148865266e-03   -9.7352650555e-08
  87.0200000    1.2496735932e-03    3.5866606296e-05   -1.0753092316e-03   -6.6292341537e-06    8.5242310081e-04    4.4971226648e-07    1.1204117014e-03   -3.1850035598e-08
  87.0300000    1.3872447387e-03    3.4896428255e-05   -1.1012141868e-03   -8.5704700750e-06    8.4476211124e-04    4.3709170336e-07    1.1257308972e-03    3.4070870989e-08
  87.0400000    1.5359446255e-03    3.3312700017e-05   -1.1457436945e-03   -1.0400828142e-05    8.3708619537e-04    4.2166205593e-07    1.1308574351e-03    9.9930013308e-08
  87.0500000    1.6937277189e-03    3.1142124953e-05   -1.2085429547e-03   -1.2094943199e-05    8.2939398587e-04    4.0350055519e-07    1.1358057597e-03    1.6524627140e-07
  87.0600000    1.8583782878e-03    2.8421853299e-05   -1.2889985150e-03   -1.3629287800e-05    8.2168405941e-04    3.8270153415e-07    1.1405913455e-03    2.2954107638e-07
  87.0700000    2.0275393805e-03    2.5198884514e-05   -1.3862419530e-03   -1.4982502788e-05    8.1395491274e-04    3.5937600613e-07    1.1452305979e-03    2.9234201052e-07
  87.0800000    2.1987447764e-03    2.1529281413e-05   -1.4991572317e-03   -1.6135692999e-05    8.0620494039e-04    3.3365117554e-07    1.1497407468e-03    3.5318634304e-07
  87.0900000    2.3694535123e-03    1.7477218529e-05   -1.6263916838e-03   -1.7072690986e-05    7.9843241425e-04    3.0566981852e-07    1.1541397368e-03    4.1162454346e-07
  87.1000000    2.5370865030e-03    1.3113881362e-05   -1.7663705407e-03   -1.7780285966e-05    7.9063546578e-04    2.7558957744e-07    1.1584461112e-03    4.6722367543e-07
  87.1100000    2.6990647366e-03    8.5162362096e-06   -1.9173148383e-03   -1.8248400664e-05    7.8281207075e-04    2.4358217163e-07    1.1626788936e-03    5.1957067395e-07
  87.1200000    2.8528484693e-03    3.7656877691e-06   -2.0772625686e-03   -1.8470232378e-05    7.7496003728e-04    2.0983250581e-07    1.1668574665e-03    5.6827550002e-07
  87.1300000    2.9959768090e-03   -1.0533469573e-06   -2.2440927853e-03   -1.8442348503e-05    7.6707699712e-04    1.7453769295e-07    1.1710014476e-03    6.1297410600e-07
  87.1400000    3.1261070510e-03   -5.8549272543e-06   -2.4155524192e-03   -1.8164735343e-05    7.5916040059e-04    1.3790599050e-07    1.1751305649e-03    6.5333121981e-07
  87.1500000    3.2410531188e-03   -1.0553114757e-05   -2.5892854348e-03   -1.7640798452e-05    7.5120751540e-04    1.0015566368e-07    1.1792645320e-03    6.8904292599e-07
  87.1600000    3.3388224781e-03   -1.5063514185e-05   -2.7628639817e-03   -1.6877316443e-05    7.4321542939e-04    6.1513771509e-08    1.1834229237e-03    7.1983900162e-07
  87.1700000    3.4176508245e-03   -1.9304786660e-05   -2.9338211280e-03   -1.5884348248e-05    7.3518105733e-04    2.2214884791e-08    1.1876250525e-03    7.4548501053e-07
  87.1800000    3.4760339382e-03   -2.3200117408e-05   -3.0996847366e-03   -1.4675095388e-05    7.2710115189e-04   -1.7500258037e-08    1.1918898479e-03    7.6578413198e-07
  87.1900000    3.5127561435e-03   -2.6678616933e-05   -3.2580120305e-03   -1.3265721254e-05    7.1897231871e-04   -5.7386151475e-08    1.1962357389e-03    7.8057871038e-07
  87.2000000    3.5269147735e-03   -2.9676621045e-05   -3.4064243715e-03   -1.1675130473e-05    7.1079103551e-04   -9.7193961631e-08    1.2006805392e-03    7.8975150236e-07
  87.2100000    3.5179401532e-03   -3.2138871493e-05   -3.5426417564e-03   -9.9247107704e-06    7.0255367520e-04   -1.3667301878e-07    1.2052413383e-03    7.9322664006e-07
  87.2200000    3.4856106642e-03   -3.4019548639e-05   -3.6645165388e-03   -8.0380406412e-06    6.9425653263e-04   -1.7557233695e-07    1.2099343966e-03    7.9097026566e-07
  87.2300000    3.4300625388e-03   -3.5283138577e-05   -3.7700658704e-03   -6.0405681570e-06    6.8589585509e-04   -2.1364214570e-07    1.2147750477e-03    7.8299086590e-07
  87.2400000    3.3517940679e-03   -3.5905125536e-05   -3.8575023882e-03   -3.9592643137e-06    6.7746787596e-04   -2.5063545604e-07    1.2197776061e-03    7.6933927593e-07
  87.2500000    3.2516640315e-03   -3.5872494970e-05   -3.9252626787e-03   -1.8222567199e-06    6.6896885138e-04   -2.8630961378e-07    1.2249552830e-03    7.5010837770e-07
  87.2600000    3.1308843107e-03   -3.5184018245e-05   -3.9720330668e-03    3.4155393707e-07    6.6039509950e-04   -3.2042785352e-07    1.2303201090e-03    7.2543247181e-07
  87.2700000    2.9910066183e-03   -3.3850333024e-05   -3.9967723186e-03    2.5028863734e-06    6.5174304203e-04   -3.5276084908e-07    1.2358828660e-03    6.9548633964e-07
  87.2800000    2.8339034708e-03   -3.1893809058e-05   -3.9987308716e-03    4.6324753170e-06    6.4300924746e-04   -3.8308822338e-07    1.2416530266e-03    6.6048400249e-07
  87.2900000    2.6617436279e-03   -2.9348187878e-05   -3.9774662548e-03    6.7014691002e-06    6.3419047565e-04   -4.1120003963e-07    1.2476387034e-03    6.2067717176e-07
  87.3000000    2.4769622427e-03   -2.6258031495e-05   -3.9328544242e-03    8.6818198955e-06    6.2528372323e-04   -4.3689823154e-07    1.2538466068e-03    5.7635344496e-07
  87.3100000    2.2822261577e-03   -2.2677966089e-05   -3.8650967647e-03    1.0546662925e-05    6.1628626923e-04   -4.5999800681e-07    1.2602820130e-03    5.2783419035e-07
  87.3200000    2.0803948333e-03   -1.8671741298e-05   -3.7747225806e-03    1.2270679479e-05    6.0719572054e-04   -4.8032915383e-07    1.2669487410e-03    4.7547220453e-07
  87.3300000    1.8744774716e-03   -1.4311115740e-05   -3.6625869663e-03    1.3830437997e-05    5.9801005651e-04   -4.9773730802e-07    1.2738491400e-03    4.1964911990e-07
  87.3400000    1.6675869976e-03   -9.6745934265e-06   -3.5298639948e-03    1.5204711152e-05    5.8872767231e-04   -5.1208511410e-07    1.2809840859e-03    3.6077259084e-07
  87.3500000    1.4628916033e-03   -4.8460324369e-06   -3.3780352358e-03    1.6374761909e-05    5.7934742024e-04   -5.2325330558e-07    1.2883529878e-03    2.9927328946e-07
  87.3600000    1.2635646482e-03    8.6852724819e-08   -3.2088736822e-03    1.7324594421e-05    5.6986864877e-04   -5.3114168640e-07    1.2959538045e-03    2.3560172145e-07
  87.3700000    1.0727336782e-03    5.0340612464e-06   -3.0244232487e-03    1.8041170260e-05    5.6029123851e-04   -5.3567000560e-07    1.3037830694e-03    1.7022488022e-07
  87.3800000    8.9342946138e-04    9.9049385343e-06   -2.8269740515e-03    1.8514589856e-05    5.5061563479e-04   -5.3677870676e-07    1.3118359259e-03    1.0362279846e-07
  87.3900000    7.2853586574e-04    1.4609817330e-05   -2.6190337200e-03    1.8738226262e-05    5.4084287620e-04   -5.3442957562e-07    1.3201061702e-03    3.6284972042e-08
  87.4000000    5.8074142133e-04    1.9061644022e-05   -2.4032951296e-03    1.8708813123e-05    5.3097461881e-04   -5.2860623363e-07    1.3285863037e-03   -3.1293271748e-08
  87.4100000    4.5249340335e-04    2.3177565279e-05   -2.1826009127e-03    1.8426491867e-05    5.2101315555e-04   -5.1931451959e-07    1.3372675930e-03   -9.8614463251e-08
  87.4200000    3.4595529215e-04    2.6880449924e-05   -1.9599052027e-03    1.7894813508e-05    5.1096143040e-04   -5.0658272199e-07    1.3461401370e-03   -1.6518268774e-07
  87.4300000    2.6296829855e-04    3.0100318057e-05   -1.7382331189e-03    1.7120695569e-05    5.0082304704e-04   -4.9046167480e-07    1.3551929422e-03   -2.3050728744e-07
  87.4400000    2.0501773254e-04    3.2775636422e-05   -1.5206385692e-03    1.6114330330e-05    4.9060227174e-04   -4.7102469712e-07    1.3644140029e-03   -2.9410651947e-07
  87.4500000    1.7320478161e-04    3.4854479640e-05   -1.3101609167e-03    1.4889055162e-05    4.8030403027e-04   -4.4836739331e-07    1.3737903886e-03   -3.5551114705e-07
  87.4600000    1.6822425804e-04    3.6295518422e-05   -1.1097811211e-03    1.3461179771e-05    4.6993389859e-04   -4.2260730602e-07    1.3833083351e-03   -4.1426795198e-07
  87.4700000    1.9034878174e-04    3.7068814705e-05   -9.2237799036e-04    1.1849773878e-05    4.5949808724e-04   -3.9388341312e-07    1.3929533417e-03   -4.6994310186e-07
  87.4800000    2.3941974211e-04    3.7156420028e-05   -7.5068517771e-04    1.0076417832e-05    4.4900341951e-04   -3.6235548047e-07    1.4027102705e-03   -5.2212540966e-07
  87.4900000    3.1484526137e-04    3.6552767722e-05   -5.9724958860e-04    8.1649202111e-06    4.3845730326e-04   -3.2820326368e-07    1.4125634497e-03   -5.7042940736e-07
  87.5000000    4.1560524706e-04    3.5264838682e-05   -4.6439172002e-04    6.1410049263e-06    4.2786769650e-04   -2.9162557780e-07    1.4224967787e-03   -6.1449822624e-07
  87.5100000    5.4026362729e-04    3.3312089842e-05   -3.5416869679e-04    4.0319728163e-06    4.1724306698e-04   -2.5283920661e-07    1.4324938347e-03   -6.5400626692e-07
  87.5200000    6.8698755370e-04    3.0726175526e-05   -2.6834052692e-04    1.8663412727e-06    4.0659234593e-04   -2.1207769653e-07    1.4425379801e-03   -6.8866165027e-07
  87.5300000    8.5357331547e-04    2.7550437948e-05   -2.0834010983e-04   -3.2653372635e-07    3.9592487623e-04   -1.6959001142e-07    1.4526124696e-03   -7.1820838647e-07
  87.5400000    1.0374786379e-03    2.3839190677e-05   -1.7524753681e-04   -2.5168478368e-06    3.8525035536e-04   -1.2563907280e-07    1.4627005565e-03   -7.4242832435e-07
  87.5500000    1.2358608805e-03    1.9656804364e-05   -1.6976911149e-04   -4.6747462481e-06    3.7457877355e-04   -8.0500176546e-08    1.4727855976e-03   -7.6114276655e-07
  87.5600000    1.4456205438e-03    1.5076592896e-05   -1.9222150817e-04   -6.7707244284e-06    3.6392034755e-04   -3.4459312118e-08    1.4828511553e-03   -7.7421383103e-07
  87.5700000    1.6634494054e-03    1.0179546989e-05   -2.4252138292e-04   -8.7760262342e-06    3.5328545057e-04    1.2188617882e-08    1.4928810975e-03   -7.8154548279e-07
  87.5800000    1.8858825122e-03    5.0529331248e-06   -3.2018068693e-04   -1.0663034847e-05    3.4268453885e-04    5.9141653517e-08    1.5028596932e-03   -7.8308427409e-07
  87.5900000    2.1093532165e-03   -2.1123772749e-07   -4.2430785754e-04   -1.2405651766e-05    3.3212807559e-04    1.0609272011e-07    1.5127717035e-03   -7.7881974109e-07
  87.6000000    2.3302503185e-03   -5.5178437727e-06   -5.5361495074e-04   -1.3979653796e-05    3.2162645273e-04    1.5273162095e-07    1.5226024686e-03   -7.6878450929e-07
  87.6100000    2.5449763940e-03   -1.0770342589e-05   -7.0643073885e-04   -1.5363029804e-05    3.1118991140e-04    1.9874708145e-07    1.5323379886e-03   -7.5305405225e-07
  87.6200000    2.7500063322e-03   -1.5872494683e-05   -8.8071966089e-04   -1.6536300835e-05    3.0082846153e-04    2.4382882817e-07    1.5419649989e-03   -7.3174614993e-07
  87.6300000    2.9419451118e-03   -2.0730095578e-05   -1.0741064884e-03   -1.7482797211e-05    2.9055180152e-04    2.8766968720e-07    1.5514710384e-03   -7.0502001256e-07
  87.6400000    3.1175838402e-03   -2.5252684969e-05   -1.2839063533e-03   -1.8188897806e-05    2.8036923859e-04    3.2996768542e-07    1.5608445120e-03   -6.7307511452e-07
  87.6500000    3.2739531001e-03   -2.9355193394e-05   -1.5071598426e-03   -1.8644234890e-05    2.7028961050e-04    3.7042815823e-07    1.5700747448e-03   -6.3614971099e-07
  87.6600000    3.4083726958e-03   -3.2959506205e-05   -1.7406726996e-03   -1.8841859549e-05    2.6032120951e-04    4.0876581668e-07    1.5791520301e-03   -5.9451907369e-07
  87.6700000    3.5184969322e-03   -3.5995912048e-05   -1.9810596210e-03   -1.8778359622e-05    2.5047170906e-04    4.4470678155e-07    1.5880676687e-03   -5.4849345377e-07
  87.6800000    3.6023546634e-03   -3.8404412826e-05   -2.2247915724e-03   -1.8453930402e-05    2.4074809419e-04    4.7799057379e-07    1.5968140013e-03   -4.9841576924e-07
  87.6900000    3.6583833745e-03   -4.0135859516e-05   -2.4682459244e-03   -1.7872396629e-05    2.3115659599e-04    5.0837203275e-07    1.6053844322e-03   -4.4465906964e-07
  87.7000000    3.6854567572e-03   -4.1152910436e-05   -2.7077587337e-03   -1.7041184484e-05    2.2170263112e-04    5.3562315014e-07    1.6137734460e-03   -3.8762375488e-07
  87.7100000    3.6829052344e-03   -4.1430783435e-05   -2.9396784168e-03   -1.5971244873e-05    2.1239074671e-04    5.5953480525e-07    1.6219766160e-03   -3.2773460450e-07
  87.7200000    3.6505290775e-03   -4.0957780893e-05   -3.1604200189e-03   -1.4676925744e-05    2.0322457136e-04    5.7991840965e-07    1.6299906046e-03   -2.6543761298e-07
  87.7300000    3.5886038484e-03   -3.9735595797e-05   -3.3665192705e-03   -1.3175796423e-05    1.9420677271e-04    5.9660741041e-07    1.6378131567e-03   -2.0119668961e-07
  87.7400000    3.4978780808e-03   -3.7779377166e-05   -3.5546856183e-03   -1.1488424758e-05    1.8533902216e-04    6.0945866455e-07    1.6454430855e-03   -1.3549018956e-07
  87.7500000    3.3795631944e-03   -3.5117548477e-05   -3.7218534031e-03   -9.6381103916e-06    1.7662196694e-04    6.1835367247e-07    1.6528802510e-03   -6.8807371496e-08
  87.7600000    3.2353157601e-03   -3.1791394761e-05   -3.8652304023e-03   -7.6505766369e-06    1.6805521007e-04    6.2319965719e-07    1.6601255317e-03   -1.6447485067e-09
  87.7700000    3.0672124203e-03   -2.7854414301e-05   -3.9823429450e-03   -5.5536245233e-06    1.5963729846e-04    6.2393046225e-07    1.6671807907e-03    6.5497594976e-08
  87.7800000    2.8777178372e-03   -2.3371450817e-05   -4.0710768057e-03   -3.3767537479e-06    1.5136571927e-04    6.2050729953e-07    1.6740488344e-03    1.3211972800e-07
  87.7900000    2.6696462456e-03   -1.8417602527e-05   -4.1297133274e-03   -1.1507556160e-06    1.4323690477e-04    6.1291929152e-07    1.6807333672e-03    1.9772559176e-07
  87.8000000    2.4461171245e-03   -1.3076957300e-05   -4.1569600648e-03    1.0927169628e-06    1.3524624577e-04    6.0118384201e-07    1.6872389402e-03    2.6182667977e-07
  87.8100000    2.2105057907e-03   -7.4411551334e-06   -4.1519754257e-03    3.3215985827e-06    1.2738811351e-04    5.8534680738e-07    1.6935708956e-03    3.2394568294e-07
  87.8200000    1.9663896503e-03   -1.6078111618e-06   -4.1143868466e-03    5.5038692891e-06    1.1965589007e-04    5.6548246796e-07    1.6997353074e-03    3.8362002732e-07
  87.8300000    1.7174910918e-03    4.3211783152e-06   -4.0443021397e-03    7.6080160296e-06    1.1204200704e-04    5.4169330897e-07    1.7057389186e-03    4.4040532223e-07
  87.8400000    1.4676179048e-03    1.0241414226e-05   -3.9423137373e-03    9.6034941056e-06    1.0453799223e-04    5.1410959287e-07    1.7115890755e-03    4.9387865757e-07
  87.8500000    1.2206022097e-03    1.6047831469e-05   -3.8094956885e-03    1.1461177470e-05    9.7134524200e-05    4.8288874201e-07    1.7172936605e-03    5.4364174816e-07
  87.8600000    9.8023889289e-04    2.1636556144e-05   -3.6473933365e-03    1.3153795948e-05    8.9821494059e-05    4.4821451436e-07    1.7228610220e-03    5.8932389849e-07
  87.8700000    7.5022459826e-04    2.6906752106e-05   -3.4580057482e-03    1.4656346584e-05    8.2588074290e-05    4.1029599401e-07    1.7282999052e-03    6.3058475974e-07
  87.8800000    5.3409826172e-04    3.1762418683e-05   -3.2437610600e-03    1.5946478703e-05    7.5422793963e-05    3.6936638770e-07    1.7336193809e-03    6.6711684540e-07
  87.8900000    3.3518416256e-04    3.6114108547e-05   -3.0074850209e-03    1.7004844608e-05    6.8313619752e-05    3.2568163959e-07    1.7388287760e-03    6.9864783389e-07
  87.9000000    1.5653845467e-04    3.9880547427e-05   -2.7523631205e-03    1.7815412873e-05    6.1248042224e-05    2.7951887460e-07    1.7439376037e-03    7.2494258007e-07
  87.9100000    9.0004105799e-07    4.2990129847e-05   -2.4818968478e-03    1.8365717064e-05    5.4213166643e-05    2.3117467643e-07    1.7489554958e-03    7.4580486984e-07
  87.9200000   -1.2935342723e-04    4.5382214741e-05   -2.1998545754e-03    1.8647078246e-05    4.7195807583e-05    1.8096320686e-07    1.7538921371e-03    7.6107887173e-07
  87.9300000   -2.3224366049e-04    4.7008254266e-05   -1.9102178427e-03    1.8654766867e-05    4.0182586597e-05    1.2921418504e-07    1.7587572014e-03    7.7065030247e-07
  87.9400000   -3.0622334220e-04    4.7832713997e-05   -1.6171237437e-03    1.8388101982e-05    3.3160032159e-05    7.6270733577e-08    1.7635602916e-03    7.7444726605e-07
  87.9500000   -3.5020072396e-04    4.7833776436e-05   -1.3248042889e-03    1.7850493362e-05    2.6114681013e-05    2.2487111149e-08    1.7683108822e-03    7.7244080395e-07
  87.9600000   -3.6355686725e-04    4.7003803730e-05   -1.0375236138e-03    1.7049422343e-05    1.9033180142e-05   -3.1773650706e-08    1.7730182664e-03    7.6464509232e-07
  87.9700000   -3.4615516482e-04    4.5349549204e-05   -7.5951397748e-04    1.5996360494e-05    1.1902388489e-05   -8.6142209160e-08    1.7776915063e-03    7.5111735763e-07
  87.9800000   -2.9834305433e-04    4.2892119385e-05   -4.9491151551e-04    1.4706628214e-05    4.7094775569e-06   -1.4024543288e-07    1.7823393889e-03    7.3195743923e-07
  87.9900000   -2.2094589718e-04    3.9666694387e-05   -2.4769274018e-04    1.3199191357e-05   -2.5579699277e-06   -1.9370897306e-07    1.7869703851e-03    7.0730706003e-07
  88.0000000   -1.1525316289e-04    3.5721996050e-05   -2.1612744072e-05    1.1496403182e-05   -9.9118641387e-06   -2.4615987221e-07    1.7915926150e-03    6.7734877049e-07
  88.0100000    1.7002884901e-05    3.1119519588e-05    1.7985390421e-04    9.6236898928e-06   -1.7363515882e-05   -2.9722919244e-07    1.7962138175e-03    6.4230460434e-07
  88.0200000    1.7367561802e-04    2.5932531310e-05    3.5356864065e-04    7.6091865198e-06   -2.4923548723e-05   -3.4655462397e-07    1.8008413250e-03    6.0243443611e-07
  88.0300000    3.5223905818e-04    2.0244872399e-05    4.9677986560e-04    5.4833268024e-06   -3.2601816258e-05   -3.9378309271e-07    1.8054820432e-03    5.5803404304e-07
  88.0400000    5.4982894424e-04    1.4149576612e-05    6.0716855056e-04    3.2783929623e-06   -4.0407325246e-05   -4.3857330609e-07    1.8101424364e-03    5.0943293277e-07
  88.0500000    7.6328911852e-04    7.7473136076e-06    6.8288773237e-04    1.0280317830e-06   -4.8348165298e-05   -4.8059825338e-07    1.8148285173e-03    4.5699189743e-07
  88.0600000    9.8922246883e-04    1.1447009651e-06    7.2259522091e-04   -1.2332561892e-06   -5.6431445689e-05   -5.1954762157e-07    1.8195458419e-03    4.0110034588e-07
  88.0700000    1.2240455777e-03   -5.5474878513e-06    7.2547894456e-04   -3.4706462007e-06   -6.4663239878e-05   -5.5513011260e-07    1.8242995094e-03    3.4217342105e-07
  88.0800000    1.4640461589e-03   -1.2216202657e-05    6.9127445354e-04   -5.6495295111e-06   -7.3048538249e-05   -5.8707565006e-07    1.8290941664e-03    2.8064893380e-07
  88.0900000    1.7054423540e-03   -1.8748044839e-05    6.2027422513e-04   -7.7360574057e-06   -8.1591209433e-05   -6.1513744932e-07    1.8339340150e-03    2.1698411949e-07
  88.1000000    1.9444428904e-03   -2.5031183832e-05    5.1332858105e-04   -9.6976788447e-06   -9.0293970635e-05   -6.3909395190e-07    1.8388228254e-03    1.5165226285e-07
  88.1100000    2.1773070978e-03   -3.0957279423e-05    3.7183808510e-04   -1.1503662806e-05   -9.9158367172e-05   -6.5875057291e-07    1.8437639520e-03    8.5139192303e-08
  88.1200000    2.4004038372e-03   -3.6423345471e-05    1.9773743698e-04   -1.3125600005e-05   -1.0818476149e-04   -6.7394130936e-07    1.8487603523e-03    1.7939696983e-08
  88.1300000    2.6102683693e-03   -4.1333528233e-05   -6.5289113182e-06   -1.4537877717e-05   -1.1737233170e-04   -6.8453011762e-07    1.8538146091e-03   -4.9446134288e-08
  88.1400000    2.8036562384e-03   -4.5600774631e-05   -2.3803927229e-04   -1.5718095508e-05   -1.2671907970e-04   -6.9041212184e-07    1.8589289550e-03   -1.1651660524e-07
  88.1500000    2.9775933186e-03   -4.9148348404e-05   -4.9343478795e-04   -1.6647462254e-05   -1.3622184883e-04   -6.9151458561e-07    1.8641052985e-03   -1.8277212689e-07
  88.1600000    3.1294212338e-03   -5.1911182714e-05   -7.6896653962e-04   -1.7311121096e-05   -1.4587635099e-04   -6.8779768462e-07    1.8693452524e-03   -2.4771889257e-07
  88.1700000    3.2568374340e-03   -5.3837038807e-05   -1.0605490473e-03   -1.7698414913e-05   -1.5567720281e-04   -6.7925503862e-07    1.8746501618e-03   -3.1087253729e-07
  88.1800000    3.3579293182e-03   -5.4887448204e-05   -1.3638194336e-03   -1.7803095300e-05   -1.6561797086e-04   -6.6591400647e-07    1.8800211343e-03   -3.7176171081e-07
  88.1900000    3.4312018968e-03   -5.5038424343e-05   -1.6742013648e-03   -1.7623454076e-05   -1.7569122523e-04   -6.4783575296e-07    1.8854590691e-03   -4.2993155746e-07
  88.2000000    3.4755985771e-03   -5.4280932202e-05   -1.9869728276e-03   -1.7162386176e-05   -1.8588860132e-04   -6.2511507079e-07    1.8909646859e-03   -4.8494707206e-07
  88.2100000    3.4905147906e-03   -5.2621111467e-05   -2.2973367264e-03   -1.6427376767e-05   -1.9620086904e-04   -5.9787996140e-07    1.8965385534e-03   -5.3639631597e-07
  88.2200000    3.4758043164e-03   -5.0080233389e-05   -2.6004932244e-03   -1.5430412410e-05   -2.0661800907e-04   -5.6629097042e-07    1.9021811162e-03   -5.8389345486e-07
  88.2300000    3.4317782636e-03   -4.6694406675e-05   -2.8917127332e-03   -1.4187815314e-05   -2.1712929535e-04   -5.3054029749e-07    1.9078927194e-03   -6.2708161161e-07
  88.2400000    3.3591967440e-03   -4.2514036561e-05   -3.1664084310e-03   -1.2720003624e-05   -2.2772338327e-04   -4.9085066991e-07    1.9136736326e-03   -6.6563549373e-07
  88.2500000    3.2592535090e-03   -3.7603032169e-05   -3.4202071785e-03   -1.1051181987e-05   -2.3838840263e-04   -4.4747397436e-07    1.9195240696e-03   -6.9926380542e-07
  88.2600000    3.1335538295e-03   -3.2037785637e-05   -3.6490177252e-03   -9.2089650025e-06   -2.4911205468e-04   -4.0068969511e-07    1.9254442067e-03   -7.2771139305e-07
  88.2700000    2.9840860350e-03   -2.5905937436e-05   -3.8490951260e-03   -7.2239391721e-06   -2.5988171238e-04   -3.5080312957e-07    1.9314341976e-03   -7.5076113607e-07
  88.2800000    2.8131872393e-03   -1.9304951770e-05   -4.0171003443e-03   -5.1291698337e-06   -2.7068452301e-04   -2.9814340561e-07    1.9374941842e-03   -7.6823555177e-07
  88.2900000    2.6235038811e-03   -1.2340518478e-05   -4.1501541008e-03   -2.9596613658e-06   -2.8150751223e-04   -2.4306131906e-07    1.9436243050e-03   -7.7999811578e-07
  88.3000000    2.4179477650e-03   -5.1248036622e-06   -4.2458840772e-03   -7.5177892813e-07   -2.9233768872e-04   -1.8592700227e-07    1.9498246996e-03   -7.8595426871e-07
  88.3100000    2.1996483068e-03    2.2253972555e-06   -4.3024645714e-03    1.4573590956e-06   -3.0316214848e-04   -1.2712742917e-07    1.9560955083e-03   -7.8605213410e-07
  88.3200000    1.9719018415e-03    9.5905926226e-06   -4.3186481759e-03    3.6305076412e-06   -3.1396817786e-04   -6.7063796884e-08    1.9624368701e-03   -7.8028290944e-07
  88.3300000    1.7381188375e-03    1.6850576603e-05   -4.2937887744e-03    5.7309290230e-06   -3.2474335442e-04   -6.1487754778e-09    1.9688489144e-03   -7.6868094122e-07
  88.3400000    1.5017698389e-03    2.3886426083e-05   -4.2278554752e-03    7.7230245400e-06   -3.3547564485e-04    5.5196346569e-08    1.9753317512e-03   -7.5132349541e-07
  88.3500000    1.2663311034e-03    3.0582479828e-05   -4.1214371990e-03    9.5729527362e-06   -3.4615349890e-04    1.1654457433e-07    1.9818854562e-03   -7.2833020171e-07
  88.3600000    1.0352306678e-03    3.6828256579e-05   -3.9757378033e-03    1.1249224120e-05   -3.5676593874e-04    1.7746621110e-07    1.9885100530e-03   -6.9986219519e-07
  88.3700000    8.1179583222e-04    4.2520299332e-05   -3.7925617448e-03    1.2723260445e-05   -3.6730264275e-04    2.3753187759e-07    1.9952054923e-03   -6.6612095983e-07
  88.3800000    5.9920282393e-04    4.7563898624e-05   -3.5742904342e-03    1.3969905013e-05   -3.7775402315e-04    2.9631556244e-07    2.0019716276e-03   -6.2734685904e-07
  88.3900000    4.0042940168e-04    5.1874669574e-05   -3.3238496153e-03    1.4967880422e-05   -3.8811129679e-04    3.5339765661e-07    2.0088081886e-03   -5.8381740035e-07
  88.4000000    2.1821114197e-04    5.5379957355e-05   -3.0446682072e-03    1.5700183567e-05   -3.9836654837e-04    4.0836798217e-07    2.0157147524e-03   -5.3584522782e-07
  88.4100000    5.5002038347e-05    5.8020044836e-05   -2.7406291855e-03    1.6154410210e-05   -4.0851278574e-04    4.6082874452e-07    2.0226907124e-03   -4.8377584814e-07
  88.4200000   -8.7060003104e-05    5.9749152122e-05   -2.4160132662e-03    1.6322990277e-05   -4.1854398660e-04    5.1039744708e-07    2.0297352460e-03   -4.2798512466e-07
  88.4300000   -2.0618227939e-04    6.0536217604e-05   -2.0754361431e-03    1.6203350754e-05   -4.2845513638e-04    5.5670968810e-07    2.0368472812e-03   -3.6887655730e-07
  88.4400000   -3.0094067291e-04    6.0365408682e-05   -1.7237802676e-03    1.5797986153e-05   -4.3824225685e-04    5.9942185960e-07    2.0440254629e-03   -3.0687834382e-07
  88.4500000   -3.7029689963e-04    5.9236369256e-05   -1.3661221590e-03    1.5114452092e-05   -4.4790242529e-04    6.3821370938e-07    2.0512681186e-03   -2.4244028333e-07
  88.4600000   -4.1360956879e-04    5.7164252010e-05   -1.0076563847e-03    1.4165256357e-05   -4.5743378413e-04    6.7279075462e-07    2.0585732257e-03   -1.7603050806e-07
  88.4700000   -4.3063890097e-04    5.4179466892e-05   -6.5361735102e-04    1.2967662595e-05   -4.6683554084e-04    7.0288652506e-07    2.0659383782e-03   -1.0813209381e-07
  88.4800000   -4.2154504666e-04    5.0327190934e-05   -3.0920006599e-04    1.1543406634e-05   -4.7610795829e-04    7.2826462053e-07    2.0733607567e-03   -3.9239551656e-08
  88.4900000   -3.8688021794e-04    4.5666634539e-05    2.0518825175e-05    9.9183395267e-06   -4.8525233558e-04    7.4872056357e-07    2.0808370995e-03    3.0144760297e-08
  88.5000000   -3.2757481173e-04    4.0270073972e-05    3.3065861365e-04    8.1219855938e-06   -4.9427097953e-04    7.6408343481e-07    2.0883636766e-03    9.9514263698e-08
  88.5100000   -2.4491783579e-04    3.4221688014e-05    6.1660945655e-04    6.1870333865e-06   -5.0316716725e-04    7.7421727836e-07    2.0959362670e-03    1.6836184146e-07
  88.5200000   -1.4053193609e-04    2.7616160336e-05    8.7410350569e-04    4.1487671565e-06   -5.1194510007e-04    7.7902226612e-07    2.1035501395e-03    2.3618351118e-07
  88.5300000   -1.6343639631e-05    2.0557143619e-05    1.0992811132e-03    2.0444434180e-06   -5.2060984926e-04    7.7843561449e-07    2.1112000377e-03    3.0248206339e-07
  88.5400000    1.2545068735e-04    1.3155590836e-05    1.2887511078e-03   -8.7369509696e-08   -5.2916729417e-04    7.7243222859e-07    2.1188801699e-03    3.6677067658e-07
  88.5500000    2.8242258835e-04    5.5279602264e-06    1.4396441688e-03   -2.2074811404e-06   -5.3762405335e-04    7.6102509819e-07    2.1265842034e-03    4.2857642103e-07
  88.5600000    4.5195231135e-04   -2.2056703111e-06    1.5496584523e-03   -4.2767857387e-06   -5.4598740933e-04    7.4426540846e-07    2.1343052647e-03    4.8744369970e-07
  88.5700000    6.3127193592e-04   -9.9235446104e-06    1.6170967440e-03   -6.2569740188e-06   -5.5426522774e-04    7.2224238569e-07    2.1420359449e-03    5.4293752300e-07
  88.5800000    8.1751011422e-04   -1.7504193305e-05    1.6408945324e-03   -8.1112361276e-06   -5.6246587172e-04    6.9508286748e-07    2.1497683115e-03    5.9464667193e-07
  88.5900000    1.0077376775e-03   -2.4828376060e-05    1.6206385412e-03   -9.8049434386e-06   -5.7059811224e-04    6.6295060754e-07    2.1574939262e-03    6.4218666032e-07
  88.6000000    1.1990133640e-03   -3.1780976548e-05    1.5565754076e-03   -1.1306296495e-05   -5.7867103538e-04    6.2604530189e-07    2.1652038684e-03    6.8520251659e-07
  88.6100000    1.3884289914e-03   -3.8252843270e-05    1.4496103324e-03   -1.2586927077e-05   -5.8669394739e-04    5.8460135616e-07    2.1728887661e-03    7.2337134709e-07
  88.6200000    1.5731532739e-03   -4.4142520573e-05    1.3012956937e-03   -1.3622442226e-05   -5.9467627849e-04    5.3888641036e-07    2.1805388322e-03    7.5640467647e-07
  88.6300000    1.7504736407e-03   -4.9357855213e-05    1.1138097641e-03   -1.4392901611e-05   -6.0262748637e-04    4.8919960179e-07    2.1881439078e-03    7.8405052924e-07
  88.6400000    1.9178354231e-03   -5.3817452072e-05    8.8992580941e-04   -1.4883225739e-05   -6.1055696027e-04    4.3586959647e-07    2.1956935112e-03    8.0609524941e-07
  88.6500000    2.0728778290e-03   -5.7451932164e-05    6.3297208222e-04   -1.5083499815e-05   -6.1847392665e-04    3.7925240902e-07    2.2031768933e-03    8.2236505447e-07
  88.6600000    2.2134662009e-03   -6.0205016659e-05    3.4678320053e-04   -1.4989197326e-05   -6.2638735740e-04    3.1972901027e-07    2.2105830984e-03    8.3272730292e-07
  88.6700000    2.3377201099e-03   -6.2034380458e-05    3.5643717281e-05   -1.4601300915e-05   -6.3430588141e-04    2.5770273106e-07    2.2179010305e-03    8.3709144314e-07
  88.6800000    2.4440369073e-03   -6.2912282687e-05   -2.9577542720e-04   -1.3926337616e-05   -6.4223770043e-04    1.9359651994e-07    2.2251195252e-03    8.3540969086e-07
  88.6900000    2.5311104326e-03   -6.2825974464e-05   -6.4248641105e-04   -1.2976300951e-05   -6.5019051013e-04    1.2785002231e-07    2.2322274247e-03    8.2767739044e-07
  88.7000000    2.5979447279e-03   -6.1777853368e-05   -9.9925903262e-04   -1.1768470723e-05   -6.5817142698e-04    6.0916537460e-08    2.2392136588e-03    8.1393305708e-07
  88.7100000    2.6438626273e-03   -5.9785374395e-05   -1.3606991001e-03   -1.0325131176e-05   -6.6618692187e-04   -6.7401389269e-09    2.2460673274e-03    7.9425812813e-07
  88.7200000    2.6685091846e-03   -5.6880726607e-05   -1.7213295290e-03   -8.6732012603e-06   -6.7424276099e-04   -7.4648968102e-08    2.2527777871e-03    7.6877639772e-07
  88.7300000    2.6718500298e-03   -5.3110270738e-05   -2.0756728360e-03   -6.8437689005e-06   -6.8234395465e-04   -1.4233497808e-07    2.2593347396e-03    7.3765315168e-07
  88.7400000    2.6541647669e-03   -4.8533754666e-05   -2.4183338273e-03   -4.8715431665e-06   -6.9049471459e-04   -2.0932262872e-07    2.2657283210e-03    7.0109401713e-07
  88.7500000    2.6160356617e-03   -4.3223324979e-05   -2.7440812207e-03   -2.7942344171e-06   -6.9869842011e-04   -2.7513919484e-07    2.2719491924e-03    6.5934351539e-07
  88.7600000    2.5583319303e-03   -3.7262338978e-05   -3.0479269052e-03   -6.5187108526e-07   -7.0695759345e-04   -3.3931813544e-07    2.2779886297e-03    6.1268334368e-07
  88.7700000    2.4821899789e-03   -3.0744006500e-05   -3.3252016410e-03    1.5139347724e-06   -7.1527388472e-04   -4.0140245244e-07    2.2838386129e-03    5.6143040013e-07
  88.7800000    2.3889900026e-03   -2.3769881455e-05   -3.5716260235e-03    3.6607591666e-06   -7.2364806644e-04   -4.6094797559e-07    2.2894919131e-03    5.0593453884e-07
  88.7900000    2.2803294230e-03   -1.6448228750e-05   -3.7833756108e-03    5.7461626198e-06   -7.3208003783e-04   -5.1752659309e-07    2.2949421771e-03    4.4657614025e-07
  88.8000000    2.1579936808e-03   -8.8923053377e-06   -3.9571392114e-03    7.7284960083e-06   -7.4056883880e-04   -5.7072936056e-07    2.3001840079e-03    3.8376341376e-07
  88.8100000    2.0239249454e-03   -1.2185403490e-06   -4.0901694234e-03    9.5677010830e-06   -7.4911267353e-04   -6.2016950140e-07    2.3052130419e-03    3.1792953854e-07
  88.8200000    1.8801892441e-03    6.4553027506e-06   -4.1803246373e-03    1.1226090627e-05   -7.5770894336e-04   -6.6548526381e-07    2.3100260190e-03    2.4952962473e-07
  88.8300000    1.7289425915e-03    1.4011973286e-05   -4.2261018787e-03    1.2669093257e-05   -7.6635428877e-04   -7.0634259471e-07    2.3146208486e-03    1.7903751911e-07
  88.8400000    1.5723967029e-03    2.1336561549e-05   -4.2266598734e-03    1.3865948372e-05   -7.7504463988e-04   -7.4243764556e-07    2.3189966671e-03    1.0694248380e-07
  88.8500000    1.4127848304e-03    2.8318280170e-05   -4.1818320528e-03    1.4790337499e-05   -7.8377527509e-04   -7.7349906291e-07    2.3231538891e-03    3.3745766797e-08
  88.8600000    1.2523282629e-03    3.4852175113e-05   -4.0921293339e-03    1.5420939283e-05   -7.9254088724e-04   -7.9929005952e-07    2.3270942492e-03   -4.0042898776e-08
  88.8700000    1.0932040064e-03    4.0840718682e-05   -3.9587325443e-03    1.5741897333e-05   -8.0133565655e-04   -8.1961024589e-07    2.3308208352e-03   -1.1390886446e-07
  88.8800000    9.3751408089e-04    4.6195291234e-05   -3.7834746403e-03    1.5743190548e-05   -8.1015332963e-04   -8.3429720985e-07    2.3343381124e-03   -1.8733615879e-07
  88.8900000    7.8725687326e-04    5.0837490186e-05   -3.5688129792e-03    1.5420895014e-05   -8.1898730376e-04   -8.4322783017e-07    2.3376519369e-03   -2.5981108887e-07
  88.9000000    6.4430094856e-04    5.4700285610e-05   -3.3177920834e-03    1.4777335276e-05   -8.2783071552e-04   -8.4631931159e-07    2.3407695587e-03   -3.3082581656e-07
  88.9100000    5.1036161502e-04    5.7728982321e-05   -3.0339974554e-03    1.3821121436e-05   -8.3667653285e-04   -8.4352994364e-07    2.3436996144e-03   -3.9988190194e-07
  88.9200000    3.8698054078e-04    5.9881981315e-05   -2.7215011650e-03    1.2567065792e-05   -8.4551764955e-04   -8.3485955699e-07    2.3464521082e-03   -4.6649376008e-07
  88.9300000    2.7550862257e-04    6.1131329944e-05   -2.3848000669e-03    1.1035976008e-05   -8.5434698126e-04   -8.2034968890e-07    2.3490383819e-03   -5.3019204301e-07
  88.9400000    1.7709223177e-04    6.1463055781e-05   -2.0287475545e-03    9.2543266618e-06   -8.6315756180e-04   -8.0008345626e-07    2.3514710732e-03   -5.9052688508e-07
  88.9500000    9.2662984801e-05    6.0877286424e-05   -1.6584799902e-03    7.2538349845e-06   -8.7194263892e-04   -7.7418511950e-07    2.3537640633e-03   -6.4707103094e-07
  88.9600000    2.2931076391e-05    5.9388138057e-05   -1.2793388642e-03    5.0709196591e-06   -8.8069576831e-04   -7.4281935365e-07    2.3559324124e-03   -6.9942278626e-07
  88.9700000   -3.1617971855e-05    5.7023378739e-05   -8.9678994463e-04    2.7460636410e-06   -8.8941090490e-04   -7.0619023121e-07    2.3579922845e-03   -7.4720879308e-07
  88.9800000   -7.0723061916e-05    5.3823893187e-05   -5.1634065243e-04    3.2309360864e-07   -8.9808249040e-04   -6.6453991158e-07    2.3599608617e-03   -7.9008660720e-07
  88.9900000   -9.4343991098e-05    4.9842957786e-05   -1.4345692644e-04   -2.1516068033e-06   -9.0670553610e-04   -6.1814705451e-07    2.3618562476e-03   -8.2774704922e-07
  89.0000000   -1.0265484452e-04    4.5145326838e-05    2.1651913291e-04   -4.6299554943e-06   -9.1527569993e-04   -5.6732496381e-07    2.3636973616e-03   -8.5991635031e-07
  89.0100000   -9.6034459483e-05    3.9806134519e-05    5.5844956505e-04   -7.0630683201e-06   -9.2378935693e-04   -5.1241947665e-07    2.3655038230e-03   -8.8635800859e-07
  89.0200000   -7.5054208498e-05    3.3909636396e-05    8.7747756959e-04   -9.4021833408e-06   -9.3224366224e-04   -4.5380661437e-07    2.3672958277e-03   -9.0687442209e-07
  89.0300000   -4.0463520358e-05    2.7547861199e-05    1.1691000687e-03   -1.1599597614e-05   -9.4063660587e-04   -3.9188999688e-07    2.3690940163e-03   -9.2130823603e-07
  89.0400000    6.8266845741e-06    2.0819131693e-05    1.4292346863e-03   -1.3609592232e-05   -9.4896705854e-04   -3.2709805896e-07    2.3709193360e-03   -9.2954342437e-07
  89.0500000    6.5762253279e-05    1.3826506186e-05    1.6542801166e-03   -1.5389327905e-05   -9.5723480792e-04   -2.5988107448e-07    2.3727928957e-03   -9.3150606446e-07
  89.0600000    1.3516536214e-04    6.6761697448e-06    1.8411690264e-03   -1.6899705330e-05   -9.6544058485e-04   -1.9070800679e-07    2.3747358176e-03   -9.2716484368e-07
  89.0700000    2.1375508429e-04   -5.2420703539e-07    1.9874126267e-03   -1.8106169061e-05   -9.7358607901e-04   -1.2006322770e-07    2.3767690834e-03   -9.1653125821e-07
  89.0800000    3.0016862167e-04   -7.6671233707e-06    2.0911362891e-03   -1.8979429644e-05   -9.8167394387e-04   -4.8443088697e-08    2.3789133796e-03   -8.9965954246e-07
  89.0900000    3.9298278172e-04   -1.4646876822e-05    2.1511056677e-03   -1.9496096240e-05   -9.8970779050e-04    2.3647584222e-08    2.3811889397e-03   -8.7664627428e-07
  89.1000000    4.9073540752e-04   -2.1361152403e-05    2.1667429562e-03   -1.9639208097e-05   -9.9769217034e-04    9.5699073556e-08    2.3836153875e-03   -8.4762972519e-07
  89.1100000    5.9194641651e-04   -2.7712529931e-05    2.1381330561e-03   -1.9398654682e-05   -1.0056325468e-03    1.6720042083e-07    2.3862115806e-03   -8.1278891363e-07
  89.1200000    6.9513812920e-04   -3.3609906915e-05    2.0660195898e-03   -1.8771468079e-05   -1.0135352561e-03    2.3764306877e-07    2.3889954570e-03   -7.7234237740e-07
  89.1300000    7.9885467202e-04   -3.8969816315e-05    1.9517908675e-03   -1.7761986799e-05   -1.0214074569e-03    3.0652452626e-07    2.3919838845e-03   -7.2654669643e-07
  89.1400000    9.0168014515e-04   -4.3717601010e-05    1.7974560484e-03   -1.6381887370e-05   -1.0292570703e-03    3.7335198791e-07    2.3951925156e-03   -6.7569474576e-07
  89.1500000    1.0022553872e-03   -4.7788453222e-05    1.6056118757e-03   -1.4650080538e-05   -1.0370927092e-03    4.3764590248e-07    2.3986356486e-03   -6.2011371215e-07
  89.1600000    1.0992931392e-03   -5.1128290037e-05    1.3794005952e-03   -1.2592464286e-05   -1.0449235991e-03    4.9894346104e-07    2.4023260954e-03   -5.6016289631e-07
  89.1700000    1.1915914760e-03   -5.3694459376e-05    1.1224596905e-03   -1.0241544945e-05   -1.0527594895e-03    5.5680196220e-07    2.4062750591e-03   -4.9623128359e-07
  89.1800000    1.2780454181e-03   -5.5456254035e-05    8.3886424747e-04   -7.6359344101e-06   -1.0606105582e-03    6.1080206825e-07    2.4104920203e-03   -4.2873492661e-07
  89.1900000    1.3576565838e-03   -5.6395246046e-05    5.3306287368e-04   -4.8197207614e-06   -1.0684873083e-03    6.6055088305e-07    2.4149846348e-03   -3.5811415678e-07
  89.2000000    1.4295410049e-03   -5.6505432189e-05    2.0980819843e-04   -1.8417293058e-06   -1.0764004592e-03    7.0568485581e-07    2.4197586430e-03   -2.8483063616e-07
  89.2100000    1.4929350118e-03   -5.5793180175e-05   -1.2591691347e-04    1.2453118248e-06   -1.0843608326e-03    7.4587249244e-07    2.4248177926e-03   -2.0936426539e-07
  89.2200000    1.5471992500e-03   -5.4277002028e-05   -4.6897635755e-04    4.3856809521e-06   -1.0923792351e-03    7.8081683310e-07    2.4301637743e-03   -1.3220998552e-07
  89.2300000    1.5918209348e-03   -5.1987137060e-05   -8.1415971398e-04    7.5216588185e-06   -1.1004663374e-03    8.1025768733e-07    2.4357961725e-03   -5.3874492227e-08
  89.2400000    1.6264144376e-03   -4.8964957047e-05   -1.1562618880e-03    1.0594561366e-05   -1.1086325527e-03    8.3397362678e-07    2.4417124312e-03    2.5127149878e-08
  89.2500000    1.6507203372e-03   -4.5262225822e-05   -1.4901621786e-03    1.3545806765e-05   -1.1168879141e-03    8.5178368285e-07    2.4479078352e-03    1.0427490526e-07
  89.2600000    1.6646030344e-03   -4.0940208619e-05   -1.8109016052e-03    1.6318000038e-05   -1.1252419538e-03    8.6354878040e-07    2.4543755073e-03    1.8304721078e-07
  89.2700000    1.6680471149e-03   -3.6068648277e-05   -2.1137572866e-03    1.8856003869e-05   -1.1337035837e-03    8.6917284518e-07    2.4611064229e-03    2.6092442739e-07
  89.2800000    1.6611526628e-03   -3.0724620206e-05   -2.3943126726e-03    2.1108002892e-05   -1.1422809802e-03    8.6860363241e-07    2.4680894397e-03    3.3739225531e-07
  89.2900000    1.6441296432e-03   -2.4991294619e-05   -2.6485225852e-03    2.3026500420e-05   -1.1509814736e-03    8.6183322422e-07    2.4753113452e-03    4.1194511415e-07
  89.3000000    1.6172915282e-03   -1.8956622876e-05   -2.8727720435e-03    2.4569251751e-05   -1.1598114425e-03    8.4889820792e-07    2.4827569205e-03    4.8408946150e-07
  89.3100000    1.5810483229e-03   -1.2711968414e-05   -3.0639280571e-03    2.5700122459e-05   -1.1687762171e-03    8.2987953632e-07    2.4904090196e-03    5.5334702245e-07
  89.3200000    1.5358991536e-03   -6.3507020440e-06   -3.2193835588e-03    2.6389844017e-05   -1.1778799887e-03    8.0490206486e-07    2.4982486656e-03    6.1925790940e-07
  89.3300000    1.4824245522e-03    3.3205631968e-08   -3.3370928054e-03    2.6616655278e-05   -1.1871257301e-03    7.7413377095e-07    2.5062551622e-03    6.8138360873e-07
  89.3400000    1.4212785300e-03    6.3465773373e-06   -3.4155977748e-03    2.6366814869e-05   -1.1965151253e-03    7.3778465311e-07    2.5144062188e-03    7.3930985177e-07
  89.3500000    1.3531805786e-03    1.2498427860e-05   -3.4540451800e-03    2.5634977800e-05   -1.2060485104e-03    6.9610532186e-07    2.5226780915e-03    7.9264926572e-07
  89.3600000    1.2789075965e-03    1.8401279879e-05   -3.4521938867e-03    2.4424423956e-05   -1.2157248265e-03    6.4938530505e-07    2.5310457356e-03    8.4104391307e-07
  89.3700000    1.1992858695e-03    2.3972403526e-05   -3.4104126832e-03    2.2747132160e-05   -1.2255415855e-03    5.9795103423e-07    2.5394829710e-03    8.8416755887e-07
  89.3800000    1.1151831513e-03    2.9134981548e-05   -3.3296684963e-03    2.0623698446e-05   -1.2354948480e-03    5.4216359759e-07    2.5479626580e-03    9.2172779349e-07
  89.3900000    1.0275008263e-03    3.3819162186e-05   -3.2115053403e-03    1.8083096378e-05   -1.2455792161e-03    4.8241619762e-07    2.5564568838e-03    9.5346789197e-07
  89.4000000    9.3716615877e-04    3.7962985566e-05   -3.0580143043e-03    1.5162283702e-05   -1.2557878388e-03    4.1913138701e-07    2.5649371564e-03    9.7916845009e-07
  89.4100000    8.4512464198e-04    4.1513206119e-05   -2.8717951889e-03    1.1905661787e-05   -1.2661124326e-03    3.5275808103e-07    2.5733746058e-03    9.9864878085e-07
  89.4200000    7.5233244410e-04    4.4425957627e-05   -2.6559105132e-03    8.3643922836e-06   -1.2765433149e-03    2.8376836652e-07    2.5817401910e-03    1.0117680501e-06
  89.4300000    6.5974885488e-04    4.6667260810e-05   -2.4138326192e-03    4.5955849976e-06   -1.2870694526e-03    2.1265412702e-07    2.5900049106e-03    1.0184261616e-06
  89.4400000    5.6832873074e-04    4.8213373896e-05   -2.1493848161e-03    6.6136128443e-07   -1.2976785241e-03    1.3992352730e-07    2.5981400157e-03    1.0185643689e-06
  89.4500000    4.7901493439e-04    4.9050997162e-05   -1.8666775618e-03   -3.3721787777e-06   -1.3083569943e-03    6.6097355083e-08    2.6061172240e-03    1.0121656343e-06
  89.4600000    3.9273070294e-04    4.9177324841e-05   -1.5700407141e-03   -7.4360851174e-06   -1.3190902032e-03   -8.2947243792e-09    2.6139089320e-03    9.9925471476e-07
  89.4700000    3.1037200059e-04    4.8599918015e-05   -1.2639530267e-03   -1.1459738866e-05   -1.3298624664e-03   -8.2718009475e-08    2.6214884256e-03    9.7989797070e-07
  89.4800000    2.3279977842e-04    4.7336439297e-05   -9.5297007109e-04   -1.5372069076e-05   -1.3406571874e-03   -1.5663662658e-07    2.6288300852e-03    9.5420294283e-07
  89.4900000    1.6083212202e-04    4.5414269570e-05   -6.4165173722e-04   -1.9102817569e-05   -1.3514569806e-03   -2.2951743400e-07    2.6359095858e-03    9.2231762545e-07
  89.5000000    9.5236370545e-05    4.2869955410e-05   -3.3449053908e-04   -2.2583791889e-05   -1.3622438037e-03   -3.0083390402e-07    2.6427040887e-03    8.8442952051e-07
  89.5100000    3.6721222380e-05    3.9748573747e-05   -3.5841866007e-05   -2.5750097340e-05   -1.3729990994e-03   -3.7006997499e-07    2.6491924243e-03    8.4076442973e-07
  89.5200000   -1.4071159445e-05    3.6102925450e-05    2.5014268350e-04   -2.8541324977e-05   -1.3837039440e-03   -4.3672382488e-07    2.6553552638e-03    7.9158500514e-07
  89.5300000   -5.6572839928e-05    3.1992607514e-05    5.1957785040e-04   -3.0902673188e-05   -1.3943392027e-03   -5.0031156675e-07    2.6611752789e-03    7.3718908915e-07
  89.5400000   -9.0297710471e-05    2.7483069433e-05    7.6890210963e-04   -3.2785983989e-05   -1.4048856893e-03   -5.6037081017e-07    2.6666372876e-03    6.7790780102e-07
  89.5500000   -1.1484873831e-04    2.2644574940e-05    9.9492904440e-04   -3.4150676008e-05   -1.4153243300e-03   -6.1646407656e-07    2.6717283852e-03    6.1410347163e-07
  89.5600000   -1.2992480071e-04    1.7551110708e-05    1.1948919295e-03   -3.4964552538e-05   -1.4256363284e-03   -6.6818204079e-07    2.6764380589e-03    5.4616733301e-07
  89.5700000   -1.3532693047e-04    1.2279250669e-05    1.3664808281e-03   -3.5204468951e-05   -1.4358033324e-03   -7.1514658061e-07    2.6807582853e-03    4.7451707580e-07
  89.5800000   -1.3096389806e-04    6.9070097426e-06    1.5078717092e-03   -3.4856851401e-05   -1.4458075988e-03   -7.5701358878e-07    2.6846836098e-03    3.9959422293e-07
  89.5900000   -1.1685690912e-04    1.5126843996e-06    1.6177471165e-03   -3.3918040022e-05   -1.4556321565e-03   -7.9347556385e-07    2.6882112071e-03    3.2186136649e-07
  89.6000000   -9.3143310585e-05   -3.8262737253e-06    1.6953082627e-03   -3.2394473347e-05   -1.4652609651e-03   -8.2426391032e-07    2.6913409214e-03    2.4179927870e-07
  89.6100000   -6.0079201888e-05   -9.0343679022e-06    1.7402783572e-03   -3.0302701557e-05   -1.4746790688e-03   -8.4915098968e-07    2.6940752879e-03    1.5990393023e-07
  89.6200000   -1.8040733932e-05   -1.4039121499e-05    1.7528972831e-03   -2.7669212733e-05   -1.4838727426e-03   -8.6795184842e-07    2.6964195319e-03    7.6683390774e-08
  89.6300000    3.2476005562e-05   -1.8772080947e-05    1.7339077779e-03   -2.4530086020e-05   -1.4928296315e-03   -8.8052564746e-07    2.6983815492e-03   -7.3453062969e-09
  89.6400000    9.0856631589e-05   -2.3169745563e-05    1.6845334655e-03   -2.0930476897e-05   -1.5015388786e-03   -8.8677676915e-07    2.6999718643e-03   -9.1659370023e-08
  89.6500000    1.5637170840e-04   -2.7174412463e-05    1.6064492666e-03   -1.6923939985e-05   -1.5099912438e-03   -8.8665559192e-07    2.7012035690e-03   -1.7573348532e-07
  89.6600000    2.2818169852e-04   -3.0734910417e-05    1.5017447568e-03   -1.2571599625e-05   -1.5181792097e-03   -8.8015893027e-07    2.7020922404e-03   -2.5904304542e-07
  89.6700000    3.0534373828e-04   -3.3807233886e-05    1.3728811655e-03   -7.9411808772e-06   -1.5260970744e-03   -8.6733012475e-07    2.7026558391e-03   -3.4106738198e-07
  89.6800000    3.8682006167e-04   -3.6355071763e-05    1.2226429072e-03   -3.1059153283e-06   -1.5337410310e-03   -8.4825879879e-07    2.7029145887e-03   -4.2129296954e-07
  89.6900000    4.7148824085e-04   -3.8350228407e-05    1.0540845105e-03    1.8566532733e-06   -1.5411092313e-03   -8.2308026635e-07    2.7028908369e-03   -4.9921657829e-07
  89.7000000    5.5815312339e-04   -3.9772896311e-05    8.7047393097e-04    6.8659472373e-06   -1.5482018341e-03   -7.9197460511e-07    2.7026088989e-03   -5.7434835120e-07
  89.7100000    6.4556042706e-04   -4.0611803173e-05    6.7523328379e-04    1.1839695204e-05   -1.5550210382e-03   -7.5516539167e-07    2.7020948853e-03   -6.4621481397e-07
  89.7200000    7.3241187862e-04   -4.0864243792e-05    4.7187803529e-04    1.6695314226e-05   -1.5615710973e-03   -7.1291812067e-07    2.7013765146e-03   -7.1436177251e-07
  89.7300000    8.1738175490e-04   -4.0535974561e-05    2.6395578357e-04    2.1351300828e-05   -1.5678583188e-03   -6.6553829653e-07    2.7004829122e-03   -7.7835708028e-07
  89.7400000    8.9913460889e-04   -3.9640991575e-05    5.4985647910e-05    2.5728624903e-05   -1.5738910455e-03   -6.1336924085e-07    2.6994443975e-03   -8.3779328679e-07
  89.7500000    9.7634402748e-04   -3.8201189329e-05   -1.5160065730e-04    2.9752079372e-05   -1.5796796198e-03   -5.5678960550e-07    2.6982922603e-03   -8.9229012817e-07
  89.7600000    1.0477121432e-03   -3.6245922538e-05   -3.5251508840e-04    3.3351576366e-05   -1.5852363309e-03   -4.9621062544e-07    2.6970585292e-03   -9.4149685189e-07
  89.7700000    1.1119895799e-03   -3.3811463301e-05   -5.4466582357e-04    3.6463358425e-05   -1.5905753457e-03   -4.3207312248e-07    2.6957757318e-03   -9.8509436472e-07
  89.7800000    1.1679956245e-03   -3.0940356533e-05   -7.2520536323e-04    3.9031120548e-05   -1.5957126227e-03   -3.6484427943e-07    2.6944766511e-03   -1.0227971790e-06
  89.7900000    1.2146382844e-03   -2.7680701963e-05   -8.9157332604e-04    4.1007007527e-05   -1.6006658111e-03   -2.9501422336e-07    2.6931940778e-03   -1.0543551816e-06
  89.8000000    1.2509338190e-03   -2.4085361604e-05   -1.0415332668e-03    4.2352476157e-05   -1.6054541338e-03   -2.2309242236e-07    2.6919605623e-03   -1.0795551653e-06
  89.8100000    1.2760254970e-03   -2.0211114435e-05   -1.1732029734e-03    4.3039001316e-05   -1.6100982576e-03   -1.4960394422e-07    2.6908081664e-03   -1.0982221612e-06
  89.8200000    1.2892011223e-03   -1.6117763757e-05   -1.2850777242e-03    4.3048627652e-05   -1.6146201488e-03   -7.5085584254e-08    2.6897682187e-03   -1.1102205216e-06
  89.8300000    1.2899090133e-03   -1.1867205649e-05   -1.3760462908e-03    4.2374345117e-05   -1.6190429180e-03   -8.1905295960e-11    2.6888710739e-03   -1.1154547940e-06
  89.8400000    1.2777720867e-03   -7.5225130522e-06   -1.4453994049e-03    4.1020262877e-05   -1.6233906532e-03    7.4858789608e-08    2.6881458799e-03   -1.1138703464e-06
  89.8500000    1.2525996992e-03   -3.1470144082e-06   -1.4928308377e-03    3.9001615878e-05   -1.6276882438e-03    1.4918850966e-07    2.6876203519e-03   -1.1054537381e-06
  89.8600000    1.2143969630e-03    1.1966502972e-06   -1.5184310270e-03    3.6344582370e-05   -1.6319611966e-03    2.2236364085e-07    2.6873205584e-03   -1.0902328767e-06
  89.8700000    1.1633712140e-03    5.4474203822e-06   -1.5226735527e-03    3.3085918119e-05   -1.6362354440e-03    2.9384897859e-07    2.6872707184e-03   -1.0682769079e-06
  89.8800000    1.0999353980e-03    9.5466469833e-06   -1.5063948371e-03    2.9272411083e-05   -1.6405371490e-03    3.6312170113e-07    2.6874930132e-03   -1.0396958723e-06
  89.8900000    1.0247081888e-03    1.3438909657e-05   -1.4707675038e-03    2.4960172128e-05   -1.6448925049e-03    4.2967525390e-07    2.6880074127e-03   -1.0046401223e-06
  89.9000000    9.3851065921e-04    1.7072751097e-05   -1.4172680440e-03    2.0213765277e-05   -1.6493275337e-03    4.9302311945e-07    2.6888315195e-03   -9.6329950406e-07
  89.9100000    8.4235943999e-04    2.0401343408e-05   -1.3476394714e-03    1.5105193836e-05   -1.6538678845e-03    5.5270243899e-07    2.6899804305e-03   -9.1590230509e-07
  89.9200000    7.3745632068e-04    2.3383103661e-05   -1.2638497506e-03    9.7127598685e-06   -1.6585386329e-03    6.0827746337e-07    2.6914666187e-03   -8.6271397101e-07
  89.9300000    6.2517429017e-04    2.5982192256e-05   -1.1680468520e-03    4.1198237632e-06   -1.6633640832e-03    6.5934279662e-07    2.6932998345e-03   -8.0403561513e-07
  89.9400000    5.0704024491e-04    2.8168903269e-05   -1.0625113116e-03   -1.5865261445e-06   -1.6683675760e-03    7.0552641869e-07    2.6954870290e-03   -7.4020231199e-07
  89.9500000    3.8471434236e-04    2.9919965356e-05   -9.4960744509e-04   -7.3168810090e-06   -1.6735713009e-03    7.4649246941e-07    2.6980322988e-03   -6.7158119108e-07
  89.9600000    2.5996641070e-04    3.1218765831e-05   -8.3173395906e-04   -1.2980950032e-05   -1.6789961180e-03    7.8194374378e-07    2.7009368539e-03   -5.9856934042e-07
  89.9700000    1.3464968072e-04    3.2055453060e-05   -7.1127490166e-04   -1.8489019700e-05   -1.6846613878e-03    8.1162390967e-07    2.7041990076e-03   -5.2159153008e-07
  89.9800000    1.0672182053e-05    3.2426957904e-05   -5.9055205292e-04   -2.3753407383e-05   -1.6905848123e-03    8.3531942924e-07    2.7078141901e-03   -4.4109778735e-07
  89.9900000   -1.1003371163e-04    3.2336883531e-05   -4.7177963129e-04   -2.8689887405e-05   -1.6967822878e-03    8.5286113555e-07    2.7117749850e-03   -3.5756079330e-07
  90.0000000   -2.2554311545e-04    3.1795339713e-05   -3.5702220108e-04   -3.3219049516e-05   -1.7032677708e-03    8.6412549318e-07    2.7160711878e-03   -2.7147316574e-07
  90.0100000   -3.3397133471e-04    3.0818663505e-05   -2.4815655797e-04   -3.7267596626e-05   -1.7100531585e-03    8.6903552282e-07    2.7206898879e-03   -1.8334460457e-07
  90.0200000   -4.3350687745e-04    2.9429090688e-05   -1.4683829976e-04   -4.0769540436e-05   -1.7171481842e-03    8.6756134773e-07    2.7256155713e-03   -9.3698945035e-08
  90.0300000   -5.2244410271e-04    2.7654329710e-05   -5.4473695056e-05   -4.3667278565e-05   -1.7245603290e-03    8.5972041497e-07    2.7308302444e-03   -3.0711015441e-09
  90.0400000   -5.9921493967e-04    2.5527000112e-05    2.7802602842e-05   -4.5912540528e-05   -1.7322947506e-03    8.4557734000e-07    2.7363135783e-03    8.7996036605e-08
  90.0500000   -6.6241916410e-04    2.3084091577e-05    9.9143851978e-05   -4.7467180798e-05   -1.7403542296e-03    8.2524340983e-07    2.7420430716e-03    1.7895478604e-07
  90.0600000   -7.1085255847e-04    2.0366348053e-05    1.5900093213e-04   -4.8303809580e-05   -1.7487391333e-03    7.9887571957e-07    2.7479942305e-03    2.6925587571e-07
  90.0700000   -7.4353237938e-04    1.7417599438e-05    2.0712555359e-04   -4.8406249301e-05   -1.7574473984e-03    7.6667597248e-07    2.7541407653e-03    3.5835167672e-07
  90.0800000   -7.5971953987e-04    1.4284071051e-05    2.4356693165e-04   -4.7769810374e-05   -1.7664745319e-03    7.2888894165e-07    2.7604548018e-03    4.4569944286e-07
  90.0900000   -7.5893712495e-04    1.1013690961e-05    2.6866211980e-04   -4.6401380987e-05   -1.7758136303e-03    6.8580060469e-07    2.7669071045e-03    5.3076451622e-07
  90.1000000   -7.4098483154e-04    7.6553619948e-06    2.8302009637e-04   -4.4319336612e-05   -1.7854554177e-03    6.3773596425e-07    2.7734673124e-03    6.1302352501e-07
  90.1100000   -7.0594883593e-04    4.2582338935e-06    2.8750024721e-04   -4.1553261260e-05   -1.7953883016e-03    5.8505658162e-07    2.7801041823e-03    6.9196750044e-07
  90.1200000   -6.5420690826e-04    8.7099894442e-07    2.8318558427e-04   -3.8143485880e-05   -1.8055984459e-03    5.2815782799e-07    2.7867858403e-03    7.6710494553e-07
  90.1300000   -5.8642851245e-04   -2.4588045464e-06    2.7135139247e-04   -3.4140451555e-05   -1.8160698625e-03    4.6746587732e-07    2.7934800384e-03    8.3796481340e-07
  90.1400000   -5.0356979193e-04   -5.6854531756e-06    2.5343000145e-04   -2.9603923656e-05   -1.8267845172e-03    4.0343448286e-07    2.8001544132e-03    9.0409936735e-07
  90.1500000   -4.0686345244e-04   -8.7656566977e-06    2.3097249816e-04   -2.4602056822e-05   -1.8377224534e-03    3.3654152507e-07    2.8067767468e-03    9.6508694124e-07
  90.1600000   -2.9780349550e-04   -1.1659132677e-05    2.0560818772e-04   -1.9210315565e-05   -1.8488619283e-03    2.6728539127e-07    2.8133152251e-03    1.0205345448e-06
  90.1700000   -1.7812505782e-04   -1.4329138178e-05    1.7900271740e-04   -1.3510296344e-05   -1.8601795647e-03    1.9618121087e-07    2.8197386939e-03    1.0700803295e-06
  90.1800000   -4.9779666995e-05   -1.6742906447e-05    1.5281581346e-04   -7.5884475632e-06   -1.8716505134e-03    1.2375694166e-07    2.8260169084e-03    1.1133958849e-06
  90.1900000    8.5093925839e-05   -1.8872035661e-05    1.2865945059e-04   -1.5347080580e-06   -1.8832486279e-03    5.0549388186e-08    2.8321207758e-03    1.1501883461e-06
  90.2000000    2.2420270449e-04   -2.0692810224e-05    1.0805739856e-04    4.5588994190e-06   -1.8949466486e-03   -2.2899860746e-08    2.8380225886e-03    1.1802023256e-06
  90.2100000    3.6513577337e-04   -2.2186459872e-05    9.2407144991e-05    1.0599702402e-05   -1.9067163952e-03   -9.6048519456e-08    2.8436962449e-03    1.2032216126e-06
  90.2200000    5.0540357935e-04   -2.3339309554e-05    8.2944951746e-05    1.6495822901e-05   -1.9185289660e-03   -1.6835769226e-07    2.8491174574e-03    1.2190706831e-06
  90.2300000    6.4247930124e-04   -2.4142851266e-05    8.0714716312e-05    2.2157603463e-05   -1.9303549427e-03   -2.3929593150e-07    2.8542639456e-03    1.2276159738e-06
  90.2400000    7.7384175756e-04   -2.4593757462e-05    8.6541338440e-05    2.7498996348e-05   -1.9421645990e-03   -3.0834322701e-07    2.8591156119e-03    1.2287669100e-06
  90.2500000    8.9701906842e-04   -2.4693788943e-05    1.0100928771e-04    3.2438885186e-05   -1.9539281114e-03   -3.7499492023e-07    2.8636546998e-03    1.2224767051e-06
  90.2600000    1.0096323024e-03   -2.4449676822e-05    1.2444672923e-04    3.6902325925e-05   -1.9656157704e-03   -4.3876546774e-07    2.8678659320e-03    1.2087429072e-06
  90.2700000    1.1094384267e-03   -2.3872901548e-05    1.5691558390e-04    4.0821688353e-05   -1.9771981909e-03   -4.9919207896e-07    2.8717366286e-03    1.1876076843e-06
  90.2800000    1.1943717442e-03   -2.2979404815e-05    1.9820775967e-04    4.4137677263e-05   -1.9886465199e-03   -5.5583815293e-07    2.8752568025e-03    1.1591578656e-06
  90.2900000    1.2625830817e-03   -2.1789248093e-05    2.4784762659e-04    4.6800219665e-05   -1.9999326402e-03   -6.0829652412e-07    2.8784192337e-03    1.1235247005e-06
  90.3000000    1.3124759296e-03   -2.0326214004e-05    3.0510072798e-04    4.8769207556e-05   -2.0110293685e-03   -6.5619246357e-07    2.8812195191e-03    1.0808833937e-06
  90.3100000    1.3427388849e-03   -1.8617355765e-05    3.6898850948e-04    5.0015079524e-05   -2.0219106462e-03   -6.9918643201e-07    2.8836561003e-03    1.0314523280e-06
  90.3200000    1.3523738368e-03   -1.6692518735e-05    4.3830862265e-04    5.0519242997e-05   -2.0325517216e-03   -7.3697656025e-07    2.8857302659e-03    9.7549208233e-07
  90.3300000    1.3407192354e-03   -1.4583844048e-05    5.1166076736e-04    5.0274324341e-05   -2.0429293225e-03   -7.6930082711e-07    2.8874461318e-03    9.1330415019e-07
  90.3400000    1.3074677471e-03   -1.2325240402e-05    5.8747722311e-04    4.9284242884e-05   -2.0530218177e-03   -7.9593893138e-07    2.8888105966e-03    8.4522944851e-07
  90.3500000    1.2526781949e-03   -9.9518509804e-06    6.6405752910e-04    4.7564111498e-05   -2.0628093661e-03   -8.1671384122e-07    2.8898332745e-03    7.7164654156e-07
  90.3600000    1.1767813216e-03   -7.4995032618e-06    7.3960660972e-04    4.5139986609e-05   -2.0722740525e-03   -8.3149299602e-07    2.8905264048e-03    6.9296966083e-07
  90.3700000    1.0805791264e-03   -5.0041688859e-06    8.1227554116e-04    4.2048426529e-05   -2.0814000095e-03   -8.4018917966e-07    2.8909047403e-03    6.0964647838e-07
  90.3800000    9.6523777746e-04   -2.5014353707e-06    8.8020395824e-04    3.8335901438e-05   -2.0901735237e-03   -8.4276102738e-07    2.8909854144e-03    5.2215568847e-07
  90.3900000    8.3227393701e-04   -2.6033477599e-08    9.4156331463e-04    3.4058061472e-05   -2.0985831267e-03   -8.3921318626e-07    2.8907877881e-03    4.3100434299e-07
  90.4000000    6.8353474030e-04    2.3886557762e-06    9.9460008978e-04    2.9278869204e-05   -2.1066196696e-03   -8.2959611545e-07    2.8903332787e-03    3.3672504582e-07
  90.4100000    5.2117157151e-04    4.7110502998e-06    1.0376779981e-03    2.4069609345e-05   -2.1142763803e-03   -8.1400554135e-07    2.8896451716e-03    2.3987292859e-07
  90.4200000    3.4760811425e-04    6.9117451919e-06    1.0693182380e-03    1.8507798160e-05   -2.1215489045e-03   -7.9258156101e-07    2.8887484160e-03    1.4102249492e-07
  90.4300000    1.6550305340e-04    8.9638501041e-06    1.0882369899e-03    1.2676007685e-05   -2.1284353282e-03   -7.6550740191e-07    2.8876694073e-03    4.0764305167e-08
  90.4400000   -2.2292029915e-05    1.0843312804e-05    1.0933792893e-03    6.6606145027e-06   -2.1349361840e-03   -7.3300785473e-07    2.8864357575e-03   -6.0298452597e-08
  90.4500000   -2.1277886651e-04    1.2529139790e-05    1.0839485520e-03    5.5050410765e-07   -2.1410544391e-03   -6.9534739856e-07    2.8850760556e-03   -1.6155352741e-07
  90.4600000   -4.0286201408e-04    1.4003611759e-05    1.0594311315e-03   -5.5642565982e-06   -2.1467954669e-03   -6.5282801492e-07    2.8836196198e-03   -2.6238320784e-07
  90.4700000   -5.8940091096e-04    1.5252434832e-05    1.0196149128e-03   -1.1593758750e-05   -2.1521670014e-03   -6.0578672362e-07    2.8820962439e-03   -3.6216803723e-07
  90.4800000   -7.6926358737e-04    1.6264832235e-05    9.6460207307e-04   -1.7449578819e-05   -2.1571790755e-03   -5.5459285737e-07    2.8805359406e-03   -4.6029055688e-07
  90.4900000   -9.3938103651e-04    1.7033562022e-05    8.9481572546e-04   -2.3046077743e-05   -2.1618439433e-03   -4.9964510030e-07    2.8789686824e-03   -5.5613906481e-07
  90.5000000   -1.0968013959e-03    1.7554921460e-05    8.1099963354e-04   -2.8301649730e-05   -2.1661759873e-03   -4.4136830280e-07    2.8774241439e-03   -6.4911138824e-07
  90.5100000   -1.2387428662e-03    1.7828655317e-05    7.1421128678e-04   -3.3139906459e-05   -2.1701916120e-03   -3.8021010835e-07    2.8759314463e-03   -7.3861862617e-07
  90.5200000   -1.3626443940e-03    1.7857856393e-05    6.0580832094e-04   -3.7490782181e-05   -2.1739091229e-03   -3.1663742611e-07    2.8745189077e-03   -8.2408886233e-07
  90.5300000   -1.4662132965e-03    1.7648863885e-05    4.8742843128e-04   -4.1291532815e-05   -2.1773485942e-03   -2.5113276101e-07    2.8732138001e-03   -9.0497078697e-07
  90.5400000   -1.5474688279e-03    1.7211018808e-05    3.6096318432e-04   -4.4487623045e-05   -2.1805317245e-03   -1.8419043833e-07    2.8720421156e-03   -9.8073725709e-07
  90.5500000   -1.6047809520e-03    1.6556428334e-05    2.2852615751e-04   -4.7033496230e-05   -2.1834816824e-03   -1.1631276602e-07    2.8710283442e-03   -1.0508887204e-06
  90.5600000   -1.6369035347e-03    1.5699712622e-05    9.2415987198e-05   -4.8893199222e-05   -2.1862229434e-03   -4.8006131100e-08    2.8701952645e-03   -1.1149565289e-06
  90.5700000   -1.6430012907e-03    1.4657706651e-05   -4.4924920736e-05   -5.0040873805e-05   -2.1887811185e-03    2.0222884299e-08    2.8695637491e-03   -1.1725060688e-06
  90.5800000   -1.6226699565e-03    1.3449182663e-05   -1.8095545199e-04   -5.0461096071e-05   -2.1911827771e-03    8.7871406644e-08    2.8691525871e-03   -1.2231397352e-06
  90.5900000   -1.5759492763e-03    1.2094550587e-05   -3.1308366843e-04   -5.0149061349e-05   -2.1934552636e-03    1.5444409373e-07    2.8689783241e-03   -1.2664997035e-06
  90.6000000   -1.5033283790e-03    1.0615495652e-05   -4.3871655774e-04   -4.9110614500e-05   -2.1956265117e-03    2.1945689461e-07    2.8690551220e-03   -1.3022704797e-06
  90.6100000   -1.4057435560e-03    9.0346415199e-06   -5.5531013703e-04   -4.7362126615e-05   -2.1977248548e-03    2.8244069791e-07    2.8693946396e-03   -1.3301812152e-06
  90.6200000   -1.2845682496e-03    7.3752271514e-06   -6.6042000764e-04   -4.4930220048e-05   -2.1997788368e-03    3.4294483617e-07    2.8700059341e-03   -1.3500077802e-06
  90.6300000   -1.1415954284e-03    5.6607709303e-06   -7.5175063678e-04   -4.1851345740e-05   -2.2018170218e-03    4.0054044500e-07    2.8708953859e-03   -1.3615745554e-06
  90.6400000   -9.7901260341e-04    3.9147558629e-06   -8.2720247723e-04   -3.8171222126e-05   -2.2038678069e-03    4.5482360435e-07    2.8720666459e-03   -1.3647559478e-06
  90.6500000   -7.9936964959e-04    2.1603047626e-06   -8.8491602119e-04   -3.3944138434e-05   -2.2059592366e-03    5.0541828145e-07    2.8735206072e-03   -1.3594776111e-06
  90.6600000   -6.0554018745e-04    4.1988353793e-07   -9.2331191677e-04   -2.9232145514e-05   -2.2081188222e-03    5.5197904348e-07    2.8752553991e-03   -1.3457173511e-06
  90.6700000   -4.0067701485e-04   -1.2849613955e-06   -9.4112599048e-04   -2.4104136638e-05   -2.2103733668e-03    5.9419349478e-07    2.8772664068e-03   -1.3235057263e-06
  90.6800000   -1.8816227799e-04   -2.9338506354e-06   -9.3743904046e-04   -1.8634832531e-05   -2.2127487964e-03    6.3178445380e-07    2.8795463133e-03   -1.2929263175e-06
  90.6900000    2.8446805764e-05   -4.5077860402e-06   -9.1170008210e-04   -1.2903695936e-05   -2.2152699987e-03    6.6451183335e-07    2.8820851652e-03   -1.2541156697e-06
  90.7000000    2.4547571427e-04   -5.9893156281e-06   -8.6374287646e-04   -6.9937719419e-06   -2.2179606714e-03    6.9217421545e-07    2.8848704611e-03   -1.2072628963e-06
  90.7100000    4.5919297327e-04   -7.3627330163e-06   -7.9379523779e-04   -9.9048455183e-07   -2.2208431793e-03    7.1461010747e-07    2.8878872624e-03   -1.1526089527e-06
  90.7200000    6.6587218218e-04   -8.6141816005e-06   -7.0248103374e-04    5.0195945885e-06   -2.2239384223e-03    7.3169888909e-07    2.8911183240e-03   -1.0904455720e-06
  90.7300000    8.6185454143e-04   -9.7317325029e-06   -5.9081443670e-04    1.0949986574e-05   -2.2272657150e-03    7.4336140920e-07    2.8945442463e-03   -1.0211138700e-06
  90.7400000    1.0436108816e-03   -1.0705450122e-05   -4.6018673479e-04    1.6715544436e-05   -2.2308426776e-03    7.4956027377e-07    2.8981436446e-03   -9.4500263004e-07
  90.7500000    1.2078022069e-03   -1.1527430507e-05   -3.1234570579e-04    2.2233670406e-05   -2.2346851401e-03    7.5029977969e-07    2.9018933361e-03   -8.6254624057e-07
  90.7600000    1.3513376350e-03   -1.2191826978e-05   -1.4936798698e-04    2.7425481133e-05   -2.2388070589e-03    7.4562553432e-07    2.9057685427e-03   -7.7422235901e-07
  90.7700000    1.4714288438e-03   -1.2694807904e-05    2.6375079194e-05    3.2216920927e-05   -2.2432204473e-03    7.3562374814e-07    2.9097431068e-03   -6.8054924982e-07
  90.7800000    1.5656399824e-03   -1.3034499295e-05    2.1225750489e-04    3.6539802714e-05   -2.2479353196e-03    7.2042020473e-07    2.9137897198e-03   -5.8208284152e-07
  90.7900000    1.6319322193e-03   -1.3210909483e-05    4.0544401322e-04    4.0332762374e-05   -2.2529596484e-03    7.0017894057e-07    2.9178801598e-03   -4.7941350328e-07
  90.8000000    1.6687021146e-03   -1.3225827968e-05    6.0293979332e-04    4.3542112753e-05   -2.2582993370e-03    6.7510060511e-07    2.9219855382e-03   -3.7316260041e-07
  90.8100000    1.6748133299e-03   -1.3082762196e-05    8.0164366463e-04    4.6122586246e-05   -2.2639582041e-03    6.4542058342e-07    2.9260765507e-03   -2.6397877462e-07
  90.8200000    1.6496207031e-03   -1.2786791043e-05    9.9840374146e-04    4.8037958463e-05   -2.2699379838e-03    6.1140681458e-07    2.9301237333e-03   -1.5253403241e-07
  90.8300000    1.5929864569e-03   -1.2344422731e-05    1.1900745426e-03    4.9261543383e-05   -2.2762383380e-03    5.7335740176e-07    2.9340977190e-03   -3.9519637682e-08
  90.8400000    1.5052881711e-03   -1.1763495917e-05    1.3735740861e-03    4.9776551636e-05   -2.2828568822e-03    5.3159800231e-07    2.9379694940e-03    7.4358156725e-08
  90.8500000    1.3874183549e-03   -1.1053043122e-05    1.5459405672e-03    4.9576306005e-05   -2.2897892239e-03    4.8647899462e-07    2.9417106507e-03    1.8838252181e-07
  90.8600000    1.2407755179e-03   -1.0223157038e-05    1.7043870915e-03    4.8664323304e-05   -2.2970290137e-03    4.3837250526e-07    2.9452936360e-03    3.0183058385e-07
  90.8700000    1.0672467465e-03   -9.2848537393e-06    1.8463532994e-03    4.7054252393e-05   -2.3045680076e-03    3.8766927753e-07    2.9486919918e-03    4.1397802619e-07
  90.8800000    8.6918204812e-04   -8.2499403618e-06    1.9695531707e-03    4.4769660317e-05   -2.3123961400e-03    3.3477542027e-07    2.9518805873e-03    5.2410375995e-07
  90.8900000    6.4936073533e-04   -7.1308789195e-06    2.0720179264e-03    4.1843695386e-05   -2.3205016078e-03    2.8010906514e-07    2.9548358383e-03    6.3149461521e-07
  90.9000000    4.1095043344e-04   -5.9406899753e-06    2.1521332790e-03    3.8318617026e-05   -2.3288709632e-03    2.2409696240e-07    2.9575359152e-03    7.3545001927e-07
  90.9100000    1.5745931352e-04   -4.6929233332e-06    2.2086701724e-03    3.4245180282e-05   -2.3374892155e-03    1.6717105145e-07    2.9599609349e-03    8.3528665863e-07
  90.9200000   -1.0731770125e-04   -3.4014762058e-06    2.2408084172e-03    2.9681916915e-05   -2.3463399409e-03    1.0976500467e-07    2.9620931367e-03    9.3034304232e-07
  90.9300000   -3.7935801200e-04   -2.0804710221e-06    2.2481527912e-03    2.4694306491e-05   -2.3554053987e-03    5.2310815083e-08    2.9639170396e-03    1.0199840064e-06
  90.9400000   -6.5447471824e-04   -7.4418909163e-07    2.2307412844e-03    1.9353852688e-05   -2.3646666540e-03   -4.7645783620e-09    2.9654195813e-03    1.1036050433e-06
  90.9500000   -9.2838332806e-04    5.9300398985e-07    2.1890453197e-03    1.3737070502e-05   -2.3741037055e-03   -6.1042584827e-08    2.9665902354e-03    1.1806365103e-06
  90.9600000   -1.1967706110e-03    1.9167427903e-06    2.1239618574e-03    7.9244105979e-06   -2.3836956163e-03   -1.1611614635e-07    2.9674211080e-03    1.2505476228e-06
  90.9700000   -1.4553644444e-03    3.2127872865e-06    2.0367975741e-03    1.9991263847e-06   -2.3934206500e-03   -1.6959280158e-07    2.9679070113e-03    1.3128502430e-06
  90.9800000   -1.7000036990e-03    4.4671076987e-06    1.9292454180e-03   -3.9539029214e-06   -2.4032564066e-03   -2.2109759216e-07    2.9680455150e-03    1.3671024153e-06
  90.9900000   -1.9267068714e-03    5.6659755371e-06    1.8033539447e-03   -9.8493718931e-06   -2.4131799615e-03   -2.7027579383e-07    2.9678369733e-03    1.4129116228e-06
  91.0000000   -2.1317382882e-03    6.7960438589e-06    1.6614898861e-03   -1.5602755584e-05   -2.4231680041e-03   -3.1679544658e-07    2.9672845294e-03    1.4499377604e-06
  91.0100000   -2.3116708217e-03    7.8444937684e-06    1.5062949685e-03   -2.1131504035e-05   -2.4331969760e-03   -3.6034967649e-07    2.9663940954e-03    1.4778957727e-06
  91.0200000   -2.4634440762e-03    8.7991423347e-06    1.3406375168e-03   -2.6356215270e-05   -2.4432432079e-03   -4.0065878231e-07    2.9651743094e-03    1.4965579566e-06
  91.0300000   -2.5844170190e-03    9.6485507955e-06    1.1675597392e-03   -3.1201764206e-05   -2.4532830543e-03   -4.3747206745e-07    2.9636364690e-03    1.5057559011e-06
  91.0400000   -2.6724141339e-03    1.0382140113e-05    9.9022211078e-04   -3.5598372288e-05   -2.4632930253e-03   -4.7056942378e-07    2.9617944431e-03    1.5053820415e-06
  91.0500000   -2.7257643882e-03    1.0990305922e-05    8.1184530633e-04   -3.9482606671e-05   -2.4732499149e-03   -4.9976263961e-07    2.9596645611e-03    1.4953908310e-06
  91.0600000   -2.7433322652e-03    1.1464532718e-05    6.3565107890e-04   -4.2798294328e-05   -2.4831309246e-03   -5.2489642313e-07    2.9572654815e-03    1.4757994963e-06
  91.0700000   -2.7245401751e-03    1.1797541899e-05    4.6480317535e-04   -4.5497330046e-05   -2.4929137826e-03   -5.4584915935e-07    2.9546180415e-03    1.4466883878e-06
  91.0800000   -2.6693821739e-03    1.1983437698e-05    3.0234946821e-04   -4.7540378172e-05   -2.5025768572e-03   -5.6253335569e-07    2.9517450873e-03    1.4082008989e-06
  91.0900000   -2.5784285577e-03    1.2017808787e-05    1.5116634703e-04   -4.8897448234e-05   -2.5120992640e-03   -5.7489582859e-07    2.9486712882e-03    1.3605429697e-06
  91.1000000   -2.4528210495e-03    1.1897819761e-05    1.3906423706e-05   -4.9548350191e-05   -2.5214609675e-03   -5.8291758356e-07    2.9454229347e-03    1.3039821456e-06
  91.1100000   -2.2942589187e-03    1.1622356502e-05   -1.0704940588e-04   -4.9483003667e-05   -2.5306428749e-03   -5.8661343140e-07    2.9420277237e-03    1.2388462501e-06
  91.1200000   -2.1049759869e-03    1.1192079133e-05   -2.0963473054e-04   -4.8701605368e-05   -2.5396269239e-03   -5.8603131169e-07    2.9385145311e-03    1.1655215877e-06
  91.1300000   -1.8877089630e-03    1.0609480067e-05   -2.9213432437e-04   -4.7214653539e-05   -2.5483961621e-03   -5.8125137399e-07    2.9349131750e-03    1.0844507805e-06
  91.1400000   -1.6456577210e-03    9.8789611701e-06   -3.5321418956e-04   -4.5042824932e-05   -2.5569348196e-03   -5.7238479334e-07    2.9312541710e-03    9.9613017373e-07
  91.1500000   -1.3824378865e-03    9.0068289493e-06   -3.9194441200e-04   -4.2216706683e-05   -2.5652283738e-03   -5.5957234239e-07    2.9275684811e-03    9.0110687725e-07
  91.1600000   -1.1020266849e-03    8.0013150814e-06   -4.0781392615e-04   -3.8776383648e-05   -2.5732636065e-03   -5.4298275909e-07    2.9238872597e-03    7.9997542369e-07
  91.1700000   -8.0870280635e-04    6.8725703950e-06   -4.0073752176e-04   -3.4770886281e-05   -2.5810286529e-03   -5.2281088409e-07    2.9202415970e-03    6.9337408415e-07
  91.1800000   -5.0698117505e-04    5.6326076301e-06   -3.7105481230e-04   -3.0257517050e-05   -2.5885130436e-03   -4.9927562137e-07    2.9166622638e-03    5.8198084728e-07
  91.1900000   -2.0154376543e-04    4.2952604366e-06   -3.1952118115e-04   -2.5301048497e-05   -2.5957077381e-03   -4.7261773717e-07    2.9131794585e-03    4.6650911620e-07
  91.2000000    1.0283254988e-04    2.8760881951e-06   -2.4729076152e-04   -1.9972809992e-05   -2.6026051513e-03   -4.4309749880e-07    2.9098225587e-03    3.4770310220e-07
  91.2100000    4.0135002452e-04    1.3921925554e-06   -1.5589187085e-04   -1.4349682346e-05   -2.6091991727e-03   -4.1099219370e-07    2.9066198798e-03    2.2633300075e-07
  91.2200000    6.8926461149e-04   -1.3789520016e-07   -4.7195381439e-05   -8.5130042054e-06   -2.6154851780e-03   -3.7659356421e-07    2.9035984427e-03    1.0318993060e-07
  91.2300000    9.6196004084e-04   -1.6943894023e-06    7.6623281614e-05   -2.5474085609e-06   -2.6214600340e-03   -3.4020513366e-07    2.9007837514e-03   -2.0919298951e-08
  91.2400000    1.2150202161e-03   -3.2564987350e-06    2.1312755439e-04    3.4603933120e-06   -2.6271220967e-03   -3.0213950682e-07    2.8981995839e-03   -1.4517756205e-07
  91.2500000    1.4442987953e-03   -4.8027031362e-06    3.5966835851e-04    9.4228679947e-06   -2.6324712027e-03   -2.6271563119e-07    2.8958677966e-03   -2.6876290969e-07
  91.2600000    1.6459850115e-03   -6.3108936717e-06    5.1343642665e-04    1.5252929865e-05   -2.6375086549e-03   -2.2225605577e-07    2.8938081452e-03   -3.9085412959e-07
  91.2700000    1.8166644650e-03   -7.7587123548e-06    6.7151747662e-04    2.0865208756e-05   -2.6422372016e-03   -1.8108420202e-07    2.8920381223e-03   -5.1063634202e-07
  91.2800000    1.9533740583e-03   -9.1238257397e-06    8.3094919489e-04    2.6177298277e-05   -2.6466610104e-03   -1.3952170157e-07    2.8905728138e-03   -6.2730658885e-07
  91.2900000    2.0536504132e-03   -1.0384295046e-05    9.8877879482e-04    3.1110967519e-05   -2.6507856365e-03   -9.7885769894e-08    2.8894247744e-03   -7.4007937871e-07
  91.3000000    2.1155704285e-03   -1.1518875012e-05    1.1421201618e-03    3.5593319140e-05   -2.6546179863e-03   -5.6486690695e-08    2.8886039248e-03   -8.4819215498e-07
  91.3100000    2.1377839147e-03   -1.2507329937e-05    1.2882093496e-03    3.9557872622e-05   -2.6581662754e-03   -1.5625401637e-08    2.8881174691e-03   -9.5091062843e-07
  91.3200000    2.1195375431e-03   -1.3330812885e-05    1.4244574168e-03    4.2945559051e-05   -2.6614399833e-03    2.4408791058e-08    2.8879698348e-03   -1.0475339597e-06
  91.3300000    2.0606896891e-03   -1.3972222847e-05    1.5484996216e-03    4.5705611928e-05   -2.6644498027e-03    6.3340349553e-08    2.8881626355e-03   -1.1373997380e-06
  91.3400000    1.9617160072e-03   -1.4416508775e-05    1.6582399823e-03    4.7796341647e-05   -2.6672075855e-03    1.0090947959e-07    2.8886946555e-03   -1.2198887293e-06
  91.3500000    1.8237055877e-03   -1.4651014522e-05    1.7518903256e-03    4.9185780175e-05   -2.6697262845e-03    1.3687392460e-07    2.8895618575e-03   -1.2944293384e-06
  91.3600000    1.6483476056e-03   -1.4665757014e-05    1.8280032104e-03    4.9852184433e-05   -2.6720198926e-03    1.7101056996e-07    2.8907574131e-03   -1.3605017851e-06
  91.3700000    1.4379087461e-03   -1.4453727446e-05    1.8854976889e-03    4.9784396246e-05   -2.6741033773e-03    2.0311684939e-07    2.8922717550e-03   -1.4176419351e-06
  91.3800000    1.1952017451e-03   -1.4011131994e-05    1.9236780178e-03    4.8982047592e-05   -2.6759926132e-03    2.3301192674e-07    2.8940926512e-03   -1.4654447609e-06
  91.3900000    9.2354533093e-04   -1.3337617895e-05    1.9422445874e-03    4.7455605406e-05   -2.6777043112e-03    2.6053767247e-07    2.8962052999e-03   -1.5035674169e-06
  91.4000000    6.2671634656e-04   -1.2436479429e-05    1.9412970375e-03    4.5226256395e-05   -2.6792559447e-03    2.8555941182e-07    2.8985924453e-03   -1.5317318952e-06
  91.4100000    3.0889463485e-04   -1.1314752148e-05    1.9213294307e-03    4.2325632960e-05   -2.6806656738e-03    3.0796645219e-07    2.9012345111e-03   -1.5497272357e-06
  91.4200000   -2.5398528618e-05   -9.9832879762e-06    1.8832176276e-03    3.8795388118e-05   -2.6819522663e-03    3.2767237114e-07    2.9041097536e-03   -1.5574112797e-06
  91.4300000   -3.7136751586e-04   -8.4567618208e-06    1.8281992334e-03    3.4686619174e-05   -2.6831350174e-03    3.4461509216e-07    2.9071944300e-03   -1.5547119607e-06
  91.4400000   -7.2401388925e-04   -6.7535698074e-06    1.7578464687e-03    3.0059143561e-05   -2.6842336661e-03    3.5875673672e-07    2.9104629827e-03   -1.5416280885e-06
  91.4500000   -1.0782113170e-03   -4.8957064879e-06    1.6740324017e-03    2.4980648121e-05   -2.6852683103e-03    3.7008325521e-07    2.9138882371e-03   -1.5182296587e-06
  91.4600000   -1.4287827672e-03   -2.9085679691e-06    1.5788914400e-03    1.9525708415e-05   -2.6862593204e-03    3.7860386329e-07    2.9174416108e-03   -1.4846576474e-06
  91.4700000   -1.7705787575e-03   -8.2066223395e-07    1.4747747308e-03    1.3774708060e-05   -2.6872272496e-03    3.8435025631e-07    2.9210933334e-03   -1.4411233084e-06
  91.4800000   -2.0985555163e-03    1.3367478560e-06    1.3642014270e-03    7.8126649222e-06   -2.6881927448e-03    3.8737566530e-07    2.9248126751e-03   -1.3879069710e-06
  91.4900000   -2.4078517561e-03    3.5300923219e-06    1.2498068064e-03    1.7279866572e-06   -2.6891764539e-03    3.8775371848e-07    2.9285681805e-03   -1.3253563457e-06
  91.5000000   -2.6938629532e-03    5.7239624027e-06    1.1342881734e-03   -4.3888327362e-06   -2.6901989336e-03    3.8557714956e-07    2.9323279087e-03   -1.2538843378e-06
  91.5100000   -2.9523119940e-03    7.8816482895e-06    1.0203498005e-03   -1.0446560283e-05   -2.6912805549e-03    3.8095636400e-07    2.9360596740e-03   -1.1739663878e-06
  91.5200000   -3.1793150453e-03    9.9657306396e-06    9.1064796488e-04   -1.6354581818e-05   -2.6924414083e-03    3.7401787452e-07    2.9397312893e-03   -1.0861373718e-06
  91.5300000   -3.3714415924e-03    1.1938717498e-05    8.0773696849e-04   -2.2024263105e-05   -2.6937012085e-03    3.6490262671e-07    2.9433108068e-03   -9.9098804576e-07
  91.5400000   -3.5257677526e-03    1.3763691296e-05    7.1401738634e-04   -2.7370281330e-05   -2.6950791984e-03    3.5376423751e-07    2.9467667561e-03   -8.8916108094e-07
  91.5500000   -3.6399220328e-03    1.5404987817e-05    6.3168752083e-04   -3.2311915450e-05   -2.6965940532e-03    3.4076715796e-07    2.9500683772e-03   -7.8134672825e-07
  91.5600000   -3.7121227904e-03    1.6828874703e-05    5.6269903347e-04   -3.6774272704e-05   -2.6982637843e-03    3.2608478145e-07    2.9531858466e-03   -6.6827810047e-07
  91.5700000   -3.7412066991e-03    1.8004216481e-05    5.0871744856e-04   -4.0689435157e-05   -2.7001056452e-03    3.0989752577e-07    2.9560904949e-03   -5.5072615315e-07
  91.5800000   -3.7266480622e-03    1.8903182392e-05    4.7108889207e-04   -4.3997503417e-05   -2.7021360361e-03    2.9239089447e-07    2.9587550139e-03   -4.2949435264e-07
  91.5900000   -3.6685682893e-03    1.9501825132e-05    4.5081290794e-04   -4.6647528457e-05   -2.7043704124e-03    2.7375355512e-07    2.9611536526e-03   -3.0541311793e-07
  91.6000000   -3.5677354507e-03    1.9780573860e-05    4.4852226560e-04   -4.8598311224e-05   -2.7068231928e-03    2.5417542325e-07    2.9632623991e-03   -1.7933401546e-07
  91.6100000   -3.4255542493e-03    1.9724779995e-05    4.6447021218e-04   -4.9819058250e-05   -2.7095076714e-03    2.3384581734e-07    2.9650591485e-03   -5.2123806429e-08
  91.6200000   -3.2440462646e-03    1.9325158440e-05    4.9852525268e-04   -5.0289892922e-05   -2.7124359318e-03    2.1295165009e-07    2.9665238548e-03    7.5341643234e-08
  91.6300000   -3.0258208884e-03    1.8578154971e-05    5.5017374237e-04   -5.0002189460e-05   -2.7156187643e-03    1.9167571906e-07    2.9676386665e-03    2.0218354339e-07
  91.6400000   -2.7740372318e-03    1.7486175930e-05    6.1853010667e-04   -4.8958746643e-05   -2.7190655882e-03    1.7019507396e-07    2.9683880442e-03    3.2752640090e-07
  91.6500000   -2.4923578114e-03    1.6057758934e-05    7.0235443554e-04   -4.7173788523e-05   -2.7227843770e-03    1.4867950990e-07    2.9687588594e-03    4.5050424785e-07
  91.6600000   -2.1848945389e-03    1.4307618800e-05    8.0007720095e-04   -4.4672791554e-05   -2.7267815901e-03    1.2729016547e-07    2.9687404752e-03    5.7026678782e-07
  91.6700000   -1.8561479567e-03    1.2256554645e-05    9.0983059907e-04   -4.1492137989e-05   -2.7310621089e-03    1.0617827450e-07    2.9683248071e-03    6.8598549703e-07
  91.6800000   -1.5109405785e-03    9.9312870979e-06    1.0294858057e-03   -3.7678612416e-05   -2.7356291808e-03    8.5484041158e-08    2.9675063640e-03    7.9685954870e-07
  91.6900000   -1.1543453446e-03    7.3641909000e-06    1.1566956136e-03   -3.3288727424e-05   -2.7404843684e-03    6.5335694417e-08    2.9662822698e-03    9.0212158084e-07
  91.7000000   -7.9161035325e-04    4.5928767509e-06    1.2889413771e-03   -2.8387902592e-05   -2.7456275070e-03    4.5848665727e-08    2.9646522651e-03    1.0010432097e-06
  91.7100000   -4.2808102884e-04    1.6596547405e-06    1.4235834608e-03   -2.3049504342e-05   -2.7510566709e-03    2.7124975673e-08    2.9626186897e-03    1.0929403139e-06
  91.7200000   -6.9120840337e-05   -1.3890319199e-06    1.5579142093e-03   -1.7353757042e-05   -2.7567681466e-03    9.2527463349e-09    2.9601864456e-03    1.1771779805e-06
  91.7300000    2.7996831862e-04   -4.5033071561e-06    1.6892122009e-03   -1.1386553585e-05   -2.7627564174e-03   -7.6940843160e-09    2.9573629416e-03    1.2531751276e-06
  91.7400000    6.1402478851e-04   -7.6306539939e-06    1.8147971165e-03   -5.2381735615e-06   -2.7690141555e-03   -2.3655903603e-08    2.9541580207e-03    1.3204087282e-06
  91.7500000    9.2810365998e-04   -1.0716726142e-05    1.9320837301e-03    9.9808374454e-07   -2.7755322262e-03   -3.8587372065e-08    2.9505838691e-03    1.3784176577e-06
  91.7600000    1.2175499601e-03   -1.3706176099e-05    2.0386342817e-03    7.2273128033e-06   -2.7822997018e-03   -5.2457240698e-08    2.9466549104e-03    1.4268060592e-06
  91.7700000    1.4780674873e-03   -1.6543736921e-05    2.1322081454e-03    1.3354439202e-05   -2.7893038862e-03   -6.5247980896e-08    2.9423876840e-03    1.4652462680e-06
  91.7800000    1.7057821685e-03   -1.9175156986e-05    2.2108075444e-03    1.9285668787e-05   -2.7965303515e-03   -7.6955283772e-08    2.9378007098e-03    1.4934812428e-06
  91.7900000    1.8972990542e-03   -2.1548107337e-05    2.2727186270e-03    2.4929930055e-05   -2.8039629858e-03   -8.7587413030e-08    2.9329143401e-03    1.5113264807e-06
  91.8000000    2.0497523530e-03   -2.3613192456e-05    2.3165473682e-03    3.0200275105e-05   -2.8115840528e-03   -9.7164420862e-08    2.9277506002e-03    1.5186714072e-06
  91.8100000    2.1608474499e-03   -2.5324913142e-05    2.3412491731e-03    3.5015223152e-05   -2.8193742626e-03   -1.0571725699e-07    2.9223330196e-03    1.5154802398e-06
  91.8200000    2.2288943917e-03   -2.6642575796e-05    2.3461517516e-03    3.9300026442e-05   -2.8273128551e-03   -1.1328675634e-07    2.9166864537e-03    1.5017922946e-06
  91.8300000    2.2528323719e-03   -2.7531164035e-05    2.3309708282e-03    4.2987840812e-05   -2.8353776944e-03   -1.1992255222e-07    2.9108368996e-03    1.4777217506e-06
  91.8400000    2.2322448012e-03   -2.7962129983e-05    2.2958183404e-03    4.6020773559e-05   -2.8435453750e-03   -1.2568188920e-07    2.9048113055e-03    1.4434568648e-06
  91.8500000    2.1673649260e-03   -2.7914122056e-05    2.2412029173e-03    4.8350801378e-05   -2.8517913387e-03   -1.3062839072e-07    2.8986373772e-03    1.3992586461e-06
  91.8600000    2.0590717384e-03   -2.7373551834e-05    2.1680226897e-03    4.9940542135e-05   -2.8600900026e-03   -1.3483077041e-07    2.8923433815e-03    1.3454589823e-06
  91.8700000    1.9088763176e-03   -2.6335078261e-05    2.0775505069e-03    5.0763862381e-05   -2.8684148973e-03   -1.3836151889e-07    2.8859579490e-03    1.2824582707e-06
  91.8800000    1.7188988376e-03   -2.4801980226e-05    1.9714119224e-03    5.0806320108e-05   -2.8767388145e-03   -1.4129556890e-07    2.8795098779e-03    1.2107225019e-06
  91.8900000    1.4918365618e-03   -2.2786370834e-05    1.8515561720e-03    5.0065426005e-05   -2.8850339638e-03   -1.4370896792e-07    2.8730279394e-03    1.1307798945e-06
  91.9000000    1.2309232606e-03   -2.0309269007e-05    1.7202207930e-03    4.8550721560e-05   -2.8932721374e-03   -1.4567755779e-07    2.8665406873e-03    1.0432170574e-06
  91.9100000    9.3988080197e-04   -1.7400519350e-05    1.5798904994e-03    4.6283671189e-05   -2.9014248823e-03   -1.4727570871e-07    2.8600762724e-03    9.4867470845e-07
  91.9200000    6.2286356068e-04   -1.4098550286e-05    1.4332511782e-03    4.3297370795e-05   -2.9094636783e-03   -1.4857508166e-07    2.8536622628e-03    8.4784299827e-07
  91.9300000    2.8439647016e-04   -1.0449938841e-05    1.2831397821e-03    3.9636079112e-05   -2.9173601213e-03   -1.4964346344e-07    2.8473254719e-03    7.4145646739e-07
  91.9400000   -7.0692409803e-05   -6.5088512084e-06    1.1324911607e-03    3.5354569063e-05   -2.9250861114e-03   -1.5054367892e-07    2.8410917955e-03    6.3028866530e-07
  91.9500000   -4.3734367931e-04   -2.3362732435e-06    9.8428259206e-04    3.0517327947e-05   -2.9326140421e-03   -1.5133259064e-07    2.8349860576e-03    5.1514647748e-07
  91.9600000   -8.1034174597e-04    2.0008786457e-06    8.4147724195e-04    2.5197592932e-05   -2.9399169927e-03   -1.5206020312e-07    2.8290318675e-03    3.9686421342e-07
  91.9700000   -1.1843920493e-03    6.4307757391e-06    7.0696760233e-04    1.9476251783e-05   -2.9469689198e-03   -1.5276888250e-07    2.8232514879e-03    2.7629747759e-07
  91.9800000   -1.5541991843e-03    1.0877791464e-05    5.8351993311e-04    1.3440622058e-05   -2.9537448477e-03   -1.5349268808e-07    2.8176657151e-03    1.5431687406e-07
  91.9900000   -1.9145451767e-03    1.5263782421e-05    4.7372082275e-04    7.1831278301e-06   -2.9602210562e-03   -1.5425683649e-07    2.8122937719e-03    3.1801616387e-08
  92.0000000   -2.2603662978e-03    1.9509447712e-05    3.7992670639e-04    7.9989319839e-07   -2.9663752644e-03   -1.5507731027e-07    2.8071532136e-03   -9.0366950418e-08
  92.0100000   -2.5868272748e-03    2.3535742388e-05    3.0421750927e-04   -5.6107254883e-06   -2.9721868081e-03   -1.5596058819e-07    2.8022598473e-03   -2.1131182007e-07
  92.0200000   -2.8893919249e-03    2.7265294032e-05    2.4835519660e-04   -1.1949641802e-05   -2.9776368114e-03   -1.5690353957e-07    2.7976276650e-03   -3.3016678899e-07
  92.0300000   -3.1638891241e-03    3.0623882649e-05    2.1374808125e-04   -1.8118565628e-05   -2.9827083479e-03   -1.5789344506e-07    2.7932687908e-03   -4.4608282791e-07
  92.0400000   -3.4065731722e-03    3.3541848964e-05    2.0142190981e-04   -2.4021526538e-05   -2.9873865940e-03   -1.5890816397e-07    2.7891934407e-03   -5.5823432371e-07
  92.0500000   -3.6141774922e-03    3.5955525012e-05    2.1199711656e-04   -2.9566355570e-05   -2.9916589687e-03   -1.5991645160e-07    2.7854098978e-03   -6.6582515634e-07
  92.0600000   -3.7839608821e-03    3.7808499616e-05    2.4567413319e-04   -3.4666117853e-05   -2.9955152623e-03   -1.6087840188e-07    2.7819244990e-03   -7.6809453768e-07
  92.0700000   -3.9137454370e-03    3.9052743588e-05    3.0222632289e-04   -3.9240468104e-05   -2.9989477498e-03   -1.6174603765e-07    2.7787416361e-03   -8.6432260349e-07
  92.0800000   -4.0019461539e-03    3.9649760114e-05    3.8100093723e-04   -4.3216910079e-05   -3.0019512899e-03   -1.6246400198e-07    2.7758637690e-03   -9.5383569257e-07
  92.0900000   -4.0475914405e-03    3.9571544739e-05    4.8092802729e-04   -4.6531940963e-05   -3.0045234074e-03   -1.6297039377e-07    2.7732914509e-03   -1.0360112658e-06
  92.1000000   -4.0503341144e-03    3.8801362491e-05    6.0053706354e-04   -4.9132058140e-05   -3.0066643579e-03   -1.6319768975e-07    2.7710233653e-03   -1.1102824583e-06
  92.1100000   -4.0104528532e-03    3.7334330905e-05    7.3798116512e-04   -5.0974623182e-05   -3.0083771742e-03   -1.6307377245e-07    2.7690563734e-03   -1.1761422049e-06
  92.1200000   -3.9288443068e-03    3.5177788029e-05    8.9106857157e-04   -5.2028557693e-05   -3.0096676946e-03   -1.6252304476e-07    2.7673855720e-03   -1.2331469016e-06
  92.1300000   -3.8070060065e-03    3.2351508926e-05    1.0573005767e-03   -5.2274861589e-05   -3.0105445699e-03   -1.6146759412e-07    2.7660043601e-03   -1.2809196155e-06
  92.1400000   -3.6470101766e-03    2.8887642857e-05    1.2339154444e-03   -5.1706945043e-05   -3.0110192516e-03   -1.5982844891e-07    2.7649045145e-03   -1.3191527640e-06
  92.1500000   -3.4514689494e-03    2.4830380834e-05    1.4179373837e-03   -5.0330779638e-05   -3.0111059586e-03   -1.5752684328e-07    2.7640762724e-03   -1.3476102866e-06
  92.1600000   -3.2234918162e-03    2.0235444079e-05    1.6062298044e-03   -4.8164853704e-05   -3.0108216236e-03   -1.5448552850e-07    2.7635084211e-03   -1.3661292736e-06
  92.1700000   -2.9666359071e-03    1.5169398083e-05    1.7955518866e-03   -4.5239931770e-05   -3.0101858183e-03   -1.5063008562e-07    2.7631883931e-03   -1.3746210292e-06
  92.1800000   -2.6848496888e-03    9.7086914311e-06    1.9826173877e-03   -4.1598626459e-05   -3.0092206584e-03   -1.4589023562e-07    2.7631023655e-03   -1.3730715998e-06
  92.1900000   -2.3824113441e-03    3.9385259648e-06    2.1641546072e-03   -3.7294787817e-05   -3.0079506876e-03   -1.4020113133e-07    2.7632353647e-03   -1.3615417053e-06
  92.2000000   -2.0638627451e-03   -2.0484600630e-06    2.3369663970e-03   -3.2392716820e-05   -3.0064027423e-03   -1.3350460437e-07    2.7635713720e-03   -1.3401661342e-06
  92.2100000   -1.7339400927e-03   -8.1536611684e-06    2.4979892163e-03   -2.6966213451e-05   -3.0046057962e-03   -1.2575037124e-07    2.7640934333e-03   -1.3091525611e-06
  92.2200000   -1.3975021923e-03   -1.4274092091e-05    2.6443500858e-03   -2.1097474114e-05   -3.0025907870e-03   -1.1689715768e-07    2.7647837680e-03   -1.2687798193e-06
  92.2300000   -1.0594576465e-03   -2.0304123476e-05    2.7734198664e-03   -1.4875857266e-05   -3.0003904252e-03   -1.0691375115e-07    2.7656238799e-03   -1.2193956349e-06
  92.2400000   -7.2469203499e-04   -2.6137296861e-05    2.8828629554e-03   -8.3965360381e-06   -2.9980389869e-03   -9.5779950375e-08    2.7665946665e-03   -1.1614138448e-06
  92.2500000   -3.9799615235e-04   -3.1668097793e-05    2.9706820023e-03   -1.7590524089e-06   -2.9955720905e-03   -8.3487411666e-08    2.7676765280e-03   -1.0953111145e-06
  92.2600000   -8.3996488884e-05   -3.6793816808e-05    3.0352562227e-03    4.9342048484e-06   -2.9930264603e-03   -7.0040371776e-08    2.7688494734e-03   -1.0216231784e-06
  92.2700000    2.1291080179e-04   -4.1416365138e-05    3.0753729669e-03    1.1579570303e-05   -2.9904396784e-03   -5.5456237024e-08    2.7700932253e-03   -9.4094064503e-07
  92.2800000    4.8862194246e-04   -4.5444179031e-05    3.0902522927e-03    1.8073700149e-05   -2.9878499242e-03   -3.9766034368e-08    2.7713873211e-03   -8.5390437684e-07
  92.2900000    7.3938237512e-04   -4.8793917924e-05    3.0795637877e-03    2.4315168861e-05   -2.9852957075e-03   -2.3014717015e-08    2.7727112103e-03   -7.6120051017e-07
  92.3000000    9.6183781008e-04   -5.1392054736e-05    3.0434352007e-03    3.0206037396e-05   -2.9828155928e-03   -5.2613122503e-09    2.7740443487e-03   -6.6355512842e-07
  92.3100000    1.1530786164e-03   -5.3176409275e-05    2.9824528622e-03    3.5653383219e-05   -2.9804479197e-03    1.3421085403e-08    2.7753662883e-03   -5.6172863906e-07
  92.3200000    1.3106769378e-03   -5.4097484146e-05    2.8976538916e-03    4.0570760331e-05   -2.9782305204e-03    3.2945494479e-08    2.7766567615e-03   -4.5650990102e-07
  92.3300000    1.4327162951e-03   -5.4119527145e-05    2.7905098794e-03    4.4879560774e-05   -2.9762004361e-03    5.3211368765e-08    2.7778957625e-03   -3.4871013725e-07
  92.3400000    1.5178132191e-03   -5.3221488789e-05    2.6629029530e-03    4.8510260223e-05   -2.9743936352e-03    7.4105098303e-08    2.7790636220e-03   -2.3915670179e-07
  92.3500000    1.5651306593e-03   -5.1397749142e-05    2.5170942694e-03    5.1403531786e-05   -2.9728447349e-03    9.5500668987e-08    2.7801410785e-03   -1.2868671341e-07
  92.3600000    1.5743832136e-03   -4.8658519586e-05    2.3556854807e-03    5.3511202930e-05   -2.9715867287e-03    1.1726046917e-07    2.7811093435e-03   -1.8140647438e-08
  92.3700000    1.5458340791e-03   -4.5029978258e-05    2.1815739514e-03    5.4797043577e-05   -2.9706507222e-03    1.3923625181e-07    2.7819501629e-03    9.1644099848e-08
  92.3800000    1.4802839719e-03   -4.0554179583e-05    1.9979023668e-03    5.5237378512e-05   -2.9700656783e-03    1.6127023996e-07    2.7826458727e-03    1.9983961143e-07
  92.3900000    1.3790524087e-03   -3.5288702368e-05    1.8080036863e-03    5.4821501921e-05   -2.9698581758e-03    1.8319636723e-07    2.7831794511e-03    3.0563375336e-07
  92.4000000    1.2439513453e-03   -2.9306033135e-05    1.6153424259e-03    5.3551895755e-05   -2.9700521808e-03    2.0484163019e-07    2.7835345654e-03    4.0823635319e-07
  92.4100000    1.0772520642e-03   -2.2692564462e-05    1.4234532644e-03    5.1444242721e-05   -2.9706688360e-03    2.2602756534e-07    2.7836956155e-03    5.0688519697e-07
  92.4200000    8.8164585901e-04   -1.5547391350e-05    1.2358781912e-03    4.8527236695e-05   -2.9717262671e-03    2.4657181660e-07    2.7836477731e-03    6.0085179510e-07
  92.4300000    6.6019895854e-04   -7.9808905745e-06    1.0561029655e-03    4.4842190861e-05   -2.9732394093e-03    2.6628978899e-07    2.7833770176e-03    6.8944687497e-07
  92.4400000    4.1630263476e-04   -1.1303179040e-07    8.8749438169e-04    4.0442453994e-05   -2.9752198557e-03    2.8499636176e-07    2.7828701688e-03    7.7202556685e-07
  92.4500000    1.5361918102e-04    7.9285087210e-06    7.3323942487e-04    3.5392632434e-05   -2.9776757285e-03    3.0250766797e-07    2.7821149166e-03    8.4799222367e-07
  92.4600000   -1.2397522004e-04    1.6010426086e-05    5.9628715515e-04    2.9767638741e-05   -2.9806115743e-03    3.1864289262e-07    2.7810998485e-03    9.1680485304e-07
  92.4700000   -4.1244998762e-04    2.3995982746e-05    4.7929450901e-04    2.3651577995e-05   -2.9840282854e-03    3.3322609789e-07    2.7798144745e-03    9.7797913939e-07
  92.4800000   -7.0768121090e-04    3.1747339206e-05    3.8457697054e-04    1.7136486797e-05   -2.9879230475e-03    3.4608803333e-07    2.7782492505e-03    1.0310919788e-06
  92.4900000   -1.0055130914e-03    3.9127890578e-05    3.1406497125e-04    1.0320946144e-05   -2.9922893142e-03    3.5706794228e-07    2.7763955996e-03    1.0757845628e-06
  92.5000000   -1.3018187942e-03    4.6004682975e-05    2.6926706045e-04    3.3085881798e-06   -2.9971168097e-03    3.6601532339e-07    2.7742459327e-03    1.1117649395e-06
  92.5100000   -1.5925599934e-03    5.2250838399e-05    2.5124016612e-04   -3.7934784050e-06   -3.0023915601e-03    3.7279162525e-07    2.7717936678e-03    1.1388100497e-06
  92.5200000   -1.8738440535e-03    5.7747889845e-05    2.6056790990e-04   -1.0876300119e-05   -3.0080959522e-03    3.7727188473e-07    2.7690332482e-03    1.1567672232e-06
  92.5300000   -2.1419782986e-03    6.2388052078e-05    2.9734698872e-04   -1.7830751702e-05   -3.0142088211e-03    3.7934624864e-07    2.7659601602e-03    1.1655551309e-06
  92.5400000   -2.3935201085e-03    6.6076247969e-05    3.6118214468e-04   -2.4549208964e-05   -3.0207055661e-03    3.7892141186e-07    2.7625709507e-03    1.1651641706e-06
  92.5500000   -2.6253222295e-03    6.8731988921e-05    4.5119043685e-04   -3.0927206352e-05   -3.0275582934e-03    3.7592192161e-07    2.7588632433e-03    1.1556562892e-06
  92.5600000   -2.8345734246e-03    7.0291031491e-05    5.6601318192e-04   -3.6865063208e-05   -3.0347359860e-03    3.7029133126e-07    2.7548357550e-03    1.1371642632e-06
  92.5700000   -3.0188330235e-03    7.0706775788e-05    7.0383696340e-04   -4.2269426843e-05   -3.0422046991e-03    3.6199321659e-07    2.7504883119e-03    1.1098904149e-06
  92.5800000   -3.1760591134e-03    6.9951378472e-05    8.6242303975e-04   -4.7054729240e-05   -3.0499277808e-03    3.5101201662e-07    2.7458218642e-03    1.0741047828e-06
  92.5900000   -3.3046304308e-03    6.8016561321e-05    1.0391444415e-03   -5.1144532783e-05   -3.0578661150e-03    3.3735370637e-07    2.7408385007e-03    1.0301427820e-06
  92.6000000   -3.4033613600e-03    6.4914072850e-05    1.2310303280e-03   -5.4472736171e-05   -3.0659783869e-03    3.2104627334e-07    2.7355414628e-03    9.7840235214e-07
  92.6100000   -3.4715099302e-03    6.0675803170e-05    1.4348167550e-03   -5.6984628030e-05   -3.0742213677e-03    3.0214001540e-07    2.7299351566e-03    9.1934061235e-07
  92.6200000   -3.5087789388e-03    5.5353540295e-05    1.6470030421e-03   -5.8637770987e-05   -3.0825502180e-03    2.8070762414e-07    2.7240251643e-03    8.5347007533e-07
  92.6300000   -3.5153103045e-03    4.9018344068e-05    1.8639126139e-03   -5.9402694053e-05   -3.0909188061e-03    2.5684407714e-07    2.7178182533e-03    7.8135442307e-07
  92.6400000   -3.4916729318e-03    4.1759614739e-05    2.0817576526e-03   -5.9263397418e-05   -3.0992800410e-03    2.3066632816e-07    2.7113223838e-03    7.0360390710e-07
  92.6500000   -3.4388444596e-03    3.3683852129e-05    2.2967062601e-03   -5.8217650569e-05   -3.1075862153e-03    2.0231277509e-07    2.7045467131e-03    6.2087037264e-07
  92.6600000   -3.3581872108e-03    2.4913088965e-05    2.5049507118e-03   -5.6277077224e-05   -3.1157893578e-03    1.7194254562e-07    2.6975015979e-03    5.3384198457e-07
  92.6700000   -3.2514189185e-03    1.5583002941e-05    2.7027755630e-03   -5.3467032832e-05   -3.1238415917e-03    1.3973456874e-07    2.6901985921e-03    4.4323767272e-07
  92.6800000   -3.1205789189e-03    5.8407530859e-06    2.8866249450e-03   -4.9826267944e-05   -3.1316954961e-03    1.0588646334e-07    2.6826504416e-03    3.4980134707e-07
  92.6900000   -2.9679904354e-03   -4.1573829352e-06    3.0531673914e-03   -4.5406386853e-05   -3.1393044682e-03    7.0613233203e-08    2.6748710741e-03    2.5429594185e-07
  92.7000000   -2.7962196860e-03   -1.4248605091e-05    3.1993570814e-03   -4.0271108131e-05   -3.1466230834e-03    3.4145789539e-08    2.6668755844e-03    1.5749729938e-07
  92.7100000   -2.6080326438e-03   -2.4266230593e-05    3.3224904714e-03   -3.4495336375e-05   -3.1536074499e-03   -3.2706884101e-09    2.6586802136e-03    6.0187995577e-08
  92.7200000   -2.4063500754e-03   -3.4042502884e-05    3.4202571337e-03   -2.8164059205e-05   -3.1602155563e-03   -4.1378554594e-08    2.6503023233e-03   -3.6848888917e-08
  92.7300000   -2.1942018479e-03   -4.3411324009e-05    3.4907839087e-03   -2.1371086174e-05   -3.1664076077e-03   -7.9909625616e-08    2.6417603628e-03   -1.3283599001e-07
  92.7400000   -1.9746810301e-03   -5.2211125030e-05    3.5326716631e-03   -1.4217649271e-05   -3.1721463492e-03   -1.1858723960e-07    2.6330738296e-03   -2.2700781185e-07
  92.7500000   -1.7508987113e-03   -6.0287668291e-05    3.5450231296e-03   -6.8108807267e-06   -3.1773973728e-03   -1.5712841301e-07    2.6242632230e-03   -3.1861677031e-07
  92.7600000   -1.5259401013e-03   -6.7496739297e-05    3.5274625778e-03    7.3780910079e-07   -3.1821294066e-03   -1.9524608973e-07    2.6153499897e-03   -4.0693909006e-07
  92.7700000   -1.3028225014e-03   -7.3706686997e-05    3.4801468712e-03    8.3144077769e-06   -3.1863145818e-03   -2.3265146101e-07    2.6063564619e-03   -4.9128048751e-07
  92.7800000   -1.0844558816e-03   -7.8800762615e-05    3.4037660844e-03    1.5804034041e-05   -3.1899286777e-03   -2.6905631765e-07    2.5973057872e-03   -5.7098161072e-07
  92.7900000   -8.7360656368e-04   -8.2679285268e-05    3.2995348013e-03    2.3092700662e-05   -3.1929513405e-03   -3.0417544769e-07    2.5882218504e-03   -6.4542319674e-07
  92.8000000   -6.7286414428e-04   -8.5261487078e-05    3.1691738035e-03    3.0069053456e-05   -3.1953662748e-03   -3.3772903268e-07    2.5791291863e-03   -7.1403087697e-07
  92.8100000   -4.8461234035e-04   -8.6487131255e-05    3.0148827140e-03    3.6626081988e-05   -3.1971614058e-03   -3.6944502421e-07    2.5700528853e-03   -7.7627964927e-07
  92.8200000   -3.1100394061e-04   -8.6317761954e-05    2.8393040018e-03    4.2662768076e-05   -3.1983290113e-03   -3.9906149421e-07    2.5610184898e-03   -8.3169790541e-07
  92.8300000   -1.5393993167e-04   -8.4737589190e-05    2.6454787918e-03    4.8085645211e-05   -3.1988658210e-03   -4.2632891221e-07    2.5520518829e-03   -8.7987106302e-07
  92.8400000   -1.5052979455e-05   -8.1754021701e-05    2.4367952216e-03    5.2810250761e-05   -3.1987730828e-03   -4.5101236350e-07    2.5431791689e-03   -9.2044470462e-07
  92.8500000    1.0430464625e-04   -7.7397869502e-05    2.2169302959e-03    5.6762444170e-05   -3.1980565948e-03   -4.7289365451e-07    2.5344265469e-03   -9.5312724990e-07
  92.8600000    2.0306897691e-04   -7.1723065194e-05    1.9897862705e-03    5.9879565832e-05   -3.1967267034e-03   -4.9177330223e-07    2.5258201767e-03   -9.7769211437e-07
  92.8700000    2.8046784393e-04   -6.4806112065e-05    1.7594225468e-03    6.2111422735e-05   -3.1947982653e-03   -5.0747239446e-07    2.5173860389e-03   -9.9397933466e-07
  92.8800000    3.3602050330e-04   -5.6745036971e-05    1.5299843997e-03    6.3421096567e-05   -3.1922905754e-03   -5.1983429118e-07    2.5091497886e-03   -1.0018966768e-06
  92.8900000    3.6953336151e-04   -4.7657925805e-05    1.3056299043e-03    6.3785540129e-05   -3.1892272590e-03   -5.2872615114e-07    2.5011366041e-03   -1.0014201914e-06
  92.9000000    3.8109189495e-04   -3.7681237925e-05    1.0904560851e-03    6.3195961224e-05   -3.1856361307e-03   -5.3404028570e-07    2.4933710320e-03   -9.9259421096e-07
  92.9100000    3.7104942734e-04   -2.6967728546e-05    8.8842576256e-04    6.1657990169e-05   -3.1815490187e-03   -5.3569529694e-07    2.4858768280e-03   -9.7553081815e-07
  92.9200000    3.4001315946e-04   -1.5684061086e-05    7.0329638408e-04    5.9191634323e-05   -3.1770015573e-03   -5.3363702616e-07    2.4786767959e-03   -9.5040876753e-07
  92.9300000    2.8882711342e-04   -4.0082044331e-06    5.3855209434e-04    5.5831007095e-05   -3.1720329476e-03   -5.2783926984e-07    2.4717926257e-03   -9.1747186765e-07
  92.9400000    2.1855291196e-04    7.8734170666e-06    3.9734040562e-04    5.1623836429e-05   -3.1666856894e-03   -5.1830427118e-07    2.4652447312e-03   -8.7702684442e-07
  92.9500000    1.3044867873e-04    1.9768938977e-05    2.8241435345e-04    4.6630769828e-05   -3.1610052843e-03   -5.0506298303e-07    2.4590520885e-03   -8.2944072429e-07
  92.9600000    2.5946317548e-05    3.1484209696e-05    1.9608146115e-04    4.0924479214e-05   -3.1550399135e-03   -4.8817508792e-07    2.4532320777e-03   -7.7513770442e-07
  92.9700000   -9.3372303618e-05    4.2826020030e-05    1.4016004281e-04    3.4588580140e-05   -3.1488400925e-03   -4.6772878106e-07    2.4478003278e-03   -7.1459559936e-07
  92.9800000   -2.2579995174e-04    5.3605361446e-05    1.1594425888e-04    2.7716383130e-05   -3.1424583046e-03   -4.4384032549e-07    2.4427705669e-03   -6.4834185205e-07
  92.9900000   -3.6952893718e-04    6.3640586752e-05    1.2417809789e-04    2.0409492917e-05   -3.1359486151e-03   -4.1665335337e-07    2.4381544788e-03   -5.7694913998e-07
  93.0000000   -5.2267658946e-04    7.2760458095e-05    1.6503888902e-04    1.2776281290e-05   -3.1293662721e-03   -3.8633794636e-07    2.4339615671e-03   -5.0103065119e-07
  93.0100000   -6.8331007349e-04    8.0807204849e-05    2.3813082488e-04    4.9302596457e-06   -3.1227672930e-03   -3.5308950254e-07    2.4301990293e-03   -4.2123501149e-07
  93.0200000   -8.4947032344e-04    8.7639224192e-05    3.4248852680e-04   -3.0116334446e-06   -3.1162080426e-03   -3.1712735909e-07    2.4268716406e-03   -3.3824096647e-07
  93.0300000   -1.0191954398e-03    9.3133615866e-05    4.7659068992e-04   -1.0930802207e-05   -3.1097448051e-03   -2.7869324161e-07    2.4239816500e-03   -2.5275180306e-07
  93.0400000   -1.1905429400e-03    9.7188414604e-05    6.3838365794e-04   -1.8708785714e-05   -3.1034333528e-03   -2.3804949469e-07    2.4215286896e-03   -1.6548959461e-07
  93.0500000   -1.3616105038e-03    9.9724443763e-05    8.2531454757e-04   -2.6229039487e-05   -3.0973285164e-03   -1.9547714893e-07    2.4195096980e-03   -7.7189290637e-08
  93.0600000   -1.5305551629e-03    1.0068677618e-04    1.0343736119e-03   -3.3378726087e-05   -3.0914837579e-03   -1.5127381629e-07    2.4179188590e-03    1.1407268643e-08
  93.0700000   -1.6956106996e-03    1.0004587898e-04    1.2621440667e-03   -4.0050408815e-05   -3.0859507522e-03   -1.0575145014e-07    2.4167475575e-03    9.9557400139e-08
  93.0800000   -1.8551031725e-03    9.7798294674e-05    1.5048601864e-03   -4.6143683500e-05   -3.0807789784e-03   -5.9233957578e-08    2.4159843524e-03    1.8652363522e-07
  93.0900000   -2.0074644472e-03    9.3966878526e-05    1.7584717656e-03   -5.1566703912e-05   -3.0760153259e-03   -1.2054724756e-08    2.4156149680e-03    2.7157969673e-07
  93.1000000   -2.1512436863e-03    8.8600604425e-05    2.0187138177e-03   -5.6237582389e-05   -3.0717037167e-03    3.5445956371e-08    2.4156223042e-03    3.5401640760e-07
  93.1100000   -2.2851165587e-03    8.1773981607e-05    2.2811806291e-03   -6.0085634646e-05   -3.0678847491e-03    8.2923526045e-08    2.4159864668e-03    4.3314744193e-07
  93.1200000   -2.4078928503e-03    7.3585908889e-05    2.5414026939e-03   -6.3052453628e-05   -3.0645953640e-03    1.3003184575e-07    2.4166848181e-03    5.0831488540e-07
  93.1300000   -2.5185224070e-03    6.4158171112e-05    2.7949251806e-03   -6.5092795655e-05   -3.0618685371e-03    1.7642588821e-07    2.4176920469e-03    5.7889456435e-07
  93.1400000   -2.6160988656e-03    5.3633575445e-05    3.0373865477e-03   -6.6175274996e-05   -3.0597330004e-03    2.2176445960e-07    2.4189802603e-03    6.4430109867e-07
  93.1500000   -2.6998617067e-03    4.2173705118e-05    3.2645959647e-03   -6.6282844996e-05   -3.0582129941e-03    2.6571286242e-07    2.4205190957e-03    7.0399262778e-07
  93.1600000   -2.7691971156e-03    2.9956354261e-05    3.4726081141e-03   -6.5413059736e-05   -3.0573280523e-03    3.0794554438e-07    2.4222758525e-03    7.5747519204e-07
  93.1700000   -2.8236376381e-03    1.7172759367e-05    3.6577941410e-03   -6.3578116534e-05   -3.0570928234e-03    3.4814866392e-07    2.4242156451e-03    8.0430670652e-07
  93.1800000   -2.8628605540e-03    4.0244453616e-06    3.8169072131e-03   -6.0804674399e-05   -3.0575169272e-03    3.8602256317e-07    2.4263015744e-03    8.4410054171e-07
  93.1900000   -2.8866853133e-03   -9.2800718860e-06    3.9471415684e-03   -5.7133451638e-05   -3.0586048509e-03    4.2128414778e-07    2.4284949186e-03    8.7652861936e-07
  93.2000000   -2.8950704993e-03   -2.2528622687e-05    4.0461841272e-03   -5.2618613094e-05   -3.0603558835e-03    4.5366911735e-07    2.4307553419e-03    9.0132405598e-07
  93.2100000   -2.8881099620e-03   -3.5508851832e-05    4.1122573515e-03   -4.7326951859e-05   -3.0627640909e-03    4.8293406469e-07    2.4330411201e-03    9.1828329656e-07
  93.2200000   -2.8660289199e-03   -4.8011637855e-05    4.1441530173e-03   -4.1336879093e-05   -3.0658183306e-03    5.0885840500e-07    2.4353093819e-03    9.2726774689e-07
  93.2300000   -2.8291795885e-03   -5.9834546886e-05    4.1412559203e-03   -3.4737236444e-05   -3.0695023082e-03    5.3124611577e-07    2.4375163647e-03    9.2820486418e-07
  93.2400000   -2.7780367263e-03   -7.0785143889e-05    4.1035569280e-03   -2.7625950244e-05   -3.0737946729e-03    5.4992728757e-07    2.4396176828e-03    9.2108873025e-07
  93.2500000   -2.7131929688e-03   -8.0684203582e-05    4.0316553348e-03   -2.0108553620e-05   -3.0786691543e-03    5.6475947530e-07    2.4415686076e-03    9.0598006822e-07
  93.2600000   -2.6353541251e-03   -8.9368618766e-05    3.9267502574e-03   -1.2296580859e-05   -3.0840947370e-03    5.7562881516e-07    2.4433243559e-03    8.8300572770e-07
  93.2700000   -2.5453342488e-03   -9.6694119930e-05    3.7906208670e-03   -4.3058856689e-06   -3.0900358740e-03    5.8245091846e-07    2.4448403872e-03    8.5235763796e-07
  93.2800000   -2.4440507063e-03   -1.0253768094e-04    3.6255971651e-03    3.7450959416e-06   -3.0964527360e-03    5.8517153627e-07    2.4460727050e-03    8.1429122496e-07
  93.2900000   -2.3325188210e-03   -1.0679955523e-04    3.4345199322e-03    1.1737158540e-05   -3.1033014954e-03    5.8376698289e-07    2.4469781624e-03    7.6912332533e-07
  93.3000000   -2.2118462717e-03   -1.0940496160e-04    3.2206914566e-03    1.9552121283e-05   -3.1105346433e-03    5.7824430422e-07    2.4475147682e-03    7.1722958953e-07
  93.3100000   -2.0832272597e-03   -1.1030534801e-04    2.9878177105e-03    2.7074605098e-05   -3.1181013363e-03    5.6864121890e-07    2.4476419924e-03    6.5904142508e-07
  93.3200000   -1.9479358829e-03   -1.0947927322e-04    2.7399432594e-03    3.4193767114e-05   -3.1259477708e-03    5.5502580388e-07    2.4473210677e-03    5.9504247934e-07
  93.3300000   -1.8073188306e-03   -1.0693285529e-04    2.4813797765e-03    4.0804963348e-05   -3.1340175833e-03    5.3749595031e-07    2.4465152856e-03    5.2576468968e-07
  93.3400000   -1.6627873029e-03   -1.0269968869e-04    2.2166294484e-03    4.6811313816e-05   -3.1422522709e-03    5.1617856894e-07    2.4451902841e-03    4.5178395910e-07
  93.3500000   -1.5158080157e-03   -9.6840381937e-05    1.9503050548e-03    5.2125145609e-05   -3.1505916317e-03    4.9122859349e-07    2.4433143251e-03    3.7371546748e-07
  93.3600000   -1.3678931405e-03   -8.9441637923e-05    1.6870479396e-03    5.6669291683e-05   -3.1589742199e-03    4.6282773920e-07    2.4408585589e-03    2.9220866154e-07
  93.3700000   -1.2205890696e-03   -8.0614912360e-05    1.4314452894e-03    6.0378225762e-05   -3.1673378125e-03    4.3118306651e-07    2.4377972742e-03    2.0794196914e-07
  93.3800000   -1.0754643105e-03   -7.0494714280e-05    1.1879483296e-03    6.3199020442e-05   -3.1756198843e-03    3.9652535840e-07    2.4341081298e-03    1.2161727078e-07
  93.3900000   -9.3409628561e-04   -5.9236416532e-05    9.6079297733e-04    6.5092113332e-05   -3.1837580868e-03    3.5910728800e-07    2.4297723684e-03    3.3954194428e-08
  93.4000000   -7.9805684530e-04   -4.7013843004e-05    7.5392437235e-04    6.6031859318e-05   -3.1916907286e-03    3.1920145528e-07    2.4247750082e-03   -5.4315760691e-08
  93.4100000   -6.6889696360e-04   -3.4016480576e-05    5.7092664512e-04    6.6006871046e-05   -3.1993572512e-03    2.7709825251e-07    2.4191050116e-03   -1.4245516940e-07
  93.4200000   -5.4813063671e-04   -2.0446499587e-05    4.1495938418e-04    6.5020146919e-05   -3.2066986988e-03    2.3310360222e-07    2.4127554290e-03   -2.2972670793e-07
  93.4300000   -4.3721812425e-04   -6.5155409609e-06    2.8870181118e-04    6.3088982134e-05   -3.2136581772e-03    1.8753658780e-07    2.4057235168e-03   -3.1539916029e-07
  93.4400000   -3.3754839256e-04    7.5587019352e-06    1.9430571917e-04    6.0244655890e-05   -3.2201812978e-03    1.4072698939e-07    2.3980108267e-03   -3.9875339490e-07
  93.4500000   -2.5042194842e-04    2.1555981822e-05    1.3335816202e-04    5.6531911683e-05   -3.2262166041e-03    9.3012751528e-08    2.3896232668e-03   -4.7908822966e-07
  93.4600000   -1.7703332350e-04    3.5257038663e-05    1.0685422290e-04    5.2008237429e-05   -3.2317159765e-03    4.4737388750e-08    2.3805711324e-03   -5.5572617656e-07
  93.4700000   -1.1845389404e-04    4.8447078102e-05    1.1518060257e-04    4.6742954174e-05   -3.2366350124e-03   -3.7526229509e-09    2.3708691065e-03   -6.2801898755e-07
  93.4800000   -7.5615344088e-05    6.0919212570e-05    1.5811043623e-04    4.0816128927e-05   -3.2409333787e-03   -5.2110482001e-08    2.3605362283e-03   -6.9535297530e-07
  93.4900000   -4.9293848831e-05    7.2477773633e-05    2.3480907785e-04    3.4317328621e-05   -3.2445751330e-03   -9.9991661169e-08    2.3495958309e-03   -7.5715404533e-07
  93.5000000   -4.0095704721e-05    8.2941334463e-05    3.4385095799e-04    2.7344239233e-05   -3.2475290124e-03   -1.4705649687e-07    2.3380754473e-03   -8.1289243252e-07
  93.5100000   -4.8444387585e-05    9.2145644551e-05    4.8324710198e-04    2.0001171323e-05   -3.2497686860e-03   -1.9297271522e-07    2.3260066845e-03   -8.6208706291e-07
  93.5200000   -7.4569203739e-05    9.9946277882e-05    6.5048278153e-04    1.2397466429e-05   -3.2512729693e-03   -2.3741788188e-07    2.3134250671e-03   -9.0430955392e-07
  93.5300000   -1.1849596642e-04    1.0622093034e-04    8.4256388377e-04    4.6458404355e-06   -3.2520259996e-03   -2.8008176450e-07    2.3003698501e-03   -9.3918776319e-07
  93.5400000   -1.8003999102e-04    1.1087131311e-04    1.0560726196e-03   -3.1393216290e-06   -3.2520173698e-03   -3.2066858118e-07    2.2868838024e-03   -9.6640889844e-07
  93.5500000   -2.5880150131e-04    1.1382469163e-04    1.2872304898e-03   -1.0843680723e-05   -3.2512422202e-03   -3.5889912379e-07    2.2730129625e-03   -9.8572216650e-07
  93.5600000   -3.5416364090e-04    1.1503497649e-04    1.5319676041e-03   -1.8354652946e-05   -3.2497012869e-03   -3.9451273868e-07    2.2588063663e-03   -9.9694090034e-07
  93.5700000   -4.6529323318e-04    1.1448338797e-04    1.7859967519e-03   -2.5563099355e-05   -3.2474009068e-03   -4.2726914859e-07    2.2443157507e-03   -9.9994418894e-07
  93.5800000   -5.9114439582e-04    1.1217873380e-04    2.0448908502e-03   -3.2364931759e-05   -3.2443529785e-03   -4.5695010115e-07    2.2295952328e-03   -9.9467797023e-07
  93.5900000   -7.3046516178e-04    1.0815720319e-04    2.3041632858e-03   -3.8662646227e-05   -3.2405748798e-03   -4.8336083776e-07    2.2147009685e-03   -9.8115558363e-07
  93.6000000   -8.8180708282e-04    1.0248172627e-04    2.5593487991e-03   -4.4366741283e-05   -3.2360893425e-03   -5.0633137076e-07    2.1996907911e-03   -9.5945778979e-07
  93.6100000   -1.0435376772e-03    9.5240949328e-05    2.8060835358e-03   -4.9397018905e-05   -3.2309242843e-03   -5.2571756110e-07    2.1846238342e-03   -9.2973223604e-07
  93.6200000   -1.2138559481e-03    8.6547751237e-05    3.0401829138e-03   -5.3683734655e-05   -3.2251126005e-03   -5.4140198721e-07    2.1695601391e-03   -8.9219238687e-07
  93.6300000   -1.3908106740e-03    7.6537402110e-05    3.2577159555e-03   -5.7168568662e-05   -3.2186919164e-03   -5.5329460055e-07    2.1545602523e-03   -8.4711592692e-07
  93.6400000   -1.5723213467e-03    6.5365379306e-05    3.4550746709e-03   -5.9805433936e-05   -3.2117043017e-03   -5.6133316985e-07    2.1396848126e-03   -7.9484262547e-07
  93.6500000   -1.7562015611e-03    5.3204848956e-05    3.6290372711e-03   -6.1561091320e-05   -3.2041959499e-03   -5.6548351982e-07    2.1249941344e-03   -7.3577172452e-07
  93.6600000   -1.9401850370e-03    4.0243938012e-05    3.7768240852e-03   -6.2415567580e-05   -3.1962168257e-03   -5.6573952375e-07    2.1105477868e-03   -6.7035881548e-07
  93.6700000   -2.1219533308e-03    2.6682755711e-05    3.8961451688e-03   -6.2362365007e-05   -3.1878202813e-03   -5.6212292597e-07    2.0964041742e-03   -5.9911228669e-07
  93.6800000   -2.2991652219e-03    1.2730118080e-05    3.9852387644e-03   -6.1408467176e-05   -3.1790626460e-03   -5.5468292042e-07    2.0826201195e-03   -5.2258930829e-07
  93.6900000   -2.4694876935e-03   -1.3997027565e-06    4.0428999838e-03   -5.9574140956e-05   -3.1700027928e-03   -5.4349554734e-07    2.0692504552e-03   -4.4139144100e-07
  93.7000000   -2.6306278605e-03   -1.5490284094e-05    4.0684992448e-03   -5.6892536844e-05   -3.1607016835e-03   -5.2866288679e-07    2.0563476229e-03   -3.5615987833e-07
  93.7100000   -2.7803651421e-03   -2.9326504323e-05    4.0619894710e-03   -5.3409096919e-05   -3.1512218973e-03   -5.1031206823e-07    2.0439612869e-03   -2.6757034130e-07
  93.7200000   -2.9165836942e-03   -4.2697894966e-05    4.0239030167e-03   -4.9180781714e-05   -3.1416271473e-03   -4.8859409889e-07    2.0321379627e-03   -1.7632772452e-07
  93.7300000   -3.0373043952e-03   -5.5401839294e-05    3.9553377251e-03   -4.4275125840e-05   -3.1319817859e-03   -4.6368253146e-07    2.0209206650e-03   -8.3160447370e-08
  93.7400000   -3.1407156920e-03   -6.7246705415e-05    3.8579325351e-03   -3.8769140019e-05   -3.1223503064e-03   -4.3577198198e-07    2.0103485768e-03    1.1185339876e-08
  93.7500000   -3.2252030171e-03   -7.8054771321e-05    3.7338339732e-03   -3.2748077708e-05   -3.1127968428e-03   -4.0507650087e-07    2.0004567428e-03    1.0595174216e-07
  93.7600000   -3.2893763230e-03   -8.7664973731e-05    3.5856524428e-03   -2.6304084744e-05   -3.1033846713e-03   -3.7182782888e-07    1.9912757900e-03    2.0037519580e-07
  93.7700000   -3.3320951483e-03   -9.5935306126e-05    3.4164102933e-03   -1.9534751783e-05   -3.0941757199e-03   -3.3627353114e-07    1.9828316765e-03    2.9369260384e-07
  93.7800000   -3.3524905912e-03   -1.0274485289e-04    3.2294823551e-03   -1.2541614615e-05   -3.0852300868e-03   -2.9867505420e-07    1.9751454726e-03    3.8514747092e-07
  93.7900000   -3.3499837297e-03   -1.0799554689e-04    3.0285308227e-03   -5.4285986039e-06   -3.0766055739e-03   -2.5930569664e-07    1.9682331739e-03    4.7399601588e-07
  93.8000000   -3.3243002191e-03   -1.1161358103e-04    2.8174343000e-03    1.6995840061e-06   -3.0683572388e-03   -2.1844851287e-07    1.9621055500e-03    5.5951317196e-07
  93.8100000   -3.2754807711e-03   -1.1355042641e-04    2.6002136425e-03    8.7390030715e-06   -3.0605369666e-03   -1.7639419680e-07    1.9567680289e-03    6.4099846280e-07
  93.8200000   -3.2038871531e-03   -1.1378337709e-04    2.3809552699e-03    1.5588059567e-05   -3.0531930688e-03   -1.3343890991e-07    1.9522206191e-03    7.1778168460e-07
  93.8300000   -3.1102032091e-03   -1.1231578390e-04    2.1637336434e-03    2.2148984316e-05   -3.0463699086e-03   -8.9882120687e-08    1.9484578699e-03    7.8922836526e-07
  93.8400000   -2.9954311518e-03   -1.0917683703e-04    1.9525344924e-03    2.8329261480e-05   -3.0401075583e-03   -4.6024449542e-08    1.9454688701e-03    8.5474493857e-07
  93.8500000   -2.8608828745e-03   -1.0442094334e-04    1.7511803012e-03    3.4042956485e-05   -3.0344414903e-03   -2.1655220766e-09    1.9432372861e-03    9.1378359787e-07
  93.8600000   -2.7081662749e-03   -9.8126738979e-05    1.5632594484e-03    3.9211929624e-05   -3.0294023044e-03    4.1398118061e-08    1.9417414399e-03    9.6584681355e-07
  93.8700000   -2.5391668383e-03   -9.0395691033e-05    1.3920600937e-03    4.3766916477e-05   -3.0250154939e-03    8.4375057234e-08    1.9409544245e-03    1.0104914266e-06
  93.8800000   -2.3560245343e-03   -8.1350435938e-05    1.2405104127e-03    4.7648459943e-05   -3.0213012519e-03    1.2648098631e-07    1.9408442586e-03    1.0473323360e-06
  93.8900000   -2.1611062622e-03   -7.1132716514e-05    1.1111263071e-03    5.0807683865e-05   -3.0182743192e-03    1.6744059128e-07    1.9413740789e-03    1.0760457282e-06
  93.9000000   -1.9569746161e-03   -5.9901040678e-05    1.0059674357e-03    5.3206895869e-05   -3.0159438765e-03    2.0698935020e-07    1.9425023674e-03    1.0963718044e-06
  93.9100000   -1.7463530545e-03   -4.7828123771e-05    9.2660248402e-04    5.4820014105e-05   -3.0143134791e-03    2.4487522486e-07    1.9441832149e-03    1.1081170179e-06
  93.9200000   -1.5320880270e-03   -3.5098259813e-05    8.7408419222e-04    5.5632807493e-05   -3.0133810376e-03    2.8086023667e-07    1.9463666169e-03    1.1111557855e-06
  93.9300000   -1.3171087176e-03   -2.1904417769e-05    8.4893440367e-04    5.5642958584e-05   -3.0131388424e-03    3.1472191081e-07    1.9489988002e-03    1.1054316463e-06
  93.9400000   -1.1043851492e-03   -8.4451969262e-06    8.5113984627e-04    5.4859945357e-05   -3.0135736328e-03    3.4625459341e-07    1.9520225792e-03    1.0909578786e-06
  93.9500000   -8.9688530971e-04    5.0782460695e-06    8.8015856813e-04    5.3304747556e-05   -3.0146667108e-03    3.7527062439e-07    1.9553777376e-03    1.0678175628e-06
  93.9600000   -6.9753103956e-04    1.8465241330e-05    9.3493641785e-04    5.1009379325e-05   -3.0163940969e-03    4.0160136149e-07    1.9590014347e-03    1.0361630731e-06
  93.9700000   -5.0915498693e-04    3.1518613832e-05    1.0139335486e-03    4.8016266279e-05   -3.0187267283e-03    4.2509804986e-07    1.9628286319e-03    9.9621503130e-07
  93.9800000   -3.3445842393e-04    4.4047642002e-05    1.1151599980e-03    4.4377472941e-05   -3.0216306975e-03    4.4563255183e-07    1.9667925370e-03    9.4826069957e-07
  93.9900000   -1.7597059342e-04    5.5870941504e-05    1.2362198573e-03    4.0153795617e-05   -3.0250675284e-03    4.6309790010e-07    1.9708250636e-03    8.9265184529e-07
  94.0000000   -3.6010454602e-05    6.6818942826e-05    1.3743630295e-03    3.5413735307e-05   -3.0289944892e-03    4.7740871222e-07    1.9748573006e-03    8.2980207568e-07
  94.0100000    8.3348777164e-05    7.6736358169e-05    1.5265433158e-03    3.0232377641e-05   -3.0333649387e-03    4.8850143986e-07    1.9788199913e-03    7.6018368987e-07
  94.0200000    1.8031163978e-04    8.5484379396e-05    1.6894820659e-03    2.4690184922e-05   -3.0381287028e-03    4.9633445655e-07    1.9826440147e-03    6.8432403956e-07
  94.0300000    2.5338842518e-04    9.2942573088e-05    1.8597354767e-03    1.8871725656e-05   -3.0432324794e-03    5.0088801114e-07    1.9862608694e-03    6.0280144734e-07
  94.0400000    3.0141875897e-04    9.9010491057e-05    2.0337647603e-03    1.2864359799e-05   -3.0486202675e-03    5.0216402175e-07    1.9896031538e-03    5.1624071831e-07
  94.0500000    3.2359036414e-04    1.0360898493e-04    2.2080067379e-03    6.7569047339e-06   -3.0542338169e-03    5.0018572567e-07    1.9926050399e-03    4.2530825814e-07
  94.0600000    3.1945275144e-04    1.0668117261e-04    2.3789447824e-03    6.3830772704e-07   -3.0600130963e-03    4.9499720314e-07    1.9952027378e-03    3.3070685965e-07
  94.0700000    2.8892551719e-04    1.0819297559e-04    2.5431781555e-03   -5.4036771973e-06   -3.0658967738e-03    4.8666275735e-07    1.9973349464e-03    2.3317018480e-07
  94.0800000    2.3230127992e-04    1.0813344082e-04    2.6974882233e-03   -1.1283777697e-05   -3.0718227077e-03    4.7526618792e-07    1.9989432878e-03    1.3345698607e-07
  94.0900000    1.5024304245e-04    1.0651471277e-04    2.8389007178e-03   -1.6920417218e-05   -3.0777284434e-03    4.6090992985e-07    1.9999727215e-03    3.2345125628e-08
  94.1000000    4.3775896927e-05    1.0337158504e-04    2.9647423002e-03   -2.2236861710e-05   -3.0835517113e-03    4.4371410674e-07    2.0003719355e-03   -6.9374583832e-08
  94.1100000   -8.5726558804e-05    9.8760728432e-05    3.0726909180e-03   -2.7162275525e-05   -3.0892309231e-03    4.2381547621e-07    2.0000937120e-03   -1.7090463248e-07
  94.1200000   -2.3656099230e-04    9.2759678198e-05    3.1608186223e-03   -3.1632665385e-05   -3.0947056614e-03    4.0136629187e-07    1.9990952638e-03   -2.7144715533e-07
  94.1300000   -4.0671810755e-04    8.5465478630e-05    3.2276264149e-03   -3.5591710537e-05   -3.0999171594e-03    3.7653308874e-07    1.9973385398e-03   -3.7021027295e-07
  94.1400000   -5.9391094189e-04    7.6993111785e-05    3.2720702133e-03   -3.8991463911e-05   -3.1048087662e-03    3.4949540355e-07    1.9947904966e-03   -4.6641440001e-07
  94.1500000   -7.9560748459e-04    6.7473626337e-05    3.2935777528e-03   -4.1792916502e-05   -3.1093263946e-03    3.2044443355e-07    1.9914233351e-03   -5.5929846882e-07
  94.1600000   -1.0090668101e-03    5.7052023050e-05    3.2920560315e-03   -4.3966410672e-05   -3.1134189474e-03    2.8958166171e-07    1.9872146988e-03   -6.4812601807e-07
  94.1700000   -1.2313786823e-03    4.5885058355e-05    3.2678892735e-03   -4.5491909321e-05   -3.1170387185e-03    2.5711742739e-07    1.9821478345e-03   -7.3219109194e-07
  94.1800000   -1.4595056680e-03    3.4138838203e-05    3.2219275133e-03   -4.6359114741e-05   -3.1201417661e-03    2.2326948766e-07    1.9762117115e-03   -8.1082390636e-07
  94.1900000   -1.6903276223e-03    2.1986283456e-05    3.1554661057e-03   -4.6567432180e-05   -3.1226882549e-03    1.8826156123e-07    1.9694011006e-03   -8.8339624203e-07
  94.2000000   -1.9206865071e-03    9.6045383163e-06    3.0702165604e-03   -4.6125791799e-05   -3.1246427645e-03    1.5232186351e-07    1.9617166115e-03   -9.4932650870e-07
  94.2100000   -2.1474323670e-03   -2.8275976557e-06    2.9682693051e-03   -4.5052331185e-05   -3.1259745607e-03    1.1568164453e-07    1.9531646879e-03   -1.0080844500e-06
  94.2200000   -2.3674689964e-03   -1.5132337791e-05    2.8520496021e-03   -4.3373942476e-05   -3.1266578294e-03    7.8573738225e-08    1.9437575608e-03   -1.0591954412e-06
  94.2300000   -2.5777990206e-03   -2.7135410135e-05    2.7242661661e-03   -4.1125696269e-05   -3.1266718690e-03    4.1231143688e-08    1.9335131606e-03   -1.1022443604e-06
  94.2400000   -2.7755672568e-03   -3.8668567084e-05    2.5878544446e-03   -3.8350153187e-05   -3.1260012420e-03    3.8856226172e-09    1.9224549881e-03   -1.1368789755e-06
  94.2500000   -2.9581019120e-03   -4.9571949362e-05    2.4459160733e-03   -3.5096576625e-05   -3.1246358822e-03   -3.3233652346e-08    1.9106119453e-03   -1.1628128524e-06
  94.2600000   -3.1229529494e-03   -5.9696335787e-05    2.3016549486e-03   -3.1420060100e-05   -3.1225711589e-03   -6.9901427243e-08    1.8980181281e-03   -1.1798277336e-06
  94.2700000   -3.2679270992e-03   -6.8905215666e-05    2.1583120144e-03   -2.7380585342e-05   -3.1198078965e-03   -1.0589761326e-07    1.8847125815e-03   -1.1877753668e-06
  94.2800000   -3.3911185987e-03   -7.7076410720e-05    2.0190986814e-03   -2.3042028942e-05   -3.1163523491e-03   -1.4100851335e-07    1.8707390201e-03   -1.1865787876e-06
  94.2900000   -3.4909355677e-03   -8.4103729401e-05    1.8871310751e-03   -1.8471129730e-05   -3.1122161310e-03   -1.7502795697e-07    1.8561455146e-03   -1.1762330490e-06
  94.3000000   -3.5661214816e-03   -8.9898345428e-05    1.7653668263e-03   -1.3736450712e-05   -3.1074161039e-03   -2.0775838516e-07    1.8409841483e-03   -1.1568053405e-06
  94.3100000   -3.6157713784e-03   -9.4389732327e-05    1.6565444469e-03   -8.9073174730e-06   -3.1019742204e-03   -2.3901186448e-07    1.8253106453e-03   -1.1284345697e-06
  94.3200000   -3.6393428816e-03   -9.7526484360e-05    1.5631271273e-03   -4.0527849465e-06   -3.0959173275e-03   -2.6861102110e-07    1.8091839727e-03   -1.0913303374e-06
  94.3300000   -3.6366612079e-03   -9.9276801988e-05    1.4872521517e-03    7.5936679010e-07   -3.0892769290e-03   -2.9638990554e-07    1.7926659214e-03   -1.0457713707e-06
  94.3400000   -3.6079189465e-03   -9.9628720670e-05    1.4306868721e-03    5.4635915928e-06   -3.0820889106e-03   -3.2219477178e-07    1.7758206664e-03   -9.9210338344e-07
  94.3500000   -3.5536701389e-03   -9.8590019621e-05    1.3947920958e-03    9.9974765701e-06   -3.0743932302e-03   -3.4588478426e-07    1.7587143123e-03   -9.3073642020e-07
  94.3600000   -3.4748189208e-03   -9.6187839692e-05    1.3804935737e-03    1.4302569686e-05   -3.0662335745e-03   -3.6733264050e-07    1.7414144252e-03   -8.6214164745e-07
  94.3700000   -3.3726029751e-03   -9.2468031788e-05    1.3882621838e-03    1.8325124085e-05   -3.0576569856e-03   -3.8642510107e-07    1.7239895561e-03   -7.8684769631e-07
  94.3800000   -3.2485721338e-03   -8.7494334138e-05    1.4181034050e-03    2.2016750289e-05   -3.0487134618e-03   -4.0306345837e-07    1.7065087588e-03   -7.0543649414e-07
  94.3900000   -3.1045625888e-03   -8.1347146747e-05    1.4695561575e-03    2.5334968788e-05   -3.0394555335e-03   -4.1716390538e-07    1.6890411049e-03   -6.1853870298e-07
  94.4000000   -2.9426670175e-03   -7.4122183579e-05    1.5417009669e-03    2.8243656610e-05   -3.0299378200e-03   -4.2865782544e-07    1.6716552016e-03   -5.2682874223e-07
  94.4100000   -2.7652009913e-03   -6.5929065850e-05    1.6331775964e-03    3.0713385943e-05   -3.0202165697e-03   -4.3749201491e-07    1.6544187136e-03   -4.3101945881e-07
  94.4200000   -2.5746669286e-03   -5.6889551025e-05    1.7422116086e-03    3.2721651285e-05   -3.0103491881e-03   -4.4362879976e-07    1.6373978941e-03   -3.3185648433e-07
  94.4300000   -2.3737154746e-03   -4.7135637370e-05    1.8666494065e-03    3.4252986325e-05   -3.0003937566e-03   -4.4704610582e-07    1.6206571281e-03   -2.3011232240e-07
  94.4400000   -2.1651052202e-03   -3.6807668870e-05    2.0040010110e-03    3.5298972623e-05   -2.9904085475e-03   -4.4773741950e-07    1.6042584904e-03   -1.2658021887e-07
  94.4500000   -1.9516617848e-03   -2.6052240683e-05    2.1514897409e-03    3.5858142730e-05   -2.9804515387e-03   -4.4571170356e-07    1.5882613225e-03   -2.2067849264e-08
  94.4600000   -1.7362364337e-03   -1.5020154490e-05    2.3061073758e-03    3.5935784875e-05   -2.9705799306e-03   -4.4099322053e-07    1.5727218314e-03    8.2609099779e-08
  94.4700000   -1.5216651144e-03   -3.8642921403e-06    2.4646747234e-03    3.5543648357e-05   -2.9608496726e-03   -4.3362129297e-07    1.5576927122e-03    1.8663343421e-07
  94.4800000   -1.3107282710e-03    7.2625619534e-06    2.6239058307e-03    3.4699570757e-05   -2.9513149995e-03   -4.2364998775e-07    1.5432227984e-03    2.8919297568e-07
  94.4900000   -1.1061121453e-03    1.8209660003e-05    2.7804740507e-03    3.3427024359e-05   -2.9420279843e-03   -4.1114775231e-07    1.5293567414e-03    3.8948703829e-07
  94.5000000   -9.1037260691e-04    2.8830303037e-05    2.9310790061e-03    3.1754598527e-05   -2.9330381094e-03   -3.9619696590e-07    1.5161347221e-03    4.8673281714e-07
  94.5100000   -7.2590173520e-04    3.8983706216e-05    3.0725130928e-03    2.9715417961e-05   -2.9243918615e-03   -3.7889344399e-07    1.5035921959e-03    5.8017165362e-07
  94.5200000   -5.5489731337e-04    4.8536824807e-05    3.2017263043e-03    2.7346521635e-05   -2.9161323515e-03   -3.5934587794e-07    1.4917596729e-03    6.6907510630e-07
  94.5300000   -3.9933617707e-04    5.7366007717e-05    3.3158878598e-03    2.4688206163e-05   -2.9082989645e-03   -3.3767522539e-07    1.4806625362e-03    7.5275077738e-07
  94.5400000   -2.6095136484e-04    6.5358589888e-05    3.4124434418e-03    2.1783344066e-05   -2.9009270417e-03   -3.1401403274e-07    1.4703208960e-03    8.3054784748e-07
  94.5500000   -1.4121333882e-04    7.2414202741e-05    3.4891671774e-03    1.8676692839e-05   -2.8940475967e-03   -2.8850573236e-07    1.4607494848e-03    9.0186230269e-07
  94.5600000   -4.1315715622e-05    7.8445931119e-05    3.5442067875e-03    1.5414203854e-05   -2.8876870698e-03   -2.6130386792e-07    1.4519575901e-03    9.6614176658e-07
  94.5700000    3.7834480451e-05    8.3381351892e-05    3.5761216668e-03    1.2042339844e-05   -2.8818671209e-03   -2.3257128299e-07    1.4439490277e-03    1.0228899289e-06
  94.5800000    9.5621963942e-05    8.7163265728e-05    3.5839123980e-03    8.6074112019e-06   -2.8766044630e-03   -2.0247927644e-07    1.4367221540e-03    1.0716705221e-06
  94.5900000    1.3172383386e-04    8.9750325980e-05    3.5670418732e-03    5.1549422617e-06   -2.8719107393e-03   -1.7120670632e-07    1.4302699179e-03    1.1121108108e-06
  94.6000000    1.4610605267e-04    9.1117424034e-05    3.5254475710e-03    1.7290758858e-06   -2.8677924418e-03   -1.3893906185e-07    1.4245799505e-03    1.1439045871e-06
  94.6100000    1.3901534276e-04    9.1255811102e-05    3.4595445915e-03   -1.6279777275e-06   -2.8642508751e-03   -1.0586750923e-07    1.4196346926e-03    1.1668146051e-06
  94.6200000    1.1096731498e-04    9.0173008541e-05    3.3702192039e-03   -4.8764369163e-06   -2.8612821639e-03   -7.2187893740e-08    1.4154115589e-03    1.1806744862e-06
  94.6300000    6.2730941331e-05    8.7892543725e-05    3.2588131911e-03   -7.9793887541e-06   -2.8588773046e-03   -3.8099729958e-08    1.4118831364e-03    1.1853900317e-06
  94.6400000   -4.6906463137e-06    8.4453557865e-05    3.1271005414e-03   -1.0903170953e-05   -2.8570222604e-03   -3.8051520382e-09    1.4090174160e-03    1.1809399634e-06
  94.6500000   -9.0081690764e-05    7.9910155500e-05    2.9772545996e-03   -1.3617690195e-05   -2.8556980991e-03    3.0492128130e-08    1.4067780553e-03    1.1673760661e-06
  94.6600000   -1.9203810675e-04    7.4330495528e-05    2.8118080758e-03   -1.6096669842e-05   -2.8548811726e-03    6.4587918672e-08    1.4051246704e-03    1.1448227476e-06
  94.6700000   -3.0899367893e-04    6.7795819579e-05    2.6336066700e-03   -1.8317833451e-05   -2.8545433364e-03    9.8278620410e-08    1.4040131535e-03    1.1134760056e-06
  94.6800000   -4.3924747652e-04    6.0399288050e-05    2.4457565992e-03   -2.0263017073e-05   -2.8546522065e-03    1.3136232458e-07    1.4033960154e-03    1.0736018168e-06
  94.6900000   -5.8099229977e-04    5.2244612094e-05    2.2515674945e-03   -2.1918220888e-05   -2.8551714529e-03    1.6363991173e-07    1.4032227485e-03    1.0255339479e-06
  94.7000000   -7.3234338293e-04    4.3444569390e-05    2.0544914305e-03   -2.3273596243e-05   -2.8560611258e-03    1.9491615046e-07    1.4034402078e-03    9.6967123537e-07
  94.7100000   -8.9136725859e-04    3.4119455671e-05    1.8580593877e-03   -2.4323373534e-05   -2.8572780126e-03    2.2500079119e-07    1.4039930080e-03    9.0647431731e-07
  94.7200000   -1.0561097567e-03    2.4395466983e-05    1.6658163504e-03   -2.5065736250e-05   -2.8587760219e-03    2.5370964417e-07    1.4048239324e-03    8.3646187387e-07
  94.7300000   -1.2246225269e-03    1.4403012073e-05    1.4812561997e-03   -2.5502644942e-05   -2.8605065919e-03    2.8086564353e-07    1.4058743504e-03    7.6020639003e-07
  94.7400000   -1.3949884736e-03    4.2750094035e-06    1.3077575184e-03   -2.5639619367e-05   -2.8624191191e-03    3.0629989877e-07    1.4070846419e-03    6.7832948469e-07
  94.7500000   -1.5653451480e-03   -5.8549354012e-06    1.1485221339e-03   -2.5485480583e-05   -2.8644614040e-03    3.2985270389e-07    1.4083946232e-03    5.9149684163e-07
  94.7600000   -1.7339058274e-03   -1.5854219087e-05    1.0065149086e-03   -2.5052061079e-05   -2.8665801096e-03    3.5137453032e-07    1.4097439737e-03    5.0041276977e-07
  94.7700000   -1.8989781586e-03   -2.5592851625e-05    8.8440941177e-04   -2.4353892699e-05   -2.8687212290e-03    3.7072697028e-07    1.4110726579e-03    4.0581446570e-07
  94.7800000   -2.0589799008e-03   -3.4945157007e-05    7.8453888570e-04   -2.3407874691e-05   -2.8708305584e-03    3.8778363991e-07    1.4123213409e-03    3.0846599357e-07
  94.7900000   -2.2124519900e-03   -4.3791372989e-05    7.0885286949e-04   -2.2232931666e-05   -2.8728541706e-03    4.0243103691e-07    1.4134317951e-03    2.0915205978e-07
  94.8000000   -2.3580686536e-03   -5.2019065015e-05    6.5888056636e-04   -2.0849664721e-05   -2.8747388856e-03    4.1456933659e-07    1.4143472925e-03    1.0867160258e-07
  94.8100000   -2.4946445160e-03   -5.9524410508e-05    6.3570253923e-04   -1.9279999967e-05   -2.8764327341e-03    4.2411313265e-07    1.4150129838e-03    7.8312913836e-09
  94.8200000   -2.6211388883e-03   -6.6213485732e-05    6.3993020556e-04   -1.7546849098e-05   -2.8778854098e-03    4.3099210085e-07    1.4153762574e-03   -9.2561060634e-08
  94.8300000   -2.7366572058e-03   -7.2003431248e-05    6.7169311466e-04   -1.5673782035e-05   -2.8790487067e-03    4.3515159823e-07    1.4153870795e-03   -1.9170307191e-07
  94.8400000   -2.8404500697e-03   -7.6823381050e-05    7.3063534969e-04   -1.3684715268e-05   -2.8798769377e-03    4.3655317895e-07    1.4149983109e-03   -2.8880433859e-07
  94.8500000   -2.9319099054e-03   -8.0615181344e-05    8.1592065957e-04   -1.1603618862e-05   -2.8803273305e-03    4.3517503121e-07    1.4141659987e-03   -3.8309286446e-07
  94.8600000   -3.0105651757e-03   -8.3334002673e-05    9.2624616445e-04   -9.4542485631e-06   -2.8803603983e-03    4.3101231428e-07    1.4128496421e-03   -4.7382134517e-07
  94.8700000   -3.0760733754e-03   -8.4948955980e-05    1.0598645797e-03   -7.2599040891e-06   -2.8799402813e-03    4.2407741140e-07    1.4110124292e-03   -5.6027324914e-07
  94.8800000   -3.1282126237e-03   -8.5443379814e-05    1.2146143525e-03   -5.0432142567e-06   -2.8790350558e-03    4.1440008292e-07    1.4086214448e-03   -6.4176863394e-07
  94.8900000   -3.1668720359e-03   -8.4815007957e-05    1.3879574484e-03   -2.8259533667e-06   -2.8776170098e-03    4.0202751447e-07    1.4056478471e-03   -7.1766967383e-07
  94.9000000   -3.1920412224e-03   -8.3075882273e-05    1.5770240563e-03   -6.2888665409e-07   -2.8756628808e-03    3.8702425519e-07    1.4020670125e-03   -7.8738582139e-07
  94.9100000   -3.2037995008e-03   -8.0252073331e-05    1.7786631302e-03    1.5283606433e-06   -2.8731540550e-03    3.6947205343e-07    1.3978586484e-03   -8.5037858561e-07
  94.9200000   -3.2023052959e-03   -7.6383381009e-05    1.9894982256e-03    3.6274008265e-06   -2.8700767261e-03    3.4946958676e-07    1.3930068736e-03   -9.0616587845e-07
  94.9300000   -3.1877861728e-03   -7.1522736267e-05    2.2059875086e-03    5.6511550134e-06   -2.8664220115e-03    3.2713206181e-07    1.3875002646e-03   -9.5432588583e-07
  94.9400000   -3.1605291995e-03   -6.5735518832e-05    2.4244868096e-03    7.5839007606e-06   -2.8621860262e-03    3.0259072368e-07    1.3813318710e-03   -9.9450045330e-07
  94.9500000   -3.1208722727e-03   -5.9098692604e-05    2.6413145627e-03    9.4112993066e-06   -2.8573699128e-03    2.7599223081e-07    1.3744991968e-03   -1.0263979230e-06
  94.9600000   -3.0691964517e-03   -5.1699803096e-05    2.8528173546e-03    1.1120401796e-05   -2.8519798273e-03    2.4749793272e-07    1.3670041513e-03   -1.0497954310e-06
  94.9700000   -3.0059198365e-03   -4.3636029108e-05    3.0554349136e-03    1.2699639538e-05   -2.8460268817e-03    2.1728303306e-07    1.3588529683e-03   -1.0645406400e-06
  94.9800000   -2.9314928791e-03   -3.5012950205e-05    3.2457633888e-03    1.4138802581e-05   -2.8395270431e-03    1.8553563646e-07    1.3500560957e-03   -1.0705528606e-06
  94.9900000   -2.8463954017e-03   -2.5943105505e-05    3.4206151707e-03    1.5429009679e-05   -2.8325009908e-03    1.5245570714e-07    1.3406280569e-03   -1.0678236060e-06
  95.0000000   -2.7511351187e-03   -1.6544644834e-05    3.5770761663e-03    1.6562667584e-05   -2.8249739315e-03    1.1825391103e-07    1.3305872845e-03   -1.0564165214e-06
  95.0100000   -2.6462478107e-03   -6.9397989073e-06    3.7125568146e-03    1.7533422324e-05   -2.8169753760e-03    8.3150373289e-08    1.3199559294e-03   -1.0364667396e-06
  95.0200000   -2.5322990147e-03    2.7465662434e-06    3.8248370200e-03    1.8336120569e-05   -2.8085388779e-03    4.7373339555e-08    1.3087596458e-03   -1.0081796086e-06
  95.0300000   -2.4098871666e-03    1.2388436312e-05    3.9121040281e-03    1.8966766824e-05   -2.7997017366e-03    1.1157762559e-08    1.2970273547e-03   -9.7182886915e-07
  95.0400000   -2.2796479063e-03    2.1860322511e-05    3.9729829069e-03    1.9422477497e-05   -2.7905046681e-03   -2.5256186518e-08    1.2847909883e-03   -9.2775424569e-07
  95.0500000   -2.1422593949e-03    3.1038851600e-05    4.0065587823e-03    1.9701454438e-05   -2.7809914462e-03   -6.1624684603e-08    1.2720852170e-03   -8.7635848200e-07
  95.0600000   -1.9984486066e-03    3.9804332337e-05    4.0123901198e-03    1.9802960250e-05   -2.7712085158e-03   -9.7701853462e-08    1.2589471614e-03   -8.1810386252e-07
  95.0700000   -1.8489975527e-03    4.8042272592e-05    3.9905138063e-03    1.9727298006e-05   -2.7612045839e-03   -1.3324142447e-07    1.2454160922e-03   -7.5350824702e-07
  95.0800000   -1.6947497462e-03    5.5644883192e-05    3.9414415501e-03    1.9475798658e-05   -2.7510301899e-03   -1.6799842929e-07    1.2315331198e-03   -6.8314061838e-07
  95.0900000   -1.5366166694e-03    6.2512454954e-05    3.8661467624e-03    1.9050813055e-05   -2.7407372605e-03   -2.0173091549e-07    1.2173408766e-03   -6.0761623249e-07
  95.1000000   -1.3755835515e-03    6.8554629882e-05    3.7660433557e-03    1.8455714225e-05   -2.7303786512e-03   -2.3420166264e-07    1.2028831941e-03   -5.2759135336e-07
  95.1100000   -1.2127141799e-03    7.3691572124e-05    3.6429568427e-03    1.7694910060e-05   -2.7200076801e-03   -2.6517991051e-07    1.1882047781e-03   -4.4375768943e-07
  95.1200000   -1.0491540339e-03    7.7855007567e-05    3.4990882135e-03    1.6773852608e-05   -2.7096776573e-03   -2.9444306906e-07    1.1733508829e-03   -3.5683649260e-07
  95.1300000   -8.8613197526e-04    8.0989149016e-05    3.3369708701e-03    1.5699048390e-05   -2.6994414136e-03   -3.2177839205e-07    1.1583669890e-03   -2.6757244716e-07
  95.1400000   -7.2495960756e-04    8.3051474075e-05    3.1594222596e-03    1.4478075589e-05   -2.6893508334e-03   -3.4698461474e-07    1.1432984846e-03   -1.7672734629e-07
  95.1500000   -5.6702896909e-04    8.4013300359e-05    2.9694907381e-03    1.3119602609e-05   -2.6794563949e-03   -3.6987354122e-07    1.1281903552e-03   -8.5073638027e-08
  95.1600000   -4.1380725745e-04    8.3860261152e-05    2.7703993330e-03    1.1633392094e-05   -2.6698067223e-03   -3.9027155829e-07    1.1130868814e-03    6.6121126441e-09
  95.1700000   -2.6682864772e-04    8.2592503648e-05    2.5654861987e-03    1.0030307131e-05   -2.6604481536e-03   -4.0802106777e-07    1.0980313490e-03    9.7555791904e-08
  95.1800000   -1.2768373285e-04    8.0224784327e-05    2.3581440295e-03    8.3223081873e-06   -2.6514243276e-03   -4.2298182524e-07    1.0830657717e-03    1.8699228855e-07
  95.1900000    1.9941320626e-06    7.6786305358e-05    2.1517599379e-03    6.5224343122e-06   -2.6427757941e-03   -4.3503217771e-07    1.0682306291e-03    2.7417194015e-07
  95.2000000    1.2054537391e-04    7.2320366493e-05    1.9496559511e-03    4.6447740077e-06   -2.6345396498e-03   -4.4407017228e-07    1.0535646213e-03    3.5836687057e-07
  95.2100000    2.2630378885e-04    6.6883837765e-05    1.7550317085e-03    2.7044186521e-06   -2.6267492044e-03   -4.5001455626e-07    1.0391044421e-03    4.3887712510e-07
  95.2200000    3.1761835958e-04    6.0546535360e-05    1.5709102232e-03    7.1740194104e-07   -2.6194336781e-03   -4.5280560782e-07    1.0248845709e-03    5.1503655536e-07
  95.2300000    3.9287765214e-04    5.3390232506e-05    1.4000877659e-03   -1.2993774213e-06   -2.6126179349e-03   -4.5240584015e-07    1.0109370863e-03    5.8621842267e-07
  95.2400000    4.5053600844e-04    4.5507831614e-05    1.2450885572e-03   -3.3282467062e-06   -2.6063222528e-03   -4.4880054839e-07    9.9729150025e-04    6.5184066881e-07
  95.2500000    4.8914154568e-04    3.7002222398e-05    1.1081252190e-03   -5.3508783851e-06   -2.6005621326e-03   -4.4199817573e-07    9.8397461482e-04    7.1137077973e-07
  95.2600000    5.0736529080e-04    2.7984945821e-05    9.9106558756e-04   -7.3484190205e-06   -2.5953481490e-03   -4.3203052451e-07    9.7101040232e-04    7.6433024459e-07
  95.2700000    5.0403092093e-04    1.8574757636e-05    8.9540658223e-04   -9.3016419404e-06   -2.5906858430e-03   -4.1895278456e-07    9.5841990803e-04    8.1029854460e-07
  95.2800000    4.7814447773e-04    8.8961402544e-06    8.2225489683e-04   -1.1191124459e-05   -2.5865756572e-03   -4.0284337651e-07    9.4622117664e-04    8.4891663256e-07
  95.2900000    4.2892352382e-04   -9.2226897275e-07    7.7231420659e-04   -1.2997409966e-05   -2.5830129160e-03   -3.8380363216e-07    9.3442920206e-04    8.7988990658e-07
  95.3000000    3.5582494751e-04   -1.0749320074e-05    7.4587985087e-04   -1.4701205706e-05   -2.5799878490e-03   -3.6195727286e-07    9.2305590042e-04    9.0299061145e-07
  95.3100000    2.5857116606e-04   -2.0453053069e-05    7.4284243315e-04   -1.6283600463e-05   -2.5774856586e-03   -3.3744971974e-07    9.1211010586e-04    9.1805966961e-07
  95.3200000    1.3717350937e-04   -2.9902446013e-05    7.6269752696e-04   -1.7726273302e-05   -2.5754866304e-03   -3.1044721461e-07    9.0159758869e-04    9.2500793112e-07
  95.3300000   -8.0473472956e-06   -3.8969034820e-05    8.0456204875e-04   -1.9011713004e-05   -2.5739662870e-03   -2.8113578252e-07    8.9152109504e-04    9.2381682081e-07
  95.3400000   -1.7644502050e-04   -4.7528707122e-05    8.6719869920e-04   -2.0123451382e-05   -2.5728955825e-03   -2.4972001169e-07    8.8188040729e-04    9.1453836269e-07
  95.3500000   -3.6703515060e-04   -5.5463507158e-05    9.4904452148e-04   -2.1046282332e-05   -2.5722411360e-03   -2.1642166901e-07    8.7267242418e-04    8.9729463002e-07
  95.3600000   -5.7848816171e-04   -6.2663192941e-05    1.0482451955e-03   -2.1766470993e-05   -2.5719655040e-03   -1.8147818351e-07    8.6389125949e-04    8.7227655745e-07
  95.3700000   -8.0912749542e-04   -6.9026732816e-05    1.1626941179e-03   -2.2271975881e-05   -2.5720274869e-03   -1.4514095335e-07    8.5552835804e-04    8.3974218564e-07
  95.3800000   -1.0569326782e-03   -7.4463805118e-05    1.2900750204e-03   -2.2552647658e-05   -2.5723824697e-03   -1.0767355435e-07    8.4757262769e-04    8.0001432337e-07
  95.3900000   -1.3195494218e-03   -7.8896186458e-05    1.4279076418e-03   -2.2600416789e-05   -2.5729827910e-03   -6.9349806745e-08    8.4001058576e-04    7.5347764532e-07
  95.4000000   -1.5943052750e-03   -8.2258823591e-05    1.5735954060e-03   -2.2409464566e-05   -2.5737781409e-03   -3.0451749539e-08    8.3282651860e-04    7.0057526756e-07
  95.4100000   -1.8782320136e-03   -8.4500896608e-05    1.7244743497e-03   -2.1976373275e-05   -2.5747159805e-03    8.7324889195e-09    8.2600265238e-04    6.4180480358e-07
  95.4200000   -2.1680935091e-03   -8.5586681074e-05    1.8778623435e-03   -2.1300253014e-05   -2.5757419830e-03    4.7910871709e-08    8.1951933374e-04    5.7771397593e-07
  95.4300000   -2.4604199497e-03   -8.5496179693e-05    2.0311075209e-03   -2.0382841760e-05   -2.5768004904e-03    8.6789716015e-08    8.1335521854e-04    5.0889577410e-07
  95.4400000   -2.7515475411e-03   -8.4225571549e-05    2.1816351750e-03   -1.9228581347e-05   -2.5778349830e-03    1.2507597734e-07    8.0748746694e-04    4.3598322830e-07
  95.4500000   -3.0376635918e-03   -8.1787261118e-05    2.3269924855e-03   -1.7844657839e-05   -2.5787885571e-03    1.6247956119e-07    8.0189194329e-04    3.5964384286e-07
  95.4600000   -3.3148562931e-03   -7.8210011064e-05    2.4648900281e-03   -1.6241010229e-05   -2.5796044081e-03    1.9871563863e-07    7.9654341899e-04    2.8057373124e-07
  95.4700000   -3.5791686239e-03   -7.3538682779e-05    2.5932393116e-03   -1.4430306290e-05   -2.5802263135e-03    2.3350693401e-07    7.9141577677e-04    1.9949148961e-07
  95.4800000   -3.8266554236e-03   -6.7833683317e-05    2.7101858168e-03   -1.2427880893e-05   -2.5805991123e-03    2.6658598078e-07    7.8648221475e-04    1.1713190150e-07
  95.4900000   -4.0534432872e-03   -6.1170207634e-05    2.8141368418e-03   -1.0251640496e-05   -2.5806691773e-03    2.9769733242e-07    7.8171544868e-04    3.4239482003e-08
  95.5000000   -4.2557920052e-03   -5.3637328686e-05    2.9037836510e-03   -7.9219286922e-06   -2.5803848760e-03    3.2659967435e-07    7.7708791089e-04   -4.8438058721e-08
  95.5100000   -4.4301565560e-03   -4.5336879244e-05    2.9781173497e-03   -5.4613706085e-06   -2.5796970151e-03    3.5306786060e-07    7.7257194463e-04   -1.3015636388e-07
  95.5200000   -4.5732486104e-03   -3.6382107863e-05    3.0364400278e-03   -2.8946859314e-06   -2.5785592671e-03    3.7689483030e-07    7.6813999218e-04   -2.1018097270e-07
  95.5300000   -4.6820966514e-03   -2.6896045443e-05    3.0783685807e-03   -2.4844559316e-07   -2.5769285733e-03    3.9789339450e-07    7.6376477582e-04   -2.8779376524e-07
  95.5400000   -4.7541033701e-03   -1.7009833851e-05    3.1038321040e-03    2.4491891160e-06   -2.5747655212e-03    4.1589787416e-07    7.5941947028e-04   -3.6229925534e-07
  95.5500000   -4.7870996473e-03   -6.8609862655e-06    3.1130633044e-03    5.1687558306e-06   -2.5720346919e-03    4.3076557638e-07    7.5507786566e-04   -4.3303070630e-07
  95.5600000   -4.7793936248e-03    3.4086571444e-06    3.1065839143e-03    7.8798226469e-06   -2.5687049762e-03    4.4237810456e-07    7.5071452007e-04   -4.9935599279e-07
  95.5700000   -4.7298139245e-03    1.3654824583e-05    3.0851844628e-03    1.0551319482e-05   -2.5647498547e-03    4.5064245291e-07    7.4630490096e-04   -5.6068314532e-07
  95.5800000   -4.6377461732e-03    2.3732844594e-05    3.0498990976e-03    1.3151880888e-05   -2.5601476412e-03    4.5549192820e-07    7.4182551454e-04   -6.1646556103e-07
  95.5900000   -4.5031620388e-03    3.3499785346e-05    3.0019770126e-03    1.5650221332e-05   -2.5548816866e-03    4.5688683996e-07    7.3725402283e-04   -6.6620682514e-07
  95.6000000   -4.3266397551e-03    4.2816510587e-05    2.9428487088e-03    1.8015528024e-05   -2.5489405413e-03    4.5481498297e-07    7.3256934768e-04   -7.0946506674e-07
  95.6100000   -4.1093757225e-03    5.1549595386e-05    2.8740896899e-03    2.0217835767e-05   -2.5423180751e-03    4.4929188642e-07    7.2775176175e-04   -7.4585687618e-07
  95.6200000   -3.8531865515e-03    5.9573307292e-05    2.7973823759e-03    2.2228405209e-05   -2.5350135537e-03    4.4036083307e-07    7.2278296597e-04   -7.7506068520e-07
  95.6300000   -3.5605011485e-03    6.6771434537e-05    2.7144764954e-03    2.4020108100e-05   -2.5270316708e-03    4.2809264455e-07    7.1764615361e-04   -7.9681961500e-07
  95.6400000   -3.2343429195e-03    7.3038973029e-05    2.6271495843e-03    2.5567793076e-05   -2.5183825347e-03    4.1258524601e-07    7.1232606093e-04   -8.1094376404e-07
  95.6500000   -2.8783018904e-03    7.8283679009e-05    2.5371674708e-03    2.6848631183e-05   -2.5090816113e-03    3.9396297974e-07    7.0680900460e-04   -8.1731190326e-07
  95.6600000   -2.4964968141e-03    8.2427467531e-05    2.4462466863e-03    2.7842444530e-05   -2.4991496224e-03    3.7237570114e-07    7.0108290607e-04   -8.1587257326e-07
  95.6700000   -2.0935283163e-03    8.5407605609e-05    2.3560192773e-03    2.8532008577e-05   -2.4886123998e-03    3.4799764590e-07    6.9513730351e-04   -8.0664457373e-07
  95.6800000   -1.6744224541e-03    8.7177766420e-05    2.2680002368e-03    2.8903324503e-05   -2.4775006984e-03    3.2102609437e-07    6.8896335144e-04   -7.8971681540e-07
  95.6900000   -1.2445660596e-03    8.7708723134e-05    2.1835589810e-03    2.8945858597e-05   -2.4658499671e-03    2.9167981712e-07    6.8255380891e-04   -7.6524759798e-07
  95.7000000   -8.0963462658e-04    8.6988883888e-05    2.1038954571e-03    2.8652741922e-05   -2.4537000813e-03    2.6019732844e-07    6.7590301669e-04   -7.3346323424e-07
  95.7100000   -3.7551372338e-04    8.5024530823e-05    2.0300209183e-03    2.8020929991e-05   -2.4410950380e-03    2.2683496786e-07    6.6900686422e-04   -6.9465609716e-07
  95.7200000    5.1784819187e-05    8.1839908235e-05    1.9627440274e-03    2.7051317606e-05   -2.4280826170e-03    1.9186481564e-07    6.6186274707e-04   -6.4918207991e-07
  95.7300000    4.6621081849e-04    7.7476780808e-05    1.9026625762e-03    2.5748808282e-05   -2.4147140095e-03    1.5557245007e-07    6.5446951577e-04   -5.9745750406e-07
  95.7400000    8.6176608081e-04    7.1994273493e-05    1.8501605869e-03    2.4122339852e-05   -2.4010434186e-03    1.1825458269e-07    6.4682741680e-04   -5.3995546903e-07
  95.7500000    1.2325966422e-03    6.5468095670e-05    1.8054110994e-03    2.2184855271e-05   -2.3871276338e-03    8.0216584263e-08    6.3893802667e-04   -4.7720172822e-07
  95.7600000    1.5730843573e-03    5.7989514225e-05    1.7683840133e-03    1.9953222573e-05   -2.3730255833e-03    4.1769922886e-08    6.3080417997e-04   -4.0977006929e-07
  95.7700000    1.8779368886e-03    4.9664040902e-05    1.7388585507e-03    1.7448117883e-05   -2.3587978682e-03    3.2295219216e-09    6.2242989235e-04   -3.3827728375e-07
  95.7800000    2.1422745332e-03    4.0610045808e-05    1.7164408069e-03    1.4693850232e-05   -2.3445062815e-03   -3.5088907265e-08    6.1382027924e-04   -2.6337774463e-07
  95.7900000    2.3617126542e-03    3.0957014327e-05    1.7005850208e-03    1.1718170174e-05   -2.3302133165e-03   -7.2871570391e-08    6.0498147145e-04   -1.8575764400e-07
  95.8000000    2.5324377898e-03    2.0843772572e-05    1.6906181292e-03    8.5519955334e-06   -2.3159816683e-03   -1.0980928190e-07    5.9592052827e-04   -1.0612895028e-07
  95.8100000    2.6512761321e-03    1.0416585699e-05    1.6857674132e-03    5.2291181515e-06   -2.3018737324e-03   -1.4560013655e-07    5.8664534918e-04   -2.5223118293e-08
  95.8200000    2.7157536796e-03   -1.7298181169e-07    1.6851877688e-03    1.7858454691e-06   -2.2879511046e-03   -1.7995213293e-07    5.7716458488e-04    5.6215376114e-08
  95.8300000    2.7241463082e-03   -1.0770287392e-05    1.6879917940e-03   -1.7393737356e-06   -2.2742740860e-03   -2.1258571102e-07    5.6748754854e-04    1.3743562133e-07
  95.8400000    2.6755190799e-03   -2.1219894033e-05    1.6932800738e-03   -5.3063848522e-06   -2.2609011981e-03   -2.4323620682e-07    5.5762412790e-04    2.1768693744e-07
  95.8500000    2.5697540808e-03   -3.1367874663e-05    1.7001718670e-03   -8.8737445497e-06   -2.2478887100e-03   -2.7165618874e-07    5.4758469906e-04    2.9622553840e-07
  95.8600000    2.4075661399e-03   -4.1064275749e-05    1.7078329036e-03   -1.2399172445e-05   -2.2352901838e-03   -2.9761762575e-07    5.3738004260e-04    3.7232114436e-07
  95.8700000    2.1905056320e-03   -5.0165343254e-05    1.7155015328e-03   -1.5840035534e-05   -2.2231560402e-03   -3.2091393601e-07    5.2702126250e-04    4.4526350926e-07
  95.8800000    1.9209478224e-03   -5.8535683035e-05    1.7225119671e-03   -1.9153852155e-05   -2.2115331485e-03   -3.4136182159e-07    5.1651970856e-04    5.1436875708e-07
  95.8900000    1.6020701521e-03   -6.6050533489e-05    1.7283143126e-03   -2.2298792125e-05   -2.2004644445e-03   -3.5880291673e-07    5.0588690260e-04    5.7898551190e-07
  95.9000000    1.2378160618e-03   -7.2597700518e-05    1.7324910240e-03   -2.5234182320e-05   -2.1899885794e-03   -3.7310521686e-07    4.9513446908e-04    6.3850075291e-07
  95.9100000    8.3284630344e-04   -7.8079386400e-05    1.7347689222e-03   -2.7921011300e-05   -2.1801396014e-03   -3.8416429536e-07    4.8427407013e-04    6.9234534564e-07
  95.9200000    3.9247823291e-04   -8.2413626202e-05    1.7350267250e-03   -3.0322425652e-05   -2.1709466750e-03   -3.9190424684e-07    4.7331734555e-04    7.3999919055e-07
  95.9300000   -7.7385827222e-05   -8.5535575186e-05    1.7332980109e-03   -3.2404213035e-05   -2.1624338374e-03   -3.9627841013e-07    4.6227585778e-04    7.8099596052e-07
  95.9400000   -5.7034068957e-04   -8.7398564412e-05    1.7297694810e-03   -3.4135266850e-05   -2.1546197967e-03   -3.9726981453e-07    4.5116104197e-04    8.1492736951e-07
  95.9500000   -1.0795694548e-03   -8.7975108119e-05    1.7247747347e-03   -3.5488024396e-05   -2.1475177710e-03   -3.9489136693e-07    4.3998416131e-04    8.4144693878e-07
  95.9600000   -1.5979421681e-03   -8.7256977220e-05    1.7187833249e-03   -3.6438873582e-05   -2.1411353722e-03   -3.8918576634e-07    4.2875626744e-04    8.6027325117e-07
  95.9700000   -2.1181203570e-03   -8.5255618915e-05    1.7123857912e-03   -3.6968524768e-05   -2.1354745336e-03   -3.8022515287e-07    4.1748816595e-04    8.7119259195e-07
  95.9800000   -2.6326668609e-03   -8.2001922344e-05    1.7062749338e-03   -3.7062337997e-05   -2.1305314822e-03   -3.6811048807e-07    4.0619038684e-04    8.7406106469e-07
  95.9900000   -3.1341582704e-03   -7.7545707387e-05    1.7012237216e-03   -3.6710605035e-05   -2.1262967575e-03   -3.5297066753e-07    3.9487315966e-04    8.6880604062e-07
  96.0000000   -3.6152985412e-03   -7.1954856044e-05    1.6980603724e-03   -3.5908760868e-05   -2.1227552740e-03   -3.3496138234e-07    3.8354639325e-04    8.5542703526e-07
  96.0100000   -4.0690317085e-03   -6.5314338053e-05    1.6976411283e-03   -3.4657588617e-05   -2.1198864294e-03   -3.1426372491e-07    3.7221965961e-04    8.3399591517e-07
  96.0200000   -4.4886516887e-03   -5.7724848361e-05    1.7008214176e-03   -3.2963345723e-05   -2.1176642562e-03   -2.9108257374e-07    3.6090218169e-04    8.0465650494e-07
  96.0300000   -4.8679082761e-03   -4.9301261321e-05    1.7084260860e-03   -3.0837804348e-05   -2.1160576157e-03   -2.6564472467e-07    3.4960282479e-04    7.6762352997e-07
  96.0400000   -5.2011065574e-03   -4.0170863831e-05    1.7212202706e-03   -2.8298239691e-05   -2.1150304333e-03   -2.3819684719e-07    3.3833009103e-04    7.2318096713e-07
  96.0500000   -5.4831981517e-03   -3.0471288631e-05    1.7398802348e-03   -2.5367359495e-05   -2.1145419729e-03   -2.0900323833e-07    3.2709211668e-04    6.7167977336e-07
  96.0600000   -5.7098631127e-03   -2.0348452126e-05    1.7649654701e-03   -2.2073165696e-05   -2.1145471484e-03   -1.7834338882e-07    3.1589667181e-04    6.1353500570e-07
  96.0700000   -5.8775807588e-03   -9.9543577466e-06    1.7968931583e-03   -1.8448712695e-05   -2.1149968687e-03   -1.4650943451e-07    3.0475116197e-04    5.4922240770e-07
  96.0800000   -5.9836881426e-03    5.5535612863e-07    1.8359151620e-03   -1.4531827120e-05   -2.1158384161e-03   -1.1380344966e-07    2.9366263129e-04    4.7927443370e-07
  96.0900000   -6.0264253291e-03    1.1023693677e-05    1.8820972315e-03   -1.0364800734e-05   -2.1170158514e-03   -8.0534662249e-08    2.8263776685e-04    4.0427577033e-07
  96.1000000   -6.0049665099e-03    2.1294725578e-05    1.9353032670e-03   -5.9939543785e-06   -2.1184704459e-03   -4.7016575660e-08    2.7168290368e-04    3.2485840551e-07
  96.1100000   -5.9194363956e-03    3.1215936057e-05    1.9951864330e-03   -1.4691665527e-06   -2.1201411344e-03   -1.3564053203e-08    2.6080403024e-04    2.4169625847e-07
  96.1200000   -5.7709114316e-03    4.0640560172e-05    2.0611817296e-03    3.1566596590e-06   -2.1219649869e-03    1.9509629721e-08    2.5000679376e-04    1.5549943112e-07
  96.1300000   -5.5614057213e-03    4.9429781351e-05    2.1325043399e-03    7.8281665482e-06   -2.1238776948e-03    5.1895721491e-08    2.3929650538e-04    6.7008142894e-08
  96.1400000   -5.2938419174e-03    5.7454698564e-05    2.2081540879e-03    1.2488166253e-05   -2.1258140676e-03    8.3292907518e-08    2.2867814456e-04   -2.3013623145e-08
  96.1500000   -4.9720078277e-03    6.4598368390e-05    2.2869258586e-03    1.7078306287e-05   -2.1277085365e-03    1.1341015645e-07    2.1815636270e-04   -1.1378468910e-07
  96.1600000   -4.6004991574e-03    7.0757429331e-05    2.3674255107e-03    2.1539769280e-05   -2.1294956601e-03    1.4196948040e-07    2.0773548552e-04   -2.0451342938e-07
  96.1700000   -4.1846493111e-03    7.5843559664e-05    2.4480906393e-03    2.5813997794e-05   -2.1311106297e-03    1.6870858878e-07    1.9741951423e-04   -2.9440460116e-07
  96.1800000   -3.7304474564e-03    7.9784888939e-05    2.5272173638e-03    2.9843438033e-05   -2.1324897683e-03    1.9338340583e-07    1.8721212523e-04   -3.8266625529e-07
  96.1900000   -3.2444460769e-03    8.2526988737e-05    2.6029914506e-03    3.3572292474e-05   -2.1335710205e-03    2.1577040762e-07    1.7711666818e-04   -4.6851660693e-07
  96.2000000   -2.7336597197e-03    8.4033636369e-05    2.6735241734e-03    3.6947272364e-05   -2.1342944299e-03    2.3566879916e-07    1.6713616259e-04   -5.5119084542e-07
  96.2100000   -2.2054564485e-03    8.4287327065e-05    2.7368919030e-03    3.9918341591e-05   -2.1346025981e-03    2.5290246439e-07    1.5727329264e-04   -6.2994781847e-07
  96.2200000   -1.6674443227e-03    8.3289499237e-05    2.7911784887e-03    4.2439440296e-05   -2.1344411246e-03    2.6732169705e-07    1.4753040052e-04   -7.0407651967e-07
  96.2300000   -1.1273541406e-03    8.1060482205e-05    2.8345198813e-03    4.4469179579e-05   -2.1337590218e-03    2.7880469289e-07    1.3790947823e-04   -7.7290233900e-07
  96.2400000   -5.9292064288e-04    7.7639096997e-05    2.8651498454e-03    4.5971497345e-05   -2.1325091026e-03    2.8725876778e-07    1.2841215796e-04   -8.3579300314e-07
  96.2500000   -7.1764499686e-05    7.3082170114e-05    2.8814458220e-03    4.6916265218e-05   -2.1306483384e-03    2.9262131535e-07    1.1903970123e-04   -8.9216416960e-07
  96.2600000    4.2872391036e-04    6.7463504145e-05    2.8819738392e-03    4.7279834753e-05   -2.1281381834e-03    2.9486046998e-07    1.0979298700e-04   -9.4148462562e-07
  96.2700000    9.0149656950e-04    6.0872971305e-05    2.8655314799e-03    4.7045493148e-05   -2.1249448634e-03    2.9397549353e-07    1.0067249898e-04   -9.8328102309e-07
  96.2800000    1.3399539764e-03    5.3414767467e-05    2.8311877066e-03    4.6203905236e-05   -2.1210396273e-03    2.8999684226e-07    9.1678312355e-05   -1.0171421526e-06
  96.2900000    1.7380434152e-03    4.5205800648e-05    2.7783183881e-03    4.4753432046e-05   -2.1163989583e-03    2.8298595571e-07    8.2810080281e-05   -1.0427226630e-06
  96.3000000    2.0903481716e-03    3.6373893623e-05    2.7066365594e-03    4.2700335184e-05   -2.1110047445e-03    2.7303472703e-07    7.4067020349e-05   -1.0597462423e-06
  96.3100000    2.3921663774e-03    2.7055665753e-05    2.6162167834e-03    4.0058909507e-05   -2.1048444062e-03    2.6026468959e-07    6.5447901467e-05   -1.0680082045e-06
  96.3200000    2.6395779534e-03    1.7394585497e-05    2.5075141449e-03    3.6851517611e-05   -2.0979109809e-03    2.4482590482e-07    5.6951031429e-05   -1.0673774684e-06
  96.3300000    2.8294991275e-03    7.5386267421e-06    2.3813748470e-03    3.3108473135e-05   -2.0902031637e-03    2.2689557815e-07    4.8574245521e-05   -1.0577979075e-06
  96.3400000    2.9597233069e-03   -2.3620701070e-06    2.2390355071e-03    2.8867841670e-05   -2.0817253036e-03    2.0667638075e-07    4.0314896528e-05   -1.0392890579e-06
  96.3500000    3.0289480089e-03   -1.2157557409e-05    2.0821167994e-03    2.4175143259e-05   -2.0724873563e-03    1.8439454125e-07    3.2169846478e-05   -1.0119461877e-06
  96.3600000    3.0367872028e-03   -2.1700438288e-05    1.9126095767e-03    1.9082918795e-05   -2.0625047934e-03    1.6029768243e-07    2.4135460451e-05   -9.7593969996e-07
  96.3700000    2.9837695875e-03   -3.0848275590e-05    1.7328514908e-03    1.3650232276e-05   -2.0517984693e-03    1.3465243502e-07    1.6207602824e-05   -9.3151392235e-07
  96.3800000    2.8713221892e-03   -3.9465807069e-05    1.5454951273e-03    7.9420301177e-06   -2.0403944463e-03    1.0774186108e-07    8.3816362009e-06   -8.7898522819e-07
  96.3900000    2.7017401892e-03   -4.7427022032e-05    1.3534683649e-03    2.0284042214e-06   -2.0283237807e-03    7.9862687615e-08    6.5242335952e-07   -8.1873955876e-07
  96.4000000    2.4781434667e-03   -5.4617035002e-05    1.1599272557e-03   -4.0162262661e-06   -2.0156222700e-03    5.1322404606e-08   -6.9856675318e-06   -7.5122935512e-07
  96.4100000    2.2044204994e-03   -6.0933851519e-05    9.6820247255e-04   -1.0114019534e-05   -2.0023301655e-03    2.2436221382e-08   -1.4538754243e-05   -6.7696988866e-07
  96.4200000    1.8851607156e-03   -6.6289881851e-05    7.8174038479e-04   -1.6184688547e-05   -1.9884918506e-03   -6.4760598242e-09   -2.2013428080e-05   -5.9653508427e-07
  96.4300000    1.5255760718e-03   -7.0613088828e-05    6.0403954805e-04   -2.2146538959e-05   -1.9741554888e-03   -3.5093244339e-08   -2.9416737685e-05   -5.1055282054e-07
  96.4400000    1.1314136865e-03   -7.3848247362e-05    4.3858402606e-04   -2.7917554676e-05   -1.9593726441e-03   -6.3095978950e-08   -3.6756168836e-05   -4.1969975705e-07
  96.4500000    7.0886112170e-04   -7.5957482652e-05    2.8877457453e-04   -3.3416515587e-05   -1.9441978760e-03   -9.0170000664e-08   -4.4039620260e-05   -3.2469576617e-07
  96.4600000    2.6444517862e-04   -7.6920494202e-05    1.5785943231e-04   -3.8564136901e-05   -1.9286883143e-03   -1.1600934115e-07   -5.1275375349e-05   -2.2629795696e-07
  96.4700000   -1.9507273491e-04   -7.6734738906e-05    4.8866020619e-05   -4.3284209084e-05   -1.9129032150e-03   -1.4031949454e-07   -5.8472069876e-05   -1.2529440578e-07
  96.4800000   -6.6280408877e-04   -7.5415341239e-05   -3.5465199859e-05   -4.7504718796e-05   -1.8969035026e-03   -1.6282048246e-07   -6.5638655712e-05   -2.2497610485e-08
  96.4900000   -1.1318417068e-03   -7.2994560700e-05   -9.2743186949e-05   -5.1158939504e-05   -1.8807513010e-03   -1.8324980999e-07   -7.2784360723e-05    8.1262285458e-08
  96.5000000   -1.5953668097e-03   -6.9521020646e-05   -1.2098356871e-04   -5.4186483424e-05   -1.8645094582e-03   -2.0136527248e-07   -7.9918644952e-05    1.8514440722e-07
  96.5100000   -2.0467531024e-03   -6.5058685267e-05   -1.1865973134e-04   -5.6534307023e-05   -1.8482410676e-03   -2.1694757948e-07   -8.7051153350e-05    2.8830416020e-07
  96.5200000   -2.4796663133e-03   -5.9685684401e-05   -8.4746498184e-05   -5.8157617384e-05   -1.8320089897e-03   -2.2980278357e-07   -9.4191665268e-05    3.8990028773e-07
  96.5300000   -2.8881574164e-03   -5.3492935964e-05   -1.8755181535e-05   -5.9020679526e-05   -1.8158753788e-03   -2.3976447735e-07   -1.0135004106e-04    4.8910189660e-07
  96.5400000   -3.2667479206e-03   -4.6582550202e-05    7.9240517676e-05   -5.9097527020e-05   -1.7999012171e-03   -2.4669573721e-07   -1.0853616606e-04    5.8509540250e-07
  96.5500000   -3.6105057589e-03   -3.9066086508e-05    2.0858867758e-04   -5.8372544418e-05   -1.7841458609e-03   -2.5049079549e-07   -1.1575989248e-04    6.7709132617e-07
  96.5600000   -3.9151114288e-03   -3.1062743631e-05    3.6805441820e-04   -5.6840924940e-05   -1.7686666020e-03   -2.5107641780e-07   -1.2303097941e-04    7.6433090313e-07
  96.5700000   -4.1769130541e-03   -2.2697456766e-05    5.5582551347e-04   -5.4508984045e-05   -1.7535182477e-03   -2.4841298333e-07   -1.3035903160e-04    8.4609242333e-07
  96.5800000   -4.3929686674e-03   -1.4098744755e-05    7.6952957613e-04   -5.1394323557e-05   -1.7387527217e-03   -2.4249522386e-07   -1.3775343737e-04    9.2169726116e-07
  96.5900000   -4.5610765783e-03   -5.3967911500e-06    1.0062608052e-03   -4.7525844129e-05   -1.7244186913e-03   -2.3335264874e-07   -1.4522330617e-04    9.9051555033e-07
  96.6000000   -4.6797927594e-03    3.2785148154e-06    1.2626180560e-03   -4.2943555983e-05   -1.7105612203e-03   -2.2104962212e-07   -1.5277740636e-04    1.0519714351e-06
  96.6100000   -4.7484353931e-03    1.1799675096e-05    1.5347522617e-03   -3.7698283743e-05   -1.6972214530e-03   -2.0568509838e-07   -1.6042410366e-04    1.1055478890e-06
  96.6200000   -4.7670772805e-03    2.0043345093e-05    1.8184252356e-03   -3.1851201222e-05   -1.6844363302e-03   -1.8739201155e-07   -1.6817130085e-04    1.1507910110e-06
  96.6300000   -4.7365258375e-03    2.7892028128e-05    2.1090770033e-03   -2.5473187445e-05   -1.6722383395e-03   -1.6633632390e-07   -1.7602637937e-04    1.1873138120e-06
  96.6400000   -4.6582921953e-03    3.5235970552e-05    2.4018980053e-03   -1.8644035214e-05   -1.6606553010e-03   -1.4271573717e-07   -1.8399614314e-04    1.2147994302e-06
  96.6500000   -4.5345490940e-03    4.1974765410e-05    2.6919089747e-03   -1.1451513428e-05   -1.6497101916e-03   -1.1675807646e-07   -1.9208676534e-04    1.2330037499e-06
  96.6600000   -4.3680793508e-03    4.8018474008e-05    2.9740451370e-03   -3.9902887971e-06   -1.6394210064e-03   -8.8719357676e-08   -2.0030373852e-04    1.2417574242e-06
  96.6700000   -4.1622160223e-03    5.3288738670e-05    3.2432445291e-03    3.6392800904e-06   -1.6298006603e-03   -5.8881545104e-08   -2.0865182871e-04    1.2409672606e-06
  96.6800000   -3.9207757403e-03    5.7719966722e-05    3.4945380928e-03    1.1332457665e-05   -1.6208569290e-03   -2.7550050348e-08   -2.1713503373e-04    1.2306169614e-06
  96.6900000   -3.6479861301e-03    6.1260159190e-05    3.7231396608e-03    1.8981544008e-05   -1.6125924301e-03    4.9490595717e-09   -2.2575654644e-04    1.2107672396e-06
  96.7000000   -3.3484091431e-03    6.3871245140e-05    3.9245349451e-03    2.6477365699e-05   -1.6050046438e-03    3.8272076475e-08   -2.3451872316e-04    1.1815552741e-06
  96.7100000   -3.0268615508e-03    6.5529499236e-05    4.0945672334e-03    3.3710825151e-05   -1.5980859728e-03    7.2060871693e-08   -2.4342305769e-04    1.1431935379e-06
  96.7200000   -2.6883339888e-03    6.6225629924e-05    4.2295189698e-03    4.0574487267e-05   -1.5918238406e-03    1.0594632252e-07   -2.5247016120e-04    1.0959679925e-06
  96.7300000   -2.3379102445e-03    6.5964612036e-05    4.3261868959e-03    4.6964180261e-05   -1.5862008279e-03    1.3955185868e-07   -2.6165974834e-04    1.0402356705e-06
  96.7400000   -1.9806879744e-03    6.4765281877e-05    4.3819494841e-03    5.2780587609e-05   -1.5811948440e-03    1.7249716372e-07   -2.7099062979e-04    9.7642168939e-07
  96.7500000   -1.6217023275e-03    6.2660099246e-05    4.3948253039e-03    5.7930805863e-05   -1.5767793332e-03    2.0440193634e-07   -2.8046071139e-04    9.0501567129e-07
  96.7600000   -1.2658533460e-03    5.9694279534e-05    4.3635210926e-03    6.2329842539e-05   -1.5729235138e-03    2.3488971638e-07   -2.9006699987e-04    8.2656766391e-07
  96.7700000   -9.1783841596e-04    5.5924837690e-05    4.2874684266e-03    6.5902029436e-05   -1.5695926468e-03    2.6359172136e-07   -2.9980561555e-04    7.4168355149e-07
  96.7800000   -5.8209035141e-04    5.1419514138e-05    4.1668481329e-03    6.8582349579e-05   -1.5667483334e-03    2.9015066456e-07   -3.0967181163e-04    6.5102001590e-07
  96.7900000   -2.6272231694e-04    4.6255467765e-05    4.0026017347e-03    7.0317628089e-05   -1.5643488374e-03    3.1422451114e-07   -3.1966000022e-04    5.5527907971e-07
  96.8000000    3.6520418251e-05    4.0518081078e-05    3.7964294552e-03    7.1067563666e-05   -1.5623494304e-03    3.3549015193e-07   -3.2976378504e-04    4.5520231113e-07
  96.8100000    3.1230053107e-04    3.4299599819e-05    3.5507740950e-03    7.0805561237e-05   -1.5607027569e-03    3.5364692266e-07   -3.3997600046e-04    3.5156467727e-07
  96.8200000    5.6172084039e-04    2.7697249582e-05    3.2687924871e-03    6.9519418357e-05   -1.5593592161e-03    3.6841998516e-07   -3.5028875671e-04    2.4516818623e-07
  96.8300000    7.8234859228e-04    2.0811565203e-05    2.9543130223e-03    6.7211805303e-05   -1.5582673571e-03    3.7956349132e-07   -3.6069349097e-04    1.3683527519e-07
  96.8400000    9.7223143317e-04    1.3745240327e-05    2.6117804800e-03    6.3900508780e-05   -1.5573742856e-03    3.8686351108e-07   -3.7118102403e-04    2.7402094411e-08
  96.8500000    1.1299051614e-03    6.6015265046e-06    2.2461913577e-03    5.9618464805e-05   -1.5566260763e-03    3.9014071232e-07   -3.8174162199e-04   -8.2288330251e-08
  96.8600000    1.2543941069e-03   -5.1737762997e-07    1.8630118577e-03    5.4413555563e-05   -1.5559681904e-03    3.8925273492e-07   -3.9236506274e-04   -1.9139295009e-07
  96.8700000    1.3452036622e-03   -7.5119127161e-06    1.4680908938e-03    4.8348167714e-05   -1.5553458932e-03    3.8409625226e-07   -4.0304070654e-04   -2.9907553861e-07
  96.8800000    1.4023059274e-03   -1.4286547831e-05    1.0675648734e-03    4.1498527435e-05   -1.5547046696e-03    3.7460868167e-07   -4.1375757029e-04   -4.0451342449e-07
  96.8900000    1.4261199105e-03   -2.0751036066e-05    6.6775627856e-04    3.3953802306e-05   -1.5539906330e-03    3.6076954466e-07   -4.2450440484e-04   -5.0690411398e-07
  96.9000000    1.4174851264e-03   -2.6821530460e-05    2.7506720309e-04    2.5814997671e-05   -1.5531509263e-03    3.4260142875e-07   -4.3526977481e-04   -6.0547169983e-07
  96.9100000    1.3776303009e-03   -3.2421598979e-05   -1.0413036685e-04    1.7193643926e-05   -1.5521341101e-03    3.2017056614e-07   -4.4604214022e-04   -6.9947303012e-07
  96.9200000    1.3081384002e-03   -3.7483136528e-05   -4.6360490914e-04    8.2102888490e-06   -1.5508905366e-03    2.9358700319e-07   -4.5680993932e-04   -7.8820356969e-07
  96.9300000    1.2109077207e-03   -4.1947107570e-05   -7.9737413017e-04   -1.0071729798e-06   -1.5493727061e-03    2.6300434748e-07   -4.6756167199e-04   -8.7100292760e-07
  96.9400000    1.0881105562e-03   -4.5764201996e-05   -1.0998105370e-03   -1.0325311909e-05   -1.5475356025e-03    2.2861910668e-07   -4.7828598294e-04   -9.4725996899e-07
  96.9500000    9.4214978230e-04   -4.8895145618e-05   -1.3657419301e-03   -1.9607098173e-05   -1.5453370075e-03    1.9066960498e-07   -4.8897174417e-04   -1.0164175255e-06
  96.9600000    7.7561507795e-04   -5.1310999502e-05   -1.5905445320e-03   -2.8713925801e-05   -1.5427377889e-03    1.4943448350e-07   -4.9960813581e-04   -1.0779765964e-06
  96.9700000    5.9123869716e-04   -5.2993204244e-05   -1.7702273141e-03   -3.7507696272e-05   -1.5397021629e-03    1.0523080407e-07   -5.1018472490e-04   -1.1315000765e-06
  96.9800000    3.9185203107e-04   -5.3933536806e-05   -1.9015058910e-03   -4.5852928765e-05   -1.5361979277e-03    5.8411747748e-08   -5.2069154136e-04   -1.1766159314e-06
  96.9900000    1.8034339006e-04   -5.4133940341e-05   -1.9818644127e-03   -5.3618873162e-05   -1.5321966672e-03    9.3639498456e-09   -5.3111915053e-04   -1.2130198290e-06
  97.0000000   -4.0382158862e-05   -5.3606244414e-05   -2.0096042136e-03   -6.0681572175e-05   -1.5276739233e-03   -4.1495537786e-08   -5.4145872169e-04   -1.2404771793e-06
  97.0100000   -2.6743977642e-04   -5.2371761791e-05   -1.9838784303e-03   -6.6925867729e-05   -1.5226093360e-03   -9.3722614796e-08   -5.5170209199e-04   -1.2588246016e-06
  97.0200000   -4.9799917381e-04   -5.0460577846e-05   -1.9047119866e-03   -7.2247308387e-05   -1.5169867508e-03   -1.4684980687e-07   -5.6184182521e-04   -1.2679707802e-06
  97.0300000   -7.2931575624e-04   -4.7911047738e-05   -1.7730062843e-03   -7.6553905929e-05   -1.5107942922e-03   -2.0039022157e-07   -5.7187126504e-04   -1.2678967237e-06
  97.0400000   -9.5875722248e-04   -4.4769024219e-05   -1.5905284635e-03   -7.9767732824e-05   -1.5040244038e-03   -2.5384175353e-07   -5.8178458211e-04   -1.2586554182e-06
  97.0500000   -1.1838263309e-03   -4.1086956753e-05   -1.3598856882e-03   -8.1826331230e-05   -1.4966738547e-03   -3.0669150198e-07   -5.9157681481e-04   -1.2403708981e-06
  97.0600000   -1.4021792519e-03   -3.6923128142e-05   -1.0844848253e-03   -8.2683906744e-05   -1.4887437123e-03   -3.5842036488e-07   -6.0124390314e-04   -1.2132367254e-06
  97.0700000   -1.6116402998e-03   -3.2340802778e-05   -7.6847775773e-04   -8.2312279262e-05   -1.4802392832e-03   -4.0850775936e-07   -6.1078271565e-04   -1.1775139058e-06
  97.0800000   -1.8102120956e-03   -2.7407252726e-05   -4.1669345631e-04   -8.0701579232e-05   -1.4711700211e-03   -4.5643644364e-07   -6.2019106897e-04   -1.1335282639e-06
  97.0900000   -1.9960825893e-03   -2.2192746429e-05   -3.4558743698e-05   -7.7860666722e-05   -1.4615494044e-03   -5.0169740285e-07   -6.2946774010e-04   -1.0816673147e-06
  97.1000000   -2.1676284943e-03   -1.6769531861e-05    3.7199124616e-04   -7.3817273322e-05   -1.4513947844e-03   -5.4379470978e-07   -6.3861247096e-04   -1.0223766186e-06
  97.1100000   -2.3234157702e-03   -1.1210855804e-05    7.9661184697e-04   -6.8617853248e-05   -1.4407272050e-03   -5.8225038073e-07   -6.4762596557e-04   -9.5615571131e-07
  97.1200000   -2.4621981449e-03   -5.5900264521e-06    1.2326530472e-03   -6.2327142334e-05   -1.4295711961e-03   -6.1660913439e-07   -6.5650987961e-04   -8.8355361897e-07
  97.1300000   -2.5829128917e-03    2.0566239281e-08    1.6732714222e-03   -5.5027420131e-05   -1.4179545428e-03   -6.4644302357e-07   -6.6526680256e-04   -8.0516397918e-07
  97.1400000   -2.6846755210e-03    5.5502448960e-06    2.1115462256e-03   -4.6817507280e-05   -1.4059080319e-03   -6.7135591426e-07   -6.7390023262e-04   -7.2161987622e-07
  97.1500000   -2.7667741383e-03    1.0930765327e-05    2.5405929844e-03   -3.7811477489e-05   -1.3934651782e-03   -6.9098771630e-07   -6.8241454462e-04   -6.3358834755e-07
  97.1600000   -2.8286634161e-03    1.6097273486e-05    2.9536777060e-03   -2.8137111801e-05   -1.3806619333e-03   -7.0501840139e-07   -6.9081495103e-04   -5.4176470471e-07
  97.1700000   -2.8699581973e-03    2.0989008876e-05    3.3443278171e-03   -1.7934123947e-05   -1.3675363785e-03   -7.1317169602e-07   -6.9910745664e-04   -4.4686663642e-07
  97.1800000   -2.8904276672e-03    2.5549890985e-05    3.7064389341e-03   -7.3521648894e-06   -1.3541284052e-03   -7.1521845246e-07   -7.0729880729e-04   -3.4962821277e-07
  97.1900000   -2.8899910622e-03    2.9729203169e-05    4.0343746990e-03    3.4513477957e-06   -1.3404793849e-03   -7.1097965537e-07   -7.1539643282e-04   -2.5079379487e-07
  97.2000000   -2.8687143866e-03    3.3482059116e-05    4.3230580449e-03    1.4313562723e-05   -1.3266318320e-03   -7.0032901819e-07   -7.2340838504e-04   -1.5111192977e-07
  97.2100000   -2.8268087566e-03    3.6769676534e-05    4.5680526641e-03    2.5068642484e-05   -1.3126290618e-03   -6.8319516213e-07   -7.3134327100e-04   -5.1329277142e-08
  97.2200000   -2.7646300453e-03    3.9559683348e-05    4.7656328671e-03    3.5550299148e-05   -1.2985148454e-03   -6.5956332460e-07   -7.3921018234e-04    4.7815394657e-08
  97.2300000   -2.6826803854e-03    4.1826489083e-05    4.9128413121e-03    4.5594374012e-05   -1.2843330672e-03   -6.2947660187e-07   -7.4701862116e-04    1.4559706265e-07
  97.2400000   -2.5816100512e-03    4.3551147744e-05    5.0075329394e-03    5.5041429963e-05   -1.2701273836e-03   -5.9303668546e-07   -7.5477842308e-04    2.4131014027e-07
  97.2500000   -2.4622208962e-03    4.4721477965e-05    5.0484043927e-03    6.3739302116e-05   -1.2559408892e-03   -5.5040410379e-07   -7.6249967815e-04    3.3427392802e-07
  97.2600000   -2.3254705523e-03    4.5331796547e-05    5.0350094795e-03    7.1545583531e-05   -1.2418157909e-03   -5.0179791760e-07   -7.7019265019e-04    4.2383779994e-07
  97.2700000   -2.1724763568e-03    4.5382885801e-05    4.9677596856e-03    7.8329983629e-05   -1.2277930925e-03   -4.4749491357e-07   -7.7786769531e-04    5.0938605967e-07
  97.2800000   -2.0045193281e-03    4.4881664923e-05    4.8479099702e-03    8.3976529705e-05   -1.2139122940e-03   -3.8782826165e-07   -7.8553518028e-04    5.9034247233e-07
  97.2900000   -1.8230467648e-03    4.3841112436e-05    4.6775303441e-03    8.8385589508e-05   -1.2002111044e-03   -3.2318564732e-07   -7.9320540135e-04    6.6617437446e-07
  97.3000000   -1.6296738288e-03    4.2279888885e-05    4.4594638010e-03    9.1475657563e-05   -1.1867251745e-03   -2.5400689804e-07   -8.0088850415e-04    7.3639640025e-07
  97.3100000   -1.4261832993e-03    4.0221973228e-05    4.1972713028e-03    9.3184873622e-05   -1.1734878469e-03   -1.8078109803e-07   -8.0859440545e-04    8.0057372831e-07
  97.3200000   -1.2145227293e-03    3.7696300842e-05    3.8951651659e-03    9.3472253518e-05   -1.1605299291e-03   -1.0404323081e-07   -8.1633271730e-04    8.5832487656e-07
  97.3300000   -9.9679812825e-04    3.4736354490e-05    3.5579322711e-03    9.2318606785e-05   -1.1478794886e-03   -2.4370354822e-08   -8.2411267409e-04    9.0932401441e-07
  97.3400000   -7.7526444139e-04    3.1379815393e-05    3.1908483651e-03    8.9727117553e-05   -1.1355616722e-03    5.7622649776e-08   -8.3194306327e-04    9.5330275903e-07
  97.3500000   -5.5231215171e-04    2.7668210324e-05    2.7995850201e-03    8.5723576320e-05   -1.1235985511e-03    1.4128774630e-07   -8.3983216008e-04    9.9005146416e-07
  97.3600000   -3.3045041252e-04    2.3646404600e-05    2.3901123383e-03    8.0356253404e-05   -1.1120089920e-03    2.2594876122e-07   -8.4778766692e-04    1.0194199993e-06
  97.3700000   -1.1228555491e-04    1.9362088064e-05    1.9685959831e-03    7.3695400032e-05   -1.1008085556e-03    3.1090675032e-07   -8.5581665768e-04    1.0413180040e-06
  97.3800000    9.9504841628e-05    1.4865244785e-05    1.5412916674e-03    6.5832393428e-05   -1.0900094223e-03    3.9544563791e-07   -8.6392552757e-04    1.0557146303e-06
  97.3900000    3.0220150294e-04    1.0207959114e-05    1.1144416397e-03    5.6878532987e-05   -1.0796203462e-03    4.7883810899e-07   -8.7211994881e-04    1.0626377926e-06
  97.4000000    4.9307652171e-04    5.4439177810e-06    6.9417341550e-04    4.6963487372e-05   -1.0696466370e-03    5.6035168778e-07   -8.8040483220e-04    1.0621729196e-06
  97.4100000    6.6942992734e-04    6.2791878900e-07    2.8640215154e-04    3.6233433288e-05   -1.0600901694e-03    6.3925497376e-07   -8.8878429518e-04    1.0544612289e-06
  97.4200000    8.2862948115e-04   -4.1846670710e-06   -1.0326214661e-04    2.4848902281e-05   -1.0509494207e-03    7.1482396248e-07   -8.9726163640e-04    1.0396975600e-06
  97.4300000    9.6815235818e-04   -8.9381849528e-06   -4.6959987855e-04    1.2982348758e-05   -1.0422195340e-03    7.8634840461e-07   -9.0583931692e-04    1.0181277918e-06
  97.4400000    1.0856280952e-03   -1.3577304353e-05   -8.0785850029e-04    8.1552478963e-07   -1.0338924090e-03    8.5313815585e-07   -9.1451894823e-04    9.9004583906e-07
  97.4500000    1.1788824227e-03   -1.8047591511e-05   -1.1138196813e-03   -1.1463326761e-05   -1.0259568168e-03    9.1452946210e-07   -9.2330128692e-04    9.5579030575e-07
  97.4600000    1.2459813359e-03   -2.2295927400e-05   -1.3838555853e-03   -2.3662427786e-05   -1.0183985388e-03    9.6989110621e-07   -9.3218623612e-04    9.1574080891e-07
  97.4700000    1.2852734599e-03   -2.6271229733e-05   -1.6149737505e-03   -3.5589511266e-05   -1.0112005284e-03    1.0186303852e-06   -9.4117285361e-04    8.7031400383e-07
  97.4800000    1.2954304301e-03   -2.9924919660e-05   -1.8048494519e-03   -4.7054905505e-05   -1.0043430937e-03    1.0601988549e-06   -9.5025936636e-04    8.1995936592e-07
  97.4900000    1.2754847285e-03   -3.3211582174e-05   -1.9518457092e-03   -5.7874604855e-05   -9.9780409889e-04    1.0940977828e-06   -9.5944319132e-04    7.6515475594e-07
  97.5000000    1.2248632000e-03   -3.6089465110e-05   -2.0550207968e-03   -6.7873293655e-05   -9.9155918376e-04    1.1198832667e-06   -9.6872096234e-04    7.0640183516e-07
  97.5100000    1.1434158751e-03   -3.8520969207e-05   -2.1141233197e-03   -7.6887232230e-05   -9.8558199847e-04    1.1371709645e-06   -9.7808856278e-04    6.4422134194e-07
  97.5200000    1.0314393318e-03   -4.0473170139e-05   -2.1295753689e-03   -8.4766977271e-05   -9.7984445169e-04    1.1456403985e-06   -9.8754116347e-04    5.7914829814e-07
  97.5300000    8.8969391905e-04   -4.1918425218e-05   -2.1024443796e-03   -9.1379930786e-05   -9.7431697004e-04    1.1450387758e-06   -9.9707326581e-04    5.1172718843e-07
  97.5400000    7.1941388855e-04   -4.2834919812e-05   -2.0344044323e-03   -9.6612608041e-05   -9.6896876662e-04    1.1351843004e-06   -1.0066787493e-03    4.4250714861e-07
  97.5500000    5.2231025419e-04   -4.3207075670e-05   -1.9276880393e-03   -1.0037261153e-04   -9.6376811622e-04    1.1159689376e-06   -1.0163509234e-03    3.7203720055e-07
  97.5600000    3.0056570889e-04   -4.3025896691e-05   -1.7850297854e-03   -1.0259028375e-04   -9.5868263498e-04    1.0873605872e-06   -1.0260825829e-03    3.0086160088e-07
  97.5700000    5.6820567591e-05   -4.2289320168e-05   -1.6096029254e-03   -1.0321999864e-04   -9.5367956213e-04    1.0494046556e-06   -1.0358660667e-03    2.2951532562e-07
  97.5800000   -2.0584903032e-04   -4.1002511236e-05   -1.4049505151e-03   -1.0224107246e-04   -9.4872604146e-04    1.0022249970e-06   -1.0456933187e-03    1.5851972304e-07
  97.5900000   -4.8396118750e-04   -3.9177797344e-05   -1.1749121863e-03   -9.9658268965e-05   -9.4378940019e-04    9.4602420411e-07   -1.0555559519e-03    8.8378389697e-08
  97.6000000   -7.7366680704e-04   -3.6834383993e-05   -9.2354831309e-04   -9.5501910868e-05   -9.3883742302e-04    8.8108325024e-07   -1.0654453128e-03    1.9573304788e-08
  97.6100000   -1.0707957832e-03   -3.3998499150e-05   -6.5506360132e-04   -8.9827566271e-05   -9.3383861904e-04    8.0776044435e-07   -1.0753525480e-03   -4.7438767713e-08
  97.6200000   -1.3709113997e-03   -3.0703017080e-05   -3.7373160200e-04   -8.2715301144e-05   -9.2876247941e-04    7.2648974832e-07   -1.0852686704e-03   -1.1222955540e-07
  97.6300000   -1.6693712390e-03   -2.6987181883e-05   -8.3821720128e-05   -7.4268543664e-05   -9.2357972375e-04    6.3777841086e-07   -1.0951846261e-03   -1.7440222743e-07
  97.6400000   -1.9613939822e-03   -2.2896279444e-05    2.1047560480e-04   -6.4612575299e-05   -9.1826253332e-04    5.4220395800e-07   -1.1050913603e-03   -2.3359398005e-07
  97.6500000   -2.2421321661e-03   -1.8481122794e-05    5.0511372679e-04   -5.3892652595e-05   -9.1278476904e-04    4.4041056271e-07   -1.1149798825e-03   -2.8947825135e-07
  97.6600000   -2.5067489988e-03   -1.3797399341e-05    7.9624987426e-04   -4.2271787304e-05   -9.0712217282e-04    3.3310478078e-07   -1.1248413299e-03   -3.4176654075e-07
  97.6700000   -2.7504981045e-03   -8.9047802682e-06    1.0802982615e-03   -2.9928231169e-05   -9.0125255064e-04    2.2105071688e-07   -1.1346670288e-03   -3.9020984035e-07
  97.6800000   -2.9688050146e-03   -3.8662120631e-06    1.3539767092e-03   -1.7052700190e-05   -8.9515593581e-04    1.0506462933e-07   -1.1444485542e-03   -4.3459964910e-07
  97.6900000   -3.1573505266e-03    1.2529499301e-06    1.6143454047e-03   -3.8453868713e-06   -8.8881473151e-04   -1.3990967963e-08   -1.1541777855e-03   -4.7476858493e-07
  97.7000000   -3.3121521779e-03    6.3856309388e-06    1.8588346565e-03    9.4871986925e-06   -8.8221383141e-04   -1.3521368928e-07   -1.1638469599e-03   -5.1059060191e-07
  97.7100000   -3.4296433119e-03    1.1464112780e-05    2.0852661447e-03    2.2735501526e-05   -8.7534071751e-04   -2.5766808408e-07   -1.1734487218e-03   -5.4198077952e-07
  97.7200000   -3.5067484169e-03    1.6420886755e-05    2.2918645993e-03    3.5690264582e-05   -8.6818553475e-04   -3.8039280647e-07   -1.1829761688e-03   -5.6889475374e-07
  97.7300000   -3.5409531246e-03    2.1189403225e-05    2.4772605670e-03    4.8145900840e-05   -8.6074114176e-04   -5.0240812178e-07   -1.1924228929e-03   -5.9132775056e-07
  97.7400000   -3.5303675909e-03    2.5705020210e-05    2.6404845466e-03    5.9903788345e-05   -8.5300313761e-04   -6.2272365812e-07   -1.2017830180e-03   -6.0931326643e-07
  97.7500000   -3.4737814412e-03    2.9905832101e-05    2.7809532071e-03    7.0775483840e-05   -8.4496986458e-04   -7.4034637756e-07   -1.2110512329e-03   -6.2292141516e-07
  97.7600000   -3.3707085967e-03    3.3733635006e-05    2.8984482096e-03    8.0585797903e-05   -8.3664238703e-04   -8.5428866574e-07   -1.2202228192e-03   -6.3225694302e-07
  97.7700000   -3.2214214552e-03    3.7134355540e-05    2.9930884132e-03    8.9175661501e-05   -8.2802444679e-04   -9.6357650818e-07   -1.2292936749e-03   -6.3745696504e-07
  97.7800000   -3.0269732153e-03    4.0058988601e-05    3.0652965332e-03    9.6404758083e-05   -8.1912239565e-04   -1.0672576597e-06   -1.2382603331e-03   -6.3868843958e-07
  97.7900000   -2.7892074932e-03    4.2464354555e-05    3.1157608994e-03    1.0215385669e-04   -8.0994510568e-04   -1.1644097542e-06   -1.2471199759e-03   -6.3614540200e-07
  97.8000000   -2.5107538123e-03    4.4313522904e-05    3.1453933490e-03    1.0632681353e-04   -8.0050385839e-04   -1.2541483018e-06   -1.2558704439e-03   -6.3004601188e-07
  97.8100000   -2.1950084961e-03    4.5576462294e-05    3.1552861148e-03    1.0885221243e-04   -7.9081221371e-04   -1.3356344502e-06   -1.2645102403e-03   -6.2062941842e-07
  97.8200000   -1.8461020358e-03    4.6230583593e-05    3.1466673061e-03    1.0968463096e-04   -7.8088586022e-04   -1.4080825213e-06   -1.2730385310e-03   -6.0815252009e-07
  97.8300000   -1.4688517747e-03    4.6261101756e-05    3.1208559910e-03    1.0880546610e-04   -7.7074244801e-04   -1.4707671860e-06   -1.2814551406e-03   -5.9288660781e-07
  97.8400000   -1.0687007425e-03    4.5661453260e-05    3.0792187823e-03    1.0622333794e-04   -7.6040140565e-04   -1.5230302680e-06   -1.2897605429e-03   -5.7511397103e-07
  97.8500000   -6.5164319454e-04    4.4433390849e-05    3.0231288182e-03    1.0197405305e-04   -7.4988374311e-04   -1.5642870713e-06   -1.2979558489e-03   -5.5512446432e-07
  97.8600000   -2.2413732288e-04    4.2587335608e-05    2.9539280997e-03    9.6120124869e-05   -7.3921184234e-04   -1.5940322104e-06   -1.3060427899e-03   -5.3321211179e-07
  97.8700000    2.0699314675e-04    4.0142411705e-05    2.8728949588e-03    8.8749852214e-05   -7.2840923746e-04   -1.6118448672e-06   -1.3140236973e-03   -5.0967174458e-07
  97.8800000    6.3466732216e-04    3.7126361187e-05    2.7812159267e-03    7.9975992153e-05   -7.1750038646e-04   -1.6173934208e-06   -1.3219014794e-03   -4.8479573420e-07
  97.8900000    1.0516635609e-03    3.3575597224e-05    2.6799603307e-03    6.9934000799e-05   -7.0651043654e-04   -1.6104394301e-06   -1.3296795948e-03   -4.5887084610e-07
  97.9000000    1.4507422541e-03    2.9534335209e-05    2.5700661874e-03    5.8779885152e-05   -6.9546498518e-04   -1.5908408987e-06   -1.3373620234e-03   -4.3217524694e-07
  97.9100000    1.8247715168e-03    2.5054355454e-05    2.4523302202e-03    4.6687730891e-05   -6.8438983888e-04   -1.5585548006e-06   -1.3449532348e-03   -4.0497568273e-07
  97.9200000    2.1668563440e-03    2.0194431116e-05    2.3274047892e-03    3.3846936598e-05   -6.7331077192e-04   -1.5136388360e-06   -1.3524581545e-03   -3.7752487983e-07
  97.9300000    2.4704665325e-03    1.5019685228e-05    2.1958002709e-03    2.0459150947e-05   -6.6225328705e-04   -1.4562523888e-06   -1.3598821288e-03   -3.5005916919e-07
  97.9400000    2.7295608579e-03    9.6008183389e-06    2.0578951315e-03    6.7350302206e-06   -6.5124238034e-04   -1.3866566743e-06   -1.3672308879e-03   -3.2279637025e-07
  97.9500000    2.9387066504e-03    4.0131915127e-06    1.9139515687e-03   -7.1091669379e-06   -6.4030231205e-04   -1.3052140648e-06   -1.3745105076e-03   -2.9593395306e-07
  97.9600000    3.0931913873e-03   -1.6641688029e-06    1.7641364265e-03   -2.0855099728e-05   -6.2945638568e-04   -1.2123865809e-06   -1.3817273708e-03   -2.6964747860e-07
  97.9700000    3.1891241756e-03   -7.3497713409e-06    1.6085461479e-03   -3.4285901987e-05   -6.1872673688e-04   -1.1087335515e-06   -1.3888881282e-03   -2.4408935810e-07
  97.9800000    3.2235244359e-03   -1.2960942820e-05    1.4472355723e-03   -4.7189717141e-05   -6.0813413423e-04   -9.9490846715e-07   -1.3959996585e-03   -2.1938791478e-07
  97.9900000    3.1943973248e-03   -1.8415071955e-05    1.2802497700e-03   -5.9363132790e-05   -5.9769779339e-04   -8.7165502019e-07   -1.4030690285e-03   -1.9564677203e-07
  98.0000000    3.1007927180e-03   -2.3630973548e-05    1.1076573421e-03   -7.0614506818e-05   -5.8743520628e-04   -7.3980236795e-07   -1.4101034545e-03   -1.7294455525e-07
  98.0100000    2.9428466270e-03   -2.8529841434e-05    9.2958421027e-04   -8.0767085089e-05   -5.7736198666e-04   -6.0025964463e-07   -1.4171102627e-03   -1.5133491069e-07
  98.0200000    2.7218040652e-03   -3.3036696045e-05    7.4624699638e-04   -8.9661849000e-05   -5.6749173347e-04   -4.5400975293e-07   -1.4240968516e-03   -1.3084685425e-07
  98.0300000    2.4400226042e-03   -3.7081965898e-05    5.5798462678e-04   -9.7160079941e-05   -5.5783591289e-04   -3.0210249073e-07   -1.4310706542e-03   -1.1148541632e-07
  98.0400000    2.1009562434e-03   -4.0602552135e-05    3.6528716184e-04   -1.0314561448e-04   -5.4840376030e-04   -1.4564703587e-07   -1.4380391023e-03   -9.3232570442e-08
  98.0500000    1.7091195790e-03   -4.3542996017e-05    1.6882092955e-04   -1.0752669611e-04   -5.3920220264e-04    1.4196128212e-08   -1.4450095909e-03   -7.6048478224e-08
  98.0600000    1.2700325357e-03   -4.5856313241e-05   -3.0551037662e-05   -1.1023739035e-04   -5.3023580201e-04    1.7622381481e-07   -1.4519894451e-03   -5.9872962819e-08
  98.0700000    7.9014620022e-04   -4.7504909934e-05   -2.3175378865e-04   -1.1123858477e-04   -5.2150672079e-04    3.3919917463e-07   -1.4589858871e-03   -4.4627244183e-08
  98.0800000    2.7674924565e-04   -4.8461539560e-05   -4.3349172912e-04   -1.1051853509e-04   -5.1301470850e-04    5.0186113382e-07   -1.4660060061e-03   -3.0215894442e-08
  98.0900000   -2.6214072036e-04   -4.8709413607e-05   -6.3424616986e-04   -1.0809295124e-04   -5.0475711052e-04    6.6293413941e-07   -1.4730567283e-03   -1.6528982460e-08
  98.1000000   -8.1790068807e-04   -4.8242647985e-05   -8.3227989623e-04   -1.0400463662e-04   -4.9672889846e-04    8.2113813210e-07   -1.4801447892e-03   -3.4443975658e-09
  98.1100000   -1.3814389846e-03   -4.7066550576e-05   -1.0256486620e-03   -9.8322667125e-05   -4.8892272178e-04    9.7519869589e-07   -1.4872767081e-03    9.1696965397e-09
  98.1200000   -1.9433424055e-03   -4.5197712685e-05   -1.2122202234e-03   -9.1141148440e-05   -4.8132898029e-04    1.1238572761e-06   -1.4944587622e-03    2.1452287668e-08
  98.1300000   -2.4940320322e-03   -4.2663172261e-05   -1.3897008959e-03   -8.2577590052e-05   -4.7393591669e-04    1.2658813964e-06   -1.5016969647e-03    3.3546874337e-08
  98.1400000   -3.0239243518e-03   -3.9500164648e-05   -1.5556645822e-03   -7.2770795143e-05   -4.6672972838e-04    1.4000747946e-06   -1.5089970421e-03    4.5598760786e-08
  98.1500000   -3.5235955784e-03   -3.5755555754e-05   -1.7075919929e-03   -6.1878515551e-05   -4.5969469744e-04    1.5252873946e-06   -1.5163644145e-03    5.7752356485e-08
  98.1600000   -3.9839457009e-03   -3.1485102519e-05   -1.8429138799e-03   -5.0074832473e-05   -4.5281333760e-04    1.6404250131e-06   -1.5238041765e-03    7.0148483594e-08
  98.1700000   -4.3963604337e-03   -2.6752392833e-05   -1.9590579963e-03   -3.7547224229e-05   -4.4606655694e-04    1.7444587623e-06   -1.5313210796e-03    8.2921728993e-08
  98.1800000   -4.7528665541e-03   -2.1627795192e-05   -2.0535005604e-03   -2.4493460442e-05   -4.3943383480e-04    1.8364340126e-06   -1.5389195155e-03    9.6197892352e-08
  98.1900000   -5.0462795299e-03   -1.6187381652e-05   -2.1238204140e-03   -1.1118360237e-05   -4.3289341132e-04    1.9154789007e-06   -1.5466035011e-03    1.1009153656e-07
  98.2000000   -5.2703407109e-03   -1.0511515849e-05   -2.1677535137e-03    2.3695300116e-06   -4.2642248798e-04    1.9808122488e-06   -1.5543766640e-03    1.2470368618e-07
  98.2100000   -5.4198405798e-03   -4.6835517748e-06   -2.1832480929e-03    1.5761310354e-05   -4.1999743727e-04    2.0317508713e-06   -1.5622422288e-03    1.4011968941e-07
  98.2200000   -5.4907261904e-03    1.2113726494e-06   -2.1685187167e-03    2.8851017696e-05   -4.1359401983e-04    2.0677161847e-06   -1.5702030052e-03    1.5640727975e-07
  98.2300000   -5.4801909408e-03    7.0876450549e-06   -2.1220975918e-03    4.1438890464e-05   -4.0718760692e-04    2.0882400486e-06   -1.5782613756e-03    1.7361486427e-07
  98.2400000   -5.3867443416e-03    1.2860510567e-05   -2.0428846937e-03    5.3334465795e-05   -4.0075340647e-04    2.0929698045e-06   -1.5864192845e-03    1.9177004066e-07
  98.2500000   -5.2102610596e-03    1.8447155831e-05   -1.9301913123e-03    6.4359528827e-05   -3.9426669063e-04    2.0816724569e-06   -1.5946782282e-03    2.1087838022e-07
  98.2600000   -4.9520074248e-03    2.3767999716e-05   -1.7837779936e-03    7.4350824721e-05   -3.8770302289e-04    2.0542379355e-06   -1.6030392445e-03    2.3092249527e-07
  98.2700000   -4.6146447371e-03    2.8747714807e-05   -1.6038861395e-03    8.3162478455e-05   -3.8103848274e-04    2.0106814272e-06   -1.6115029044e-03    2.5186138354e-07
  98.2800000   -4.2022086005e-03    3.3316309436e-05   -1.3912625033e-03    9.0668131648e-05   -3.7424988604e-04    1.9511447317e-06   -1.6200693030e-03    2.7363007652e-07
  98.2900000   -3.7200646888e-03    3.7410030910e-05   -1.1471754026e-03    9.6762744329e-05   -3.6731499904e-04    1.8758966352e-06   -1.6287380517e-03    2.9613959945e-07
  98.3000000   -3.1748413254e-03    4.0972386767e-05   -8.7342216436e-04    1.0136403224e-04   -3.6021274427e-04    1.7853322659e-06   -1.6375082712e-03    3.1927722765e-07
  98.3100000   -2.5743396105e-03    4.3955031477e-05   -5.7232682888e-04    1.0441352725e-04   -3.5292339664e-04    1.6799714443e-06   -1.6463785845e-03    3.4290707386e-07
  98.3200000   -1.9274211721e-03    4.6317622706e-05   -2.4672881284e-04    1.0587727431e-04   -3.4542876777e-04    1.5604560249e-06   -1.6553471111e-03    3.6687095882e-07
  98.3300000   -1.2438764406e-03    4.8028721218e-05    1.0003758597e-04    1.0574610397e-04   -3.3771237729e-04    1.4275462291e-06   -1.6644114623e-03    3.9098959325e-07
  98.3400000   -5.3427500889e-04    4.9066247322e-05    4.6417400875e-04    1.0403551073e-04   -3.2975960938e-04    1.2821160175e-06   -1.6735687363e-03    4.1506405294e-07
  98.3500000    1.9019968009e-04    4.9417720681e-05    8.4145927244e-04    1.0078514099e-04   -3.2155785334e-04    1.1251474836e-06   -1.6828155156e-03    4.3887751648e-07
  98.3600000    9.1792942032e-04    4.9080299221e-05    1.2272985855e-03    9.6057916401e-05   -3.1309662693e-04    9.5772434201e-07   -1.6921478647e-03    4.6219727863e-07
  98.3700000    1.6370506684e-03    4.8060723226e-05    1.6167814133e-03    8.9938789478e-05   -3.0436768140e-04    7.8102453923e-07   -1.7015613293e-03    4.8477700043e-07
  98.3800000    2.3356502384e-03    4.6375119114e-05    2.0047480083e-03    8.2533158651e-05   -2.9536508732e-04    5.9631201854e-07   -1.7110509373e-03    5.0635916576e-07
  98.3900000    3.0019660136e-03    4.4048966366e-05    2.3858619675e-03    7.3964985906e-05   -2.8608530052e-04    4.0492773843e-07   -1.7206112005e-03    5.2667775605e-07
  98.4000000    3.6245884632e-03    4.1116751455e-05    2.7546861927e-03    6.4374658850e-05   -2.7652720740e-04    2.0827996017e-07   -1.7302361191e-03    5.4546107263e-07
  98.4100000    4.1926583387e-03    3.7621451939e-05    3.1057666971e-03    5.3916529464e-05   -2.6669214940e-04    7.8339106474e-09   -1.7399191876e-03    5.6243470766e-07
  98.4200000    4.6960586575e-03    3.3613843922e-05    3.4337182242e-03    4.2756333640e-05   -2.5658392629e-04   -1.9489912925e-07   -1.7496534028e-03    5.7732462880e-07
  98.4300000    5.1255959364e-03    2.9151708957e-05    3.7333118259e-03    3.1068467905e-05   -2.4620877821e-04   -3.9837320930e-07   -1.7594312744e-03    5.8986033248e-07
  98.4400000    5.4731691613e-03    2.4298937505e-05    3.9995626566e-03    1.9033174172e-05   -2.3557534670e-04   -6.0101949666e-07   -1.7692448377e-03    5.9977805305e-07
  98.4500000    5.7319220018e-03    1.9124718538e-05    4.2278168792e-03    6.8336091820e-06   -2.2469461495e-04   -8.0125837002e-07   -1.7790856696e-03    6.0682396298e-07
  98.4600000    5.8963757798e-03    1.3702729313e-05    4.4138352366e-03   -5.3470782680e-06   -2.1357982767e-04   -9.9751172946e-07   -1.7889449066e-03    6.1075738049e-07
  98.4700000    5.9625401283e-03    8.1101001983e-06    4.5538720122e-03   -1.7328610901e-05   -2.0224639148e-04   -1.1882154168e-06   -1.7988132667e-03    6.1135389114e-07
  98.4800000    5.9279994573e-03    2.4259188799e-06    4.6447486729e-03   -2.8936380735e-05   -1.9071175636e-04   -1.3718316703e-06   -1.8086810735e-03    6.0840839855e-07
  98.4900000    5.7919742559e-03   -3.2697998126e-06    4.6839197375e-03   -4.0004013244e-05   -1.7899527929e-04   -1.5468614962e-06   -1.8185382847e-03    6.0173804181e-07
  98.5000000    5.5553546484e-03   -8.8971667620e-06    4.6695290507e-03   -5.0375839695e-05   -1.6711807119e-04   -1.7118568592e-06   -1.8283745225e-03    5.9118495565e-07
  98.5100000    5.2207057350e-03   -1.4377684190e-05    4.6004569561e-03   -5.9909162211e-05   -1.5510282838e-04   -1.8654326064e-06   -1.8381791090e-03    5.7661884998e-07
  98.5200000    4.7922446645e-03   -1.9635463878e-05    4.4763562052e-03   -6.8476255878e-05   -1.4297364996e-04   -2.0062780121e-06   -1.8479411036e-03    5.5793936613e-07
  98.5300000    4.2757890540e-03   -2.4598131923e-05    4.2976759331e-03   -7.5966075133e-05   -1.3075584267e-04   -2.1331678592e-06   -1.8576493451e-03    5.3507818551e-07
  98.5400000    3.6786779057e-03   -2.9197899032e-05    4.0656726625e-03   -8.2285655556e-05   -1.1847571478e-04   -2.2449729563e-06   -1.8672924966e-03    5.0800088428e-07
  98.5500000    3.0096649287e-03   -3.3372853226e-05    3.7824081693e-03   -8.7361189558e-05   -1.0616036076e-04   -2.3406700119e-06   -1.8768590939e-03    4.7670846350e-07
  98.5600000    2.2787875838e-03   -3.7067698686e-05    3.4507340455e-03   -9.1138769320e-05   -9.3837438474e-05   -2.4193507637e-06   -1.8863375973e-03    4.4123860601e-07
  98.5700000    1.4972132825e-03   -4.0234662595e-05    3.0742628829e-03   -9.3584793164e-05   -8.1534940829e-05   -2.4802303047e-06   -1.8957164469e-03    4.0166656497e-07
  98.5800000    6.7706427772e-04   -4.2834194211e-05    2.6573265611e-03   -9.4686011315e-05   -6.9280963664e-05   -2.5226545091e-06   -1.9049841202e-03    3.5810573053e-07
  98.5900000   -1.6877529457e-04   -4.4835412917e-05    2.2049219020e-03   -9.4449251823e-05   -5.7103471869e-05   -2.5461065108e-06   -1.9141291936e-03    3.1070782526e-07
  98.6000000   -1.0268652989e-03   -4.6216410703e-05    1.7226447132e-03   -9.2900833490e-05   -4.5030065681e-05   -2.5502121645e-06   -1.9231404056e-03    2.5966274483e-07
  98.6100000   -1.8834272915e-03   -4.6964283170e-05    1.2166116387e-03   -9.0085657692e-05   -3.3087749080e-05   -2.5347444273e-06   -1.9320067224e-03    2.0519802233e-07
  98.6200000   -2.7245694660e-03   -4.7075341703e-05    6.9337355284e-04   -8.6066049470e-05   -2.1302702193e-05   -2.4996266324e-06   -1.9407174063e-03    1.4757792811e-07
  98.6300000   -3.5365147804e-03   -4.6554923595e-05    1.5982263715e-04   -8.0920352886e-05   -9.7000596590e-06   -2.4449346092e-06   -1.9492620850e-03    8.7102200505e-08
  98.6400000   -4.3058289794e-03   -4.5417076815e-05   -3.7690947483e-04   -7.4741257655e-05    1.6963032537e-06   -2.3708976165e-06   -1.9576308218e-03    2.4104404641e-08
  98.6500000   -5.0196447003e-03   -4.3684322485e-05   -9.0955805875e-04   -6.7634034110e-05    1.2863974973e-05   -2.2778980784e-06   -1.9658141879e-03   -4.1050030030e-08
  98.6600000   -5.6658775133e-03   -4.1386838175e-05   -1.4308349471e-03   -5.9714566654e-05    2.3782200683e-05   -2.1664701101e-06   -1.9738033339e-03   -1.0796614803e-07
  98.6700000   -6.2334309497e-03   -3.8561756385e-05   -1.9335393192e-03   -5.1107317381e-05    3.4432062488e-05   -2.0372968367e-06   -1.9815900611e-03   -1.7622210596e-07
  98.6800000   -6.7123857373e-03   -3.5252521797e-05   -2.4106679444e-03   -4.1943237466e-05    4.4796645200e-05   -1.8912065114e-06   -1.9891668932e-03   -2.4537210284e-07
  98.6900000   -7.0941707910e-03   -3.1508031725e-05   -2.8555231860e-03   -3.2357633762e-05    5.4861186314e-05   -1.7291674318e-06   -1.9965271457e-03   -3.1494961574e-07
  98.7000000   -7.3717136101e-03   -2.7381679387e-05   -3.2618166193e-03   -2.2488036765e-05    6.4613208950e-05   -1.5522817428e-06   -2.0036649941e-03   -3.8447086260e-07
  98.7100000   -7.5395656391e-03   -2.2930490767e-05   -3.6237675258e-03   -1.2472125921e-05    7.4042636572e-05   -1.3617780749e-06   -2.0105755392e-03   -4.5343850362e-07
  98.7200000   -7.5940030027e-03   -1.8214218700e-05   -3.9361927502e-03   -2.4458801276e-06    8.3141888561e-05   -1.1590031668e-06   -2.0172548701e-03   -5.2134553287e-07
  98.7300000   -7.5330991745e-03   -1.3294562332e-05   -4.1945881457e-03    7.4583450981e-06    9.1905955769e-05   -9.4541243066e-07   -2.0237001232e-03   -5.8767932577e-07
  98.7400000   -7.3567690317e-03   -8.2342406315e-06   -4.3951996665e-03    1.7113548384e-05    1.0033245542e-04   -7.2255959284e-07   -2.0299095374e-03   -6.5192582238e-07
  98.7500000   -7.0667828506e-03   -3.0961282713e-06   -4.5350829976e-03    2.6399638648e-05    1.0842166483e-04   -4.9208546760e-07   -2.0358825039e-03   -7.1357378677e-07
  98.7600000   -6.6667491628e-03    2.0575994181e-06   -4.6121506326e-03    3.5204796812e-05    1.1617653367e-04   -2.5570591759e-07   -2.0416196115e-03   -7.7211913125e-07
  98.7700000   -6.1620681325e-03    7.1660076760e-06   -4.6252050754e-03    4.3426730627e-05    1.2360267453e-04   -1.5199114623e-08   -2.0471226856e-03   -8.2706924691e-07
  98.7800000   -5.5598557907e-03    1.2170055652e-05   -4.5739593153e-03    5.0973659791e-05    1.3070833192e-04    2.2760779673e-07   -2.0523948209e-03   -8.7794731174e-07
  98.7900000   -4.8688394089e-03    1.7012755255e-05   -4.4590430295e-03    5.7765129024e-05    1.3750432982e-04    4.7085257151e-07   -2.0574404068e-03   -9.2429654218e-07
  98.8000000   -4.0992253825e-03    2.1639962627e-05   -4.2819946080e-03    6.3732619602e-05    1.4400399816e-04    7.1265212403e-07   -2.0622651461e-03   -9.6568432295e-07
  98.8100000   -3.2625431441e-03    2.6000911834e-05   -4.0452393810e-03    6.8819965094e-05    1.5022307886e-04    9.5111709980e-07   -2.0668760655e-03   -1.0017062180e-06
  98.8200000   -2.3714652085e-03    3.0048325913e-05   -3.7520543228e-03    7.2983573618e-05    1.5617961201e-04    1.1843666233e-06   -2.0712815174e-03   -1.0319898007e-06
  98.8300000   -1.4396088735e-03    3.3738697585e-05   -3.4065199750e-03    7.6192470011e-05    1.6189380309e-04    1.4105431258e-06   -2.0754911739e-03   -1.0561982582e-06
  98.8400000   -4.8132097815e-04    3.7032818408e-05   -3.0134601769e-03    7.8428169231e-05    1.6738787239e-04    1.6278271196e-06   -2.0795160117e-03   -1.0740337624e-06
  98.8500000    4.8855066556e-04    3.9896036861e-05   -2.5783701452e-03    7.9684397187e-05    1.7268588760e-04    1.8344518219e-06   -2.0833682874e-03   -1.0852405559e-06
  98.8600000    1.4548953016e-03    4.2298325261e-05   -2.1073360190e-03    7.9966647966e-05    1.7781358097e-04    2.0287174818e-06   -2.0870615042e-03   -1.0896077357e-06
  98.8700000    2.4025817343e-03    4.4214410635e-05   -1.6069441931e-03    7.9291635214e-05    1.8279815252e-04    2.2090053302e-06   -2.0906103686e-03   -1.0869716797e-06
  98.8800000    3.3167022993e-03    4.5624003764e-05   -1.0841829919e-03    7.7686633177e-05    1.8766806067e-04    2.3737910001e-06   -2.0940307382e-03   -1.0772181481e-06
  98.8900000    4.1828152190e-03    4.6511989905e-05   -5.4634099170e-04    7.5188721049e-05    1.9245280219e-04    2.5216573522e-06   -2.0973395595e-03   -1.0602839619e-06
  98.9000000    4.9871795873e-03    4.6868324910e-05   -9.0058036955e-07    7.1843952928e-05    1.9718268293e-04    2.6513065472e-06   -2.1005547972e-03   -1.0361583115e-06
  98.9100000    5.7169796818e-03    4.6687982999e-05    5.4457262089e-04    6.7706492300e-05    2.0188858136e-04    2.7615713096e-06   -2.1036953536e-03   -1.0048836308e-06
  98.9200000    6.3605359384e-03    4.5971650234e-05    1.0825405044e-03    6.2837623202e-05    2.0660170660e-04    2.8514252474e-06   -2.1067809794e-03   -9.6655605048e-07
  98.9300000    6.9074967176e-03    4.4725549489e-05    1.6056016999e-03    5.7304800710e-05    2.1135335306e-04    2.9199921768e-06   -2.1098321765e-03   -9.2132541237e-07
  98.9400000    7.3490090645e-03    4.2961348788e-05    2.1065992627e-03    5.1180703975e-05    2.1617465337e-04    2.9665543266e-06   -2.1128700918e-03   -8.6939485282e-07
  98.9500000    7.6778664499e-03    4.0695879703e-05    2.5787237742e-03    4.4542255318e-05    2.2109633185e-04    2.9905593858e-06   -2.1159164043e-03   -8.1101992873e-07
  98.9600000    7.8886275452e-03    3.7951300399e-05    3.0156111185e-03    3.7469643845e-05    2.2614846021e-04    2.9916263011e-06   -2.1189932041e-03   -7.4650732939e-07
  98.9700000    7.9777078140e-03    3.4754741880e-05    3.4114335198e-03    3.0045378545e-05    2.3136021760e-04    2.9695497825e-06   -2.1221228663e-03   -6.7621313907e-07
  98.9800000    7.9434409080e-03    3.1138293070e-05    3.7609813283e-03    2.2353544896e-05    2.3675965680e-04    2.9243034640e-06   -2.1253279177e-03   -6.0054069377e-07
  98.9900000    7.7861082578e-03    2.7138672955e-05    4.0597359015e-03    1.4478850319e-05    2.4237347855e-04    2.8560416770e-06   -2.1286308998e-03   -5.1993803592e-07
  99.0000000    7.5079365507e-03    2.2796821548e-05    4.3039311863e-03    6.5058182959e-06    2.4822681561e-04    2.7650998310e-06   -2.1320542270e-03   -4.3489497627e-07
  99.0100000    7.1130641148e-03    1.8157909087e-05    4.4906033471e-03   -1.4819439285e-06    2.5434302847e-04    2.6519933531e-06   -2.1356200417e-03   -3.4593979391e-07
  99.0200000    6.6074754841e-03    1.3270895887e-05    4.6176293203e-03   -9.4024289615e-06    2.6074351426e-04    2.5174152135e-06   -2.1393500670e-03   -2.5363560353e-07
  99.0300000    5.9989061578e-03    8.1879723960e-06    4.6837509487e-03   -1.7175858187e-05    2.6744753035e-04    2.3622320264e-06   -2.1432654583e-03   -1.5857641663e-07
  99.0400000    5.2967192608e-03    2.9640778957e-06    4.6885858927e-03   -2.4725223102e-05    2.7447203415e-04    2.1874787466e-06   -2.1473866541e-03   -6.1382903967e-08
  99.0500000    4.5117553410e-03   -2.3436408900e-06    4.6326256011e-03   -3.1976792114e-05    2.8183154033e-04    1.9943519977e-06   -2.1517332284e-03    3.7302059091e-08
  99.0600000    3.6561591594e-03   -7.6763819108e-06    4.5172196057e-03   -3.8860558267e-05    2.8953799663e-04    1.7842020606e-06   -2.1563237437e-03    1.3681808509e-07
  99.0700000    2.7431860718e-03   -1.2974218551e-05    4.3445469142e-03   -4.5310629947e-05    2.9760067933e-04    1.5585235974e-06   -2.1611756077e-03    2.3649212716e-07
  99.0800000    1.7869892740e-03   -1.8176934390e-05    4.1175745289e-03   -5.1265583633e-05    3.0602610910e-04    1.3189451399e-06   -2.1663049339e-03    3.3564346670e-07
  99.0900000    8.0239271656e-04   -2.3224768773e-05    3.8400041842e-03   -5.6668741019e-05    3.1481798817e-04    1.0672174422e-06   -2.1717264065e-03    4.3358879399e-07
  99.1000000   -1.9534453644e-04   -2.8059091719e-05    3.5162075214e-03   -6.1468453403e-05    3.2397715904e-04    8.0520076942e-07   -2.1774531527e-03    5.2964734780e-07
  99.1100000   -1.1907693875e-03   -3.2622874803e-05    3.1511529197e-03   -6.5618347153e-05    3.3350158543e-04    5.3485121922e-07   -2.1834966209e-03    6.2314606209e-07
  99.1200000   -2.1684805062e-03   -3.6861104532e-05    2.7503241086e-03   -6.9077541115e-05    3.4338635544e-04    2.5820614997e-07   -2.1898664681e-03    7.1342468191e-07
  99.1300000   -3.1133723961e-03   -4.0721576868e-05    2.3196307481e-03   -7.1810862958e-05    3.5362370697e-04   -2.2631124022e-08   -2.1965704555e-03    7.9984080691e-07
  99.1400000   -4.0108732762e-03   -4.4155514142e-05    1.8653125842e-03   -7.3789047320e-05    3.6420307545e-04   -3.0550730799e-07   -2.2036143557e-03    8.8177482344e-07
  99.1500000   -4.8471723129e-03   -4.7118123177e-05    1.3938399068e-03   -7.4988932771e-05    3.7511116327e-04   -5.8823562372e-07   -2.2110018692e-03    9.5863468858e-07
  99.1600000   -5.6094350920e-03   -4.9569092836e-05    9.1181399893e-04   -7.5393651816e-05    3.8633203066e-04   -8.6861272104e-07   -2.2187345546e-03    1.0298605017e-06
  99.1700000   -6.2860036936e-03   -5.1472936969e-05    4.2586567746e-04   -7.4992812698e-05    3.9784720724e-04   -1.1444358337e-06   -2.2268117702e-03    1.0949288692e-06
  99.1800000   -6.8665766156e-03   -5.2799394796e-05   -5.7445944849e-05   -7.3782700647e-05    4.0963582351e-04   -1.4135201102e-06   -2.2352306296e-03    1.1533569890e-06
  99.1900000   -7.3423666427e-03   -5.3523448457e-05   -5.3173144215e-04   -7.1766420705e-05    4.2167476123e-04   -1.6737159215e-06   -2.2439859712e-03    1.2047064395e-06
  99.2000000   -7.7062339577e-03   -5.3626020655e-05   -9.9086383263e-04   -6.8954102160e-05    4.3393882167e-04   -1.9229260414e-06   -2.2530703422e-03    1.2485866413e-06
  99.2100000   -7.9527930805e-03   -5.3094230966e-05   -1.4290657926e-03   -6.5363174191e-05    4.4640091041e-04   -2.1591225662e-06   -2.2624739977e-03    1.2846579498e-06
  99.2200000   -8.0784916192e-03   -5.1921737350e-05   -1.8409909244e-03   -6.1018415458e-05    4.5903223733e-04   -2.3803634063e-06   -2.2721849151e-03    1.3126343804e-06
  99.2300000   -8.0816596173e-03   -5.0108808866e-05   -2.2217923912e-03   -5.5952069698e-05    4.7180253035e-04   -2.5848082521e-06   -2.2821888238e-03    1.3322859067e-06
  99.2400000   -7.9625296276e-03   -4.7662512536e-05   -2.5671863594e-03   -5.0203995349e-05    4.8468026120e-04   -2.7707338721e-06   -2.2924692509e-03    1.3434403509e-06
  99.2500000   -7.7232258832e-03   -4.4596941185e-05   -2.8735038838e-03   -4.3821719142e-05    4.9763288165e-04   -2.9365485936e-06   -2.3030075828e-03    1.3459848287e-06
  99.2600000   -7.3677241923e-03   -4.0933233431e-05   -3.1377312157e-03   -3.6860297481e-05    5.1062706835e-04   -3.0808058736e-06   -2.3137831416e-03    1.3398667344e-06
  99.2700000   -6.9017830734e-03   -3.6699518110e-05   -3.3575384499e-03   -2.9382254718e-05    5.2362897445e-04   -3.2022168385e-06   -2.3247732775e-03    1.3250942810e-06
  99.2800000   -6.3328457239e-03   -3.1931542216e-05   -3.5312964292e-03   -2.1457377107e-05    5.3660448605e-04   -3.2996616664e-06   -2.3359534764e-03    1.3017365642e-06
  99.2900000   -5.6699168923e-03   -2.6672363331e-05   -3.6580818097e-03   -1.3162432434e-05    5.4951948166e-04   -3.3721997438e-06   -2.3472974814e-03    1.2699231611e-06
  99.3000000   -4.9234153377e-03   -2.0972009880e-05   -3.7376713049e-03   -4.5807637000e-06    5.6234009256e-04   -3.4190784726e-06   -2.3587774290e-03    1.2298432772e-06
  99.3100000   -4.1050036795e-03   -1.4887269611e-05   -3.7705236229e-03    4.1982671187e-06    5.7503296216e-04   -3.4397406732e-06   -2.3703639985e-03    1.1817444338e-06
  99.3200000   -3.2273997326e-03   -8.4815957711e-06   -3.7577518747e-03    1.3079916577e-05    5.8756550238e-04   -3.4338304966e-06   -2.3820265736e-03    1.1259307063e-06
  99.3300000   -2.3041707279e-03   -1.8244546822e-06   -3.7010855588e-03    2.1964844509e-05    5.9990614508e-04   -3.4011977959e-06   -2.3937334164e-03    1.0627605568e-06
  99.3400000   -1.3495171888e-03    5.0090461709e-06   -3.6028236125e-03    3.0750022135e-05    6.1202458657e-04   -3.3419009061e-06   -2.4054518514e-03    9.9264422003e-07
  99.3500000   -3.7804652057e-04    1.1939001067e-05   -3.4657799756e-03    3.9329780654e-05    6.2389202343e-04   -3.2562077981e-06   -2.4171484599e-03    9.1604073311e-07
  99.3600000    5.9545918897e-04    1.8881285247e-05   -3.2932220844e-03    4.7596973147e-05    6.3548137771e-04   -3.1445955864e-06   -2.4287892820e-03    8.3345458176e-07
  99.3700000    1.5562770168e-03    2.5748732909e-05   -3.0888046978e-03    5.5444249280e-05    6.4676750985e-04   -3.0077483728e-06   -2.4403400266e-03    7.4543201677e-07
  99.3800000    2.4899735625e-03    3.2452324019e-05   -2.8564990101e-03    6.2765427186e-05    6.5772741760e-04   -2.8465534475e-06   -2.4517662870e-03    6.5255705274e-07
  99.3900000    3.3826302781e-03    3.8902077538e-05   -2.6005178063e-03    6.9456963970e-05    6.6834041942e-04   -2.6620958413e-06   -2.4630337608e-03    5.5544720232e-07
  99.4000000    4.2210593037e-03    4.5008272223e-05   -2.3252413567e-03    7.5419466184e-05    6.7858832099e-04   -2.4556512861e-06   -2.4741084733e-03    4.5474895965e-07
  99.4100000    4.9930054648e-03    5.0682577104e-05   -2.0351421098e-03    8.0559231440e-05    6.8845556333e-04   -2.2286775933e-06   -2.4849570020e-03    3.5113308119e-07
  99.4200000    5.6873322529e-03    5.5839247975e-05   -1.7347100480e-03    8.4789824720e-05    6.9792935150e-04   -1.9828045397e-06   -2.4955467019e-03    2.4528970248e-07
  99.4300000    6.2941895625e-03    6.0396830256e-05   -1.4283805071e-03    8.8033592817e-05    7.0699976279e-04   -1.7198223102e-06   -2.5058459284e-03    1.3792331903e-07
  99.4400000    6.8051590699e-03    6.4279485108e-05   -1.1204654020e-03    9.0223145241e-05    7.1565983352e-04   -1.4416685825e-06   -2.5158242577e-03    2.9747675222e-08
  99.4500000    7.2133740404e-03    6.7418581164e-05   -8.1509016647e-04    9.1302758865e-05    7.2390562360e-04   -1.1504143412e-06   -2.5254527025e-03   -7.8519382763e-08
  99.4600000    7.5136139467e-03    6.9753642982e-05   -5.1613483684e-04    9.1229800126e-05    7.3173625847e-04   -8.4824853052e-07   -2.5347039218e-03   -1.8616108368e-07
  99.4700000    7.7023727594e-03    7.1233162459e-05   -2.2718150891e-04    8.9975856482e-05    7.3915394781e-04   -5.3746165857e-07   -2.5435524222e-03   -2.9246686286e-07
  99.4800000    7.7778976559e-03    7.1815863172e-05    4.8530825708e-05    8.7527787982e-05    7.4616398095e-04   -2.2042847404e-07   -2.5519747506e-03   -3.9673742647e-07
  99.4900000    7.7401995211e-03    7.1471751979e-05    3.0814374229e-04    8.3888547710e-05    7.5277469877e-04    1.0041016489e-07   -2.5599496765e-03   -4.9828971141e-07
  99.5000000    7.5910354130e-03    7.0182540589e-05    5.4920916372e-04    7.9077688280e-05    7.5899744230e-04    4.2256607794e-07   -2.5674583613e-03   -5.9646170057e-07
  99.5100000    7.3338636652e-03    6.7942754650e-05    7.6970933746e-04    7.3131771893e-05    7.6484647825e-04    7.4352305788e-07   -2.5744845147e-03   -6.9061703984e-07
  99.5200000    6.9737714793e-03    6.4760038398e-05    9.6806963284e-04    6.6104428296e-05    7.7033890192e-04    1.0607565442e-06   -2.5810145367e-03   -7.8014946177e-07
  99.5300000    6.5173766879e-03    6.0655578755e-05    1.1431621901e-03    5.8066190337e-05    7.7549451817e-04    1.3717535082e-06   -2.5870376429e-03   -8.6448694439e-07
  99.5400000    5.9727070194e-03    5.5663981320e-05    1.2943008552e-03    4.9104035356e-05    7.8033570117e-04    1.6740323854e-06   -2.5925459735e-03   -9.4309559009e-07
  99.5500000    5.3490584158e-03    4.9833126466e-05    1.4212280414e-03    3.9320629681e-05    7.8488723391e-04    1.9651629173e-06   -2.5975346843e-03   -1.0154832036e-06
  99.5600000    4.6568351537e-03    4.3223811981e-05    1.5240937114e-03    2.8833344569e-05    7.8917612857e-04    2.2427857347e-06   -2.6020020181e-03   -1.0812025295e-06
  99.5700000    3.9073743148e-03    3.5909240505e-05    1.6034261817e-03    1.7772903511e-05    7.9323142898e-04    2.5046315117e-06   -2.6059493575e-03   -1.1398541497e-06
  99.5800000    3.1127568041e-03    2.7974024788e-05    1.6600971672e-03    6.2818411046e-06    7.9708399669e-04    2.7485395556e-06   -2.6093812566e-03   -1.1910889789e-06
  99.5900000    2.2856088656e-03    1.9513147053e-05    1.6952806011e-03   -5.4873137093e-06    8.0076628191e-04    2.9724756690e-06   -2.6123054531e-03   -1.2346104113e-06
  99.6000000    1.4388981415e-03    1.0631487164e-05    1.7104071883e-03   -1.7374086349e-05    8.0431208122e-04    3.1745491367e-06   -2.6147328578e-03   -1.2701760196e-06
  99.6100000    5.8572771772e-04    1.4421407610e-06    1.7071142677e-03   -2.9212285963e-05    8.0775628370e-04    3.3530287056e-06   -2.6166775243e-03   -1.2975988680e-06
  99.6200000   -2.6087002878e-04   -7.9354565303e-06    1.6871930015e-03   -4.0832384991e-05    8.1113460724e-04    3.5063574037e-06   -2.6181565964e-03   -1.3167484076e-06
  99.6300000   -1.0881349262e-03   -1.7376904541e-05    1.6525353344e-03   -5.2064042149e-05    8.1448332712e-04    3.6331660856e-06   -2.6191902347e-03   -1.3275509352e-06
  99.6400000   -1.8837751969e-03   -2.6754315209e-05    1.6050798598e-03   -6.2738733985e-05    8.1783899871e-04    3.7322855936e-06   -2.6198015220e-03   -1.3299896395e-06
  99.6500000   -2.6361513341e-03   -3.5938277241e-05    1.5467585084e-03   -7.2692356829e-05    8.2123817644e-04    3.8027574066e-06   -2.6200163481e-03   -1.3241042406e-06
  99.6600000   -3.3344483081e-03   -4.4799482869e-05    1.4794455394e-03   -8.1767852114e-05    8.2471713112e-04    3.8438426976e-06   -2.6198632746e-03   -1.3099901982e-06
  99.6700000   -3.9688331935e-03   -5.3210533675e-05    1.4049096911e-03   -8.9817821303e-05    8.2831156765e-04    3.8550297089e-06   -2.6193733800e-03   -1.2877975369e-06
  99.6800000   -4.5305945723e-03   -6.1047694840e-05    1.3247707600e-03   -9.6707046435e-05    8.3205634538e-04    3.8360393770e-06   -2.6185800865e-03   -1.2577292748e-06
  99.6900000   -5.0122622238e-03   -6.8192883169e-05    1.2404612821e-03   -1.0231494003e-04    8.3598520314e-04    3.7868291376e-06   -2.6175189687e-03   -1.2200394987e-06
  99.7000000   -5.4077062625e-03   -7.4535535673e-05    1.1531955822e-03   -1.0653771450e-04    8.4013049111e-04    3.7075949024e-06   -2.6162275467e-03   -1.1750310654e-06
  99.7100000   -5.7122133658e-03   -7.9974115220e-05    1.0639448383e-03   -1.0929039437e-04    8.4452291161e-04    3.5987711214e-06   -2.6147450625e-03   -1.1230529923e-06
  99.7200000   -5.9225389887e-03   -8.4417508015e-05    9.7341985605e-04   -1.1050852613e-04    8.4919127070e-04    3.4610289732e-06   -2.6131122437e-03   -1.0644975367e-06
  99.7300000   -6.0369384177e-03   -8.7786520074e-05    8.8206210456e-04   -1.1014962461e-04    8.5416224279e-04    3.2952726489e-06   -2.6113710537e-03   -9.9979700033e-07
  99.7400000   -6.0551724066e-03   -9.0015729983e-05    7.9004293779e-04   -1.0819429481e-04    8.5946014991e-04    3.1026337556e-06   -2.6095644317e-03   -9.2942025850e-07
  99.7500000   -5.9784894968e-03   -9.1054405580e-05    6.9727050290e-04   -1.0464714749e-04    8.6510675752e-04    2.8844638759e-06   -2.6077360225e-03   -8.5386911022e-07
  99.7600000   -5.8095847233e-03   -9.0867139208e-05    6.0340735075e-04   -9.9537061951e-05    8.7112108855e-04    2.6423253199e-06   -2.6059298998e-03   -7.7367439421e-07
  99.7700000   -5.5525367876e-03   -8.9435224773e-05    5.0789311231e-04   -9.2917227455e-05    8.7751925713e-04    2.3779801393e-06   -2.6041902826e-03   -6.8939197267e-07
  99.7800000   -5.2127240752e-03   -8.6757264797e-05    4.0997480410e-04   -8.4864814802e-05    8.8431432350e-04    2.0933774706e-06   -2.6025612484e-03   -6.0159857464e-07
  99.7900000   -4.7967210869e-03   -8.2849438556e-05    3.0874140859e-04   -7.5480221908e-05    8.9151617142e-04    1.7906393077e-06   -2.6010864441e-03   -5.1088755289e-07
  99.8000000   -4.3121777177e-03   -7.7745546747e-05    2.0316726796e-04   -6.4885938571e-05    8.9913140900e-04    1.4720447960e-06   -2.5998087972e-03   -4.1786457663e-07
  99.8100000   -3.7676829688e-03   -7.1497060365e-05    9.2158286874e-05   -5.3225018916e-05    9.0716329409e-04    1.1400131667e-06   -2.5987702279e-03   -3.2314329519e-07
  99.8200000   -3.1726152891e-03   -6.4172608027e-05   -2.5396842048e-05   -4.0659187248e-05    9.1561168486e-04    7.9708543422e-07   -2.5980113665e-03   -2.2734100929e-07
  99.8300000   -2.5369813756e-03   -5.5857522761e-05   -1.5057546979e-04   -2.7366656833e-05    9.2447301630e-04    4.4590501220e-07   -2.5975712752e-03   -1.3107438734e-07
  99.8400000   -1.8712482585e-03   -4.6653152902e-05   -2.8436772787e-04   -1.3539588714e-05    9.3374030284e-04    8.9197366370e-08   -2.5974871787e-03   -3.4955236679e-08
  99.8500000   -1.1861699025e-03   -3.6675018453e-05   -4.2762539830e-04    6.1874697380e-07    9.4340316748e-04   -2.7025111348e-07   -2.5977942041e-03    6.0413610063e-08
  99.8600000   -4.9261118509e-04   -2.6051457218e-05   -5.8101209507e-04    1.4897013918e-05    9.5344789731e-04   -6.2961487860e-07   -2.5985251320e-03    1.5444228991e-07
  99.8700000    1.9862717221e-04   -1.4922108947e-05   -7.4495662837e-04    2.9079050301e-05    9.6385752526e-04   -9.8605143257e-07   -2.5997101614e-03    2.4655773678e-07
  99.8800000    8.7697946674e-04   -3.4360482390e-06   -9.1961203194e-04    4.2947231562e-05    9.7461193771e-04   -1.3367238395e-06   -2.6013766896e-03    3.3620733483e-07
  99.8900000    1.5322808983e-03    8.2501175060e-06   -1.1048178119e-03    5.6285961915e-05    9.8568800734e-04   -1.6788233312e-06   -2.6035491087e-03    4.2286236435e-07
  99.9000000    2.1549241495e-03    1.9974858077e-05   -1.3000707362e-03    6.8885144016e-05    9.9705975040e-04   -2.0095918337e-06   -2.6062486199e-03    5.0602121097e-07
  99.9100000    2.7360047174e-03    3.1573555562e-05   -1.5045022775e-03    8.0543667359e-05    1.0086985074e-03   -2.3263442578e-06   -2.6094930681e-03    5.8521232787e-07
  99.9200000    3.2674523528e-03    4.2881347247e-05   -1.7168643905e-03    9.1072791806e-05    1.0205731464e-03   -2.6264903282e-06   -2.6132967974e-03    6.5999693699e-07
  99.9300000    3.7421479080e-03    5.3735669566e-05   -1.9355243944e-03    1.0029931819e-04    1.0326502864e-03   -2.9075558162e-06   -2.6176705279e-03    7.2997145384e-07
  99.9400000    4.1540217174e-03    6.3978481116e-05   -2.1584686055e-03    1.0806868919e-04    1.0448945414e-03   -3.1672029859e-06   -2.6226212567e-03    7.9476958422e-07
  99.9500000    4.4981337262e-03    7.3458556601e-05   -2.3833148985e-03    1.1424774605e-04    1.0572687809e-03   -3.4032500649e-06   -2.6281521823e-03    8.5406417863e-07
  99.9600000    4.7707331048e-03    8.2033783468e-05   -2.6073347350e-03    1.1872719506e-04    1.0697344071e-03   -3.6136896244e-06   -2.6342626536e-03    9.0756870788e-07
  99.9700000    4.9692961481e-03    8.9573647298e-05   -2.8274839057e-03    1.2142371281e-04    1.0822516453e-03   -3.7967056545e-06   -2.6409481450e-03    9.5503846824e-07
  99.9800000    5.0925454261e-03    9.5961393414e-05   -3.0404429100e-03    1.2228161904e-04    1.0947798472e-03   -3.9506892424e-06   -2.6482002558e-03    9.9627145103e-07
  99.9900000    5.1404471715e-03    1.0109549542e-04   -3.2426645582e-03    1.2127420575e-04    1.1072778021e-03   -4.0742526848e-06   -2.6560067371e-03    1.0311089026e-06
 100.0000000    5.1141867591e-03    1.0489127915e-04   -3.4304301811e-03    1.1840441398e-04    1.1197040566e-03   -4.1662419231e-06   -2.6643515435e-03    1.0594355503e-06
