run,what_is_different,t_start,t_end,outcome,min_lapse,min_chi,max_abs_K,L2_Ham,L2_Mom,sep_start,sep_min,t_sep_min,sep_end,t_common_ah,ah_r_max_incode,group
merge_orbit_flip_d12_p025_L128_lvl5_t100_lbf_csm,"BOOSTED RERUN of the fly-by (2026-09-30, the user's go 12:35 UTC): merge_orbit_flip_d12_p045_L128_lvl5_t100_csm at p = 0.25 on the exact-boost setup (momentum model 1, boosted shift, per-throat lapse freeze, match tol 1e-5), level 5 from t = 0, checkpoints every 5 (newest 3); in-code Psi4 on the head-on's and spiral's 24 x 37 grid, 21 modes",0.00,100.00,"finished clean at t = 100.00 DONE 10-02, reached stop_time t = 100 with no NaN -- THE FLY-BY IS A SCATTER, NOT A PLUNGE: closest approach 2.33 at t ~ 47, separation rising after, no common MOTS on any plotfile (3D finder, nan rows throughout). Trust t <= 63.3: L2 Ham crosses 2.5e-2 for good there (2.69 by t = 100); waves quotable to retarded time t - R <= 63.3, which covers the periapsis burst on every sphere. Packed 06_binary_flyby/, movies cut at 63.3",2.490e-04,3.375e-06,2.054,2.457e+00,3.880e-01,12.00,2.32,48.40,8.55,-,-,
ctrl_rest_a1_csm,A1-csm (the user's go ~12:4x UTC 10-02): ctrl_rest_a1_csm -- the a = 1 (half-width) resting pair at d = 12,0.00,15.01,"finished clean at t = 15.01 DONE 10-02, reached stop_time t = 15 clean (no NaN, Ham 8.7e-3 Mom 2.5e-5, the rest-probe class; no MOTS anywhere, correct for a resting pair). The a = 1 (half-width) matched rest pair at d = 12: restores Fig. 4(a)'s width arm on mode-3 data; solve matched both far sides to 1.8e-8 (c = 2.3154). The matched_rest_displacement re-measure and the Fig. 4(a) redraw are the next analysis step. Packed 03_two_throats/csm/",5.089e-02,2.365e-05,0.009,8.438e-03,2.054e-05,11.94,11.94,0.00,12.44,-,-,
bridge_grtresna_L64_t025,QUEUE 3 BRIDGE TEST -- constraint-solved initial data through ExternalGridInitialData.,0.00,5.31,"DIED at t = 5.31 on NaN in h11 (level 3, rank 0, amrex::Abort in GRAMRLevel::post_timestep), 05:40 2026-09-15, 19.7 units short. Ran 5.3 units first: min_chi rose 0.0244 -> 0.126 and min_lapse 0.156 -> 0.330 as the cusp smoothed out, L2_Ham 3.6e-3 -> 2.0e-2, then max_K ran 0.9 -> 390 in 0.3 units. Scratch pruned to BinaryWormholePlt00520 (the last state before the NaN); see runs/wormhole_merger/MANIFEST_CLEANUP_2026-09-15.md.",3.294e-01,8.412e-02,0.893,1.295e-02,6.461e-03,0.25,0.06,4.57,0.06,-,-,01_single_throat
stage1_lapse5,"Stage 1: the drainhole's own static lapse (type 5), sigma 2.0, max_level 2 -- ran to t = 40 with the throat destroyed (R 3.89 -> 2.58) while every constraint norm read flat: sigma 2.0 must not ship",0.00,40.00,finished clean at t = 40.00,8.552e-03,1.747e-03,0.144,1.323e-03,1.445e-03,0.12,0.12,0.00,0.18,16.90,3.62,01_single_throat/gauge
stage1_lapse6,"Stage 1: lapse type 6 (the origin-isolating collar), sigma 2.0, max_level 2 -- NaN at t = 21.7",0.00,21.66,NaN at t = 21.66,4.618e-01,1.738e-05,0.251,3.318e-03,2.757e-03,0.12,0.12,0.00,0.64,-,-,01_single_throat/gauge
stage1_lapse5_sg01,"Stage 1: lapse 5, sigma 0.1, max_level 2 -- NaN at t = 24.2 on level 2 with the throat still exact (3.894); the ml2 origin death, later shown to be the grid's",0.00,24.16,NaN at t = 24.16,3.249e-01,3.570e-06,0.519,2.728e-03,3.972e-03,0.12,0.12,0.00,0.51,-,-,01_single_throat/gauge
stage1_lapse6_sg01,"Stage 1: the collar with sigma 0.1, max_level 2 -- NaN at t = 31.4, throat drifted to 3.127: the collar buys 3.5x in survival and costs 20 % on the radius (a finite perturbation of an unstable equilibrium, not a bias)",0.00,31.38,NaN at t = 31.38,1.000e-10,3.335e-05,2.649,1.028e-02,2.355e-02,0.12,0.12,0.00,0.91,-,-,01_single_throat/gauge
stage1_lapse5_sg00,"Stage 1: lapse 5, sigma 0.0, max_level 2 -- never went unstable; the chi-gradient tagger chased the undissipated noise to 1000 grids and 24 % of the domain and the card ran out of memory at t = 35.2 (throat 3.87-3.95); why the campaign moved to fixed and tracked boxes",0.00,35.20,"out of memory at t = 35.20, never unstable",1.299e-01,9.318e-06,2.926,1.130e-01,5.048e-02,0.12,0.12,0.00,0.12,29.50,4.88,01_single_throat/gauge
s1uni128_lapse5_sg01,"Stage 1.4: unigrid control, N = 128 (dx 0.5 at the origin), lapse 5, sigma 0.1 -- NaN at t = 6.6 (K, level 0): removing the refinement makes the origin death 4x earlier",0.00,6.62,NaN at t = 6.62,6.550e-01,2.038e-04,2.052,1.492e-02,6.806e-02,0.50,0.50,0.00,1.00,-,-,01_single_throat/grid
s1uni256_lapse5_sg01,"Stage 1.4: unigrid N = 256 (dx 0.25), lapse 5, sigma 0.1 -- NaN at t = 1.2 (h11, level 0): refining uniformly makes it 20x earlier",0.00,1.23,NaN at t = 1.23,2.584e-01,4.999e-05,0.022,1.593e-03,8.989e-05,0.25,0.25,0.00,0.81,-,-,01_single_throat/grid
s15_lapse5_sg01_fg,"Stage 1.5: lapse 5, sigma 0.1 on the fixed-grid tagger, max_level 2 (dx 0.125) -- the half-resolution rung of the instability ladder; turns over at t = 20.5 and dies within 3 units of it, so it shows no growth rate",0.00,24.17,NaN at t = 24.17,3.251e-01,3.206e-06,0.520,2.730e-03,3.989e-03,0.12,0.12,0.00,0.19,-,-,01_single_throat/grid
s15_lapse5_sg00_fg,"Stage 1.5: sigma 0.0 on the fixed-grid tagger, max_level 2 -- the no-dissipation twin of the half-resolution rung",0.00,23.53,NaN at t = 23.53,1.000e-10,7.122e-06,31.947,1.071e+00,1.593e-01,0.12,0.12,0.00,0.12,-,-,01_single_throat/grid
s15_lapse6_sg00_fg,"Stage 1.5: the collar with sigma 0.0 on the fixed-grid tagger, max_level 2 -- contracts monotonically from t = 0 (-0.31 % by t = 5, -7.3 % by t = 26): the collar excites the unstable mode from the start",0.00,26.23,NaN at t = 26.23,1.000e-10,8.510e-06,18.684,2.332e-01,8.066e-02,0.12,0.12,0.00,11.92,-,-,01_single_throat/grid
s16ml3_lapse5_sg01_fg,"Stage 1.6: lapse 5, sigma 0.1, fixed-grid tagger, max_level 3 (dx 0.0625) -- THE SAME EVOLUTION as single_hold_t100 to t = 39.5 (identical R at every output, bit-identical norms: for one centred throat tagging types 1 and 2 build the same grids); do not cite the two as agreeing runs",0.00,40.00,finished clean at t = 40.00,1.340e-01,9.897e-06,0.015,2.531e-03,3.367e-05,0.06,0.06,0.00,0.06,-,-,01_single_throat/grid
single_hold_t100,"ONE drainhole throat, exact static data, at rest, production settings (max_level 3, sigma 0.1), t = 100 -- the decisive test of whether the 44-56 unit wall is the Gonzalez-Guzman-Sarbach radial mode of the constituent rather than a binary effect: the exact solution is a fixed point, so every deviation is error or instability with no physics mixed in",0.00,100.00,finished clean at t = 100.00 -- but areal_radius.dat is readable only to t = 65 (scan clipped); the chi floor at t = 61.3 is shown not to matter by its twin single_hold_chireg_t100; see single_throat/INSTABILITY.md and BRANCHES.md,1.608e-02,1.083e-03,0.589,1.194e-01,6.202e-02,0.06,0.06,0.00,0.06,-,-,01_single_throat/hold
single_hold_ml2_t100,single_hold_t100 with max_level 2 (dx 0.125 at the origin instead of 0.0625): h11 NaN on level 2 at t = 24.17 while the throat radius still sits at +0.12 % of exact -- the origin death is a resolution artefact and the throat is innocent,0.00,24.17,NaN at t = 24.17,3.251e-01,3.206e-06,0.520,2.730e-03,3.989e-03,0.12,0.12,0.00,0.19,24.17,1.62,01_single_throat/hold
single_hold_ml2_chireg_t100,"single_hold_ml2_t100 with the chi regularisation on (chi_rhs_floor 1e-8, min_chi 1e-20): K NaN on level 2 at t = 24.13 against 24.17, origin chi through 1e-8 at t = 8.95 in both, throat radius within 2e-4 of the reference to the end -- the grid killed ml2, not the clamp",0.00,24.12,NaN at t = 24.12,3.254e-01,4.960e-06,0.515,2.722e-03,3.914e-03,0.12,0.12,0.00,0.14,-,-,01_single_throat/hold
single_hold_chireg_t100,"single_hold_t100 with the chi regularisation on (chi_rhs_floor 1e-8, min_chi 1e-20): equal to the reference to 10 digits until the origin reaches the floor at t = 61.3, within 0.3 % in the norms during the 1.4-unit floor event, equal to 4 digits at t = 100 -- the floor is not load-bearing; collapse branch, marginally trapped surface R 3.23 (t = 61) -> 2.37 (t = 100)",0.00,100.00,finished clean at t = 100.00 -- same clipping of areal_radius.dat past t = 65 as its reference; the kept plotfiles are read in single_throat/BRANCHES.md instead,1.608e-02,1.083e-03,0.589,1.194e-01,6.202e-02,0.06,0.06,0.00,0.09,-,-,01_single_throat/hold
single_hold_ml4_t100,"single_hold_t100 with max_level 4 (dx 0.03125 at the origin): clean to t = 100, origin chi never below 2.4e-8; the SAME unstable mode at the same rate to 9 % (tau 5.26 vs 5.88) with the OPPOSITE sign -- the throat inflates, R_min 3.89 -> 10.0, no horizon, an anti-trapped shell growing around it",0.00,100.00,"finished clean at t = 100.00 -- on the INFLATION branch: throat radius 3.89 -> 10.0 by t = 100, no horizon; a fate at one resolution is not the physics (BRANCHES.md)",7.313e-02,3.746e-04,0.025,1.388e-02,2.424e-03,0.03,0.03,0.00,0.74,72.90,3.00,01_single_throat/hold
single_hold_ml4_lowfloor_t100,single_hold_ml4_t100 with min_chi 5e-10 instead of 1e-8: byte-identical to it on every stream -- the floor never engaged at level 4,0.00,100.00,finished clean at t = 100.00 -- byte-identical to single_hold_ml4_t100 (inflation branch),7.313e-02,3.746e-04,0.025,1.388e-02,2.424e-03,0.03,0.03,0.00,0.74,72.90,3.00,01_single_throat/hold
single_hold_dt01_t070,"single_hold_t100 with dt_multiplier 0.1 instead of 0.02 (Courant 0.1), to t = 70: 4.8x faster and bit-identical to t ~ 10, then a slow blow-up at the compactified origin, lapse floored at t = 16.0, h11 NaN at t = 16.07",0.00,16.05,NaN at t = 16.05,1.041e-01,5.197e-06,7.713,3.574e-01,1.265e-01,0.06,0.06,0.00,0.06,16.00,1.44,01_single_throat/hold
single_hold_dt005_t070,"single_hold_t100 with dt_multiplier 0.05 (Courant 0.05), to t = 70: reaches stop_time with no NaN but is NOT the same solution -- identical to the 0.02 reference to t ~ 30, then max|K| 30x by t = 35, L2_Ham 35x by t = 40 (reference flat), lapse floored at t = 61.1, throat 4 % smaller at t = 69",0.00,70.03,"finished clean at t = 70.03 -- but NOT the dt = 0.02 solution past t ~ 33: max|K| 30x and L2_Ham 35x the reference by t = 40, lapse floored at t = 61.1",1.000e-10,5.335e-06,32.343,4.757e-01,2.199e-01,0.06,0.06,0.00,0.06,49.80,6.00,01_single_throat/hold
single_m05_t040,"HALF-MASS LONE THROAT (GPU_PLAN.md queue 1g, launched 2026-09-10 on the user's word): single_m05_t040 -- the control for the half-mass head-on merge_headon_flip_d6_m05_t100.",0.00,26.27,"NaN at t = 26.28 (K, level 3, 0.16 from the throat centre, chi on the 1e-20 floor)",8.662e-01,4.856e-07,0.393,4.755e-03,1.466e-03,0.06,0.06,0.00,0.21,-,-,01_single_throat/hold
single_hold_L128_t100,"BIG-BOX LONE THROAT (GPU_PLAN.md queue 2c, launched 2026-09-10 on the user's word): single_hold_L128_t100 -- single_hold_t100 in a box twice as wide.",0.00,41.30,stopped by hand at t = 41.30,1.295e-01,1.003e-05,0.015,8.314e-04,1.647e-05,0.06,0.06,0.00,0.06,-,-,01_single_throat/hold
single_eps_m1e2_t100,"SEED ARM -0.01 (GPU_PLAN.md queue 2, launched 2026-09-10 on the user's word): single_eps_m1e2_t100 -- single_hold_t100 with a declared -1 % push IN on the throat (wormhole_seed_amplitude_A = -0.01); its twin single_eps_p1e2_t100 pushes OUT. Same grid (level 3), same everything: does the sign of the push pick the branch?",0.00,100.00,"ran to stop_time t = 100; 95 GB of scratch (40 plotfiles, no checkpoints)",1.055e-02,1.197e-02,0.029,8.785e-02,2.519e-02,0.06,0.06,0.00,3.23,32.25,6.00,01_single_throat/seed
single_eps_p1e2_t100,"SEED ARM +0.01 (GPU_PLAN.md queue 2, launched 2026-09-10 on the user's word): single_eps_p1e2_t100 -- single_hold_t100 with a declared +1 % push OUT on the throat (wormhole_seed_amplitude_A = +0.01); its twin single_eps_m1e2_t100 pushes IN. Same grid (level 3), same everything: does the sign of the push pick the branch?",0.00,100.00,"ran to stop_time t = 100; 96 GB of scratch (41 plotfiles, no checkpoints)",1.475e-02,1.005e-03,0.225,9.265e-02,4.603e-02,0.06,0.06,0.00,0.07,-,-,01_single_throat/seed
single_eps_m1e1_t100,"SEED ARM -0.1 (GPU_PLAN.md queue 2, launched 2026-09-10 on the user's word): single_eps_m1e1_t100 -- single_hold_t100 with a declared 10 % push IN on the throat (wormhole_seed_amplitude_A = -0.1); its twin single_eps_p1e1_t100 pushes the other way, and the 1 % pair single_eps_m1e2/p1e2_t100 is the quiet rung. Level 3, same grid as every arm: does the sign of the push pick the branch, and how does the onset move with the size?",0.00,15.17,NaN at t = 15.17,2.645e-01,3.133e-06,0.034,2.875e-03,2.166e-03,0.06,0.06,0.00,0.06,-,-,01_single_throat/seed
single_eps_p1e1_t100,"SEED ARM 0.1 (GPU_PLAN.md queue 2, launched 2026-09-10 on the user's word): single_eps_p1e1_t100 -- single_hold_t100 with a declared 10 % push OUT on the throat (wormhole_seed_amplitude_A = 0.1); its twin single_eps_m1e1_t100 pushes the other way, and the 1 % pair single_eps_m1e2/p1e2_t100 is the quiet rung. Level 3, same grid as every arm: does the sign of the push pick the branch, and how does the onset move with the size?",0.00,14.06,NaN at t = 14.06,2.458e-01,1.000e-08,0.070,3.207e-03,6.197e-04,0.06,0.06,0.00,0.14,0.00,2.31,01_single_throat/seed
single_eps_m1e3_t100,"SEED ARM -0.001 (GPU_PLAN.md queue 2, launched 2026-09-10 on the user's word): single_hold_t100 with a declared -0.1 % push IN on the throat (wormhole_seed_amplitude_A = -0.001); its twin single_eps_p1e3_t100 pushes OUT. Same grid (level 3) and everything else as the +-0.01 pair, one tenth the amplitude: is the branch point a property of the kick or of the throat?",0.00,100.00,"ran to stop_time t = 100; 95 GB of scratch (40 plotfiles, no checkpoints)",1.502e-02,9.310e-03,0.030,4.689e-02,5.238e-03,0.06,0.06,0.00,2.77,43.05,6.00,01_single_throat/seed
single_eps_p1e3_t100,"SEED ARM +0.001 (GPU_PLAN.md queue 2, launched 2026-09-10 on the user's word): single_hold_t100 with a declared +0.1 % push OUT on the throat (wormhole_seed_amplitude_A = 0.001); its twin single_eps_m1e3_t100 pushes IN. Same grid (level 3), same everything as the +-0.01 pair, one tenth the amplitude: is the branch point a property of the kick or of the throat? Answer: the pair crosses itself at t = 13.04 against t = 13.01 for +-0.01, so a tenfold change in the kick moves the branch by 0.03 -- the crossing belongs to the throat's own transient.",0.00,40.07,"ran to NaN, not stopped by hand; 95 GB of scratch (40 plotfiles, no checkpoints) left un-pruned",2.648e-01,7.879e-07,0.491,1.306e-03,8.979e-04,0.06,0.06,0.00,0.06,-,-,01_single_throat/seed
single_eps_m1e2_ml4_t060,"SEED ARM -0.01 AT LEVEL 4 (GPU_PLAN.md queue 2b, launched 2026-09-10 on the user's word): single_eps_m1e2_ml4_t060 -- single_eps_m1e2_t100 (a declared 1 % push IN on the throat) with max_level 4, stopped at t = 60; its twin single_eps_p1e2_ml4_t060. At level 4 the UNKICKED throat inflates: does the declared kick still pick the fate?",0.00,13.46,stopped by hand at t = 13.50,2.141e-01,3.713e-07,0.005,2.571e-03,8.530e-05,0.03,0.03,0.00,0.03,-,-,01_single_throat/seed
single_eps_p1e2_ml4_t060,"SEED ARM +0.01 AT LEVEL 4 (GPU_PLAN.md queue 2b, launched 2026-09-10 on the user's word): single_eps_p1e2_ml4_t060 -- single_eps_p1e2_t100 (a declared 1 % push OUT on the throat) with max_level 4, stopped at t = 60; its twin single_eps_m1e2_ml4_t060. At level 4 the UNKICKED throat inflates: does the declared kick still pick the fate?",0.00,13.50,stopped by hand at t = 13.50,2.143e-01,3.522e-07,0.005,2.451e-03,8.223e-05,0.03,0.03,0.00,0.03,-,-,01_single_throat/seed
single_eps_p1e2_q1e2_t100,"SEED ARM +0.01 WITH A QUADRUPOLE (GPU_PLAN.md queue 2d, launched 2026-09-10 on the user's word): single_eps_p1e2_q1e2_t100 -- single_eps_p1e2_t100 (declared +1 % spherical push OUT, black hole from t = 11) with a quadrupolar kick on top, wormhole_seed_l2_amplitude_A = 0.01: the same shell times P2(cos theta) about z. A spherical throat cannot radiate; this one has a quadrupole to shed while it collapses, so the ringdown of the black hole it forms should reach the wave spheres (R = 10/14/18/22).",0.00,27.58,"NaN at t = 27.58 (h11, level 3), horizon at areal radius ~2.9",2.801e-01,7.894e-08,0.457,1.414e-03,8.743e-04,0.06,0.06,0.00,0.18,27.58,1.50,01_single_throat/seed
single_eps_p1e2_q1e2_chk_t100,"WAVE FROM ONE THROAT, LEG 1 (GPU_PLAN.md queue 2e (i), launched 2026-09-14 on the user's word, one card): single_eps_p1e2_q1e2_chk_t100 -- the 2d quadrupole arm (+0.01 spherical kick, wormhole_seed_l2_amplitude_A = 0.01, spheres R = 10/14/18/22) run again to its own NaN (2d died at t = 27.58) with ROLLING CHECKPOINTS every 0.5 units, keep 2, so leg 2 restarts from just before the wall with the interior fill armed",0.00,27.58,NaN at t = 27.58,2.801e-01,7.894e-08,0.457,1.414e-03,8.743e-04,0.06,0.06,0.00,0.18,27.58,1.50,01_single_throat/seed
single_eps_p1e2_q1e2_ml4_t100_r02500,"WAVE FROM ONE THROAT, LEG 2 (GPU_PLAN.md queue 2e (i), route B, one card): single_eps_p1e2_q1e2_ml4_t100 -- leg 1 (single_eps_p1e2_q1e2_chk_t100, the 2d quadrupole arm with rolling checkpoints) restarted from its last checkpoint before the K runaway at t = 27.58 with max_level 3 -> 4 (launch.sh --max-level 4), NO interior fill, checkpoints on: does resolution alone carry the kicked throat through its wall, as level 5 did for the head-on? Falls back to the fill from the same checkpoint if it dies within a few units -- restarted from BinaryWormholeChk02500 (kept in _keep_2e)",25.01,51.87,still running,8.941e-03,3.110e-04,0.273,1.086e-03,1.549e-03,0.06,0.03,25.91,0.03,-,-,01_single_throat/seed
single_eps_p1e2_q5e2_ml4_t100,"WAVE FROM ONE THROAT, STRONGER QUADRUPOLE (queue 2e follow-up, launched 2026-09-14 on the user's word, one card): single_eps_p1e2_q5e2_ml4_t100 -- the quadrupole arm at wormhole_seed_l2_amplitude_A = 0.05 (5x the 2d/leg-2 value) on the +0.01 spherical kick, max_level 4 from t = 0 (leg 2 showed level 4 passes the t = 27.6 wall that kills level 3), spheres R = 10/14/18/22, rolling checkpoints every 0.5 units keep 2.  Why: at 0.01 the (2,0) wave was only ~2.3x the spherical control's l = 2 floor at R = 14 (5.2e-4 vs 2.3e-4, t = 26-51) -- too weak for the ringdown (gate 4) and amplitude (gate 3) reads; 0.05 puts it ~10x the floor and tests linearity against the 0.01 arm.",0.00,100.00,finished clean at t = 100.00,7.044e-03,2.488e-04,0.228,9.028e-02,4.532e-02,0.03,0.03,0.00,0.04,-,-,01_single_throat/seed
single_eps_p1e2_q5e3_ml4_t100,"QUEUE 2E (ii), THE AMPLITUDE TWIN: l2 seed 0.005 (half the headline 0.01) on the +0.01 spherical kick, level 4 from t=0, no checkpoints, in-code Weyl4 at 10/14/18/22 + radial core profile (binary coreprof_2026-09-16) DONE 2026-09-19, t=100, zero aborts. GATE 3 PASSES ACROSS A DECADE: rms (2,0) at R=10/14/18 over t=30-50 is 1.47/1.78/1.94e-4, exactly half the 0.01 arm (ratio 1.99/1.97/1.87) and a tenth the 0.05 arm (11.5/10.6/9.4); the control floor sits 2-10x below. The wave is linear in the seed -- it is a wave.",0.00,100.00,finished clean at t = 100.00,7.187e-03,2.555e-04,0.231,9.352e-02,4.640e-02,0.03,0.03,0.00,0.03,-,-,01_single_throat/seed
single_pureq_q1e2_ml4_t100,"QUEUE 2E (iv), THE PURE QUADRUPOLE: spherical kick 0, l2 seed 0.01, level 4 from t=0, no checkpoints, in-code Weyl4 at 10/14/18/22 + radial core profile (binary coreprof_2026-09-16). Does shape alone pick a fate and radiate? DONE 2026-09-19, t=100, zero aborts. YES ON BOTH: MOTS at t=33, areal radius 3.85 -> 1.90 (collapse, on the level whose own truncation seed INFLATES the round throat -- the shape did it, not the grid), and the (2,0) wave equals the kicked 0.01 arm to 2-3% at all three spheres: the radial kick contributes nothing to the wave.",0.00,100.00,finished clean at t = 100.00,7.687e-03,2.732e-04,0.239,1.136e-01,5.925e-02,0.03,0.03,0.00,0.03,-,-,01_single_throat/seed
single_eps_m1e2_ml4_t100,"EXPANSION-BRANCH INSTRUMENTED ARM: kick -0.01 (the inflating sign), level 4, t=100, no checkpoints, in-code Weyl4 + radial core profile + areal/anti-trapped scan. The mirror of the pure-quadrupole collapse page; completes queue 2b's -eps half to t=100",0.00,100.00,"CAVEAT, and it must travel with this run: from t = 85 the COMMON-CENTRE scan reports flickering theta_+ = 0 rows at R ~ 60.6-60.8. Those are NOT a horizon. The radial profile shows that areal peak exists from t = 0 at the innermost shell -- it is the far universe's compactified infinity -- and the inflation carries its image outward in coordinate radius (r = 0.016 -> 2.9) until it enters the scan window. Nothing may be quoted as a surface from those rows. Constraints hold to t ~ 50 then grow 60x in L2_Ham by t = 100, so the record is quoted only where the mode is exponential.",8.092e-02,1.361e-03,0.009,7.991e-02,1.126e-02,0.03,0.03,0.00,1.59,31.75,3.00,01_single_throat/seed
single_pureq_q1e2_ml4_scalar_t100,"THE LONE THROAT'S SCALAR CHANNEL (launched 2026-09-21 on the user's word, GPU 1, no checkpoints). Re-run of the pure-quadrupole collapse arm with its exact parameters (NOTE 2026-09-22, found at the L128 launch: on the campaign pin main3d_boost_2026-09-08.ex, a SIBLING BUILD of the original's main3d_coreprof_2026-09-16.ex -- t=0 constraints agree to 11 digits; also why this run has no core_radial_profile.dat) (whose GW burst, E = 3.2e-5 M, is the published single-throat wave) with the scalar-mode stream on the 10/14/18 spheres -- the one scenario missing from the censorship figure. Its MOTS forms at t = 33: does the lone collapse shed its hair and go quiet like the head-on, and what is scalar/GW for one throat? VERDICT (2026-09-21 13:46; REWRITTEN 2026-09-21 -- the first reading's 'after the horizon' was WRONG, there is no horizon on this record): reached t=100, ZERO NaN -- and the arm DID NOT REPRODUCE THE ORIGINAL'S FATE. Same parameters (full params diff: only output paths differ; same AMReX 26.02-12-gd7da5045) on the sibling build, different branch: the original collapses (min lapse 9.3e-3 at t=70; MOTS from 33, settling R=2.35/M=1.24) while this arm never does (min lapse 0.122 at t=70, 0.072 and still falling at 100; minimal surface holds R~3.9 through t=50, scan rows pit-corrupted after: dev 0.26 at 70, 3.7 at 100); its (2,0) burst is x1.8 off the original's (3.2e-4 at t=36.6 vs 5.8e-4 at 24.8). HORIZONLESS BY BOTH INSTRUMENTS: the star scan reports 0 MOTS rows over the whole record, and the shape-free flow finder on the kept t=100 slice finds 0 surfaces (lmax 6, 15 seed-variants). At eps2=1e-2 with zero kick the fate boundary therefore sits within round-off of the branch point -- flipped by a round-off-level perturbation (sibling build, same parameters) -- the machine-level analogue of the level-3/4 truncation sign flip -- now a named caution in the paper (Sec. single:collapse). The growth verdict survives re-anchoring, on a HORIZONLESS record: monopole flux grows quasi-exponentially (e-fold 5.8 at R=18 over t=50-95; R10 flux +6e-5 (45) -> +0.66 (90); phi_l0(R10) -2.23 -> -13.0, unconverged at cutoff). Health: L2_Ham sits on its floor 2.5e-3 until t=82, then x4.9 by 100 (the collapsed original's own late Ham is 1.2e-1 = x50, pit-dominated); |psi4(2,0)| INCREASES OUTWARD at t=80 (R22 0.63 > R18 0.46 > R14 0.12 > R10 0.07) -- boundary/sponge-sourced signature; a sponge damping a PHANTOM monopole can pump rather than damp (hypothesis, untested). Ghost instability vs L=64 boundary artifact vs marginal-branch transient: UNDECIDED; discriminator = same arm at L=128 (or a sponge test), which must also show the collapse branch is reachable there -- user-gated. scalar/GW for one throat: not quotable. Paper edits (2026-09-21): the curve IS drawn in Fig. scalar_censorship(b) as the fourth fate, solid to t=82 and dashed after, 'drawn and not counted'; Sec. single:collapse carries the machine-marginality caution; open item 12 downgraded to 'no USABLE scalar measurement'. Keeps: Plt09800-10000 on local scratch; the cited t=100 slice archived to 01_single_throat/seed/_keep_pureq_twin_noMOTS_plt10000 with the hunt log. CORRECTED 2026-09-23 (article audit): this arm ran on the campaign pin main3d_boost_2026-09-08, which predates the l2 seed and silently ignores wormhole_seed_l2_amplitude -- its t = 0 constraint norms are bit-identical to the control's, so it is physically the unkicked level-4 throat, NO quadrupole (GPU_PLAN 2026-09-23 evening).",0.00,100.00,finished clean at t = 100.00 fate not machine-robust at this seed (relaunch flipped the branch); late record boundary-suspect; no number quotable,7.313e-02,3.746e-04,0.025,1.388e-02,2.424e-03,0.03,0.03,0.00,0.74,72.90,3.00,01_single_throat/seed
single_pureq_q1e2_L128_ml4_scalar_t100,"THE BOUNDARY DISCRIMINATOR (2026-09-22, on the user's word ""launch all""): the pure-quadrupole scalar arm with ONE knob -- the box doubled. L 64 -> 128 at the SAME resolution everywhere (N 128 -> 256, dx0 = 0.5, max_level 4, dx_finest = 0.03125), same tagging boxes (tagging_L stays 64, the flyby-L128 precedent), sponge moved out with the wall (24-32 -> 48-64), same seed (l2 = 0.01, kick 0), same spheres (10/14/18/22). Two questions: (1) does the horizonless monopole growth of single_pureq_q1e2_ml4_scalar_t100 survive with the boundary twice as far (ghost instability) or vanish (box artifact)? (2) is the collapse branch reachable here at all -- the fate is machine-marginal at L = 64 (identical relaunch flipped it). VERDICT (landed 2026-09-23 11:58, t = 100.0 clean, zero NaN, avg 3.41 u/h, 29.5 h): QUESTION 1 ANSWERED -- the monopole growth SURVIVES the doubled box (few-% match to the L = 64 twin on all spheres through t ~ 80, identical e-folds 4.27/4.37/4.51 over 45-75): ghost-driven, NOT a box artifact. Question 2: the collapse branch was NOT reached -- this arm inflates too (ray-min R 3.89 -> 8.56 by t = 98, x2.2 [the star scan's 'R_min sphere to 18.2' first quoted here was WRONG, corrected 2026-09-23: its shell window (r <= ~3) is outrun by the inflating throat at t ~ 72-75, r_at pins at 2.97 then jumps to the inner-sheet dip at r = 0.30; only the ray scan tracks the throat, r_at gliding 1.61 -> 8.06]; no horizon -- the lone n_mots row is the R 47.6 / M 24 scan-edge artifact). Growth-rate history: dlnR/dt peaks ~0.032 near t ~ 75, falls to ~0.011 by 95 (halving per ~20 units) -- accelerate, peak, decelerate. Caveats: L2_Ham leaves floor at 76.8 (x12 by 96.8); the late outward-increasing psi4 pattern persists at L = 128 (never the boundary). Quotable window t <~ 75-80. Fate question handed to the t500 long arm. CORRECTED 2026-09-23 (article audit): this arm ran on the campaign pin main3d_boost_2026-09-08, which predates the l2 seed and silently ignores wormhole_seed_l2_amplitude -- its t = 0 constraint norms are bit-identical to the control's, so it is physically the unkicked L = 128 level-4 throat, NO quadrupole (GPU_PLAN 2026-09-23 evening).",0.00,100.00,"finished clean at t = 100.00 inflates, no horizon; monopole growth box-independent through t ~ 80 (ghost, not boundary); quotable t <~ 80",7.314e-02,3.718e-04,0.025,9.321e-03,2.746e-03,0.03,0.03,0.00,0.74,72.95,3.00,01_single_throat/seed
single_eps_p1e2_q1e2_ml4_scalar_t100,"THE GUARANTEED COLLAPSE WITH THE SCALAR RECORDER (2026-09-22, on the user's word ""we need this for the paper""): the kicked+quadrupole lone throat -- eps = +0.01 radial kick (the branch-deciding push ALONG the unstable spherical mode; this exact configuration collapsed with a horizon from t ~ 11 as the GW arm single_eps_p1e2_q1e2) plus the l2 = 0.01 quadrupole, max_level 4, t = 100, WITH --scalar-modes. Exists because the pure quadrupole pushes only at second order on the fate mode, so its fate is machine-marginal (the scalar twin refused to collapse); this arm has no fate ambiguity and delivers the missing measurement: the lone collapse's scalar channel dying (or not) behind its own horizon -- the counted single-throat curve for the censorship figure. Shares gpu-1-0 GPU 0 with the L=128 arm: ml4 twin peaked 21.6 GB, 35 GB free. VERDICT (finished t = 100 clean, zero NaN; read 2026-09-23): THE COUNTED SINGLE-THROAT CENSORSHIP CURVE IS IN HAND. Permanent MOTS from t = 11.0 (R 3.88/M 1.94, settling to R 2.45/M 1.29 at 100 -- the published kicked-fate schedule reproduced, so the kicked point is NOT machine-marginal: first-order mode drive vs the pure quadrupole's second order). The scalar envelope peaks in the burst (~1.2e-2 at R=18) and then DECAYS ~90x by t=80, late e-fold tau = 7.4/6.0/5.4 at R=10/14/18 -- hair shed, source quiet: the horizoned side of the censorship ledger, now measured on ONE THROAT against its own uncollapsed twin's e-fold-5.6 growth. CAVEAT: post-horizon E_phi integrates +0.022/+0.090/+0.130 across the spheres (x6 spread; the near sphere sits in the collapsing hair's near zone) -- the DECAY is quotable, no single E_phi number is. Fig. scalar_censorship(b) gains this as the solid green curve (the uncollapsed twin drops to dashed-not-counted); VI.F rewritten around 'one throat, two fates'; item 12 updated. Keeps: 4 plotfiles + 3 checkpoints (50G) on the second GPU node's local scratch, prune pending the user's word. CORRECTED 2026-09-23 (article audit): this arm ran on the campaign pin main3d_boost_2026-09-08, which predates the l2 seed and silently ignores wormhole_seed_l2_amplitude -- its t = 0 constraint norms are bit-identical to the control's, so it is physically the spherical eps = +0.01 kick at level 4 (== single_eps_p1e2_ml4_t060), NO quadrupole (GPU_PLAN 2026-09-23 evening).",0.00,100.00,"finished clean at t = 100.00 decay quotable, E_phi sphere spread x6 -- no single energy number",7.189e-03,2.555e-04,0.231,9.357e-02,4.642e-02,0.03,0.03,0.00,0.04,-,-,01_single_throat/seed
single_pureq_q1e2_L128_ml4_scalar_t500,"THE INFLATION FATE ARM, LONG FORM (2026-09-23, user: ""make this as long run as possible ... add our chk logic with keep only last 3""): the L = 128 pure-quadrupole scalar arm with stop_time 500 -- same box, seed, spheres and max_level 4 as the t = 100 discriminator (bit-identical over the shared window by the determinism record), ROLLING checkpoints keep-3 so the run can be stopped, resumed or extended at any point; frames on. Question: does the throat inflation (R_min sphere 3.9 -> 18 by t = 98, growth speed peaked ~t = 76 and halving every ~20 units since) saturate, keep creeping, or turn over into collapse once the growing monopole flux has carried the phantom support away? A t = 150 stop risked landing unsettled and needing a relaunch (superseded template params_single_pureq_q1e2_L128_ml4_scalar_t150.txt, aborted at t = 0.28 and pruned this date). CORRECTED 2026-09-23 (article audit): this arm ran on the campaign pin main3d_boost_2026-09-08, which predates the l2 seed and silently ignores wormhole_seed_l2_amplitude -- its t = 0 constraint norms are bit-identical to the control's, so it is physically the unkicked L = 128 level-4 throat, NO quadrupole (GPU_PLAN 2026-09-23 evening). -- RELABELED 2026-09-24 (the audit's launcher-pin trap, confirmed on the LIVE PROCESS: exe hash == main3d_boost_2026-09-08.ex, zero wormhole_seed_l2_amplitude strings): THIS ARM IS THE UNKICKED L = 128 LEVEL-4 THROAT -- wormhole_seed_amplitude_A = 0.0 and the l2 seed never loaded. Still the right arm for the inflation-fate question (the unkicked throat IS the inflating branch); its figure page single_throat_inflation_L128 (NEW 2026-09-24) reads the live stream.",0.00,195.14,stopped by hand at t = 195.14 on the user's word (2026-09-24 16:12): not quotable past t ~ 100; scratch pruned (MANIFEST_CLEANUP_2026-09-24),6.902e-03,6.124e-03,0.014,1.286e-01,2.906e-02,0.03,0.03,0.00,2.89,72.95,3.00,01_single_throat/seed
single_eps_p1e2_t250,"THE REGROWTH-SATURATION ARM (designed 2026-09-23 on the user's word, from the single_horizon_regrowth figure): single_eps_p1e2_t250 -- the undamped +1 % kicked collapse arm re-run to stop_time 250 with the horizon scan AND the scalar stream on, to answer WHERE THE REGROWN HORIZON CONVERGES: at t = 100 the MOTS has regrown 2.00 -> 2.34 (+17.0 %) and M_MS +11.7 % and is still creeping -- saturating asymptote (fit M_inf), continued growth, or a second turnover. Late tail must be read against this family's known constraint growth (onset t ~ 57-84).",0.00,145.80,"NaN at t = 145.80 DIED 2026-09-24 00:54 AT t = 145.81 -- K NaN on level 3, AND IT WAS THE BOX, NOT THE THROAT: the lone-throat level-3 constraint growth leaves its 1.4e-3 floor at t = 76 doubling every 3.8 units (Ham 0.1 at 100, peak 0.33 at 110), the K frames show seam-born speckle from t = 82 (the refinement-boundary square and sponge corners first) filling the domain by 96 and a +-0.2 standing-wave bath by 120, the lapse collapses domain-wide (min alpha 1.5e-2 at 100 -> the 1e-10 floor from 144) and the terminal rebound swings past alpha = 1.3 as max|K| runs 18 -> 3170 over the last 0.8 units. THE USER'S CUT: NOTHING PAST t = 100 IS QUOTABLE (wave-zone quantities die ~84); horizon-local M_MS stays smooth to ~115 and flattens onto M ~ 1.31 (1.292 at 100 -> 1.308 at 145, creep 4e-4/unit and falling) -- EVIDENCE for saturation, not a measurement, so the paper's 'open at t = 100' stands unchanged. NO CHECKPOINTS EXIST: the template's probe-policy amr.checkpoint_files_output = 0 silently overrode checkpoint_interval/checkpoint_keep (zero Chk writes in the log; the verify-the-first-Chk-by-effect rule adopted from this). No extend possible -- TAKE 2 STAGED, user-gated: templates_scan/params_single_eps_p1e2_L128_ml4_t250.txt (L = 128 ml4 -- the live t500 arm's box, which at the same age carries H = 4e-3 and contains the seam mode -- same +1 % kick, stop 250, checkpoints ON, ~37 h at 6.8 u/h). Movies of all 6 fields stitched into the run dir. The record's clean core: 45.8 units past the t100 record with the floor-to-regain physics unchanged.",1.000e-10,1.051e-03,18.334,2.960e-01,1.449e-01,0.06,0.06,0.00,0.06,142.90,1.19,01_single_throat/seed
single_eps_p1e2_L128_ml4_t250,"THE REGROWTH-SATURATION ARM, TAKE 2 IN THE BOX THAT SURVIVES (designed 2026-09-24 on the user's word ""can we have proper rerun so it actually goes to t 250 wihout failure""): single_eps_p1e2_L128_ml4_t250 -- the +1 % kicked collapse arm at L = 128, max_level 4, sponge 48/64, stop 250. The first take (L = 64, level 3) died at t = 145.8: NOT the throat -- the box (lone-throat level-3 constraint growth to Ham 0.33 at t = 110, domain-wide lapse collapse by 130, terminal rebound and K runaway 18 -> 3170 over t = 145-145.8). Its extension was evidence for saturation (M_MS 1.292 at t = 100 -> 1.308 at 145, creep 4e-4/unit and falling) but NOTHING PAST t = 100 IS QUOTABLE (the user's cut, 2026-09-24): Ham leaves its 1.4e-3 floor at t = 76 doubling every 3.8 units, and the K frames show seam-born speckle from t = 82 (refinement-boundary square + sponge corners first), domain-filling by t = 96, a standing-wave kaleidoscope at +-0.2 by t = 120. The live L128 ml4 twin shows the same seam mode CONTAINED (corner moire at few 1e-2, H falling) -- the corners of its refinement square are the watch signal. This grid is the live t500 arm's, which at the same age carries H = 4e-3 -- the box that demonstrably survives the era. QUESTION unchanged: where the regrown horizon converges (fit M_inf ~ 1.31?, asymptote vs creep vs turnover), now on a quotable record. amr.checkpoint_files_output = 1 (the first take's silent killer of the extend option: the knob was 0 from probe policy and no Chk ever wrote) -- VERIFY THE FIRST Chk BY EFFECT within 5 units of launch.",0.00,74.34,stopped by hand at t = 74.34 on the user's word (2026-09-24 16:13): its question is gone (the regrowth is numerical); card 1 freed,8.373e-03,2.858e-04,0.245,8.408e-04,6.684e-04,0.03,0.03,0.00,0.03,-,-,01_single_throat/seed
single_eps_m1e2_L512_ml5_oct_t400,"F4 (GPU_PLAN 2026-09-25, the user after F3's NaN: ""switch back now and run full t""): F3 IN 1+LOG. F3 (the harmonic octant) died at t = 46.55, NaN in K on the edge of the level-5 box (|x| = 5) the inflating neck had crossed; F2 was its bit-identical full-box twin. F1b ran this grid in 1+log to t = 99.6 without a NaN and differed from F2 only in the two lapse keys, so this is F1b's gauge on F3's octant: [0,256]^3, reflective planes x = y = z = 0, 1/8 of the cells, ~5x faster, rolling checkpoints keep-3.",0.00,392.36,"CAVEAT, and it must travel with this run: quotable to t = 218 only. The 1+log collapse front reaches the outer face (x = 256) at t = 218 and its reflection runs back in (x ~ 67 by t = 390); the far theta_k track is lost at t = 212 and L2 H passes 0.1 at t = 220. The run died at t = 392.36 (NaN in h11 on level 2; the blow-up sits on the neck sphere r ~ 60-65, where the reflection arrives; the t = 392 plotfile is already corrupt). Frames: chi K lapse phi Pi only (the launch passed a trimmed --frames-fields), so no Weyl4 or shift movies exist. Its Weyl4_mode_2m.dat files (in-code extraction, R = 40-120) are NOT radiation (checked 2026-09-26): once the lapse-collapse front reaches a sphere, |r Psi4| in (2,0) and (2,2) climbs from ~3e-6 to 0.01-0.1, and psi22/psi20 = +sqrt(3/2) exactly, imaginary part zero, at every sample, a rigid shape no wave has. Every single-throat in-code Weyl4 file carries it: on the level-4 twin single_eps_m1e2_ml4_t100 at R = 14 the in-code files read ~90x the consumer's plotfile extraction (psi4_mode_l2_all.dat) in (2,0) and ~6000x in (2,2); the paper's throat waves use the consumer streams. The inflating branch radiates nothing measurable: a spherical kick cannot, and the twin's consumer (2,0) stays <= 1.4e-5 at R = 10 to t = 100, 200x below the quadrupole-seeded burst (2.9e-3). F4's plotfiles are pruned, so it has no clean Psi4 record.",6.555e-08,1.725e-01,0.024,8.066e-01,4.266e-02,0.05,0.05,0.00,9.80,-,-,01_single_throat/seed
single_eps_p1e1_t100_csm,SEED-csm (the user's word 2026-10-02: the kicked single on SOLVED data): single_eps_p1e1_t100_csm --,0.00,31.50,"finished clean at t = 31.50 SETTLES THE KICK QUESTION (stopped t = 31.5 by dump_and_stop on the user's word, no NaN, Ham 1.3e-3): the +10% kick on mode-3 SOLVED data (c_A = 1.1 x c_iso = 2.4126; far side 1.268x isolated mass, 1.21x charge) is BORN TRAPPED -- the 3D finder holds a MOTS on the t = 0 slice (R 4.306, M_MS 2.153) shrinking to R 3.039, M 1.519 at 31.5 (the NEC-violating absorption), min lapse 0.008: the same prompt collapse as the superposed twin (round-scan horizon by t = 1). The constraint solve does not erase or soften a declared kick; the seeded-throat verdicts are not superposition artifacts. NOTE: the conformal seed itself is PROVABLY incompatible with the solve (the binary aborts: unique solution at fixed phi), so the kick is carried by the explicit puncture coefficient (mode 2) -- the code's own prescription. No further single-wormhole runs (the user's word; m1e1 mirror cancelled). Consumer-less first 1.5 h (the --profile none incident), backlog fully reprocessed. Packed 01_single_throat/seed/ 10-02 (closeout 0 problems; movies exist, made before the user's no-movies word); only the scratch prune and the idle watch-mode consumer remain for a first-node session",6.556e-03,6.561e-04,0.251,1.336e-03,1.500e-03,0.06,0.06,0.00,0.06,-,-,01_single_throat/seed
t0_single_boost_p000_lbc,"T0 SHAPE SET (2026-09-29, the user's go ~16:58 UTC): one exact-boost throat at p = 0.0 (v = 0.0000,",0.00,0.11,"finished clean at t = 0.11 t = 0 shape start-up, stopped at t = 0.5 by design (no NaN); throat axis ratio 1.00000 (1/gamma 1.00000) -- the contraction figure; packed 2026-09-29 without movies",9.624e-10,4.109e-07,0.000,2.117e-03,0.000e+00,0.06,0.06,0.00,0.06,0.00,1.56,02_moving_throat/contraction_t0
t0_single_boost_p012_lbc,"T0 SHAPE SET (2026-09-29, the user's go ~16:58 UTC): one exact-boost throat at p = 0.12 (v = 0.1191,",0.00,0.11,"finished clean at t = 0.11 t = 0 shape start-up, stopped at t = 0.5 by design (no NaN); throat axis ratio 0.99288 (0.99288) -- the contraction figure; packed 2026-09-29 without movies",9.742e-10,4.129e-07,0.002,2.127e-03,7.930e-06,0.06,0.06,0.00,0.06,0.00,1.50,02_moving_throat/contraction_t0
t0_single_boost_p045_lbc,"T0 SHAPE SET (2026-09-29, the user's go ~16:58 UTC): one exact-boost throat at p = 0.45 (v = 0.4104,",0.00,0.11,"finished clean at t = 0.11 t = 0 shape start-up, stopped at t = 0.5 by design (no NaN); throat axis ratio 0.91195 (0.91192) -- the contraction figure; packed 2026-09-29 without movies",1.142e-09,4.417e-07,0.007,2.270e-03,3.341e-05,0.06,0.06,0.00,0.06,0.00,1.19,02_moving_throat/contraction_t0
t0_single_boost_p025_lbc,"T0 SHAPE SET (2026-09-29, the user's go ~16:58 UTC): one exact-boost throat at p = 0.25 (v = 0.2425,",0.00,0.11,"finished clean at t = 0.11 t = 0 shape start-up, stopped at t = 0.5 by design (no NaN); throat axis ratio 0.97015 (0.97014) -- the contraction figure; packed 2026-09-29 without movies",1.015e-09,4.200e-07,0.003,2.160e-03,1.702e-05,0.06,0.06,0.00,0.06,0.00,1.38,02_moving_throat/contraction_t0
t0_single_boost_p035_lbc,"T0 SHAPE SET (2026-09-29, the user's go ~16:58 UTC): one exact-boost throat at p = 0.35 (v = 0.3304,",0.00,0.11,"finished clean at t = 0.11 t = 0 shape start-up, stopped at t = 0.5 by design (no NaN); throat axis ratio 0.94387 (0.94386) -- the contraction figure; packed 2026-09-29 without movies",1.067e-09,4.291e-07,0.005,2.206e-03,2.472e-05,0.06,0.06,0.00,0.06,0.00,1.31,02_moving_throat/contraction_t0
single_rest_csm_t050,"MOMENTUM PROBE, CONTROL (2026-09-29): one mode-3 solved throat AT REST, L = 64 level 3, t = 50 -- the solve's own seed, the baseline every boosted arm reads its kick against. t = 0: M_ADM 1.00137, one-body mass 1.0000.",0.00,32.27,"stopped by hand at t = 32.27 on the user's word (stop_campaign.sh, 2026-09-29 14:26:50 UTC, the three probes together: the finding was in), no NaN, no checkpoints; closed out with WHM_MOVIES=0 (frames and slice cache kept), filed 02_moving_throat/csm/; scratch (7.1 G, Plt03000-03200) pruned (MANIFEST_CLEANUP_2026-09-29)",1.616e-01,8.656e-06,0.012,2.510e-03,8.995e-06,0.06,0.06,0.00,0.06,-,-,02_moving_throat/csm
single_boost_p012_csm_t050,"MOMENTUM PROBE p = 0.12 (2026-09-29): one mode-3 solved throat with Bowen-York momentum 0.12 along +y, scalar at rest -- does momentum alone kick a throat toward inflation (the spiral's mouths read -0.8 %)? t = 0: M_ADM 1.00703, one-body mass 1.0000.",0.00,32.97,"stopped by hand at t = 32.97 on the user's word (stop_campaign.sh, 2026-09-29 14:26:50 UTC, the three probes together: the finding was in), no NaN, no checkpoints; closed out with WHM_MOVIES=0 (frames and slice cache kept), filed 02_moving_throat/csm/; scratch (6.9 G, Plt03000-03200) pruned (MANIFEST_CLEANUP_2026-09-29)",1.536e-01,1.633e-05,0.014,1.885e-03,1.456e-04,0.06,0.06,0.00,0.06,-,-,02_moving_throat/csm
single_boost_p045_csm_t050,"MOMENTUM PROBE p = 0.45 (2026-09-29): one mode-3 solved throat with Bowen-York momentum 0.45 along +y, scalar at rest -- does momentum alone kick a throat toward inflation (the fly-by's mouths read -1.2 %)? t = 0: M_ADM 1.07969, one-body mass 1.0000.",0.00,32.64,"stopped by hand at t = 32.64 on the user's word (stop_campaign.sh, 2026-09-29 14:26:50 UTC, the three probes together: the finding was in), no NaN, no checkpoints; closed out with WHM_MOVIES=0 (frames and slice cache kept), filed 02_moving_throat/csm/; scratch (6.7 G, Plt03000-03200) pruned (MANIFEST_CLEANUP_2026-09-29)",1.527e-01,9.568e-05,0.054,1.242e-03,1.664e-04,0.06,0.06,0.00,0.06,-,-,02_moving_throat/csm
single_boost_p045_lbf_t050,"RERUN of single_boost_p045_lb_t050 with the slicing source frozen at the moving puncture (2026-09-29, the user's go",0.00,44.67,"NaN at t = 44.67 COLLAPSES ON ITS OWN MODE WHILE MOVING: R_min +2.0 % at t = 29, 1 % below its start at t = 36.8, -9.2 % at t = 44 (level-3 scan A rows); ln(R_peak - R) e-folds in 5.5-5.7 against the resting level-3 throat's 5.88 (single_hold_t100), the same collapse branch. The pit lapse held (0.215-0.233 from t = 24); no boundary reflection reaches it. Died at t = 44.67 (NaN in h11, level 3) when chi at the pit reached its floor (t = 44.60); trust window 44.5. One resolution. To be cited (the user, 2026-09-30).",2.336e-01,1.000e-08,0.933,2.948e-03,1.197e-03,0.06,0.06,0.00,0.15,-,-,02_moving_throat/exact_boost
single_boost_p045_lbf_ml4_t060,"LEVEL-4 TWIN of single_boost_p045_lbf_t050 (2026-09-30, the user's go 16:52 UTC): the same exact-boost throat (p = 0.45, v = 0.4104, momentum model 1, the per-throat lapse freeze) with one knob, max_level 3 -> 4 (dx 0.03125 at the throat), to t = 60 -- does the moving throat follow the resting level-4 throat (single_hold_ml4_t100, which inflates) as the level-3 one followed the resting level-3 throat into collapse?",0.00,53.43,"NaN at t = 53.43 DIED at t = 53.43 (23:51 UTC 09-30, NaN in h11, level 4; stop 60). COLLAPSES LIKE THE LEVEL-3 RUN, although the resting level-4 throat inflates: R_min (A rows) +1.4 % at t = 30, below its start at t = 38.6, -1 % at 40.4 (level 3: 34.1, 36.8), -11.4 % at t = 48, -30.1 % at t = 53; ln(R_peak - R) e-folds in 5.0-5.7 over t = 44-53 (level 3: 5.5-5.7; the resting throats 5.26 at level 4, 5.88 at level 3). Pit lapse 0.20-0.21 to t = 51; chi at the pit on or near its floor from t = 52.2. Trust window t <= 53. Closed out 10-01 without movies",2.936e-01,2.192e-05,0.814,1.783e-03,1.548e-03,0.03,0.03,0.00,0.09,-,-,02_moving_throat/exact_boost
ctrl_rest_d12_csm,"MODE-3 RERUN of ctrl_rest_d12 (2026-09-28): the same run on far-side-matched initial data (constraint_solve_puncture_mode = 3)., every other key the old run's -- clean to t = 15.01, opened +0.4791 by t = 11.5 against the superposed +0.4696 (x1.020); M_ADM(0) = 1.56579; with ctrl_flip_d12_csm the pull/push ratio over t = 3.5-10.5 is 1.463 +- 0.023 (superposed 1.518 +- 0.021, fixed potential 1.500)",0.00,15.01,finished clean at t = 15.01,1.961e-01,6.900e-06,0.006,3.978e-03,3.233e-05,11.94,11.94,0.00,13.06,-,-,03_two_throats/csm
ctrl_flip_d12_csm,"MODE-3 RERUN of ctrl_flip_d12 (2026-09-28): the same run on far-side-matched initial data (constraint_solve_puncture_mode = 3)., every other key the old run's -- clean to t = 15.00 (stopped there by dump_and_stop on the user's word; the old run's stop_time 30 kept), fell in -0.7132 by t = 11.5; M_ADM(0) = 2.27376; pull/push against ctrl_rest_d12_csm 1.463 +- 0.023 over t = 3.5-10.5",0.00,15.00,finished clean at t = 15.00,1.969e-01,7.263e-06,0.015,4.912e-03,5.298e-05,12.06,10.31,14.97,10.31,-,-,03_two_throats/csm
ctrl_rest_d16_csm,"MODE-3 RERUN of ctrl_rest_d16 (2026-09-28): the same run on far-side-matched initial data (constraint_solve_puncture_mode = 3)., every other key the old run's -- clean to t = 15.01, opened +0.2963 by t = 11.5 against the superposed +0.2980 (x0.994); M_ADM(0) = 1.66449; the mode-3 ladder d = 12-18 fits A/(d + delta)^2 with delta = 2.65 (superposed 3.56)",0.00,15.01,finished clean at t = 15.01,1.991e-01,5.823e-06,0.006,5.072e-03,2.247e-05,15.94,15.94,0.00,16.69,-,-,03_two_throats/csm
ctrl_rest_d14_csm,"MODE-3 RERUN of ctrl_rest_d14 (2026-09-28): the same run on far-side-matched initial data (constraint_solve_puncture_mode = 3)., every other key the old run's -- clean to t = 15.01, opened +0.3716 by t = 11.5 against the superposed +0.3699 (x1.004); M_ADM(0) = 1.62149",0.00,15.01,finished clean at t = 15.01,1.976e-01,5.777e-06,0.006,4.642e-03,2.666e-05,13.94,13.94,0.00,14.81,-,-,03_two_throats/csm
ctrl_rest_d18_csm,"MODE-3 RERUN of ctrl_rest_d18 (2026-09-28): the same run on far-side-matched initial data (constraint_solve_puncture_mode = 3), every other key the old run's -- clean to t = 15.01, separated +0.2406 by t = 11.5 against the superposed run's +0.2438 (x0.987); M_ADM(0) = 1.69871, each mouth the isolated throat's far side (one-body mass 1.0000)",0.00,15.01,finished clean at t = 15.01,2.004e-01,5.526e-06,0.006,5.060e-03,1.859e-05,17.94,17.94,0.00,18.56,-,-,03_two_throats/csm
ctrl_rest_a1_csm,A1-csm (the user's go ~12:4x UTC 10-02): ctrl_rest_a1_csm -- the a = 1 (half-width) resting pair at d = 12,0.00,15.01,"finished clean at t = 15.01 DONE 10-02, reached stop_time t = 15 clean (no NaN, Ham 8.7e-3 Mom 2.5e-5, the rest-probe class; no MOTS anywhere, correct for a resting pair). The a = 1 (half-width) matched rest pair at d = 12: restores Fig. 4(a)'s width arm on mode-3 data; solve matched both far sides to 1.8e-8 (c = 2.3154). The matched_rest_displacement re-measure and the Fig. 4(a) redraw are the next analysis step. Packed 03_two_throats/csm/",5.089e-02,2.365e-05,0.009,8.438e-03,2.054e-05,11.94,11.94,0.00,12.44,-,-,03_two_throats/csm
merge_headon_flip_d8_eta4_t030,"REFEREE QUEUE R3a, THE CONTROL (launched 2026-09-21 on the user's word, GPU 0, no checkpoints). The v1g_eta4 gauge arm run the way it was never run: head-on d = 8, level 3, FROM t = 0 (its checkpoint is pruned), eta 1.0 -> 4.0, fill OFF, damping OFF, stop 30. Question: does the common MOTS still form at t ~ 22 under the swapped gauge? If yes, the censored side is gauge-robust and R1/R2 read as statements about the wall, not the gauge globally. Dying at a moved level-3 wall (scout 26.91) is expected and is itself a reading. VERDICT (2026-09-21 11:59): SURVIVED to stop_time 30, zero NaN -- but no persistent MOTS either: eta 4 slows the coordinate infall (mouths still 1.06 apart at t=30 vs contact ~20 standard), so the merger is postponed past the stop time and 'MOTS at 22 is eta-robust' is UNANSWERED. Scan rows with n_mots=1 at t=28.2-29.4 are artifacts (R_areal 22-24, M_MS 61-65 vs the system's ~4.8, chi-pit-dominated areas; gone by t=30 with n_trapped 0). A continuation past 30 would answer it; not launched, user-gated. Flow hunt on the kept t=30 slice (12:09): 0 surfaces converged; r0=1.0 flows stall fully trapped (extreme theta_out -1.6e-3, h 1.02-1.27, chi-pit-inflated areas R_areal ~21 -- the scan-flicker region), r0=0.6 stalls untrapped inside, r0>=1.5 mixed-sign 0.50: a marginally trapped structure may be emerging at the pits but is within level-3 noise, and with no outer untrapped witness no Andersson-Metzger pair closes -- no MOTS claimable. Keeps: the cited t=30 slice archived to 04_binary_headon/_keep_r3a_eta4_plt03000 with the hunt log (closeout 2026-09-21); local-scratch keeps pruned. CORRECTION 2026-09-23: this row's 'mouths still 1.06 apart at t = 30' (un-merged) reading was WRONG -- that number is the split-plane half-domain diagnostic, which never reaches 0 in ANY gauge; the throat tracker's coalescence is at t = 26.70 against the standard gauge's 21.04, so the arm DID merge, ~5.7 late on the eta-4 clock, before its t = 30 stop. The horizon question is settled on the continuation row below (trapped spheres from t = 30.8).",0.00,30.00,finished clean at t = 30.00,1.157e-02,5.476e-06,0.108,4.275e-03,4.779e-03,7.94,1.06,29.78,1.06,27.45,3.62,04_binary_headon
merge_headon_flip_d8_lp2_t030,"REFEREE QUEUE R3b, THE CONTROL'S TWIN (launched 2026-09-21 on the user's word, GPU 1 sharing with the scalar arm on the user's word, no checkpoints). Head-on d = 8, level 3, FROM t = 0, eta back at 1.0 and lapse_power 1.0 -> 2.0 (out of 1+log), fill OFF, damping OFF, stop 30. Question: same as R3a for the out-of-family lapse -- common MOTS at t ~ 22 or not. Wall-clock speed shares the card with the scalar arm; code-unit clocks are the reading. VERDICT (2026-09-21 11:04): NaN in h11 at t=25.226, level 3, merger core (mouths 0.5 apart) -- 1.7 units BEFORE the scout's 26.91, and the same star scan that reports the scout's common MOTS from t=22 reports NONE through the last slice t=25.2: scattered trapped cells from 24.9 (max 6), no closed surface. The out-of-family lapse (-2a^2K, harmonic-class) kills the control earlier and horizonless-as-scanned; and the flow finder agrees: the consumer's --keep-last 3 saved Plt02500-02520 (t = 25.0-25.2, node-local scratch), and the shape-free hunt on t = 25.2 (lmax 6, 15 seed-variants) found 0 surfaces -- interior seeds stall mixed-sign (frac_neg 0.50, rms 2.2e-1), seeds r0 >= 1.5 expand out of the box. Answer to the question: NO common MOTS by either instrument, through death; the scout's five-unit horizon lead is not gauge-robust. Cited slice + hunt log archived: 04_binary_headon/_keep_r3b_lp2_plt02520/. CORRECTION 2026-09-23: the verdict above ('NO common MOTS by either instrument, through death; the scout's five-unit horizon lead is not gauge-robust', written 2026-09-21) was WRONG. A re-read of this arm's own horizon_scan.dat shows the common MOTS with sane areas on every scan from t = 20.8 -- R_areal 5.47 / M_MS 3.06 against the standard gauge's 5.40 / 3.10 -- leading the t = 25.23 death by 4.4 units (standard lead 4.9). The 09-21 read mistook the record for the pit-flicker family. The lead IS gauge-robust (4.9 / 4.4 / >= 3.4 across the three slicings); paper VII.C + open item 1, plan and results README all corrected this date.",0.00,25.22,NaN at t = 25.22,1.065e-01,1.000e-20,1.105,3.103e-03,6.189e-03,7.94,0.41,25.15,0.44,20.50,3.81,04_binary_headon
merge_headon_flip_d8_eta4_t050,"REF-eta4-headon -- the referee queue's R3a: the eta 4 control on the head-on. THE CONTINUATION (launched 2026-09-22 ~06:20 on the user's word 'launch all', GPU 1 of the first GPU node, rolling checkpoints keep-3, keep-last 8, from t = 0). VERDICT (read 2026-09-23): NaN in h11 at t = 34.15, level 3 -- the delayed level-3 wall caught the slowed merger (scout 26.91, eta-4 clock ~+7). No credible MOTS on the scan before death: the n_mots=1 rows at t=28.2-29.4 carry R_areal ~24 / M_MS ~64 against the system's ~4.8 -- the chi-pit-inflated-area artifact, same family as the t030 arm's flickers. So 'MOTS at 22 is shift-robust' is answered NO-AS-SCANNED at level 3, with the same later-forming-horizon resolution caveat as the harmonic control (VII.C carries 25.2/26.9/34.2 on the control). Death-window keeps on the first GPU node's local scratch; flow hunt pending there. CORRECTION 2026-09-23: 'No credible MOTS on the scan before death ... NO-AS-SCANNED' was WRONG. Beside the pit-area artifact rows the scan holds whole trapped coordinate spheres (theta_out_max <= 0 AND theta_in_max <= 0, closed surfaces) on EVERY slice from t = 30.8 to the 34.15 death; a closed trapped surface guarantees a MOTS outside it, so the horizon precedes this death by >= 3.35 units. What level 3 does not give in this gauge is the MOTS location: the flow finder stalls on a noise-floor attractor R ~ 5.0 / M_MS ~ 2.46 (rms 4.4e-2--9e-2, frac_neg ~ 0.5, a noise-floor MOTS signature), with trapped Andersson-Metzger witnesses from t = 33.7; the untrapped-witness bracket logs (batches C/D) are on the first GPU node's local /tmp. Leads across gauges 4.9 / 4.4 / >= 3.4 -- censorship of the head-on wall is gauge-robust; VII.C flipped accordingly this date.",0.00,34.15,"NaN at t = 34.15 died at delayed wall, CENSORED: whole trapped spheres from t = 30.8, lead >= 3.35 (MOTS bracketed, not located) [the 09-23 morning 'horizonless-as-scanned (pit artifacts only)' verdict was WRONG, corrected 2026-09-23] || 2026-09-25: MOTS LOCATED on the NFS-kept level-3 slices with a box that holds it (shape-free flow finder (ah_flow_finder.py), level-2 sampling, half 9, lmax 8, centre (32,32,32), inner/middle/outer seeds): t = 30.0 R 5.41 +- 0.02 / M_MS 2.70, t = 34.1 R 5.29 / 2.645 (0.05 before the NaN; = the level-5 restart's 5.29 / 2.644 at 34.2); lead >= 4.15 (was >= 3.35 by trapped spheres). The 09-23 noise-floor attractor R ~ 5.0 / M_MS ~ 2.46 was the neck (h ~ 0.3-1); the surface sits at h 4.7-5.3, outside every earlier hunt's box.",7.508e-03,3.269e-07,0.456,2.286e-03,2.880e-03,7.94,0.44,32.90,0.53,27.45,4.19,04_binary_headon
merge_headon_flip_d8_eta4_lvl5_t040_r03200,"THE ETA-4 HEAD-ON MOTS LOCATOR AT LEVEL 5 (2026-09-23, launched on the user's word ""ok go on""): restart of merge_headon_flip_d8_eta4_t050 from its archived Chk03200 (t = 32.0, NFS keep 04_binary_headon/_keep_r3a_eta4_t050_deathwin/) with max_level 3 -> 5, plotfiles every 0.2 units, stop 40. QUESTION: locate the MOTS that level 3 only brackets on this arm -- whole trapped spheres from t = 30.8 prove a horizon precedes the 34.15 wall (lead >= 3.35) but the flow finder stalls on a noise-floor attractor R ~ 5.0; level 5 resolves the surface (R, M_MS, exact lead) to match the standard (5.40/3.10, lead 4.9) and harmonic (5.47/3.06, lead 4.4) numbers. RISK, from the spiral probe minutes earlier: a fresh level 5 planted 2 units before an eta-4 wall detonated instantly there; this is the same margin, so the first ~10 minutes are the test. If level 5 walks THROUGH the wall (the standard head-on lvl5 precedent), the tape to 40 records the settled horizon. -- restarted from BinaryWormholeChk03200 (kept in _keep_r3a_eta4_t050_deathwin)",32.01,40.00,"finished clean at t = 40.00 LANDED 2026-09-23 15:45: WALKED THROUGH THE ETA-4 WALL -- run complete at t = 39.9997 (stop 40), ZERO NaN lines, 5.85 units past the level-3 death at 34.15; the third gauge in which resolution rescues the head-on wall (standard lvl5 and the ladder before it). 30 plotfiles at 0.2 cadence (Plt03420-04000, t = 34.2-40.0) kept in node scratch; MOTS LOCATED (hunt 2026-09-25, shape-free flow finder (ah_flow_finder.py), level-2 sampling, half 9, lmax 8, centre (32,32,32), inner/middle/outer seeds): t = 34.2 R 5.29 +- 0.02 / M_MS 2.644, 37.0 R 5.23 / 2.616, 40.0 R 5.17 / 2.584, theta_in <= -0.21, Andersson-Metzger witnesses on both sides; nearly round about (32,32,32) but at h 4.95-5.69, outside the half-3-5 boxes of every earlier eta-4 hunt -- which is why level 3 only 'bracketed' it (the R ~ 5.0 / M_MS ~ 2.46 'attractor' there is the neck, h ~ 0.3-1). The level-3 parent carries the same surface (row merge_headon_flip_d8_eta4_t050). Hunt logs in 04_binary_headon/_keep_eta4_lvl5_mots_r03200/; frames and scratch pruned 2026-09-25.",5.331e-03,1.000e-20,0.962,9.839e-04,2.503e-03,0.84,0.11,38.41,0.11,32.01,3.34,04_binary_headon
merge_headon_flip_d8_cs_lvl3_t030,"CS-1 (2026-09-27, launched on the user's word ""run your tests here"", the second GPU node): the V1 head-on scout (merge_headon_flip_d8_v1_t100: d = 8 from rest, level 3, L = 64) with CONSTRAINT-SOLVED initial data (constraint_solve = 1: the t = 0 Hamiltonian constraint solved on the initial hierarchy, phi / Ahat / Pi / lapse unchanged, the superposition's own puncture coefficients), to t = 30, rolling checkpoints every 2 units (keep 8). Binary main3d_cssolve_c5e80085-dirty (uncommitted test build, patch kept beside it).",0.00,30.00,"FINISHED t = 30.0 (2026-09-27 06:01-08:14 UTC, 2.2 h, 13.6 u/h, 29 GB), no NaN -- the scout died at t = 26.91. THE SAME MERGER, ABOUT 2 UNITS LATER, WITH A HORIZON 4-5 % LARGER. Offline fine scan with the scout's settings (small_data/horizon_offline_scan.dat): no MOTS at t = 20-22; the common MOTS is born at t = 23 (trapped band 0.04 wide; R 5.835, M_MS 3.097), R 5.867 at t = 24, peak 5.938 at t = 25, 5.258 at t = 27, not found from t = 28 (scout: R 5.564 at t = 22 with a band 0.78 wide, peak 5.713 at t = 24). Live scan: first common MOTS at t = 24 (scout 22). The l = 2, m = 0 wave at R = 14 crosses zero at t = 26.0 against 24.2, its trough 4 % deeper. Separation behind the scout by 0.125 at t = 10-14 and 0.5 at t = 20; mouths 1.3 % wider at t = 0 and 4.6 % at t = 18; L2_Mom 0.4-0.7 x the scout's until the merger. Chi reaches the floor at t = 27.97 (scout 24.37); the core's K runaway starts at t = 29.8 (max |K| 0.09 -> 2.6 at 29.9), so the trust window is t <= 29.7. Penrose: R/2 = 2.93-2.97 against M_ADM 2.74, 7-8 % above (2.63 until 2026-09-27 12:15 UTC, a fit biased by the Robin face; the volume identity gives 2.738); the scout's 2.78 against 2.00 was 39 %. t = 0: finest-level Hamiltonian 9.7e-3 -> 5.1e-6 rms on the throat shell; M_ADM 2.74 (the superposition: 2.00); each mouth's far-side mass -5.368, the scout's -5.363 (same throats); each throat R_min 4.52 (4.47)",9.460e-03,3.056e-06,0.089,2.676e-03,3.666e-03,8.06,0.44,29.78,0.44,23.25,3.38,04_binary_headon
merge_headon_flip_d8_v1_L128_lvl5from0_scalar_chk_t100_csm,"MODE-3 PRODUCTION HEAD-ON, L = 128, CHECKPOINTED RERUN (2026-09-29, the user's go): the dead run merge_headon_flip_d8_v1_L128_lvl5from0_scalar_t100_csm's params (level 5 from t = 0) with rolling checkpoints every 5 units, newest 3, as the fly-by and the spiral -- leg 1 of the route through the core failure at t ~ 38.85 by resolution (leg 2: level 6 from a checkpoint before the wall; leg 3: level 3 after it to t = 100).",0.00,38.84,"NaN at t = 38.84 DIED at t = 38.845 (20:21 UTC 09-29), as the uncheckpointed run did to the step: NaN in h11 on level 5, a one-step overflow at the merged core inside the common MOTS; no NaN in any stream before it. It is LEG 1 of the production chain (t = 0-35; leg 2 restarts from its Chk03500): M_ADM 2.357 (volume identity), common MOTS first at t = 22 (r 2.53, R 5.02, M_MS 2.69), level-0 L2 H 1.19e-3 at t = 0, peak 2.7e-3 at t = 22.4. Packed 09-30 in 04_binary_headon/csm with legs 2 and 3.",8.868e-03,2.336e-07,0.681,4.146e-04,3.941e-04,8.02,0.08,38.17,0.08,-,-,04_binary_headon/csm
merge_headon_flip_d8_v1_L128_lvl6from35_scalar_chk_t100_csm_r03500,"MODE-3 PRODUCTION HEAD-ON, LEG 2 (2026-09-29, the user's go): leg 1 (merge_headon_flip_d8_v1_L128_lvl5from0_scalar_chk_t100_csm) restarted from its Chk03500 (t = 35) with max_level 6 to go through the t = 38.85 core wall by resolution, no fill; tracker seeded at the merged core (centres +-0.01; the first launch at 20:33 UTC seeded at the t = 0 positions, dropped the core to level 3 and was stopped at t = 35.07, archived as 00_archive/aborted/..._badseed_2037); checkpoints every 5 units, newest 3",35.01,50.80,stopped by hand at t = 50.80 on the user's word (2026-09-30 04:25 UTC): leg 3 down-steps from its Chk05000,1.000e-10,7.176e-06,0.308,1.366e-04,4.210e-04,0.12,0.01,43.06,0.01,35.16,0.75,04_binary_headon/csm
merge_headon_flip_d8_v1_L128_lvl4from50_scalar_t100_csm_r05000,"MODE-3 PRODUCTION HEAD-ON, LEG 3 (2026-09-30, the user's go): leg 2 (merge_headon_flip_d8_v1_L128_lvl6from35_scalar_chk_t100_csm_r03500, level 6, through the t = 38.85 wall) restarted from its Chk05000 (t = 50) down-stepped to max_level 4 (levels 5-6 lie inside the remnant horizon) to t = 100; no checkpoints; tracker seeded at the core as leg 2",50.01,100.00,"finished clean at t = 100.00 REACHED t = 100 (11:25 UTC 09-30), exit 0, no NaN. Seam at t = 50 continuous: level-0 norms to 0.1 %, in-code Psi4 identical to leg 2's on the 0.8-unit overlap, common MOTS R 4.266 -> 4.247 and M_MS 2.296 -> 2.300 (t = 50 -> 51). Common MOTS every unit to the end: R rises from its minimum 4.25 (t = 48, leg 2) to 4.66 by t = 62, then 4.58-4.70; 4.65 / M_MS 2.373 at t = 100 (oriented scan at t = 100: r 3.377, R 4.688, M_MS 2.373, every shell inside trapped; M_ADM 2.357). CAVEAT, the wave zone: from t ~ 65 fine-scale numerical noise grows on the level-1 refinement cube (|x|, |y|, |z| < 20), doubling every ~6 units. It is the late rise of the level-0 L2 H (1.1e-4 at t = 70, 1.2e-3 at t = 100; 94 % of it at r = 16-32, native level-1 Ham rms 1e-2 at t = 100; nothing at the core or the outer boundary) and it contaminates the in-code Psi4 on the spheres inside level 1 (R <= 20: the symmetry-forbidden (3,2) mode is 3 % of (2,0) at t = 65-80, 8 % at 80-85, 60 % at 95-100) and on R = 28, which cuts the cube's corners, from t ~ 90; R = 36 and 44 (level 0) stay clean to t = 100 (<= 3 %). The remnant and its MOTS (levels 3-4) are unaffected. No trust-window row: quote the waves per sphere as above.",2.752e-03,7.423e-05,0.125,1.132e-03,5.709e-04,0.03,0.03,50.01,0.03,50.01,3.00,04_binary_headon/csm
merge_headon_flip_d8_v1_L128_lvl4from50_hfl_t060_csm_r05000,"HFL-ho (2026-10-01, the user's go 05:25 UTC): the first-law check of SEC VI's budget paragraph -- leg 3 of the mode-3 head-on again from leg 2's Chk05000 (t = 50, max_level 4) to t = 60, keeping EVERY plotfile (WHM_KEEP_PLOTFILES=1) for dM_MS/dt against the scalar flux through the horizon; no checkpoints, as leg 3 -- restarted from BinaryWormholeChk05000 (kept in merge_headon_flip_d8_v1_L128_lvl6from35_scalar_chk_t100_csm_r03500)",50.01,60.01,"finished clean at t = 60.01 REACHED t = 60 (06:50 UTC 10-01), exit 0, no NaN; every stream bit-identical to leg 3's over t = 50-60 (in-code Psi4, norms, diagnostics, the consumer's t = 51-59). Its 11 plotfiles (t = 51-60 and 60.01, 5.5 GB each) stay on scratch on the user's word. THE FIRST LAW: the common MOTS (spectral finder, Newton to |theta_out_lm| < 1e-6, l <= 6, level 3) shrinks from R 4.7776 at t = 51 to 4.7734 at t = 58 and regrows to 4.7735 at t = 60 (M_MS 2.3888 -> 2.3868) while it rounds (axes x / y 3.341 / 3.025 -> 3.252 / 3.168, prolate along the collision axis); dR = -0.00411 over t = 51-60 (level 2: -0.00405). The scalar's flux through it alone predicts -0.00704 (it can only shrink it), flux plus the shear term -0.00252: the measured lies between, and its turn to growth at t = 58 is the shear term's (predicted from t = 57; +1.0-1.1e-4 per unit at t = 58-60 against +0.1-1.1e-4 measured). Level 4 cannot read it: its cube (+-2.5) lies inside the horizon (r = 3.0-3.4). Script grteclyn-wrapper/scripts/analysis/merger_feedback/headon_first_law.py; tables in the pack's VALIDATION.md",2.455e-03,7.699e-05,0.135,1.166e-04,3.865e-04,0.03,0.03,50.01,0.03,50.01,2.97,04_binary_headon/first_law
merge_headon_flip_d8_v1_L128_lvl4from50_motse2e_t055_csm_r05000,"MOTS-e2e (2026-10-01, the user's go ~07:45 UTC: ""e2e validate it on this node free gpu""): the consumer's on-the-fly spectral MOTS (--mots-spectral, in headon-modes-prod since 10-01) end to end -- leg 3 of the mode-3 head-on again from leg 2's Chk05000 (t = 50, max_level 4) to t = 55, with the standard keep-last 3; no checkpoints, as leg 3 -- restarted from BinaryWormholeChk05000 (kept in merge_headon_flip_d8_v1_L128_lvl6from35_scalar_chk_t100_csm_r03500)",50.01,55.01,"finished clean at t = 55.01 REACHED t = 55.01 (08:37 UTC 10-01, the second node), exit 0, no NaN. THE CONSUMER'S SPECTRAL MOTS WORKS END TO END: headon-modes-prod with --mots-spectral wrote mots_spectral.dat on every plotfile, the end-of-run drain's included (t = 55, 55.01), and its rows at t = 51-55 equal HFL-ho's offline level-3 analysis of the same bit-identical slices (R to 8e-8, M_MS to 1e-8, sigma^2 to 5e-6); Newton from the previous surface in 6 iterations (~20 s), the cold start at t = 51 ~3 min. Its first chi frame is byte-identical to HFL-ho's; the consumer kept pace and left the last 3 plotfiles. Validation run, not cited",4.695e-03,7.847e-05,0.138,1.263e-04,3.944e-04,0.03,0.03,50.01,0.03,50.01,2.62,04_binary_headon/first_law
merge_headon_flip_d8_v1_L128_lvl5from0_mots_t035_csm,"MOTS-ho1 (2026-10-01, the user's go ~20:10 UTC ""launch next queued run with proper horizon finder""): the head-on's",0.00,35.00,"finished clean at t = 35.00 DONE 10-02, reached stop_time t = 35 clean (no NaN, L2 Ham 4.3e-4 / Mom 6.9e-4 at the end). THE HEAD-ON'S TRUE HORIZON HISTORY t = 0-35: the 3D finder's common MOTS is born at t = 18 (R 5.634, M_MS 2.817, deform 0.104) -- 4 units earlier and 12% larger than the round scan's caption values (t ~ 22, R 5.02) -- and settles to R 4.789, M_MS 2.394, deform 0.026 at t = 35 (warm Newton ~5 iters, residual 6.5e-7). Feeds the Fig. 5 / par VI re-measure with MOTS-ho2/ho3. Packed 04_binary_headon/mots/",1.391e-03,1.006e-07,0.713,4.276e-04,7.445e-04,8.02,0.11,32.70,0.14,-,-,04_binary_headon/mots
place_d8_step1,"placement probe for the V1 scout: the scout's two throats at rest at d = 8, one step; per-mouth radius at t = 0 only (placement curve, subtracted from the scout's pre-contact readings)",0.00,0.01,finished clean at t = 0.01,1.937e-01,3.195e-07,0.000,2.883e-03,0.000e+00,7.94,7.94,0.00,7.94,-,-,04_binary_headon/placement
place_d75_step1,"placement probe for the V1 scout: the scout's two throats at rest at d = 7.5, one step; per-mouth radius at t = 0 only (placement curve, subtracted from the scout's pre-contact readings)",0.00,0.01,finished clean at t = 0.01,1.921e-01,3.142e-07,0.000,2.864e-03,0.000e+00,7.44,7.44,0.00,7.44,-,-,04_binary_headon/placement
place_d7_step1,"placement probe for the V1 scout: the scout's two throats at rest at d = 7, one step; per-mouth radius at t = 0 only (placement curve, subtracted from the scout's pre-contact readings)",0.00,0.01,finished clean at t = 0.01,1.903e-01,3.083e-07,0.000,2.845e-03,0.000e+00,6.94,6.94,0.00,6.94,-,-,04_binary_headon/placement
place_d65_step1,"placement probe for the V1 scout: the scout's two throats at rest at d = 6.5, one step; per-mouth radius at t = 0 only (placement curve, subtracted from the scout's pre-contact readings)",0.00,0.01,finished clean at t = 0.01,1.882e-01,3.016e-07,0.000,2.821e-03,0.000e+00,6.44,6.44,0.00,6.44,-,-,04_binary_headon/placement
place_d6_step1,"placement probe for the V1 scout: the scout's two throats at rest at d = 6, one step; per-mouth radius at t = 0 only (placement curve, subtracted from the scout's pre-contact readings)",0.00,0.01,finished clean at t = 0.01,1.859e-01,2.939e-07,0.000,2.799e-03,0.000e+00,5.94,5.94,0.00,5.94,-,-,04_binary_headon/placement
place_d10_step1,"placement probe for the V1 scout: the scout's two throats at rest at d = 10, one step; per-mouth radius at t = 0 only (placement curve, subtracted from the scout's pre-contact readings)",0.00,0.01,finished clean at t = 0.01,1.986e-01,3.360e-07,0.000,2.944e-03,0.000e+00,9.94,9.94,0.00,9.94,-,-,04_binary_headon/placement
place_d12_step1,"placement probe for the V1 scout: the scout's two throats at rest at d = 12, one step; per-mouth radius at t = 0 only (placement curve, subtracted from the scout's pre-contact readings)",0.00,0.01,finished clean at t = 0.01,2.019e-01,3.475e-07,0.000,2.990e-03,0.000e+00,11.94,11.94,0.00,11.94,-,-,04_binary_headon/placement
place_d14_step1,"placement probe for the V1 scout: the scout's two throats at rest at d = 14, one step; per-mouth radius at t = 0 only (placement curve, subtracted from the scout's pre-contact readings)",0.00,0.01,finished clean at t = 0.01,2.043e-01,3.559e-07,0.000,3.027e-03,0.000e+00,13.94,13.94,0.00,13.94,-,-,04_binary_headon/placement
place_d16_step1,"placement probe for the V1 scout: the scout's two throats at rest at d = 16, one step; per-mouth radius at t = 0 only (placement curve, subtracted from the scout's pre-contact readings)",0.00,0.01,finished clean at t = 0.01,2.061e-01,3.624e-07,0.000,3.057e-03,0.000e+00,15.94,15.94,0.00,15.94,-,-,04_binary_headon/placement
place_d18_step1,"placement probe for the V1 scout: the scout's two throats at rest at d = 18, one step; per-mouth radius at t = 0 only (placement curve, subtracted from the scout's pre-contact readings)",0.00,0.01,finished clean at t = 0.01,2.076e-01,3.675e-07,0.000,3.083e-03,0.000e+00,17.94,17.94,0.00,17.94,-,-,04_binary_headon/placement
place_d20_step1,"placement probe for the V1 scout: the scout's two throats at rest at d = 20, one step; per-mouth radius at t = 0 only (placement curve, subtracted from the scout's pre-contact readings)",0.00,0.01,finished clean at t = 0.01,2.087e-01,3.716e-07,0.000,3.107e-03,0.000e+00,19.94,19.94,0.00,19.94,-,-,04_binary_headon/placement
place_d24_step1,"placement probe for the V1 scout: the scout's two throats at rest at d = 24, one step; per-mouth radius at t = 0 only (placement curve, subtracted from the scout's pre-contact readings)",0.00,0.01,finished clean at t = 0.01,2.105e-01,3.779e-07,0.000,3.150e-03,0.000e+00,23.94,23.94,0.00,23.94,-,-,04_binary_headon/placement
place_d28_step1,"placement probe for the V1 scout: the scout's two throats at rest at d = 28, one step; per-mouth radius at t = 0 only (placement curve, subtracted from the scout's pre-contact readings)",0.00,0.01,finished clean at t = 0.01,2.117e-01,3.825e-07,0.000,3.195e-03,0.000e+00,27.94,27.94,0.00,27.94,-,-,04_binary_headon/placement
place_d32_step1,"placement probe for the V1 scout: the scout's two throats at rest at d = 32, one step; per-mouth radius at t = 0 only (placement curve, subtracted from the scout's pre-contact readings)",0.00,0.01,finished clean at t = 0.01,2.127e-01,3.859e-07,0.000,3.251e-03,0.000e+00,31.94,31.94,0.00,31.94,-,-,04_binary_headon/placement
place_d36_step1,"placement probe for the V1 scout: the scout's two throats at rest at d = 36, one step; per-mouth radius at t = 0 only (placement curve, subtracted from the scout's pre-contact readings)",0.00,0.01,finished clean at t = 0.01,2.134e-01,3.886e-07,0.000,3.327e-03,0.000e+00,35.94,35.94,0.00,35.94,-,-,04_binary_headon/placement
place_d40_step1,"placement probe for the V1 scout: the scout's two throats at rest at d = 40, one step; per-mouth radius at t = 0 only (placement curve, subtracted from the scout's pre-contact readings)",0.00,0.01,finished clean at t = 0.01,2.140e-01,3.908e-07,0.000,3.440e-03,0.000e+00,39.94,39.94,0.00,39.94,-,-,04_binary_headon/placement
place_d44_step1,"placement probe for the V1 scout: the scout's two throats at rest at d = 44, one step; per-mouth radius at t = 0 only (placement curve, subtracted from the scout's pre-contact readings)",0.00,0.01,finished clean at t = 0.01,2.145e-01,3.926e-07,0.000,3.618e-03,0.000e+00,43.94,43.94,0.00,43.94,-,-,04_binary_headon/placement
place_d48_step1,"placement probe for the V1 scout: the scout's two throats at rest at d = 48, one step; per-mouth radius at t = 0 only (placement curve, subtracted from the scout's pre-contact readings)",0.00,0.01,finished clean at t = 0.01,2.149e-01,3.941e-07,0.000,3.915e-03,0.000e+00,47.94,47.94,0.00,47.94,-,-,04_binary_headon/placement
place_d6_step1_csm,PLACE-csm probe (the user's go 10-02): place_d6_step1_csm -- the superposed probe's params + mode 3 + the name.,0.00,0.01,finished clean at t = 0.01,1.942e-01,6.406e-07,0.000,4.000e-03,0.000e+00,6.06,6.06,0.00,6.06,-,-,04_binary_headon/placement_csm
place_d65_step1_csm,PLACE-csm probe (the user's go 10-02): place_d65_step1_csm -- the superposed probe's params + mode 3 + the name.,0.00,0.01,finished clean at t = 0.01,1.956e-01,6.171e-07,0.000,4.038e-03,0.000e+00,6.56,6.56,0.00,6.56,-,-,04_binary_headon/placement_csm
place_d7_step1_csm,PLACE-csm probe (the user's go 10-02): place_d7_step1_csm -- the superposed probe's params + mode 3 + the name.,0.00,0.01,finished clean at t = 0.01,1.968e-01,5.977e-07,0.000,3.926e-03,0.000e+00,7.06,7.06,0.00,7.06,-,-,04_binary_headon/placement_csm
place_d75_step1_csm,PLACE-csm probe (the user's go 10-02): place_d75_step1_csm -- the superposed probe's params + mode 3 + the name.,0.00,0.01,finished clean at t = 0.01,1.979e-01,5.814e-07,0.000,3.951e-03,0.000e+00,7.56,7.56,0.00,7.56,-,-,04_binary_headon/placement_csm
place_d8_step1_csm,PLACE-csm probe (the user's go 10-02): place_d8_step1_csm -- the superposed probe's params + mode 3 + the name.,0.00,0.01,finished clean at t = 0.01,1.989e-01,5.676e-07,0.000,3.858e-03,0.000e+00,8.06,8.06,0.00,8.06,-,-,04_binary_headon/placement_csm
place_d10_step1_csm,PLACE-csm probe (the user's go 10-02): place_d10_step1_csm -- the superposed probe's params + mode 3 + the name.,0.00,0.01,finished clean at t = 0.01,2.022e-01,5.283e-07,0.000,3.746e-03,0.000e+00,10.06,10.06,0.00,10.06,-,-,04_binary_headon/placement_csm
place_d12_step1_csm,PLACE-csm probe (the user's go 10-02): place_d12_step1_csm -- the superposed probe's params + mode 3 + the name.,0.00,0.01,finished clean at t = 0.01,2.046e-01,5.041e-07,0.000,3.663e-03,0.000e+00,12.06,12.06,0.00,12.06,-,-,04_binary_headon/placement_csm
place_d14_step1_csm,PLACE-csm probe (the user's go 10-02): place_d14_step1_csm -- the superposed probe's params + mode 3 + the name.,0.00,0.01,finished clean at t = 0.01,2.064e-01,4.879e-07,0.000,3.601e-03,0.000e+00,14.06,14.06,0.00,14.06,-,-,04_binary_headon/placement_csm
place_d16_step1_csm,PLACE-csm probe (the user's go 10-02): place_d16_step1_csm -- the superposed probe's params + mode 3 + the name.,0.00,0.01,finished clean at t = 0.01,2.078e-01,4.762e-07,0.000,3.554e-03,0.000e+00,16.06,16.06,0.00,16.06,-,-,04_binary_headon/placement_csm
place_d18_step1_csm,PLACE-csm probe (the user's go 10-02): place_d18_step1_csm -- the superposed probe's params + mode 3 + the name.,0.00,0.01,finished clean at t = 0.01,2.090e-01,4.675e-07,0.000,3.519e-03,0.000e+00,18.06,18.06,0.00,18.06,-,-,04_binary_headon/placement_csm
place_d20_step1_csm,PLACE-csm probe (the user's go 10-02): place_d20_step1_csm -- the superposed probe's params + mode 3 + the name.,0.00,0.01,finished clean at t = 0.01,2.099e-01,4.608e-07,0.000,3.491e-03,0.000e+00,20.06,20.06,0.00,20.06,-,-,04_binary_headon/placement_csm
place_d24_step1_csm,PLACE-csm probe (the user's go 10-02): place_d24_step1_csm -- the superposed probe's params + mode 3 + the name.,0.00,0.01,finished clean at t = 0.01,2.114e-01,4.511e-07,0.000,3.457e-03,0.000e+00,24.06,24.06,0.00,24.06,-,-,04_binary_headon/placement_csm
place_d28_step1_csm,PLACE-csm probe (the user's go 10-02): place_d28_step1_csm -- the superposed probe's params + mode 3 + the name.,0.00,0.01,finished clean at t = 0.01,2.124e-01,4.444e-07,0.000,3.446e-03,0.000e+00,28.06,28.06,0.00,28.06,-,-,04_binary_headon/placement_csm
place_d32_step1_csm,PLACE-csm probe (the user's go 10-02): place_d32_step1_csm -- the superposed probe's params + mode 3 + the name.,0.00,0.01,finished clean at t = 0.01,2.133e-01,4.396e-07,0.000,3.458e-03,0.000e+00,32.06,32.06,0.00,32.06,-,-,04_binary_headon/placement_csm
place_d36_step1_csm,PLACE-csm probe (the user's go 10-02): place_d36_step1_csm -- the superposed probe's params + mode 3 + the name.,0.00,0.01,finished clean at t = 0.01,2.139e-01,4.360e-07,0.000,3.498e-03,0.000e+00,36.06,36.06,0.00,36.06,-,-,04_binary_headon/placement_csm
place_d40_step1_csm,PLACE-csm probe (the user's go 10-02): place_d40_step1_csm -- the superposed probe's params + mode 3 + the name.,0.00,0.01,finished clean at t = 0.01,2.144e-01,4.331e-07,0.000,3.580e-03,0.000e+00,40.06,40.06,0.00,40.06,-,-,04_binary_headon/placement_csm
place_d44_step1_csm,PLACE-csm probe (the user's go 10-02): place_d44_step1_csm -- the superposed probe's params + mode 3 + the name.,0.00,0.01,finished clean at t = 0.01,2.149e-01,4.308e-07,0.000,3.729e-03,0.000e+00,44.06,44.06,0.00,44.06,-,-,04_binary_headon/placement_csm
place_d48_step1_csm,PLACE-csm probe (the user's go 10-02): place_d48_step1_csm -- the superposed probe's params + mode 3 + the name.,0.00,0.01,finished clean at t = 0.01,2.152e-01,4.289e-07,0.000,3.996e-03,0.000e+00,48.06,48.06,0.00,48.06,-,-,04_binary_headon/placement_csm
v2_spiral_d12_p012_L128_lvl5from0_t100_csm,"MODE-3 RERUN of v2_spiral_d12_p012_L128_lvl5from0_t100 (2026-09-28): the p = 0.12 spiral at level 5 from t = 0 on far-side-matched data. Exact rerun (only the solve block and checkpoints every 5, newest 3). t = 0: M_ADM 2.27476 (CPU mode-3 check at p = 0.12: 2.27920 on L = 64); each mouth's far-side mass -4.81048 and charge 3.03437, one-body mass 1.0000 (match 4e-10).",0.00,60.40,"stopped by dump_and_stop at t = 60.40 on the user's word (it does not end in a merger), no NaN; its last checkpoint Chk06040 is kept (_keep_v2_spiral_d12_p012_L128_lvl5from0_t100_csm_chk) for a later wave extraction",1.788e-03,4.341e-07,0.293,4.311e-02,1.571e-02,12.00,0.44,52.25,0.55,-,-,05_binary_spiral/csm
v2_spiral_d12_p012_L128_lvl5from0_t100_lb_csm,"BOOSTED RERUN of v2_spiral_d12_p012_L128_lvl5from0_t100_csm (2026-09-30, the user's go): the p = 0.12 spiral on the exact-boost setup (momentum model 1, boosted shift, match tol 1e-5), no freeze, level 5 from t = 0, checkpoints every 5 (newest 3)",0.00,71.78,"NaN at t = 71.78 DIED t = 71.78 (13:58 UTC 10-01, NaN in h11, level 2), after 71.8 of 100: NO MERGER -- the mouths inflate (the d = 12 runaway), the trackers collapse onto the central pit at t = 38.06 (sep 2.0 -> 0.47, the csm spiral's jump), and the 3D finder sees no common MOTS anywhere (window ±6 valid to t ~ 61, too small after; nan rows through t = 71). L2 H grows x1.3 per unit from t ~ 50 and crosses the fly-by criterion 2.5e-2 at t = 56.3 -> trust window t <= 56.5 (the csm spiral's own cut was 57). With the csm arm and SCOUT-d12pin this is the third d = 12 arm that inflates instead of merging; the boost did not change the verdict. Consumer drained (frames and mots rows to the end); scratch on the first node awaits its prune",2.778e-04,6.701e-07,0.094,7.332e-01,1.231e-01,12.00,0.38,52.05,0.66,-,-,05_binary_spiral/lbf
spiral_d6_p010_L128_lvl5from0_t060_lbf_csm,"SPIRAL-d6-prod leg 1 (2026-10-01, the user's go 19:43 UTC): THE MERGER RUN -- the scouted d = 6, p = 0.10 tangential design point at production (L = 128, N = 256, max_level 5, boosted-pair mode-3 solve, orbit-modes-scan-prod with the 3D finder, checkpoints every 5 keep 3)",0.00,26.26,"still running THE ORBITAL MERGER AT PRODUCTION RESOLUTION. Common MOTS from t = 13 (R 5.600, M_MS 2.800, deform 0.115) shrinking smoothly to t = 26 (R ~ 4.94, deform 0.030, warm Newton 10-17 iters); constraints flat (L2 Ham 9e-4 -- 2e-3, two orders under the 2.5e-2 criterion). The merged core's K runaway: ~0.13/unit from t ~ 19, exponential from t ~ 25.8 (max |K| 0.87 at 25.0, 4.1 at 26.1) -- STOPPED BY HAND at t = 26.26 (06:14 UTC 10-02) before the NaN, 5 units past the level-3 scout's death. Trust t <= 25.5. Leg 2 lvl6from25_r02500 continues from Chk02500 (t = 25, also copied to the NFS run dir); packed 05_binary_spiral/merger_d6/",2.831e-02,1.000e-08,1.975,4.435e-04,7.861e-04,6.00,0.05,26.20,0.11,-,-,05_binary_spiral/merger_d6
spiral_d6_p010_L128_lvl6from25_t060_lbf_csm_r02500,"SPIRAL-d6-prod (2026-10-01, the user's go ~19:45 UTC): THE MERGER RUN -- the scouted design point at production -- restarted from BinaryWormholeChk02500 (kept in spiral_d6_p010_L128_lvl5from0_t060_lbf_csm)",25.01,29.40,"NaN at t = 29.40 Leg 2 through the K wall: max |K| peaked 5.6 at t ~ 26.5 and rang down to 1.95 (constraints at the arm's best, L2 Ham 1.9e-4), common MOTS tracked t = 26-29 (R 4.946 -> 4.907, deform 0.024, settling) -- then DIED t = 29.407: a single cell at the merged core's centre went NaN in h11 on level 6 (post_timestep check; globals clean to the last step). A grid-scale core instability, not the K wall. Trust t <= 29.4. Wrote no checkpoints (died 60 steps before Chk03000); superseded by the lvl7from25 rerun from the same Chk02500. Packed 05_binary_spiral/merger_d6/ (the ladder figure will use it)",3.197e-02,1.000e-08,2.635,1.997e-04,5.678e-04,4.76,0.02,28.96,0.04,-,-,05_binary_spiral/merger_d6
spiral_d6_p010_L128_lvl7from25_t060_lbf_csm_r02500,"SPIRAL-d6-prod (2026-10-01, the user's go ~19:45 UTC): THE MERGER RUN -- the scouted design point at production -- restarted from BinaryWormholeChk02500 (kept in spiral_d6_p010_L128_lvl5from0_t060_lbf_csm)",25.01,27.53,"NaN at t = 27.53 DIED t = 27.53: the same single-cell h11 NaN at the merged core centre, now on level 7 -- TWO UNITS EARLIER than the lvl6 leg (29.407) and with max |K| still CLIMBING (5.1 at t = 27.34, 7.8 at death; lvl6 saw a 5.6 peak then decline -- not converged). Finer grid tracks the core blow-up further and dies sooner: the core instability is physical/continuum, not under-resolution; more levels are ruled out. Constraints clean to the last step (L2 Ham 2.2e-4), MOTS steady (R 4.916, deform 0.029 at t = 27). Wrote no checkpoints; Chk02500 (t = 25) stays the chain's only restart point. Next knobs (the user's go pending): KO sigma 0.1 -> 1.0 and/or min_chi 1e-8 -> 1e-4, A/B at lvl6 against the known 29.4 death. Diagnostic arm, no movies; filed 05_binary_spiral/merger_d6/",2.663e-02,1.000e-08,2.739,2.293e-04,7.076e-04,4.76,0.08,27.53,0.08,-,-,05_binary_spiral/merger_d6
spiral_d6_p010_L128_lvl5from25_sig10_t060_lbf_csm_r02500,"SPIRAL-d6-prod (2026-10-01, the user's go ~19:45 UTC): THE MERGER RUN -- the scouted design point at production -- restarted from BinaryWormholeChk02500 (kept in spiral_d6_p010_L128_lvl5from0_t060_lbf_csm)",25.01,30.53,"NaN at t = 30.53 THE SIGMA RUNG: KO sigma 0.1 -> 1.0 at level 5 CLEARS BOTH EARLIER WALLS (max |K| flat 1.1-1.8 through t = 26-29, where sigma-0.1 died at every level: lvl5 exponential at 26.26, lvl6 at 29.407, lvl7 at 27.53) and dies 1.1 units later of the SAME single-cell h11 NaN (t = 30.53, max |K| 2.45 -> 57 in one step). Dissipation delays the cell, does not cure it. Constraints 1.8e-4 to the last step; MOTS identical to lvl6 (R 4.907 at 29, deform 0.024) -- the exterior is untouched by sigma. WROTE Chk03000 (t = 30, past both walls, core bounded, maxK 1.2) -- copied to the NFS run dir; every next knob restarts from it at ~8 min to the death point. Trust t <= 30.5. Filed 05_binary_spiral/merger_d6/",4.955e-02,1.000e-08,1.009,1.868e-04,4.975e-04,3.52,0.02,30.31,0.06,-,-,05_binary_spiral/merger_d6
merge_twin_p012_plain_t100,"p = 0.12 twin, plain superposition: merged, stopped by hand at t = 44",0.00,44.03,still running,1.901e-03,5.104e-06,0.116,7.780e-03,1.842e-02,11.94,0.81,40.40,0.81,30.80,3.38,05_binary_spiral/p012
merge_twin_p012_helfer_t100,"p = 0.12 twin, Helfer correction (auto width 4): stalled, zombie, stopped at t = 60.3",0.00,60.31,finished clean at t = 60.31,1.000e-10,4.566e-04,0.883,1.054e-01,4.652e-02,11.94,4.56,36.25,5.32,29.50,7.19,05_binary_spiral/p012
merge_twin_p012_helfer_lvl4_t100,"Helfer twin at max_level = 4: reproduces the stall, stopped by hand",0.00,48.57,still running,2.898e-05,2.489e-05,1.638,2.724e-02,2.868e-02,11.97,4.94,34.25,5.38,-,-,05_binary_spiral/p012
merge_twin_p012_helfer_lvl5_t100,"Helfer twin at max_level = 5: stalled the same, stopped at t = 31.5",0.00,32.06,still running,6.912e-02,4.647e-07,0.067,4.347e-03,2.086e-03,12.00,5.15,31.74,5.16,-,-,05_binary_spiral/p012
merge_twin_p012_helfer_w2_t060,"Helfer twin, window halved to 2.0: stalled worse (sep 5.10 at t = 32 gate), stopped at t = 33.1",0.00,33.10,still running,3.044e-03,9.502e-05,0.224,3.980e-03,2.017e-03,11.94,5.06,32.20,5.10,30.90,5.06,05_binary_spiral/p012
merge_twin_p012_lc1_t060,"gauge arm (#15), lapse_coeff 2 -> 1: blob and plunge intact (sep 0.442) but the wall moved to t = 43.64 -- wall time is gauge, not physics",0.00,43.64,NaN at t = 43.64,1.000e-10,2.844e-06,0.499,5.381e-03,1.163e-02,11.94,0.06,42.91,0.44,28.95,3.69,05_binary_spiral/p012
merge_twin_p012_eta4_t060,"REFEREE QUEUE R1 (launched 2026-09-21 on the user's word, GPU 0, no checkpoints, from t = 0 -- no checkpoint survives the 2026-09-21 audit). The plain p = 0.12 L = 64 level-3 twin with ONE knob: eta 1.0 -> 4.0 on the Gamma-driver, stop 60. The one gauge knob never tested on the record. Question: does the spiral wall (plain 52.06, lc1 43.64) survive the shift clock, move by units, or open? Wall time, throat track and the offline oriented scan read the verdict; article Sec. VII.C's conditionality paragraph is the consumer. VERDICT (2026-09-21 13:51): reached stop_time 60.01, ZERO NaN -- 8 units past the standard wall's clock (52.07) -- but the experiment is truncated by its own stop time. Under eta 4 the whole sequence runs ~10 units late: merger (tracker at midpoint) ~45, chi floor 55.59 (standard 44.96), max|K| 3.77 at 56.24, lapse floor 58.39; the record ends 4.4 units past its own floor, INSIDE the standard arm's 7.9-unit floor-to-wall gap, so a wall riding the delayed clock would land ~63.5 -- past the stop. Flow hunt on the kept t=60.01 slice (14:01): 0 surfaces, every interior seed stalls mixed-sign (frac_neg 0.50-0.54, no trapped witness, chi-pit areas give garbage M_MS), so no common horizon yet either (standard gauge: born <=55). Reading: the failure time is shift-dependent too (no wall at 52 under eta 4), but removed-vs-postponed is UNDECIDED; the discriminator is a re-run to t~70 (no checkpoints exist, user's word at launch; ~5-6 h on a free card), user-gated. Keeps: the cited t=60.01 slice archived to 05_binary_spiral/p012/_keep_r1_eta4_plt06001 with the hunt log (closeout 2026-09-21); local-scratch keeps pruned.",0.00,60.01,finished clean at t = 60.01,2.660e-04,1.000e-08,2.459,3.097e-02,2.892e-02,11.94,0.36,56.10,0.50,40.65,3.25,05_binary_spiral/p012
merge_twin_p012_lp2_t060,"REFEREE R2, SECOND ATTEMPT (launched 2026-09-21 on the second GPU node's free card; the first try OOMed as a third arena on the first node's GPU 0). lapse_power 1->2 at fixed eta -- the referee's named slicing experiment against the p=0.12 wall, stop 60, no checkpoints; keep-last 8 so the death window survives for the shape-free MOTS hunt that found the t=59 common horizon (2026-09-21). VERDICT (2026-09-21, log last write 10:48): NaN in h11 at t=49.03, level 3 -- the wall SURVIVES the exit from the 1+log family, arriving 3.1 units early (52.07 standard, 43.6 halved-coefficient, 49.03 harmonic-class -2a^2K). Three gauges, three death times, one wall: failure time gauge-dependent, failure itself gauge-robust. HUNT DONE (2026-09-22, the session moved to gpu-1-0): the shape-free finder on the t=49.0 slice -- 0.03 before the NaN -- finds 0 surfaces at lmax 6 AND lmax 8 (15 seed-variants each: interior seeds stall mixed-sign, r0>=1.5 leaves the box). NO HORIZON RESOLVABLE IN THE LEVEL-3 DEATH WINDOW, matching R3b's head-on: the harmonic-class lapse dies horizonless-as-measured on BOTH encounters. CAVEAT that bounds the claim: the standard spiral's horizon is a LEVEL-5 measurement (R0), and no level-3 spiral slice in any gauge has ever yielded a flow-finder horizon (R1 t=60: 0; here: 0), so this is 'no horizon at level-3 resolution', not 'naked' -- censored-or-naked in this gauge stays formally open and would need a level-5 harmonic arm (not planned). Cited slice + both hunt logs archived: 05_binary_spiral/p012/_keep_r2_lp2_plt04900/; the other 7 keeps pruned (manifest, this date).",0.00,49.02,"NaN at t = 49.02 || 2026-09-25: the 09-22 null was the box (half 3.0; 'r0 >= 1.5 leaves the box' = trapped seeds growing out of it). Re-hunted on the kept t = 49.0 slice with half 9 (level-2 sampling) and half 5 (level 3), lmax 8, three seeds: ONE theta_out = 0 surface, R 4.90 / M_MS 2.448, h 2.84-3.58 -- the horizon's size -- but theta_in > 0 on part of it (max +0.06 to +0.09, both samplings): not a MOTS in the trapped-from-inside sense. Censored-or-naked in the harmonic class stays open, now as 'the marginal surface is there, 0.03 before the NaN, but not trapped'.",2.587e-02,4.675e-06,3.918,1.058e-02,3.277e-02,11.94,0.09,47.25,0.09,28.85,3.69,05_binary_spiral/p012
merge_twin_p012_eta4_t100,"REF-eta4 -- the referee queue's R1: shift damping x4 at the spiral wall. THE CONTINUATION (launched 2026-09-22 ~06:20 on the user's word 'yes to t = 100', GPU 0 of the first GPU node, rolling checkpoints keep-3, keep-last 8, from t = 0 -- no checkpoint existed). VERDICT (landed 2026-09-22 evening, read 2026-09-23): NaN in h11 at t = 61.92, level 3, zero NaN before it -- THE WALL IS POSTPONED, NOT REMOVED. The eta-4 clock ran the whole sequence ~10 late (floor 55.59 vs standard 44.96) and the wall followed: 6.3 units after its own floor, inside the standard 7.9-unit floor-to-wall gap (delayed-clock estimate was ~63.5). Failure-time list closes at 43.6/49.0/52.1/61.9 -- four gauges, four clocks, ONE WALL; VII.C's 'removed-vs-postponed open' clause is retired. Death-window keeps (keep-last 8) live on the first GPU node's local scratch -- the flow hunt on the ~t=61.9 window (censored-or-naked under eta 4) needs hands or a session THERE; not yet run.",0.00,61.91,"NaN at t = 61.91 wall postponed not removed; death-window flow hunt pending on the first GPU node || 2026-09-25: CENSORED AT LEVEL 3 TOO. The NFS-kept slices re-hunted with a box that holds the eta-4 horizon (shape-free flow finder (ah_flow_finder.py), level-2 sampling, half 9, lmax 8, centre (32,32,32), inner/middle/outer seeds; the 09-23 hunts used half 3.0, the witness run half 5.0 about a snapped pit, both smaller than the surface): common MOTS at t = 60.01 (R 4.710 +- 0.013, M_MS 2.355 -- equal to 4 digits to the level-5 restart's t = 60.0) and at t = 61.5 (R 4.676 +- 0.014, M_MS 2.338, theta_in <= -0.23), 0.42 before this arm's NaN at 61.92. The 'no horizon resolvable at level 3' reading was the box.",1.000e-10,1.000e-08,3.149,5.220e-02,4.429e-02,11.94,0.15,61.84,0.25,40.65,3.25,05_binary_spiral/p012
merge_twin_p012_eta4_lvl5_t066_r06000,"THE ETA-4 SPIRAL DEATH-WINDOW PROBE AT LEVEL 5 (2026-09-23, launched on the user's word ""ok go on""): restart of merge_twin_p012_eta4_t100 from its archived Chk06000 (t = 60.0, NFS keep 05_binary_spiral/p012/_keep_r1_eta4_t100_deathwin/) with max_level 3 -> 5 and plotfiles every 0.2 units, stop 66. QUESTION: is the eta-4 spiral wall (t = 61.9 at level 3) CENSORED OR NAKED? Level 3 has never resolved a spiral horizon in ANY gauge (including the standard one, where level 5 finds it from t = 55), so the level-3 flow-hunt nulls on this arm bound the instrument, not the spacetime -- open item 1's sharpest hedge. Level-5 death-window slices + the shape-free finder decide it: horizon found => the spiral wall is censored in every gauge tried and the hedge retires; genuinely none => a naked wall in one gauge, a finding of its own. Also watched: whether level 5 postpones this wall (the ladder gained +0.5-2.5 per doubling on the standard gauge). -- restarted from BinaryWormholeChk06000 (kept in _keep_r1_eta4_t100_deathwin) VERDICT (2026-09-23 13:46, ~6 min after launch): DIED INSTANTLY -- h11 NaN on level 5 at t = 60.055, 0.05 units after the restart, at the FIRST regrid that planted level 5 (REGRID at 60.04/60.05, then the abort). This is NOT the wall (level 3's is 61.9) and decides NOTHING about censored-or-naked: the near-wall eta-4 state detonates a freshly planted level 5. Method lesson: the ladder's successful lvl5 restarts planted the fine levels ~12 units before the wall (t = 50), not 2. Zero slices left. Retry path: the same probe from archived Chk05000 (t = 50), ~5-7 h -- user-gated.",60.01,60.05,"NaN at t = 60.05 DIED at first lvl5 regrid (t = 60.055, +0.05 after restart) -- method failure, zero slices. Superseded by the retry from Chk05000 (_r05000), which died at the same wall (60.041) and settled the question: CENSORED (2026-09-25). Closed out 2026-09-25 (WHM_MOVIES=0), filed to 05_binary_spiral/p012/.",1.911e-01,3.865e-01,0.052,4.106e-02,3.036e-02,7.05,2.56,60.05,2.56,-,-,05_binary_spiral/p012
merge_twin_p012_eta4_lvl5_t066_r05000,"THE ETA-4 SPIRAL DEATH-WINDOW PROBE AT LEVEL 5, RETRY FROM t = 50 (2026-09-23, on the user's word ""yep launch it from t 50 when the current run lands""): restart of merge_twin_p012_eta4_t100 from archived Chk05000 (t = 50.0, NFS keep 05_binary_spiral/p012/_keep_r1_eta4_t100_deathwin/) with max_level 3 -> 5, plotfiles every 0.2 units (consumer chi profile, rolling keep-last 25 = the newest 5 units), stop 66. The first attempt (this date, _r06000) planted level 5 two units before the wall and died at the first regrid -- the ladder recipe plants ~12 before (t = 50), which is exactly this. QUESTION unchanged: censored-or-naked for the eta-4 spiral wall (61.9 at level 3) -- level-5 death-window slices + the shape-free finder decide it; level 3 has never resolved a spiral horizon in any gauge, so its nulls bound the instrument, not the spacetime. -- restarted from BinaryWormholeChk05000 (kept in _keep_r1_eta4_t100_deathwin)",50.01,60.04,"NaN at t = 60.04 DIED AT THE WALL 2026-09-23 18:13: h11 NaN on level 5 at t = 60.041 after TEN CLEAN UNITS of level-5 evolution from the t = 50 restart (4.13 u/h) -- the method question answered (planting 12 units ahead survives; probe 1's instant death at 60.055 was the wall itself, not the plant shock: the two attempts agree to 0.015) and the wall question sharpened: level 5 meets the eta-4 wall 1.9 units BEFORE level 3's 61.9, so refinement does not postpone it, and the three level-5 spiral deaths on the record (59.94 / 60.04 / 60.45, two gauges) sit within half a unit of one another while the same gauges' level-3 clocks sit ten apart. CENSORED (hunt 2026-09-25, second node; shape-free flow finder (ah_flow_finder.py), level-2 sampling, half 9, lmax 8, centre (32,32,32), inner/middle/outer seeds): a common MOTS on every death-window slice hunted -- t = 55.2 R 4.827 +- 0.004 / M_MS 2.413, theta_in <= -0.05 (newborn; converges at lmax 10, lmax 8 stalls at rms 3.4e-3 on the same surface), 57.0 R 4.782 / 2.391, 58.0 R 4.757 / 2.378, 60.0 R 4.710 +- 0.013 / 2.355, theta_in <= -0.20, 0.04 before the NaN with trapped AND untrapped Andersson-Metzger witnesses; every seed lands on one surface. Lead >= 4.84. It is the standard gauge's horizon: M_MS within 0.3 % of the standard level-5 hunt at equal t (55/56/57/59); eta 4 moves only its coordinate size (h 3.9-5.0 against 2.1-3.1), which is why every earlier eta-4 hunt -- boxes of half-width 3-5 -- found nothing (pass 1 here reproduced that failure). Closed out 2026-09-25 (WHM_MOVIES=0), filed to 05_binary_spiral/p012/. Hunt logs in 05_binary_spiral/p012/_keep_eta4_lvl5_mots_r05000/; scratch pruned (MANIFEST_CLEANUP_2026-09-25).",2.042e-03,1.398e-06,1.516,3.541e-02,3.591e-02,7.20,0.53,59.78,0.53,-,-,05_binary_spiral/p012
ladder_L6_r05000,"refinement ladder, top rung: the p = 0.12 merger restarted from Chk05000 with max_level 6 (dx 0.0078), undamped -- h11 NaN at t = 56.13 right after a regrid; the ladder reads 52.09 / 53.10 / 55.60 / 56.13 for levels 3 / 4 / 5 / 6 and saturates (+0.53 at the last rung)",50.01,56.13,NaN at t = 56.13,1.000e-10,1.000e-08,1.621,3.244e-03,1.500e-02,7.07,0.31,56.08,0.31,55.78,0.75,05_binary_spiral/p012_ladder
ladder_L4_r05000,"refinement ladder, rung 2: the p = 0.12 merger restarted from Chk05000 with max_level 4 (dx 0.031), undamped -- h11 NaN at t = 53.10, +1.01 on the level-3 wall at 52.09",,53.09,"NaN at t = 53.09 (streams lost, log only)",,,,,,,,,,,,05_binary_spiral/p012_ladder
ladder_L4_damped_r05000,"refinement ladder, rung 2 with core matter damping ON, otherwise ladder_L4_r05000 byte for byte -- NaN at t = 53.75, +0.65 over the undamped rung: damping buys a fraction of a unit and changes no verdict",,53.75,"NaN at t = 53.75 the damping pair exists to show it shapes nothing that is claimed (streams lost, log only)",,,,,,,,,,,,05_binary_spiral/p012_ladder
ladder_L5_r05000,"refinement ladder, rung 3: max_level 5 (dx 0.016 at the core), undamped -- NaN at t = 55.60, +2.50 on rung 2 and the largest single gain of the ladder",,55.60,"NaN at t = 55.60 (streams lost, log only)",,,,,,,,,,,,05_binary_spiral/p012_ladder
ladder_L5_damped_r05000,"refinement ladder, rung 3 with core matter damping ON -- NaN at t = 54.76, BELOW its undamped twin's 55.60: more damping is not more survival",,54.76,"NaN at t = 54.76 (streams lost, log only)",,,,,,,,,,,,05_binary_spiral/p012_ladder
ladder_L5_halfstep_r05000,"refinement ladder, rung 3 with dt_multiplier halved to 0.01, undamped -- NaN at t = 55.96 against the full-step twin's 55.60, so the wall is not a time-step effect at this resolution",,55.96,"NaN at t = 55.96 +0.36 is within the ladder's own scatter (streams lost, log only)",,,,,,,,,,,,05_binary_spiral/p012_ladder
ladder_L6_damped_r05000,"refinement ladder, rung 4 with core matter damping ON -- NaN at t = 56.71 against the undamped rung's 56.13",,56.70,"NaN at t = 56.70 (streams lost, log only)",,,,,,,,,,,,05_binary_spiral/p012_ladder
ladder_L7_r05000,"refinement ladder, top rung: max_level 7, undamped -- NaN at t = 56.20, statistically the same as level 6's 56.13: the ladder has SATURATED and refinement is finished as a route through the orbital wall",,56.20,"NaN at t = 56.20 this is the measurement behind dropping queue 6 (streams lost, log only)",,,,,,,,,,,,05_binary_spiral/p012_ladder
spiral_d12_pin025_lvl3_t040_lbf_csm,"SCOUT-d12pin (2026-10-01, the user's go ~10:00 UTC): can an inward momentum merge the d = 12 pair? The fly-by pair (verification B's packed params, L = 64, N = 128, level 3, boosted-pair mode-3 solve) with the momentum turned mostly inward: |p| = 0.247 per mouth (p_radial 0.24, p_tangential 0.06, the fly-by's clockwise sense), stop 40, checkpoints every 5 keeping 3, profile orbit-modes-scan (per-mouth + common scan, 3D MOTS finder, orbit window)",0.00,33.86,"still running STOPPED BY HAND at t = 33.86 (12:47 UTC 10-01, the second node), no NaN: THE VERDICT WAS IN -- NO MERGER AT d = 12 AT ANY MOMENTUM. The mouths inflate much faster than the p = 0.12 spiral's (R_min +4.7 % by t = 8, +22 % by t = 16, +72 % by t = 24; the closer approach deepens the companion kick seeding the tau ~ 5.5 unstable mode), the infall stalls against the swelling throats at separation ~ 2.2 and whirls, and the 3D finder sees no common MOTS through t = 33 (per-mouth radii past sep < 5.6 overlap and are indicative only). Together with the tangential p = 0.12 and 0.25 arms this rules out a d = 12 merger; the design moves to d = 8, small p (SCOUT-d8p). Diagnostic scout, not cited; packed without movies. Consumer drained to the last plotfile's frames; its mots row (t = 33.5, nan) was cut by the stop",8.224e-04,7.806e-05,0.167,4.041e-03,6.439e-03,12.06,2.24,31.60,2.24,32.55,3.25,05_binary_spiral/scout_merger
spiral_d8_p010_lvl3_t040_lbf_csm,"SCOUT-d8p (2026-10-01, the user's go ~12:45 UTC): the collapsing-spiral design point -- d = 6 (MISNAMED d8 -- see outcome), small tangential p.",0.00,20.60,"NaN at t = 20.60 MERGER -- THE FIRST ORBITAL MERGER ON CLEAN DATA. The 3D finder holds a common MOTS around both mouths from t = 12.5 (R 5.624, M_MS 2.812) to the last plotfile t = 20.5 (R 5.120, M_MS 2.560), shrinking smoothly (warm Newton 6-11 iters); separation 1.35 at t = 18.6, 0.92 at 20.6. DIED t = 20.61 (NaN in K, level 3, the merged core's K runaway from t ~ 19.3: 0.15 -> 0.39 -> 0.88) -- the under-resolution death inside the censored region, as the head-on's leg 1; constraints flat to the end (L2 H <= 1e-2). Trust window t <= 19.0 (the runaway's start); the MOTS rows to 20.5 are listed for reference. The design point stands: d = 6 with p = 0.10 tangential merges NAMING ERROR (caught 10-01 before the production launch): the run and its records said d = 8, but the centers are +-3 = SEPARATION 6 -- this is a d = 6 pair (the head-on's d = 8 is centers +-4). The name is kept as the immutable identifier; every statement of the separation here is corrected to d = 6.; the level-5 production run is the next step",4.418e-02,1.000e-08,0.714,2.626e-03,4.344e-03,6.06,0.87,20.47,0.92,-,-,05_binary_spiral/scout_merger
t0_v2_spiral_d12_p012_L128_lvl5_lb_csm,"VERIFICATION A of the boosted spiral rerun (2026-09-30, the user's go 06:38 UTC): the rerun's own template (the csm spiral's params with momentum model 1, the boosted shift and match tol 1e-5; no freeze) stopped at t = 0.5 on the production grid, checkpoints off, + constraints in the plot",0.00,0.50,"finished clean at t = 0.50 PASS: the solve converged (22 Newton passes, 2 matching rounds); far sides the isolated throat's to 4e-6; mouths R_min 3.8780 each (+0.02 % on the isolated 3.8772; the p = 0.25 pair's +0.09 % x p^2); throat-shell Hamiltonian rms 7.8e-5 / 2.9e-5 / 5.1e-5 on levels 3 / 4 / 5; axis ratio 0.9919 / 0.9914 / 0.9890 at r_c = 1 / 1.55 / 2.5 against 1/gamma = 0.9929 (0.10-0.15 % flatter at the throat, the p = 0.25 pair's x p^2). Setup check, not cited.",1.939e-01,1.000e-08,0.001,1.121e-03,4.938e-06,12.00,11.98,0.34,11.98,-,-,05_binary_spiral/verify_p012
merge_orbit_flip_d12_p025_L128_lvl5_t100_lbf_csm,"BOOSTED RERUN of the fly-by (2026-09-30, the user's go 12:35 UTC): merge_orbit_flip_d12_p045_L128_lvl5_t100_csm at p = 0.25 on the exact-boost setup (momentum model 1, boosted shift, per-throat lapse freeze, match tol 1e-5), level 5 from t = 0, checkpoints every 5 (newest 3); in-code Psi4 on the head-on's and spiral's 24 x 37 grid, 21 modes",0.00,100.00,"finished clean at t = 100.00 DONE 10-02, reached stop_time t = 100 with no NaN -- THE FLY-BY IS A SCATTER, NOT A PLUNGE: closest approach 2.33 at t ~ 47, separation rising after, no common MOTS on any plotfile (3D finder, nan rows throughout). Trust t <= 63.3: L2 Ham crosses 2.5e-2 for good there (2.69 by t = 100); waves quotable to retarded time t - R <= 63.3, which covers the periapsis burst on every sphere. Packed 06_binary_flyby/, movies cut at 63.3",2.490e-04,3.375e-06,2.054,2.457e+00,3.880e-01,12.00,2.32,48.40,8.55,-,-,06_binary_flyby
merge_orbit_flip_d12_p045_helfer_t090,,0.00,37.29,"stopped by request at t = 37.29 of 90, clean (B6 answered early: the corrected arm departs from its plain twin at t ~ 30 and grows 5x by t = 37 against a flat baseline)",1.422e-03,3.415e-04,0.451,1.535e-02,5.008e-03,11.94,7.96,30.80,8.26,-,-,06_binary_flyby/p045
t0_merge_orbit_flip_d12_p025_L128_lvl5_lbf_csm,"VERIFICATION A of the p = 0.25 fly-by rerun (2026-09-29, the user's go ~19:25 UTC: ""we need to be sure this time the",0.00,0.50,"finished clean at t = 0.50 PASS: the solve converged (22 Newton passes, 2 matching rounds); far sides the isolated throat's to 1e-5; mouths R_min 3.8807 each (+0.09 % on the isolated 3.8772); throat-shell Hamiltonian rms 7.8e-5 / 3.2e-5 / 5.6e-5 on levels 3 / 4 / 5; axis ratio 0.4-1 % flatter than 1/gamma, prop. to p^2 (the pair's interaction in the solve). Setup check, not cited.",1.883e-01,1.000e-08,0.003,1.130e-03,1.060e-05,12.00,11.98,0.24,11.99,-,-,06_binary_flyby/verify_p025
check_flyby_d12_p025_lbf_csm_t020,"VERIFICATION B of the p = 0.25 fly-by rerun (2026-09-29, the user's go ~19:25 UTC): the same pair (flipped, d = 12,",0.00,20.00,"finished clean at t = 20.00 SETUP CLEAN TO t = 20: no NaN, pit lapse 0.20 steady; the mouths inflate +0.27 / +1.05 / +3.6 % at t = 10 / 15 / 20 (the rest pair ctrl_rest_d12_csm: +0.61 % at t = 15); separation 12.06 -> 9.95 at t = 20, as the old p = 0.45 fly-by's. CAVEAT: its L2 Ham spikes (8.6 at t = 7.74, 0.92 at t = 20) are four level-0 cells next to the moving pits (the norm is level 0 only); the level-3 solution under them is clean and the norm without the cells within 0.5 of a pit is 2.4-2.7e-3. Setup check, not cited.",2.031e-01,6.317e-06,0.029,5.271e-03,1.370e-04,12.06,9.95,20.00,9.95,-,-,06_binary_flyby/verify_p025
bbh_control_d12_p012,"vacuum BBH control, same ADM masses/d/p as p012: merged t ~ 70, clean to t = 100",,100.00,finished clean at t = 100.00 (vacuum control: waveform streams in hand),,,,,,,,,,,,07_bbh_control
bbh_control_d12_p012_t150,"BBH control rerun to t = 150, fixed-center consumer: full ringdown in hand, instruments agree to 0.3 %, QNM fit consistent with a Kerr remnant (~15.6M / ~14.2M at R = 30)",,150.00,finished clean at t = 150.00 (vacuum control: waveform streams in hand),,,,,,,,,,,,07_bbh_control
bbh_control_d12_p045_t100,"THE MISSING DENOMINATOR (launched 2026-09-19 on the user's word, GPU 0, no checkpoints). Vacuum BBH at the FLY-BY's momentum: d = 12, p = 0.45, no scalar. The paper's ""29x an equal-parameter vacuum binary"" is measured against bbh_control_d12_p012_t150, which carries the SPIRAL's p = 0.12, not the fly-by's -- and a vacuum pass at 0.45 radiates far less than a vacuum merger, so 29x understates the excess. One knob off params_bbh_control_d12_p012_t150.txt: momentum 0.12 -> 0.45 (plus stop_time 150 -> 100 and check_int -> -1, neither a physics knob). Bare puncture masses NOT retuned, same as the p012 control and same as the wormhole fly-by, which also dialled p with its mass parameter held.",,100.00,"finished clean at t = 100.00 |P|/mass = 0.47 trips BoostedBHInitialData's |P| >= 0.3*mass warning (Source/BlackHoles/BoostedBHInitialData.impl.hpp:30): the conformally-flat boosted-puncture data is an O(P^2) approximation and at this momentum carries extra junk radiation and a few-percent ADM-mass uncertainty. The p012 control never tripped it (0.125) and the wormhole fly-by uses a different code path. ACCEPTED DELIBERATELY because the bias is conservative: junk INFLATES the vacuum emission, so the ratio it yields is a LOWER bound on the fly-by's excess. Constraint-solved data would fix it and is not available -- the GRTresna bridge dies at t = 5.3 (article Sec. IX A). Also: in vacuum p = 0.45 at d = 12 is unbound (circular 0.204, parabolic 0.289), so unlike the wormhole fly-by -- which fell 12 -> 4.82 on a 6x pull -- this pair starts AT periapsis (min sep 12.00 at t = 1.4) and only separates. MEASURED TRAJECTORY, not estimated (2026-09-19, t = 73): the opening is SLOW and the encounter is wide -- sep 12.0 -> 21.2 over 73 units while the pair sweeps 96 deg of phase, radial speed asymptoting to ~0.25c relative. An earlier estimate in this row said 0.69c and put the punctures in the sponge by t ~ 50; that was wrong -- it read the tangential Bowen-York momentum as radial escape speed. The punctures are at r = 10.6 from the box centre at t = 73 and would not reach the sponge (r = 24) before t ~ 175, so the WHOLE t = 0-100 record is clean of sponge contamination. No merger. (vacuum control: waveform streams in hand)",,,,,,,,,,,,07_bbh_control
bbh_headon_d8_L128_lvl5_t100,BBH-HEADON (the user's go 10:2x UTC 10-02): bbh_headon_d8_L128_lvl5_t100 -- the vacuum control for the,,100.00,"finished clean at t = 100.00 DONE 10-02, reached stop_time t = 100 clean (no NaN) -- THE VACUUM CONTROL FOR THE HEAD-ON: bare punctures at d = 8 from rest (per-hole ADM 1.00 by the Brill-Lindquist rescale m_bare 0.9443), same box/spheres/cadence as the wormhole head-on. For Fig. 5 and the gallery/energy comparison; the waveform/energy extraction against the wormhole head-on is the next analysis step. Launched WHM_PREFLIGHT=static (the full probe runs the BinaryBH grammar for real). Packed 07_bbh_control/ (vacuum control: waveform streams in hand)",,,,,,,,,,,,07_bbh_control
merge_headon_flip_d8_v1_L128_lvl4from50_sig03_t080_csm_r05000,"NOISE-1 (2026-09-30, the user's go): leg 3 of the mode-3 head-on again from leg 2's Chk05000 (t = 50, max_level 4) with one knob, Kreiss-Oliger sigma 0.1 -> 0.3, to t = 80: does the level-1 noise still grow? No checkpoints",50.01,80.00,"finished clean at t = 80.00 REACHED t = 80 (17:40 UTC 09-30), exit 0, no NaN. THE LEVEL-1 NOISE IS UNDER-DISSIPATION: with sigma 0.3 it does not grow. Against leg 3 (sigma 0.1) at the same times: the forbidden (3,2) mode of the in-code Psi4 at R = 20 is 1.0e-5 against 2.9e-4 over t = 75-80 (0.09 % of (2,0) against 2.5 %), (2,1) 1.3e-7 against 1.2e-5; the fine-scale part of K in the z-slice ring r = 16-19.5 is 7.5e-6 against 1.0e-4 at t = 80 (leg 3's pre-noise floor: 0.8-1.5e-5); the level-0 L2 H is 1.01e-4 and still falling against 1.37e-4 and rising. Rebuilt from the plotfiles' metric: the native level-1 constraint is rms 2.2-6.9e-5 and flat over t = 74-80 (leg 3 at t = 100: 5e-3 to 1.2e-2), and the level-0 rebuild at t = 80 has 1 % of its sum of squares at r = 16-32 (leg 3 at t = 100: 94 %). The physics does not move: (2,0) and (2,2) at R = 36/44 within 1 % of leg 3's, the remnant's MOTS R 4.646 / M_MS 2.3745 at t = 80 as leg 3's; inside R <= 28 the modes differ by up to 8 %, the size of leg 3's own contamination there. Frames kept; no movies (WHM_MOVIES=0); the comparison is in the pack's VALIDATION.md",3.181e-03,7.423e-05,0.123,1.011e-04,3.914e-04,0.03,0.03,50.01,0.03,50.01,3.00,08_convergence
