# downsampled to dt=0.5 from the every-step stream
# time max_abs_ricci_scalar max_ricci_tensor_sq max_Kij_sq L2_ricci_scalar
   0.0100000    6.6029320165e-03    1.4534079724e-05    1.5344870105e-10    1.2141668698e-01
   0.5100000    6.5519645242e-03    1.4310736097e-05    4.1045871095e-09    8.0287084901e-02
   1.0100000    6.5303108673e-03    1.4216647616e-05    1.9119450024e-09    7.5668958918e-02
   1.5100000    6.4674109687e-03    1.3944095890e-05    2.1607917888e-09    7.4225487890e-02
   2.0100000    6.3644783772e-03    1.3503788453e-05    1.8063241287e-09    7.3382133953e-02
   2.5100000    6.3927166871e-03    1.3623449386e-05    2.3664767236e-09    7.2788395578e-02
   3.0100000    6.4282463494e-03    1.3775826939e-05    1.0147420049e-08    7.2406257039e-02
   3.5100000    6.5072077758e-03    1.4115841607e-05    1.0164069274e-08    7.2186162635e-02
   4.0100000    6.4348794642e-03    1.3803746209e-05    9.8434802554e-09    7.2052655567e-02
   4.5100000    6.4046550308e-03    1.3674404390e-05    2.5789784829e-09    7.1964403306e-02
   5.0100000    6.3836392101e-03    1.3584822219e-05    2.5308131486e-09    7.1890980696e-02
   5.5100000    6.3350311519e-03    1.3378742547e-05    1.2275714468e-09    7.1818827400e-02
   6.0100000    6.3364559146e-03    1.3384758651e-05    8.7146433418e-10    7.1755233773e-02
   6.5100000    6.3465036655e-03    1.3427243670e-05    7.3231741595e-10    7.1692580790e-02
   7.0100000    6.3568098630e-03    1.3470896053e-05    6.8245667294e-10    7.1632368708e-02
   7.5100000    6.3636737455e-03    1.3500000754e-05    8.8640115499e-10    7.1583008083e-02
   8.0100000    6.3565569670e-03    1.3469829382e-05    8.6034430074e-10    7.1541602498e-02
   8.5100000    6.3355619286e-03    1.3381003885e-05    7.8690462592e-10    7.1505670216e-02
   9.0100000    6.3098685499e-03    1.3272696299e-05    9.6858637020e-10    7.1475312821e-02
   9.5100000    6.2903271154e-03    1.3190614534e-05    9.9270851925e-10    7.1449219612e-02
  10.0100000    6.2848665781e-03    1.3167725080e-05    8.6226040643e-10    7.1425546659e-02
  10.5100000    6.2940475618e-03    1.3206226970e-05    7.2707743765e-10    7.1402956119e-02
  11.0100000    6.3097807619e-03    1.3272329495e-05    8.9095728503e-10    7.1381054109e-02
  11.5100000    6.3205548260e-03    1.3317689706e-05    8.6012561882e-10    7.1360466629e-02
  12.0100000    6.3178305926e-03    1.3306215173e-05    7.2149100875e-10    7.1342290916e-02
  12.5100000    6.3004041822e-03    1.3232917707e-05    9.0974108140e-10    7.1327162105e-02
  13.0100000    6.2755740473e-03    1.3128823695e-05    1.2726962621e-09    7.1314536203e-02
  13.5100000    6.2550987184e-03    1.3043294048e-05    1.2819665428e-09    7.1302777235e-02
  14.0100000    6.2479678594e-03    1.3013572911e-05    9.4696497388e-10    7.1290115170e-02
  14.5100000    6.2552514802e-03    1.3043931596e-05    7.2312245633e-10    7.1275771913e-02
  15.0100000    6.2699122859e-03    1.3105146892e-05    8.6318311996e-10    7.1260428403e-02
  15.5100000    6.2809656184e-03    1.3151396270e-05    9.1883603553e-10    7.1245777885e-02
  16.0100000    6.2797827256e-03    1.3146446730e-05    8.6254818356e-10    7.1233512632e-02
  16.5100000    6.2652061225e-03    1.3085491685e-05    1.0500438835e-09    7.1224393642e-02
  17.0100000    6.2439834693e-03    1.2996997525e-05    1.4206056960e-09    7.1217912844e-02
  17.5100000    6.2263207107e-03    1.2923575723e-05    1.4916492221e-09    7.1212612714e-02
  18.0100000    6.2200795687e-03    1.2897680823e-05    1.2031121390e-09    7.1206858232e-02
  18.5100000    6.2266982512e-03    1.2925144936e-05    8.3752221682e-10    7.1199752944e-02
  19.0100000    6.2402246869e-03    1.2981366602e-05    9.2772464095e-10    7.1191705614e-02
  19.5100000    6.2506042446e-03    1.3024592851e-05    9.5657368344e-10    7.1184180517e-02
  20.0100000    6.2500094066e-03    1.3022116738e-05    9.1159302539e-10    7.1178721349e-02
  20.5100000    6.2375976190e-03    1.2970450585e-05    1.2281712282e-09    7.1175949163e-02
  21.0100000    6.2193632482e-03    1.2894735317e-05    1.5680861842e-09    7.1175238377e-02
  21.5100000    6.2041669325e-03    1.2831806656e-05    1.5270977590e-09    7.1175162881e-02
  22.0100000    6.1987981874e-03    1.2809614513e-05    1.2434176174e-09    7.1174325810e-02
  22.5100000    6.2043566489e-03    1.2832602133e-05    9.4485354393e-10    7.1172126410e-02
  23.0100000    6.2157191675e-03    1.2879651936e-05    1.0665407304e-09    7.1169083157e-02
  23.5100000    6.2246175843e-03    1.2916558982e-05    1.1257815876e-09    7.1166517761e-02
  24.0100000    6.2245768510e-03    1.2916393320e-05    1.0071211042e-09    7.1165713313e-02
  24.5100000    6.2145921800e-03    1.2874993036e-05    1.2622848835e-09    7.1167153183e-02
  25.0100000    6.1994360295e-03    1.2812276352e-05    1.5242573637e-09    7.1170331555e-02
  25.5100000    6.1866051718e-03    1.2759303590e-05    1.5641238937e-09    7.1174113692e-02
  26.0100000    6.1819036569e-03    1.2739924280e-05    1.3738911222e-09    7.1177354886e-02
  26.5100000    6.1863025055e-03    1.2758065386e-05    1.2618754113e-09    7.1179486700e-02
  27.0100000    6.1956541675e-03    1.2796668855e-05    1.2729031721e-09    7.1180859412e-02
  27.5100000    6.2032218453e-03    1.2827950174e-05    1.2370432126e-09    7.1182536677e-02
  28.0100000    6.2036211600e-03    1.2829602746e-05    1.2193859659e-09    7.1185612722e-02
  28.5100000    6.1958488953e-03    1.2797478322e-05    1.3571966366e-09    7.1190531924e-02
  29.0100000    6.1835791451e-03    1.2746848115e-05    1.6350187353e-09    7.1196862446e-02
  29.5100000    6.1728053847e-03    1.2702475383e-05    1.6895268531e-09    7.1203606191e-02
  30.0100000    6.1683861888e-03    1.2684299042e-05    1.5181149842e-09    7.1209813322e-02
  30.5100000    6.1714061480e-03    1.2696724489e-05    1.3807023842e-09    7.1215085664e-02
  31.0100000    6.1787808402e-03    1.2727087850e-05    1.4471117664e-09    7.1219741895e-02
  31.5100000    6.1852046285e-03    1.2753565915e-05    1.4565555923e-09    7.1224560343e-02
  32.0100000    6.1861723805e-03    1.2757559606e-05    1.4464172293e-09    7.1230358220e-02
  32.5100000    6.1804140817e-03    1.2733824652e-05    1.4219139055e-09    7.1237527545e-02
  33.0100000    6.1704908098e-03    1.2692972096e-05    1.5713936329e-09    7.1245833678e-02
  33.5100000    6.1612054408e-03    1.2654805849e-05    1.6874219346e-09    7.1254580858e-02
  34.0100000    6.1567687779e-03    1.2636592479e-05    1.5606233597e-09    7.1263013653e-02
  34.5100000    6.1584719040e-03    1.2643589002e-05    1.5822159359e-09    7.1270723498e-02
  35.0100000    6.1641705245e-03    1.2667001770e-05    1.6432048662e-09    7.1277848696e-02
  35.5100000    6.1696684819e-03    1.2689609750e-05    1.6900798865e-09    7.1285017549e-02
  36.0100000    6.1710875502e-03    1.2695450087e-05    1.7001951354e-09    7.1292923327e-02
  36.5100000    6.1669455996e-03    1.2678418844e-05    1.6576991067e-09    7.1301839859e-02
  37.0100000    6.1588817435e-03    1.2645294154e-05    1.6044771471e-09    7.1311589129e-02
  37.5100000    6.1506569991e-03    1.2611556215e-05    1.6371236774e-09    7.1321778204e-02
  38.0100000    6.1459915266e-03    1.2592439716e-05    1.7286287747e-09    7.1331885447e-02
  38.5100000    6.1464858852e-03    1.2594461116e-05    1.8882386401e-09    7.1341542229e-02
  39.0100000    6.1508210223e-03    1.2612216122e-05    1.9868017189e-09    7.1350864500e-02
  39.5100000    6.1556250795e-03    1.2631909294e-05    1.9866539333e-09    7.1360029113e-02
  40.0100000    6.1574108441e-03    1.2639242999e-05    1.9434254595e-09    7.1369266103e-02
  40.5100000    6.1544707853e-03    1.2627206283e-05    1.9225274165e-09    7.1379199876e-02
  41.0100000    6.1477460284e-03    1.2599670165e-05    1.9438066508e-09    7.1390231165e-02
  41.5100000    6.1402493273e-03    1.2568992845e-05    1.9970223045e-09    7.1401995081e-02
  42.0100000    6.1353586344e-03    1.2548984758e-05    2.0739340240e-09    7.1413733943e-02
  42.5100000    6.1349175761e-03    1.2547165359e-05    2.1668786497e-09    7.1424887046e-02
  43.0100000    6.1382275583e-03    1.2560690393e-05    2.2492475653e-09    7.1435388558e-02
  43.5100000    6.1425065106e-03    1.2578203351e-05    2.2839982841e-09    7.1445636754e-02
  44.0100000    6.1445134415e-03    1.2586432603e-05    2.2659323298e-09    7.1456229506e-02
  44.5100000    6.1423754726e-03    1.2577688971e-05    2.2393610527e-09    7.1467640752e-02
  45.0100000    6.1365915790e-03    1.2554023317e-05    2.2615813090e-09    7.1479971940e-02
  45.5100000    6.1296874621e-03    1.2525796480e-05    2.3544563023e-09    7.1492958796e-02
  46.0100000    6.1247507795e-03    1.2505632991e-05    2.4847710168e-09    7.1506116297e-02
  46.5100000    6.1236924542e-03    1.2501317307e-05    2.5880062077e-09    7.1518975417e-02
  47.0100000    6.1262097936e-03    1.2511604857e-05    2.6147310481e-09    7.1531332453e-02
  47.5100000    6.1300002166e-03    1.2527098423e-05    2.5750530937e-09    7.1543376919e-02
  48.0100000    6.1320813154e-03    1.2535608319e-05    2.5361228314e-09    7.1555574321e-02
  48.5100000    6.1304905282e-03    1.2529103432e-05    2.5660631207e-09    7.1568372168e-02
  49.0100000    6.1254070920e-03    1.2508328785e-05    2.6690227224e-09    7.1581926353e-02
  49.5100000    6.1190151061e-03    1.2482234332e-05    2.7792550745e-09    7.1596009310e-02
  50.0100000    6.1141834459e-03    1.2462535235e-05    2.8276030325e-09    7.1610153337e-02
  50.5100000    6.1127976716e-03    1.2456901053e-05    2.8184792403e-09    7.1623955033e-02
  51.0100000    6.1147372093e-03    1.2464823796e-05    2.8185149207e-09    7.1637320939e-02
  51.5100000    6.1180109961e-03    1.2478184715e-05    2.8640342919e-09    7.1650486118e-02
  52.0100000    6.1199169390e-03    1.2485961437e-05    2.9294223053e-09    7.1663834642e-02
  52.5100000    6.1185936858e-03    1.2480559543e-05    2.9730916087e-09    7.1677683685e-02
  53.0100000    6.1140895113e-03    1.2462193323e-05    2.9820309481e-09    7.1692173220e-02
  53.5100000    6.1082860342e-03    1.2438557500e-05    2.9830064844e-09    7.1707197350e-02
  54.0100000    6.1037284792e-03    1.2420018665e-05    3.0107636116e-09    7.1722372445e-02
  54.5100000    6.1021349636e-03    1.2413546732e-05    3.0786453450e-09    7.1737262033e-02
  55.0100000    6.1034830084e-03    1.2419036672e-05    3.1760244108e-09    7.1751671482e-02
  55.5100000    6.1061064159e-03    1.2429713739e-05    3.2647794043e-09    7.1765749830e-02
  56.0100000    6.1076677352e-03    1.2436067811e-05    3.3032970026e-09    7.1779902131e-02
  56.5100000    6.1064851561e-03    1.2431249442e-05    3.2967787685e-09    7.1794542516e-02
  57.0100000    6.1024911667e-03    1.2414991488e-05    3.3009473305e-09    7.1809855541e-02
  57.5100000    6.0972328496e-03    1.2393607453e-05    3.3605294358e-09    7.1825679494e-02
  58.0100000    6.0929098949e-03    1.2376050047e-05    3.4607787094e-09    7.1841615398e-02
  58.5100000    6.0910842547e-03    1.2368656956e-05    3.5546411911e-09    7.1857293870e-02
  59.0100000    6.0918339768e-03    1.2371730200e-05    3.6167847353e-09    7.1872564568e-02
  59.5100000    6.0937756036e-03    1.2379636750e-05    3.6493084101e-09    7.1887561626e-02
  60.0100000    6.0949027870e-03    1.2384214413e-05    3.6621526133e-09    7.1902601032e-02
  60.5100000    6.0937560779e-03    1.2379535971e-05    3.6800511810e-09    7.1917986312e-02
  61.0100000    6.0902189131e-03    1.2365153410e-05    3.7407813330e-09    7.1933850938e-02
  61.5100000    6.0854901538e-03    1.2345964685e-05    3.8476870243e-09    7.1950088373e-02
  62.0100000    6.0813478364e-03    1.2329188396e-05    3.9492530544e-09    7.1966425136e-02
  62.5100000    6.0791675139e-03    1.2320376064e-05    3.9923508797e-09    7.1982561922e-02
  63.0100000    6.0791750342e-03    1.2320414156e-05    3.9794471769e-09    7.1998344610e-02
  63.5100000    6.0803261845e-03    1.2325064167e-05    3.9551202908e-09    7.2013873071e-02
  64.0100000    6.0809478830e-03    1.2327559079e-05    3.9623682341e-09    7.2029431484e-02
  64.5100000    6.0797611133e-03    1.2322735233e-05    4.0196748474e-09    7.2045297935e-02
  65.0100000    6.0765814399e-03    1.2309862827e-05    4.1095235128e-09    7.2061583917e-02
  65.5100000    6.0722967940e-03    1.2292544065e-05    4.1792707829e-09    7.2078220920e-02
  66.0100000    6.0683042035e-03    1.2276419207e-05    4.1933445740e-09    7.2095016296e-02
  66.5100000    6.0657918629e-03    1.2266268808e-05    4.1827152210e-09    7.2111732556e-02
  67.0100000    6.0651269051e-03    1.2263566056e-05    4.2126455207e-09    7.2128205822e-02
  67.5100000    6.0656148539e-03    1.2265519408e-05    4.3052288694e-09    7.2144448093e-02
  68.0100000    6.0658847486e-03    1.2266610071e-05    4.4189098190e-09    7.2160647209e-02
  68.5100000    6.0647297253e-03    1.2261963412e-05    4.5084531149e-09    7.2177037155e-02
  69.0100000    6.0618018201e-03    1.2250155910e-05    4.5642597431e-09    7.2193757069e-02
  69.5100000    6.0577246966e-03    1.2233688426e-05    4.5910224932e-09    7.2210782081e-02
  70.0100000    6.0536735538e-03    1.2217304312e-05    4.5909369459e-09    7.2227950690e-02
  70.5100000    6.0507243537e-03    1.2205362806e-05    4.5779051659e-09    7.2245079697e-02
  71.0100000    6.0492976630e-03    1.2199584147e-05    4.5849792739e-09    7.2262065087e-02
  71.5100000    6.0489686570e-03    1.2198270117e-05    4.6468996407e-09    7.2278914998e-02
  72.0100000    6.0487365094e-03    1.2197381208e-05    4.7677096284e-09    7.2295738882e-02
  72.5100000    6.0475855560e-03    1.2192799027e-05    4.9007227289e-09    7.2312710891e-02
  73.0100000    6.0450162391e-03    1.2182477949e-05    4.9735162678e-09    7.2329985718e-02
  73.5100000    6.0412844738e-03    1.2167428611e-05    4.9572641458e-09    7.2347599899e-02
  74.0100000    6.0372672971e-03    1.2151193453e-05    4.9673418069e-09    7.2365435071e-02
  74.5100000    6.0340028933e-03    1.2137994124e-05    4.9843274200e-09    7.2383278349e-02
  75.0100000    6.0320829637e-03    1.2130260524e-05    5.0224485185e-09    7.2400955696e-02
  75.5100000    6.0312704531e-03    1.2127056758e-05    5.0912700164e-09    7.2418427325e-02
  76.0100000    6.0306645770e-03    1.2124721102e-05    5.1884702033e-09    7.2435791579e-02
  76.5100000    6.0292807907e-03    1.2119215169e-05    5.3009927017e-09    7.2453222671e-02
  77.0100000    6.0265894481e-03    1.2108359667e-05    5.4020256543e-09    7.2470881964e-02
  77.5100000    6.0227440944e-03    1.2092808180e-05    5.4683624186e-09    7.2488842539e-02
  78.0100000    6.0184995187e-03    1.2075681298e-05    5.5108094515e-09    7.2507043915e-02
  78.5100000    6.0148361122e-03    1.2060973705e-05    5.5698973986e-09    7.2525317474e-02
  79.0100000    6.0123932160e-03    1.2051242759e-05    5.6730002705e-09    7.2543488290e-02
  79.5100000    6.0110735579e-03    1.2046044749e-05    5.8030496305e-09    7.2561478935e-02
  80.0100000    6.0101394021e-03    1.2042365596e-05    5.9183611170e-09    7.2579358021e-02
  80.5100000    6.0086803416e-03    1.2036529768e-05    5.9890189253e-09    7.2597293466e-02
  81.0100000    6.0060835965e-03    1.2026089433e-05    6.0193966014e-09    7.2615441624e-02
  81.5100000    6.0023194807e-03    1.2010954479e-05    6.0403625749e-09    7.2633863682e-02
  82.0100000    5.9979895646e-03    1.1993571977e-05    6.0824570244e-09    7.2652486724e-02
  82.5100000    5.9940241799e-03    1.1977699980e-05    6.1495880697e-09    7.2671108235e-02
  83.0100000    5.9928393361e-03    1.1972529848e-05    6.2264880229e-09    7.2689507586e-02
  83.5100000    5.9941558085e-03    1.1977896644e-05    6.3051164705e-09    7.2707615467e-02
  84.0100000    5.9958990884e-03    1.1984954307e-05    6.3929231564e-09    7.2725546713e-02
  84.5100000    5.9971879687e-03    1.1990122007e-05    6.4944494375e-09    7.2743496421e-02
  85.0100000    5.9973863820e-03    1.1990852038e-05    6.5999727152e-09    7.2761645217e-02
  85.5100000    5.9964933743e-03    1.1987199405e-05    6.6914724911e-09    7.2780077244e-02
  86.0100000    5.9951431112e-03    1.1981768758e-05    6.7611092948e-09    7.2798723971e-02
  86.5100000    5.9941859294e-03    1.1977983936e-05    6.8145267035e-09    7.2817410406e-02
  87.0100000    5.9941812247e-03    1.1978049379e-05    6.8675811403e-09    7.2835976656e-02
  87.5100000    5.9951244278e-03    1.1981888729e-05    6.9378400031e-09    7.2854383065e-02
  88.0100000    5.9964820179e-03    1.1987333797e-05    7.0282757746e-09    7.2872714650e-02
  88.5100000    5.9974878210e-03    1.1991333595e-05    7.1230742850e-09    7.2891111275e-02
  89.0100000    5.9975795873e-03    1.1991677139e-05    7.2012083238e-09    7.2909694664e-02
  89.5100000    5.9967187306e-03    1.1988235096e-05    7.2531728250e-09    7.2928509685e-02
  90.0100000    5.9953744644e-03    1.1982881830e-05    7.2853548763e-09    7.2947510024e-02
  90.5100000    5.9942206083e-03    1.1978293950e-05    7.3220314809e-09    7.2966578854e-02
  91.0100000    5.9937715233e-03    1.1976514938e-05    7.3959423545e-09    7.2985580582e-02
  91.5100000    5.9941331496e-03    1.1977969715e-05    7.5229512357e-09    7.3004427825e-02
  92.0100000    5.9949503281e-03    1.1981246710e-05    7.6731246948e-09    7.3023110332e-02
  92.5100000    5.9955839382e-03    1.1983793982e-05    7.7850319708e-09    7.3041711358e-02
  93.0100000    5.9954605011e-03    1.1983314917e-05    7.8236104436e-09    7.3060378595e-02
  93.5100000    5.9944087548e-03    1.1979121375e-05    7.8176049686e-09    7.3079225460e-02
  94.0100000    5.9927700953e-03    1.1972579954e-05    7.8270869634e-09    7.3098263506e-02
  94.5100000    5.9912017504e-03    1.1966321550e-05    7.8858569043e-09    7.3117409495e-02
  95.0100000    5.9902887194e-03    1.1962685778e-05    7.9838583579e-09    7.3136538423e-02
  95.5100000    5.9902017511e-03    1.1962354783e-05    8.0894797912e-09    7.3155553404e-02
  96.0100000    5.9906070208e-03    1.1963993988e-05    8.1797708453e-09    7.3174461651e-02
  96.5100000    5.9908751118e-03    1.1965085750e-05    8.2496804733e-09    7.3193391059e-02
  97.0100000    5.9904554989e-03    1.1963425339e-05    8.3017100012e-09    7.3212499186e-02
  97.5100000    5.9891891946e-03    1.1958374571e-05    8.3395954585e-09    7.3231861400e-02
  98.0100000    5.9873792531e-03    1.1951147856e-05    8.3725932154e-09    7.3251433533e-02
  98.5100000    5.9855915424e-03    1.1944014019e-05    8.4197173509e-09    7.3271079803e-02
  99.0100000    5.9843172693e-03    1.1938940738e-05    8.4988965255e-09    7.3290651294e-02
  99.5100000    5.9836982860e-03    1.1936491710e-05    8.6094256989e-09    7.3310080818e-02
 100.0100000    5.9834662856e-03    1.1935585122e-05    8.7278046947e-09    7.3329406142e-02
 100.5100000    5.9831184817e-03    1.1934203958e-05    8.8211838333e-09    7.3348727894e-02
 101.0100000    5.9822185199e-03    1.1930607936e-05    8.8681710758e-09    7.3368145923e-02
 101.5100000    5.9806425595e-03    1.1924317126e-05    8.8741300702e-09    7.3387713023e-02
 102.0100000    5.9786276328e-03    1.1916292553e-05    8.8701217653e-09    7.3407404808e-02
 102.5100000    5.9766050508e-03    1.1908256193e-05    8.8935027239e-09    7.3427136398e-02
 103.0100000    5.9749368119e-03    1.1901636964e-05    8.9636629108e-09    7.3446841435e-02
 103.5100000    5.9737258794e-03    1.1896827842e-05    9.0684368904e-09    7.3466501414e-02
 104.0100000    5.9728049245e-03    1.1893157714e-05    9.2193170736e-09    7.3486129845e-02
 104.5100000    5.9718737361e-03    1.1889442050e-05    9.3796673374e-09    7.3505752013e-02
 105.0100000    5.9706623569e-03    1.1884620564e-05    9.4536892520e-09    7.3525385488e-02
 105.5100000    5.9690221359e-03    1.1878106332e-05    9.4661689260e-09    7.3545043350e-02
 106.0100000    5.9669475441e-03    1.1869870507e-05    9.4995924283e-09    7.3564740563e-02
 106.5100000    5.9645800867e-03    1.1860466790e-05    9.6209215538e-09    7.3584488514e-02
 107.0100000    5.9621901424e-03    1.1850968301e-05    9.8202850006e-09    7.3604267995e-02
 107.5100000    5.9600771218e-03    1.1842570502e-05    1.0026632589e-08    7.3624021090e-02
 108.0100000    5.9583883661e-03    1.1835864128e-05    1.0170504312e-08    7.3643682291e-02
 108.5100000    5.9569798604e-03    1.1830276717e-05    1.0231805562e-08    7.3663236407e-02
 109.0100000    5.9554624363e-03    1.1824258251e-05    1.0242620969e-08    7.3682749568e-02
 109.5100000    5.9534397430e-03    1.1816232477e-05    1.0255695340e-08    7.3702321694e-02
 110.0100000    5.9507768581e-03    1.1805666980e-05    1.0319516444e-08    7.3722028244e-02
 110.5100000    5.9477013260e-03    1.1793470926e-05    1.0460436971e-08    7.3741876867e-02
 111.0100000    5.9446612132e-03    1.1781424995e-05    1.0667841462e-08    7.3761795736e-02
 111.5100000    5.9420399992e-03    1.1771047585e-05    1.0885244921e-08    7.3781682300e-02
 112.0100000    5.9399204523e-03    1.1762661804e-05    1.1040677136e-08    7.3801468773e-02
 112.5100000    5.9380427620e-03    1.1755234165e-05    1.1104918073e-08    7.3821164541e-02
 113.0100000    5.9359687682e-03    1.1747027587e-05    1.1119063295e-08    7.3840850679e-02
 113.5100000    5.9333441475e-03    1.1736640695e-05    1.1155687419e-08    7.3860637209e-02
 114.0100000    5.9301046680e-03    1.1723824555e-05    1.1255700368e-08    7.3880594571e-02
 114.5100000    5.9265066089e-03    1.1709600452e-05    1.1395168784e-08    7.3900695124e-02
 115.0100000    5.9229608719e-03    1.1695598107e-05    1.1522190626e-08    7.3920837033e-02
 115.5100000    5.9197761598e-03    1.1683035960e-05    1.1609984954e-08    7.3940926959e-02
 116.0100000    5.9169830355e-03    1.1672026956e-05    1.1678785444e-08    7.3960928706e-02
 116.5100000    5.9143470804e-03    1.1661636680e-05    1.1757462420e-08    7.3980861461e-02
 117.0100000    5.9129935761e-03    1.1655787806e-05    1.1854650059e-08    7.4000782831e-02
 117.5100000    5.9140725644e-03    1.1660056264e-05    1.1957346380e-08    7.4020761768e-02
 118.0100000    5.9146888000e-03    1.1662504385e-05    1.2057386684e-08    7.4040851460e-02
 118.5100000    5.9149409276e-03    1.1663520684e-05    1.2156609304e-08    7.4061068130e-02
 119.0100000    5.9150980448e-03    1.1664163652e-05    1.2260843668e-08    7.4081373521e-02
 119.5100000    5.9154723808e-03    1.1665661168e-05    1.2369774243e-08    7.4101685499e-02
 120.0100000    5.9162383837e-03    1.1668698997e-05    1.2475211934e-08    7.4121927101e-02
 120.5100000    5.9173041783e-03    1.1672915305e-05    1.2566157380e-08    7.4142093811e-02
 121.0100000    5.9183430503e-03    1.1677024521e-05    1.2637943656e-08    7.4162265196e-02
 121.5100000    5.9189945291e-03    1.1679608380e-05    1.2697406794e-08    7.4182533845e-02
 122.0100000    5.9191067456e-03    1.1680069580e-05    1.2763079348e-08    7.4202937119e-02
 122.5100000    5.9188391074e-03    1.1679035594e-05    1.2851579374e-08    7.4223433197e-02
 123.0100000    5.9185424491e-03    1.1677886751e-05    1.2960401320e-08    7.4243927938e-02
 123.5100000    5.9185083947e-03    1.1677770529e-05    1.3067404232e-08    7.4264344277e-02
 124.0100000    5.9187798982e-03    1.1678856619e-05    1.3154272845e-08    7.4284662718e-02
 124.5100000    5.9191551993e-03    1.1680351392e-05    1.3222486767e-08    7.4304914694e-02
 125.0100000    5.9193546845e-03    1.1681153063e-05    1.3286520701e-08    7.4325143427e-02
 125.5100000    5.9192004902e-03    1.1680559498e-05    1.3355879468e-08    7.4345365288e-02
 126.0100000    5.9186825590e-03    1.1678530953e-05    1.3426832073e-08    7.4365584279e-02
 126.5100000    5.9179097891e-03    1.1675498683e-05    1.3491000366e-08    7.4385823168e-02
 127.0100000    5.9170325108e-03    1.1672057242e-05    1.3548039767e-08    7.4406124793e-02
 127.5100000    5.9161961773e-03    1.1668778823e-05    1.3605119516e-08    7.4426514517e-02
 128.0100000    5.9155112738e-03    1.1666094580e-05    1.3668528156e-08    7.4446971882e-02
 128.5100000    5.9150064894e-03    1.1664113961e-05    1.3815387660e-08    7.4467449219e-02
 129.0100000    5.9145816855e-03    1.1662443449e-05    1.3949930399e-08    7.4487906946e-02
 129.5100000    5.9140198629e-03    1.1660233537e-05    1.4059755803e-08    7.4508354073e-02
 130.0100000    5.9130947505e-03    1.1656598217e-05    1.4176979705e-08    7.4528846731e-02
 130.5100000    5.9117289934e-03    1.1651233732e-05    1.4328538803e-08    7.4549439343e-02
 131.0100000    5.9100813624e-03    1.1644761336e-05    1.4504151528e-08    7.4570136065e-02
 131.5100000    5.9084607066e-03    1.1638392025e-05    1.4662341961e-08    7.4590869913e-02
 132.0100000    5.9071041028e-03    1.1633058315e-05    1.4784797805e-08    7.4611546238e-02
 132.5100000    5.9059960868e-03    1.1628704233e-05    1.4897008120e-08    7.4632107302e-02
 133.0100000    5.9048836821e-03    1.1624339375e-05    1.5026536424e-08    7.4652569662e-02
 133.5100000    5.9034664470e-03    1.1618779950e-05    1.5164286051e-08    7.4673011526e-02
 134.0100000    5.9015975885e-03    1.1611439946e-05    1.5286391259e-08    7.4693511240e-02
 134.5100000    5.8993540437e-03    1.1602615093e-05    1.5400056214e-08    7.4714098256e-02
 135.0100000    5.8969603420e-03    1.1593191968e-05    1.5539283422e-08    7.4734741280e-02
 135.5100000    5.8946467993e-03    1.1584089362e-05    1.5719688504e-08    7.4755379652e-02
 136.0100000    5.8925324478e-03    1.1575787397e-05    1.5912266120e-08    7.4775968545e-02
 136.5100000    5.8905804509e-03    1.1568142308e-05    1.6062008003e-08    7.4796502132e-02
 137.0100000    5.8886285575e-03    1.1560506041e-05    1.6149391758e-08    7.4817013587e-02
 137.5100000    5.8864744555e-03    1.1552070811e-05    1.6209370478e-08    7.4837548593e-02
 138.0100000    5.8839841732e-03    1.1542304391e-05    1.6292420354e-08    7.4858135403e-02
 138.5100000    5.8811695267e-03    1.1531256141e-05    1.6419585723e-08    7.4878767881e-02
 139.0100000    5.8781731872e-03    1.1519494144e-05    1.6577806934e-08    7.4899411821e-02
 139.5100000    5.8751585166e-03    1.1507668986e-05    1.6740565594e-08    7.4920035861e-02
 140.0100000    5.8721941399e-03    1.1496058947e-05    1.6884557482e-08    7.4940634588e-02
 140.5100000    5.8692338258e-03    1.1484487430e-05    1.6990735792e-08    7.4961227368e-02
 141.0100000    5.8661888265e-03    1.1472601603e-05    1.7054749245e-08    7.4981840577e-02
 141.5100000    5.8629991647e-03    1.1460152347e-05    1.7105734587e-08    7.5002488742e-02
 142.0100000    5.8596416475e-03    1.1447035899e-05    1.7196182981e-08    7.5023172635e-02
 142.5100000    5.8561029078e-03    1.1433200555e-05    1.7352261463e-08    7.5043889509e-02
 143.0100000    5.8544230313e-03    1.1426120119e-05    1.7540206204e-08    7.5064643025e-02
 143.5100000    5.8555064884e-03    1.1430346896e-05    1.7694877824e-08    7.5085443299e-02
 144.0100000    5.8565703960e-03    1.1434514020e-05    1.7782325353e-08    7.5106294803e-02
 144.5100000    5.8576739155e-03    1.1438859703e-05    1.7825115611e-08    7.5127183304e-02
 145.0100000    5.8588132877e-03    1.1443361286e-05    1.7867358306e-08    7.5148072655e-02
 145.5100000    5.8599225331e-03    1.1447742374e-05    1.7933072017e-08    7.5168932270e-02
 146.0100000    5.8608941291e-03    1.1451565757e-05    1.8021037988e-08    7.5189771867e-02
 146.5100000    5.8616225474e-03    1.1454415531e-05    1.8127624833e-08    7.5210635420e-02
 147.0100000    5.8620620756e-03    1.1456125294e-05    1.8249463327e-08    7.5231570858e-02
 147.5100000    5.8622660091e-03    1.1456922099e-05    1.8367283122e-08    7.5252595788e-02
 148.0100000    5.8623712012e-03    1.1457353563e-05    1.8450997374e-08    7.5273677219e-02
 148.5100000    5.8625255496e-03    1.1457997441e-05    1.8495892121e-08    7.5294750905e-02
 149.0100000    5.8627993459e-03    1.1459116369e-05    1.8599154123e-08    7.5315764123e-02
 149.5100000    5.8631363192e-03    1.1460473745e-05    1.8788132808e-08    7.5336710195e-02
 150.0100000    5.8633763193e-03    1.1461431590e-05    1.8976911408e-08    7.5357630644e-02
 150.5100000    5.8633397567e-03    1.1461287599e-05    1.9112599565e-08    7.5378586387e-02
 151.0100000    5.8629310505e-03    1.1459680668e-05    1.9191029176e-08    7.5399616757e-02
 151.5100000    5.8622056223e-03    1.1456846147e-05    1.9320844036e-08    7.5420713091e-02
 152.0100000    5.8613531446e-03    1.1453538125e-05    1.9436300232e-08    7.5441826440e-02
 152.5100000    5.8605870137e-03    1.1450586770e-05    1.9581871230e-08    7.5462893507e-02
 153.0100000    5.8599970571e-03    1.1448322655e-05    1.9762971731e-08    7.5483873255e-02
 153.5100000    5.8594731435e-03    1.1446292941e-05    1.9952481450e-08    7.5504774561e-02
 154.0100000    5.8587721165e-03    1.1443543285e-05    2.0127357542e-08    7.5525648729e-02
 154.5100000    5.8576853608e-03    1.1439279171e-05    2.0287524634e-08    7.5546557681e-02
 155.0100000    5.8561781660e-03    1.1433394328e-05    2.0439185175e-08    7.5567531022e-02
 155.5100000    5.8544022469e-03    1.1426494773e-05    2.0580529142e-08    7.5588549277e-02
 156.0100000    5.8525877202e-03    1.1419464692e-05    2.0713183751e-08    7.5609560549e-02
 156.5100000    5.8508975560e-03    1.1412909116e-05    2.0857550343e-08    7.5630509689e-02
 157.0100000    5.8493341459e-03    1.1406815787e-05    2.1039609564e-08    7.5651377708e-02
 157.5100000    5.8477472610e-03    1.1400604837e-05    2.1251538251e-08    7.5672193033e-02
 158.0100000    5.8459330956e-03    1.1393508356e-05    2.1444295982e-08    7.5693011038e-02
 158.5100000    5.8437604568e-03    1.1385039646e-05    2.1574579931e-08    7.5713886628e-02
 159.0100000    5.8412447438e-03    1.1375264937e-05    2.1652355120e-08    7.5734843387e-02
 159.5100000    5.8385259427e-03    1.1364717375e-05    2.1734656452e-08    7.5755860059e-02
 160.0100000    5.8357703105e-03    1.1354025405e-05    2.1871968955e-08    7.5776888544e-02
 160.5100000    5.8330658066e-03    1.1343518239e-05    2.2061200422e-08    7.5797891000e-02
 161.0100000    5.8303816874e-03    1.1333075052e-05    2.2256566542e-08    7.5818861999e-02
 161.5100000    5.8276080950e-03    1.1322278532e-05    2.2415417650e-08    7.5839826513e-02
 162.0100000    5.8246306959e-03    1.1310700218e-05    2.2529095541e-08    7.5860821789e-02
 162.5100000    5.8213864528e-03    1.1298109258e-05    2.2612338739e-08    7.5881872477e-02
 163.0100000    5.8178824112e-03    1.1284536411e-05    2.2683554056e-08    7.5902983254e-02
 163.5100000    5.8141848064e-03    1.1270227772e-05    2.2763363249e-08    7.5924141300e-02
 164.0100000    5.8103844607e-03    1.1255517574e-05    2.2918638926e-08    7.5945326316e-02
 164.5100000    5.8065483998e-03    1.1240655958e-05    2.3116970796e-08    7.5966525156e-02
 165.0100000    5.8079112325e-03    1.1245395789e-05    2.3325211133e-08    7.5987731968e-02
 165.5100000    5.8095479220e-03    1.1251753286e-05    2.3535839664e-08    7.6008948951e-02
 166.0100000    5.8110612762e-03    1.1257638143e-05    2.3726044945e-08    7.6030188125e-02
 166.5100000    5.8123811617e-03    1.1262778991e-05    2.3878757437e-08    7.6051466716e-02
 167.0100000    5.8134760575e-03    1.1267052622e-05    2.4002219340e-08    7.6072797738e-02
 167.5100000    5.8143658241e-03    1.1270534128e-05    2.4133573361e-08    7.6094178180e-02
 168.0100000    5.8151039200e-03    1.1273427283e-05    2.4314791488e-08    7.6115589650e-02
 168.5100000    5.8157430192e-03    1.1275931907e-05    2.4557397664e-08    7.6137006590e-02
 169.0100000    5.8163070658e-03    1.1278138813e-05    2.4821030083e-08    7.6158409800e-02
 169.5100000    5.8167862798e-03    1.1280013229e-05    2.5034893128e-08    7.6179798947e-02
 170.0100000    5.8171521014e-03    1.1281450740e-05    2.5153011055e-08    7.6201186986e-02
 170.5100000    5.8173741224e-03    1.1282336784e-05    2.5197041352e-08    7.6222585434e-02
 171.0100000    5.8174258690e-03    1.1282564918e-05    2.5246062201e-08    7.6243996205e-02
 171.5100000    5.8172841135e-03    1.1282037366e-05    2.5377244622e-08    7.6265410998e-02
 172.0100000    5.8169353546e-03    1.1280698713e-05    2.5609703540e-08    7.6286817312e-02
 172.5100000    5.8163918032e-03    1.1278602647e-05    2.5885815510e-08    7.6308205491e-02
 173.0100000    5.8157004022e-03    1.1275941195e-05    2.6110744810e-08    7.6329567088e-02
 173.5100000    5.8149256198e-03    1.1272966512e-05    2.6222364946e-08    7.6350893227e-02
 174.0100000    5.8141074338e-03    1.1269823038e-05    2.6240942544e-08    7.6372170414e-02
 174.5100000    5.8132217523e-03    1.1266402954e-05    2.6254569331e-08    7.6393383008e-02
 175.0100000    5.8121770045e-03    1.1262348899e-05    2.6354497116e-08    7.6414532342e-02
 175.5100000    5.8108606700e-03    1.1257240468e-05    2.6567025603e-08    7.6435643317e-02
 176.0100000    5.8092148157e-03    1.1250874928e-05    2.6834751908e-08    7.6456753052e-02
 176.5100000    5.8072906277e-03    1.1243459066e-05    2.7057847363e-08    7.6477884508e-02
 177.0100000    5.8052322902e-03    1.1235537715e-05    2.7171471618e-08    7.6499023251e-02
 177.5100000    5.8031845454e-03    1.1227645743e-05    2.7195006450e-08    7.6520127538e-02
 178.0100000    5.8011835095e-03    1.1219907005e-05    2.7239867958e-08    7.6541163047e-02
 178.5100000    5.7991183848e-03    1.1211900246e-05    2.7414021495e-08    7.6562142686e-02
 179.0100000    5.7968034979e-03    1.1202931675e-05    2.7543036343e-08    7.6583130584e-02
 179.5100000    5.7941098301e-03    1.1192525024e-05    2.7643225165e-08    7.6604199284e-02
 180.0100000    5.7910552056e-03    1.1180755593e-05    2.7843494575e-08    7.6625385214e-02
 180.5100000    5.7877875737e-03    1.1168183295e-05    2.8085405341e-08    7.6646671853e-02
 181.0100000    5.7844798722e-03    1.1155455331e-05    2.8275653713e-08    7.6668010339e-02
 181.5100000    5.7812148989e-03    1.1142875733e-05    2.8476573493e-08    7.6689356643e-02
 182.0100000    5.7779364709e-03    1.1130227704e-05    2.8716571865e-08    7.6710700958e-02
 182.5100000    5.7744940957e-03    1.1116946592e-05    2.8988432292e-08    7.6732078590e-02
 183.0100000    5.7707486856e-03    1.1102517794e-05    2.9273139648e-08    7.6753544762e-02
 183.5100000    5.7666673763e-03    1.1086828756e-05    2.9550936084e-08    7.6775133882e-02
 184.0100000    5.7677313255e-03    1.1090420186e-05    2.9801795946e-08    7.6796834690e-02
 184.5100000    5.7692878049e-03    1.1096450957e-05    3.0017892511e-08    7.6818595475e-02
 185.0100000    5.7708571106e-03    1.1102522382e-05    3.0219583621e-08    7.6840357922e-02
 185.5100000    5.7724249301e-03    1.1108578875e-05    3.0440831867e-08    7.6862089665e-02
 186.0100000    5.7738639632e-03    1.1114135124e-05    3.0689735066e-08    7.6883794701e-02
 186.5100000    5.7750474221e-03    1.1118708913e-05    3.0932862667e-08    7.6905492789e-02
 187.0100000    5.7759411754e-03    1.1122173574e-05    3.1125300182e-08    7.6927192016e-02
 187.5100000    5.7765980077e-03    1.1124734498e-05    3.1265668548e-08    7.6948886741e-02
 188.0100000    5.7770826268e-03    1.1126638615e-05    3.1411750043e-08    7.6970566983e-02
 188.5100000    5.7774154341e-03    1.1127957625e-05    3.1625000668e-08    7.6992224724e-02
 189.0100000    5.7775829098e-03    1.1128631531e-05    3.1906236055e-08    7.7013852178e-02
 189.5100000    5.7775826841e-03    1.1128647608e-05    3.2190789840e-08    7.7035436060e-02
 190.0100000    5.7774416233e-03    1.1128112455e-05    3.2395034262e-08    7.7056961881e-02
 190.5100000    5.7771859472e-03    1.1127134403e-05    3.2487993556e-08    7.7078426909e-02
 191.0100000    5.7767995354e-03    1.1125658734e-05    3.2526585787e-08    7.7099846407e-02
 191.5100000    5.7762199662e-03    1.1123449773e-05    3.2614059606e-08    7.7121246525e-02
 192.0100000    5.7753822513e-03    1.1120257584e-05    3.2816179913e-08    7.7142646725e-02
 192.5100000    5.7742709508e-03    1.1116016601e-05    3.3111895057e-08    7.7164042327e-02
 193.0100000    5.7729327877e-03    1.1110894503e-05    3.3406612617e-08    7.7185409029e-02
 193.5100000    5.7714402416e-03    1.1105159017e-05    3.3597973846e-08    7.7206724246e-02
 194.0100000    5.7698392593e-03    1.1098987719e-05    3.3656956638e-08    7.7227988144e-02
 194.5100000    5.7681203696e-03    1.1092361072e-05    3.3651822242e-08    7.7249226628e-02
 195.0100000    5.7662268631e-03    1.1085083897e-05    3.3689087822e-08    7.7270473117e-02
 195.5100000    5.7640886823e-03    1.1076898483e-05    3.3832054429e-08    7.7291755072e-02
 196.0100000    5.7616624078e-03    1.1067628177e-05    3.4064783534e-08    7.7313087421e-02
 196.5100000    5.7589591473e-03    1.1057290186e-05    3.4313789527e-08    7.7334476697e-02
 197.0100000    5.7560460560e-03    1.1046119954e-05    3.4499561328e-08    7.7355929658e-02
 197.5100000    5.7530153339e-03    1.1034469827e-05    3.4585327375e-08    7.7377447581e-02
 198.0100000    5.7499296970e-03    1.1022602162e-05    3.4596503844e-08    7.7399022139e-02
 198.5100000    5.7474559698e-03    1.1012575652e-05    3.4685771167e-08    7.7420642592e-02
 199.0100000    5.7455328600e-03    1.1005178734e-05    3.5045263297e-08    7.7442307775e-02
 199.5100000    5.7435183531e-03    1.0997437676e-05    3.5458818688e-08    7.7464025979e-02
 200.0100000    5.7413851746e-03    1.0989252660e-05    3.5851291259e-08    7.7485800130e-02
 200.5100000    5.7390824246e-03    1.0980429044e-05    3.6149325667e-08    7.7507618853e-02
 201.0100000    5.7365799623e-03    1.0970844456e-05    3.6348081607e-08    7.7529457790e-02
 201.5100000    5.7339743071e-03    1.0961066160e-05    3.6524306491e-08    7.7551292790e-02
 202.0100000    5.7357056228e-03    1.0967683950e-05    3.6769880671e-08    7.7573114029e-02
 202.5100000    5.7372956780e-03    1.0973798509e-05    3.7109893354e-08    7.7594921848e-02
 203.0100000    5.7386952001e-03    1.0979225105e-05    3.7484658624e-08    7.7616713490e-02
 203.5100000    5.7398689495e-03    1.0983800187e-05    3.7809200519e-08    7.7638479512e-02
 204.0100000    5.7408075777e-03    1.0987444799e-05    3.8049356229e-08    7.7660215918e-02
 204.5100000    5.7415136404e-03    1.0990147238e-05    3.8237413033e-08    7.7681934659e-02
 205.0100000    5.7419896753e-03    1.0991938892e-05    3.8426577098e-08    7.7703655215e-02
 205.5100000    5.7422455316e-03    1.0992904365e-05    3.8641615503e-08    7.7725387479e-02
 206.0100000    5.7423116699e-03    1.0993193093e-05    3.8873892708e-08    7.7747121369e-02
 206.5100000    5.7422313377e-03    1.0992963777e-05    3.9107015501e-08    7.7768832036e-02
 207.0100000    5.7420271142e-03    1.0992261022e-05    3.9334272414e-08    7.7790497397e-02
 207.5100000    5.7416711337e-03    1.0990933818e-05    3.9553882958e-08    7.7812115869e-02
 208.0100000    5.7410914642e-03    1.0988696723e-05    3.9759187416e-08    7.7833713465e-02
 208.5100000    5.7402153419e-03    1.0985302554e-05    3.9940108610e-08    7.7855330233e-02
 209.0100000    5.7390185421e-03    1.0980703616e-05    4.0097328339e-08    7.7876992033e-02
 209.5100000    5.7375457994e-03    1.0975096150e-05    4.0245120027e-08    7.7898689648e-02
 210.0100000    5.7358859531e-03    1.0968810845e-05    4.0398148390e-08    7.7920384781e-02
 210.5100000    5.7341138156e-03    1.0962099616e-05    4.0563164860e-08    7.7942040258e-02
 211.0100000    5.7322365693e-03    1.0954955878e-05    4.0739446187e-08    7.7963648346e-02
 211.5100000    5.7301862153e-03    1.0947110592e-05    4.0920563647e-08    7.7985235267e-02
 212.0100000    5.7278675662e-03    1.0938221174e-05    4.1091241831e-08    7.8006842165e-02
 212.5100000    5.7261288532e-03    1.0931079285e-05    4.1228934039e-08    7.8028497282e-02
 213.0100000    5.7252258148e-03    1.0927619418e-05    4.1321406836e-08    7.8050201090e-02
 213.5100000    5.7241447849e-03    1.0923501372e-05    4.1387122389e-08    7.8071936563e-02
 214.0100000    5.7228947242e-03    1.0918744770e-05    4.1469763177e-08    7.8093685383e-02
 214.5100000    5.7214846076e-03    1.0913367372e-05    4.1601597230e-08    7.8115434061e-02
 215.0100000    5.7199189358e-03    1.0907377482e-05    4.1937801679e-08    7.8137177878e-02
 215.5100000    5.7181938123e-03    1.0900764167e-05    4.2297373198e-08    7.8158925061e-02
 216.0100000    5.7162998577e-03    1.0893505753e-05    4.2602379121e-08    7.8180694913e-02
 216.5100000    5.7142309120e-03    1.0885593557e-05    4.2916224479e-08    7.8202506193e-02
 217.0100000    5.7119891622e-03    1.0877041677e-05    4.3284708704e-08    7.8224362490e-02
 217.5100000    5.7095808906e-03    1.0867867911e-05    4.3688221225e-08    7.8246248676e-02
 218.0100000    5.7070085288e-03    1.0858069453e-05    4.4063587406e-08    7.8268141129e-02
 218.5100000    5.7067319771e-03    1.0857333024e-05    4.4370926347e-08    7.8290020599e-02
 219.0100000    5.7079349109e-03    1.0861931977e-05    4.4629763469e-08    7.8311881968e-02
 219.5100000    5.7089576630e-03    1.0865855840e-05    4.4890921764e-08    7.8333735058e-02
 220.0100000    5.7097626778e-03    1.0868962552e-05    4.5186532118e-08    7.8355593736e-02
 220.5100000    5.7103056265e-03    1.0871073919e-05    4.5510858405e-08    7.8377466594e-02
 221.0100000    5.7105687642e-03    1.0872110963e-05    4.5838261707e-08    7.8399352662e-02
 221.5100000    5.7105694197e-03    1.0872135645e-05    4.6140431720e-08    7.8421243196e-02
 222.0100000    5.7103439696e-03    1.0871292214e-05    4.6391410763e-08    7.8443129783e-02
 222.5100000    5.7099229251e-03    1.0869706559e-05    4.6578992295e-08    7.8465008910e-02
 223.0100000    5.7093122084e-03    1.0867407041e-05    4.6726262216e-08    7.8486884575e-02
 223.5100000    5.7084902156e-03    1.0864309787e-05    4.6892203870e-08    7.8508764996e-02
 224.0100000    5.7074231429e-03    1.0860279526e-05    4.7127931045e-08    7.8530652195e-02
 224.5100000    5.7060888339e-03    1.0855225844e-05    4.7422511486e-08    7.8552540630e-02
 225.0100000    5.7044894458e-03    1.0849155550e-05    4.7697870937e-08    7.8574425954e-02
 225.5100000    5.7026408639e-03    1.0842132847e-05    4.7875335420e-08    7.8596313073e-02
 226.0100000    5.7005506121e-03    1.0834192758e-05    4.7950419553e-08    7.8618214488e-02
 226.5100000    5.6997189935e-03    1.0830585441e-05    4.7995803549e-08    7.8640138358e-02
 227.0100000    5.6996337382e-03    1.0830248715e-05    4.8095755785e-08    7.8662078564e-02
 227.5100000    5.6993522931e-03    1.0829161335e-05    4.8276645519e-08    7.8684013145e-02
 228.0100000    5.6988768622e-03    1.0827337544e-05    4.8496138248e-08    7.8705915270e-02
 228.5100000    5.6982242279e-03    1.0824847087e-05    4.8688001054e-08    7.8727776863e-02
 229.0100000    5.6974093572e-03    1.0821747339e-05    4.8810225823e-08    7.8749620502e-02
 229.5100000    5.6964248178e-03    1.0818003881e-05    4.8861798758e-08    7.8771483252e-02
 230.0100000    5.6952426407e-03    1.0813502842e-05    4.8873448331e-08    7.8793388049e-02
 230.5100000    5.6938412279e-03    1.0808160356e-05    4.9260830370e-08    7.8815323716e-02
 231.0100000    5.6922296142e-03    1.0802016711e-05    4.9702138964e-08    7.8837251159e-02
 231.5100000    5.6904419840e-03    1.0795210402e-05    5.0180452101e-08    7.8859134562e-02
 232.0100000    5.6885069372e-03    1.0787854597e-05    5.0660191795e-08    7.8880972133e-02
 232.5100000    5.6864226857e-03    1.0779940598e-05    5.1085002670e-08    7.8902799358e-02
 233.0100000    5.6841614403e-03    1.0771357477e-05    5.1424932718e-08    7.8924660458e-02
 233.5100000    5.6816944836e-03    1.0761991960e-05    5.1708241866e-08    7.8946577994e-02
 234.0100000    5.6800371066e-03    1.0756108431e-05    5.1999184380e-08    7.8968543048e-02
 234.5100000    5.6806535626e-03    1.0758477243e-05    5.2343893324e-08    7.8990524181e-02
 235.0100000    5.6811137851e-03    1.0760256695e-05    5.2735576161e-08    7.9012490766e-02
 235.5100000    5.6813875681e-03    1.0761329697e-05    5.3126827211e-08    7.9034434347e-02
 236.0100000    5.6814020955e-03    1.0761417295e-05    5.3469862476e-08    7.9056372633e-02
 236.5100000    5.6810959649e-03    1.0760285758e-05    5.3747701435e-08    7.9078336075e-02
 237.0100000    5.6804549769e-03    1.0757883021e-05    5.3975773513e-08    7.9100347091e-02
 237.5100000    5.6795092114e-03    1.0754325859e-05    5.4184399182e-08    7.9122407552e-02
 238.0100000    5.6783030409e-03    1.0749783671e-05    5.4400544529e-08    7.9144498915e-02
 238.5100000    5.6768654371e-03    1.0744365279e-05    5.4635968737e-08    7.9166596673e-02
 239.0100000    5.6751997952e-03    1.0738082289e-05    5.4882510306e-08    7.9188690961e-02
 239.5100000    5.6732925641e-03    1.0730884188e-05    5.5117117709e-08    7.9210791042e-02
 240.0100000    5.6718502061e-03    1.0724985703e-05    5.5317220728e-08    7.9232912848e-02
 240.5100000    5.6725193159e-03    1.0727513568e-05    5.5477285717e-08    7.9255062217e-02
 241.0100000    5.6729710964e-03    1.0729214596e-05    5.5611809863e-08    7.9277228675e-02
 241.5100000    5.6732135199e-03    1.0730116250e-05    5.5740481321e-08    7.9299394666e-02
 242.0100000    5.6732589361e-03    1.0730267048e-05    5.5869479883e-08    7.9321546368e-02
 242.5100000    5.6731150315e-03    1.0729701255e-05    5.5987125269e-08    7.9343679214e-02
 243.0100000    5.6727789100e-03    1.0728413061e-05    5.6077580086e-08    7.9365795203e-02
 243.5100000    5.6722386889e-03    1.0726359355e-05    5.6139132330e-08    7.9387895313e-02
 244.0100000    5.6714838475e-03    1.0723497795e-05    5.6188947367e-08    7.9409975020e-02
 244.5100000    5.6705165790e-03    1.0719831434e-05    5.6637285881e-08    7.9432024999e-02
 245.0100000    5.6693518504e-03    1.0715412526e-05    5.7116832663e-08    7.9454040582e-02
 245.5100000    5.6680040401e-03    1.0710295404e-05    5.7579796715e-08    7.9476031831e-02
 246.0100000    5.6664736654e-03    1.0704486970e-05    5.8021149257e-08    7.9498019521e-02
 246.5100000    5.6647485946e-03    1.0697948146e-05    5.8444048543e-08    7.9520021144e-02
 247.0100000    5.6628176223e-03    1.0690640286e-05    5.8852901774e-08    7.9542041740e-02
 247.5100000    5.6606808821e-03    1.0682561842e-05    5.9248825789e-08    7.9564073706e-02
 248.0100000    5.6583471166e-03    1.0673740225e-05    5.9631760241e-08    7.9586105811e-02
 248.5100000    5.6558233752e-03    1.0664198424e-05    6.0003717799e-08    7.9608135694e-02
 249.0100000    5.6544134044e-03    1.0659437596e-05    6.0367105608e-08    7.9630172406e-02
 249.5100000    5.6542534674e-03    1.0658867315e-05    6.0719166656e-08    7.9652228677e-02
 250.0100000    5.6537449675e-03    1.0656977043e-05    6.1049750349e-08    7.9674310449e-02
 250.5100000    5.6529051084e-03    1.0653833483e-05    6.1347934954e-08    7.9696413936e-02
 251.0100000    5.6517782192e-03    1.0649606571e-05    6.1613094243e-08    7.9718531625e-02
 251.5100000    5.6503954373e-03    1.0644415818e-05    6.1858365288e-08    7.9740657965e-02
 252.0100000    5.6487534751e-03    1.0638250592e-05    6.2100645560e-08    7.9762791294e-02
 252.5100000    5.6468285880e-03    1.0631023556e-05    6.2345849155e-08    7.9784930036e-02
 253.0100000    5.6446067540e-03    1.0622683705e-05    6.2584462920e-08    7.9807069782e-02
 253.5100000    5.6445651931e-03    1.0622080960e-05    6.2801621468e-08    7.9829207062e-02
 254.0100000    5.6456812281e-03    1.0626278870e-05    6.2989721765e-08    7.9851347232e-02
 254.5100000    5.6466081528e-03    1.0629767910e-05    6.3150568506e-08    7.9873509378e-02
 255.0100000    5.6473268605e-03    1.0632469575e-05    6.3287811463e-08    7.9895715494e-02
 255.5100000    5.6478143646e-03    1.0634291298e-05    6.3400854604e-08    7.9917971426e-02
 256.0100000    5.6480685673e-03    1.0635225380e-05    6.3488531555e-08    7.9940258213e-02
 256.5100000    5.6481150510e-03    1.0635375859e-05    6.3557979772e-08    7.9962544019e-02
 257.0100000    5.6479858259e-03    1.0634872538e-05    6.3624851593e-08    7.9984809869e-02
 257.5100000    5.6476891625e-03    1.0633748903e-05    6.3906556385e-08    8.0007062868e-02
 258.0100000    5.6471995284e-03    1.0631901263e-05    6.4493715859e-08    8.0029328781e-02
 258.5100000    5.6464772959e-03    1.0629169087e-05    6.5035088046e-08    8.0051632299e-02
 259.0100000    5.6455005141e-03    1.0625464992e-05    6.5515208659e-08    8.0073974258e-02
 259.5100000    5.6442817973e-03    1.0620843180e-05    6.5950321997e-08    8.0096326298e-02
 260.0100000    5.6428574446e-03    1.0615452964e-05    6.6375567986e-08    8.0118649049e-02
 260.5100000    5.6412584176e-03    1.0609419072e-05    6.6817799711e-08    8.0140917245e-02
 261.0100000    5.6394861430e-03    1.0602744586e-05    6.7273470420e-08    8.0163135223e-02
 261.5100000    5.6375118050e-03    1.0595311258e-05    6.7707975341e-08    8.0185333560e-02
 262.0100000    5.6352993209e-03    1.0586974964e-05    6.8081512299e-08    8.0207546495e-02
 262.5100000    5.6328332740e-03    1.0577678257e-05    6.8384173240e-08    8.0229784522e-02
 263.0100000    5.6301292658e-03    1.0567488987e-05    6.8647730242e-08    8.0252027012e-02
 263.5100000    5.6272192246e-03    1.0556537860e-05    6.8919540673e-08    8.0274242974e-02
 264.0100000    5.6249209752e-03    1.0548693632e-05    6.9221596252e-08    8.0296418916e-02
 264.5100000    5.6231851845e-03    1.0542210987e-05    6.9534481695e-08    8.0318569143e-02
 265.0100000    5.6211508052e-03    1.0534615206e-05    6.9819392434e-08    8.0340722541e-02
 265.5100000    5.6187800763e-03    1.0525759688e-05    7.0050503903e-08    8.0362900432e-02
 266.0100000    5.6164277005e-03    1.0516460995e-05    7.0225913920e-08    8.0385105547e-02
 266.5100000    5.6181439291e-03    1.0522874070e-05    7.0358411438e-08    8.0407327128e-02
 267.0100000    5.6196565276e-03    1.0528524756e-05    7.0468113041e-08    8.0429554919e-02
 267.5100000    5.6209772270e-03    1.0533465978e-05    7.0581545437e-08    8.0451790780e-02
 268.0100000    5.6220999449e-03    1.0537677624e-05    7.0720027544e-08    8.0474046976e-02
 268.5100000    5.6230052046e-03    1.0541079669e-05    7.0875132179e-08    8.0496334647e-02
 269.0100000    5.6236764214e-03    1.0543597876e-05    7.1001548004e-08    8.0518655070e-02
 269.5100000    5.6241149904e-03    1.0545229995e-05    7.1051845304e-08    8.0540999680e-02
 270.0100000    5.6243393786e-03    1.0546048405e-05    7.1324381481e-08    8.0563357292e-02
 270.5100000    5.6243672677e-03    1.0546129650e-05    7.1896078928e-08    8.0585723253e-02
 271.0100000    5.6241972591e-03    1.0545476412e-05    7.2496889002e-08    8.0608103445e-02
 271.5100000    5.6238083857e-03    1.0544009558e-05    7.3112170554e-08    8.0630506662e-02
 272.0100000    5.6231782182e-03    1.0541638157e-05    7.3684108322e-08    8.0652933220e-02
 272.5100000    5.6223020049e-03    1.0538338369e-05    7.4174263722e-08    8.0675372561e-02
 273.0100000    5.6211953104e-03    1.0534168211e-05    7.4605845716e-08    8.0697808699e-02
 273.5100000    5.6198795059e-03    1.0529212011e-05    7.5033667919e-08    8.0720228449e-02
 274.0100000    5.6183645481e-03    1.0523511565e-05    7.5480184241e-08    8.0742627547e-02
 274.5100000    5.6166429814e-03    1.0517041027e-05    7.5915217105e-08    8.0765011379e-02
 275.0100000    5.6146971163e-03    1.0509734114e-05    7.6298214139e-08    8.0787389947e-02
 275.5100000    5.6125114233e-03    1.0501531779e-05    7.6624286016e-08    8.0809770501e-02
 276.0100000    5.6100814820e-03    1.0492416458e-05    7.6918017167e-08    8.0832153751e-02
 276.5100000    5.6074156304e-03    1.0482419073e-05    7.7193330597e-08    8.0854531692e-02
 277.0100000    5.6045296054e-03    1.0471600304e-05    7.7438830031e-08    8.0876890257e-02
 277.5100000    5.6014367614e-03    1.0460014318e-05    7.7644575920e-08    8.0899221342e-02
 278.0100000    5.5981388535e-03    1.0447672285e-05    7.7825621217e-08    8.0921530777e-02
 278.5100000    5.5946238405e-03    1.0434531264e-05    7.8004292902e-08    8.0943834843e-02
 279.0100000    5.5924001104e-03    1.0426659110e-05    7.8174080140e-08    8.0966152237e-02
 279.5100000    5.5943340877e-03    1.0433870001e-05    7.8297525365e-08    8.0988494540e-02
 280.0100000    5.5960293717e-03    1.0440183537e-05    7.8347648063e-08    8.1010860703e-02
 280.5100000    5.5975024007e-03    1.0445665032e-05    7.8343655371e-08    8.1033241201e-02
 281.0100000    5.5987654282e-03    1.0450366633e-05    7.8335467296e-08    8.1055628137e-02
 281.5100000    5.5998178332e-03    1.0454288628e-05    7.8369236819e-08    8.1078022824e-02
 282.0100000    5.6006478643e-03    1.0457384337e-05    7.9063437767e-08    8.1100434109e-02
 282.5100000    5.6012424969e-03    1.0459599986e-05    7.9724097878e-08    8.1122870912e-02
 283.0100000    5.6015967864e-03    1.0460913493e-05    8.0334037352e-08    8.1145336637e-02
 283.5100000    5.6017161053e-03    1.0461344417e-05    8.0895776685e-08    8.1167828155e-02
 284.0100000    5.6016111912e-03    1.0460934867e-05    8.1422790552e-08    8.1190339063e-02
 284.5100000    5.6012901956e-03    1.0459718368e-05    8.1926400402e-08    8.1212864385e-02
 285.0100000    5.6007523127e-03    1.0457694327e-05    8.2411058277e-08    8.1235401520e-02
 285.5100000    5.5999869392e-03    1.0454823219e-05    8.2877140442e-08    8.1257946384e-02
 286.0100000    5.5989806235e-03    1.0451052312e-05    8.3322323570e-08    8.1280492472e-02
 286.5100000    5.5977285368e-03    1.0446360831e-05    8.3737657265e-08    8.1303033277e-02
 287.0100000    5.5962405856e-03    1.0440786064e-05    8.4107445515e-08    8.1325563643e-02
 287.5100000    5.5945338752e-03    1.0434395837e-05    8.4420943562e-08    8.1348082664e-02
 288.0100000    5.5926159615e-03    1.0427222590e-05    8.4686195165e-08    8.1370595230e-02
 288.5100000    5.5904750936e-03    1.0419222900e-05    8.4928533623e-08    8.1393108409e-02
 289.0100000    5.5880892441e-03    1.0410311197e-05    8.5169793934e-08    8.1415625252e-02
 289.5100000    5.5854469228e-03    1.0400442032e-05    8.5405662962e-08    8.1438140653e-02
 290.0100000    5.5825593893e-03    1.0389659995e-05    8.5605167265e-08    8.1460642966e-02
 290.5100000    5.5794515787e-03    1.0378064913e-05    8.5736755396e-08    8.1483122227e-02
 291.0100000    5.5761402127e-03    1.0365724775e-05    8.5798121989e-08    8.1505580632e-02
 291.5100000    5.5726197094e-03    1.0352619003e-05    8.5821069447e-08    8.1528033810e-02
 292.0100000    5.5712673272e-03    1.0348009821e-05    8.5845256262e-08    8.1550500636e-02
 292.5100000    5.5731951392e-03    1.0355170709e-05    8.5883035519e-08    8.1572991179e-02
 293.0100000    5.5748699242e-03    1.0361381021e-05    8.6263883625e-08    8.1595499875e-02
 293.5100000    5.5762936087e-03    1.0366652487e-05    8.7032483176e-08    8.1618009136e-02
 294.0100000    5.5774742873e-03    1.0371024389e-05    8.7705511522e-08    8.1640501995e-02
 294.5100000    5.5784225821e-03    1.0374542539e-05    8.8291725200e-08    8.1662973588e-02
 295.0100000    5.5791447571e-03    1.0377228570e-05    8.8847885245e-08    8.1685433665e-02
 295.5100000    5.5796371860e-03    1.0379060064e-05    8.9422035729e-08    8.1707900377e-02
 296.0100000    5.5798876951e-03    1.0379981712e-05    9.0006898802e-08    8.1730390180e-02
 296.5100000    5.5798842350e-03    1.0379945150e-05    9.0549271579e-08    8.1752908761e-02
 297.0100000    5.5796248969e-03    1.0378949316e-05    9.1002381837e-08    8.1775448545e-02
 297.5100000    5.5791216894e-03    1.0377050071e-05    9.1366064741e-08    8.1797995758e-02
 298.0100000    5.5783945754e-03    1.0374329352e-05    9.1678875408e-08    8.1820541343e-02
 298.5100000    5.5774585668e-03    1.0370841204e-05    9.1979530907e-08    8.1843088127e-02
 299.0100000    5.5763119635e-03    1.0366569609e-05    9.2279653284e-08    8.1865651584e-02
 299.5100000    5.5749353614e-03    1.0361432976e-05    9.2565317786e-08    8.1888252047e-02
 300.0100000    5.5733053672e-03    1.0355343368e-05    9.2811636610e-08    8.1910900724e-02
 300.5100000    5.5714145038e-03    1.0348281549e-05    9.2993158310e-08    8.1933590838e-02
 301.0100000    5.5692797386e-03    1.0340321857e-05    9.3093073484e-08    8.1956301888e-02
 301.5100000    5.5669290520e-03    1.0331574082e-05    9.3118261739e-08    8.1979013879e-02
 302.0100000    5.5643760300e-03    1.0322086123e-05    9.3106960238e-08    8.2001720787e-02
 302.5100000    5.5616061920e-03    1.0311796893e-05    9.3107616863e-08    8.2024431390e-02
 303.0100000    5.5585889432e-03    1.0300587468e-05    9.3136748885e-08    8.2047156082e-02
 303.5100000    5.5553041820e-03    1.0288384476e-05    9.3171683786e-08    8.2069892566e-02
 304.0100000    5.5517584311e-03    1.0275219293e-05    9.3989861941e-08    8.2092624175e-02
 304.5100000    5.5506853750e-03    1.0271631714e-05    9.4737269562e-08    8.2115332033e-02
 305.0100000    5.5525833874e-03    1.0278656124e-05    9.5424594035e-08    8.2138009084e-02
 305.5100000    5.5542488672e-03    1.0284824514e-05    9.6078660875e-08    8.2160663406e-02
 306.0100000    5.5556661356e-03    1.0290072417e-05    9.6707769345e-08    8.2183308086e-02
 306.5100000    5.5568157253e-03    1.0294323800e-05    9.7294875486e-08    8.2205947350e-02
 307.0100000    5.5576931480e-03    1.0297563043e-05    9.7824862842e-08    8.2228572921e-02
 307.5100000    5.5583132116e-03    1.0299848831e-05    9.8307313605e-08    8.2251173104e-02
 308.0100000    5.5586963547e-03    1.0301259003e-05    9.8763860652e-08    8.2273746419e-02
 308.5100000    5.5588505795e-03    1.0301821209e-05    9.9197156571e-08    8.2296307405e-02
 309.0100000    5.5587663322e-03    1.0301496085e-05    9.9582174101e-08    8.2318877730e-02
 309.5100000    5.5584283103e-03    1.0300225448e-05    9.9891610372e-08    8.2341471870e-02
 310.0100000    5.5578315962e-03    1.0297994017e-05    1.0012536638e-07    8.2364089557e-02
 310.5100000    5.5569865728e-03    1.0294844808e-05    1.0031044477e-07    8.2386719618e-02
 311.0100000    5.5559094993e-03    1.0290839612e-05    1.0047351428e-07    8.2409352932e-02
 311.5100000    5.5546092445e-03    1.0286008339e-05    1.0061714822e-07    8.2431991993e-02
 312.0100000    5.5530820525e-03    1.0280332832e-05    1.0072116487e-07    8.2454648396e-02
 312.5100000    5.5513167171e-03    1.0273770690e-05    1.0076298994e-07    8.2477333454e-02
 313.0100000    5.5493038162e-03    1.0266290937e-05    1.0073576885e-07    8.2500050357e-02
 313.5100000    5.5470419234e-03    1.0257894152e-05    1.0064954072e-07    8.2522792557e-02
 314.0100000    5.5445377900e-03    1.0248609151e-05    1.0093893561e-07    8.2545547158e-02
 314.5100000    5.5418008484e-03    1.0238471102e-05    1.0174902627e-07    8.2568302123e-02
 315.0100000    5.5388348489e-03    1.0227492014e-05    1.0251364714e-07    8.2591053305e-02
 315.5100000    5.5356325087e-03    1.0215643372e-05    1.0324033969e-07    8.2613803572e-02
 316.0100000    5.5321792438e-03    1.0202871498e-05    1.0393685520e-07    8.2636556438e-02
 316.5100000    5.5301894771e-03    1.0195895021e-05    1.0460180491e-07    8.2659310235e-02
 317.0100000    5.5320996738e-03    1.0202928423e-05    1.0521655582e-07    8.2682057422e-02
 317.5100000    5.5337515665e-03    1.0209011113e-05    1.0575254897e-07    8.2704792231e-02
 318.0100000    5.5351520368e-03    1.0214169667e-05    1.0619361571e-07    8.2727518844e-02
 318.5100000    5.5362979541e-03    1.0218392469e-05    1.0655347671e-07    8.2750250217e-02
 319.0100000    5.5371812673e-03    1.0221647606e-05    1.0686828524e-07    8.2772997255e-02
 319.5100000    5.5378005134e-03    1.0223925825e-05    1.0716760639e-07    8.2795758270e-02
 320.0100000    5.5381657896e-03    1.0225261230e-05    1.0745044071e-07    8.2818521327e-02
 320.5100000    5.5382916080e-03    1.0225707457e-05    1.0768884979e-07    8.2841277515e-02
 321.0100000    5.5381850461e-03    1.0225294083e-05    1.0785365681e-07    8.2864030939e-02
 321.5100000    5.5378406042e-03    1.0224004811e-05    1.0793613165e-07    8.2886797788e-02
 322.0100000    5.5372456408e-03    1.0221794278e-05    1.0794853872e-07    8.2909595230e-02
 322.5100000    5.5363908640e-03    1.0218626131e-05    1.0791066294e-07    8.2932427912e-02
 323.0100000    5.5352776760e-03    1.0214502533e-05    1.0783888709e-07    8.2955284051e-02
 323.5100000    5.5339176832e-03    1.0209465225e-05    1.0774239133e-07    8.2978142581e-02
 324.0100000    5.5323246384e-03    1.0203566411e-05    1.0825643972e-07    8.3000986289e-02
 324.5100000    5.5305035332e-03    1.0196826877e-05    1.0920083173e-07    8.3023812591e-02
 325.0100000    5.5284447503e-03    1.0189212876e-05    1.1004330284e-07    8.3046633180e-02
 325.5100000    5.5261296493e-03    1.0180656896e-05    1.1077176967e-07    8.3069464505e-02
 326.0100000    5.5235452111e-03    1.0171112643e-05    1.1141574071e-07    8.3092314842e-02
 326.5100000    5.5206954523e-03    1.0160597098e-05    1.1203190063e-07    8.3115177443e-02
 327.0100000    5.5175979442e-03    1.0149176382e-05    1.1266174337e-07    8.3138036470e-02
 327.5100000    5.5142676418e-03    1.0136905336e-05    1.1329180698e-07    8.3160878487e-02
 328.0100000    5.5107037544e-03    1.0123780214e-05    1.1385643582e-07    8.3183700049e-02
 328.5100000    5.5116373783e-03    1.0127572454e-05    1.1428973844e-07    8.3206507092e-02
 329.0100000    5.5133963938e-03    1.0134024384e-05    1.1458363456e-07    8.3229309505e-02
 329.5100000    5.5148855436e-03    1.0139485953e-05    1.1479616937e-07    8.3252116885e-02
 330.0100000    5.5161050062e-03    1.0143962236e-05    1.1499940186e-07    8.3274936563e-02
 330.5100000    5.5170577102e-03    1.0147463584e-05    1.1521502790e-07    8.3297772360e-02
 331.0100000    5.5177480688e-03    1.0150000672e-05    1.1539815198e-07    8.3320622254e-02
 331.5100000    5.5181821645e-03    1.0151588821e-05    1.1548230300e-07    8.3343477294e-02
 332.0100000    5.5183669619e-03    1.0152250074e-05    1.1543949995e-07    8.3366325447e-02
 332.5100000    5.5183066120e-03    1.0152002392e-05    1.1529908934e-07    8.3389159866e-02
 333.0100000    5.5179985211e-03    1.0150843623e-05    1.1511445485e-07    8.3411986494e-02
 333.5100000    5.5174341431e-03    1.0148749316e-05    1.1539999318e-07    8.3434822323e-02
 334.0100000    5.5166055016e-03    1.0145691432e-05    1.1638770422e-07    8.3457683387e-02
 334.5100000    5.5155123841e-03    1.0141663254e-05    1.1730411362e-07    8.3480572582e-02
 335.0100000    5.5141639318e-03    1.0136689350e-05    1.1813083253e-07    8.3503475398e-02
 335.5100000    5.5125731933e-03    1.0130813180e-05    1.1886886277e-07    8.3526367963e-02
 336.0100000    5.5107487993e-03    1.0124071462e-05    1.1953161078e-07    8.3549234232e-02
 336.5100000    5.5086893760e-03    1.0116470835e-05    1.2013288486e-07    8.3572077823e-02
 337.0100000    5.5063840262e-03    1.0107980971e-05    1.2067739599e-07    8.3594919408e-02
 337.5100000    5.5038188793e-03    1.0098551592e-05    1.2115840037e-07    8.3617781992e-02
 338.0100000    5.5009864304e-03    1.0088147235e-05    1.2156390414e-07    8.3640674612e-02
 338.5100000    5.4978916849e-03    1.0076777509e-05    1.2188736442e-07    8.3663586290e-02
 339.0100000    5.4945496512e-03    1.0064496369e-05    1.2213421249e-07    8.3686493956e-02
 339.5100000    5.4909744842e-03    1.0051363931e-05    1.2231778620e-07    8.3709380052e-02
 340.0100000    5.4926044444e-03    1.0057663752e-05    1.2244711160e-07    8.3732246182e-02
 340.5100000    5.4943015363e-03    1.0063876447e-05    1.2251716060e-07    8.3755112595e-02
 341.0100000    5.4957236908e-03    1.0069090902e-05    1.2251205068e-07    8.3778005188e-02
 341.5100000    5.4968670113e-03    1.0073282555e-05    1.2242085163e-07    8.3800937421e-02
 342.0100000    5.4977364005e-03    1.0076461277e-05    1.2225206416e-07    8.3823901019e-02
 342.5100000    5.4983438767e-03    1.0078671181e-05    1.2203058313e-07    8.3846873515e-02
 343.0100000    5.4987033204e-03    1.0079969750e-05    1.2290379333e-07    8.3869836668e-02
 343.5100000    5.4988236446e-03    1.0080396038e-05    1.2392799008e-07    8.3892791876e-02
 344.0100000    5.4987028556e-03    1.0079943646e-05    1.2487259061e-07    8.3915760486e-02
 344.5100000    5.4983272849e-03    1.0078558178e-05    1.2570732206e-07    8.3938768940e-02
 345.0100000    5.4976796906e-03    1.0076171421e-05    1.2643432412e-07    8.3961829187e-02
 345.5100000    5.4967533780e-03    1.0072757453e-05    1.2708809412e-07    8.3984928652e-02
 346.0100000    5.4955612838e-03    1.0068366708e-05    1.2770464455e-07    8.4008037171e-02
 346.5100000    5.4941292943e-03    1.0063098729e-05    1.2828617384e-07    8.4031125651e-02
 347.0100000    5.4924756877e-03    1.0057023337e-05    1.2879605307e-07    8.4054184576e-02
 347.5100000    5.4905932011e-03    1.0050113433e-05    1.2919042019e-07    8.4077229064e-02
 348.0100000    5.4884511506e-03    1.0042254101e-05    1.2945583279e-07    8.4100286778e-02
 348.5100000    5.4860186188e-03    1.0033330479e-05    1.2961771442e-07    8.4123376198e-02
 349.0100000    5.4832902024e-03    1.0023324333e-05    1.2971595022e-07    8.4146488248e-02
 349.5100000    5.4802919101e-03    1.0012335483e-05    1.2977443925e-07    8.4169586974e-02
 350.0100000    5.4770610658e-03    1.0000505717e-05    1.2978952335e-07    8.4192631473e-02
 350.5100000    5.4736162272e-03    9.9879058155e-06    1.2973844716e-07    8.4215603209e-02
 351.0100000    5.4733884505e-03    9.9873928897e-06    1.2959446077e-07    8.4238519370e-02
 351.5100000    5.4751358276e-03    9.9937671224e-06    1.2933984311e-07    8.4261421725e-02
 352.0100000    5.4765688480e-03    9.9989904450e-06    1.3022342769e-07    8.4284347554e-02
 352.5100000    5.4776874913e-03    1.0003062428e-05    1.3122930402e-07    8.4307302993e-02
 353.0100000    5.4785189871e-03    1.0006084922e-05    1.3215362418e-07    8.4330258862e-02
 353.5100000    5.4791018254e-03    1.0008201315e-05    1.3301146565e-07    8.4353171835e-02
 354.0100000    5.4794621715e-03    1.0009507747e-05    1.3381227675e-07    8.4376015464e-02
 354.5100000    5.4795973579e-03    1.0009992068e-05    1.3454461481e-07    8.4398802191e-02
 355.0100000    5.4794779325e-03    1.0009543196e-05    1.3517768609e-07    8.4421580987e-02
 355.5100000    5.4790689136e-03    1.0008031749e-05    1.3568435780e-07    8.4444408906e-02
 356.0100000    5.4783571946e-03    1.0005411524e-05    1.3606524622e-07    8.4467316264e-02
 356.5100000    5.4773652360e-03    1.0001767960e-05    1.3634867167e-07    8.4490288985e-02
 357.0100000    5.4761389944e-03    9.9972711647e-06    1.3656507867e-07    8.4513280223e-02
 357.5100000    5.4747169675e-03    9.9920615649e-06    1.3672180426e-07    8.4536246389e-02
 358.0100000    5.4731027566e-03    9.9861510637e-06    1.3680344864e-07    8.4559181920e-02
 358.5100000    5.4712621383e-03    9.9794145887e-06    1.3679401691e-07    8.4582126658e-02
 359.0100000    5.4691475204e-03    9.9716799899e-06    1.3669304825e-07    8.4605141007e-02
 359.5100000    5.4667320052e-03    9.9628510417e-06    1.3650803291e-07    8.4628264980e-02
 360.0100000    5.4640282928e-03    9.9529751254e-06    1.3623719653e-07    8.4651490250e-02
 360.5100000    5.4610790687e-03    9.9422085172e-06    1.3653010418e-07    8.4674765414e-02
 361.0100000    5.4579259562e-03    9.9307044508e-06    1.3761749522e-07    8.4698029611e-02
 361.5100000    5.4545787106e-03    9.9185011340e-06    1.3863830779e-07    8.4721252286e-02
 362.0100000    5.4551725469e-03    9.9209592219e-06    1.3961401742e-07    8.4744451677e-02
 362.5100000    5.4569262041e-03    9.9273352970e-06    1.4053556687e-07    8.4767677976e-02
 363.0100000    5.4583473297e-03    9.9325001073e-06    1.4135674768e-07    8.4790973123e-02
 363.5100000    5.4594404097e-03    9.9364694619e-06    1.4202969382e-07    8.4814335593e-02
 364.0100000    5.4602466355e-03    9.9393939559e-06    1.4254961830e-07    8.4837715591e-02
 364.5100000    5.4608153170e-03    9.9414537456e-06    1.4296082813e-07    8.4861045386e-02
 365.0100000    5.4611669869e-03    9.9427233384e-06    1.4331618205e-07    8.4884283132e-02
 365.5100000    5.4612771970e-03    9.9431127774e-06    1.4363095190e-07    8.4907437767e-02
 366.0100000    5.4610950170e-03    9.9424360187e-06    1.4387428068e-07    8.4930557204e-02
 366.5100000    5.4605822680e-03    9.9405545370e-06    1.4400036899e-07    8.4953689667e-02
 367.0100000    5.4597428966e-03    9.9374838638e-06    1.4398595620e-07    8.4976847081e-02
 367.5100000    5.4586207058e-03    9.9333840847e-06    1.4384247692e-07    8.4999996689e-02
 368.0100000    5.4572687985e-03    9.9284479366e-06    1.4359960174e-07    8.5023085467e-02
 368.5100000    5.4557139606e-03    9.9227720286e-06    1.4328035382e-07    8.5046078504e-02
 369.0100000    5.4539403590e-03    9.9162992191e-06    1.4360879689e-07    8.5068984893e-02
 369.5100000    5.4519024872e-03    9.9088665059e-06    1.4482003742e-07    8.5091854540e-02
 370.0100000    5.4495587965e-03    9.9003262937e-06    1.4591493118e-07    8.5114747870e-02
 370.5100000    5.4469042425e-03    9.8906627064e-06    1.4690379970e-07    8.5137698896e-02
 371.0100000    5.4439785173e-03    9.8800202798e-06    1.4779706310e-07    8.5160696179e-02
 371.5100000    5.4408408962e-03    9.8686131711e-06    1.4858415172e-07    8.5183694537e-02
 372.0100000    5.4375272917e-03    9.8565711147e-06    1.4923851333e-07    8.5206651479e-02
 372.5100000    5.4356726730e-03    9.8501127256e-06    1.4974911794e-07    8.5229563450e-02
 373.0100000    5.4374433863e-03    9.8565230465e-06    1.5014325613e-07    8.5252474817e-02
 373.5100000    5.4389026055e-03    9.8618041798e-06    1.5046641854e-07    8.5275451436e-02
 374.0100000    5.4400446989e-03    9.8659374467e-06    1.5073291271e-07    8.5298536475e-02
 374.5100000    5.4409052279e-03    9.8690518343e-06    1.5090165471e-07    8.5321721053e-02
 375.0100000    5.4415356288e-03    9.8713317562e-06    1.5091075124e-07    8.5344951592e-02
 375.5100000    5.4419662963e-03    9.8728845471e-06    1.5073947647e-07    8.5368168218e-02
 376.0100000    5.4421858439e-03    9.8736673389e-06    1.5043237116e-07    8.5391346176e-02
 376.5100000    5.4421501676e-03    9.8735210795e-06    1.5006102773e-07    8.5414511187e-02
 377.0100000    5.4418134495e-03    9.8722821795e-06    1.4966515768e-07    8.5437719109e-02
 377.5100000    5.4411596026e-03    9.8698944123e-06    1.5086587041e-07    8.5461014627e-02
 378.0100000    5.4402132706e-03    9.8664471454e-06    1.5208969880e-07    8.5484397854e-02
 378.5100000    5.4390225704e-03    9.8621130965e-06    1.5317476981e-07    8.5507821260e-02
 379.0100000    5.4376245260e-03    9.8570251076e-06    1.5411545761e-07    8.5531217902e-02
 379.5100000    5.4360174449e-03    9.8511778867e-06    1.5492423554e-07    8.5554542293e-02
 380.0100000    5.4341610784e-03    9.8444284301e-06    1.5562917474e-07    8.5577797462e-02
 380.5100000    5.4320050973e-03    9.8365973110e-06    1.5626254988e-07    8.5601029931e-02
 381.0100000    5.4295245726e-03    9.8275956139e-06    1.5683239528e-07    8.5624295202e-02
 381.5100000    5.4267362881e-03    9.8174841421e-06    1.5730005586e-07    8.5647617588e-02
 382.0100000    5.4236852921e-03    9.8064260550e-06    1.5760018838e-07    8.5670972181e-02
 382.5100000    5.4204129542e-03    9.7945722022e-06    1.5769946317e-07    8.5694300725e-02
 383.0100000    5.4182140891e-03    9.7868665055e-06    1.5763714041e-07    8.5717550965e-02
 383.5100000    5.4199174586e-03    9.7930154011e-06    1.5749741216e-07    8.5740712540e-02
 384.0100000    5.4213083035e-03    9.7980367689e-06    1.5733414309e-07    8.5763823933e-02
 384.5100000    5.4223710310e-03    9.8018731527e-06    1.5712255964e-07    8.5786946142e-02
 385.0100000    5.4231235431e-03    9.8045883299e-06    1.5678503061e-07    8.5810122409e-02
 385.5100000    5.4236071996e-03    9.8063309785e-06    1.5756077474e-07    8.5833351933e-02
 386.0100000    5.4238603322e-03    9.8072383934e-06    1.5879798214e-07    8.5856594380e-02
 386.5100000    5.4238947764e-03    9.8073519115e-06    1.5992623132e-07    8.5879801000e-02
 387.0100000    5.4236923960e-03    9.8066056163e-06    1.6095777681e-07    8.5902949698e-02
 387.5100000    5.4232228647e-03    9.8048914777e-06    1.6188857835e-07    8.5926059344e-02
 388.0100000    5.4224679978e-03    9.8021464674e-06    1.6270237874e-07    8.5949176118e-02
 388.5100000    5.4214348001e-03    9.7983977909e-06    1.6337617141e-07    8.5972342962e-02
 389.0100000    5.4201500353e-03    9.7937420629e-06    1.6388832636e-07    8.5995572161e-02
 389.5100000    5.4186425800e-03    9.7882820575e-06    1.6423163220e-07    8.6018839299e-02
 390.0100000    5.4169257968e-03    9.7820645356e-06    1.6442209085e-07    8.6042100708e-02
 390.5100000    5.4149898701e-03    9.7750538073e-06    1.6449038951e-07    8.6065321830e-02
 391.0100000    5.4128080886e-03    9.7671549091e-06    1.6445888804e-07    8.6088498913e-02
 391.5100000    5.4103540213e-03    9.7582755291e-06    1.6432458268e-07    8.6111659368e-02
 392.0100000    5.4076193597e-03    9.7483896570e-06    1.6406477278e-07    8.6134841293e-02
 392.5100000    5.4046193875e-03    9.7375556990e-06    1.6365966818e-07    8.6158067002e-02
 393.0100000    5.4013802716e-03    9.7258688868e-06    1.6310995420e-07    8.6181328033e-02
 393.5100000    5.4006427368e-03    9.7234459467e-06    1.6439386880e-07    8.6204591775e-02
 394.0100000    5.4022772147e-03    9.7293277995e-06    1.6568066183e-07    8.6227824433e-02
 394.5100000    5.4036196113e-03    9.7341527676e-06    1.6683565404e-07    8.6251014050e-02
 395.0100000    5.4046578534e-03    9.7378798230e-06    1.6786231966e-07    8.6274178513e-02
 395.5100000    5.4053984854e-03    9.7405365614e-06    1.6876217118e-07    8.6297353991e-02
 396.0100000    5.4058615255e-03    9.7421969288e-06    1.6952475719e-07    8.6320572389e-02
 396.5100000    5.4060658210e-03    9.7429268525e-06    1.7013336967e-07    8.6343842417e-02
 397.0100000    5.4060181723e-03    9.7427468045e-06    1.7058230580e-07    8.6367145928e-02
 397.5100000    5.4057135300e-03    9.7416358523e-06    1.7088494520e-07    8.6390451370e-02
 398.0100000    5.4051428809e-03    9.7395620665e-06    1.7106126214e-07    8.6413735663e-02
 398.5100000    5.4043008808e-03    9.7365092539e-06    1.7111771223e-07    8.6437001009e-02
 399.0100000    5.4031888803e-03    9.7324854252e-06    1.7104077108e-07    8.6460275322e-02
 399.5100000    5.4018142253e-03    9.7275183245e-06    1.7081039097e-07    8.6483595194e-02
 400.0100000    5.4001878014e-03    9.7216463732e-06    1.7041947330e-07    8.6506981934e-02
 400.5100000    5.3983200785e-03    9.7149058280e-06    1.6988122558e-07    8.6530425589e-02
 401.0100000    5.3962160606e-03    9.7073145184e-06    1.7033535093e-07    8.6553888586e-02
 401.5100000    5.3938719470e-03    9.6988608495e-06    1.7175155089e-07    8.6577328290e-02
 402.0100000    5.3912768528e-03    9.6895092204e-06    1.7305475714e-07    8.6600723921e-02
 402.5100000    5.3884194027e-03    9.6792216788e-06    1.7422772756e-07    8.6624089873e-02
 403.0100000    5.3852947854e-03    9.6679816775e-06    1.7524150083e-07    8.6647464832e-02
 403.5100000    5.3822651490e-03    9.6573096337e-06    1.7606620228e-07    8.6670882500e-02
 404.0100000    5.3838771137e-03    9.6630890851e-06    1.7669462740e-07    8.6694344405e-02
 404.5100000    5.3852158756e-03    9.6678864233e-06    1.7715564988e-07    8.6717814162e-02
 405.0100000    5.3862860895e-03    9.6717216162e-06    1.7749461461e-07    8.6741238416e-02
 405.5100000    5.3870893687e-03    9.6746022629e-06    1.7773300548e-07    8.6764580941e-02
 406.0100000    5.3876215545e-03    9.6765118355e-06    1.7784691694e-07    8.6787846163e-02
 406.5100000    5.3878763980e-03    9.6774239074e-06    1.7778720427e-07    8.6811075737e-02
 407.0100000    5.3878548739e-03    9.6773386347e-06    1.7752251094e-07    8.6834319974e-02
 407.5100000    5.3875706482e-03    9.6763047977e-06    1.7706396336e-07    8.6857604063e-02
 408.0100000    5.3870436646e-03    9.6743966275e-06    1.7645236008e-07    8.6880912564e-02
 408.5100000    5.3862858182e-03    9.6716601824e-06    1.7657673747e-07    8.6904201896e-02
 409.0100000    5.3852921148e-03    9.6680794456e-06    1.7808287426e-07    8.6927432235e-02
 409.5100000    5.3840462369e-03    9.6635956316e-06    1.7946259998e-07    8.6950597240e-02
 410.0100000    5.3825355594e-03    9.6581618743e-06    1.8068896549e-07    8.6973731000e-02
 410.5100000    5.3807621138e-03    9.6517840211e-06    1.8173712664e-07    8.6996887476e-02
 411.0100000    5.3787407715e-03    9.6445154051e-06    1.8258572143e-07    8.7020106706e-02
 411.5100000    5.3764876077e-03    9.6364155932e-06    1.8322885687e-07    8.7043390685e-02
 412.0100000    5.3740082794e-03    9.6275080554e-06    1.8368841304e-07    8.7066704417e-02
 412.5100000    5.3712941544e-03    9.6177648463e-06    1.8400474268e-07    8.7090001425e-02
 413.0100000    5.3683276354e-03    9.6071245522e-06    1.8420506370e-07    8.7113256476e-02
 413.5100000    5.3650930086e-03    9.5955312636e-06    1.8427767379e-07    8.7136482406e-02
 414.0100000    5.3662087955e-03    9.5997192911e-06    1.8417885433e-07    8.7159720147e-02
 414.5100000    5.3675656322e-03    9.6045680499e-06    1.8386826760e-07    8.7183009891e-02
 415.0100000    5.3686562291e-03    9.6084631395e-06    1.8334200226e-07    8.7206364036e-02
 415.5100000    5.3694766582e-03    9.6113910935e-06    1.8263646155e-07    8.7229760600e-02
 416.0100000    5.3700166741e-03    9.6133153558e-06    1.8323625651e-07    8.7253160219e-02
 416.5100000    5.3702697615e-03    9.6142120034e-06    1.8476040147e-07    8.7276534032e-02
 417.0100000    5.3702408544e-03    9.6140979909e-06    1.8617402728e-07    8.7299882651e-02
 417.5100000    5.3699454836e-03    9.6130288049e-06    1.8742554755e-07    8.7323234022e-02
 418.0100000    5.3694010618e-03    9.6110673036e-06    1.8846160027e-07    8.7346623702e-02
 418.5100000    5.3686171787e-03    9.6082483935e-06    1.8925913663e-07    8.7370071291e-02
 419.0100000    5.3675918661e-03    9.6045651904e-06    1.8983721929e-07    8.7393568744e-02
 419.5100000    5.3663157334e-03    9.5999840438e-06    1.9024203377e-07    8.7417087132e-02
 420.0100000    5.3647807399e-03    9.5944766531e-06    1.9051518825e-07    8.7440595865e-02
 420.5100000    5.3629881264e-03    9.5880489044e-06    1.9066553299e-07    8.7464081637e-02
 421.0100000    5.3609503988e-03    9.5807475634e-06    1.9066324686e-07    8.7487554549e-02
 421.5100000    5.3586850120e-03    9.5726366542e-06    1.9046132074e-07    8.7511038134e-02
 422.0100000    5.3562027119e-03    9.5637550327e-06    1.9003042392e-07    8.7534550544e-02
 422.5100000    5.3534987083e-03    9.5540852059e-06    1.8938178793e-07    8.7558089663e-02
 423.0100000    5.3505545326e-03    9.5435612951e-06    1.8858833988e-07    8.7581632177e-02
 423.5100000    5.3473505096e-03    9.5321147242e-06    1.9021098630e-07    8.7605146303e-02
 424.0100000    5.3487223355e-03    9.5371843289e-06    1.9173531693e-07    8.7628610087e-02
 424.5100000    5.3499800338e-03    9.5416661997e-06    1.9312592809e-07    8.7652023390e-02
 425.0100000    5.3509876472e-03    9.5452566521e-06    1.9432209160e-07    8.7675405064e-02
 425.5100000    5.3517536325e-03    9.5479855211e-06    1.9528206161e-07    8.7698778076e-02
 426.0100000    5.3522671052e-03    9.5498133737e-06    1.9600651797e-07    8.7722152765e-02
 426.5100000    5.3525083339e-03    9.5506691375e-06    1.9652449842e-07    8.7745519242e-02
 427.0100000    5.3524645298e-03    9.5505063804e-06    1.9686314032e-07    8.7768854424e-02
 427.5100000    5.3521397154e-03    9.5493386621e-06    1.9703213557e-07    8.7792138571e-02
 428.0100000    5.3515527598e-03    9.5472331543e-06    1.9702948683e-07    8.7815369630e-02
 428.5100000    5.3507257692e-03    9.5442698020e-06    1.9685023831e-07    8.7838566107e-02
 429.0100000    5.3496707383e-03    9.5404933594e-06    1.9648441954e-07    8.7861757283e-02
 429.5100000    5.3483831414e-03    9.5358892706e-06    1.9591387844e-07    8.7884967963e-02
 430.0100000    5.3468467294e-03    9.5303997601e-06    1.9512394372e-07    8.7908207273e-02
 430.5100000    5.3450464429e-03    9.5239702060e-06    1.9614683312e-07    8.7931467468e-02
 431.0100000    5.3429804560e-03    9.5165935521e-06    1.9772002759e-07    8.7954732995e-02
 431.5100000    5.3406624541e-03    9.5083196535e-06    1.9914047611e-07    8.7977993424e-02
 432.0100000    5.3381122548e-03    9.4992216726e-06    2.0039434955e-07    8.8001252635e-02
 432.5100000    5.3353417947e-03    9.4893448712e-06    2.0144186856e-07    8.8024529386e-02
 433.0100000    5.3323470418e-03    9.4786767140e-06    2.0224369562e-07    8.8047848061e-02
 433.5100000    5.3303019496e-03    9.4715571666e-06    2.0279311121e-07    8.8071225075e-02
 434.0100000    5.3317086981e-03    9.4765549165e-06    2.0312155560e-07    8.8094659257e-02
 434.5100000    5.3328186471e-03    9.4804960919e-06    2.0327013923e-07    8.8118132212e-02
 435.0100000    5.3336498892e-03    9.4834441545e-06    2.0325418688e-07    8.8141618829e-02
 435.5100000    5.3342297500e-03    9.4854967709e-06    2.0305358753e-07    8.8165100944e-02
 436.0100000    5.3345783418e-03    9.4867269538e-06    2.0263463407e-07    8.8188576400e-02
 436.5100000    5.3346973838e-03    9.4871421630e-06    2.0198064425e-07    8.8212058412e-02
 437.0100000    5.3345714886e-03    9.4866876337e-06    2.0110576160e-07    8.8235565638e-02
 437.5100000    5.3341810340e-03    9.4852918664e-06    2.0210619692e-07    8.8259109693e-02
 438.0100000    5.3335183389e-03    9.4829253549e-06    2.0376317726e-07    8.8282686479e-02
 438.5100000    5.3325959055e-03    9.4796318241e-06    2.0525483506e-07    8.8306275887e-02
 439.0100000    5.3314397128e-03    9.4755054156e-06    2.0653595883e-07    8.8329851091e-02
 439.5100000    5.3300710855e-03    9.4706253489e-06    2.0757489946e-07    8.8353392599e-02
 440.0100000    5.3284904939e-03    9.4649962294e-06    2.0836780025e-07    8.8376899068e-02
 440.5100000    5.3266767805e-03    9.4585436538e-06    2.0893103206e-07    8.8400387463e-02
 441.0100000    5.3246034540e-03    9.4511721188e-06    2.0928399071e-07    8.8423880997e-02
 441.5100000    5.3222591433e-03    9.4428392681e-06    2.0943665013e-07    8.8447392254e-02
 442.0100000    5.3196554973e-03    9.4335859905e-06    2.0938720856e-07    8.8470912850e-02
 442.5100000    5.3168166070e-03    9.4234999759e-06    2.0912683297e-07    8.8494417041e-02
 443.0100000    5.3137593980e-03    9.4126455365e-06    2.0864651599e-07    8.8517877420e-02
 443.5100000    5.3137516103e-03    9.4127551026e-06    2.0794299246e-07    8.8541282763e-02
 444.0100000    5.3149987742e-03    9.4171767488e-06    2.0702201203e-07    8.8564645983e-02
 444.5100000    5.3159665627e-03    9.4206101081e-06    2.0861493579e-07    8.8587996414e-02
 445.0100000    5.3166428526e-03    9.4230071783e-06    2.1029025225e-07    8.8611361867e-02
 445.5100000    5.3170352830e-03    9.4243920627e-06    2.1175576467e-07    8.8634751678e-02
 446.0100000    5.3171675773e-03    9.4248502033e-06    2.1299504255e-07    8.8658151463e-02
 446.5100000    5.3170647301e-03    9.4244745957e-06    2.1399679438e-07    8.8681533883e-02
 447.0100000    5.3167387151e-03    9.4233113258e-06    2.1476085235e-07    8.8704878099e-02
 447.5100000    5.3161849977e-03    9.4213443135e-06    2.1529542056e-07    8.8728184820e-02
 448.0100000    5.3153909617e-03    9.4185256793e-06    2.1560507741e-07    8.8751476863e-02
 448.5100000    5.3143482223e-03    9.4148226132e-06    2.1568090908e-07    8.8774784243e-02
 449.0100000    5.3130590907e-03    9.4102431726e-06    2.1550471000e-07    8.8798123978e-02
 449.5100000    5.3115337290e-03    9.4048261570e-06    2.1506644408e-07    8.8821488387e-02
 450.0100000    5.3097823035e-03    9.3986108155e-06    2.1438065050e-07    8.8844850298e-02
 450.5100000    5.3078090669e-03    9.3916137087e-06    2.1348477055e-07    8.8868182242e-02
 451.0100000    5.3056119043e-03    9.3838271435e-06    2.1347621999e-07    8.8891476404e-02
 451.5100000    5.3031856858e-03    9.3752326871e-06    2.1535080551e-07    8.8914751555e-02
 452.0100000    5.3005255237e-03    9.3658139731e-06    2.1703526643e-07    8.8938041731e-02
 452.5100000    5.2976277252e-03    9.3555598478e-06    2.1846015272e-07    8.8961373994e-02
 453.0100000    5.2958943231e-03    9.3495559425e-06    2.1957760092e-07    8.8984751053e-02
 453.5100000    5.2971470884e-03    9.3539770301e-06    2.2040152669e-07    8.9008151053e-02
 454.0100000    5.2981277367e-03    9.3574370253e-06    2.2099364948e-07    8.9031544259e-02
 454.5100000    5.2988554769e-03    9.3600027615e-06    2.2140414130e-07    8.9054914969e-02
 455.0100000    5.2993432419e-03    9.3617196323e-06    2.2162356637e-07    8.9078273942e-02
 455.5100000    5.2995925054e-03    9.3625932310e-06    2.2159250912e-07    8.9101653165e-02
 456.0100000    5.2995950667e-03    9.3625949950e-06    2.2125755285e-07    8.9125086444e-02
 456.5100000    5.2993409939e-03    9.3616897343e-06    2.2061816925e-07    8.9148588489e-02
 457.0100000    5.2988280424e-03    9.3598690431e-06    2.1972307798e-07    8.9172146068e-02
 457.5100000    5.2980665901e-03    9.3571693694e-06    2.1862760808e-07    8.9195726622e-02
 458.0100000    5.2970763010e-03    9.3536607001e-06    2.2055143503e-07    8.9219299514e-02
 458.5100000    5.2958756254e-03    9.3494093400e-06    2.2232996199e-07    8.9242856777e-02
 459.0100000    5.2944705321e-03    9.3444375274e-06    2.2386976403e-07    8.9266418296e-02
 459.5100000    5.2928507271e-03    9.3387095916e-06    2.2514002570e-07    8.9290016820e-02
 460.0100000    5.2909972087e-03    9.3321586402e-06    2.2612404498e-07    8.9313672472e-02
 460.5100000    5.2888964844e-03    9.3247372318e-06    2.2682386836e-07    8.9337373826e-02
 461.0100000    5.2865507423e-03    9.3164538670e-06    2.2726083709e-07    8.9361079264e-02
 461.5100000    5.2839757228e-03    9.3073657096e-06    2.2746131932e-07    8.9384738336e-02
 462.0100000    5.2811877614e-03    9.2975325007e-06    2.2743258214e-07    8.9408318804e-02
 462.5100000    5.2783526675e-03    9.2876530519e-06    2.2715362876e-07    8.9431821634e-02
 463.0100000    5.2796790514e-03    9.2923227684e-06    2.2659614715e-07    8.9455274703e-02
 463.5100000    5.2807261660e-03    9.2960096420e-06    2.2575718160e-07    8.9478710259e-02
 464.0100000    5.2814785765e-03    9.2986571228e-06    2.2466770318e-07    8.9502140960e-02
 464.5100000    5.2819441074e-03    9.3002920503e-06    2.2599334900e-07    8.9525549716e-02
 465.0100000    5.2821511146e-03    9.3010153373e-06    2.2786447441e-07    8.9548899984e-02
 465.5100000    5.2821312665e-03    9.3009401983e-06    2.2951034083e-07    8.9572160098e-02
 466.0100000    5.2819000203e-03    9.3001218426e-06    2.3087794316e-07    8.9595326128e-02
 466.5100000    5.2814486238e-03    9.2985286557e-06    2.3194315299e-07    8.9618428294e-02
 467.0100000    5.2807535306e-03    9.2960761180e-06    2.3272102389e-07    8.9641515948e-02
 467.5100000    5.2797966043e-03    9.2926994678e-06    2.3323674189e-07    8.9664630355e-02
 468.0100000    5.2785812175e-03    9.2884113723e-06    2.3349243782e-07    8.9687783211e-02
 468.5100000    5.2771321270e-03    9.2833011313e-06    2.3346559808e-07    8.9710955122e-02
 469.0100000    5.2754794069e-03    9.2774767875e-06    2.3313696150e-07    8.9734114920e-02
 469.5100000    5.2736389559e-03    9.2709953459e-06    2.3251438645e-07    8.9757246492e-02
 470.0100000    5.2716039922e-03    9.2638326833e-06    2.3162725638e-07    8.9780364984e-02
 470.5100000    5.2693525806e-03    9.2559109213e-06    2.3050032718e-07    8.9803512026e-02
 471.0100000    5.2668641629e-03    9.2471578172e-06    2.3196051329e-07    8.9826732955e-02
 471.5100000    5.2641328479e-03    9.2375541916e-06    2.3383452440e-07    8.9850050827e-02
 472.0100000    5.2611693499e-03    9.2271403689e-06    2.3543559584e-07    8.9873454274e-02
 472.5100000    5.2618910887e-03    9.2297706044e-06    2.3676395783e-07    8.9896906651e-02
 473.0100000    5.2628954008e-03    9.2332928131e-06    2.3781920894e-07    8.9920370363e-02
 473.5100000    5.2636808546e-03    9.2360470578e-06    2.3859386018e-07    8.9943830406e-02
 474.0100000    5.2642359619e-03    9.2379917449e-06    2.3907452095e-07    8.9967301626e-02
 474.5100000    5.2645403003e-03    9.2390546565e-06    2.3924861572e-07    8.9990815017e-02
 475.0100000    5.2645806462e-03    9.2391895758e-06    2.3911124358e-07    9.0014392521e-02
 475.5100000    5.2643609739e-03    9.2384109616e-06    2.3866899092e-07    9.0038027889e-02
 476.0100000    5.2639002056e-03    9.2367857641e-06    2.3793945151e-07    9.0061686521e-02
 476.5100000    5.2632205693e-03    9.2343925586e-06    2.3694510507e-07    9.0085324458e-02
 477.0100000    5.2623351936e-03    9.2312779792e-06    2.3570258956e-07    9.0108913900e-02
 477.5100000    5.2612425792e-03    9.2274370918e-06    2.3785651897e-07    9.0132458011e-02
 478.0100000    5.2599300908e-03    9.2228254771e-06    2.3976231208e-07    9.0155985334e-02
 478.5100000    5.2583831802e-03    9.2173918597e-06    2.4135119710e-07    9.0179527259e-02
 479.0100000    5.2565946826e-03    9.2111113872e-06    2.4261843245e-07    9.0203093492e-02
 479.5100000    5.2545691716e-03    9.2040014149e-06    2.4358730478e-07    9.0226662096e-02
 480.0100000    5.2523202155e-03    9.1961116826e-06    2.4428406051e-07    9.0250190605e-02
 480.5100000    5.2498623024e-03    9.1874951183e-06    2.4471406923e-07    9.0273641120e-02
 481.0100000    5.2472023052e-03    9.1781770197e-06    2.4485755161e-07    9.0297002978e-02
 481.5100000    5.2456366927e-03    9.1738389214e-06    2.4468493641e-07    9.0320297829e-02
 482.0100000    5.2451798048e-03    9.1722615612e-06    2.4417734002e-07    9.0343563521e-02
 482.5100000    5.2457546544e-03    9.1731890620e-06    2.4333854489e-07    9.0366827515e-02
 483.0100000    5.2464258345e-03    9.1755320136e-06    2.4219441513e-07    9.0390087791e-02
 483.5100000    5.2468354876e-03    9.1769603203e-06    2.4197041085e-07    9.0413313964e-02
 484.0100000    5.2470073798e-03    9.1775587773e-06    2.4409211970e-07    9.0436468510e-02
 484.5100000    5.2469660584e-03    9.1774132541e-06    2.4599003328e-07    9.0459534271e-02
 485.0100000    5.2467238864e-03    9.1765652845e-06    2.4761620937e-07    9.0482529167e-02
 485.5100000    5.2462746244e-03    9.1749909472e-06    2.4890817403e-07    9.0505498029e-02
 486.0100000    5.2455989549e-03    9.1726218531e-06    2.4982391329e-07    9.0528486706e-02
 486.5100000    5.2446795182e-03    9.1693984110e-06    2.5036692136e-07    9.0551515369e-02
 487.0100000    5.2435153407e-03    9.1653195094e-06    2.5057896760e-07    9.0574569351e-02
 487.5100000    5.2421249187e-03    9.1604518159e-06    2.5050379201e-07    9.0597613649e-02
 488.0100000    5.2405351469e-03    9.1548900498e-06    2.5015263421e-07    9.0620621011e-02
 488.5100000    5.2387637142e-03    9.1486955189e-06    2.4950162275e-07    9.0643594906e-02
 489.0100000    5.2368074325e-03    9.1418563104e-06    2.4852016010e-07    9.0666572272e-02
 489.5100000    5.2346448117e-03    9.1342974318e-06    2.4720089899e-07    9.0689604284e-02
 490.0100000    5.2322513924e-03    9.1259348845e-06    2.4881745442e-07    9.0712727788e-02
 490.5100000    5.2296175739e-03    9.1167374546e-06    2.5077931977e-07    9.0735946085e-02
 491.0100000    5.2267564069e-03    9.1067528255e-06    2.5246325871e-07    9.0759230943e-02
 491.5100000    5.2271582179e-03    9.1082285675e-06    2.5386356940e-07    9.0782543536e-02
 492.0100000    5.2280481358e-03    9.1113300206e-06    2.5495498952e-07    9.0805860385e-02
 492.5100000    5.2287448364e-03    9.1137568948e-06    2.5571048136e-07    9.0829187328e-02
 493.0100000    5.2292263852e-03    9.1154323155e-06    2.5611104505e-07    9.0852552616e-02
 493.5100000    5.2294588986e-03    9.1162385466e-06    2.5614772598e-07    9.0875984833e-02
 494.0100000    5.2294243431e-03    9.1161132691e-06    2.5582349851e-07    9.0899490664e-02
 494.5100000    5.2291362285e-03    9.1151037147e-06    2.5515397286e-07    9.0923046351e-02
 495.0100000    5.2286317491e-03    9.1133392848e-06    2.5416113177e-07    9.0946607849e-02
 495.5100000    5.2279467927e-03    9.1109449416e-06    2.5286333598e-07    9.0970132758e-02
 496.0100000    5.2270922548e-03    9.1079590805e-06    2.5327675593e-07    9.0993600043e-02
 496.5100000    5.2260480528e-03    9.1043125949e-06    2.5544997910e-07    9.1017015990e-02
 497.0100000    5.2247781466e-03    9.0998807667e-06    2.5731497583e-07    9.1040403305e-02
 497.5100000    5.2232557061e-03    9.0945705802e-06    2.5885311386e-07    9.1063780443e-02
 498.0100000    5.2214812471e-03    9.0883839339e-06    2.6004282684e-07    9.1087144244e-02
 498.5100000    5.2194816290e-03    9.0814145586e-06    2.6086460783e-07    9.1110466716e-02
 499.0100000    5.2172908062e-03    9.0737814792e-06    2.6131669633e-07    9.1133708431e-02
 499.5100000    5.2160280947e-03    9.0705893345e-06    2.6142065160e-07    9.1156840240e-02
 500.0100000    5.2155826623e-03    9.0690547343e-06    2.6120405193e-07    9.1179859384e-02
 500.5100000    5.2146046018e-03    9.0656674753e-06    2.6067529352e-07    9.1202790070e-02
 501.0100000    5.2130533507e-03    9.0602868629e-06    2.5981695731e-07    9.1225668370e-02
 501.5100000    5.2110281584e-03    9.0525558332e-06    2.5860459863e-07    9.1248521012e-02
 502.0100000    5.2114967978e-03    9.0536720403e-06    2.5818771474e-07    9.1271351448e-02
 502.5100000    5.2117359279e-03    9.0544990453e-06    2.6044800156e-07    9.1294142012e-02
 503.0100000    5.2117875930e-03    9.0546748536e-06    2.6239234240e-07    9.1316870780e-02
 503.5100000    5.2116671471e-03    9.0542541021e-06    2.6402216758e-07    9.1339532080e-02
 504.0100000    5.2113582007e-03    9.0531797793e-06    2.6533349186e-07    9.1362147207e-02
 504.5100000    5.2108293113e-03    9.0513411638e-06    2.6630916036e-07    9.1384757480e-02
 505.0100000    5.2100598007e-03    9.0486647660e-06    2.6691512487e-07    9.1407403029e-02
 505.5100000    5.2090562238e-03    9.0451730820e-06    2.6711271565e-07    9.1430101221e-02
 506.0100000    5.2078485837e-03    9.0409719028e-06    2.6688613815e-07    9.1452839497e-02
 506.5100000    5.2064702492e-03    9.0361795249e-06    2.6626158631e-07    9.1475587830e-02
 507.0100000    5.2049366087e-03    9.0308510463e-06    2.6529372580e-07    9.1498322937e-02
 507.5100000    5.2032370942e-03    9.0249499024e-06    2.6402616009e-07    9.1521047964e-02
 508.0100000    5.2013447404e-03    9.0183816226e-06    2.6331825852e-07    9.1543794059e-02
 508.5100000    5.1992353057e-03    9.0110615045e-06    2.6571793437e-07    9.1566602518e-02
 509.0100000    5.1969024707e-03    9.0029682728e-06    2.6775483674e-07    9.1589499105e-02
 509.5100000    5.1943595310e-03    8.9941497808e-06    2.6940152091e-07    9.1612477205e-02
 510.0100000    5.1935650609e-03    8.9926080474e-06    2.7065894443e-07    9.1635500964e-02
 510.5100000    5.1947066795e-03    8.9965899325e-06    2.7154608530e-07    9.1658526850e-02
 511.0100000    5.1952273395e-03    8.9984161252e-06    2.7208183073e-07    9.1681529920e-02
 511.5100000    5.1952297296e-03    8.9984446745e-06    2.7226828843e-07    9.1704517526e-02
 512.0100000    5.1946966639e-03    8.9966176384e-06    2.7208455671e-07    9.1727521125e-02
 512.5100000    5.1943860922e-03    8.9942848087e-06    2.7149763665e-07    9.1750571362e-02
 513.0100000    5.1942333468e-03    8.9937519886e-06    2.7048742374e-07    9.1773672944e-02
 513.5100000    5.1938551590e-03    8.9924374729e-06    2.6906886072e-07    9.1796796061e-02
 514.0100000    5.1932824874e-03    8.9904490478e-06    2.6846956959e-07    9.1819890137e-02
 514.5100000    5.1925347594e-03    8.9878546811e-06    2.7085730228e-07    9.1842910985e-02
 515.0100000    5.1916093843e-03    8.9846458836e-06    2.7293826505e-07    9.1865843825e-02
 515.5100000    5.1904854233e-03    8.9807502887e-06    2.7465838767e-07    9.1888707536e-02
 516.0100000    5.1891391326e-03    8.9760857432e-06    2.7596725732e-07    9.1911537435e-02
 516.5100000    5.1875612962e-03    8.9706207222e-06    2.7684325496e-07    9.1934357364e-02
 517.0100000    5.1857645099e-03    8.9652714904e-06    2.7729670617e-07    9.1957158696e-02
 517.5100000    5.1851534589e-03    8.9636117627e-06    2.7735309965e-07    9.1979900158e-02
 518.0100000    5.1839472917e-03    8.9594533160e-06    2.7703324715e-07    9.2002529630e-02
 518.5100000    5.1821936050e-03    8.9533984735e-06    2.7634429468e-07    9.2025014633e-02
 519.0100000    5.1799902632e-03    8.9457902516e-06    2.7528261170e-07    9.2047361787e-02
 519.5100000    5.1772925077e-03    8.9364778725e-06    2.7384166128e-07    9.2069612096e-02
 520.0100000    5.1754039423e-03    8.9286214826e-06    2.7405082751e-07    9.2091814832e-02
 520.5100000    5.1759667889e-03    8.9305629964e-06    2.7638833973e-07    9.2113997163e-02
 521.0100000    5.1762899644e-03    8.9316767323e-06    2.7837449401e-07    9.2136149630e-02
 521.5100000    5.1764187950e-03    8.9321192386e-06    2.7999862948e-07    9.2158236870e-02
 522.0100000    5.1763849461e-03    8.9320003530e-06    2.8124003599e-07    9.2180226174e-02
 522.5100000    5.1761894485e-03    8.9313239761e-06    2.8207592099e-07    9.2202114938e-02
 523.0100000    5.1758056906e-03    8.9299979242e-06    2.8249233754e-07    9.2223939022e-02
 523.5100000    5.1752006811e-03    8.9279076352e-06    2.8248773642e-07    9.2245756307e-02
 524.0100000    5.1743606116e-03    8.9250053088e-06    2.8206711462e-07    9.2267615881e-02
 524.5100000    5.1733030130e-03    8.9213524047e-06    2.8123488695e-07    9.2289532905e-02
 525.0100000    5.1720664988e-03    8.9170837005e-06    2.7999520526e-07    9.2311485933e-02
 525.5100000    5.1706851871e-03    8.9123178405e-06    2.7835892268e-07    9.2333438560e-02
 526.0100000    5.1691664329e-03    8.9070798753e-06    2.7975858277e-07    9.2355370637e-02
 526.5100000    5.1674879935e-03    8.9012921289e-06    2.8207244395e-07    9.2377297588e-02
 527.0100000    5.1656157447e-03    8.8948367308e-06    2.8401279339e-07    9.2399264271e-02
 527.5100000    5.1635278258e-03    8.8876397384e-06    2.8556072212e-07    9.2421317272e-02
 528.0100000    5.1626428918e-03    8.8859746600e-06    2.8669282117e-07    9.2443474634e-02
 528.5100000    5.1627770731e-03    8.8864631274e-06    2.8738764222e-07    9.2465713345e-02
 529.0100000    5.1620879998e-03    8.8841114931e-06    2.8763430904e-07    9.2487982436e-02
 529.5100000    5.1607387653e-03    8.8794827118e-06    2.8743663946e-07    9.2510232925e-02
 530.0100000    5.1588999099e-03    8.8731669494e-06    2.8680990435e-07    9.2532444701e-02
 530.5100000    5.1587721237e-03    8.8713001837e-06    2.8577209599e-07    9.2554632655e-02
 531.0100000    5.1589912505e-03    8.8720505021e-06    2.8433522950e-07    9.2576828587e-02
 531.5100000    5.1589529665e-03    8.8719156686e-06    2.8310564092e-07    9.2599051090e-02
 532.0100000    5.1586768209e-03    8.8709638467e-06    2.8568264491e-07    9.2621283364e-02
 532.5100000    5.1582044450e-03    8.8693380119e-06    2.8786598048e-07    9.2643474079e-02
 533.0100000    5.1575725570e-03    8.8671634203e-06    2.8963520339e-07    9.2665561171e-02
 533.5100000    5.1567903284e-03    8.8644706351e-06    2.9098050943e-07    9.2687502877e-02
 534.0100000    5.1558362596e-03    8.8611855832e-06    2.9189590814e-07    9.2709295677e-02
 534.5100000    5.1546756410e-03    8.8571898677e-06    2.9237353215e-07    9.2730967698e-02
 535.0100000    5.1532855937e-03    8.8524065052e-06    2.9240363509e-07    9.2752552227e-02
 535.5100000    5.1516703786e-03    8.8468517907e-06    2.9197899703e-07    9.2774058938e-02
 536.0100000    5.1498574918e-03    8.8406211292e-06    2.9110012389e-07    9.2795462088e-02
 536.5100000    5.1478787049e-03    8.8338236226e-06    2.8977843381e-07    9.2816713871e-02
 537.0100000    5.1457499292e-03    8.8265133855e-06    2.8803566972e-07    9.2837774400e-02
 537.5100000    5.1434634065e-03    8.8186637089e-06    2.8911179718e-07    9.2858638845e-02
 538.0100000    5.1409963342e-03    8.8101973989e-06    2.9152888261e-07    9.2879344100e-02
 538.5100000    5.1395328116e-03    8.8052092708e-06    2.9353288085e-07    9.2899950056e-02
 539.0100000    5.1401455411e-03    8.8073079765e-06    2.9509539376e-07    9.2920507185e-02
 539.5100000    5.1405177467e-03    8.8085832968e-06    2.9619955402e-07    9.2941031659e-02
 540.0100000    5.1406987119e-03    8.8092035427e-06    2.9684354121e-07    9.2961503917e-02
 540.5100000    5.1407301752e-03    8.8093108750e-06    2.9703786334e-07    9.2981890817e-02
 541.0100000    5.1406229920e-03    8.8089419517e-06    2.9679457476e-07    9.3002176597e-02
 541.5100000    5.1403551065e-03    8.8080213011e-06    2.9611581981e-07    9.3022382284e-02
 542.0100000    5.1398915269e-03    8.8064296113e-06    2.9499237278e-07    9.3042560963e-02
 542.5100000    5.1392117107e-03    8.8040971830e-06    2.9341514063e-07    9.3062772217e-02
 543.0100000    5.1383251581e-03    8.8010570613e-06    2.9258202561e-07    9.3083051806e-02
 543.5100000    5.1372651194e-03    8.7974233739e-06    2.9515135887e-07    9.3103395351e-02
 544.0100000    5.1360660393e-03    8.7933141175e-06    2.9734015140e-07    9.3123766085e-02
 544.5100000    5.1347412207e-03    8.7887748399e-06    2.9912930732e-07    9.3144121629e-02
 545.0100000    5.1332758323e-03    8.7837549698e-06    3.0048701064e-07    9.3164442514e-02
 545.5100000    5.1316387612e-03    8.7781486248e-06    3.0138034341e-07    9.3184743734e-02
 546.0100000    5.1298039310e-03    8.7718675537e-06    3.0178523375e-07    9.3205061643e-02
 546.5100000    5.1277662467e-03    8.7648953621e-06    3.0169095112e-07    9.3225425016e-02
 547.0100000    5.1255421481e-03    8.7572889976e-06    3.0110306568e-07    9.3245829616e-02
 547.5100000    5.1231557764e-03    8.7491313471e-06    3.0004465234e-07    9.3266233275e-02
 548.0100000    5.1217716314e-03    8.7444276715e-06    2.9854864601e-07    9.3286574556e-02
 548.5100000    5.1224875574e-03    8.7468731282e-06    2.9664029743e-07    9.3306802488e-02
 549.0100000    5.1230181386e-03    8.7486859365e-06    2.9904329581e-07    9.3326898406e-02
 549.5100000    5.1233238307e-03    8.7497307341e-06    3.0144166297e-07    9.3346876388e-02
 550.0100000    5.1233816281e-03    8.7499282397e-06    3.0335405954e-07    9.3366762652e-02
 550.5100000    5.1232016400e-03    8.7493123870e-06    3.0477314188e-07    9.3386567440e-02
 551.0100000    5.1228210388e-03    8.7480102067e-06    3.0572295806e-07    9.3406267564e-02
 551.5100000    5.1222808089e-03    8.7461624504e-06    3.0622329705e-07    9.3425811244e-02
 552.0100000    5.1216014837e-03    8.7438401616e-06    3.0626312948e-07    9.3445142531e-02
 552.5100000    5.1207734955e-03    8.7410110655e-06    3.0580789344e-07    9.3464229859e-02
 553.0100000    5.1197673268e-03    8.7375741046e-06    3.0483160705e-07    9.3483079950e-02
 553.5100000    5.1185556482e-03    8.7334355903e-06    3.0334193161e-07    9.3501727775e-02
 554.0100000    5.1171324049e-03    8.7285750763e-06    3.0137657801e-07    9.3520209663e-02
 554.5100000    5.1155167190e-03    8.7230588274e-06    3.0271223855e-07    9.3538537416e-02
 555.0100000    5.1137401533e-03    8.7169957791e-06    3.0516029537e-07    9.3556690704e-02
 555.5100000    5.1118269303e-03    8.7104693743e-06    3.0718581789e-07    9.3574632880e-02
 556.0100000    5.1097806924e-03    8.7034923155e-06    3.0875039092e-07    9.3592339268e-02
 556.5100000    5.1075858653e-03    8.6960117344e-06    3.0981365822e-07    9.3609819038e-02
 557.0100000    5.1052211336e-03    8.6879556400e-06    3.1034846617e-07    9.3627116128e-02
 557.5100000    5.1039084555e-03    8.6835072314e-06    3.1035283543e-07    9.3644288264e-02
 558.0100000    5.1043929959e-03    8.6851553457e-06    3.0984978927e-07    9.3661377433e-02
 558.5100000    5.1046759936e-03    8.6861175120e-06    3.0887214123e-07    9.3678390799e-02
 559.0100000    5.1048044395e-03    8.6865536953e-06    3.0744155608e-07    9.3695304516e-02
 559.5100000    5.1048049200e-03    8.6865543390e-06    3.0555857065e-07    9.3712087635e-02
 560.0100000    5.1046709746e-03    8.6860974251e-06    3.0630468501e-07    9.3728730241e-02
 560.5100000    5.1043727500e-03    8.6850812827e-06    3.0884226483e-07    9.3745257470e-02
 561.0100000    5.1038809593e-03    8.6834061132e-06    3.1090760884e-07    9.3761719716e-02
 561.5100000    5.1031880791e-03    8.6810462924e-06    3.1248923409e-07    9.3778164738e-02
 562.0100000    5.1023129381e-03    8.6780661908e-06    3.1358805948e-07    9.3794609333e-02
 562.5100000    5.1012871239e-03    8.6745738800e-06    3.1420571893e-07    9.3811028558e-02
 563.0100000    5.1001339060e-03    8.6706491243e-06    3.1433574742e-07    9.3827369342e-02
 563.5100000    5.0988543746e-03    8.6662960011e-06    3.1396269751e-07    9.3843580120e-02
 564.0100000    5.0974293756e-03    8.6614495792e-06    3.1307076063e-07    9.3859637653e-02
 564.5100000    5.0958344286e-03    8.6560269303e-06    3.1165731925e-07    9.3875553772e-02
 565.0100000    5.0940561903e-03    8.6499832220e-06    3.0974137983e-07    9.3891358049e-02
 565.5100000    5.0920991200e-03    8.6433342106e-06    3.1001121029e-07    9.3907067714e-02
 566.0100000    5.0899791218e-03    8.6361344596e-06    3.1260221743e-07    9.3922664212e-02
 566.5100000    5.0877105238e-03    8.6284332016e-06    3.1477090843e-07    9.3938091794e-02
 567.0100000    5.0861103116e-03    8.6230202397e-06    3.1648042538e-07    9.3953279193e-02
 567.5100000    5.0867088312e-03    8.6250503426e-06    3.1768076627e-07    9.3968170805e-02
 568.0100000    5.0871137796e-03    8.6264242090e-06    3.1833425738e-07    9.3982748076e-02
 568.5100000    5.0873002069e-03    8.6270571807e-06    3.1843022512e-07    9.3997027636e-02
 569.0100000    5.0872641818e-03    8.6269355266e-06    3.1798090432e-07    9.4011037365e-02
 569.5100000    5.0870263060e-03    8.6261286458e-06    3.1700825034e-07    9.4024785866e-02
 570.0100000    5.0866198909e-03    8.6247493777e-06    3.1553288834e-07    9.4038245444e-02
 570.5100000    5.0860721568e-03    8.6228903815e-06    3.1356777678e-07    9.4051359981e-02
 571.0100000    5.0853904446e-03    8.6205771481e-06    3.1379551348e-07    9.4064073149e-02
 571.5100000    5.0845616273e-03    8.6177656635e-06    3.1645226849e-07    9.4076359080e-02
 572.0100000    5.0835640794e-03    8.6143828605e-06    3.1858318474e-07    9.4088235373e-02
 572.5100000    5.0823835982e-03    8.6103807067e-06    3.2015321292e-07    9.4099749833e-02
 573.0100000    5.0810229521e-03    8.6057687425e-06    3.2118386720e-07    9.4110949336e-02
 573.5100000    5.0794999310e-03    8.6006075281e-06    3.2171817748e-07    9.4121850685e-02
 574.0100000    5.0778365957e-03    8.5949722117e-06    3.2176788100e-07    9.4132432286e-02
 574.5100000    5.0760473134e-03    8.5889120323e-06    3.2129512241e-07    9.4142651940e-02
 575.0100000    5.0741325618e-03    8.5824293768e-06    3.2024830260e-07    9.4152479402e-02
 575.5100000    5.0720811197e-03    8.5754871171e-06    3.1861674622e-07    9.4161922492e-02
 576.0100000    5.0698783108e-03    8.5680362962e-06    3.1644946690e-07    9.4171028907e-02
 576.5100000    5.0677924963e-03    8.5609978268e-06    3.1705214991e-07    9.4179861828e-02
 577.0100000    5.0682225196e-03    8.5624511100e-06    3.1957661714e-07    9.4188464505e-02
 577.5100000    5.0684747026e-03    8.5633025138e-06    3.2167744720e-07    9.4196836846e-02
 578.0100000    5.0685911382e-03    8.5636947437e-06    3.2328951014e-07    9.4204939838e-02
 578.5100000    5.0685910010e-03    8.5636932647e-06    3.2434496170e-07    9.4212724946e-02
 579.0100000    5.0684623690e-03    8.5632580755e-06    3.2481311098e-07    9.4220168771e-02
 579.5100000    5.0681742778e-03    8.5622842414e-06    3.2470930388e-07    9.4227289204e-02
 580.0100000    5.0676996690e-03    8.5606797643e-06    3.2407263139e-07    9.4234131389e-02
 580.5100000    5.0670336028e-03    8.5584276817e-06    3.2293445962e-07    9.4240732282e-02
 581.0100000    5.0661958775e-03    8.5555952265e-06    3.2130046354e-07    9.4247087042e-02
 581.5100000    5.0652182296e-03    8.5522904241e-06    3.1915588260e-07    9.4253140189e-02
 582.0100000    5.0641255138e-03    8.5485980665e-06    3.2033808646e-07    9.4258808438e-02
 582.5100000    5.0629226102e-03    8.5445351156e-06    3.2283580671e-07    9.4264020861e-02
 583.0100000    5.0615941061e-03    8.5400495530e-06    3.2482034758e-07    9.4268749879e-02
 583.5100000    5.0601156516e-03    8.5350589819e-06    3.2629372433e-07    9.4273011732e-02
 584.0100000    5.0584692054e-03    8.5295025286e-06    3.2725478722e-07    9.4276835235e-02
 584.5100000    5.0566527993e-03    8.5233741233e-06    3.2768154926e-07    9.4280219507e-02
 585.0100000    5.0546797166e-03    8.5167196634e-06    3.2753964981e-07    9.4283109766e-02
 585.5100000    5.0525690117e-03    8.5096045863e-06    3.2680895517e-07    9.4285408790e-02
 586.0100000    5.0503341490e-03    8.5020750747e-06    3.2550223704e-07    9.4287017274e-02
 586.5100000    5.0503461768e-03    8.5021258293e-06    3.2365759398e-07    9.4287876670e-02
 587.0100000    5.0507442346e-03    8.5034670355e-06    3.2131214391e-07    9.4287986298e-02
 587.5100000    5.0509250794e-03    8.5040761806e-06    3.2331421279e-07    9.4287383609e-02
 588.0100000    5.0508854304e-03    8.5039423341e-06    3.2570679130e-07    9.4286101256e-02
 588.5100000    5.0506535580e-03    8.5031610824e-06    3.2756172990e-07    9.4284129700e-02
 589.0100000    5.0502720194e-03    8.5018760742e-06    3.2886341431e-07    9.4281409991e-02
 589.5100000    5.0497723945e-03    8.5001937699e-06    3.2961954664e-07    9.4277861671e-02
 590.0100000    5.0491585236e-03    8.4981270620e-06    3.2984128914e-07    9.4273427535e-02
 590.5100000    5.0484083796e-03    8.4956017581e-06    3.2952398778e-07    9.4268105638e-02
 591.0100000    5.0474921333e-03    8.4925175356e-06    3.2864573206e-07    9.4261947003e-02
 591.5100000    5.0463936685e-03    8.4888203877e-06    3.2718558250e-07    9.4255019823e-02
 592.0100000    5.0451214511e-03    8.4845391656e-06    3.2514585970e-07    9.4247363539e-02
 592.5100000    5.0437027668e-03    8.4797661391e-06    3.2287691080e-07    9.4238963410e-02
 593.0100000    5.0421667625e-03    8.4745999040e-06    3.2556416242e-07    9.4229762432e-02
 593.5100000    5.0405283659e-03    8.4690912230e-06    3.2780368822e-07    9.4219702031e-02
 594.0100000    5.0387830047e-03    8.4632251807e-06    3.2955113875e-07    9.4208763238e-02
 594.5100000    5.0369136655e-03    8.4569448641e-06    3.3075407206e-07    9.4196979615e-02
 595.0100000    5.0349037270e-03    8.4501945762e-06    3.3137205288e-07    9.4184412591e-02
 595.5100000    5.0327467205e-03    8.4429528411e-06    3.3138908250e-07    9.4171105425e-02
 596.0100000    5.0312872689e-03    8.4380607275e-06    3.3081462369e-07    9.4157046391e-02
 596.5100000    5.0315893642e-03    8.4390738119e-06    3.2967508622e-07    9.4142165543e-02
 597.0100000    5.0317970508e-03    8.4397701729e-06    3.2799918280e-07    9.4126366791e-02
 597.5100000    5.0319050571e-03    8.4401325565e-06    3.2580386050e-07    9.4109573466e-02
 598.0100000    5.0318793080e-03    8.4400465713e-06    3.2490912727e-07    9.4091756522e-02
 598.5100000    5.0316819343e-03    8.4393846040e-06    3.2747932268e-07    9.4072926298e-02
 599.0100000    5.0312960348e-03    8.4380893798e-06    3.2949566971e-07    9.4053093771e-02
 599.5100000    5.0307351449e-03    8.4362062748e-06    3.3094265051e-07    9.4032228215e-02
 600.0100000    5.0300332455e-03    8.4338499088e-06    3.3184345138e-07    9.4010240663e-02
